# 2pt_covariance
6.070843444217900467e-12 4.680915950072095470e-12 3.748917509256102097e-12 3.023186043569010725e-12 2.737426812472143801e-12 2.364263581042113227e-12 1.840316728343055803e-12 1.602248709714173865e-12 1.325378593486321588e-12 1.137017938678384372e-12 9.505246650994121855e-13 8.018356485722388628e-13 6.700428919828823998e-13 5.546288611304012344e-13 4.533965083971248625e-13 3.640891863579174253e-13 2.866424337029240525e-13 2.203906363497008978e-13 1.643970474146281888e-13 1.193339382395403960e-13 -5.542734538704521935e-12 -4.169875764507323370e-12 -3.279312684369715135e-12 -2.643167960295002625e-12 -2.454849051235411655e-12 -2.155549879291210633e-12 -1.676402684573616284e-12 -1.487012451230256620e-12 -1.235611990848307121e-12 -1.065013529033502847e-12 -8.857098036518579659e-13 -7.406487719971643149e-13 -6.098052506636662189e-13 -4.943290281394579088e-13 -3.933075266998570699e-13 -3.054112992915400016e-13 -2.312875036310314147e-13 -1.701276368548797778e-13 -1.206564963979298018e-13 -8.269154626731016093e-14 -1.240230941756921518e-11 -9.224082873253731713e-12 -7.227576464660460216e-12 -5.898325786605778542e-12 -5.608447872665750012e-12 -4.984414923687840505e-12 -3.875339430469653440e-12 -3.461240619624448709e-12 -2.861972426134834001e-12 -2.450793358429661324e-12 -2.008668960090347720e-12 -1.649960867394871428e-12 -1.327717622222630793e-12 -1.046506781621090177e-12 -8.051454515719557356e-13 -6.014321966873744435e-13 -4.360844082154389581e-13 -3.061524235165699631e-13 -2.068577404524400949e-13 -1.318623255300333044e-13 -1.820491651501203922e-11 -1.356285447281276348e-11 -1.068102451537755157e-11 -8.801625292959755181e-12 -8.422369249008335814e-12 -7.495329238659311900e-12 -5.819283314361824537e-12 -5.180412325364334150e-12 -4.250719699874250084e-12 -3.606092547450890566e-12 -2.917042138312554177e-12 -2.360203687261709873e-12 -1.865946664151572553e-12 -1.441485294414965021e-12 -1.084442844930450749e-12 -7.903012406169665781e-13 -5.583832251737823803e-13 -3.814615896769678977e-13 -2.464568892961732860e-13 -1.447597532820540172e-13 2.826480339037591718e-13 5.342988637642632774e-13 8.548233629276404709e-13 1.244610860853578152e-12 1.364768666286225066e-12 1.167098943036146303e-12 9.468562663047565008e-13 9.490764228214348591e-13 7.757466905485973794e-13 6.958393939537383058e-13 5.824027260600641458e-13 4.943085032008036364e-13 4.170533086977207481e-13 3.527814642125925121e-13 2.998094936245103522e-13 2.560511991918118668e-13 2.204434314230145180e-13 1.908444782407225453e-13 1.658414213108586480e-13 1.448188229951772189e-13 -2.950864555773197337e-13 -5.583171710790140234e-13 -8.865418312205356527e-13 -1.282933337596338042e-12 -1.379542070842503790e-12 -1.138905223475095884e-12 -8.835112878680796961e-13 -8.790460016784186188e-13 -6.949018321428327670e-13 -6.199202623114441168e-13 -5.138841794932944782e-13 -4.374887489270916865e-13 -3.725467016614681185e-13 -3.197216689659333470e-13 -2.764940433028392350e-13 -2.405032345706860571e-13 -2.105753531433385960e-13 -1.844205032917845555e-13 -1.610284380972031252e-13 -1.400027090074965211e-13 -7.154761429230128461e-13 -1.342908753655179523e-12 -2.124182457116068145e-12 -3.050487584844310472e-12 -3.225314136104833560e-12 -2.580609945190533436e-12 -1.935373577388507551e-12 -1.940966053093210498e-12 -1.510593334076832827e-12 -1.362128957514239923e-12 -1.137367231095772262e-12 -9.834522507452023905e-13 -8.522989074012817179e-13 -7.444065306572978004e-13 -6.535334351709010347e-13 -5.751836855761510527e-13 -5.064817478164400615e-13 -4.433914481390831536e-13 -3.838670438429776141e-13 -3.267066847251105887e-13 -1.067155892852831063e-12 -1.979986617283275684e-12 -3.137743898246583641e-12 -4.482260360202839603e-12 -4.710130953379464556e-12 -3.723569029214692721e-12 -2.768522269644936215e-12 -2.806382266211105122e-12 -2.188723232003038123e-12 -1.996697664080100387e-12 -1.685116198610315993e-12 -1.474235855405000489e-12 -1.291172739469174741e-12 -1.136959813819786990e-12 -1.002826984970295447e-12 -8.831056599114850699e-13 -7.747710392115685927e-13 -6.726662790058498846e-13 -5.736510267234362288e-13 -4.814171998941998249e-13
4.680915950072095470e-12 3.616750712348240146e-12 2.892442299215120565e-12 2.335382765087224329e-12 2.113144535689748970e-12 1.825277451431114362e-12 1.421260308853406302e-12 1.237204013276404237e-12 1.023480562637871700e-12 8.779856209555342988e-13 7.340020192736880829e-13 6.192204692926294003e-13 5.174963471726310124e-13 4.283552312465738224e-13 3.501907206119819495e-13 2.812453287531892171e-13 2.214513694219367628e-13 1.702608139834103343e-13 1.269924847065038562e-13 9.217130774685513311e-14 -4.277150387417162009e-12 -3.217759326028965656e-12 -2.530540372184261901e-12 -2.039647894340103999e-12 -1.894328240555265768e-12 -1.663368671911661459e-12 -1.293626157780221544e-12 -1.147479794048543292e-12 -9.534821299426556940e-13 -8.218367756800640528e-13 -6.834738460046539426e-13 -5.715349023439526722e-13 -4.705671531597405312e-13 -3.814578625448327452e-13 -3.035028111982862336e-13 -2.356761189270416347e-13 -1.784771575688478396e-13 -1.312820458799003773e-13 -9.310675079432556415e-14 -6.381041679774401776e-14 -9.570464221243439635e-12 -7.117928774601693394e-12 -5.577288844980531223e-12 -4.551548743057173845e-12 -4.327859267017894178e-12 -3.846313063732740387e-12 -2.990475092370962077e-12 -2.670928330184306478e-12 -2.208492302878043804e-12 -1.891198617353366191e-12 -1.550025403843924644e-12 -1.273221877541452224e-12 -1.024557102941411213e-12 -8.075557314085759394e-13 -6.213049393263502810e-13 -4.641059723820316511e-13 -3.365123810972796168e-13 -2.362480301806263693e-13 -1.596255048973970324e-13 -1.017539495671526184e-13 -1.404814992916254089e-11 -1.046601959674400228e-11 -8.242203895449567559e-12 -6.791931814502181742e-12 -6.499272104986485488e-12 -5.783905072415490053e-12 -4.490554206804957704e-12 -3.997557965847868346e-12 -3.280144011230568656e-12 -2.782705928278845432e-12 -2.250987831996072528e-12 -1.821293468632134023e-12 -1.439891186946655263e-12 -1.112347990705254647e-12 -8.368297924880239565e-13 -6.098501771270963301e-13 -4.308864743515742886e-13 -2.943617187918391654e-13 -1.901829197394637119e-13 -1.117065089011948453e-13 2.179486956701915714e-13 4.126202964882944596e-13 6.594511134689852575e-13 9.608862066861057236e-13 1.053243085750193147e-12 9.007067383236330265e-13 7.308688217353661381e-13 7.325277885316510821e-13 5.988142005759307126e-13 5.371465332308757320e-13 4.496094061993441744e-13 3.816307574261721650e-13 3.219955486908575318e-13 2.723491182531492414e-13 2.314704230297741885e-13 1.977011754730154153e-13 1.702054768596050630e-13 1.473327533106925693e-13 1.280412252694608024e-13 1.118313875312227307e-13 -2.277088676579724014e-13 -4.308354084458854676e-13 -6.841159006598211064e-13 -9.899984616598366739e-13 -1.064548364653822014e-12 -8.788566306862320115e-13 -6.817773050005138054e-13 -6.783315941550395182e-13 -5.362334443677642672e-13 -4.783725758270625560e-13 -3.965479323259550090e-13 -3.375960322592596821e-13 -2.874823348894590724e-13 -2.467189522234238056e-13 -2.133615786888988926e-13 -1.855886275818907092e-13 -1.624942429515835769e-13 -1.423113833418834418e-13 -1.242604747722391850e-13 -1.080355946548599913e-13 -5.521101967094565113e-13 -1.036279587238702073e-12 -1.639163405141761956e-12 -2.353963369127387750e-12 -2.488871442067191821e-12 -1.991373911942485581e-12 -1.493465679941281149e-12 -1.497781225328749571e-12 -1.165676401649276446e-12 -1.051111209086128722e-12 -8.776697959165365944e-13 -7.588985505698727126e-13 -6.576917194095081945e-13 -5.744346319481823964e-13 -5.043107760848480215e-13 -4.438507916962726286e-13 -3.908357144723876112e-13 -3.421509539002209131e-13 -2.962178746993966979e-13 -2.521090550298035667e-13 -8.234902355598688695e-13 -1.527892188157536609e-12 -2.421296175721986509e-12 -3.458816504074930801e-12 -3.634656927293752478e-12 -2.873358763030262233e-12 -2.136379794996653991e-12 -2.165595146915458045e-12 -1.688967485409818177e-12 -1.540787517938096301e-12 -1.300350098185240926e-12 -1.137620510818111842e-12 -9.963565733604416419e-13 -8.773554032399268926e-13 -7.738493985392850040e-13 -6.814642979866317510e-13 -5.978659512402950685e-13 -5.190749826510164389e-13 -4.426680820448989340e-13 -3.714941885123215559e-13
3.748917509256102097e-12 2.892442299215120565e-12 2.316964545688485499e-12 1.868937026240554643e-12 1.691714183043279361e-12 1.461332351270841375e-12 1.137671390707210396e-12 9.904287204671596210e-13 8.193145350512189006e-13 7.028590982511568982e-13 5.875784077174280955e-13 4.956707452693645540e-13 4.142261281519673597e-13 3.428870807800755309e-13 2.803158657988155646e-13 2.251255751965197577e-13 1.772588888729226980e-13 1.362999871783818660e-13 1.016735951071851062e-13 7.380671748262330412e-14 -3.421877749920094948e-12 -2.574325901918617616e-12 -2.024525444719569630e-12 -1.631793403195416277e-12 -1.515532322872164141e-12 -1.330756168811647661e-12 -1.034948545853221934e-12 -9.180260721096161001e-13 -7.628207936808999537e-13 -6.574996577930036294e-13 -5.468042185065069511e-13 -4.572489435576723202e-13 -3.764710310161937445e-13 -3.051803112529315193e-13 -2.428134010957136571e-13 -1.885495417850026710e-13 -1.427882771585230922e-13 -1.050304579459488675e-13 -7.448882171607042256e-14 -5.105067643696721373e-14 -7.656723645469231084e-12 -5.694605019975457029e-12 -4.462036363523026688e-12 -3.641406535059466965e-12 -3.462446707799715578e-12 -3.077192020588156770e-12 -2.392490142588058342e-12 -2.136840966817699591e-12 -1.766875110833421751e-12 -1.513028472598203941e-12 -1.240077346693376791e-12 -1.018624338770992531e-12 -8.196833695192997023e-13 -6.460742689270144630e-13 -4.970667772768939792e-13 -3.713017951100178784e-13 -2.692222381205334039e-13 -1.890070778946805845e-13 -1.277062439203068104e-13 -8.140686957560819273e-14 -1.123903702493425413e-11 -8.373200916583582301e-12 -6.594066491610827923e-12 -5.433795453962845740e-12 -5.199656898987499737e-12 -4.627336945868898672e-12 -3.592608656088143825e-12 -3.198193514785795821e-12 -2.624235925211818624e-12 -2.226267140013930248e-12 -1.800873099376804784e-12 -1.457101789773584212e-12 -1.151965920385789904e-12 -8.899192733908349200e-13 -6.694945683773195101e-13 -4.879024883410937392e-13 -3.447249563320097301e-13 -2.355001360917818908e-13 -1.521532676994347108e-13 -8.936924187943664557e-14 1.744282032517190238e-13 3.299906121457446461e-13 5.278110135829796825e-13 7.687039407038891187e-13 8.427542798562787878e-13 7.207779304136652705e-13 5.848346545809788413e-13 5.862159206863512227e-13 4.792220987222714676e-13 4.298922317094504884e-13 3.598492755941053719e-13 3.054527494383992417e-13 2.577416711820397676e-13 2.180253184925529133e-13 1.852952911721173063e-13 1.582619306428135878e-13 1.362504293946628117e-13 1.179521701205512677e-13 1.024999275780123063e-13 8.951698599693021394e-14 -1.821753012524195547e-13 -3.446842402587327913e-13 -5.473178775027143287e-13 -7.920352519636607473e-13 -8.516778543905535555e-13 -7.031176326431924598e-13 -5.454469481687233197e-13 -5.426902420196516760e-13 -4.290064960418508571e-13 -3.827156671385021522e-13 -3.172529417228711437e-13 -2.700892482704620063e-13 -2.299964506669664210e-13 -1.973842440412709371e-13 -1.706971201485922465e-13 -1.484777353141060599e-13 -1.300013758420029051e-13 -1.138543470581368482e-13 -9.941295938932014214e-14 -8.643245755776370866e-14 -4.417081629451137863e-13 -8.290618243464907097e-13 -1.311391113885782552e-12 -1.883257366595524175e-12 -1.991188741977421420e-12 -1.593172395441609328e-12 -1.194827528312796612e-12 -1.198280106780614028e-12 -9.325840324534724193e-13 -8.409276570645975035e-13 -7.021681438195095910e-13 -6.071467665808291534e-13 -5.261775830038704901e-13 -4.595688519051193034e-13 -4.034671919150693387e-13 -3.550969740767785304e-13 -3.126829554955715244e-13 -2.737333560959610921e-13 -2.369852114325521425e-13 -2.016965390042495618e-13 -6.588220941967916425e-13 -1.222369918356568106e-12 -1.937126223715195939e-12 -2.767180503732851044e-12 -2.907859317255712260e-12 -2.298792739732174456e-12 -1.709182480669087991e-12 -1.732555826673568793e-12 -1.351236159414336225e-12 -1.232686728717913714e-12 -1.040327943880964234e-12 -9.101382740829804352e-13 -7.971219316860516570e-13 -7.019166208119751403e-13 -6.191080140389580571e-13 -5.451965265237591329e-13 -4.783147663281483866e-13 -4.152790933926665132e-13 -3.541507716480438863e-13 -2.972090501677801473e-13
3.023186043569010725e-12 2.335382765087224329e-12 1.868937026240554643e-12 1.508986128464260880e-12 1.365144924339931674e-12 1.179395404080163866e-12 9.184129215472134172e-13 7.994855021896607648e-13 6.613991630101138728e-13 5.673848715444576750e-13 4.743332448792316048e-13 4.001548677659468358e-13 3.344309784327086927e-13 2.768412750556086492e-13 2.263379203698253319e-13 1.817919939850694332e-13 1.431577805193211832e-13 1.100920063362798608e-13 8.212645295490436939e-14 5.961449617948169252e-14 -2.760740003192141893e-12 -2.076942837819608630e-12 -1.633368806951183450e-12 -1.316516163090621432e-12 -1.222717765021329695e-12 -1.073642039082345441e-12 -8.349871236507605964e-13 -7.406551257848418389e-13 -6.154369036459479701e-13 -5.304647556548459349e-13 -4.411566737544352903e-13 -3.689042888545166081e-13 -3.037334043749901707e-13 -2.462166874813572263e-13 -1.958996292718358772e-13 -1.521200272073966196e-13 -1.152002658617285301e-13 -8.473760853914871678e-14 -6.009689934919740868e-14 -4.118721622801426378e-14 -6.177375328789544815e-12 -4.594355788516851164e-12 -3.599930547094684713e-12 -2.937853840660961902e-12 -2.793470655277916152e-12 -2.482650661089243170e-12 -1.930239384679687021e-12 -1.723983938381058567e-12 -1.425498818057921710e-12 -1.220697634021732068e-12 -1.000483139963134229e-12 -8.218168599169215728e-13 -6.613130909383448444e-13 -5.212468193674733703e-13 -4.010289206942532851e-13 -2.995628424443543353e-13 -2.172059960477431790e-13 -1.524891451518917324e-13 -1.030321956906828046e-13 -6.567827963249845466e-14 -9.067553335111020782e-12 -6.755422714945584379e-12 -5.320033152591272215e-12 -4.383936993208813126e-12 -4.195036106821185418e-12 -3.733293554544769562e-12 -2.898484147294383050e-12 -2.580273578427539912e-12 -2.117209765499395965e-12 -1.796132140097591646e-12 -1.452928088862381470e-12 -1.175576504488449342e-12 -9.293956401157433738e-13 -7.179787335692413788e-13 -5.401420701107882839e-13 -3.936351808498246932e-13 -2.781208666931610596e-13 -1.899992825806401365e-13 -1.227557906681639873e-13 -7.210219582554963253e-14 1.406722491906037017e-13 2.663348761187253512e-13 4.257092205505674824e-13 6.203304484254869481e-13 6.799019409503238849e-13 5.814950170705345182e-13 4.718671364320894842e-13 4.729639156711186257e-13 3.866617683692647296e-13 3.468686671270640188e-13 2.903643622192403202e-13 2.464927366561529480e-13 2.080040338677801122e-13 1.759487949412207432e-13 1.495430788665321758e-13 1.277317903536922823e-13 1.099687172065514468e-13 9.519710192102456497e-14 8.272386476150080934e-14 7.225294224345798301e-14 -1.469771583470497905e-13 -2.780881966287510465e-13 -4.415710783621743224e-13 -6.390069273265103613e-13 -6.871259562596783863e-13 -5.672689145623734578e-13 -4.400616725739506547e-13 -4.378375732311757331e-13 -3.461185614515695980e-13 -3.087715341045417101e-13 -2.559568013283096118e-13 -2.179055558388447743e-13 -1.855590559554127105e-13 -1.592478227516735769e-13 -1.377168963238999983e-13 -1.197904955870019317e-13 -1.048839337957025213e-13 -9.185665945464256601e-14 -8.020548326894935762e-14 -6.973293119880153636e-14 -3.563657379998231160e-13 -6.688795898758302734e-13 -1.058018552041046291e-12 -1.519395031007710324e-12 -1.606473024709646730e-12 -1.285357025424183496e-12 -9.639760512092785210e-13 -9.667615386656098586e-13 -7.524003622166036127e-13 -6.784528224805791236e-13 -5.665029049240144540e-13 -4.898405059337778490e-13 -4.245153100442055349e-13 -3.707759931171034045e-13 -3.255136891880794389e-13 -2.864890289089553954e-13 -2.522697756203877978e-13 -2.208455927421915396e-13 -1.911975344319614105e-13 -1.627269618263920444e-13 -5.315311775585611473e-13 -9.861968938596515169e-13 -1.562856110053027329e-12 -2.232536167474483160e-12 -2.346034564215838414e-12 -1.854645131211237415e-12 -1.378952965681960040e-12 -1.397810355574848037e-12 -1.090165106966490064e-12 -9.945204961124746507e-13 -8.393271709683836967e-13 -7.342913106801395887e-13 -6.431107579660725192e-13 -5.662999819404195557e-13 -4.994907564081656346e-13 -4.398596288169529334e-13 -3.859000226980685031e-13 -3.350434150419515740e-13 -2.857256527767923537e-13 -2.397856042830849850e-13
2.737426812472143801e-12 2.113144535689748970e-12 1.691714183043279361e-12 1.365144924339931674e-12 1.235761472550328668e-12 1.067430388121426350e-12 8.311775519831143225e-13 7.236115125975674761e-13 5.986427018920854867e-13 5.135650074900357730e-13 4.293587400686522546e-13 3.622194229711358997e-13 3.027197918925533921e-13 2.505981873630994137e-13 2.048837577231366802e-13 1.645609570447637348e-13 1.295892117808912675e-13 9.966289900832580540e-14 7.435707402601373714e-14 5.398914448679565321e-14 -2.498850021740875685e-12 -1.879919390434716029e-12 -1.478423783818557600e-12 -1.191628481620778231e-12 -1.106728017614969802e-12 -9.717939467068605948e-13 -7.557783727474033257e-13 -6.703949226037025471e-13 -5.570551875219184687e-13 -4.801436943119651456e-13 -3.993075795250863969e-13 -3.339092173306940218e-13 -2.749205856738284440e-13 -2.228600403709363719e-13 -1.773161706282657039e-13 -1.376896082420030749e-13 -1.042721285478119622e-13 -7.669922000265032567e-14 -5.439597879099848359e-14 -3.728011027947303361e-14 -5.591375681754324186e-12 -4.158524913148942925e-12 -3.258433080303022230e-12 -2.659162443665634997e-12 -2.528475782832075751e-12 -2.247140868718993199e-12 -1.747132561493533355e-12 -1.560442972429223089e-12 -1.290272831002183608e-12 -1.104899556143991447e-12 -9.055750990955326910e-13 -7.438575005648702441e-13 -5.985794751271993755e-13 -4.718002190172518314e-13 -3.629864616389033454e-13 -2.711457043788481417e-13 -1.966014006253846068e-13 -1.380237243424791405e-13 -9.325836541836344106e-14 -5.944792537862608795e-14 -8.207384935882323644e-12 -6.114588192344414624e-12 -4.815362905590677329e-12 -3.968066914343915144e-12 -3.797085603457409189e-12 -3.379144978995369724e-12 -2.623527452248838293e-12 -2.335503052333567019e-12 -1.916366527706931041e-12 -1.625747053248638288e-12 -1.315100098753439804e-12 -1.064058709001607899e-12 -8.412311175735002480e-13 -6.498697246569773072e-13 -4.889030500838915940e-13 -3.562941642616873231e-13 -2.517377794953188688e-13 -1.719755969429537638e-13 -1.111109678661423915e-13 -6.526249471147913778e-14 1.273612150936491886e-13 2.409822255829106245e-13 3.853557612096968591e-13 5.613002986414685441e-13 6.153636922010694941e-13 5.262534589081621450e-13 4.270118994328143621e-13 4.280146939973129114e-13 3.499017375036424389e-13 3.138922982490225782e-13 2.627628410389113105e-13 2.230548280911816253e-13 1.882238347870780630e-13 1.592268278416718143e-13 1.353331929043840900e-13 1.155965758505295818e-13 9.952481971633838375e-14 8.616101877734764000e-14 7.487421690554929749e-14 6.539415171853485487e-14 -1.330347451392454733e-13 -2.517080743655693271e-13 -3.996826808848760478e-13 -5.783892587112151232e-13 -6.219436708830087725e-13 -5.134565360351782818e-13 -3.983164284703876099e-13 -3.963033224804549975e-13 -3.132849773482134881e-13 -2.794807767883299306e-13 -2.316761666086782834e-13 -1.972345508107496975e-13 -1.679565075696254053e-13 -1.441412169020400167e-13 -1.246527596722453705e-13 -1.084268990568911037e-13 -9.493440873338402294e-14 -8.314292905158257572e-14 -7.259700602069775123e-14 -6.311790419238136321e-14 -3.225603932219381922e-13 -6.054281642513099086e-13 -9.576524907110881636e-13 -1.375261792297191917e-12 -1.454079419794955970e-12 -1.163425213052988298e-12 -8.725311132141927643e-13 -8.750523792662275797e-13 -6.810259752795596588e-13 -6.140932689368398554e-13 -5.127631698138555850e-13 -4.433731464984743494e-13 -3.842448385157754719e-13 -3.356033501652747849e-13 -2.946347240420100217e-13 -2.593120351344603958e-13 -2.283389020472615002e-13 -1.998956864675309925e-13 -1.730601002091414944e-13 -1.472903031846287914e-13 -4.811093332003219190e-13 -8.926441180982127529e-13 -1.414599926816041721e-12 -2.020752801669362606e-12 -2.123484483963106483e-12 -1.678709375759819177e-12 -1.248142392838245359e-12 -1.265210939074978901e-12 -9.867496017553198531e-13 -9.001780551647566019e-13 -7.597067151991383233e-13 -6.646348015175841143e-13 -5.821038331010866295e-13 -5.125794939368838834e-13 -4.521079344286236576e-13 -3.981335554086262768e-13 -3.492926838164730532e-13 -3.032604457663364163e-13 -2.586210660196213159e-13 -2.170389806298218605e-13
2.364263581042113227e-12 1.825277451431114362e-12 1.461332351270841375e-12 1.179395404080163866e-12 1.067430388121426350e-12 9.222180965853824735e-13 7.181010057556757905e-13 6.252033767538705188e-13 5.172533056733541716e-13 4.437646169763731134e-13 3.710175154061130334e-13 3.130144310327263299e-13 2.616139243797649688e-13 2.165820092042380650e-13 1.770819085192388991e-13 1.422375451882734455e-13 1.120203627851655240e-13 8.616277223408079329e-14 6.429015466079151501e-14 4.668267146211312315e-14 -2.158296852978936285e-12 -1.623716532886777870e-12 -1.276938339064434676e-12 -1.029228649353664451e-12 -9.558987455421458448e-13 -8.393540269438212807e-13 -6.527779080094839199e-13 -5.790308480238422860e-13 -4.811374921846701213e-13 -4.147077926037826265e-13 -3.448883400732594333e-13 -2.884027259984128769e-13 -2.374533030424546060e-13 -1.924877651433245790e-13 -1.531507947372695329e-13 -1.189246851698718892e-13 -9.006148523247479797e-14 -6.624633170960119087e-14 -4.698267128078954016e-14 -3.219942146531694562e-14 -4.829360857498635821e-12 -3.591784672875414609e-12 -2.814360913258488935e-12 -2.296761263895519449e-12 -2.183885081431345703e-12 -1.940891603874893993e-12 -1.509026410095110736e-12 -1.347779612026632482e-12 -1.114429310228872367e-12 -9.543194247802698384e-13 -7.821596979529959693e-13 -6.424816165345562990e-13 -5.170026602068591900e-13 -4.075013616751552834e-13 -3.135171707860324191e-13 -2.341928054021076503e-13 -1.698077114653537683e-13 -1.192132477943006691e-13 -8.054869814702897063e-14 -5.134607885803338172e-14 -7.088850007654531510e-12 -5.281267904544671823e-12 -4.159106172355320464e-12 -3.427283046299406447e-12 -3.279603725206169527e-12 -2.918621709931231519e-12 -2.265982743655454803e-12 -2.017211446542924316e-12 -1.655196481446124042e-12 -1.404183767647871029e-12 -1.135873021050254798e-12 -9.190445424767546563e-13 -7.265847704586442926e-13 -5.613028204744678646e-13 -4.222733148554038834e-13 -3.077368485660398056e-13 -2.174298456308256459e-13 -1.485379819116742242e-13 -9.596823291043621929e-14 -5.636815967371297474e-14 1.099732840728575896e-13 2.081536801684220006e-13 3.328072910847520469e-13 4.848221895940867821e-13 5.314668152995729256e-13 4.545273131327240482e-13 3.687995374371282042e-13 3.696657885324851046e-13 3.022003591639786428e-13 2.711031771058400194e-13 2.269434591587262911e-13 1.926550476808534006e-13 1.625779354808258672e-13 1.375356217960393498e-13 1.168988991108776584e-13 9.985481995028810794e-14 8.597832042141999963e-14 7.443677871722882200e-14 6.468653604111679874e-14 5.649919310177661177e-14 -1.149040079432940836e-13 -2.174043757121017995e-13 -3.452123098555870089e-13 -4.995641375108951251e-13 -5.371826955561573283e-13 -4.434806176075444733e-13 -3.440323006158199254e-13 -3.422935343257770678e-13 -2.705892637308782643e-13 -2.413920276671706305e-13 -2.001024206948994875e-13 -1.703546399865253963e-13 -1.450667310141314356e-13 -1.244970823794975125e-13 -1.076645929994328330e-13 -9.365005466246297211e-14 -8.199637205109248959e-14 -7.181188434164109307e-14 -6.270320633156055205e-14 -5.451595332456776386e-14 -2.786001583748294211e-13 -5.229180312928765029e-13 -8.271398912699345937e-13 -1.187835704385644417e-12 -1.255911687798233156e-12 -1.004868973265474707e-12 -7.536191347954230069e-13 -7.557967702112209370e-13 -5.882130647834629040e-13 -5.304022067832736101e-13 -4.428817766723622402e-13 -3.829484881046897116e-13 -3.318784289789531096e-13 -2.898659998893304325e-13 -2.544807482417902182e-13 -2.239719686427093425e-13 -1.972199694865831550e-13 -1.726531093881492678e-13 -1.494747957913171980e-13 -1.272170180277722774e-13 -4.155413011052600721e-13 -7.709909468042991512e-13 -1.221812862167739822e-12 -1.745356590913579907e-12 -1.834087596198921051e-12 -1.449928168569860435e-12 -1.078040616124268296e-12 -1.092782978589910560e-12 -8.522714628026195626e-13 -7.774982260628174839e-13 -6.561708779774490552e-13 -5.740557275295372312e-13 -5.027724160838190400e-13 -4.427231365216414267e-13 -3.904928898645541299e-13 -3.438743441315589802e-13 -3.016896922517171389e-13 -2.619309127124365283e-13 -2.233751794410988016e-13 -1.874600830264014528e-13
1.840316728343055803e-12 1.421260308853406302e-12 1.137671390707210396e-12 9.184129215472134172e-13 8.311775519831143225e-13 7.181010057556757905e-13 5.592886046376317579e-13 4.869356157210982899e-13 4.028920276774783980e-13 3.456613961184794252e-13 2.890134033840206157e-13 2.438421917293143919e-13 2.038140728546655523e-13 1.687443580031222548e-13 1.379824693594995022e-13 1.108446354473071075e-13 8.731116396461731750e-14 6.717168260099864670e-14 5.013020983199120342e-14 3.640726017331038127e-14 -1.680036760516451514e-12 -1.263914859803467735e-12 -9.939797427446433759e-13 -8.011603974840886866e-13 -7.440797726596934635e-13 -6.533603651109173103e-13 -5.081279158344830712e-13 -4.507225727527133936e-13 -3.745215463087953129e-13 -3.228120994774959628e-13 -2.684640396414235444e-13 -2.244951537068561869e-13 -1.848356861772194625e-13 -1.498341267164483012e-13 -1.192138919257836480e-13 -9.257199558717879899e-14 -7.010463284967686648e-14 -5.156671285152628649e-14 -3.657171421854440613e-14 -2.506430589450553368e-14 -3.759215865699428228e-12 -2.795875960710577396e-12 -2.190722646184432822e-12 -1.787818644190953681e-12 -1.699954857549575885e-12 -1.510806652832714123e-12 -1.174639086065378628e-12 -1.049123197278692012e-12 -8.674813240163908830e-13 -7.428504181832278497e-13 -6.088398117129426469e-13 -5.001131963764615206e-13 -4.024393015566266849e-13 -3.172025536807026124e-13 -2.440444544679573443e-13 -1.822976902989464157e-13 -1.321797807785029343e-13 -9.279661609781025453e-14 -6.269979898471078261e-14 -3.996822994162926188e-14 -5.518021577795864865e-12 -4.110984182247809342e-12 -3.237483876738747652e-12 -2.667826485176716579e-12 -2.552871637406354049e-12 -2.271880143841194331e-12 -1.763860380662254385e-12 -1.570214671863019413e-12 -1.288419122808051325e-12 -1.093028676493050990e-12 -8.841732921638790963e-13 -7.153921470012483112e-13 -5.655798119633843411e-13 -4.369229282512509090e-13 -3.287011703127459953e-13 -2.395450058104538922e-13 -1.692492599272113552e-13 -1.156232423954421893e-13 -7.470249904751522332e-14 -4.387746332714605176e-14 8.558337898374741166e-14 1.620351048396826641e-13 2.590334605198826777e-13 3.773916720330818449e-13 4.136840774232285731e-13 3.537850120147187202e-13 2.870731344686353908e-13 2.877396960675632460e-13 2.352287335748948353e-13 2.110268586769066069e-13 1.766605759317426541e-13 1.499767241890042493e-13 1.265707138609233378e-13 1.070799731765054517e-13 9.101807531962855312e-14 7.775155983372269301e-14 6.694952809132499229e-14 5.796396231915690930e-14 5.037080238885182866e-14 4.399729236334500713e-14 -8.944227533995254767e-14 -1.692294250664687364e-13 -2.687162210300934482e-13 -3.888650017743304641e-13 -4.181476137351341106e-13 -3.452091134710440958e-13 -2.677976896009970615e-13 -2.664442197049746509e-13 -2.106290008997793029e-13 -1.879016224856765272e-13 -1.557614386058557177e-13 -1.326055114706135993e-13 -1.129211861678209447e-13 -9.690959545087640792e-14 -8.380704133392790814e-14 -7.289800473449546745e-14 -6.382667845958437710e-14 -5.589898585915660980e-14 -4.880871262966417460e-14 -4.243568478114072210e-14 -2.168647703419374860e-13 -4.070438747922060764e-13 -6.438527741002162289e-13 -9.246214870299742085e-13 -9.776124188513345671e-13 -7.821986197978194789e-13 -5.866235901147319814e-13 -5.883186812457405120e-13 -4.578700886577621497e-13 -4.128696217954611825e-13 -3.447429691067059381e-13 -2.980903844147086729e-13 -2.583370124430821381e-13 -2.256341774932071398e-13 -1.980899940857828105e-13 -1.743416989850984257e-13 -1.535177139987424737e-13 -1.343946595617447168e-13 -1.163524610833206591e-13 -9.902681574618411817e-14 -3.234609347238074344e-13 -6.001459627622666546e-13 -9.510695892035543082e-13 -1.358600523947758393e-12 -1.427669498471889668e-12 -1.128636510381592200e-12 -8.391560508282740345e-13 -8.506316327687145240e-13 -6.634154080056095540e-13 -6.052112800898855882e-13 -5.107690328403578220e-13 -4.468498968832174824e-13 -3.913623560936297018e-13 -3.446194820812621947e-13 -3.039630101787725925e-13 -2.676747352089489796e-13 -2.348378411460588620e-13 -2.038892663982709516e-13 -1.738771525934327657e-13 -1.459205330135158979e-13
1.602248709714173865e-12 1.237204013276404237e-12 9.904287204671596210e-13 7.994855021896607648e-13 7.236115125975674761e-13 6.252033767538705188e-13 4.869356157210982899e-13 4.239889540220634351e-13 3.508352070255695273e-13 3.010213040941176756e-13 2.517081194112613480e-13 2.123814293549520802e-13 1.775284481952450214e-13 1.469925374649020646e-13 1.202046408306489302e-13 9.656823427980931787e-14 7.607324938950104376e-14 5.853494043582465829e-14 4.369063756421879021e-14 3.173541671043493281e-14 -1.462781635466433100e-12 -1.100470828384403546e-12 -8.654425592531924638e-13 -6.975577823556488048e-13 -6.478585780970829726e-13 -5.688706140547305198e-13 -4.424190001708107521e-13 -3.924370689638702799e-13 -3.260900312083219866e-13 -2.810674273575970834e-13 -2.337474247019180310e-13 -1.954644059196128362e-13 -1.609335301812738847e-13 -1.304582215816280465e-13 -1.037976638137769897e-13 -8.060098262491254134e-14 -6.103900284668765424e-14 -4.489832710757377599e-14 -3.184241732129561896e-14 -2.182309753654439442e-14 -3.273090244551672996e-12 -2.434325311284109435e-12 -1.907427819483227592e-12 -1.556625629709508087e-12 -1.480124009542822698e-12 -1.315435636823835994e-12 -1.022739813397174345e-12 -9.134550991781225784e-13 -7.553023710589077463e-13 -6.467881974145322732e-13 -5.301072660502815902e-13 -4.354407088435698446e-13 -3.503975819372404932e-13 -2.761832830976664947e-13 -2.124856744304513765e-13 -1.587237354909730874e-13 -1.150868587444813982e-13 -8.079655578141277291e-14 -5.459172974770357241e-14 -3.479970940858230426e-14 -4.804454769464141532e-12 -3.579369396146458332e-12 -2.818826391492266007e-12 -2.322834643011313742e-12 -2.222745261112418343e-12 -1.978090378601915487e-12 -1.535765545597293106e-12 -1.367161266601584483e-12 -1.121806304930675934e-12 -9.516829101744020087e-13 -7.698358057359723593e-13 -6.228807119801062563e-13 -4.924414633644260615e-13 -3.804219333267212541e-13 -2.861949473363373618e-13 -2.085680734787008166e-13 -1.473626714915926910e-13 -1.006713400797347915e-13 -6.504229134860877025e-14 -3.820341637382839179e-14 7.450546903376650742e-14 1.410614229467668677e-13 2.255181651651332285e-13 3.285405957042038181e-13 3.601458416978516968e-13 3.079934894063792643e-13 2.499038828150119807e-13 2.504830603715712966e-13 2.047586556544262580e-13 1.836855043651674486e-13 1.537675974097250972e-13 1.305397692803420837e-13 1.101674025612243118e-13 9.320640305101206154e-14 7.922760866429590164e-14 6.768212482967502020e-14 5.828452908064212395e-14 5.046576124839277125e-14 4.385625869095710784e-14 3.830866761981278100e-14 -7.787598017860169013e-14 -1.473454055254704082e-13 -2.339669948409235390e-13 -3.385786541150013895e-13 -3.640745628719143591e-13 -3.005681556426698948e-13 -2.331672448894046697e-13 -2.319887995944363022e-13 -1.833913648504154525e-13 -1.636029931016212281e-13 -1.356190395464846763e-13 -1.154575371768618604e-13 -9.831870426578301384e-14 -8.437766356576972893e-14 -7.296947544957346156e-14 -6.347114847748549148e-14 -5.557288703701343040e-14 -4.867036958447168855e-14 -4.249698008437668524e-14 -3.694808476111319691e-14 -1.888207423454136424e-13 -3.544067125940992890e-13 -5.605925052101371056e-13 -8.050534154176300416e-13 -8.511917865553095088e-13 -6.810480588960888822e-13 -5.107639518503096239e-13 -5.122398406155244353e-13 -3.986602989927791763e-13 -3.594790987576276148e-13 -3.001622917061394645e-13 -2.595426182739633836e-13 -2.249299815070838076e-13 -1.964561365601760529e-13 -1.724738486030070027e-13 -1.517965807041632996e-13 -1.336654637035842993e-13 -1.170153204160664204e-13 -1.013062616824976129e-13 -8.622109444898601809e-14 -2.816323468743033025e-13 -5.225376670712877168e-13 -8.280813666070332482e-13 -1.182912149459761480e-12 -1.243049421453179902e-12 -9.826860920556841872e-13 -7.306400011907175099e-13 -7.406316099408072563e-13 -5.776253819965036366e-13 -5.269479613987788797e-13 -4.447185792384359293e-13 -3.890651906323198998e-13 -3.407530600783760865e-13 -3.000547735683806805e-13 -2.646558218754678806e-13 -2.330601903020950507e-13 -2.044696219310966386e-13 -1.775231837673369160e-13 -1.513921077038223102e-13 -1.270507182526681426e-13
1.325378593486321588e-12 1.023480562637871700e-12 8.193145350512189006e-13 6.613991630101138728e-13 5.986427018920854867e-13 5.172533056733541716e-13 4.028920276774783980e-13 3.508352070255695273e-13 2.903403429577584780e-13 2.491413665626405944e-13 2.083491830415262870e-13 1.758123058576404308e-13 1.469735882609919815e-13 1.217053792901980452e-13 9.953668184040234642e-14 7.997364414799621210e-14 6.301216579560020964e-14 4.849582578954410522e-14 3.620471025811217432e-14 2.630255610320308401e-14 -1.210082326266500516e-12 -9.103616502944865102e-13 -7.159351206044243137e-13 -5.770528648018657144e-13 -5.359393330113964517e-13 -4.705967420838515244e-13 -3.659899726732756610e-13 -3.246425518130121602e-13 -2.697571412439983960e-13 -2.325123138848531273e-13 -1.933669659768695294e-13 -1.616974373425878350e-13 -1.331318569810338874e-13 -1.079212424269017341e-13 -8.586636461302306724e-14 -6.667697705388895129e-14 -5.049437199593519831e-14 -3.714203388487199851e-14 -2.634156226626392557e-14 -1.805310563697748773e-14 -2.707655455691642785e-12 -2.013789326305412235e-12 -1.577914740352910387e-12 -1.287714527776432897e-12 -1.224428770180488266e-12 -1.088190738885931880e-12 -8.460588739883251817e-13 -7.556533795680737779e-13 -6.248219536576093724e-13 -5.350538922625958244e-13 -4.385298908017344160e-13 -3.602172244016457141e-13 -2.898655146241903621e-13 -2.284719401556239691e-13 -1.757782597834045888e-13 -1.313038523486503113e-13 -9.520534881848190994e-14 -6.683877548099953905e-14 -4.516089559270605625e-14 -2.878799781955466000e-14 -3.974472806654006978e-12 -2.961024087506784835e-12 -2.331866858079858660e-12 -1.921558957729901389e-12 -1.838760286940209051e-12 -1.636370163702414373e-12 -1.270458080913638923e-12 -1.130980628240487573e-12 -9.280113849078673800e-13 -7.872772530301663311e-13 -6.368446991238429923e-13 -5.152764793587202826e-13 -4.073709519548286282e-13 -3.147031116787123843e-13 -2.367540848706173112e-13 -1.725374800668464719e-13 -1.219054554262438868e-13 -8.328016460777462329e-14 -5.380612170302763005e-14 -3.160373846894698088e-14 6.161834390358624234e-14 1.166889465947371362e-13 1.865416263140577224e-13 2.717668909022750253e-13 2.979070504308943081e-13 2.547627337248097652e-13 2.067105005704634591e-13 2.071878317568285245e-13 1.693637507863953336e-13 1.519273328587401889e-13 1.271768900776376065e-13 1.079637972564816324e-13 9.111607325178594885e-14 7.709146718470337219e-14 6.553286833162244603e-14 5.598689024245915203e-14 4.821820707585177450e-14 4.175237133970095646e-14 3.628510905517257143e-14 3.169777130999090493e-14 -6.442284159525650792e-14 -1.218910625377642544e-13 -1.935486114259036774e-13 -2.800882836588512597e-13 -3.011797590199523085e-13 -2.486442473008471264e-13 -1.928869940043403985e-13 -1.919121366015231831e-13 -1.517100308467843477e-13 -1.353401548307022814e-13 -1.121905005581442814e-13 -9.551195254191119559e-14 -8.133389340210948205e-14 -6.980120353300229661e-14 -6.036380718664580004e-14 -5.250634205210562988e-14 -4.597252701964220557e-14 -4.026243585643854258e-14 -3.515551247659251092e-14 -3.056520356719195170e-14 -1.562017221727792551e-13 -2.931820291845344837e-13 -4.637486587782392224e-13 -6.659783384565211916e-13 -7.041462253908408456e-13 -5.633952742889592020e-13 -4.225281503517096439e-13 -4.237490887334701463e-13 -3.297906992396722331e-13 -2.973781559992034094e-13 -2.483084794557306062e-13 -2.147059667816472155e-13 -1.860727471719215944e-13 -1.625178297604419238e-13 -1.426785393554672071e-13 -1.255733267598665522e-13 -1.105744113227289509e-13 -9.680062244467093683e-14 -8.380533672019738417e-14 -7.132616563695747070e-14 -2.329799526935532211e-13 -4.322679921303543980e-13 -6.850280459805139705e-13 -9.785610309689548978e-13 -1.028309431901981055e-12 -8.129245590268427297e-13 -6.044200477434050347e-13 -6.126855889069119067e-13 -4.778391031908782905e-13 -4.359163398214192102e-13 -3.678922949380462043e-13 -3.218531809300956282e-13 -2.818870899460960664e-13 -2.482195332118121101e-13 -2.189358364004320726e-13 -1.927984369456670159e-13 -1.691469675927674146e-13 -1.468555945469016806e-13 -1.252387205281564950e-13 -1.051023585645882482e-13
1.137017938678384372e-12 8.779856209555342988e-13 7.028590982511568982e-13 5.673848715444576750e-13 5.135650074900357730e-13 4.437646169763731134e-13 3.456613961184794252e-13 3.010213040941176756e-13 2.491413665626405944e-13 2.138202012630072351e-13 1.788355900986582993e-13 1.509233542599917337e-13 1.261794078429097018e-13 1.044968964472294810e-13 8.547110806865880879e-14 6.867970457724165328e-14 5.412334365163490766e-14 4.166356823194174543e-14 3.111206274929114422e-14 2.260764419483955823e-14 -1.038191959608890833e-12 -7.810461566397147472e-13 -6.142376193780291602e-13 -4.950833662791784642e-13 -4.598099590481712802e-13 -4.037491817056503029e-13 -3.140016477419845562e-13 -2.785275692540211156e-13 -2.314385555358659026e-13 -1.994843074029164629e-13 -1.658994999080446871e-13 -1.387285795130887796e-13 -1.142206927606157909e-13 -9.259121629366305993e-14 -7.366920008283281415e-14 -5.720564630081470524e-14 -4.332174430451654756e-14 -3.186607708535187874e-14 -2.259979027003064992e-14 -1.548869603311946697e-14 -2.323037106657980897e-12 -1.727733602949879755e-12 -1.353774346454432156e-12 -1.104796623984222782e-12 -1.050500527219797049e-12 -9.336149014223906791e-13 -7.258774997586466339e-13 -6.483139735080300848e-13 -5.360669680732551104e-13 -4.590503362735110136e-13 -3.762374195455816918e-13 -3.090489466387219253e-13 -2.486905867075048410e-13 -1.960178949473831931e-13 -1.508092748103660184e-13 -1.126524155727365369e-13 -8.168163517574820167e-14 -5.734447771966411578e-14 -3.874590014382797152e-14 -2.469874759949417262e-14 -3.409904976251187704e-12 -2.540415100375049862e-12 -2.000628712368276932e-12 -1.648604416746767667e-12 -1.577567189158545499e-12 -1.403926271086890570e-12 -1.089991434900079352e-12 -9.703265455242927107e-13 -7.961887977836277877e-13 -6.754457464897470750e-13 -5.463818995344064950e-13 -4.420822641520270187e-13 -3.495045595005598795e-13 -2.700000846632513488e-13 -2.031236048833505425e-13 -1.480289098499549280e-13 -1.045890671529490191e-13 -7.145042936485115320e-14 -4.616312319565783349e-14 -2.711456480972413621e-14 5.285267742304986647e-14 1.001097358510527735e-13 1.600294010060086727e-13 2.331452623487278942e-13 2.555684845874829529e-13 2.185527128385502355e-13 1.773250162498504506e-13 1.777326632021192122e-13 1.452825528537641980e-13 1.303220033541777136e-13 1.090824489108130978e-13 9.259611245000019775e-14 7.814442399904741644e-14 6.611770069675605308e-14 5.620660808808167761e-14 4.802278860808569467e-14 4.136441814337309634e-14 3.582045069263093157e-14 3.113170662358971568e-14 2.719735123040448275e-14 -5.527187742082634797e-14 -1.045765576817337607e-13 -1.660553526175747720e-13 -2.403021180828797016e-13 -2.583976557758509243e-13 -2.133247333804628624e-13 -1.654876782610629887e-13 -1.646513102482506284e-13 -1.301598477515563231e-13 -1.161152928251730218e-13 -9.625401044785510834e-14 -8.194462894519917900e-14 -6.978053592945124630e-14 -5.988604724935257971e-14 -5.178921553786262739e-14 -4.504789336293773242e-14 -3.944219883300805014e-14 -3.454321537165403040e-14 -3.016171852026772759e-14 -2.622345664754560617e-14 -1.340138724615004530e-13 -2.515359536545559824e-13 -3.978738007648518895e-13 -5.713770947227873956e-13 -6.041233477973015040e-13 -4.833658680655891531e-13 -3.625086525325828451e-13 -3.635561778732934762e-13 -2.829444249357760531e-13 -2.551360394402831367e-13 -2.130366344816520707e-13 -1.842073184942612877e-13 -1.596413966563050509e-13 -1.394324155841255431e-13 -1.224112595217479955e-13 -1.077358221456970160e-13 -9.486748620094150423e-14 -8.305024192324959338e-14 -7.190090589235473188e-14 -6.119437415081419802e-14 -1.998859750281868644e-13 -3.708650618790241356e-13 -5.877206650159132748e-13 -8.395579343814028023e-13 -8.822396473835777250e-13 -6.974498971911816737e-13 -5.185630865340341204e-13 -5.256545327737668318e-13 -4.099627792364067577e-13 -3.739950837327285972e-13 -3.156337500970581469e-13 -2.761344342055858888e-13 -2.418454574379486177e-13 -2.129603197705800397e-13 -1.878363197236722652e-13 -1.654117058451853858e-13 -1.451198984780789883e-13 -1.259949787495500617e-13 -1.074487359601491951e-13 -9.017269842156416524e-14
9.505246650994121855e-13 7.340020192736880829e-13 5.875784077174280955e-13 4.743332448792316048e-13 4.293587400686522546e-13 3.710175154061130334e-13 2.890134033840206157e-13 2.517081194112613480e-13 2.083491830415262870e-13 1.788355900986582993e-13 1.496081449553154904e-13 1.262815602586732867e-13 1.055928895685004228e-13 8.746019638920944598e-14 7.154699777639322974e-14 5.750071213878682887e-14 4.532366327117356743e-14 3.489735260538934475e-14 2.606579742961736827e-14 1.894556278964073976e-14 -8.679990395626188689e-13 -6.530076749593454988e-13 -5.135443980979209676e-13 -4.139233320123206171e-13 -3.844323757770443157e-13 -3.375617529218682208e-13 -2.625267166644889219e-13 -2.328679797710860267e-13 -1.934983711421014454e-13 -1.667824557676237758e-13 -1.387032769970896603e-13 -1.159865403859851329e-13 -9.549627738473481397e-14 -7.741257347256527523e-14 -6.159248139106574701e-14 -4.782784186186467492e-14 -3.621994447727709808e-14 -2.664221941506046714e-14 -1.889496789883010727e-14 -1.294960945026059419e-14 -1.942216926613059164e-12 -1.444502727294677690e-12 -1.131847375435428165e-12 -9.236850656326622796e-13 -8.782898532095975977e-13 -7.805655247637617980e-13 -6.068829355042839082e-13 -5.420345602027068600e-13 -4.481884489426104342e-13 -3.837973224939773837e-13 -3.145600917537447705e-13 -2.583859593880575918e-13 -2.079222638768352432e-13 -1.638843320506161753e-13 -1.260868555475454139e-13 -9.418515399254641514e-14 -6.829146168067182595e-14 -4.794393078071564623e-14 -3.239424798460276055e-14 -2.064987356325569500e-14 -2.850912345183026955e-12 -2.123959696847422428e-12 -1.672661596965416209e-12 -1.378345347366913888e-12 -1.318953414310303855e-12 -1.173777798981698878e-12 -9.113069269516814850e-13 -8.112589481825880852e-13 -6.656679771161678936e-13 -5.647185897082233024e-13 -4.568124315183131157e-13 -3.696108499720652496e-13 -2.922096024272059520e-13 -2.257384970784234441e-13 -1.698252202614533402e-13 -1.237623492015563035e-13 -8.744366735474606026e-14 -5.973750254853041804e-14 -3.859558930299000667e-14 -2.266970981480540907e-14 4.417571203478928632e-14 8.369580056653545191e-14 1.337812167161175240e-13 1.949087197888741673e-13 2.136534971967449124e-13 1.827041656821169632e-13 1.482365806922593133e-13 1.485744587396035818e-13 1.214444910289418713e-13 1.089371147714583336e-13 9.118068139848076091e-14 7.739188773380670019e-14 6.530657805776351210e-14 5.525472102054041712e-14 4.697418403211701244e-14 4.013808521188783474e-14 3.457705394501967314e-14 2.994566701988095327e-14 2.602902775053890920e-14 2.274307676559606661e-14 -4.621125181908384665e-14 -8.743304549902341257e-14 -1.388335902987713087e-13 -2.009088544461685360e-13 -2.160380293137778453e-13 -1.783540020110314221e-13 -1.383589367796310739e-13 -1.376596887999632419e-13 -1.088224767152556069e-13 -9.708027923979149615e-14 -8.047489574203932748e-14 -6.851128427009741533e-14 -5.834126993575586749e-14 -5.006880492742914066e-14 -4.329930000857627699e-14 -3.766309842194759785e-14 -3.297635877123678826e-14 -2.888047348567574284e-14 -2.521724005019778194e-14 -2.192458605529570754e-14 -1.120450793157995197e-13 -2.103011417796406362e-13 -3.326494768864065421e-13 -4.777100581418474076e-13 -5.050882088700249141e-13 -4.041267599689153395e-13 -3.030818592019706382e-13 -3.039576812374335833e-13 -2.365607660713392081e-13 -2.133110707812866526e-13 -1.781131050517216090e-13 -1.540098481332598056e-13 -1.334710599170977585e-13 -1.165749740739936663e-13 -1.023441237737679057e-13 -9.007446638002157885e-14 -7.931566921380182858e-14 -6.943564851040847336e-14 -6.011403466481693445e-14 -5.116263829089335317e-14 -1.671187391170440926e-13 -3.100684839639482800e-13 -4.913742367148912737e-13 -7.019275142194150593e-13 -7.376123244213842873e-13 -5.831155610743102969e-13 -4.335539783253942269e-13 -4.394829222290100598e-13 -3.427567456841037058e-13 -3.126853103626385778e-13 -2.638912672809796122e-13 -2.308671662577011148e-13 -2.021992424607337289e-13 -1.780492975803381621e-13 -1.570439177362116222e-13 -1.382954239885109463e-13 -1.213301004551489186e-13 -1.053403651402033522e-13 -8.983443242476964335e-14 -7.539047529724196000e-14
8.018356485722388628e-13 6.192204692926294003e-13 4.956707452693645540e-13 4.001548677659468358e-13 3.622194229711358997e-13 3.130144310327263299e-13 2.438421917293143919e-13 2.123814293549520802e-13 1.758123058576404308e-13 1.509233542599917337e-13 1.262815602586732867e-13 1.066236887353379767e-13 8.917715491668519962e-14 7.387656722276817546e-14 6.044495248973161269e-14 4.858830099202962168e-14 3.830782917632178068e-14 2.950177985960879318e-14 2.204110278512425766e-14 1.602487233024400334e-14 -7.322891179927181677e-13 -5.509112274040944502e-13 -4.332527547274882267e-13 -3.492072367732023330e-13 -3.243271385257393065e-13 -2.847846425699168237e-13 -2.214811859475674145e-13 -1.964595357370276871e-13 -1.632452913516567553e-13 -1.407063608210896847e-13 -1.170173074708970768e-13 -9.785228711648767498e-14 -8.056563356961583710e-14 -6.530928579551739950e-14 -5.196263332443515847e-14 -4.035007395412063132e-14 -3.055704126504540033e-14 -2.247676928869650075e-14 -1.594078158448200865e-14 -1.092496787949074857e-14 -1.638555188479804206e-12 -1.218657607247353849e-12 -9.548852988691719025e-13 -7.792687446598102733e-13 -7.409709920744735639e-13 -6.585256671618338690e-13 -5.119980034447429679e-13 -4.572885450556211223e-13 -3.781150948865849393e-13 -3.237914001120465486e-13 -2.653792702059622864e-13 -2.179878500949041916e-13 -1.754140503326112955e-13 -1.382613724114676660e-13 -1.063734576244558504e-13 -7.945953911651291053e-14 -5.761426515204873862e-14 -4.044802236097656252e-14 -2.732949682514450693e-14 -1.742133185863593632e-14 -2.405177893581217443e-12 -1.791882834449744285e-12 -1.411144298302827979e-12 -1.162843800638004137e-12 -1.112737688340873562e-12 -9.902599877174011354e-13 -7.688259066664695110e-13 -6.844202312693790262e-13 -5.615921313774745217e-13 -4.764259855446983376e-13 -3.853907342525452671e-13 -3.118229477931544380e-13 -2.465232345430091397e-13 -1.904447774589039018e-13 -1.432734334600168390e-13 -1.044124234806357139e-13 -7.377208278006466585e-14 -5.039771494149722304e-14 -3.256129380020576916e-14 -1.912539978633747300e-14 3.725885924100033941e-14 7.060999158771588629e-14 1.128551012228892061e-13 1.644272119579369109e-13 1.802377490375085993e-13 1.541266789209668092e-13 1.250486865158844662e-13 1.253314565568665535e-13 1.024428967107166841e-13 9.189052062912090877e-14 7.691340571718035510e-14 6.528072748413851785e-14 5.507722849550326652e-14 4.659318954120277010e-14 3.961010836088940018e-14 3.384898966889791978e-14 2.916245680593568444e-14 2.525912534910689818e-14 2.195901872054394350e-14 1.919075884630466202e-14 -3.898633689549140091e-14 -7.376302468017147708e-14 -1.171272523991951641e-13 -1.694971262221985745e-13 -1.822609295946094240e-13 -1.504687244691163362e-13 -1.167267867245882890e-13 -1.161368722189551531e-13 -9.180829773204261108e-14 -8.190197241814401054e-14 -6.789280664806320714e-14 -5.779968439282976920e-14 -4.921972808246090754e-14 -4.224064651467838419e-14 -3.652953824819445780e-14 -3.177454670449496590e-14 -2.782057063792977009e-14 -2.436506758363744963e-14 -2.127457085960712946e-14 -1.849671711572105225e-14 -9.452727635321000936e-14 -1.774209702944769088e-13 -2.806403564869534266e-13 -4.030210256486444203e-13 -4.261186912281806754e-13 -3.409423706803891978e-13 -2.556956065903640205e-13 -2.564345072786420311e-13 -1.995749591345893881e-13 -1.799603103817212393e-13 -1.502654753980207799e-13 -1.299307210371347730e-13 -1.126031267544444185e-13 -9.834870782336516803e-14 -8.634281848377403538e-14 -7.599150096855254690e-14 -6.691482405531700119e-14 -5.857952413142765859e-14 -5.071531942058034051e-14 -4.316345119448474475e-14 -1.409903415316452173e-13 -2.615899450962877085e-13 -4.145487437816289728e-13 -5.921825568779554630e-13 -6.222881164184184661e-13 -4.919466305481189872e-13 -3.657686732176594423e-13 -3.707706461995103614e-13 -2.891674102907704118e-13 -2.637975856031386085e-13 -2.226323930528895756e-13 -1.947715513998828742e-13 -1.705857952073111203e-13 -1.502116422036788803e-13 -1.324904067776740135e-13 -1.166732071897449090e-13 -1.023603821170808291e-13 -8.887060854464303192e-14 -7.578898966648416547e-14 -6.360330722124096913e-14
6.700428919828823998e-13 5.174963471726310124e-13 4.142261281519673597e-13 3.344309784327086927e-13 3.027197918925533921e-13 2.616139243797649688e-13 2.038140728546655523e-13 1.775284481952450214e-13 1.469735882609919815e-13 1.261794078429097018e-13 1.055928895685004228e-13 8.917715491668519962e-14 7.461579671326092014e-14 6.183286472592081311e-14 5.060112182240573881e-14 4.068577326590919479e-14 3.208724701099105607e-14 2.471888175770563309e-14 1.847487844582307581e-14 1.343766343736427855e-14 -6.119492840428284428e-13 -4.603779074823406905e-13 -3.620546950188112920e-13 -2.918206913721809356e-13 -2.710292357623351354e-13 -2.379849067308925529e-13 -1.850843464356348590e-13 -1.641745992821842371e-13 -1.364185786829579613e-13 -1.175835574651921082e-13 -9.778741630961345697e-14 -8.177185595741549150e-14 -6.732598249809201945e-14 -5.457676987567684067e-14 -4.342342305544562054e-14 -3.371920178034321978e-14 -2.553549241029217818e-14 -1.878308001684823317e-14 -1.332117446256910092e-14 -9.129628267907215446e-15 -1.369285235847959962e-12 -1.018391006243064931e-12 -7.979653972847261753e-13 -6.512085713487807457e-13 -6.192044363557956160e-13 -5.503076625331619135e-13 -4.278594421258643790e-13 -3.821405964627142971e-13 -3.159780213885406068e-13 -2.705815471764712638e-13 -2.217685020822356851e-13 -1.821650922837587913e-13 -1.465876046870740303e-13 -1.155403707660264511e-13 -8.889271793136780450e-14 -6.640167123155606625e-14 -4.814631011950307794e-14 -3.380105774183755431e-14 -2.283834719114190431e-14 -1.455842832115269509e-14 -2.009925941376936741e-12 -1.497415969641737243e-12 -1.179245635507976373e-12 -9.717492925720178356e-13 -9.298773107653086883e-13 -8.275268314048697761e-13 -6.424818456273741052e-13 -5.719468737864795073e-13 -4.693035839640080413e-13 -3.981331145091420598e-13 -3.220580272103325326e-13 -2.605799132555407195e-13 -2.060111495842292873e-13 -1.591482859931642757e-13 -1.197287882345136572e-13 -8.725396354741068250e-14 -6.164886082274923184e-14 -4.211568843855778685e-14 -2.721039215967512537e-14 -1.598247160652395390e-14 3.112228049105109921e-14 5.901208602983859032e-14 9.430088838388904063e-14 1.374059311092962608e-13 1.506130952267581110e-13 1.287930148956126927e-13 1.044948230514339843e-13 1.047292392849407529e-13 8.560192978419092043e-14 7.678315686559599472e-14 6.426802150690472273e-14 5.454942585718880043e-14 4.602326666301841958e-14 3.892430020175109629e-14 3.308477808038257932e-14 2.827454884716527775e-14 2.436250292977427103e-14 2.110442728523605889e-14 1.835075767287198031e-14 1.604030476470147440e-14 -3.257961248293450462e-14 -6.164125366474229852e-14 -9.787929584309644542e-14 -1.416430127011344009e-13 -1.523093095100320494e-13 -1.257416372381049079e-13 -9.754463116975074931e-14 -9.705166242880078562e-14 -7.672109318748262559e-14 -6.844271284317120239e-14 -5.673572578905982394e-14 -4.830124532372345794e-14 -4.113126426384683301e-14 -3.529908150768040322e-14 -3.052650045119131965e-14 -2.655291505513710488e-14 -2.324871124981814117e-14 -2.036106355557888163e-14 -1.777843883350870149e-14 -1.545708041486842178e-14 -7.899333850247799641e-14 -1.482647101749897345e-13 -2.345216533858141158e-13 -3.367910535275865664e-13 -3.560930058358929270e-13 -2.849140340984840843e-13 -2.136761798614316322e-13 -2.142936587441210555e-13 -1.667780521879096661e-13 -1.503867538302074919e-13 -1.255717826966801319e-13 -1.085787177059190728e-13 -9.409863054798659967e-14 -8.218669310953246283e-14 -7.215377525818142243e-14 -6.350353011875191739e-14 -5.591845922223701351e-14 -4.895293028222714210e-14 -4.238107743407890476e-14 -3.607023432718577817e-14 -1.178209770768984047e-13 -2.186019022175116666e-13 -3.464243420373161151e-13 -4.948669674066615708e-13 -5.200251661132512252e-13 -4.111031947043116297e-13 -3.056605254805354229e-13 -3.098405083366663513e-13 -2.416474383668117932e-13 -2.204467333188238636e-13 -1.860463718225126544e-13 -1.627640100953988831e-13 -1.425527884619637481e-13 -1.255267953795333246e-13 -1.107177555400358245e-13 -9.749985778706547830e-14 -8.553911478119209428e-14 -7.426616600544926605e-14 -6.333429586655200065e-14 -5.315112900806771017e-14
5.546288611304012344e-13 4.283552312465738224e-13 3.428870807800755309e-13 2.768412750556086492e-13 2.505981873630994137e-13 2.165820092042380650e-13 1.687443580031222548e-13 1.469925374649020646e-13 1.217053792901980452e-13 1.044968964472294810e-13 8.746019638920944598e-14 7.387656722276817546e-14 6.183286472592081311e-14 5.126767776681229401e-14 4.197281337044104261e-14 3.375942016340289015e-14 2.663581017509569986e-14 2.052811769732092107e-14 1.534977502068176044e-14 1.116950689150907208e-14 -5.065422222658167383e-13 -3.810787216121612371e-13 -2.996914865916318514e-13 -2.415551387815990804e-13 -2.243449810745863941e-13 -1.969924697246324110e-13 -1.532039290621214323e-13 -1.358958488762832501e-13 -1.129207562723555050e-13 -9.733003907398818526e-14 -8.094374752667026777e-14 -6.768683545707326140e-14 -5.572923094372398118e-14 -4.517605444903333468e-14 -3.594384917318425504e-14 -2.791117234994467548e-14 -2.113707800656486049e-14 -1.554774585507611898e-14 -1.102663626809790916e-14 -7.557075277908075957e-15 -1.133428565142051759e-12 -8.429751660762741235e-13 -6.605174383736160519e-13 -5.390391742825988580e-13 -5.125477048394994962e-13 -4.555182637505383229e-13 -3.541615059982748523e-13 -3.163176463844070384e-13 -2.615514604753966075e-13 -2.239744531611984411e-13 -1.835693548619095735e-13 -1.507875518285713550e-13 -1.213382118255362389e-13 -9.563882316253950152e-14 -7.358117898241650149e-14 -5.496419956325140826e-14 -3.985327211682072612e-14 -2.797894680715186481e-14 -1.890453295769306602e-14 -1.205081365608012493e-14 -1.663720178867837175e-12 -1.239489024403409761e-12 -9.761229132775878935e-13 -8.043673935247730622e-13 -7.697077972988356524e-13 -6.849869800816059374e-13 -5.318156161084958964e-13 -4.734301565997756469e-13 -3.884669952854743493e-13 -3.295555101642039590e-13 -2.665841959384261756e-13 -2.156955689726234101e-13 -1.705261738178238210e-13 -1.317353894210951306e-13 -9.910582882190464786e-14 -7.222477118237653790e-14 -5.103007410394140209e-14 -3.486143984544504176e-14 -2.252354429399387889e-14 -1.322962193973885020e-14 2.575666717674679700e-14 4.884649410131672078e-14 7.805281932882726183e-14 1.137305014589423266e-13 1.246621491142944407e-13 1.066002869082137241e-13 8.648851558795347066e-14 8.668088254133704828e-14 7.084773835289108141e-14 6.354819959757658178e-14 5.318999584903553004e-14 4.514616360990114319e-14 3.809204887604828214e-14 3.221640246346024823e-14 2.737512912449939649e-14 2.339079536754171912e-14 2.015506023688686982e-14 1.746176573745544368e-14 1.518600735152566380e-14 1.327781398084993015e-14 -2.696806409698389672e-14 -5.102359820918573203e-14 -8.101981179870749940e-14 -1.172452287736928201e-13 -1.260743597876529923e-13 -1.040829160145654918e-13 -8.074274944756887633e-14 -8.033470735301923245e-14 -6.350603300219982391e-14 -5.665359288423112836e-14 -4.696310964956700655e-14 -3.998145627417487450e-14 -3.404648395926240822e-14 -2.921888323765300609e-14 -2.526836626526092591e-14 -2.197922526457244179e-14 -1.924416623598325237e-14 -1.685390782321123400e-14 -1.471613043959067771e-14 -1.279462210283483087e-14 -6.538730134103153609e-14 -1.227263927997672961e-13 -1.941256910156542077e-13 -2.787794266330733108e-13 -2.947567187549468493e-13 -2.358381976767673784e-13 -1.768708640788614312e-13 -1.773820050165519262e-13 -1.380508563771327144e-13 -1.244829324416186912e-13 -1.039422892710754853e-13 -8.987625802687697968e-14 -7.789032873256343735e-14 -6.803019455462396138e-14 -5.972541942735803641e-14 -5.256516824985684471e-14 -4.628661781484908296e-14 -4.052088609779734449e-14 -3.508100974546667208e-14 -2.985718800239086058e-14 -9.752707076329422556e-14 -1.809482486910589539e-13 -2.867532277622751020e-13 -4.096271266054003004e-13 -4.304518719918408455e-13 -3.402915259580384032e-13 -2.530110934527441091e-13 -2.564710966082151621e-13 -2.000241406838153811e-13 -1.824752183719432832e-13 -1.540002497948526125e-13 -1.347282419260153973e-13 -1.179983539013506926e-13 -1.039050474328179746e-13 -9.164682656396794166e-14 -8.070569402422168676e-14 -7.080517271330267331e-14 -6.147396437576771541e-14 -5.242507285547314142e-14 -4.399591938629945953e-14
4.533965083971248625e-13 3.501907206119819495e-13 2.803158657988155646e-13 2.263379203698253319e-13 2.048837577231366802e-13 1.770819085192388991e-13 1.379824693594995022e-13 1.202046408306489302e-13 9.953668184040234642e-14 8.547110806865880879e-14 7.154699777639322974e-14 6.044495248973161269e-14 5.060112182240573881e-14 4.197281337044104261e-14 3.438987264130516402e-14 2.767649778072575004e-14 2.184880458199308895e-14 1.684814163081712163e-14 1.260619419972438134e-14 9.178424128826780624e-15 -4.141178779544574543e-13 -3.115466094412628336e-13 -2.450093933634028089e-13 -1.974806759407999772e-13 -1.834107075180130014e-13 -1.610489699843258529e-13 -1.252501430337073850e-13 -1.111001180892668741e-13 -9.231709175629073611e-14 -7.957107832017083920e-14 -6.617465111841733596e-14 -5.533661215852913265e-14 -4.556080676719177062e-14 -3.693317800649288289e-14 -2.938549266886948075e-14 -2.281847033425989320e-14 -1.728038373679912459e-14 -1.271088666901454387e-14 -9.014703419511478663e-15 -6.178202915405150636e-15 -9.266217373021745231e-13 -6.891648364931804662e-13 -5.399985806296309087e-13 -4.406853943451554712e-13 -4.190275952157952031e-13 -3.724038189742253609e-13 -2.895407449239103212e-13 -2.586019253401769962e-13 -2.138284507197200843e-13 -1.831077947178668267e-13 -1.500750617960319432e-13 -1.232746681642859320e-13 -9.919869173831729812e-14 -7.818845000706031209e-14 -6.015547239129281881e-14 -4.493537587346764641e-14 -3.258160482977674119e-14 -2.287388167605854458e-14 -1.545519554235111629e-14 -9.852014632849697383e-15 -1.360155664137610063e-12 -1.013330267705692795e-12 -7.980182767924278680e-13 -6.576014872812682786e-13 -6.292659287528330896e-13 -5.600033794598182527e-13 -4.347798569351442594e-13 -3.870474836876114100e-13 -3.175868139289979680e-13 -2.694243958883108448e-13 -2.179429065838421887e-13 -1.763394842956664818e-13 -1.394117560466562335e-13 -1.076987953779763733e-13 -8.102286735748843686e-14 -5.904656928580894202e-14 -4.171907989937085768e-14 -2.850059327089379886e-14 -1.841388473456373397e-14 -1.081574526901002763e-14 2.104452274458968833e-14 3.993642376953942822e-14 6.380181012854608917e-14 9.297394476865255160e-14 1.019072694921602190e-13 8.714079476428607423e-14 7.070056111097587715e-14 7.085582798726245291e-14 5.791134266358488445e-14 5.194368576266445950e-14 4.347695884655423482e-14 3.690116275437387377e-14 3.113513570948757537e-14 2.633568338167510412e-14 2.237876616350750561e-14 1.911318555770945488e-14 1.646582669241008700e-14 1.426520577556336472e-14 1.240815042817336990e-14 1.085222108701034502e-14 -2.204747532539289446e-14 -4.171375481808859216e-14 -6.623683846397221916e-14 -9.585250461603337721e-14 -1.030706752970128531e-13 -8.509181844755048529e-14 -6.601032187003464184e-14 -6.567673402407598300e-14 -5.191864022199994211e-14 -4.631650606886064310e-14 -3.839416055652880038e-14 -3.268638937790874308e-14 -2.783431863131446955e-14 -2.388756813881172511e-14 -2.065786694260253369e-14 -1.796886719664176879e-14 -1.573285092242822498e-14 -1.377872172313388925e-14 -1.203100513866207368e-14 -1.046009779308129712e-14 -5.345672090322181568e-14 -1.003335754534157726e-13 -1.587052564045891213e-13 -2.279129693745415901e-13 -2.409750351217829992e-13 -1.928068652275658139e-13 -1.445987767576551865e-13 -1.450166579738449372e-13 -1.128619191644176461e-13 -1.017696169957689707e-13 -8.497684560017394808e-14 -7.347732248874047365e-14 -6.367835974875512706e-14 -5.561731753036618521e-14 -4.882784101927227192e-14 -4.297405953763881003e-14 -3.784110266405468809e-14 -3.312739351029311926e-14 -2.868008187709594590e-14 -2.440940381621096568e-14 -7.973224655174065558e-14 -1.479322151509253662e-13 -2.344318308747779582e-13 -3.348860388745491918e-13 -3.519110739571065231e-13 -2.782015055597747557e-13 -2.068463632367427131e-13 -2.096750522036275203e-13 -1.635274789178179519e-13 -1.491805560119607493e-13 -1.259011664633710173e-13 -1.101455560973336041e-13 -9.646822327251522079e-14 -8.494639835408511331e-14 -7.492482665040000112e-14 -6.598002862958946697e-14 -5.788597039032477847e-14 -5.025734581993961115e-14 -4.285952416704477752e-14 -3.596836192445053415e-14
3.640891863579174253e-13 2.812453287531892171e-13 2.251255751965197577e-13 1.817919939850694332e-13 1.645609570447637348e-13 1.422375451882734455e-13 1.108446354473071075e-13 9.656823427980931787e-14 7.997364414799621210e-14 6.867970457724165328e-14 5.750071213878682887e-14 4.858830099202962168e-14 4.068577326590919479e-14 3.375942016340289015e-14 2.767649778072575004e-14 2.230172673318229349e-14 1.762524986453584905e-14 1.360139986263352587e-14 1.018519701083421929e-14 7.421632460890236841e-15 -3.325352265778158526e-13 -2.501708559803672647e-13 -1.967416985189023157e-13 -1.585762896485423383e-13 -1.472781637367127699e-13 -1.293217627222099556e-13 -1.005754302422442791e-13 -8.921301301855048657e-14 -7.413031541755530623e-14 -6.389531895174197180e-14 -5.313803723121655886e-14 -4.443512885450308558e-14 -3.658518664519552687e-14 -2.965723951597421086e-14 -2.359647372998560875e-14 -1.832318847705098681e-14 -1.387611166220715025e-14 -1.020681209034480904e-14 -7.238783390368535935e-15 -4.961082898069450698e-15 -7.440740766090631999e-13 -5.533969942233004136e-13 -4.336170087547634921e-13 -3.538688503523609456e-13 -3.364777280353432922e-13 -2.990389955019760911e-13 -2.325002304372431990e-13 -2.076564696575249996e-13 -1.717035391577249662e-13 -1.470349713810200701e-13 -1.205097967008483325e-13 -9.898917045927401200e-14 -7.965623991526229707e-14 -6.278510785310422952e-14 -4.830469178902133530e-14 -3.608303451728819805e-14 -2.616298315654678506e-14 -1.836770100032174686e-14 -1.241051328756472326e-14 -7.911178176259573844e-15 -1.092200333994523194e-12 -8.137007200862663226e-13 -6.408059424180575147e-13 -5.280517314212424886e-13 -5.052983940666824012e-13 -4.496807994715276309e-13 -3.491267301731367360e-13 -3.107978011693759431e-13 -2.550211458235915074e-13 -2.163469008205575987e-13 -1.750074317568887567e-13 -1.416000298285816659e-13 -1.119471974912821357e-13 -8.648184108568086283e-14 -6.506116887801882977e-14 -4.741431823793578651e-14 -3.350038186995681294e-14 -2.288597072231415234e-14 -1.478637156340214509e-14 -8.685102369447791280e-15 1.689257919523365883e-14 3.206839804156720843e-14 5.122847647664809489e-14 7.465402908437257681e-14 8.182845421301817147e-14 6.997076522095926916e-14 5.676982622854213656e-14 5.689396502981443342e-14 4.650041844409188252e-14 4.170861819924203959e-14 3.491088079286496655e-14 2.963058837793357614e-14 2.500052223672036898e-14 2.114606152735468830e-14 1.797059635775119544e-14 1.535030930006783265e-14 1.321605052036185736e-14 1.144376765048596653e-14 9.954567809556421104e-15 8.709727315051502478e-15 -1.770426470077200316e-14 -3.349593292436381703e-14 -5.318798389264099924e-14 -7.696917887611065886e-14 -8.276542505269292388e-14 -6.832846424158139120e-14 -5.300605031210102599e-14 -5.273819370184199464e-14 -4.169048634911338917e-14 -3.719199725153496770e-14 -3.083037951105984641e-14 -2.624706320794826309e-14 -2.235086096119430100e-14 -1.918163395258421774e-14 -1.658819153880270713e-14 -1.442893607040051616e-14 -1.263342480981555566e-14 -1.106426352868230706e-14 -9.660848609348241782e-15 -8.399416066174463451e-15 -4.292595850648792513e-14 -8.056750282090973574e-14 -1.274397070494257771e-13 -1.830132990574872731e-13 -1.935021537756790201e-13 -1.548232918158253171e-13 -1.161123054421087814e-13 -1.164478834566786031e-13 -9.062772764048216438e-14 -8.172065258552673140e-14 -6.823611313262586452e-14 -5.900204705800894830e-14 -5.113350540103871419e-14 -4.466051192233498260e-14 -3.920857831922711955e-14 -3.450801801491349722e-14 -3.038627802983062206e-14 -2.660118444882676945e-14 -2.302999673306180238e-14 -1.960064833683830841e-14 -6.402522625950617696e-14 -1.187891495126226292e-13 -1.882477558799443122e-13 -2.689123545164852131e-13 -2.825833960002233681e-13 -2.233948957983006332e-13 -1.660969088497806524e-13 -1.683683499755990304e-13 -1.313119999322300742e-13 -1.197914732076398211e-13 -1.010982020578733997e-13 -8.844651367726253995e-14 -7.746365335295950221e-14 -6.821166072079581353e-14 -6.016436450018465585e-14 -5.298173057703150958e-14 -4.648223671580875277e-14 -4.035647477631230713e-14 -3.441603548874772340e-14 -2.888243948613275150e-14
2.866424337029240525e-13 2.214513694219367628e-13 1.772588888729226980e-13 1.431577805193211832e-13 1.295892117808912675e-13 1.120203627851655240e-13 8.731116396461731750e-14 7.607324938950104376e-14 6.301216579560020964e-14 5.412334365163490766e-14 4.532366327117356743e-14 3.830782917632178068e-14 3.208724701099105607e-14 2.663581017509569986e-14 2.184880458199308895e-14 1.762524986453584905e-14 1.396242919556793105e-14 1.079512450703852560e-14 8.096077181251120104e-15 5.908643070646375214e-15 -2.617828890233568713e-13 -1.969428899256734136e-13 -1.548816660777620032e-13 -1.248365843076718183e-13 -1.159423135095908566e-13 -1.018064341066088672e-13 -7.917635519264170414e-14 -7.023147636005692435e-14 -5.835786541220434977e-14 -5.030052704673962117e-14 -4.183203179261420175e-14 -3.498081062420723070e-14 -2.880107559190230159e-14 -2.334715698653858747e-14 -1.857591913338769618e-14 -1.442460449311598413e-14 -1.092372487748139969e-14 -8.035135421238194382e-15 -5.698607949617390721e-15 -3.905525949693524501e-15 -5.857600678177028862e-13 -4.356526774431843618e-13 -3.413578513779655608e-13 -2.785774336623478481e-13 -2.648865478984561438e-13 -2.354135221244072402e-13 -1.830319752634373429e-13 -1.634741299960458104e-13 -1.351707663424824545e-13 -1.157508331378841083e-13 -9.486932839143529137e-14 -7.792757108301293518e-14 -6.270804254901475610e-14 -4.942650789436175054e-14 -3.802703660016634252e-14 -2.840571892907616955e-14 -2.059633246664016991e-14 -1.445963433339640301e-14 -9.769941981665968516e-15 -6.227914525146227040e-15 -8.598167322340729013e-13 -6.405725028655362992e-13 -5.044639268075287780e-13 -4.157000376677743893e-13 -3.977878344355178506e-13 -3.540038021560586143e-13 -2.748442734392127357e-13 -2.446704530114083873e-13 -2.007611827218913314e-13 -1.703155121454470440e-13 -1.377717023237461291e-13 -1.114722727403345984e-13 -8.812856399044027320e-14 -6.808135247331316821e-14 -5.121827646473402956e-14 -3.732605551985151799e-14 -2.637255310212241448e-14 -1.801654068554679002e-14 -1.164026923916209586e-14 -6.837138160249754191e-15 1.328710522696215813e-14 2.524839587038745986e-14 4.032485456451983423e-14 5.876912283925638679e-14 6.441491486258707449e-14 5.508051726654968689e-14 4.468818175608716394e-14 4.478478907216408243e-14 3.660296854025368694e-14 3.283063804716133856e-14 2.747946359615649491e-14 2.332274177430294484e-14 1.967893121434508950e-14 1.664541989711865224e-14 1.414635742025883419e-14 1.208665160261740793e-14 1.040807109768073644e-14 9.001738844525591303e-15 7.824622015303631143e-15 6.847563749623364375e-15 -1.393724200492712392e-14 -2.636916907511324045e-14 -4.187134433803225600e-14 -6.059275563842823539e-14 -6.515570036125217588e-14 -5.379044091979097068e-14 -4.172814854264071948e-14 -4.151727374417596257e-14 -3.282015157212355869e-14 -2.927878638150426001e-14 -2.427070854579056935e-14 -2.066256524327285381e-14 -1.759534832496276828e-14 -1.510042646672860385e-14 -1.305878396811427656e-14 -1.135894420666855596e-14 -9.945456061716754219e-15 -8.710161205587947595e-15 -7.605348990701025781e-15 -6.612306530510809712e-15 -3.379248389472467068e-14 -6.342544994395070023e-14 -1.003248589873842315e-13 -1.440742298833058579e-13 -1.523313665357365566e-13 -1.218820601304111167e-13 -9.140751216551531645e-14 -9.167167617821189862e-14 -7.134519098791088472e-14 -6.433323898983803847e-14 -5.371775840004840778e-14 -4.644838399848444131e-14 -4.025400971493236027e-14 -3.515825505077473911e-14 -3.086631503543333423e-14 -2.716587211095350191e-14 -2.392109552207644495e-14 -2.094134379993781065e-14 -1.812999308615482731e-14 -1.543030087462554088e-14 -5.040245928460251499e-14 -9.351474210115485322e-14 -1.481950838528567830e-13 -2.116968146564698275e-13 -2.224591192618753719e-13 -1.758639260488142659e-13 -1.307570649386973361e-13 -1.325452102739362203e-13 -1.033732135078333615e-13 -9.430386633528814724e-14 -7.958789716937366011e-14 -6.962805507441085632e-14 -6.098198523046571193e-14 -5.369851095271525843e-14 -4.736341530699487388e-14 -4.170899937681334276e-14 -3.659237494292874722e-14 -3.176997146200232022e-14 -2.709346792004468584e-14 -2.273724675622566958e-14
2.203906363497008978e-13 1.702608139834103343e-13 1.362999871783818660e-13 1.100920063362798608e-13 9.966289900832580540e-14 8.616277223408079329e-14 6.717168260099864670e-14 5.853494043582465829e-14 4.849582578954410522e-14 4.166356823194174543e-14 3.489735260538934475e-14 2.950177985960879318e-14 2.471888175770563309e-14 2.052811769732092107e-14 1.684814163081712163e-14 1.360139986263352587e-14 1.079512450703852560e-14 8.380735919402584322e-15 6.305952594568152465e-15 4.613313862953522949e-15 -2.012855964890409304e-13 -1.514299366531247050e-13 -1.190889457876409424e-13 -9.598720779697030161e-14 -8.914837052971554839e-14 -7.827925546658575192e-14 -6.087892293521917148e-14 -5.400117760934699163e-14 -4.487151917906791038e-14 -3.867620296696889927e-14 -3.216475096378909625e-14 -2.689682819296521060e-14 -2.214521575378932859e-14 -1.795167579807804751e-14 -1.428305803115758413e-14 -1.109109240694976409e-14 -8.399265460883177644e-15 -6.178227763442849927e-15 -4.381669927708026245e-15 -3.002964437142659991e-15 -4.503925417220875814e-13 -3.349745568068196184e-13 -2.624709986670630291e-13 -2.141989690309794525e-13 -2.036719970319897786e-13 -1.810101058240782088e-13 -1.407337896946938497e-13 -1.256957043185993874e-13 -1.039331575579849192e-13 -8.900110692125903039e-14 -7.294526253251375291e-14 -5.991869986848887776e-14 -4.821636515277243733e-14 -3.800414147505941585e-14 -2.923905405745250323e-14 -2.184117540733715553e-14 -1.583652804893421474e-14 -1.111801403468824005e-14 -7.512102650449015926e-15 -4.788627954465796260e-15 -6.611154706375819550e-13 -4.925379818313375115e-13 -3.878837107151506108e-13 -3.196329179371710931e-13 -3.058601611043244806e-13 -2.721945009557894738e-13 -2.113285272465210403e-13 -1.881277907677081326e-13 -1.543658130248815493e-13 -1.309560439101503683e-13 -1.059330254510173773e-13 -8.571131848967611507e-14 -6.776227101974087926e-14 -5.234788311797356935e-14 -3.938181236183163447e-14 -2.870001446114627238e-14 -2.027785224778489745e-14 -1.385289981130573753e-14 -8.950172048323010765e-15 -5.257023268452945730e-15 1.020353944541919855e-14 1.941164360975125496e-14 3.099594708145171670e-14 4.517530140263241937e-14 4.951328748153473523e-14 4.233775814522613629e-14 3.434782372918494161e-14 3.442169402517156492e-14 2.813151674619188660e-14 2.523261333588869343e-14 2.111923230241682231e-14 1.792489701558567912e-14 1.512600085457974451e-14 1.279581121025081017e-14 1.087532283458852745e-14 9.292255165874342792e-15 8.006526584296139038e-15 6.926169788592732425e-15 6.008323456520822010e-15 5.252072256789245942e-15 -1.071622258508862374e-14 -2.027537855449741316e-14 -3.219497074625322237e-14 -4.658997768906808649e-14 -5.009837928589483954e-14 -4.135960008074866941e-14 -3.208489791540680606e-14 -3.192274584073820564e-14 -2.523550834094383976e-14 -2.251253880332559204e-14 -1.866181494699338851e-14 -1.588750030275290472e-14 -1.352911321348481402e-14 -1.161076079947016395e-14 -1.004093876232773649e-14 -8.733925691475292456e-15 -7.647089148137964373e-15 -6.697269164814342585e-15 -5.847779323087718197e-15 -5.084225724820856162e-15 -2.598284160088866728e-14 -4.876801494578790807e-14 -7.714011402750060462e-14 -1.107791000968475764e-13 -1.171279903288692175e-13 -9.371542430809180448e-14 -7.028350186751706380e-14 -7.048660285489369138e-14 -5.485752003081231771e-14 -4.946600657127741897e-14 -4.130373529089398705e-14 -3.571428457901943501e-14 -3.095141907726476692e-14 -2.703328231117676287e-14 -2.373320310409445415e-14 -2.088791771024226316e-14 -1.839299495786373451e-14 -1.610185655334324373e-14 -1.394020988964675459e-14 -1.186441540866992180e-14 -3.875421557973090422e-14 -7.190367930152291042e-14 -1.139477597541627283e-13 -1.627742578895552075e-13 -1.710494262081013836e-13 -1.352222302931204603e-13 -1.005394784990654168e-13 -1.019143783284263459e-13 -7.948395424226529352e-14 -7.251050569032651322e-14 -6.119535704525807686e-14 -5.353719739648726982e-14 -4.688921696252404415e-14 -4.128893838115814114e-14 -3.641787207787279780e-14 -3.207016988938460197e-14 -2.813597786461794016e-14 -2.442802035692429723e-14 -2.083225410018141838e-14 -1.748275569544754456e-14
1.643970474146281888e-13 1.269924847065038562e-13 1.016735951071851062e-13 8.212645295490436939e-14 7.435707402601373714e-14 6.429015466079151501e-14 5.013020983199120342e-14 4.369063756421879021e-14 3.620471025811217432e-14 3.111206274929114422e-14 2.606579742961736827e-14 2.204110278512425766e-14 1.847487844582307581e-14 1.534977502068176044e-14 1.260619419972438134e-14 1.018519701083421929e-14 8.096077181251120104e-15 6.305952594568152465e-15 4.779148886780790945e-15 3.515669908236762765e-15 -1.501711779366300161e-13 -1.129758510485188309e-13 -8.884752533526239365e-14 -7.161224377264676281e-14 -6.651005426178327855e-14 -5.840104126665932498e-14 -4.541934423232660029e-14 -4.028813003011712549e-14 -3.347685117399328671e-14 -2.885476803625714969e-14 -2.399683114999897416e-14 -2.006664373634423390e-14 -1.652165676488919909e-14 -1.339301895171584291e-14 -1.065600939855582552e-14 -8.274605356833187135e-15 -6.266346455393397438e-15 -4.609323109997803768e-15 -3.268985878945140963e-15 -2.240388733712604183e-15 -3.360199523243668558e-13 -2.499111894971689445e-13 -1.958191668707053921e-13 -1.598053316854931073e-13 -1.519515688390840255e-13 -1.350444336908574474e-13 -1.049958774066723100e-13 -9.377655775796718145e-14 -7.754037972013450200e-14 -6.640016422334293871e-14 -5.442153936084478534e-14 -4.470294036992814477e-14 -3.597229612954006126e-14 -2.835335256088864811e-14 -2.181406810475026501e-14 -1.629479139168894135e-14 -1.181497064939725372e-14 -8.294681912683914409e-15 -5.604458972078866750e-15 -3.572582910146932870e-15 -4.932319434148344542e-13 -3.674629924951473641e-13 -2.893845992906680422e-13 -2.384654040622591616e-13 -2.281900889049073117e-13 -2.030734820856626493e-13 -1.576638062815837770e-13 -1.403546585769292298e-13 -1.151661785561595821e-13 -9.770107572348427079e-14 -7.903240223704814729e-14 -6.394578967071048339e-14 -5.055471627384473242e-14 -3.905463400088296275e-14 -2.938116137876978650e-14 -2.141187662102039491e-14 -1.512844733088113674e-14 -1.033505178778700954e-14 -6.677325065457042419e-15 -3.922008423889465571e-15 7.609694891341642476e-15 1.447437864300942012e-14 2.311983349885459151e-14 3.368874072214886252e-14 3.692524946241280398e-14 3.157380337562052016e-14 2.561266178030996359e-14 2.566712271620019581e-14 2.097580693026390090e-14 1.881482918725567976e-14 1.574628217923775798e-14 1.336446002972906043e-14 1.127849298981709494e-14 9.541045844666676147e-15 8.109896184916942608e-15 6.929381181214634758e-15 5.971981508377524717e-15 5.169376567186022142e-15 4.484773065359610864e-15 3.907490178888909811e-15 -7.994839702109384494e-15 -1.512668723871374117e-14 -2.401937177114528968e-14 -3.475895479094977161e-14 -3.737639414412950693e-14 -3.085673894569352859e-14 -2.393727133127217144e-14 -2.381628955731688092e-14 -1.882721035247714556e-14 -1.679570846570773170e-14 -1.392283735902187493e-14 -1.185302944348272322e-14 -1.009353369058963948e-14 -8.662327245091371579e-15 -7.491147188487335517e-15 -6.516035708544356836e-15 -5.705189157310624941e-15 -4.996567370369318974e-15 -4.362799025986821597e-15 -3.793141741924305113e-15 -1.938456900914608128e-14 -3.638388223302319451e-14 -5.755120365655721477e-14 -8.264789479406321619e-14 -8.738451914426287141e-14 -6.991732878086270925e-14 -5.243573191368847558e-14 -5.258724718648896790e-14 -4.092701579898088928e-14 -3.690461942214557923e-14 -3.081507443394507446e-14 -2.664500198536443965e-14 -2.309162161492209685e-14 -2.016845778199277068e-14 -1.770640359350732300e-14 -1.558364635082188240e-14 -1.372228042051679552e-14 -1.201295387302194842e-14 -1.040024111320411886e-14 -8.851577685919676701e-15 -2.891272817366793764e-14 -5.364443020813103216e-14 -8.501198797841899090e-14 -1.214393894041602385e-13 -1.276131648071644062e-13 -1.008839046406262032e-13 -7.500850960132149091e-14 -7.603426093765194458e-14 -5.929981758211378918e-14 -5.409720356138219444e-14 -4.565542202550609636e-14 -3.994196758860206799e-14 -3.498217837562880368e-14 -3.080403671713770114e-14 -2.716993219717192942e-14 -2.392628055414723845e-14 -2.099113291483582803e-14 -1.822477464693464791e-14 -1.554212338906744373e-14 -1.304320400254098200e-14
1.193339382395403960e-13 9.217130774685513311e-14 7.380671748262330412e-14 5.961449617948169252e-14 5.398914448679565321e-14 4.668267146211312315e-14 3.640726017331038127e-14 3.173541671043493281e-14 2.630255610320308401e-14 2.260764419483955823e-14 1.894556278964073976e-14 1.602487233024400334e-14 1.343766343736427855e-14 1.116950689150907208e-14 9.178424128826780624e-15 7.421632460890236841e-15 5.908643070646375214e-15 4.613313862953522949e-15 3.515669908236762765e-15 2.621362795097194715e-15 -1.089667490051987323e-13 -8.197718955535441950e-14 -6.446926831690731932e-14 -5.196305807158860206e-14 -4.826082153031374228e-14 -4.237678484509938287e-14 -3.295704542033222187e-14 -2.923374895959494120e-14 -2.429136860728396254e-14 -2.093750564144775036e-14 -1.741250395399497830e-14 -1.456069350314068375e-14 -1.198839154720941604e-14 -9.718197697693687484e-15 -7.732177303605310329e-15 -6.004188638311811331e-15 -4.546963755508128331e-15 -3.344600881013288869e-15 -2.372030398518075818e-15 -1.625662950667009046e-15 -2.438217631292828236e-13 -1.813397885879368215e-13 -1.420897007843305029e-13 -1.159574540912228745e-13 -1.102586285734787639e-13 -9.799052524755927625e-14 -7.618678448195926525e-14 -6.804585555747311374e-14 -5.626460774741267211e-14 -4.818107693199175676e-14 -3.948918453810532259e-14 -3.243720496239913753e-14 -2.610210235323537637e-14 -2.057366512042162148e-14 -1.582864922449990941e-14 -1.182376463817449009e-14 -8.573133137442879730e-15 -6.018754034654248867e-15 -4.066683921607569280e-15 -2.592320278812809140e-15 -3.578974438408070620e-13 -2.666373664089676015e-13 -2.099823613641834077e-13 -1.730345332411444100e-13 -1.655785879833140283e-13 -1.473535538117556514e-13 -1.144035261478081040e-13 -1.018437152614375206e-13 -8.356652448279920518e-14 -7.089354870034862273e-14 -5.734724472469299715e-14 -4.640014287325161299e-14 -3.668335245825259139e-14 -2.833869212354440668e-14 -2.131945577678674657e-14 -1.553680199211271701e-14 -1.097744250386553272e-14 -7.499275268810194934e-15 -4.845167841578512441e-15 -2.845861927330465615e-15 5.519796019672109379e-15 1.050047067408446607e-14 1.677247872177098896e-14 2.443822462732487850e-14 2.678749684407506108e-14 2.290514065238623439e-14 1.858012742387668072e-14 1.861998535121901562e-14 1.521703196511303501e-14 1.365020920789551074e-14 1.142417356593695747e-14 9.696221808105884303e-15 8.183553988997839287e-15 6.922718479297609377e-15 5.884610934268168822e-15 5.028541825037805298e-15 4.335056721658904748e-15 3.752306273602679149e-15 3.257971270310121864e-15 2.839722011540413774e-15 -5.801159803574324636e-15 -1.097619011160644952e-14 -1.742885831576838136e-14 -2.522169341188603548e-14 -2.712094025804709282e-14 -2.239016819007009764e-14 -1.736929079431705011e-14 -1.728150246967612766e-14 -1.366134292719324858e-14 -1.218725000871474303e-14 -1.010264633277726455e-14 -8.600758060057302963e-15 -7.324039040354555864e-15 -6.285531412189893593e-15 -5.435703837182056764e-15 -4.728146146421323064e-15 -4.139781862584247634e-15 -3.625594223854987960e-15 -3.165721833210830493e-15 -2.752368773354186494e-15 -1.406571471849211474e-14 -2.640076261260505202e-14 -4.176013713099846669e-14 -5.997071573785301994e-14 -6.340768181833634499e-14 -5.073319103599782004e-14 -3.804825666445964618e-14 -3.815819572738277395e-14 -2.969733608552086731e-14 -2.677861641935747626e-14 -2.235993976852542517e-14 -1.933406298670485572e-14 -1.675567123641297624e-14 -1.463457470237536414e-14 -1.284806756192751633e-14 -1.130775810786143054e-14 -9.957118522583485385e-15 -8.716802442599753746e-15 -7.546592455174700127e-15 -6.422857293749121504e-15 -2.097949236912403703e-14 -3.892529363959668345e-14 -6.168616560991830031e-14 -8.811847379632000605e-14 -9.259827016486977107e-14 -7.320306235686263462e-14 -5.442744539030673019e-14 -5.517174597081491180e-14 -4.302895171258641782e-14 -3.925384649479329881e-14 -3.312834714170421499e-14 -2.898256610775140586e-14 -2.538366041725799710e-14 -2.235193109807976436e-14 -1.971496458613893247e-14 -1.736131489387653782e-14 -1.523152107926106378e-14 -1.322420508006379328e-14 -1.127762992162310914e-14 -9.464374073535694749e-15
-5.542734538704521935e-12 -4.277150387417162009e-12 -3.421877749920094948e-12 -2.760740003192141893e-12 -2.498850021740875685e-12 -2.158296852978936285e-12 -1.680036760516451514e-12 -1.462781635466433100e-12 -1.210082326266500516e-12 -1.038191959608890833e-12 -8.679990395626188689e-13 -7.322891179927181677e-13 -6.119492840428284428e-13 -5.065422222658167383e-13 -4.141178779544574543e-13 -3.325352265778158526e-13 -2.617828890233568713e-13 -2.012855964890409304e-13 -1.501711779366300161e-13 -1.089667490051987323e-13 4.580081558973909451e-11 3.444684274781884371e-11 2.710081307237133035e-11 2.184003782554960402e-11 2.028645663870650316e-11 1.781253984354978318e-11 1.385333107900019265e-11 1.228835990859714206e-11 1.021116086904664217e-11 8.801525744903165026e-12 7.319940385778259330e-12 6.121344068634657148e-12 5.040262882830936041e-12 4.086138936167992016e-12 3.251277655986956884e-12 2.524976499907920429e-12 1.912351128749365630e-12 1.406595308772611275e-12 9.974275090493325689e-13 6.837709669990627902e-13 -3.410887861970264526e-11 -2.536810786479645191e-11 -1.987730833436011054e-11 -1.622159805069368460e-11 -1.542437471289528887e-11 -1.370815691866453833e-11 -1.065797327074249729e-11 -9.519117145068511458e-12 -7.871007481489618191e-12 -6.740181247504059623e-12 -5.524249041233783287e-12 -4.537728677091266407e-12 -3.651494074857638252e-12 -2.878106956559691293e-12 -2.214314108043447354e-12 -1.654061148146719992e-12 -1.199321024695494712e-12 -8.419815803819684760e-13 -5.689009617447970048e-13 -3.626482858305851335e-13 -5.006723077059284930e-11 -3.730061404973892157e-11 -2.937499432390039696e-11 -2.420626341709417308e-11 -2.316323200657226863e-11 -2.061368303577942313e-11 -1.600421514449978032e-11 -1.424718971717430256e-11 -1.169034552451085717e-11 -9.917489477611727951e-12 -8.022460413288359633e-12 -6.491041184581744417e-12 -5.131733638643376526e-12 -3.964378377151994362e-12 -2.982438874358070403e-12 -2.173489528002142971e-12 -1.535667710452316363e-12 -1.049097150180906595e-12 -6.778067063387191937e-13 -3.981188591605778840e-13 -2.585297919725200716e-13 -4.892213307684954296e-13 -7.822993430315895320e-13 -1.139339938596989555e-12 -1.248877224531893967e-12 -1.067707034999894266e-12 -8.659715369290196734e-13 -8.677967359569603346e-13 -7.090317046589019706e-13 -6.358482114251464869e-13 -5.320408447031843983e-13 -4.514462025730836173e-13 -3.807932299433987355e-13 -3.220707765763734040e-13 -2.737199137466808566e-13 -2.337387611620639997e-13 -2.012374041584422677e-13 -1.742321612598447886e-13 -1.514155131845463411e-13 -1.321773843112419169e-13 2.436116141736014652e-12 4.608434151754641482e-12 7.318650870878626943e-12 1.059025206580471298e-11 1.138939562026321789e-11 9.403595233715000155e-12 7.295869391696724002e-12 7.259625852632161273e-12 5.739699580733573765e-12 5.120629304485895541e-12 4.245087369609579935e-12 3.614276648113759520e-12 3.077956013007495565e-12 2.641622782413141954e-12 2.284419709728066381e-12 1.987197599295967600e-12 1.739928668277556962e-12 1.523804224414313561e-12 1.330653210410426891e-12 1.157290830113833991e-12 -1.967705354775758816e-12 -3.693272766504090593e-12 -5.841934663196062180e-12 -8.389462567931352664e-12 -8.870271236940607231e-12 -7.097203319115249301e-12 -5.322671781569593827e-12 -5.338052236954901646e-12 -4.154439541314141065e-12 -3.746132249127385037e-12 -3.127991692091420731e-12 -2.704694130726494052e-12 -2.343995703191232562e-12 -2.047269676041406087e-12 -1.797350139985219812e-12 -1.581872362275754642e-12 -1.392928033662463853e-12 -1.219416850620624836e-12 -1.055712602943277689e-12 -8.985099624471493525e-13 -2.934896382434425375e-12 -5.445366770960225590e-12 -8.629435154426510494e-12 -1.232712952743534325e-11 -1.295382009993268443e-11 -1.024057374754299408e-11 -7.614000491528356202e-12 -7.718123203173393666e-12 -6.019434971200012211e-12 -5.491325523697291943e-12 -4.634412989644836059e-12 -4.054449070699736217e-12 -3.550988188496661925e-12 -3.126871210347986923e-12 -2.757978590304982705e-12 -2.428720548836979302e-12 -2.130778264708576417e-12 -1.849969363202134247e-12 -1.577657234149632949e-12 -1.323995406338073517e-12
-4.169875764507323370e-12 -3.217759326028965656e-12 -2.574325901918617616e-12 -2.076942837819608630e-12 -1.879919390434716029e-12 -1.623716532886777870e-12 -1.263914859803467735e-12 -1.100470828384403546e-12 -9.103616502944865102e-13 -7.810461566397147472e-13 -6.530076749593454988e-13 -5.509112274040944502e-13 -4.603779074823406905e-13 -3.810787216121612371e-13 -3.115466094412628336e-13 -2.501708559803672647e-13 -1.969428899256734136e-13 -1.514299366531247050e-13 -1.129758510485188309e-13 -8.197718955535441950e-14 3.444684274781884371e-11 2.593161661309605975e-11 2.038879684443109571e-11 1.643985011226806200e-11 1.526576833374047031e-11 1.340483145687329814e-11 1.042685868761399372e-11 9.248332358431483263e-12 7.685348050660953911e-12 6.624397115445511275e-12 5.509522272594189046e-12 4.607593849030538224e-12 3.794205345746953933e-12 3.076098808830758786e-12 2.447835413800901028e-12 1.901221404990578395e-12 1.440130810600492520e-12 1.059236047801109554e-12 7.510284186545074688e-13 5.148535520591325480e-13 -2.566058060725694038e-11 -1.908477800832972719e-11 -1.495397366993395945e-11 -1.220373231089142882e-11 -1.160397019264875057e-11 -1.031283583601525314e-11 -8.018140538072827329e-12 -7.161363345267924693e-12 -5.921467688917142233e-12 -5.070731501135819754e-12 -4.155968901286649032e-12 -3.413796000714884349e-12 -2.747069462752145107e-12 -2.165239664783760427e-12 -1.665859136832023624e-12 -1.244373117021743294e-12 -9.022658276125511763e-13 -6.334344161591848813e-13 -4.279920876750317209e-13 -2.728253501112197964e-13 -3.766626939946870697e-11 -2.806176725874339148e-11 -2.209921405458939213e-11 -1.821070637789393256e-11 -1.742601945288309217e-11 -1.550795853558928837e-11 -1.204019215214747300e-11 -1.071835765181485026e-11 -8.794808461261425557e-12 -7.461064373769485452e-12 -6.035407820810785374e-12 -4.883299980872750905e-12 -3.860674140237590904e-12 -2.982456682806622342e-12 -2.243730034225477706e-12 -1.635146297501529676e-12 -1.155304115424590846e-12 -7.892503516739186087e-13 -5.099234159869368199e-13 -2.995103930084040841e-13 -1.944956001398866609e-13 -3.680479359503942552e-13 -5.885346222630544974e-13 -8.571411547982689262e-13 -9.395475985335771970e-13 -8.032507624438362047e-13 -6.514823464163879337e-13 -6.528554738735443110e-13 -5.334143457112767660e-13 -4.783573950821027892e-13 -4.002616780954351213e-13 -3.396292161251620875e-13 -2.864760069008720671e-13 -2.422982945611226984e-13 -2.059232715235649563e-13 -1.758448982862090864e-13 -1.513936783275771347e-13 -1.310772601472427145e-13 -1.139119801798257414e-13 -9.943887053609257164e-14 1.831776099924481668e-12 3.468453839582295140e-12 5.505145556798450920e-12 7.969090234399464996e-12 8.568905218262069213e-12 7.074929888484841683e-12 5.489679094010128281e-12 5.462226169681899588e-12 4.318906851879006214e-12 3.853140035441098482e-12 3.194404788176714255e-12 2.719768704289215707e-12 2.316236540708994533e-12 1.987777591130435183e-12 1.719022028498136751e-12 1.495380291289833393e-12 1.309308442533136249e-12 1.146585003678242979e-12 1.001341107768324835e-12 8.710765271002765759e-13 -1.480332231872186728e-12 -2.778500114570989228e-12 -4.394968100359392928e-12 -6.311508565840610920e-12 -6.673227617551188574e-12 -5.339324138013607143e-12 -4.004319502395837121e-12 -4.015890447773254452e-12 -3.125442256481763597e-12 -2.818267044050033086e-12 -2.353231361973098914e-12 -2.034778767641978479e-12 -1.763420351069153734e-12 -1.540189258199516977e-12 -1.352171332853074456e-12 -1.190064428620541076e-12 -1.047919005202834252e-12 -9.173841440883037880e-13 -7.942271677689044417e-13 -6.759614428320622705e-13 -2.207963490659147565e-12 -4.096624719755031779e-12 -6.492043127520088190e-12 -9.273869856457947937e-12 -9.745337829440870691e-12 -7.704125138230082443e-12 -5.728117750008253980e-12 -5.806450715093719090e-12 -4.528504084959031089e-12 -4.131200054125782253e-12 -3.486532915388568976e-12 -3.050218056778130780e-12 -2.671457472643615037e-12 -2.352388405433794399e-12 -2.074865384375003518e-12 -1.827160017429732372e-12 -1.603013926531840647e-12 -1.391757508474788987e-12 -1.186893320874725789e-12 -9.960600106120720362e-13
-3.279312684369715135e-12 -2.530540372184261901e-12 -2.024525444719569630e-12 -1.633368806951183450e-12 -1.478423783818557600e-12 -1.276938339064434676e-12 -9.939797427446433759e-13 -8.654425592531924638e-13 -7.159351206044243137e-13 -6.142376193780291602e-13 -5.135443980979209676e-13 -4.332527547274882267e-13 -3.620546950188112920e-13 -2.996914865916318514e-13 -2.450093933634028089e-13 -1.967416985189023157e-13 -1.548816660777620032e-13 -1.190889457876409424e-13 -8.884752533526239365e-14 -6.446926831690731932e-14 2.710081307237133035e-11 2.038879684443109571e-11 1.604262059824657834e-11 1.292997700770601831e-11 1.200828423659153216e-11 1.054469086563421770e-11 8.201619498530850550e-12 7.274945625708311077e-12 6.045468649308639491e-12 5.211008416293036617e-12 4.333998012261830927e-12 3.624473505300820757e-12 2.984603256954257541e-12 2.419769763158521557e-12 1.925541189291529592e-12 1.495566516086301387e-12 1.132818524812727370e-12 8.332812941517709730e-13 5.909097765430647651e-13 4.051561004293385273e-13 -2.018023370263290059e-11 -1.500882954736140665e-11 -1.176024377834794178e-11 -9.597373260343646564e-12 -9.125702722504893832e-12 -8.110316770958596946e-12 -6.305701041872541214e-12 -5.631906310050831169e-12 -4.656815970565745291e-12 -3.987772059461879570e-12 -3.268375904752334282e-12 -2.684709354417401961e-12 -2.160376038604442289e-12 -1.702808002369385101e-12 -1.310080497771243117e-12 -9.786115118055486270e-13 -7.095683043388428220e-13 -4.981513972352783052e-13 -3.365855234430900561e-13 -2.145578470512410336e-13 -2.962185972369307099e-11 -2.206859736100127675e-11 -1.737947052175897667e-11 -1.432143396461091056e-11 -1.370433313037017752e-11 -1.219591373356551786e-11 -9.468760477632137183e-12 -8.429231030971471576e-12 -6.916495484771526658e-12 -5.867599986268984958e-12 -4.746421834788982726e-12 -3.840370415008108511e-12 -3.036147438492400527e-12 -2.345491440399537807e-12 -1.764535120781071596e-12 -1.285926994454444696e-12 -9.085650271862423886e-13 -6.206896081437816747e-13 -4.010187103202326791e-13 -2.355437298855553380e-13 -1.529570187803137987e-13 -2.894437120070250926e-13 -4.628408914554283305e-13 -6.740809698635932580e-13 -7.388878022798202715e-13 -6.316999700203743381e-13 -5.123448395581988191e-13 -5.134247050551971173e-13 -4.194926971646116184e-13 -3.761942942621310646e-13 -3.147775307829293534e-13 -2.670943828571295157e-13 -2.252931399435391752e-13 -1.905504901227526447e-13 -1.619441048594023699e-13 -1.382895892851562803e-13 -1.190604323220060013e-13 -1.030830051832916258e-13 -8.958372541250061805e-14 -7.820164699998600001e-14 1.440809374210628407e-12 2.727095295835936117e-12 4.330145820150104052e-12 6.266803153867195496e-12 6.739027304927491351e-12 5.564356764923234167e-12 4.317449240922210085e-12 4.296016190442221183e-12 3.396802575154850087e-12 3.030521288549395971e-12 2.512437864814359390e-12 2.139162108728030510e-12 1.821828600863453899e-12 1.563562224360779143e-12 1.352162154171485557e-12 1.176274579185317018e-12 1.029903940199004243e-12 9.019915020411468549e-13 7.877115944321138066e-13 6.851849052724152122e-13 -1.164176575586280451e-12 -2.185094041299898744e-12 -3.456331926407888036e-12 -4.963555584535353366e-12 -5.248022041705906103e-12 -4.199001192005688803e-12 -3.149114385256751414e-12 -3.158214109026385962e-12 -2.457939521392637131e-12 -2.216367917109428201e-12 -1.850650208945903102e-12 -1.600209738462325036e-12 -1.386805518422047992e-12 -1.211250036849615849e-12 -1.063387224745760292e-12 -9.359015954320057301e-13 -8.241142602606485538e-13 -7.214578148624471023e-13 -6.246035582414629897e-13 -5.315959241558066966e-13 -1.736407114096373581e-12 -3.221705880789512286e-12 -5.105533320506095609e-12 -7.293243429290870675e-12 -7.664019681519277491e-12 -6.058750102937169181e-12 -4.504759917242002524e-12 -4.566363255238616609e-12 -3.561348521248911943e-12 -3.248896969812847607e-12 -2.741911811973028003e-12 -2.398780997312302555e-12 -2.100912560828988985e-12 -1.849987284362406522e-12 -1.631735038544183687e-12 -1.436932265202628990e-12 -1.260657198358134131e-12 -1.094518951927053012e-12 -9.334077470770525668e-13 -7.833308368246940032e-13
-2.643167960295002625e-12 -2.039647894340103999e-12 -1.631793403195416277e-12 -1.316516163090621432e-12 -1.191628481620778231e-12 -1.029228649353664451e-12 -8.011603974840886866e-13 -6.975577823556488048e-13 -5.770528648018657144e-13 -4.950833662791784642e-13 -4.139233320123206171e-13 -3.492072367732023330e-13 -2.918206913721809356e-13 -2.415551387815990804e-13 -1.974806759407999772e-13 -1.585762896485423383e-13 -1.248365843076718183e-13 -9.598720779697030161e-14 -7.161224377264676281e-14 -5.196305807158860206e-14 2.184003782554960402e-11 1.643985011226806200e-11 1.292997700770601831e-11 1.042579479095971612e-11 9.680400138321383389e-12 8.501084865122027178e-12 6.612906398445664099e-12 5.865575947459077478e-12 4.874508423789848392e-12 4.201734905238739707e-12 3.494694176157716323e-12 2.922695754520729079e-12 2.406897838658863213e-12 1.951510307777910439e-12 1.553076832362082609e-12 1.206401818838426566e-12 9.139478145145259911e-13 6.723703779073612359e-13 4.768321803511497670e-13 3.269574915497212492e-13 -1.626552637479243501e-11 -1.209730852140567752e-11 -9.478906841731727008e-12 -7.735605577218615799e-12 -7.355433053378203638e-12 -6.537018994752417667e-12 -5.082475646612343478e-12 -4.539388465150658296e-12 -3.753453144939475142e-12 -3.214195164909946499e-12 -2.634352675066870270e-12 -2.163909978307540044e-12 -1.741290632057885156e-12 -1.372484895184955023e-12 -1.055941497639968187e-12 -7.887731875595606419e-13 -5.719209611758393404e-13 -4.015162651310068745e-13 -2.712921254953633127e-13 -1.729362583127109988e-13 -2.387559765882504700e-11 -1.778757164908687949e-11 -1.400807543379207043e-11 -1.154325889723936427e-11 -1.104586768805384543e-11 -9.830062381248790108e-12 -7.631942014870156639e-12 -6.794067982760513178e-12 -5.574783731730870760e-12 -4.729360521035312272e-12 -3.825676620479257602e-12 -3.095387583406835701e-12 -2.447173565295662058e-12 -1.890495895914409277e-12 -1.422237658510649946e-12 -1.036473287104919076e-12 -7.323147708948808056e-13 -5.002835316346255388e-13 -3.232259962904734446e-13 -1.898510198072769006e-13 -1.232851037919052289e-13 -2.332954271323211777e-13 -3.730556163515054227e-13 -5.433179472915986077e-13 -5.955529870331424023e-13 -5.091582225325739597e-13 -4.129565051085940432e-13 -4.138268746337016936e-13 -3.381164808428864972e-13 -3.032174069952712653e-13 -2.537147131856227977e-13 -2.152814839806129574e-13 -1.815891535403813387e-13 -1.535861317154517570e-13 -1.305290224691299127e-13 -1.114631798513552245e-13 -9.596423371451588030e-14 -8.308622590112802407e-14 -7.220563509057096263e-14 -6.303153282594645479e-14 1.161022585578571633e-12 2.198480929317658501e-12 3.489653174911983211e-12 5.051634027067349982e-12 5.431659599935257034e-12 4.484823155168751219e-12 3.479976933091266811e-12 3.462657274009770448e-12 2.737957693613020284e-12 2.442747733215707857e-12 2.025177084175935525e-12 1.724362034059814701e-12 1.468611953233292559e-12 1.260405622403869189e-12 1.090016237309988862e-12 9.482319017750096127e-13 8.302576383510132367e-13 7.271100653977693419e-13 6.349966124927713419e-13 5.524162927871308325e-13 -9.383402253109677540e-13 -1.761213769355217196e-12 -2.785847895107468902e-12 -4.000689344932691990e-12 -4.229972795889712879e-12 -3.384448546159484178e-12 -2.538226497308159385e-12 -2.545560939378992103e-12 -1.981130695406586956e-12 -1.786420880060766391e-12 -1.491647735492681168e-12 -1.289789485725872077e-12 -1.117782976230409967e-12 -9.762830240311036036e-13 -8.571037249819233800e-13 -7.543486625791013141e-13 -6.642466243973950791e-13 -5.815042201324557980e-13 -5.034384800553087113e-13 -4.284731590728818709e-13 -1.399565080911151047e-12 -2.596735911872508949e-12 -4.115125628273740096e-12 -5.878447415643765328e-12 -6.177297823580214654e-12 -4.883429944066397080e-12 -3.630894116081289410e-12 -3.680547160445898171e-12 -2.870492452747629059e-12 -2.618652499677202645e-12 -2.210015983456739160e-12 -1.933448128332506048e-12 -1.693362382447449482e-12 -1.491113418174169252e-12 -1.315199338734532038e-12 -1.158185792470568213e-12 -1.016105817163972263e-12 -8.821962727985723832e-13 -7.523386162245150138e-13 -6.313747483285844152e-13
-2.454849051235411655e-12 -1.894328240555265768e-12 -1.515532322872164141e-12 -1.222717765021329695e-12 -1.106728017614969802e-12 -9.558987455421458448e-13 -7.440797726596934635e-13 -6.478585780970829726e-13 -5.359393330113964517e-13 -4.598099590481712802e-13 -3.844323757770443157e-13 -3.243271385257393065e-13 -2.710292357623351354e-13 -2.243449810745863941e-13 -1.834107075180130014e-13 -1.472781637367127699e-13 -1.159423135095908566e-13 -8.914837052971554839e-14 -6.651005426178327855e-14 -4.826082153031374228e-14 2.028645663870650316e-11 1.526576833374047031e-11 1.200828423659153216e-11 9.680400138321383389e-12 8.990751158617461086e-12 7.894882955031007065e-12 6.141268964925758391e-12 5.447479856324275251e-12 4.527105780173640791e-12 3.902346196111655429e-12 3.245785415065283599e-12 2.714586167509558719e-12 2.235495523385983376e-12 1.812568949141550728e-12 1.442504932836744039e-12 1.120503801224402289e-12 8.488466912448512766e-13 6.245146620782816720e-13 4.429342852440542190e-13 3.037349440340022807e-13 -1.510664956060989332e-11 -1.123540647146941873e-11 -8.803559171687212763e-12 -7.184463607936274045e-12 -6.831377425815978986e-12 -6.071273258365235223e-12 -4.720362371759555544e-12 -4.215968761269299794e-12 -3.486029335677628882e-12 -2.985192121360082329e-12 -2.446661907458412816e-12 -2.009737035984266030e-12 -1.617228220970087482e-12 -1.274698978714030676e-12 -9.807084877720764892e-13 -7.325752825418477029e-13 -5.311731894202077740e-13 -3.729093632271140322e-13 -2.519633426630879369e-13 -1.606150772986373162e-13 -2.217452289017287093e-11 -1.652025301703491768e-11 -1.301003618480132889e-11 -1.072083145138628816e-11 -1.025887811826727784e-11 -9.129695795280747765e-12 -7.088185818360533359e-12 -6.310008156113983755e-12 -5.177594808704647261e-12 -4.392405843033489616e-12 -3.553107072329371380e-12 -2.874849252508597656e-12 -2.272818824285232880e-12 -1.755803081293094991e-12 -1.320907047878616344e-12 -9.626274694129099965e-13 -6.801394230037916840e-13 -4.646397896500899056e-13 -3.001971346276641810e-13 -1.763248010959908292e-13 -1.145015133752663740e-13 -2.166736591405991244e-13 -3.464764099978873487e-13 -5.046078944739310676e-13 -5.531213935138810989e-13 -4.728820341627894629e-13 -3.835344085487823817e-13 -3.843427782894544457e-13 -3.140265507372084676e-13 -2.816139515097369515e-13 -2.356381949214721878e-13 -1.999432359333429471e-13 -1.686513928581628483e-13 -1.426435155267650028e-13 -1.212291636191404576e-13 -1.035217135992284856e-13 -8.912702724310269085e-14 -7.716654224635842577e-14 -6.706116452639141934e-14 -5.854069453855618285e-14 1.078354052528645351e-12 2.041525460106547942e-12 3.241044849624262157e-12 4.690982897523489836e-12 5.044408602484037829e-12 4.164882391785129682e-12 3.231596156921736579e-12 3.215524486784115348e-12 2.542477223271958208e-12 2.268351981349920283e-12 1.880614523671077990e-12 1.601250297861836505e-12 1.363735649560915846e-12 1.170437491204427573e-12 1.012225720854911694e-12 8.805751168270613276e-13 7.710386384440319257e-13 6.753012990640959304e-13 5.897513282917935647e-13 5.130253360471614801e-13 -8.714866315468811293e-13 -1.635731803510105757e-12 -2.587363287787402322e-12 -3.715650482857653693e-12 -3.928598191032035574e-12 -3.143315388343331781e-12 -2.357384374057543913e-12 -2.364196294427104326e-12 -1.839980229988353609e-12 -1.659142997139386745e-12 -1.385371676068642570e-12 -1.197895327376109936e-12 -1.038143823081523644e-12 -9.067253698339195891e-13 -7.960372751771245429e-13 -7.006032573457209060e-13 -6.169207695486295530e-13 -5.400735458455170485e-13 -4.675697668466867573e-13 -3.979455159117576003e-13 -1.299850609574562582e-12 -2.411725336208035162e-12 -3.821933169093313946e-12 -5.459623220435061172e-12 -5.737181301319168838e-12 -4.535498228025120261e-12 -3.372202251575643555e-12 -3.418317669595892733e-12 -2.665977258251196427e-12 -2.432080258294484138e-12 -2.052558038001643812e-12 -1.795694952835930191e-12 -1.572714680744445775e-12 -1.384875421257552016e-12 -1.221494750694880782e-12 -1.075668029868975190e-12 -9.437108996138705746e-13 -8.193420602559849125e-13 -6.987364013117181669e-13 -5.863908669581540114e-13
-2.155549879291210633e-12 -1.663368671911661459e-12 -1.330756168811647661e-12 -1.073642039082345441e-12 -9.717939467068605948e-13 -8.393540269438212807e-13 -6.533603651109173103e-13 -5.688706140547305198e-13 -4.705967420838515244e-13 -4.037491817056503029e-13 -3.375617529218682208e-13 -2.847846425699168237e-13 -2.379849067308925529e-13 -1.969924697246324110e-13 -1.610489699843258529e-13 -1.293217627222099556e-13 -1.018064341066088672e-13 -7.827925546658575192e-14 -5.840104126665932498e-14 -4.237678484509938287e-14 1.781253984354978318e-11 1.340483145687329814e-11 1.054469086563421770e-11 8.501084865122027178e-12 7.894882955031007065e-12 6.933247263978993889e-12 5.393297952133004842e-12 4.784144126409349164e-12 3.975975529721897952e-12 3.427386812260953060e-12 2.850829417551869826e-12 2.384345587751539152e-12 1.963627310588959792e-12 1.592206068867461354e-12 1.267200265385829030e-12 9.843924171068662893e-13 7.458040805512338724e-13 5.487609206032068833e-13 3.892429591249274653e-13 2.669277544859266476e-13 -1.326482236624112078e-11 -9.865567511192858051e-12 -7.730214971051840360e-12 -6.308522168582477046e-12 -5.998484816048549145e-12 -5.331053780507420365e-12 -4.144848138826797490e-12 -3.701951011471063020e-12 -3.061006973623728951e-12 -2.621232635689769389e-12 -2.148360900265200709e-12 -1.764706618429568009e-12 -1.420053116689780442e-12 -1.119285582413409986e-12 -8.611388866198616206e-13 -6.432584666176704032e-13 -4.664116526494442267e-13 -3.274436170781182222e-13 -2.212435363742793291e-13 -1.410325995879363905e-13 -1.947096912540514531e-11 -1.450607700409807147e-11 -1.142383148858388110e-11 -9.413730312430372127e-12 -9.008099066607359496e-12 -8.016588485384935331e-12 -6.223982719370892002e-12 -5.540681736885307030e-12 -4.546334044939402708e-12 -3.856876583276688493e-12 -3.119906484753836878e-12 -2.524342955293588588e-12 -1.995713048282018093e-12 -1.541732676496218938e-12 -1.159859868219115233e-12 -8.452622911077352996e-13 -5.972156585138980881e-13 -4.079900968869087116e-13 -2.635965610266914579e-13 -1.548269365251120939e-13 -1.005412514351095881e-13 -1.902564790006885412e-13 -3.042334298049770831e-13 -4.430852989739489378e-13 -4.856839298180976046e-13 -4.152274828695274487e-13 -3.367732754119253530e-13 -3.374830834628049258e-13 -2.757399256896466911e-13 -2.472791212153144551e-13 -2.069088040647852582e-13 -1.755658317399222746e-13 -1.480891423177395851e-13 -1.252521870703738020e-13 -1.064487083979566317e-13 -9.090017922134189539e-14 -7.826051640812348227e-14 -6.775827380338279469e-14 -5.888496042765762800e-14 -5.140331956535997785e-14 9.467628836089451728e-13 1.792661085534818570e-12 2.845748489121527649e-12 4.119106245027554463e-12 4.429252407630120065e-12 3.657046228256817164e-12 2.837496609780533916e-12 2.823368887334086551e-12 2.232387838923397602e-12 1.991700854465098905e-12 1.651242141087204195e-12 1.405968008104506597e-12 1.197444147460797421e-12 1.027731795434896761e-12 8.888280694565325601e-13 7.732429016920765038e-13 6.770816009977004763e-13 5.930191324065844250e-13 5.179063508150256163e-13 4.505398879790269898e-13 -7.652333261248295831e-13 -1.436300740048012010e-12 -2.271907805732549560e-12 -3.262632375534623188e-12 -3.449617116678868336e-12 -2.760077257675581889e-12 -2.069968261122642620e-12 -2.075949648302167015e-12 -1.615646862594311609e-12 -1.456857594808025940e-12 -1.216464917840992182e-12 -1.051845982280432691e-12 -9.115716453021004786e-13 -7.961759454366001929e-13 -6.989831271115837970e-13 -6.151845756001132998e-13 -5.417047881494808115e-13 -4.742269032887840022e-13 -4.105629097344131394e-13 -3.494273655672437701e-13 -1.141370405618511059e-12 -2.117683820813624083e-12 -3.355957006966090275e-12 -4.793977101599614306e-12 -5.037694853510826026e-12 -3.982522909108807424e-12 -2.961057895460644749e-12 -3.001550838624543104e-12 -2.340936993679707420e-12 -2.135557093039054398e-12 -1.802306837585099652e-12 -1.576760908187428607e-12 -1.380966757730357308e-12 -1.216029169299318552e-12 -1.072568140087982249e-12 -9.445208443237301106e-13 -8.286521368276831382e-13 -7.194465494866186697e-13 -6.135453364587177216e-13 -5.148971617745614264e-13
-1.676402684573616284e-12 -1.293626157780221544e-12 -1.034948545853221934e-12 -8.349871236507605964e-13 -7.557783727474033257e-13 -6.527779080094839199e-13 -5.081279158344830712e-13 -4.424190001708107521e-13 -3.659899726732756610e-13 -3.140016477419845562e-13 -2.625267166644889219e-13 -2.214811859475674145e-13 -1.850843464356348590e-13 -1.532039290621214323e-13 -1.252501430337073850e-13 -1.005754302422442791e-13 -7.917635519264170414e-14 -6.087892293521917148e-14 -4.541934423232660029e-14 -3.295704542033222187e-14 1.385333107900019265e-11 1.042685868761399372e-11 8.201619498530850550e-12 6.612906398445664099e-12 6.141268964925758391e-12 5.393297952133004842e-12 4.195921237703995810e-12 3.722075572356062271e-12 3.093509928357505679e-12 2.666782606815195955e-12 2.218312742013630597e-12 1.855442630410007097e-12 1.528168307013383674e-12 1.239233371721623821e-12 9.863979324688469317e-13 7.663451960426837542e-13 5.806983555003853411e-13 4.273711787567080989e-13 3.032033766869839582e-13 2.079701970633068121e-13 -1.031624647123159310e-11 -7.672596224728652128e-12 -6.011901306877636222e-12 -4.906230007235414842e-12 -4.665109424400404089e-12 -4.146038540866393596e-12 -3.223509054262687597e-12 -2.879061478048218411e-12 -2.380589923555655423e-12 -2.038570988098676846e-12 -1.670811718759199364e-12 -1.372438168962168707e-12 -1.104396096176290965e-12 -8.704847874529815471e-13 -6.697203250617590328e-13 -5.002715397304237855e-13 -3.627351813327854337e-13 -2.546577035864229282e-13 -1.720643450101353555e-13 -1.096831256545223533e-13 -1.514285762664645111e-11 -1.128158836572281286e-11 -8.884480925386414771e-12 -7.321195822739803251e-12 -7.005730470762378914e-12 -6.234618180963293772e-12 -4.840482441690394174e-12 -4.309069268819143209e-12 -3.535750522514816280e-12 -2.999549367439607289e-12 -2.426396935018429577e-12 -1.963218463410496149e-12 -1.552095250166960535e-12 -1.199028080173772081e-12 -9.020400101956017063e-13 -6.573728791589435553e-13 -4.644633785980194299e-13 -3.172998877895919810e-13 -2.050029205023078900e-13 -1.204111940021890080e-13 -7.819241988522665694e-14 -1.479652400795006430e-13 -2.366067954545666106e-13 -3.445939155322336304e-13 -3.777235020675898731e-13 -3.229284923235189124e-13 -2.619135034618344628e-13 -2.624655328864566691e-13 -2.144469750811747521e-13 -1.923125915709261624e-13 -1.609160049138863694e-13 -1.365401168582121752e-13 -1.151710929214370035e-13 -9.741045878564797373e-14 -8.278671800236919929e-14 -7.069439937764549596e-14 -6.086434862061483988e-14 -5.269660063047336102e-14 -4.579569486047139801e-14 -3.997711340352423241e-14 7.361575104111210045e-13 1.394232231628929988e-12 2.213044741817636761e-12 3.203489835000743271e-12 3.444628753728736049e-12 2.844027874068462490e-12 2.206728583041178047e-12 2.195693948897365179e-12 1.736088219585232001e-12 1.548919917953349321e-12 1.284173009397360928e-12 1.093447942419767332e-12 9.313026593794621510e-13 7.993331914976925220e-13 6.913175440590826421e-13 6.014242014744306376e-13 5.266570085659336430e-13 4.612939344654010825e-13 4.028743600646625639e-13 3.504953168494848846e-13 -5.951332373071730723e-13 -1.117032101416676589e-12 -1.766895933271696411e-12 -2.537396936815219986e-12 -2.682817718813103792e-12 -2.146552482482424387e-12 -1.609844605177462762e-12 -1.614496421799739985e-12 -1.256512207068394167e-12 -1.133019470931951044e-12 -9.460625678218486027e-13 -8.180360149794285854e-13 -7.089426086580600843e-13 -6.191976833065851705e-13 -5.436094046877012948e-13 -4.784380461349597271e-13 -4.212917415265966363e-13 -3.688132027341017276e-13 -3.193007808792989976e-13 -2.717547717650360273e-13 -8.876605711770846376e-13 -1.646953715689218770e-12 -2.609976834148742719e-12 -3.728346149707450048e-12 -3.917889011250946991e-12 -3.097266354980655308e-12 -2.302858055004789077e-12 -2.334350012268545788e-12 -1.820580956215973160e-12 -1.660854002613338026e-12 -1.401680401927348366e-12 -1.226270034612537862e-12 -1.073998056710610108e-12 -9.457236791100720804e-13 -8.341519355374453773e-13 -7.345676814678153189e-13 -6.444548934966799190e-13 -5.595241095807189421e-13 -4.771631836019827326e-13 -4.004430511734777281e-13
-1.487012451230256620e-12 -1.147479794048543292e-12 -9.180260721096161001e-13 -7.406551257848418389e-13 -6.703949226037025471e-13 -5.790308480238422860e-13 -4.507225727527133936e-13 -3.924370689638702799e-13 -3.246425518130121602e-13 -2.785275692540211156e-13 -2.328679797710860267e-13 -1.964595357370276871e-13 -1.641745992821842371e-13 -1.358958488762832501e-13 -1.111001180892668741e-13 -8.921301301855048657e-14 -7.023147636005692435e-14 -5.400117760934699163e-14 -4.028813003011712549e-14 -2.923374895959494120e-14 1.228835990859714206e-11 9.248332358431483263e-12 7.274945625708311077e-12 5.865575947459077478e-12 5.447479856324275251e-12 4.784144126409349164e-12 3.722075572356062271e-12 3.301946939224453402e-12 2.744465731786269185e-12 2.365986345946966068e-12 1.968202123457837716e-12 1.646326579406633416e-12 1.355996829912114186e-12 1.099671704372601997e-12 8.753669508070866379e-13 6.801201949663457099e-13 5.154053945690798452e-13 3.793696278623321039e-13 2.691857750492974923e-13 1.846561931892079375e-13 -9.150776912534217474e-12 -6.805790899473453837e-12 -5.332711644561087086e-12 -4.351952653509227482e-12 -4.138072484264992528e-12 -3.677643211729221054e-12 -2.859335743312626210e-12 -2.553801855824077457e-12 -2.111644731697790046e-12 -1.808265117385227859e-12 -1.482053150015330439e-12 -1.217388107926725033e-12 -9.796278674493846223e-13 -7.721425132735123388e-13 -5.940592550825427793e-13 -4.437538289999851704e-13 -3.217555174958065533e-13 -2.258879948828903786e-13 -1.526255478618909742e-13 -9.729179600705264339e-14 -1.343210559725608650e-11 -1.000706008466496530e-11 -7.880763917840606678e-12 -6.494089671028482587e-12 -6.214263774583961652e-12 -5.530267265143026695e-12 -4.293632870193386540e-12 -3.822255670706430415e-12 -3.136301998800513611e-12 -2.660677741713168351e-12 -2.152276732294636343e-12 -1.741425474515264482e-12 -1.376748577026552869e-12 -1.063568914400046851e-12 -8.001328349392662883e-13 -5.831068043310207490e-13 -4.119910818268223767e-13 -2.814532581911842738e-13 -1.818429445229920213e-13 -1.068079073998124840e-13 -6.935875640946397417e-14 -1.312489594714480288e-13 -2.098763526890745807e-13 -3.056636782312016652e-13 -3.350505048892832582e-13 -2.864459172009599331e-13 -2.323240342165997292e-13 -2.328137032446218192e-13 -1.902200013448464576e-13 -1.705862340362187545e-13 -1.427366504120183304e-13 -1.211146091813288529e-13 -1.021597316454966010e-13 -8.640559126546406369e-14 -7.343395481960955838e-14 -6.270775624840606893e-14 -5.398824741784530107e-14 -4.674324331032052015e-14 -4.062196138324291730e-14 -3.546072989050008799e-14 6.529587268746954504e-13 1.236649784512340217e-12 1.962994404746735974e-12 2.841428934453264121e-12 3.055364908729270144e-12 2.522619110702277935e-12 1.957298148452808639e-12 1.947505654128221311e-12 1.539794049245586806e-12 1.373758600781836933e-12 1.138936722505015992e-12 9.697779880728122577e-13 8.259707978613397944e-13 7.089451653174258942e-13 6.131630928056345450e-13 5.334440004532965748e-13 4.671541525044984788e-13 4.091973793363221120e-13 3.573836941699883338e-13 3.109235370280373939e-13 -5.278988322144453728e-13 -9.908362975193846324e-13 -1.567282250822446587e-12 -2.250736556073509618e-12 -2.379728587812094267e-12 -1.904047490284294298e-12 -1.427973707689842901e-12 -1.432100004330944947e-12 -1.114558757317023345e-12 -1.005017516701068447e-12 -8.391819165504544150e-13 -7.256190678694300483e-13 -6.288503944589974011e-13 -5.492443260037070974e-13 -4.821955664140718101e-13 -4.243868936046293650e-13 -3.736966512554046020e-13 -3.271468317723334193e-13 -2.832280269566460261e-13 -2.410534833145059970e-13 -7.873782092889300999e-13 -1.460890522941668430e-12 -2.315116676783202313e-12 -3.307139284564106971e-12 -3.475268693006618122e-12 -2.747355236421052948e-12 -2.042694530035390731e-12 -2.070628718956071674e-12 -1.614902299247178229e-12 -1.473220370687394590e-12 -1.243326695976531126e-12 -1.087733181591276293e-12 -9.526640000443415949e-13 -8.388813110475595061e-13 -7.399142882814645209e-13 -6.515804903556078297e-13 -5.716481265676505641e-13 -4.963123270391193209e-13 -4.232560495809347190e-13 -3.552032997926057949e-13
-1.235611990848307121e-12 -9.534821299426556940e-13 -7.628207936808999537e-13 -6.154369036459479701e-13 -5.570551875219184687e-13 -4.811374921846701213e-13 -3.745215463087953129e-13 -3.260900312083219866e-13 -2.697571412439983960e-13 -2.314385555358659026e-13 -1.934983711421014454e-13 -1.632452913516567553e-13 -1.364185786829579613e-13 -1.129207562723555050e-13 -9.231709175629073611e-14 -7.413031541755530623e-14 -5.835786541220434977e-14 -4.487151917906791038e-14 -3.347685117399328671e-14 -2.429136860728396254e-14 1.021116086904664217e-11 7.685348050660953911e-12 6.045468649308639491e-12 4.874508423789848392e-12 4.527105780173640791e-12 3.975975529721897952e-12 3.093509928357505679e-12 2.744465731786269185e-12 2.281326950723106701e-12 1.966863219172498252e-12 1.636319096774870779e-12 1.368819148625509087e-12 1.127513341343794021e-12 9.144599938936468195e-13 7.280176062768142968e-13 5.657022501368339588e-13 4.287719040108411048e-13 3.156725696573310267e-13 2.240293425383391648e-13 1.536986942484476267e-13 -7.603708849678010518e-12 -5.655175828896926378e-12 -4.431141434587370705e-12 -3.616193584586496423e-12 -3.438472903697131455e-12 -3.055885701574466967e-12 -2.375924665384463719e-12 -2.122045604504393562e-12 -1.754641411561751499e-12 -1.502552426784595401e-12 -1.231491193773035363e-12 -1.011571511321617366e-12 -8.140079907137662472e-13 -6.416009972218251405e-13 -4.936252335852127206e-13 -3.687311065347292261e-13 -2.673583078662469654e-13 -1.876985220884553888e-13 -1.268221134232129713e-13 -8.084331363810303795e-14 -1.116121846193820895e-11 -8.315225245062206711e-12 -6.548409492124028552e-12 -5.396172092312105857e-12 -5.163654745178523779e-12 -4.595297496920334069e-12 -3.567733593842168075e-12 -3.176049371345344019e-12 -2.606065892754545763e-12 -2.210852651107252265e-12 -1.788403996537152375e-12 -1.447012951318363931e-12 -1.143989843941633238e-12 -8.837576925061027627e-13 -6.648592127082078893e-13 -4.845245625111857677e-13 -3.423383349691608261e-13 -2.338697553740298200e-13 -1.510999611913744073e-13 -8.875067364227320594e-14 -5.763281201861015157e-14 -1.090594092295770935e-13 -1.743938294009898506e-13 -2.539868741342492385e-13 -2.784055036367958920e-13 -2.380182086909240123e-13 -1.930463665271380168e-13 -1.934532601826377507e-13 -1.580606215816124719e-13 -1.417462246858735364e-13 -1.186050046888009573e-13 -1.006384763546061011e-13 -8.488818486262889504e-14 -7.179750558276547360e-14 -6.101890554294660982e-14 -5.210612271740545131e-14 -4.486076984637146967e-14 -3.884063425593656903e-14 -3.375424067035943962e-14 -2.946558922720197364e-14 5.424742730664641608e-13 1.027594606970594372e-12 1.631058393765989467e-12 2.361023133592337156e-12 2.538764210796934464e-12 2.096078708929894691e-12 1.626344456040386720e-12 1.618203869763120881e-12 1.279424414259604951e-12 1.141431252544679416e-12 9.462945893432613500e-13 8.057371108730623639e-13 6.862626585082794740e-13 5.890526089981421786e-13 5.094932011206970625e-13 4.432686722471271502e-13 3.882152491215109353e-13 3.400693269008323185e-13 2.970156671189757841e-13 2.584232229449622779e-13 -4.386507021744671448e-13 -8.233214067585389413e-13 -1.302310943951128553e-12 -1.870217703819376794e-12 -1.977401906687563726e-12 -1.582141437055384547e-12 -1.186554561104418914e-12 -1.189983281855084254e-12 -9.261268498206199590e-13 -8.351051115821441241e-13 -6.973063589815648531e-13 -6.029429317700718664e-13 -5.225343562470190261e-13 -4.563868111855409552e-13 -4.006735798255530764e-13 -3.526382892048217879e-13 -3.105179588448472600e-13 -2.718380416669935820e-13 -2.353443125358676503e-13 -2.002999575852933581e-13 -6.542616008137447799e-13 -1.213906488531420327e-12 -1.923713193414014538e-12 -2.748020707695536128e-12 -2.887725460161053579e-12 -2.282876100773279610e-12 -1.697348155297048129e-12 -1.720559696511925083e-12 -1.341880252738034750e-12 -1.224151659985338767e-12 -1.033124755624264790e-12 -9.038365421248596348e-13 -7.916026989903664099e-13 -6.970565697612677786e-13 -6.148213063668133579e-13 -5.414215973469847361e-13 -4.750029397028415207e-13 -4.124037169039592223e-13 -3.516986129723699733e-13 -2.951511157851835431e-13
-1.065013529033502847e-12 -8.218367756800640528e-13 -6.574996577930036294e-13 -5.304647556548459349e-13 -4.801436943119651456e-13 -4.147077926037826265e-13 -3.228120994774959628e-13 -2.810674273575970834e-13 -2.325123138848531273e-13 -1.994843074029164629e-13 -1.667824557676237758e-13 -1.407063608210896847e-13 -1.175835574651921082e-13 -9.733003907398818526e-14 -7.957107832017083920e-14 -6.389531895174197180e-14 -5.030052704673962117e-14 -3.867620296696889927e-14 -2.885476803625714969e-14 -2.093750564144775036e-14 8.801525744903165026e-12 6.624397115445511275e-12 5.211008416293036617e-12 4.201734905238739707e-12 3.902346196111655429e-12 3.427386812260953060e-12 2.666782606815195955e-12 2.365986345946966068e-12 1.966863219172498252e-12 1.695923300319103898e-12 1.411052866467867225e-12 1.180463414114184149e-12 9.724315427057396186e-13 7.887455836006347707e-13 6.279921329869942170e-13 4.880272798991131231e-13 3.699575412090680853e-13 2.724304021325397869e-13 1.933871183357368771e-13 1.327023250667264085e-13 -6.553880111257732647e-12 -4.874377102461640246e-12 -3.819342679173129108e-12 -3.116913014582275747e-12 -2.963729900038741655e-12 -2.633965740683233635e-12 -2.047885551179139427e-12 -1.829059069873575371e-12 -1.512381662948781242e-12 -1.295098121476929863e-12 -1.061461759424181207e-12 -8.719059398294055769e-13 -7.016196081778088069e-13 -5.530165383054682532e-13 -4.254714956665097332e-13 -3.178213018979119408e-13 -2.304448114238855080e-13 -1.617834654249444954e-13 -1.093121241242676297e-13 -6.968152433620926413e-14 -9.620211551865499830e-12 -7.167158856499221151e-12 -5.644283813244267911e-12 -4.651133486046463715e-12 -4.450719375815365708e-12 -3.960834056353544510e-12 -3.075143808559704897e-12 -2.737538642001679348e-12 -2.246251678140046069e-12 -1.905604753099926184e-12 -1.541482713386843601e-12 -1.247226847506931076e-12 -9.860415419990046414e-13 -7.617391987436499605e-13 -5.730636026802535438e-13 -4.176274721706580630e-13 -2.950725687607539966e-13 -2.015800048408729757e-13 -1.302380562253231658e-13 -7.649722936613711943e-14 -4.967572588667846709e-14 -9.400172422180336028e-14 -1.503156709749711856e-13 -2.189193674319739302e-13 -2.399666393283537132e-13 -2.051555376760514691e-13 -1.663928335525775755e-13 -1.667435603708726119e-13 -1.362375077436479761e-13 -1.221756124685293543e-13 -1.022294518899991097e-13 -8.674352765664479518e-14 -7.316784269897194941e-14 -6.188456852781684319e-14 -5.259414573731732513e-14 -4.491193333846774524e-14 -3.866693154587834010e-14 -3.347798183446803105e-14 -2.909385537058282685e-14 -2.539733055807120862e-14 4.675048407144095652e-13 8.857398977275480178e-13 1.405809352689486555e-12 2.035022280745031531e-12 2.188200345687722185e-12 1.806631996131522340e-12 1.401753303269291064e-12 1.394729900517240720e-12 1.102735540132133192e-12 9.837917700590710793e-13 8.155596952017327069e-13 6.943866234714562613e-13 5.914176160810142664e-13 5.076554506674728354e-13 4.391114036681259482e-13 3.820544217636989719e-13 3.346338625441757231e-13 2.931513937079850054e-13 2.560447168108988987e-13 2.227864171130014448e-13 -3.780878341453559206e-13 -7.096470546242493361e-13 -1.122503367893575684e-12 -1.612000455404555032e-12 -1.704386066861839409e-12 -1.363698437851807267e-12 -1.022729336111736524e-12 -1.025684699825960083e-12 -7.982583723847480760e-13 -7.198038323916129588e-13 -6.010306724372862186e-13 -5.196958351086179382e-13 -4.503890938282456559e-13 -3.933743988228850666e-13 -3.453533671400916181e-13 -3.039502238315649362e-13 -2.676453753535771325e-13 -2.343059138289342675e-13 -2.028507779918218351e-13 -1.726449101744923936e-13 -5.639299812331514361e-13 -1.046305036308282320e-12 -1.658109614631210722e-12 -2.368607060001378844e-12 -2.489023052944488305e-12 -1.967684081813890080e-12 -1.462998698866126204e-12 -1.483005495199038864e-12 -1.156609544886776984e-12 -1.055135507376294167e-12 -8.904832999891306780e-13 -7.790456733470379995e-13 -6.823077134350107947e-13 -6.008153647028472080e-13 -5.299341420348095098e-13 -4.666685983033281325e-13 -4.094202442507206124e-13 -3.554639649451543698e-13 -3.031402659011272779e-13 -2.544001365156890338e-13
-8.857098036518579659e-13 -6.834738460046539426e-13 -5.468042185065069511e-13 -4.411566737544352903e-13 -3.993075795250863969e-13 -3.448883400732594333e-13 -2.684640396414235444e-13 -2.337474247019180310e-13 -1.933669659768695294e-13 -1.658994999080446871e-13 -1.387032769970896603e-13 -1.170173074708970768e-13 -9.778741630961345697e-14 -8.094374752667026777e-14 -6.617465111841733596e-14 -5.313803723121655886e-14 -4.183203179261420175e-14 -3.216475096378909625e-14 -2.399683114999897416e-14 -1.741250395399497830e-14 7.319940385778259330e-12 5.509522272594189046e-12 4.333998012261830927e-12 3.494694176157716323e-12 3.245785415065283599e-12 2.850829417551869826e-12 2.218312742013630597e-12 1.968202123457837716e-12 1.636319096774870779e-12 1.411052866467867225e-12 1.174247945413233822e-12 9.825018555918031022e-13 8.094549440170616782e-13 6.566406250291127533e-13 5.228936904251725878e-13 4.064223702503102493e-13 3.081588724988023521e-13 2.269813170163868923e-13 1.611681225747813284e-13 1.106216148473729015e-13 -5.450480898918097165e-12 -4.053735923852735752e-12 -3.176325164938324974e-12 -2.592155255394949319e-12 -2.464761787772172626e-12 -2.190516116157664247e-12 -1.703107309399455912e-12 -1.521122058620316399e-12 -1.257759897185988533e-12 -1.077057829761428930e-12 -8.827560521760398729e-13 -7.251134995549018349e-13 -5.834962569365040166e-13 -4.599117507250761183e-13 -3.538399608050362060e-13 -2.643135893477401515e-13 -1.916476256150917746e-13 -1.345459612059753498e-13 -9.090858871082148599e-14 -5.795012380666502105e-14 -8.000570414231766371e-12 -5.960509150775138843e-12 -4.694022566342731039e-12 -3.868077190497674878e-12 -3.701404454243335270e-12 -3.293995320880341693e-12 -2.557418243441955009e-12 -2.276651665922295548e-12 -1.868076901466474177e-12 -1.584780680488205862e-12 -1.281961546637656625e-12 -1.037246061762916438e-12 -8.200334424492788425e-13 -6.334942800199343728e-13 -4.765837683650026875e-13 -3.473166285718098076e-13 -2.453948174045040800e-13 -1.676424757290326042e-13 -1.083115183539703314e-13 -6.361841118476549933e-14 -4.131251274169761127e-14 -7.817572102370380133e-14 -1.250088296318074252e-13 -1.820624725730465531e-13 -1.995663106377638478e-13 -1.706159427045779156e-13 -1.383792351303346695e-13 -1.386709218815661307e-13 -1.133008095559867743e-13 -1.016063527592329013e-13 -8.501828977916601831e-14 -7.213954841868887376e-14 -6.084943804162517430e-14 -5.146579608003238760e-14 -4.373949034339934545e-14 -3.735064141358292692e-14 -3.215703653811955660e-14 -2.784168754506449042e-14 -2.419566394050947643e-14 -2.112147999599415901e-14 3.887366135653887683e-13 7.366425456558397154e-13 1.169069077766798037e-12 1.692384971398830983e-12 1.819760120098262172e-12 1.502419663266599105e-12 1.165719293153843300e-12 1.159863992224124754e-12 9.170322076048865453e-13 8.181196457672717221e-13 6.782184903452234739e-13 5.774032727788665904e-13 4.917478536618608895e-13 4.221037608442057388e-13 3.651309145626749752e-13 3.177038831751866586e-13 2.782962426908270205e-13 2.438234528405158451e-13 2.129799415940664560e-13 1.853384814197766019e-13 -3.144341333406829089e-13 -5.901721636638362908e-13 -9.335206805107572432e-13 -1.340606980751726628e-12 -1.417438793026752710e-12 -1.134108723030358533e-12 -8.505444849314086052e-13 -8.530023139445082931e-13 -6.638650521123957757e-13 -5.986189809278808500e-13 -4.998422499886241512e-13 -4.322008102087092293e-13 -3.745624147453715750e-13 -3.271466039685579026e-13 -2.872102962666548195e-13 -2.527777174319918035e-13 -2.225850946335863471e-13 -1.948586020345707136e-13 -1.686991810442353744e-13 -1.435787073913410127e-13 -4.689883704827518063e-13 -8.701511484606549882e-13 -1.378953087493561745e-12 -1.969832744597865042e-12 -2.069975718309303962e-12 -1.636408454689444216e-12 -1.216690912753834447e-12 -1.233329417864169156e-12 -9.618848816187215414e-13 -8.774948303720645989e-13 -7.405631646339603170e-13 -6.478869872208410398e-13 -5.674356417404881559e-13 -4.996631870308475678e-13 -4.407153865793071112e-13 -3.881011233453276486e-13 -3.404910055203110554e-13 -2.956187031699633703e-13 -2.521041093606097690e-13 -2.115697590381113475e-13
-7.406487719971643149e-13 -5.715349023439526722e-13 -4.572489435576723202e-13 -3.689042888545166081e-13 -3.339092173306940218e-13 -2.884027259984128769e-13 -2.244951537068561869e-13 -1.954644059196128362e-13 -1.616974373425878350e-13 -1.387285795130887796e-13 -1.159865403859851329e-13 -9.785228711648767498e-14 -8.177185595741549150e-14 -6.768683545707326140e-14 -5.533661215852913265e-14 -4.443512885450308558e-14 -3.498081062420723070e-14 -2.689682819296521060e-14 -2.006664373634423390e-14 -1.456069350314068375e-14 6.121344068634657148e-12 4.607593849030538224e-12 3.624473505300820757e-12 2.922695754520729079e-12 2.714586167509558719e-12 2.384345587751539152e-12 1.855442630410007097e-12 1.646326579406633416e-12 1.368819148625509087e-12 1.180463414114184149e-12 9.825018555918031022e-13 8.222645392169466132e-13 6.775774967045515140e-13 5.497501522131891199e-13 4.378548205346659532e-13 3.404003903624295454e-13 2.581603769109589690e-13 1.902061051896147649e-13 1.350919848207512111e-13 9.275078942186001635e-14 -4.557804350947117675e-12 -3.389817441188082024e-12 -2.656108502662667352e-12 -2.167613590474970765e-12 -2.061084559082439632e-12 -1.831754681788393828e-12 -1.424173401542511223e-12 -1.271993590825479690e-12 -1.051764738094819260e-12 -9.006579565259662668e-13 -7.381788075354758390e-13 -6.063548580416155632e-13 -4.879316015969184558e-13 -3.845877043862604683e-13 -2.958882914566655704e-13 -2.210245123775078810e-13 -1.602597284152366796e-13 -1.125101330552041577e-13 -7.601965900631087992e-14 -4.845911201679579994e-14 -6.690241709697424191e-12 -4.984300471271058841e-12 -3.925238320053050978e-12 -3.234565784770085886e-12 -3.095190621837314731e-12 -2.754506713208046676e-12 -2.138565789353489040e-12 -1.903782998066666769e-12 -1.562124381496259824e-12 -1.325226255128743814e-12 -1.072002654897801022e-12 -8.673665298324193118e-13 -6.857288691210631057e-13 -5.297410049098630991e-13 -3.985292080542295151e-13 -2.904333878636374548e-13 -2.052042583379795686e-13 -1.401861426244371821e-13 -9.057237057089767959e-14 -5.319908028853522078e-14 -3.454642203381307970e-14 -6.537212566671834564e-14 -1.045349710184562577e-13 -1.522443726247901417e-13 -1.668814645342895647e-13 -1.426725710852323538e-13 -1.157155623702067829e-13 -1.159594805040019554e-13 -9.474446894177887705e-14 -8.496532512242220585e-14 -7.109404467297026541e-14 -6.032457651809130213e-14 -5.088355242427418193e-14 -4.303675824338729491e-14 -3.657586160773804469e-14 -3.123337473535084319e-14 -2.689037535195510319e-14 -2.328179104038072854e-14 -2.023291073701040247e-14 -1.766221518230875858e-14 3.250358889979869260e-13 6.160111460894052800e-13 9.775548483856929993e-13 1.415192430858426654e-12 1.521697608757502202e-12 1.256321942629204554e-12 9.747785028460909510e-13 9.698707747581054382e-13 7.668070125321122512e-13 6.840925340009332307e-13 5.671280498282158448e-13 4.828294155787642584e-13 4.111515270561933304e-13 3.528875994383484553e-13 3.052618353873475499e-13 2.656273397784366128e-13 2.326996581333086643e-13 2.038993849362516307e-13 1.781272978331101405e-13 1.550355175756807819e-13 -2.629365225346267077e-13 -4.935141065910353301e-13 -7.806291740969290046e-13 -1.121043140653455874e-12 -1.185291518786175580e-12 -9.483650881815416105e-13 -7.112428013452925476e-13 -7.132981004993262981e-13 -5.551376216819486827e-13 -5.005775167374426652e-13 -4.179783796219763558e-13 -3.614152215740751941e-13 -3.132168038469956661e-13 -2.735667241816364969e-13 -2.401711572551137928e-13 -2.113779293993553095e-13 -1.861302404417350385e-13 -1.629447757088832233e-13 -1.410697225486368165e-13 -1.200634603567434783e-13 -3.921780212776280948e-13 -7.276383569018222382e-13 -1.153108849250219606e-12 -1.647214707139287918e-12 -1.730956321778133358e-12 -1.368398466357441299e-12 -1.017421985955455944e-12 -1.031335454289321564e-12 -8.043479401430087873e-13 -7.337792435398993527e-13 -6.192741645966264111e-13 -5.417764441488312177e-13 -4.745013674539885524e-13 -4.178286415558783053e-13 -3.685352722289383458e-13 -3.245381467039100183e-13 -2.847255899937531691e-13 -2.472024453898389082e-13 -2.108146381529811805e-13 -1.769189704598257479e-13
-6.098052506636662189e-13 -4.705671531597405312e-13 -3.764710310161937445e-13 -3.037334043749901707e-13 -2.749205856738284440e-13 -2.374533030424546060e-13 -1.848356861772194625e-13 -1.609335301812738847e-13 -1.331318569810338874e-13 -1.142206927606157909e-13 -9.549627738473481397e-14 -8.056563356961583710e-14 -6.732598249809201945e-14 -5.572923094372398118e-14 -4.556080676719177062e-14 -3.658518664519552687e-14 -2.880107559190230159e-14 -2.214521575378932859e-14 -1.652165676488919909e-14 -1.198839154720941604e-14 5.040262882830936041e-12 3.794205345746953933e-12 2.984603256954257541e-12 2.406897838658863213e-12 2.235495523385983376e-12 1.963627310588959792e-12 1.528168307013383674e-12 1.355996829912114186e-12 1.127513341343794021e-12 9.724315427057396186e-13 8.094549440170616782e-13 6.775774967045515140e-13 5.585511934025567388e-13 4.533059582832068178e-13 3.611205827230293028e-13 2.808273712267926392e-13 2.130509188672714929e-13 1.570269083289135119e-13 1.115702370744062816e-13 7.663290911399322575e-14 -3.752619497328481203e-12 -2.790969959629975039e-12 -2.186878546375767962e-12 -1.784681482905889441e-12 -1.696971941496620565e-12 -1.508155638182520349e-12 -1.172577947533964432e-12 -1.047282326262093121e-12 -8.659592522147022264e-13 -7.415470969680404978e-13 -6.077716267007572255e-13 -4.992357871163622682e-13 -4.017332651718693221e-13 -3.166461694593631418e-13 -2.436164554763391949e-13 -1.819781596132072620e-13 -1.319481261671568287e-13 -9.263400891756998939e-14 -6.258996815921080543e-14 -3.989828637746895712e-14 -5.508339004445227174e-12 -4.103770520626288460e-12 -3.231803016389519304e-12 -2.663145167896756589e-12 -2.548392114793288997e-12 -2.267893660583650355e-12 -1.760765285555933997e-12 -1.567459383395595754e-12 -1.286158410137578771e-12 -1.091110868380197234e-12 -8.826219248754462392e-13 -7.141369580728409969e-13 -5.645875306656772819e-13 -4.361565845993497481e-13 -3.281247532690547221e-13 -2.391252098775357220e-13 -1.689527197773795823e-13 -1.154207506093237925e-13 -7.457178252925193007e-14 -4.380088208181868955e-14 -2.844341674455540984e-14 -5.382344575160453455e-14 -8.606774806191175500e-14 -1.253487803825336815e-13 -1.374000687050789930e-13 -1.174679349704724468e-13 -9.527317218567552047e-14 -9.547399876921595462e-14 -7.800684603098063790e-14 -6.995529210781701642e-14 -5.853452175100549405e-14 -4.966759513430878389e-14 -4.189442914843785781e-14 -3.543385493319805355e-14 -3.011434489702409567e-14 -2.571566540037764119e-14 -2.213990328865664334e-14 -1.916881410400764456e-14 -1.665855115823312263e-14 -1.454199637141427525e-14 2.675270383573848505e-13 5.072385779086966668e-13 8.048177471471103215e-13 1.165205407543857510e-12 1.252872139269534931e-12 1.034373424388008245e-12 8.025812360953291868e-13 7.985295861803730764e-13 6.313386033120877318e-13 5.632348885138224354e-13 4.669406331772512479e-13 3.975506721824923177e-13 3.385389225181259318e-13 2.905037619162141274e-13 2.512678542478025349e-13 2.186542691705704482e-13 1.915654770486876225e-13 1.678750161781797236e-13 1.466806373457353358e-13 1.276898254003599948e-13 -2.164859258504666149e-13 -4.063295666251949979e-13 -6.427226956508785685e-13 -9.229988920700743022e-13 -9.758970998694386016e-13 -7.808262538995178982e-13 -5.855941605842436545e-13 -5.872863665569838882e-13 -4.570666281472686094e-13 -4.121451481980355971e-13 -3.441380316996286130e-13 -2.975673586327101646e-13 -2.578837075837822660e-13 -2.252382388132651912e-13 -1.977423566366562934e-13 -1.740357594588210622e-13 -1.532483437577375329e-13 -1.341588393456421639e-13 -1.161482496066979738e-13 -9.885296922765927930e-14 -3.228955185491006852e-13 -5.990932528809255622e-13 -9.493998714554217223e-13 -1.356216621494266515e-12 -1.425164385267933761e-12 -1.126656246302881137e-12 -8.376835190822651161e-13 -8.491390228163000286e-13 -6.622512800250155514e-13 -6.041492975370606438e-13 -5.098727647998735141e-13 -4.460658433893138721e-13 -3.906756291752919921e-13 -3.440147468878618700e-13 -3.034295791837195523e-13 -2.672050151043454208e-13 -2.344257711667004225e-13 -2.035314914382599003e-13 -1.735719810163079406e-13 -1.456643473631612569e-13
-4.943290281394579088e-13 -3.814578625448327452e-13 -3.051803112529315193e-13 -2.462166874813572263e-13 -2.228600403709363719e-13 -1.924877651433245790e-13 -1.498341267164483012e-13 -1.304582215816280465e-13 -1.079212424269017341e-13 -9.259121629366305993e-14 -7.741257347256527523e-14 -6.530928579551739950e-14 -5.457676987567684067e-14 -4.517605444903333468e-14 -3.693317800649288289e-14 -2.965723951597421086e-14 -2.334715698653858747e-14 -1.795167579807804751e-14 -1.339301895171584291e-14 -9.718197697693687484e-15 4.086138936167992016e-12 3.076098808830758786e-12 2.419769763158521557e-12 1.951510307777910439e-12 1.812568949141550728e-12 1.592206068867461354e-12 1.239233371721623821e-12 1.099671704372601997e-12 9.144599938936468195e-13 7.887455836006347707e-13 6.566406250291127533e-13 5.497501522131891199e-13 4.533059582832068178e-13 3.680815246048733349e-13 2.933665134312692537e-13 2.282396114637325475e-13 1.732420470605415209e-13 1.277515661293673008e-13 9.082034683104692618e-14 6.241218207178260085e-14 -3.042001986388901455e-12 -2.262455897228686546e-12 -1.772758707285404421e-12 -1.446723957407431039e-12 -1.375623635040915862e-12 -1.222562667528152573e-12 -9.505318875109216406e-13 -8.489629747543099403e-13 -7.019763140801693195e-13 -6.011235890711516399e-13 -4.926805995061057437e-13 -4.046977229066655062e-13 -3.256588270758242633e-13 -2.566843582891086696e-13 -1.974839763893113120e-13 -1.475179275498074625e-13 -1.069618306859588765e-13 -7.509242710925227212e-14 -5.073767847344545099e-14 -3.234302331491140788e-14 -4.465248399420307613e-12 -3.326657020277638185e-12 -2.619810304069334908e-12 -2.158836735910542820e-12 -2.065814022810459341e-12 -1.838432349604985731e-12 -1.427336682576981635e-12 -1.270636299762180334e-12 -1.042604146594833049e-12 -8.844919511699092631e-13 -7.154836444627471419e-13 -5.789039637259886524e-13 -4.576740881055309884e-13 -3.535636613650184879e-13 -2.659893714645204577e-13 -1.938433891139594517e-13 -1.369591117061896645e-13 -9.356423487311450858e-14 -6.045064510851423054e-14 -3.550672397952802581e-14 -2.305740842133639149e-14 -4.363103940412947384e-14 -6.976952370910959799e-14 -1.016119533957852524e-13 -1.113812323870624855e-13 -9.522356281875343194e-14 -7.723168554687846212e-14 -7.739449764379977584e-14 -6.323501966405680975e-14 -5.670816128435248190e-14 -4.745009071760531979e-14 -4.026225831844085183e-14 -3.396105800409998154e-14 -2.872389690047845850e-14 -2.441171685104175904e-14 -2.084599709259040193e-14 -1.794736154846493538e-14 -1.553889220238857295e-14 -1.350398579687983692e-14 -1.178823541539710555e-14 2.168399059815532182e-13 4.111953951989387873e-13 6.523846214588709352e-13 9.445373781715342946e-13 1.015607964406320911e-12 8.384712523436382233e-13 6.505885943319489791e-13 6.472907974183656922e-13 5.117580672262713421e-13 4.565528719752259268e-13 3.785058740990346763e-13 3.222579000191390343e-13 2.744384472460168610e-13 2.355029302150737965e-13 2.036506737455328216e-13 1.771869047059003315e-13 1.552319709336261176e-13 1.360465562625257653e-13 1.188921343084681846e-13 1.035282216715794651e-13 -1.754918481917462497e-13 -3.293846402840168645e-13 -5.210128818467939145e-13 -7.482144582843777599e-13 -7.910957026230512897e-13 -6.329646201823715774e-13 -4.747026592870752116e-13 -4.760744688449240894e-13 -3.705138598580882804e-13 -3.340989816501643508e-13 -2.789700782072904521e-13 -2.412183217603474323e-13 -2.090493746373382968e-13 -1.825858286962092059e-13 -1.602967069767013675e-13 -1.410793413293405694e-13 -1.242283657400365009e-13 -1.087537560859045255e-13 -9.415372691412010790e-14 -8.013355953614628957e-14 -2.617513739427883619e-13 -4.856457339194305977e-13 -7.696156020254003901e-13 -1.099395711218437414e-12 -1.155287123933522028e-12 -9.133062671103106686e-13 -6.790549455193853197e-13 -6.883412017066598600e-13 -5.368435752126332856e-13 -4.897441242352387571e-13 -4.133203326187575692e-13 -3.615962852399939544e-13 -3.166950577901076373e-13 -2.788701313041069999e-13 -2.459703830996908381e-13 -2.166055293093867929e-13 -1.900335675909301448e-13 -1.649895994248413455e-13 -1.407033605053666336e-13 -1.180804373340459938e-13
-3.933075266998570699e-13 -3.035028111982862336e-13 -2.428134010957136571e-13 -1.958996292718358772e-13 -1.773161706282657039e-13 -1.531507947372695329e-13 -1.192138919257836480e-13 -1.037976638137769897e-13 -8.586636461302306724e-14 -7.366920008283281415e-14 -6.159248139106574701e-14 -5.196263332443515847e-14 -4.342342305544562054e-14 -3.594384917318425504e-14 -2.938549266886948075e-14 -2.359647372998560875e-14 -1.857591913338769618e-14 -1.428305803115758413e-14 -1.065600939855582552e-14 -7.732177303605310329e-15 3.251277655986956884e-12 2.447835413800901028e-12 1.925541189291529592e-12 1.553076832362082609e-12 1.442504932836744039e-12 1.267200265385829030e-12 9.863979324688469317e-13 8.753669508070866379e-13 7.280176062768142968e-13 6.279921329869942170e-13 5.228936904251725878e-13 4.378548205346659532e-13 3.611205827230293028e-13 2.933665134312692537e-13 2.340297442220145484e-13 1.822124905003152070e-13 1.384047342678877116e-13 1.021304716980085771e-13 7.265925010579315060e-14 4.995674353931853014e-14 -2.420335889993499417e-12 -1.800098493282084882e-12 -1.410476240613431199e-12 -1.151070218200309591e-12 -1.094500032413308210e-12 -9.727187334312316483e-13 -7.562803927231127336e-13 -6.754681935456642915e-13 -5.585198656220815936e-13 -4.782775010858321025e-13 -3.919960093662580220e-13 -3.219933858795014922e-13 -2.591069419009681451e-13 -2.042281719897290109e-13 -1.571260329801193259e-13 -1.173711135626537951e-13 -8.510308076190949053e-14 -5.974652292615955124e-14 -4.036892385638070985e-14 -2.573341591418729568e-14 -3.552726464538957323e-12 -2.646818572437151528e-12 -2.084423659772495332e-12 -1.717655029827394076e-12 -1.643642534194367666e-12 -1.462728767232881957e-12 -1.135644948781830767e-12 -1.010967991321096148e-12 -8.295367036545245690e-13 -7.037364605188347458e-13 -5.692668253308013022e-13 -4.605986867041757385e-13 -3.641434570623012845e-13 -2.813091634694440266e-13 -2.116316353489023415e-13 -1.542295044616609186e-13 -1.089701262223860276e-13 -7.444345243387932243e-14 -4.809697767363254794e-14 -2.825062709580923662e-14 -1.834545354296460248e-14 -3.471452863774085691e-14 -5.551138678141344422e-14 -8.084642408839174219e-14 -8.861928007142024368e-14 -7.576360597472405531e-14 -6.144854791929014090e-14 -6.157809341636432988e-14 -5.031225629834933369e-14 -4.511923497049081506e-14 -3.775315050625106086e-14 -3.203423046503903738e-14 -2.702074664911525555e-14 -2.285385690087077458e-14 -1.942291650407191019e-14 -1.658589048110127518e-14 -1.427962246320186833e-14 -1.236334894467270261e-14 -1.074429726353400493e-14 -9.379179644574195321e-15 1.724127115550811730e-13 3.272240276549310859e-13 5.189889292578860289e-13 7.515217075373091059e-13 8.080344273805150049e-13 6.670862352180502070e-13 5.176228500644998919e-13 5.149838761485543242e-13 4.071476621055541998e-13 3.632217414671209932e-13 3.011370596633005002e-13 2.563847052159470442e-13 2.183402367318678273e-13 1.873900005141939745e-13 1.620526694514632472e-13 1.409285074839135414e-13 1.234377602964386069e-13 1.081798952115143836e-13 9.456078229054933690e-14 8.237109012684103285e-14 -1.396285446475050750e-13 -2.620713040507497122e-13 -4.145381859571760152e-13 -5.953086888529113103e-13 -6.294267410351497231e-13 -5.036114722508151056e-13 -3.776920079085355752e-13 -3.787834922310914429e-13 -2.947953286394003636e-13 -2.658222307436936198e-13 -2.219595151164588797e-13 -1.919227499997740463e-13 -1.663278686539427332e-13 -1.452724314817616904e-13 -1.275383269210981922e-13 -1.122482439395971875e-13 -9.884095411802552233e-14 -8.652874758834344710e-14 -7.491238205906683110e-14 -6.375738015449983717e-14 -2.082601014759315869e-13 -3.863988414767902320e-13 -6.123361254191593145e-13 -8.747222874222897949e-13 -9.191916808190524367e-13 -7.266622639734544916e-13 -5.402826927781230983e-13 -5.476712141489657912e-13 -4.271337642708332127e-13 -3.896595997616259234e-13 -3.288538376924973092e-13 -2.877001718795196799e-13 -2.519749890529968519e-13 -2.218799903782892720e-13 -1.957036547783357843e-13 -1.723398347763264409e-13 -1.511981480953175529e-13 -1.312721840845647941e-13 -1.119490888661577807e-13 -9.394939052779233870e-14
-3.054112992915400016e-13 -2.356761189270416347e-13 -1.885495417850026710e-13 -1.521200272073966196e-13 -1.376896082420030749e-13 -1.189246851698718892e-13 -9.257199558717879899e-14 -8.060098262491254134e-14 -6.667697705388895129e-14 -5.720564630081470524e-14 -4.782784186186467492e-14 -4.035007395412063132e-14 -3.371920178034321978e-14 -2.791117234994467548e-14 -2.281847033425989320e-14 -1.832318847705098681e-14 -1.442460449311598413e-14 -1.109109240694976409e-14 -8.274605356833187135e-15 -6.004188638311811331e-15 2.524976499907920429e-12 1.901221404990578395e-12 1.495566516086301387e-12 1.206401818838426566e-12 1.120503801224402289e-12 9.843924171068662893e-13 7.663451960426837542e-13 6.801201949663457099e-13 5.657022501368339588e-13 4.880272798991131231e-13 4.064223702503102493e-13 3.404003903624295454e-13 2.808273712267926392e-13 2.282396114637325475e-13 1.822124905003152070e-13 1.420838190089000794e-13 1.080706430525382419e-13 7.982109758766502905e-14 5.683910021821592651e-14 3.909540274059274033e-14 -1.879440156711054445e-12 -1.397813156689996152e-12 -1.095263555693010132e-12 -8.938294572745317787e-13 -8.499016071843748813e-13 -7.553359455864642207e-13 -5.872671592541139520e-13 -5.245148562326830566e-13 -4.337021478014313679e-13 -3.713923602996727583e-13 -3.043930119220350127e-13 -2.500345410135063387e-13 -2.012019221363362032e-13 -1.585875035900641304e-13 -1.220117425812789400e-13 -9.114132840684195248e-14 -6.608449245973054707e-14 -4.639456364854269821e-14 -3.134743630933227924e-14 -1.998266585253125438e-14 -2.758764525399995582e-12 -2.055308547120634396e-12 -1.618597473717849397e-12 -1.333794121349558326e-12 -1.276321971388826600e-12 -1.135838726881463911e-12 -8.818514409832911288e-13 -7.850372517058500709e-13 -6.441522371307130470e-13 -5.464658212568484981e-13 -4.420473767105453567e-13 -3.576643631503526385e-13 -2.827649331595896792e-13 -2.184425529782008472e-13 -1.643365531385078876e-13 -1.197627627954349127e-13 -8.461786199818398224e-14 -5.780715784175691548e-14 -3.734856099522798496e-14 -2.193750011972098422e-14 -1.424589284272001165e-14 -2.695641495820168235e-14 -4.310580180073565118e-14 -6.277880809441219702e-14 -6.881471487910337029e-14 -5.883202354914962410e-14 -4.771603178559534830e-14 -4.781664733320925750e-14 -3.906848791710114316e-14 -3.503601087191737550e-14 -2.931609247210208062e-14 -2.487523754266334227e-14 -2.098215756272180894e-14 -1.774648519103297889e-14 -1.508228607419314035e-14 -1.287927836797770774e-14 -1.108841394246551686e-14 -9.600384901079964700e-15 -8.343156590634757215e-15 -7.283116953758174829e-15 1.337908014784491416e-13 2.541491421782648416e-13 4.029403781646023460e-13 5.835957408360988977e-13 6.274592845349006414e-13 5.179983177249843340e-13 4.019485039715101160e-13 3.998920212554827989e-13 3.161596170326267063e-13 2.820474774339043338e-13 2.338450492321949695e-13 1.990943276795279115e-13 1.695521579225368855e-13 1.455178304750983028e-13 1.258499057526178328e-13 1.094491033008967744e-13 9.580295816642201266e-14 8.391909219611308969e-14 7.336431035249987919e-14 6.393475697215966662e-14 -1.084256959009343965e-13 -2.035036639824329011e-13 -3.218971257629015279e-13 -4.622692229536174305e-13 -4.887627834794720962e-13 -3.910647056134493214e-13 -2.932854903127556537e-13 -2.941331178923275156e-13 -2.289145614977273948e-13 -2.064163783832235298e-13 -1.723560802832762237e-13 -1.490319574056836399e-13 -1.291569836602071035e-13 -1.128069937335484962e-13 -9.903607644349400343e-14 -8.716303531276288326e-14 -7.675202350506145117e-14 -6.719133992685063274e-14 -5.817095714681031293e-14 -4.950884292627143348e-14 -1.617198591490710306e-13 -3.000468638672968623e-13 -4.754908326818575180e-13 -6.792397328043988796e-13 -7.137711125797078518e-13 -5.642681945522437679e-13 -4.195404877043932055e-13 -4.252778693578611381e-13 -3.316780596652813724e-13 -3.025786172869560171e-13 -2.553616996422354552e-13 -2.234050805322473118e-13 -1.956637186047371307e-13 -1.722943167172537632e-13 -1.519678308193378530e-13 -1.338253750088806575e-13 -1.174084475577543310e-13 -1.019355219352622157e-13 -8.693069946932925720e-14 -7.295351358010552692e-14
-2.312875036310314147e-13 -1.784771575688478396e-13 -1.427882771585230922e-13 -1.152002658617285301e-13 -1.042721285478119622e-13 -9.006148523247479797e-14 -7.010463284967686648e-14 -6.103900284668765424e-14 -5.049437199593519831e-14 -4.332174430451654756e-14 -3.621994447727709808e-14 -3.055704126504540033e-14 -2.553549241029217818e-14 -2.113707800656486049e-14 -1.728038373679912459e-14 -1.387611166220715025e-14 -1.092372487748139969e-14 -8.399265460883177644e-15 -6.266346455393397438e-15 -4.546963755508128331e-15 1.912351128749365630e-12 1.440130810600492520e-12 1.132818524812727370e-12 9.139478145145259911e-13 8.488466912448512766e-13 7.458040805512338724e-13 5.806983555003853411e-13 5.154053945690798452e-13 4.287719040108411048e-13 3.699575412090680853e-13 3.081588724988023521e-13 2.581603769109589690e-13 2.130509188672714929e-13 1.732420470605415209e-13 1.384047342678877116e-13 1.080706430525382419e-13 8.244289740552445198e-14 6.103728936908110798e-14 4.354626498241746267e-14 2.999562493200890882e-14 -1.423297100129739872e-12 -1.058561728112202099e-12 -8.294413823394974749e-13 -6.768956614642340565e-13 -6.436291571506441591e-13 -5.720147291776155075e-13 -4.447364999709509661e-13 -3.972142748681872495e-13 -3.284419404785327096e-13 -2.812548254631053727e-13 -2.305163259657051027e-13 -1.893507422518096780e-13 -1.523698791285426139e-13 -1.200980315937793096e-13 -9.239926251002405522e-14 -6.902112520789031765e-14 -5.004563397520573801e-14 -3.513449179457764463e-14 -2.373933180005445232e-14 -1.513280889882453105e-14 -2.089208072532543497e-12 -1.556481964646120271e-12 -1.225761340448762552e-12 -1.010080213696475957e-12 -9.665566300933938475e-13 -8.601688918558604276e-13 -6.678247238769951617e-13 -5.945074870825174634e-13 -4.878154672678472821e-13 -4.138376883324852511e-13 -3.347617703175624336e-13 -2.708586431555669725e-13 -2.141374165842667826e-13 -1.654261470502792942e-13 -1.244517529240104512e-13 -9.069606034998563518e-14 -6.408089796272877638e-14 -4.377720220616669873e-14 -2.828394375978544281e-14 -1.661316342835416609e-14 -1.078832991738384372e-14 -2.041407932935743563e-14 -3.264393862017426997e-14 -4.754231360288596102e-14 -5.211326774659864484e-14 -4.455339078804574564e-14 -3.613528063991666042e-14 -3.621147188820230862e-14 -2.958650605428517403e-14 -2.653271522415170417e-14 -2.220103077266499462e-14 -1.883797756096920686e-14 -1.588975589488299262e-14 -1.343938569237084497e-14 -1.142179275820307195e-14 -9.753458267451703219e-15 -8.397239498103921581e-15 -7.270358244150650415e-15 -6.318261587134310463e-15 -5.515494761994585047e-15 1.012318946739880037e-13 1.925069533775455644e-13 3.050922228112532275e-13 4.419712029513231429e-13 4.751585403118031189e-13 3.922638828118190366e-13 3.043840487385029934e-13 3.028178710579299332e-13 2.394110465999994889e-13 2.135738946513903798e-13 1.770707596995889045e-13 1.507566337164671020e-13 1.283919815922359859e-13 1.101993150021292463e-13 9.530480830097268809e-14 8.289955401613850094e-14 7.257410198363393205e-14 6.349063745599300139e-14 5.546607383859741412e-14 4.834791349219334779e-14 -8.211031752432434251e-14 -1.541130178811293255e-13 -2.437722429290736918e-13 -3.500757866418263682e-13 -3.701392736823776324e-13 -2.961526618319840808e-13 -2.221046565915109567e-13 -2.227465481875285703e-13 -1.733566451674254882e-13 -1.563188020683302839e-13 -1.305249926305323494e-13 -1.128616621867515247e-13 -9.781038163225607682e-14 -8.542856289012056968e-14 -7.499987407805953441e-14 -6.600843398508169887e-14 -5.812418595042906604e-14 -5.088389614779420042e-14 -4.405278303191208973e-14 -3.749298378899981332e-14 -1.224698220945960865e-13 -2.272249567641246824e-13 -3.600886146229859419e-13 -5.143871801497250628e-13 -5.405377426492317698e-13 -4.273193934073475945e-13 -3.177173655556663988e-13 -3.220622656588558786e-13 -2.511792809076277888e-13 -2.291423162272314550e-13 -1.933850190039929905e-13 -1.691843117631885235e-13 -1.481758282919968005e-13 -1.304782216831247171e-13 -1.150850119238724808e-13 -1.013457523423265808e-13 -8.891323348616072752e-14 -7.719561294954539323e-14 -6.583249458280533860e-14 -5.524760563506564982e-14
-1.701276368548797778e-13 -1.312820458799003773e-13 -1.050304579459488675e-13 -8.473760853914871678e-14 -7.669922000265032567e-14 -6.624633170960119087e-14 -5.156671285152628649e-14 -4.489832710757377599e-14 -3.714203388487199851e-14 -3.186607708535187874e-14 -2.664221941506046714e-14 -2.247676928869650075e-14 -1.878308001684823317e-14 -1.554774585507611898e-14 -1.271088666901454387e-14 -1.020681209034480904e-14 -8.035135421238194382e-15 -6.178227763442849927e-15 -4.609323109997803768e-15 -3.344600881013288869e-15 1.406595308772611275e-12 1.059236047801109554e-12 8.332812941517709730e-13 6.723703779073612359e-13 6.245146620782816720e-13 5.487609206032068833e-13 4.273711787567080989e-13 3.793696278623321039e-13 3.156725696573310267e-13 2.724304021325397869e-13 2.269813170163868923e-13 1.902061051896147649e-13 1.570269083289135119e-13 1.277515661293673008e-13 1.021304716980085771e-13 7.982109758766502905e-14 6.103728936908110798e-14 4.543440824886631395e-14 3.256438948934689801e-14 2.250351751224548757e-14 -1.046931481471345646e-12 -7.786438986787280415e-13 -6.101103518399141463e-13 -4.979026416546278557e-13 -4.734328633384304200e-13 -4.207555979613777879e-13 -3.271338345706578837e-13 -2.921780140141909535e-13 -2.415912912927093603e-13 -2.068819618331375520e-13 -1.695603587280437029e-13 -1.392802831609351412e-13 -1.120783544040231466e-13 -8.834021120857053077e-14 -6.796588737531815960e-14 -5.076966595694182413e-14 -3.681191552734406038e-14 -2.584376818240189549e-14 -1.746186065958536366e-14 -1.113117979318789223e-14 -1.536754133221777095e-12 -1.144897981420972482e-12 -9.016305400875297795e-13 -7.429824599792338660e-13 -7.109679029407522333e-13 -6.327125140955647318e-13 -4.912303485770800310e-13 -4.373005500122427972e-13 -3.588213236964622460e-13 -3.044056464738658945e-13 -2.462399552829484610e-13 -1.992348721068348710e-13 -1.575125615620743905e-13 -1.216820958234950799e-13 -9.154264796253230996e-14 -6.671302324220635452e-14 -4.713578067615837123e-14 -3.220104346106730603e-14 -2.080470593449792113e-14 -1.222004950941233761e-14 -7.935496776849049983e-15 -1.501596203990994677e-14 -2.401181471201423949e-14 -3.497061028085460658e-14 -3.833283345057036408e-14 -3.277203126456826110e-14 -2.657995139474722262e-14 -2.663599134322596750e-14 -2.176288131214314940e-14 -1.951660934631600532e-14 -1.633036253219848366e-14 -1.385660839306170530e-14 -1.168799295599930009e-14 -9.885579139655917955e-15 -8.401503531025751005e-15 -7.174330286181582601e-15 -6.176739518507623028e-15 -5.347842650314010874e-15 -4.647511342567458468e-15 -4.057021558439157760e-15 7.436911821084831787e-14 1.416068904947995419e-13 2.243285789952182902e-13 3.250319223268102290e-13 3.494195780648608779e-13 2.884539837865512910e-13 2.238192012365734641e-13 2.226609198589947289e-13 1.760279267110552290e-13 1.570310794512831933e-13 1.301866367080871510e-13 1.108398881459068474e-13 9.440056559618355990e-14 8.103329796853045382e-14 7.008200521398283872e-14 6.096357322863884431e-14 5.340447762195752050e-14 4.673066948293140655e-14 4.073943837028583615e-14 3.546780951292559879e-14 -6.039746436299061181e-14 -1.133605782464682737e-13 -1.793110484703475317e-13 -2.575044878868552966e-13 -2.722625056331386167e-13 -2.178403301358227258e-13 -1.633730379951767508e-13 -1.638451801518452361e-13 -1.275155656370723848e-13 -1.149830739392208751e-13 -9.600997989915288310e-14 -8.301739623245872746e-14 -7.194616423967656229e-14 -6.283849993451119636e-14 -5.516749689932725879e-14 -4.855367959136155559e-14 -4.275427670005100224e-14 -3.742855362459571084e-14 -3.240381405125578366e-14 -2.757864230183927257e-14 -9.008454825231861955e-14 -1.671393025262894437e-13 -2.648697023917041765e-13 -3.783666252397492460e-13 -3.976021383113652405e-13 -3.143223506374494534e-13 -2.337026625961793614e-13 -2.368986228690537922e-13 -1.847593877041266446e-13 -1.685497047088248211e-13 -1.422477898642160672e-13 -1.244465217880824738e-13 -1.089933637791390386e-13 -9.597557874310996351e-14 -8.465283484537387050e-14 -7.454667327154559575e-14 -6.540170871063513492e-14 -5.678260620183127099e-14 -4.842427090879331389e-14 -4.063837760233210587e-14
-1.206564963979298018e-13 -9.310675079432556415e-14 -7.448882171607042256e-14 -6.009689934919740868e-14 -5.439597879099848359e-14 -4.698267128078954016e-14 -3.657171421854440613e-14 -3.184241732129561896e-14 -2.634156226626392557e-14 -2.259979027003064992e-14 -1.889496789883010727e-14 -1.594078158448200865e-14 -1.332117446256910092e-14 -1.102663626809790916e-14 -9.014703419511478663e-15 -7.238783390368535935e-15 -5.698607949617390721e-15 -4.381669927708026245e-15 -3.268985878945140963e-15 -2.372030398518075818e-15 9.974275090493325689e-13 7.510284186545074688e-13 5.909097765430647651e-13 4.768321803511497670e-13 4.429342852440542190e-13 3.892429591249274653e-13 3.032033766869839582e-13 2.691857750492974923e-13 2.240293425383391648e-13 1.933871183357368771e-13 1.611681225747813284e-13 1.350919848207512111e-13 1.115702370744062816e-13 9.082034683104692618e-14 7.265925010579315060e-14 5.683910021821592651e-14 4.354626498241746267e-14 3.256438948934689801e-14 2.358720467640252479e-14 1.644279815389919116e-14 -7.424959580247385264e-13 -5.522232928452274092e-13 -4.326973425150327705e-13 -3.531183367348198292e-13 -3.357640788133610928e-13 -2.984047508624022158e-13 -2.320071100003962891e-13 -2.072160340295039221e-13 -1.713393360293230815e-13 -1.467230706874905068e-13 -1.202541581148951434e-13 -9.877917799562659878e-14 -7.948725619510280758e-14 -6.265188067244734375e-14 -4.820217235693169636e-14 -3.600640012558295231e-14 -2.610740842134200844e-14 -1.832867711571881163e-14 -1.238413464366318950e-14 -7.894342322103425799e-15 -1.089883867305115205e-12 -8.119749408436723914e-13 -6.394468424016900097e-13 -5.269317873412294662e-13 -5.042266835163203534e-13 -4.487270557201293895e-13 -3.483862663380100060e-13 -3.101386259296453826e-13 -2.544802370240915279e-13 -2.158880020703990031e-13 -1.746362230829342276e-13 -1.412996709891854906e-13 -1.117097210924389017e-13 -8.629832021674265924e-14 -6.492307110142151026e-14 -4.731359475809554351e-14 -3.342919676998747323e-14 -2.283731298781872996e-14 -1.475490115346371764e-14 -8.666558424041700890e-15 -5.627909084189892450e-15 -1.064951147173294469e-14 -1.702944701900063274e-14 -2.480157471886882667e-14 -2.718608530448479417e-14 -2.324229962494318850e-14 -1.885081252389138327e-14 -1.889055386981913486e-14 -1.543448866134015468e-14 -1.384140516695233717e-14 -1.158168244266359796e-14 -9.827266878307467974e-15 -8.289260674504740500e-15 -7.010967541135313685e-15 -5.958444433485841282e-15 -5.088118811466322573e-15 -4.380615900750275080e-15 -3.792753110106396216e-15 -3.296070246349236028e-15 -2.877287762533950077e-15 5.273191644605844723e-14 1.003905179186383473e-13 1.590669196976681083e-13 2.304449681482547974e-13 2.477369770768654154e-13 2.045074293119220705e-13 1.586698636057723477e-13 1.578404462763035378e-13 1.247724322244359751e-13 1.113102868468767213e-13 9.227619354276492558e-14 7.856073928839100734e-14 6.691191838715370695e-14 5.743971285347698862e-14 4.967868610797627611e-14 4.321419641483597595e-14 3.787034473529407700e-14 3.316324542613709830e-14 2.891355941116726931e-14 2.507920006442192287e-14 -4.283440781790206918e-14 -8.039664407726521649e-14 -1.271695075367774838e-13 -1.826251864426954328e-13 -1.930917170259448660e-13 -1.544948726401650295e-13 -1.158660619779868223e-13 -1.162009014502537669e-13 -9.043552197520116895e-14 -8.154733095021527656e-14 -6.809139316209443051e-14 -5.887689691530980623e-14 -5.102505431248131496e-14 -4.456579495012428132e-14 -3.912543377520480302e-14 -3.443483505431216315e-14 -3.032182821067196536e-14 -2.654476416713236625e-14 -2.298116573565571325e-14 -1.955910171876877266e-14 -6.388878321781532959e-14 -1.185370942301453839e-13 -1.878487558350045532e-13 -2.683419959852283483e-13 -2.819840465721073408e-13 -2.229210410976886535e-13 -1.657446458294588167e-13 -1.680112519317857559e-13 -1.310335042855527523e-13 -1.195374075671898369e-13 -1.008837848110339380e-13 -8.825891325445020974e-14 -7.729935821248090739e-14 -6.806699695875313751e-14 -6.003677933958402874e-14 -5.286936861887807227e-14 -4.638365044742275767e-14 -4.027088405040950577e-14 -3.434306179330197103e-14 -2.882122313708049639e-14
-8.269154626731016093e-14 -6.381041679774401776e-14 -5.105067643696721373e-14 -4.118721622801426378e-14 -3.728011027947303361e-14 -3.219942146531694562e-14 -2.506430589450553368e-14 -2.182309753654439442e-14 -1.805310563697748773e-14 -1.548869603311946697e-14 -1.294960945026059419e-14 -1.092496787949074857e-14 -9.129628267907215446e-15 -7.557075277908075957e-15 -6.178202915405150636e-15 -4.961082898069450698e-15 -3.905525949693524501e-15 -3.002964437142659991e-15 -2.240388733712604183e-15 -1.625662950667009046e-15 6.837709669990627902e-13 5.148535520591325480e-13 4.051561004293385273e-13 3.269574915497212492e-13 3.037349440340022807e-13 2.669277544859266476e-13 2.079701970633068121e-13 1.846561931892079375e-13 1.536986942484476267e-13 1.327023250667264085e-13 1.106216148473729015e-13 9.275078942186001635e-14 7.663290911399322575e-14 6.241218207178260085e-14 4.995674353931853014e-14 3.909540274059274033e-14 2.999562493200890882e-14 2.250351751224548757e-14 1.644279815389919116e-14 1.171766012195331856e-14 -5.088672542331935780e-13 -3.784644832969290035e-13 -2.965477541692543825e-13 -2.420085302937861347e-13 -2.301148510146571187e-13 -2.045107538207846682e-13 -1.590053405238655906e-13 -1.420148571825823189e-13 -1.174268822125478590e-13 -1.005562081453631882e-13 -8.241582132684815076e-14 -6.769801085276947725e-14 -5.447635169574595938e-14 -4.293828838235832188e-14 -3.303522777738321722e-14 -2.467690511427596273e-14 -1.789265624392684055e-14 -1.256152185656518869e-14 -8.487445210066704074e-15 -5.410380231993883139e-15 -7.469484585839508650e-13 -5.564844515401907234e-13 -4.382428704646258046e-13 -3.611310294061674986e-13 -3.455701659702048308e-13 -3.075336697209544386e-13 -2.387654232733543631e-13 -2.125525251999293184e-13 -1.744072342653794392e-13 -1.479581728139483062e-13 -1.196863927780309797e-13 -9.683929372505119782e-14 -7.655991795502442057e-14 -5.914431172941125033e-14 -4.449485501811635940e-14 -3.242627271016016179e-14 -2.291063576115684504e-14 -1.565151704562751568e-14 -1.011225895714493977e-14 -5.939636841930338090e-15 -3.857103444455737716e-15 -7.298593678869717202e-15 -1.167108725526125791e-14 -1.699766984752389656e-14 -1.863190210557702267e-14 -1.592904128065792928e-14 -1.291934243237041517e-14 -1.294658160323331321e-14 -1.057797736192852712e-14 -9.486163848629330907e-15 -7.937469582988531751e-15 -6.735086807188695504e-15 -5.681018188681709786e-15 -4.804944339428667828e-15 -4.083600472018350568e-15 -3.487125664832410758e-15 -3.002240748244637671e-15 -2.599350403423677087e-15 -2.258950168737994251e-15 -1.971939168263327059e-15 3.610029677539966523e-14 6.881663399680832306e-14 1.089864663238489754e-13 1.579188198368212647e-13 1.697664203787631761e-13 1.401351964429690295e-13 1.087393781414960343e-13 1.081618667000018916e-13 8.550217293676448877e-14 7.628375002945181061e-14 6.323979922956796019e-14 5.383917767743681161e-14 4.585791090092999162e-14 3.936501868871341783e-14 3.404214102014262805e-14 2.961174203427393151e-14 2.596790540636484887e-14 2.275146976060486515e-14 1.985721219879382879e-14 1.722577716975217239e-14 -2.935658401487327533e-14 -5.509957984603621208e-14 -8.715519157132708870e-14 -1.251615799224444082e-13 -1.323348078489035465e-13 -1.058825880435349743e-13 -7.940843223762825895e-14 -7.963792175448881323e-14 -6.197969615419409342e-14 -5.588820479203594150e-14 -4.666621977737963173e-14 -4.035109856817570782e-14 -3.496985981757588552e-14 -3.054302516876764595e-14 -2.681448795505190268e-14 -2.359980343322373136e-14 -2.078096992889017815e-14 -1.819237052366537133e-14 -1.575006492185387686e-14 -1.340476075158164046e-14 -4.378617791953878996e-14 -8.123905758598696085e-14 -1.287414699317518592e-13 -1.839073430403611541e-13 -1.932568779043721562e-13 -1.527782462568499366e-13 -1.135925637703548321e-13 -1.151459805300837674e-13 -8.980339544607465875e-14 -8.192458321912388272e-14 -6.914038143872762741e-14 -6.048797077240109115e-14 -5.297687082256726615e-14 -4.664949856363825558e-14 -4.114601092835173868e-14 -3.623385196854806652e-14 -3.178888841285373195e-14 -2.759952228231339262e-14 -2.353690250638149884e-14 -1.975252131117303292e-14
-1.240230941756921518e-11 -9.570464221243439635e-12 -7.656723645469231084e-12 -6.177375328789544815e-12 -5.591375681754324186e-12 -4.829360857498635821e-12 -3.759215865699428228e-12 -3.273090244551672996e-12 -2.707655455691642785e-12 -2.323037106657980897e-12 -1.942216926613059164e-12 -1.638555188479804206e-12 -1.369285235847959962e-12 -1.133428565142051759e-12 -9.266217373021745231e-13 -7.440740766090631999e-13 -5.857600678177028862e-13 -4.503925417220875814e-13 -3.360199523243668558e-13 -2.438217631292828236e-13 -3.410887861970264526e-11 -2.566058060725694038e-11 -2.018023370263290059e-11 -1.626552637479243501e-11 -1.510664956060989332e-11 -1.326482236624112078e-11 -1.031624647123159310e-11 -9.150776912534217474e-12 -7.603708849678010518e-12 -6.553880111257732647e-12 -5.450480898918097165e-12 -4.557804350947117675e-12 -3.752619497328481203e-12 -3.042001986388901455e-12 -2.420335889993499417e-12 -1.879440156711054445e-12 -1.423297100129739872e-12 -1.046931481471345646e-12 -7.424959580247385264e-13 -5.088672542331935780e-13 2.291270908693739082e-10 1.703910366188156736e-10 1.335371075854115932e-10 1.089708658279231118e-10 1.036225018072566647e-10 9.209178848693876367e-11 7.160452738325530506e-11 6.395550471485388678e-11 5.288582803539989860e-11 4.529000707410652006e-11 3.712219179269359968e-11 3.049531211085232816e-11 2.454175595352051049e-11 1.934631804020173746e-11 1.488649003450787440e-11 1.112219703870399684e-11 8.065911912808250191e-12 5.662837370982905832e-12 3.825928896721313139e-12 2.439339181340875278e-12 -1.120294115041463844e-10 -8.346309101704422062e-11 -6.572888647799334028e-11 -5.416343987986685245e-11 -5.182957420448844039e-11 -4.612475555572989798e-11 -3.581070444367320712e-11 -3.187922029737672888e-11 -2.615807812487739115e-11 -2.219117174150298350e-11 -1.795089342961986311e-11 -1.452422110069884555e-11 -1.148266236584462768e-11 -8.870612276220389888e-12 -6.673444554898796321e-12 -4.863356206608640977e-12 -3.436179067609367689e-12 -2.347438688019671365e-12 -1.516646758422346279e-12 -8.908229946084392411e-13 -5.784813068479726429e-13 -1.094671492729650574e-12 -1.750457103829922307e-12 -2.549363635648707623e-12 -2.794462178473961706e-12 -2.389079470044227517e-12 -1.937680176321591856e-12 -1.941764229574900510e-12 -1.586514834139324345e-12 -1.422760958538169018e-12 -1.190483713600713767e-12 -1.010146794560083318e-12 -8.520551389291978828e-13 -7.206589813617587433e-13 -6.124700748620160929e-13 -5.230090666207776068e-13 -4.502846946112037257e-13 -3.898583111131758664e-13 -3.388042440396007655e-13 -2.957574028188237303e-13 -1.815904000157418624e-12 -3.435771765053834331e-12 -5.455601079419706098e-12 -7.894914654958209236e-12 -8.489425835967141960e-12 -7.008594852187392797e-12 -5.436951525684033780e-12 -5.409473111365274354e-12 -4.276286734097785423e-12 -3.814865190746882146e-12 -3.162340359196972737e-12 -2.692218195039555976e-12 -2.292577809165367027e-12 -1.967503134318482864e-12 -1.701488964171198127e-12 -1.480008742775627841e-12 -1.295838562338964573e-12 -1.134886842118999983e-12 -9.909367348500798044e-13 -8.615486106689418143e-13 1.321082583044476591e-11 2.479638487300130121e-11 3.922373931621275115e-11 5.632704511990523992e-11 5.955915054185735182e-11 4.765552656505688215e-11 3.574262991502132879e-11 3.584716470129239134e-11 2.790025442209326725e-11 2.515826019897307222e-11 2.100758636969462559e-11 1.816537130828401402e-11 1.574338024210497147e-11 1.375104570257466791e-11 1.207245577026070909e-11 1.062559119963766505e-11 9.356539005134364449e-12 8.191181104302828422e-12 7.092440720286487412e-12 6.037922763482769089e-12 -6.567066108599631350e-12 -1.218444165495095897e-11 -1.930904680645259501e-11 -2.758293294723228110e-11 -2.898520294098623529e-11 -2.291409851927097437e-11 -1.703693171880673272e-11 -1.726991462222042163e-11 -1.346896455170950909e-11 -1.228727766634756962e-11 -1.036986770269743598e-11 -9.072152350277025549e-12 -7.945618542626755767e-12 -6.996623040609093502e-12 -6.171196425740594588e-12 -5.434455399123914777e-12 -4.767785866403491420e-12 -4.139453601889341260e-12 -3.530133497089820303e-12 -2.962544915085402709e-12
-9.224082873253731713e-12 -7.117928774601693394e-12 -5.694605019975457029e-12 -4.594355788516851164e-12 -4.158524913148942925e-12 -3.591784672875414609e-12 -2.795875960710577396e-12 -2.434325311284109435e-12 -2.013789326305412235e-12 -1.727733602949879755e-12 -1.444502727294677690e-12 -1.218657607247353849e-12 -1.018391006243064931e-12 -8.429751660762741235e-13 -6.891648364931804662e-13 -5.533969942233004136e-13 -4.356526774431843618e-13 -3.349745568068196184e-13 -2.499111894971689445e-13 -1.813397885879368215e-13 -2.536810786479645191e-11 -1.908477800832972719e-11 -1.500882954736140665e-11 -1.209730852140567752e-11 -1.123540647146941873e-11 -9.865567511192858051e-12 -7.672596224728652128e-12 -6.805790899473453837e-12 -5.655175828896926378e-12 -4.874377102461640246e-12 -4.053735923852735752e-12 -3.389817441188082024e-12 -2.790969959629975039e-12 -2.262455897228686546e-12 -1.800098493282084882e-12 -1.397813156689996152e-12 -1.058561728112202099e-12 -7.786438986787280415e-13 -5.522232928452274092e-13 -3.784644832969290035e-13 1.703910366188156736e-10 1.267686367974911163e-10 9.932113276592710629e-11 8.107095387985045768e-11 7.708062897176545795e-11 6.850545410521348738e-11 5.326965542569585076e-11 4.757806307342364526e-11 3.934459410356928678e-11 3.369406910642523720e-11 2.761856581462449176e-11 2.268904502169141820e-11 1.826066485527664110e-11 1.439558051867192517e-11 1.107791409649581407e-11 8.277520002155715933e-12 6.003746487756862331e-12 4.215204131321498429e-12 2.847670259967182933e-12 1.815831217728866986e-12 -8.332065752185263623e-11 -6.207476706511598492e-11 -4.888514512089076703e-11 -4.028346989239407280e-11 -3.854768263480148390e-11 -3.430478575746140707e-11 -2.663382232392203001e-11 -2.370982370535420415e-11 -1.945478635255740018e-11 -1.650444282076361662e-11 -1.335078191073480594e-11 -1.080223159566061679e-11 -8.540105328001772785e-12 -6.597421409536360480e-12 -4.963301783570637521e-12 -3.617068197296640701e-12 -2.555620731374846705e-12 -1.745881916852417105e-12 -1.127989453826500162e-12 -6.625398177941253701e-13 -4.302390941555357202e-13 -8.141500700438472563e-13 -1.301883424604130322e-12 -1.896061532947352177e-12 -2.078350868747988413e-12 -1.776851883578152666e-12 -1.441128582949925961e-12 -1.444166046178518099e-12 -1.179953170807284463e-12 -1.058163001817005736e-12 -8.854093259895329576e-13 -7.512857009187156036e-13 -6.337067523811867901e-13 -5.359822870808108886e-13 -4.555179647558756139e-13 -3.889823116569461899e-13 -3.348943502790696418e-13 -2.899528853374578535e-13 -2.519819782553985143e-13 -2.199663571536957155e-13 -1.350558630989352350e-12 -2.555317993607224016e-12 -4.057543991054770287e-12 -5.871757049041500757e-12 -6.313918192766586242e-12 -5.212566239383639011e-12 -4.043673633518770376e-12 -4.023236846915351740e-12 -3.180441797446747052e-12 -2.837264532351430123e-12 -2.351956280660745371e-12 -2.002308024512578016e-12 -1.705079836557926452e-12 -1.463309079210887534e-12 -1.265463934358222018e-12 -1.100740423942324233e-12 -9.637658510512678688e-13 -8.440597604441083261e-13 -7.369984372051442375e-13 -6.407674250145838373e-13 9.821422248426767154e-12 1.844613931042528603e-11 2.916991107110150652e-11 4.189691225888362083e-11 4.429754079206137352e-11 3.544428503287359962e-11 2.658518085922047294e-11 2.666252170818702975e-11 2.075240906892356181e-11 1.871300495448226269e-11 1.562582043684518315e-11 1.351175476791356428e-11 1.171043889006986366e-11 1.022831440108726043e-11 8.979948236335916673e-12 7.903812679782961414e-12 6.959917229994316314e-12 6.092829511592241697e-12 5.275784145881993134e-12 4.492124224249014175e-12 -4.884183509171803569e-12 -9.062045991418777290e-12 -1.436089397400304307e-11 -2.051450665507116735e-11 -2.155742972981401951e-11 -1.704211175000976720e-11 -1.267103285928047211e-11 -1.284431134730363051e-11 -1.001739604015610546e-11 -9.138529255624738711e-12 -7.712476430553183971e-12 -6.747314723948667331e-12 -5.909467454958332237e-12 -5.203662369250231030e-12 -4.589760302630873177e-12 -4.041817160352475769e-12 -3.545988931444390179e-12 -3.078673639827691824e-12 -2.625498447772466410e-12 -2.203360625067692264e-12
-7.227576464660460216e-12 -5.577288844980531223e-12 -4.462036363523026688e-12 -3.599930547094684713e-12 -3.258433080303022230e-12 -2.814360913258488935e-12 -2.190722646184432822e-12 -1.907427819483227592e-12 -1.577914740352910387e-12 -1.353774346454432156e-12 -1.131847375435428165e-12 -9.548852988691719025e-13 -7.979653972847261753e-13 -6.605174383736160519e-13 -5.399985806296309087e-13 -4.336170087547634921e-13 -3.413578513779655608e-13 -2.624709986670630291e-13 -1.958191668707053921e-13 -1.420897007843305029e-13 -1.987730833436011054e-11 -1.495397366993395945e-11 -1.176024377834794178e-11 -9.478906841731727008e-12 -8.803559171687212763e-12 -7.730214971051840360e-12 -6.011901306877636222e-12 -5.332711644561087086e-12 -4.431141434587370705e-12 -3.819342679173129108e-12 -3.176325164938324974e-12 -2.656108502662667352e-12 -2.186878546375767962e-12 -1.772758707285404421e-12 -1.410476240613431199e-12 -1.095263555693010132e-12 -8.294413823394974749e-13 -6.101103518399141463e-13 -4.326973425150327705e-13 -2.965477541692543825e-13 1.335371075854115932e-10 9.932113276592710629e-11 7.784552724677407581e-11 6.352866247460620089e-11 6.040603567669619977e-11 5.368682404164437515e-11 4.174617723305875275e-11 3.728696623274451448e-11 3.083478961217431894e-11 2.640705178035449607e-11 2.164583902304077307e-11 1.778256987498777986e-11 1.431200334315501896e-11 1.128299215352103544e-11 8.682895605302171558e-12 6.488080888217027523e-12 4.705787069750181327e-12 3.304139755431199999e-12 2.232455208324857581e-12 1.423570231777332784e-12 -6.528631972846776315e-11 -4.863899553102703877e-11 -3.830420101677607067e-11 -3.156431517383606579e-11 -3.020423036831103613e-11 -2.687968720252999223e-11 -2.086906526199269690e-11 -1.857795145996424396e-11 -1.524389559327582980e-11 -1.293213911074260244e-11 -1.046107225376548817e-11 -8.464142856328136411e-12 -6.691642463324406001e-12 -5.169442763448312704e-12 -3.889020128776407858e-12 -2.834172081792737130e-12 -2.002469566077004627e-12 -1.367994638725854568e-12 -8.838418887247895080e-13 -5.191364992725746696e-13 -3.371160885616790911e-13 -6.379313383294133072e-13 -1.020097321164409681e-12 -1.485668510776211764e-12 -1.628502274549082238e-12 -1.392261230784969471e-12 -1.129203534384120793e-12 -1.131583560427135617e-12 -9.245582325181361772e-13 -8.291289369133167128e-13 -6.937669253273949193e-13 -5.886736861415130233e-13 -4.965441080457557654e-13 -4.199716131464712832e-13 -3.569233879798448222e-13 -3.047890430393870891e-13 -2.624081491215989967e-13 -2.271940374061275692e-13 -1.974417419103958436e-13 -1.723557418076178595e-13 -1.058237219254899810e-12 -2.002232179592355790e-12 -3.179309005671353378e-12 -4.600844675938312293e-12 -4.947302341852558416e-12 -4.084332486169227193e-12 -3.168440775372219381e-12 -3.152427442002470356e-12 -2.492051142289715746e-12 -2.223152877888389811e-12 -1.842887158051299895e-12 -1.568918515058640981e-12 -1.336023869240993498e-12 -1.146583177988880993e-12 -9.915606174798690378e-13 -8.624906856014093434e-13 -7.551635731397239442e-13 -6.613672622905677776e-13 -5.774788201441688005e-13 -5.020765278406509416e-13 7.696268166771200842e-12 1.445180771846187062e-11 2.285796654032545693e-11 3.282756021696584760e-11 3.470953830570837076e-11 2.777324527391737721e-11 2.083119638086188716e-11 2.089218013484844066e-11 1.626110556073866614e-11 1.466316466405290736e-11 1.224414264957898757e-11 1.058768783428472721e-11 9.176376868999055815e-12 8.015231915971535123e-12 7.037056401091160531e-12 6.193836814916025304e-12 5.454192813012180112e-12 4.775041211980982244e-12 4.134768931696257629e-12 3.520440855524786545e-12 -3.827027033455177689e-12 -7.100611745045814346e-12 -1.125255040685654087e-11 -1.607424474966304536e-11 -1.689143236023495189e-11 -1.335343230708842257e-11 -9.928451433010381693e-12 -1.006422467642649112e-11 -7.849180980637981105e-12 -7.160540500194676217e-12 -6.043149644731553346e-12 -5.286892354277177722e-12 -4.630392909011464003e-12 -4.077355781975555834e-12 -3.596329725389555345e-12 -3.166986132191336795e-12 -2.778477440065627722e-12 -2.412310193354682144e-12 -2.057222481261091017e-12 -1.726454253314749609e-12
-5.898325786605778542e-12 -4.551548743057173845e-12 -3.641406535059466965e-12 -2.937853840660961902e-12 -2.659162443665634997e-12 -2.296761263895519449e-12 -1.787818644190953681e-12 -1.556625629709508087e-12 -1.287714527776432897e-12 -1.104796623984222782e-12 -9.236850656326622796e-13 -7.792687446598102733e-13 -6.512085713487807457e-13 -5.390391742825988580e-13 -4.406853943451554712e-13 -3.538688503523609456e-13 -2.785774336623478481e-13 -2.141989690309794525e-13 -1.598053316854931073e-13 -1.159574540912228745e-13 -1.622159805069368460e-11 -1.220373231089142882e-11 -9.597373260343646564e-12 -7.735605577218615799e-12 -7.184463607936274045e-12 -6.308522168582477046e-12 -4.906230007235414842e-12 -4.351952653509227482e-12 -3.616193584586496423e-12 -3.116913014582275747e-12 -2.592155255394949319e-12 -2.167613590474970765e-12 -1.784681482905889441e-12 -1.446723957407431039e-12 -1.151070218200309591e-12 -8.938294572745317787e-13 -6.768956614642340565e-13 -4.979026416546278557e-13 -3.531183367348198292e-13 -2.420085302937861347e-13 1.089708658279231118e-10 8.107095387985045768e-11 6.352866247460620089e-11 5.185629136447971477e-11 4.930194177573475697e-11 4.381931800802112273e-11 3.407559423980149781e-11 3.043551073972958522e-11 2.516982395207665201e-11 2.155588621398201603e-11 1.766983507412457932e-11 1.451667739515494144e-11 1.168413656250685006e-11 9.211769752547784437e-12 7.089548020365942649e-12 5.297966148407393877e-12 3.843183474271767410e-12 2.698800652889592440e-12 1.823575562497884847e-12 1.163017208905211425e-12 -5.327926788639540876e-11 -3.969361551884225395e-11 -3.125953178658137757e-11 -2.575920364063012860e-11 -2.464925709247531676e-11 -2.193614313541124058e-11 -1.703095723247691219e-11 -1.516121075378510922e-11 -1.244033355263047614e-11 -1.055374084890331311e-11 -8.537137182212510572e-12 -6.907470550302464331e-12 -5.460957336415548713e-12 -4.218711004536092151e-12 -3.173775684084539108e-12 -2.312928612206410182e-12 -1.634187668908982250e-12 -1.116401428165983695e-12 -7.212910395075286153e-13 -4.236599637624827062e-13 -2.751156330885357304e-13 -5.206070718461648656e-13 -8.324873491026716088e-13 -1.212433699988565712e-12 -1.328998292059634119e-12 -1.136205223350305734e-12 -9.215274900995396527e-13 -9.234697835889284855e-13 -7.545192644708642144e-13 -6.766407222317030047e-13 -5.661736479996366437e-13 -4.804084985420746946e-13 -4.052228213328123680e-13 -3.427330595244221136e-13 -2.912802723143124247e-13 -2.487341496979317691e-13 -2.141476850652478420e-13 -1.854099349123480189e-13 -1.611294966809772783e-13 -1.406571556462377737e-13 -8.636124014118808467e-13 -1.633994293198551686e-12 -2.594590305539393419e-12 -3.754686190649256174e-12 -4.037425365586625508e-12 -3.333167532476964123e-12 -2.585720976798464499e-12 -2.572652688552876807e-12 -2.033728680706136729e-12 -1.814284493273131577e-12 -1.503954870694558693e-12 -1.280372819117887101e-12 -1.090310713187823533e-12 -9.357107695333108564e-13 -8.091989963422928095e-13 -7.038667952737269454e-13 -6.162786101137023575e-13 -5.397327350192291290e-13 -4.712725399487073727e-13 -4.097377645708862452e-13 6.279530373796940334e-12 1.179503521222487385e-11 1.865274028064867837e-11 2.679116529581619089e-11 2.832575923902997619e-11 2.266496169369700062e-11 1.700006163821122336e-11 1.704980679912150531e-11 1.327063387294806841e-11 1.196661042193221721e-11 9.992478261455852150e-12 8.640823094971876525e-12 7.489173798721089368e-12 6.541518821299460014e-12 5.743298007481725887e-12 5.055116704144514228e-12 4.451553856319370842e-12 3.897172151978732421e-12 3.374645152539946516e-12 2.873552618192755428e-12 -3.123183113104836045e-12 -5.794711437098567467e-12 -9.183052079923483332e-12 -1.311797010198255013e-11 -1.378486568190667048e-11 -1.089755242169702170e-11 -8.102472728217860078e-12 -8.213275377711446018e-12 -6.405608687119181733e-12 -5.843618652928976395e-12 -4.931731341564381822e-12 -4.314560138976213081e-12 -3.778799986394954967e-12 -3.327474004630679090e-12 -2.934915270970536541e-12 -2.584533851027819465e-12 -2.267477234566574774e-12 -1.968653184318141852e-12 -1.678871012944179705e-12 -1.408935643264321753e-12
-5.608447872665750012e-12 -4.327859267017894178e-12 -3.462446707799715578e-12 -2.793470655277916152e-12 -2.528475782832075751e-12 -2.183885081431345703e-12 -1.699954857549575885e-12 -1.480124009542822698e-12 -1.224428770180488266e-12 -1.050500527219797049e-12 -8.782898532095975977e-13 -7.409709920744735639e-13 -6.192044363557956160e-13 -5.125477048394994962e-13 -4.190275952157952031e-13 -3.364777280353432922e-13 -2.648865478984561438e-13 -2.036719970319897786e-13 -1.519515688390840255e-13 -1.102586285734787639e-13 -1.542437471289528887e-11 -1.160397019264875057e-11 -9.125702722504893832e-12 -7.355433053378203638e-12 -6.831377425815978986e-12 -5.998484816048549145e-12 -4.665109424400404089e-12 -4.138072484264992528e-12 -3.438472903697131455e-12 -2.963729900038741655e-12 -2.464761787772172626e-12 -2.061084559082439632e-12 -1.696971941496620565e-12 -1.375623635040915862e-12 -1.094500032413308210e-12 -8.499016071843748813e-13 -6.436291571506441591e-13 -4.734328633384304200e-13 -3.357640788133610928e-13 -2.301148510146571187e-13 1.036225018072566647e-10 7.708062897176545795e-11 6.040603567669619977e-11 4.930194177573475697e-11 4.687992095274608310e-11 4.166514250703100991e-11 3.240029537618575628e-11 2.893976458758140064e-11 2.393296795484166017e-11 2.049680901476279903e-11 1.680198921488823717e-11 1.380394116231417528e-11 1.111048340660459338e-11 8.759647987682494894e-12 6.741665925820448017e-12 5.038026260532602969e-12 3.654582214889542257e-12 2.566545145092673298e-12 1.734346797307274011e-12 1.106053110840502719e-12 -5.066081598539261917e-11 -3.774284125403372755e-11 -2.972325729884348353e-11 -2.449324711205181595e-11 -2.343784982623867130e-11 -2.085807399214601953e-11 -1.619395731181364594e-11 -1.441610101691022462e-11 -1.182894355973416806e-11 -1.003506898704602223e-11 -8.117572878020164610e-12 -6.567997516764202554e-12 -5.192574363653309949e-12 -4.011379343663294713e-12 -3.017798218818292390e-12 -2.199258286727583230e-12 -1.553874538568061540e-12 -1.061535277460699387e-12 -6.858428814835340098e-13 -4.028391542140213375e-13 -2.615951164999209838e-13 -4.950213065850598386e-13 -7.915741718227407178e-13 -1.152847600034798846e-12 -1.263683651667125585e-12 -1.080365552905273412e-12 -8.762382729247298833e-13 -8.780851305742048134e-13 -7.174378119490993982e-13 -6.433866818226373377e-13 -5.383485961631335560e-13 -4.567984459403031183e-13 -3.853078213159763128e-13 -3.258891707736563353e-13 -2.769650678779469203e-13 -2.365099090121824145e-13 -2.036232233521480143e-13 -1.762978093385130134e-13 -1.532106509275431896e-13 -1.337444412544571148e-13 -8.211701545821617622e-13 -1.553690134093196563e-12 -2.467077197574056599e-12 -3.570158993107740128e-12 -3.839002972818081116e-12 -3.169356448515758190e-12 -2.458643631169794165e-12 -2.446217635223528172e-12 -1.933779459377053872e-12 -1.725120047354102315e-12 -1.430041815844675595e-12 -1.217447895104612482e-12 -1.036726523491405709e-12 -8.897245170689078284e-13 -7.694302548114872043e-13 -6.692746948374151655e-13 -5.859911071317862890e-13 -5.132071329315739236e-13 -4.481114546361046166e-13 -3.896008566837073099e-13 5.971301828582653382e-12 1.121461791644956340e-11 1.773622154000795528e-11 2.547292218410298180e-11 2.693317310013850813e-11 2.155018427582073100e-11 1.616358446848819939e-11 1.621089217949036959e-11 1.261749433277471850e-11 1.137770611512871271e-11 9.500814758124482047e-12 8.215640903948880306e-12 7.120574466558491773e-12 6.219656876854023954e-12 5.460746845144140753e-12 4.806460638327986047e-12 4.232632537925217849e-12 3.705687509298203481e-12 3.208801452120761690e-12 2.732194242193124231e-12 -2.969693357414230620e-12 -5.509926016073914060e-12 -8.731743081158370029e-12 -1.247327709351632398e-11 -1.310739755076463383e-11 -1.036198368576072548e-11 -7.704270240714604789e-12 -7.809627447894586090e-12 -6.090799949933215494e-12 -5.556429371708919788e-12 -4.689357482294772011e-12 -4.102517687365162744e-12 -3.593087865032736935e-12 -3.163942636069204383e-12 -2.790676486700869990e-12 -2.457514864979502236e-12 -2.156040269547482610e-12 -1.871902156473952652e-12 -1.596361517175839291e-12 -1.339692285105276611e-12
-4.984414923687840505e-12 -3.846313063732740387e-12 -3.077192020588156770e-12 -2.482650661089243170e-12 -2.247140868718993199e-12 -1.940891603874893993e-12 -1.510806652832714123e-12 -1.315435636823835994e-12 -1.088190738885931880e-12 -9.336149014223906791e-13 -7.805655247637617980e-13 -6.585256671618338690e-13 -5.503076625331619135e-13 -4.555182637505383229e-13 -3.724038189742253609e-13 -2.990389955019760911e-13 -2.354135221244072402e-13 -1.810101058240782088e-13 -1.350444336908574474e-13 -9.799052524755927625e-14 -1.370815691866453833e-11 -1.031283583601525314e-11 -8.110316770958596946e-12 -6.537018994752417667e-12 -6.071273258365235223e-12 -5.331053780507420365e-12 -4.146038540866393596e-12 -3.677643211729221054e-12 -3.055885701574466967e-12 -2.633965740683233635e-12 -2.190516116157664247e-12 -1.831754681788393828e-12 -1.508155638182520349e-12 -1.222562667528152573e-12 -9.727187334312316483e-13 -7.553359455864642207e-13 -5.720147291776155075e-13 -4.207555979613777879e-13 -2.984047508624022158e-13 -2.045107538207846682e-13 9.209178848693876367e-11 6.850545410521348738e-11 5.368682404164437515e-11 4.381931800802112273e-11 4.166514250703100991e-11 3.703243129397898292e-11 2.879804029802930653e-11 2.572271497319477889e-11 2.127299176260717080e-11 1.821915902006930676e-11 1.493530081758739185e-11 1.227065834468756378e-11 9.876739639332640833e-12 7.787258924676496312e-12 5.993567753922352928e-12 4.479220563529704046e-12 3.249469081293132502e-12 2.282214597894562057e-12 1.542337525239371099e-12 9.836519938180134859e-13 -4.502395903466807102e-11 -3.354332348114232140e-11 -2.641605139960049712e-11 -2.176796668400082638e-11 -2.082999987220362368e-11 -1.853726693369008777e-11 -1.439211067590496723e-11 -1.281207041368412661e-11 -1.051277718353917686e-11 -8.918500943866989465e-12 -7.214358113983554173e-12 -5.837198741218089496e-12 -4.614814252192894005e-12 -3.565046795529830961e-12 -2.682018068985968832e-12 -1.954554300064042324e-12 -1.380980207370328248e-12 -9.434218625368066066e-13 -6.095314828402086588e-13 -3.580166204409595649e-13 -2.324883258124763405e-13 -4.399419625657539051e-13 -7.034984046349544615e-13 -1.024574159568882798e-12 -1.123077864511462805e-12 -9.601569481097164805e-13 -7.787422153593096665e-13 -7.803835801554757648e-13 -6.376109428642143538e-13 -5.717992308536508434e-13 -4.784483761493929238e-13 -4.059720343046673315e-13 -3.424359284359252723e-13 -2.896285894397125268e-13 -2.461481051893358290e-13 -2.101942544940923525e-13 -1.809667586541253063e-13 -1.566817505357604452e-13 -1.361634217789538787e-13 -1.188631512194803695e-13 -7.298013648251714402e-13 -1.380816301366315420e-12 -2.192573899356231791e-12 -3.172919520118162084e-12 -3.411850152247412498e-12 -2.816712922539743213e-12 -2.185078702540594649e-12 -2.174035306469678461e-12 -1.718614385621087302e-12 -1.533171798380797029e-12 -1.270925919441100500e-12 -1.081986602789671638e-12 -9.213734837783459332e-13 -7.907278914037481358e-13 -6.838183628003755864e-13 -5.948067720952651325e-13 -5.207898666052350454e-13 -4.561043177869210590e-13 -3.982516140414368506e-13 -3.462512916971042801e-13 5.306554610924410844e-12 9.966905374900841869e-12 1.576240439814129051e-11 2.263882087987157436e-11 2.393610622118763494e-11 1.915227271835490503e-11 1.436487955427721223e-11 1.440683801876186235e-11 1.121327129612983101e-11 1.011147184741230862e-11 8.443424783825596188e-12 7.301329203307531654e-12 6.328217311077774748e-12 5.527595299837125903e-12 4.853196673006482666e-12 4.271757005933642648e-12 3.761852857415228491e-12 3.293562584590404547e-12 2.852028991350217716e-12 2.428471784303140675e-12 -2.639265719889783469e-12 -4.896855269930070577e-12 -7.760191658789590512e-12 -1.108541791208281162e-11 -1.164898193914982528e-11 -9.209040954937895308e-12 -6.847042253404542479e-12 -6.940676723473343258e-12 -5.413097323290543313e-12 -4.938184344943556345e-12 -4.167588599958245166e-12 -3.646044477544566134e-12 -3.193297180505010690e-12 -2.811901483029604378e-12 -2.480167389526934631e-12 -2.184075530969140036e-12 -1.916144990773842735e-12 -1.663621960318756285e-12 -1.418739790649098553e-12 -1.190629270530623730e-12
-3.875339430469653440e-12 -2.990475092370962077e-12 -2.392490142588058342e-12 -1.930239384679687021e-12 -1.747132561493533355e-12 -1.509026410095110736e-12 -1.174639086065378628e-12 -1.022739813397174345e-12 -8.460588739883251817e-13 -7.258774997586466339e-13 -6.068829355042839082e-13 -5.119980034447429679e-13 -4.278594421258643790e-13 -3.541615059982748523e-13 -2.895407449239103212e-13 -2.325002304372431990e-13 -1.830319752634373429e-13 -1.407337896946938497e-13 -1.049958774066723100e-13 -7.618678448195926525e-14 -1.065797327074249729e-11 -8.018140538072827329e-12 -6.305701041872541214e-12 -5.082475646612343478e-12 -4.720362371759555544e-12 -4.144848138826797490e-12 -3.223509054262687597e-12 -2.859335743312626210e-12 -2.375924665384463719e-12 -2.047885551179139427e-12 -1.703107309399455912e-12 -1.424173401542511223e-12 -1.172577947533964432e-12 -9.505318875109216406e-13 -7.562803927231127336e-13 -5.872671592541139520e-13 -4.447364999709509661e-13 -3.271338345706578837e-13 -2.320071100003962891e-13 -1.590053405238655906e-13 7.160452738325530506e-11 5.326965542569585076e-11 4.174617723305875275e-11 3.407559423980149781e-11 3.240029537618575628e-11 2.879804029802930653e-11 2.239658085292343759e-11 2.000524770803589859e-11 1.654543436257887721e-11 1.417076894822272249e-11 1.161724815733599883e-11 9.545132322683859419e-12 7.683490164885176207e-12 6.058540415608017240e-12 4.663581902194592249e-12 3.485631744194863589e-12 2.529039052758436663e-12 1.776613870972536615e-12 1.200869227218776151e-12 7.660409247159365287e-13 -3.500573817675892525e-11 -2.607964347173057885e-11 -2.053825116222843184e-11 -1.692440555383306129e-11 -1.619514448390359334e-11 -1.441256448204254777e-11 -1.118974139355427579e-11 -9.961273775448536851e-12 -8.173593206896276600e-12 -6.934057240562788549e-12 -5.609100949604681321e-12 -4.538371465860242124e-12 -3.587978114014294613e-12 -2.771793013624250300e-12 -2.085245827762273769e-12 -1.519649052873850569e-12 -1.073700161382346163e-12 -7.335023368718379029e-13 -4.739054578830083629e-13 -2.783548320347104441e-13 -1.807576689269324855e-13 -3.420510611498839215e-13 -5.469639189430350604e-13 -7.965975317742933124e-13 -8.731833134415898442e-13 -7.465137121273217512e-13 -6.054653267840563913e-13 -6.067414744024618112e-13 -4.957369852812910092e-13 -4.445689495527271180e-13 -3.719894684500962980e-13 -3.156397405199094979e-13 -2.662409682643177916e-13 -2.251837196663125868e-13 -1.913780196315304841e-13 -1.634242121567393143e-13 -1.407000872836397342e-13 -1.218187036932965457e-13 -1.058658807465782049e-13 -9.241507030057356484e-14 -5.674142640061066087e-13 -1.073572706820114230e-12 -1.704707219163482186e-12 -2.466917438901096423e-12 -2.652683944701737147e-12 -2.189969903308659190e-12 -1.698879763979897597e-12 -1.690293620651274162e-12 -1.336207798721954821e-12 -1.192027793941130682e-12 -9.881338943335040055e-13 -8.412352126080132293e-13 -7.163599030490808682e-13 -6.147840865691813595e-13 -5.316628536934279849e-13 -4.624571131217151681e-13 -4.049096104327147133e-13 -3.546171562505870456e-13 -3.096371796810933579e-13 -2.692073795301567805e-13 4.125195549615554974e-12 7.749443926674737404e-12 1.225486358828976503e-11 1.760159736665434028e-11 1.861010412219317786e-11 1.489062589992241869e-11 1.116864138712030951e-11 1.120111963777604854e-11 8.718105477383655948e-12 7.861503062447526261e-12 6.564689089719226880e-12 5.676806172300385943e-12 4.920311378391862634e-12 4.297914726059509021e-12 3.773639675059629178e-12 3.321556589976086691e-12 2.925221727982905898e-12 2.561215565065995170e-12 2.217919819352970643e-12 1.888675069144811294e-12 -2.052006293100948712e-12 -3.807262568217782931e-12 -6.033481778118141400e-12 -8.618816412380858297e-12 -9.056982561780440019e-12 -7.159949583335690639e-12 -5.323516045451184027e-12 -5.396316036417293589e-12 -4.208636283059444061e-12 -3.839395556178328150e-12 -3.240264038798188155e-12 -2.834768002350600624e-12 -2.482760899360908798e-12 -2.186229047270547450e-12 -1.928308661931865380e-12 -1.698099807393027790e-12 -1.489786133845788127e-12 -1.293451664598820411e-12 -1.103057897185927059e-12 -9.257039417584500267e-13
-3.461240619624448709e-12 -2.670928330184306478e-12 -2.136840966817699591e-12 -1.723983938381058567e-12 -1.560442972429223089e-12 -1.347779612026632482e-12 -1.049123197278692012e-12 -9.134550991781225784e-13 -7.556533795680737779e-13 -6.483139735080300848e-13 -5.420345602027068600e-13 -4.572885450556211223e-13 -3.821405964627142971e-13 -3.163176463844070384e-13 -2.586019253401769962e-13 -2.076564696575249996e-13 -1.634741299960458104e-13 -1.256957043185993874e-13 -9.377655775796718145e-14 -6.804585555747311374e-14 -9.519117145068511458e-12 -7.161363345267924693e-12 -5.631906310050831169e-12 -4.539388465150658296e-12 -4.215968761269299794e-12 -3.701951011471063020e-12 -2.879061478048218411e-12 -2.553801855824077457e-12 -2.122045604504393562e-12 -1.829059069873575371e-12 -1.521122058620316399e-12 -1.271993590825479690e-12 -1.047282326262093121e-12 -8.489629747543099403e-13 -6.754681935456642915e-13 -5.245148562326830566e-13 -3.972142748681872495e-13 -2.921780140141909535e-13 -2.072160340295039221e-13 -1.420148571825823189e-13 6.395550471485388678e-11 4.757806307342364526e-11 3.728696623274451448e-11 3.043551073972958522e-11 2.893976458758140064e-11 2.572271497319477889e-11 2.000524770803589859e-11 1.786999079800354459e-11 1.478002193260149434e-11 1.265911408754319525e-11 1.037839769486066523e-11 8.527625042295971834e-12 6.864727337293403615e-12 5.413179881591709497e-12 4.167062749005690321e-12 3.114679883816457445e-12 2.260061243145729291e-12 1.587843344473547301e-12 1.073413054378990473e-12 6.848175298473025115e-13 -3.126520534082395497e-11 -2.329290711838896081e-11 -1.834363945694714793e-11 -1.511595076008093621e-11 -1.446461479271197258e-11 -1.287251210044407891e-11 -9.994063271980415746e-12 -8.896863378080952985e-12 -7.300205172912958380e-12 -6.193119647169336618e-12 -5.009741348349857062e-12 -4.053424504963709798e-12 -3.204585298166863045e-12 -2.475613581039042728e-12 -1.862427297894234267e-12 -1.357267327766646925e-12 -9.589702123982438839e-13 -6.551241613572567683e-13 -4.232664596734912832e-13 -2.486113785319365367e-13 -1.614429320724420879e-13 -3.055012032878029665e-13 -4.885181999971978585e-13 -7.114771924482651120e-13 -7.798794562303248691e-13 -6.667451165160573624e-13 -5.407684147975668724e-13 -5.419082071794819473e-13 -4.427650833412519112e-13 -3.970646037727781008e-13 -3.322405908164960414e-13 -2.819121055842532579e-13 -2.377918289654347225e-13 -2.011217472965800955e-13 -1.709283488134514836e-13 -1.459615414845121935e-13 -1.256655994197809077e-13 -1.088017819431294731e-13 -9.455359488069655284e-14 -8.254006945335773229e-14 -5.067835478812473580e-13 -9.588561792175205345e-13 -1.522551022204412657e-12 -2.203315289331671158e-12 -2.369231834713430711e-12 -1.955961031458326394e-12 -1.517346211362675556e-12 -1.509677554269350847e-12 -1.193427513103329779e-12 -1.064653847028293179e-12 -8.825469974225987090e-13 -7.513451570297351151e-13 -6.398133727579389722e-13 -5.490914248370845474e-13 -4.748520947541353040e-13 -4.130413254885579745e-13 -3.616430549056721766e-13 -3.167245907200793848e-13 -2.765509375741014827e-13 -2.404412583417723050e-13 3.684414953776404713e-12 6.921201487277896839e-12 1.094545025485714854e-11 1.572054012466118154e-11 1.662140333689726902e-11 1.329938848712253410e-11 9.975080619064300861e-12 1.000409325466513416e-11 7.786250208838285886e-12 7.021096959068380548e-12 5.862881491512266426e-12 5.069938331402196941e-12 4.394323730177434455e-12 3.838515139589456719e-12 3.370360761105169747e-12 2.966642442940226093e-12 2.612767746634239546e-12 2.287741429850651047e-12 1.981160599618870025e-12 1.687103130431962743e-12 -1.832740050647513341e-12 -3.400438205453103945e-12 -5.388774769964242973e-12 -7.697854109403539761e-12 -8.089200077682040187e-12 -6.394874304839076308e-12 -4.754672533837203278e-12 -4.819693508362728174e-12 -3.758923086712180004e-12 -3.429137525243683705e-12 -2.894026113811010706e-12 -2.531859309287347313e-12 -2.217465861565148862e-12 -1.952619867789503095e-12 -1.722259516320321235e-12 -1.516649603360499570e-12 -1.330595263934800002e-12 -1.155240081639462198e-12 -9.851907954640545639e-13 -8.267879513041623999e-13
-2.861972426134834001e-12 -2.208492302878043804e-12 -1.766875110833421751e-12 -1.425498818057921710e-12 -1.290272831002183608e-12 -1.114429310228872367e-12 -8.674813240163908830e-13 -7.553023710589077463e-13 -6.248219536576093724e-13 -5.360669680732551104e-13 -4.481884489426104342e-13 -3.781150948865849393e-13 -3.159780213885406068e-13 -2.615514604753966075e-13 -2.138284507197200843e-13 -1.717035391577249662e-13 -1.351707663424824545e-13 -1.039331575579849192e-13 -7.754037972013450200e-14 -5.626460774741267211e-14 -7.871007481489618191e-12 -5.921467688917142233e-12 -4.656815970565745291e-12 -3.753453144939475142e-12 -3.486029335677628882e-12 -3.061006973623728951e-12 -2.380589923555655423e-12 -2.111644731697790046e-12 -1.754641411561751499e-12 -1.512381662948781242e-12 -1.257759897185988533e-12 -1.051764738094819260e-12 -8.659592522147022264e-13 -7.019763140801693195e-13 -5.585198656220815936e-13 -4.337021478014313679e-13 -3.284419404785327096e-13 -2.415912912927093603e-13 -1.713393360293230815e-13 -1.174268822125478590e-13 5.288582803539989860e-11 3.934459410356928678e-11 3.083478961217431894e-11 2.516982395207665201e-11 2.393296795484166017e-11 2.127299176260717080e-11 1.654543436257887721e-11 1.478002193260149434e-11 1.222537950040825026e-11 1.047171451226872648e-11 8.585724799418017286e-12 7.055127942520987196e-12 5.679794239567896195e-12 4.479196598274586257e-12 3.448488980461059121e-12 2.577868282296538387e-12 1.870852096312058305e-12 1.314690680061215964e-12 8.888837908534204050e-13 5.671621005466640770e-13 -2.585204724593167767e-11 -1.926004731655053481e-11 -1.516768014274780175e-11 -1.249882315175609601e-11 -1.196025748662087537e-11 -1.064380636702111031e-11 -8.263722967145996372e-12 -7.356488779736886117e-12 -6.036270977544528172e-12 -5.120862755058531376e-12 -4.142370772485168880e-12 -3.351627594504223072e-12 -2.649753729029812124e-12 -2.046994002726444482e-12 -1.539972863042435992e-12 -1.122274827337783645e-12 -7.929375293325809417e-13 -5.416983747326699835e-13 -3.499837532615086156e-13 -2.055679345816712534e-13 -1.334915140877353047e-13 -2.526075631140752058e-13 -4.039377993250102054e-13 -5.882942011489163201e-13 -6.448536509975439835e-13 -5.513070324299461870e-13 -4.471414735272066807e-13 -4.480839484620942874e-13 -3.661061415476332725e-13 -3.283181081974833844e-13 -2.747175144702806989e-13 -2.331027462358028022e-13 -1.966213055889719179e-13 -1.663001677623103308e-13 -1.413343538598795733e-13 -1.206902209563054292e-13 -1.039082533534250475e-13 -8.996417964473710431e-14 -7.818287650511121037e-14 -6.824933680888891522e-14 -4.190414253698975745e-13 -7.928426298548849605e-13 -1.258941491358005653e-12 -1.821840107088192960e-12 -1.959030671720189259e-12 -1.617312257899360167e-12 -1.254637678470086550e-12 -1.248296795086444989e-12 -9.868012606465008157e-13 -8.803230761566606123e-13 -7.297456214553709244e-13 -6.212596653635038223e-13 -5.290381176483170576e-13 -4.540234792658443368e-13 -3.926376983054092075e-13 -3.415286562323356161e-13 -2.990293260942972487e-13 -2.618878938834297295e-13 -2.286697632698702220e-13 -1.988120012718276850e-13 3.046225991181061306e-12 5.722991101536735437e-12 9.050303974853465228e-12 1.299878978506731035e-11 1.374360739636440788e-11 1.099675390387009152e-11 8.248054179226441541e-12 8.272060193646604549e-12 6.438201866961828820e-12 5.805365617866693917e-12 4.847581955522866588e-12 4.191922550107542802e-12 3.633354038716665521e-12 3.173896262735289566e-12 2.786920252399745617e-12 2.453158786394344396e-12 2.160689302915966508e-12 1.892000340350449658e-12 1.638500821096216022e-12 1.395434399866758044e-12 -1.515427057109338120e-12 -2.811697472970606052e-12 -4.455778759307804110e-12 -6.365072209507173023e-12 -6.688661771351141236e-12 -5.287686274936481505e-12 -3.931463631084935632e-12 -3.985227129023482361e-12 -3.108115095876620854e-12 -2.835427567559034175e-12 -2.392963637810755775e-12 -2.093501285395321984e-12 -1.833540886468736793e-12 -1.614549460966096461e-12 -1.424072937215378267e-12 -1.254061698818673784e-12 -1.100220240469674392e-12 -9.552254869931581863e-13 -8.146179438423466989e-13 -6.836404060647548964e-13
-2.450793358429661324e-12 -1.891198617353366191e-12 -1.513028472598203941e-12 -1.220697634021732068e-12 -1.104899556143991447e-12 -9.543194247802698384e-13 -7.428504181832278497e-13 -6.467881974145322732e-13 -5.350538922625958244e-13 -4.590503362735110136e-13 -3.837973224939773837e-13 -3.237914001120465486e-13 -2.705815471764712638e-13 -2.239744531611984411e-13 -1.831077947178668267e-13 -1.470349713810200701e-13 -1.157508331378841083e-13 -8.900110692125903039e-14 -6.640016422334293871e-14 -4.818107693199175676e-14 -6.740181247504059623e-12 -5.070731501135819754e-12 -3.987772059461879570e-12 -3.214195164909946499e-12 -2.985192121360082329e-12 -2.621232635689769389e-12 -2.038570988098676846e-12 -1.808265117385227859e-12 -1.502552426784595401e-12 -1.295098121476929863e-12 -1.077057829761428930e-12 -9.006579565259662668e-13 -7.415470969680404978e-13 -6.011235890711516399e-13 -4.782775010858321025e-13 -3.713923602996727583e-13 -2.812548254631053727e-13 -2.068819618331375520e-13 -1.467230706874905068e-13 -1.005562081453631882e-13 4.529000707410652006e-11 3.369406910642523720e-11 2.640705178035449607e-11 2.155588621398201603e-11 2.049680901476279903e-11 1.821915902006930676e-11 1.417076894822272249e-11 1.265911408754319525e-11 1.047171451226872648e-11 8.970402290842873472e-12 7.355451887992705209e-12 6.044586080117380679e-12 4.866611778603850451e-12 3.838236376001361442e-12 2.955330114637081045e-12 2.209448887717580212e-12 1.603728298121100741e-12 1.127236089293763488e-12 7.623039032370541192e-13 4.864963957758145303e-13 -2.213788835725741910e-11 -1.649295981516265877e-11 -1.298854232662526575e-11 -1.070311949401158420e-11 -1.024192952452845362e-11 -9.114612678645109505e-12 -7.076475389659201828e-12 -6.299583382058864939e-12 -5.169041112985373459e-12 -4.385149461651569411e-12 -3.547237209489012230e-12 -2.870099970973542105e-12 -2.269064218520232247e-12 -1.752903016971369487e-12 -1.318725533889332619e-12 -9.610382406440356621e-13 -6.790166968405437474e-13 -4.638729852278612058e-13 -2.997019449072731717e-13 -1.760343573720428578e-13 -1.143131027147966648e-13 -2.163153494499113094e-13 -3.459042125730638968e-13 -5.037739876806619839e-13 -5.522076846393936647e-13 -4.721008933907362231e-13 -3.829007205756954272e-13 -3.837078123385210433e-13 -3.135077342694119385e-13 -2.811487111936448592e-13 -2.352489010821634322e-13 -1.996129222162330710e-13 -1.683727554294250378e-13 -1.424078525217621993e-13 -1.210288683421776362e-13 -1.033506751126968025e-13 -8.897976940776285870e-14 -7.703903441646688708e-14 -6.695034716852099966e-14 -5.844395943957581538e-14 -3.588385692175931697e-13 -6.789348366982494171e-13 -1.078069700415769832e-12 -1.560096488396765140e-12 -1.677577184518552689e-12 -1.384953391140898077e-12 -1.074384072665543883e-12 -1.068954228539238077e-12 -8.450276916746311734e-13 -7.538472270630684974e-13 -6.249032026467591717e-13 -5.320034190462209398e-13 -4.530313032833965391e-13 -3.887940045983659796e-13 -3.362274957408238452e-13 -2.924612876190407857e-13 -2.560678358117845020e-13 -2.242624986685857066e-13 -1.958167953268289054e-13 -1.702486948205214420e-13 2.608341007414804140e-12 4.900918659377024549e-12 7.749893192657786998e-12 1.113131494950947158e-11 1.176901443100848395e-11 9.416781162448547642e-12 7.063037877622628788e-12 7.083562605458881968e-12 5.513235515219935732e-12 4.971307305617361936e-12 4.150930439620647354e-12 3.589357141531853121e-12 3.111071123861069468e-12 2.717720400141772703e-12 2.386462526966978704e-12 2.100733304576919135e-12 1.850418694819297305e-12 1.620418614416628454e-12 1.403341724010102240e-12 1.195244638961571915e-12 -1.297707669221653900e-12 -2.407741715328673530e-12 -3.815617152450073657e-12 -5.450603499151340782e-12 -5.727702996597509311e-12 -4.528005497686206227e-12 -3.366630932347626765e-12 -3.412670285127763539e-12 -2.661572753097625705e-12 -2.428062202888545106e-12 -2.049166980780460211e-12 -1.792728373373823951e-12 -1.570116406452626457e-12 -1.382587415742546981e-12 -1.219476589970486192e-12 -1.073890863282947931e-12 -9.421518036434153652e-13 -8.179884109782556822e-13 -6.975818800659930560e-13 -5.854218048751824800e-13
-2.008668960090347720e-12 -1.550025403843924644e-12 -1.240077346693376791e-12 -1.000483139963134229e-12 -9.055750990955326910e-13 -7.821596979529959693e-13 -6.088398117129426469e-13 -5.301072660502815902e-13 -4.385298908017344160e-13 -3.762374195455816918e-13 -3.145600917537447705e-13 -2.653792702059622864e-13 -2.217685020822356851e-13 -1.835693548619095735e-13 -1.500750617960319432e-13 -1.205097967008483325e-13 -9.486932839143529137e-14 -7.294526253251375291e-14 -5.442153936084478534e-14 -3.948918453810532259e-14 -5.524249041233783287e-12 -4.155968901286649032e-12 -3.268375904752334282e-12 -2.634352675066870270e-12 -2.446661907458412816e-12 -2.148360900265200709e-12 -1.670811718759199364e-12 -1.482053150015330439e-12 -1.231491193773035363e-12 -1.061461759424181207e-12 -8.827560521760398729e-13 -7.381788075354758390e-13 -6.077716267007572255e-13 -4.926805995061057437e-13 -3.919960093662580220e-13 -3.043930119220350127e-13 -2.305163259657051027e-13 -1.695603587280437029e-13 -1.202541581148951434e-13 -8.241582132684815076e-14 3.712219179269359968e-11 2.761856581462449176e-11 2.164583902304077307e-11 1.766983507412457932e-11 1.680198921488823717e-11 1.493530081758739185e-11 1.161724815733599883e-11 1.037839769486066523e-11 8.585724799418017286e-12 7.355451887992705209e-12 6.032262305583011622e-12 4.957911689923361303e-12 3.992222277447229016e-12 3.149061246455343493e-12 2.425116373661214235e-12 1.813387378953709576e-12 1.316529060691663536e-12 9.256445116373833635e-13 6.261557411180975846e-13 3.997161247245023290e-13 -1.814420179472059123e-11 -1.351762128726160017e-11 -1.064540254410604139e-11 -8.772271170065430642e-12 -8.394280125002409774e-12 -7.470331820083168545e-12 -5.799875549418410823e-12 -5.163135265944175539e-12 -4.236543427924087906e-12 -3.594066246480750904e-12 -2.907313792687509149e-12 -2.352332466478521593e-12 -1.859723881197756451e-12 -1.436678460434108963e-12 -1.080826825805791385e-12 -7.876665372587027069e-13 -5.565218100696596242e-13 -3.801901269984011011e-13 -2.456356225383700216e-13 -1.442777401418588196e-13 -9.369102307590071419e-14 -1.772919192476416225e-13 -2.835029310264603762e-13 -4.128928780850497271e-13 -4.525891400431417012e-13 -3.869336559486731464e-13 -3.138252273763988280e-13 -3.144867241888038385e-13 -2.569507750054591434e-13 -2.304293387942946944e-13 -1.928098774316518929e-13 -1.636026483801136823e-13 -1.379982221560362551e-13 -1.167174017948436401e-13 -9.919519655382371425e-14 -8.470615876216393073e-14 -7.292777184543356843e-14 -6.314115081988410761e-14 -5.487246760590563485e-14 -4.790063711174649723e-14 -2.941040687760262050e-13 -5.564545873042044098e-13 -8.835853886984695338e-13 -1.278654230871092743e-12 -1.374941408524467592e-12 -1.135107099207517897e-12 -8.805646188298117983e-13 -8.761143314115102115e-13 -6.925842542264118821e-13 -6.178527968875355796e-13 -5.121703403745881568e-13 -4.360297293052074600e-13 -3.713042196838493542e-13 -3.186553631366068893e-13 -2.755718772083618336e-13 -2.397011173591350972e-13 -2.098730647795465375e-13 -1.838054252996107459e-13 -1.604913382355247147e-13 -1.395357368491096729e-13 2.137524773401308973e-12 4.016979895429431355e-12 6.351609562728377765e-12 9.123263288969098942e-12 9.645843703787850804e-12 7.717909280912708994e-12 5.788870079019461835e-12 5.805633545127246428e-12 4.518603720425498434e-12 4.074464470370130915e-12 3.402092250828805674e-12 2.941608418885843130e-12 2.549497186918166876e-12 2.227158624341792825e-12 1.955795581690021999e-12 1.721696163154774676e-12 1.516677362927650002e-12 1.328311706055592156e-12 1.150464235992033739e-12 9.799874336846565690e-13 -1.063600912264727451e-12 -1.973383925124410370e-12 -3.127277684626396218e-12 -4.467311806083884430e-12 -4.694422407720582211e-12 -3.711150983913176195e-12 -2.759288954181646240e-12 -2.797022794029993294e-12 -2.181423641818288601e-12 -1.990038518586652855e-12 -1.679496190538092706e-12 -1.469319250728583364e-12 -1.286866591554725663e-12 -1.133167923137649825e-12 -9.994823686791127344e-13 -8.801603889186308855e-13 -7.721871294736542969e-13 -6.704228754253246473e-13 -5.717377348076340902e-13 -4.798113831435318779e-13
-1.649960867394871428e-12 -1.273221877541452224e-12 -1.018624338770992531e-12 -8.218168599169215728e-13 -7.438575005648702441e-13 -6.424816165345562990e-13 -5.001131963764615206e-13 -4.354407088435698446e-13 -3.602172244016457141e-13 -3.090489466387219253e-13 -2.583859593880575918e-13 -2.179878500949041916e-13 -1.821650922837587913e-13 -1.507875518285713550e-13 -1.232746681642859320e-13 -9.898917045927401200e-14 -7.792757108301293518e-14 -5.991869986848887776e-14 -4.470294036992814477e-14 -3.243720496239913753e-14 -4.537728677091266407e-12 -3.413796000714884349e-12 -2.684709354417401961e-12 -2.163909978307540044e-12 -2.009737035984266030e-12 -1.764706618429568009e-12 -1.372438168962168707e-12 -1.217388107926725033e-12 -1.011571511321617366e-12 -8.719059398294055769e-13 -7.251134995549018349e-13 -6.063548580416155632e-13 -4.992357871163622682e-13 -4.046977229066655062e-13 -3.219933858795014922e-13 -2.500345410135063387e-13 -1.893507422518096780e-13 -1.392802831609351412e-13 -9.877917799562659878e-14 -6.769801085276947725e-14 3.049531211085232816e-11 2.268904502169141820e-11 1.778256987498777986e-11 1.451667739515494144e-11 1.380394116231417528e-11 1.227065834468756378e-11 9.545132322683859419e-12 8.527625042295971834e-12 7.055127942520987196e-12 6.044586080117380679e-12 4.957911689923361303e-12 4.075853696030925252e-12 3.282661753589606682e-12 2.589851639470776441e-12 1.994932097223135562e-12 1.492115722036169722e-12 1.083594102744349371e-12 7.621399562953647747e-13 5.157210671507766016e-13 3.293355154337781723e-13 -1.490401036267671558e-11 -1.110364456170727253e-11 -8.744346633242061213e-12 -7.205719037782249097e-12 -6.895229647775385079e-12 -6.136280020350560550e-12 -4.764133810059183475e-12 -4.241102604724607322e-12 -3.479981552301333561e-12 -2.952237951728806246e-12 -2.388125737828288726e-12 -1.932252976150483904e-12 -1.527614434689733969e-12 -1.180116499729772274e-12 -8.878128533478919158e-13 -6.470051637770091654e-13 -4.571382410473945524e-13 -3.122958583440426811e-13 -2.017700903442574390e-13 -1.185127074133207460e-13 -7.695975555235710617e-14 -1.456310956655475241e-13 -2.328750008947796103e-13 -3.391584466689882580e-13 -3.717657846901972432e-13 -3.178350569532204593e-13 -2.577823154195048008e-13 -2.583256878130055734e-13 -2.110645060696322047e-13 -1.892792704483584936e-13 -1.583778912432445002e-13 -1.343864897916976396e-13 -1.133544997575997064e-13 -9.587400882211584513e-14 -8.148091779459188746e-14 -6.957933250027777574e-14 -5.990432975816328464e-14 -5.186540246988902323e-14 -4.507334019121041914e-14 -3.934653969042638941e-14 -2.415831591234477041e-13 -4.570828696171641194e-13 -7.257947424190803210e-13 -1.050312119548162452e-12 -1.129404404487918627e-12 -9.323997041158416851e-13 -7.233133847922211460e-13 -7.196578414493622719e-13 -5.689025595705492454e-13 -5.075166501724721328e-13 -4.207069647227827331e-13 -3.581635473389694005e-13 -3.049967133949675523e-13 -2.617498893796608651e-13 -2.263602490332671415e-13 -1.968952910992657579e-13 -1.723939338417474560e-13 -1.509814512596318211e-13 -1.318307897181665561e-13 -1.146174400760786058e-13 1.755644958251923912e-12 3.299734295563249344e-12 5.217205314298251333e-12 7.494000726923863566e-12 7.923250108217413191e-12 6.339561457441511195e-12 4.755091281591627026e-12 4.768819987155988450e-12 3.711609060412028555e-12 3.346770804724991715e-12 2.794567680960681010e-12 2.416342316597230656e-12 2.094016817960354706e-12 1.829119510184979865e-12 1.606290652350351302e-12 1.414071934709472639e-12 1.245782184537294530e-12 1.091194779418852397e-12 9.452042021114017906e-13 8.052821088843450603e-13 -8.736635169774336828e-13 -1.620977115365940277e-12 -2.568808279502358666e-12 -3.669539306547986097e-12 -3.856092495572602821e-12 -3.048413702882218401e-12 -2.266535141473392540e-12 -2.297530484504876830e-12 -1.791865018514325086e-12 -1.634657452086717349e-12 -1.379571769811028730e-12 -1.206928237742165788e-12 -1.057057965240666440e-12 -9.308067980053441426e-13 -8.209948014013633724e-13 -7.229813472498637588e-13 -6.342899580733662718e-13 -5.506987615365956639e-13 -4.696368003576953098e-13 -3.941266414451618833e-13
-1.327717622222630793e-12 -1.024557102941411213e-12 -8.196833695192997023e-13 -6.613130909383448444e-13 -5.985794751271993755e-13 -5.170026602068591900e-13 -4.024393015566266849e-13 -3.503975819372404932e-13 -2.898655146241903621e-13 -2.486905867075048410e-13 -2.079222638768352432e-13 -1.754140503326112955e-13 -1.465876046870740303e-13 -1.213382118255362389e-13 -9.919869173831729812e-14 -7.965623991526229707e-14 -6.270804254901475610e-14 -4.821636515277243733e-14 -3.597229612954006126e-14 -2.610210235323537637e-14 -3.651494074857638252e-12 -2.747069462752145107e-12 -2.160376038604442289e-12 -1.741290632057885156e-12 -1.617228220970087482e-12 -1.420053116689780442e-12 -1.104396096176290965e-12 -9.796278674493846223e-13 -8.140079907137662472e-13 -7.016196081778088069e-13 -5.834962569365040166e-13 -4.879316015969184558e-13 -4.017332651718693221e-13 -3.256588270758242633e-13 -2.591069419009681451e-13 -2.012019221363362032e-13 -1.523698791285426139e-13 -1.120783544040231466e-13 -7.948725619510280758e-14 -5.447635169574595938e-14 2.454175595352051049e-11 1.826066485527664110e-11 1.431200334315501896e-11 1.168413656250685006e-11 1.111048340660459338e-11 9.876739639332640833e-12 7.683490164885176207e-12 6.864727337293403615e-12 5.679794239567896195e-12 4.866611778603850451e-12 3.992222277447229016e-12 3.282661753589606682e-12 2.644832456249157627e-12 2.087335170510049409e-12 1.608363875352730978e-12 1.203459212600908515e-12 8.743589107935612330e-13 6.152570510997282023e-13 4.165016876150553576e-13 2.660877030405327799e-13 -1.199320397458340077e-11 -8.935063165524419408e-12 -7.036544545196992359e-12 -5.798416401905798067e-12 -5.548566707540493007e-12 -4.937842646898734897e-12 -3.833681480615736773e-12 -3.412800137024905742e-12 -2.800328754221101181e-12 -2.375655367568873276e-12 -1.921716276070688252e-12 -1.554877092783553023e-12 -1.229265905531192499e-12 -9.496355796016750673e-13 -7.144198815477024552e-13 -5.206428150162630254e-13 -3.678575678207785706e-13 -2.513034128167194497e-13 -1.623637179044669768e-13 -9.536680463538360748e-14 -6.192928618760862660e-14 -1.171888026225928104e-13 -1.873936955018699703e-13 -2.729195775845742606e-13 -2.991586069918387497e-13 -2.557607430372959920e-13 -2.074365066384003749e-13 -2.078737599154665806e-13 -1.698428543549118180e-13 -1.523123545975853366e-13 -1.274461243754567381e-13 -1.081403297156467794e-13 -9.121596110096320531e-14 -7.714947280817510913e-14 -6.556740314479357547e-14 -5.599024005123723921e-14 -4.820479980773969688e-14 -4.173590310004638172e-14 -3.627035453510631296e-14 -3.166201893545418617e-14 -1.944012236435669869e-13 -3.678129174596260563e-13 -5.840444562621136229e-13 -8.451823871258415352e-13 -9.088277097201257285e-13 -7.502987298448436138e-13 -5.820476942539985727e-13 -5.791060987240893679e-13 -4.577938583502360269e-13 -4.083968389461921652e-13 -3.385413939370653872e-13 -2.882129314275024547e-13 -2.454297665310137535e-13 -2.106292015673487311e-13 -1.821512823720735492e-13 -1.584409369622432299e-13 -1.387247833290568976e-13 -1.214942337715925348e-13 -1.060837623196835267e-13 -9.223224162469844190e-14 1.412391291723533861e-12 2.655530704128208117e-12 4.198156872344401842e-12 6.030511284584311787e-12 6.375850657018782302e-12 5.101421858190220332e-12 3.826473725715242720e-12 3.837475649633016793e-12 2.986731430071017570e-12 2.693142099232172397e-12 2.248810814284439064e-12 1.944527303230024830e-12 1.685161163176024791e-12 1.471714909040250854e-12 1.292295290540228794e-12 1.137662043259505514e-12 1.002334880418310306e-12 8.780451536295530204e-13 7.607029690093687588e-13 6.482529461192562825e-13 -7.030341881207155221e-13 -1.304394549965277458e-12 -2.067110751324432173e-12 -2.952865197709334303e-12 -3.102983881681028742e-12 -2.453047654690753633e-12 -1.823872737163423872e-12 -1.848814586456786608e-12 -1.441907385996623035e-12 -1.315403019776983055e-12 -1.110136480536737609e-12 -9.712108529694392006e-13 -8.506107744590896041e-13 -7.490169069086889145e-13 -6.606515803685513321e-13 -5.817805078631280693e-13 -5.104108672163016665e-13 -4.431453281576294722e-13 -3.779150496814506351e-13 -3.171522853467446848e-13
-1.046506781621090177e-12 -8.075557314085759394e-13 -6.460742689270144630e-13 -5.212468193674733703e-13 -4.718002190172518314e-13 -4.075013616751552834e-13 -3.172025536807026124e-13 -2.761832830976664947e-13 -2.284719401556239691e-13 -1.960178949473831931e-13 -1.638843320506161753e-13 -1.382613724114676660e-13 -1.155403707660264511e-13 -9.563882316253950152e-14 -7.818845000706031209e-14 -6.278510785310422952e-14 -4.942650789436175054e-14 -3.800414147505941585e-14 -2.835335256088864811e-14 -2.057366512042162148e-14 -2.878106956559691293e-12 -2.165239664783760427e-12 -1.702808002369385101e-12 -1.372484895184955023e-12 -1.274698978714030676e-12 -1.119285582413409986e-12 -8.704847874529815471e-13 -7.721425132735123388e-13 -6.416009972218251405e-13 -5.530165383054682532e-13 -4.599117507250761183e-13 -3.845877043862604683e-13 -3.166461694593631418e-13 -2.566843582891086696e-13 -2.042281719897290109e-13 -1.585875035900641304e-13 -1.200980315937793096e-13 -8.834021120857053077e-14 -6.265188067244734375e-14 -4.293828838235832188e-14 1.934631804020173746e-11 1.439558051867192517e-11 1.128299215352103544e-11 9.211769752547784437e-12 8.759647987682494894e-12 7.787258924676496312e-12 6.058540415608017240e-12 5.413179881591709497e-12 4.479196598274586257e-12 3.838236376001361442e-12 3.149061246455343493e-12 2.589851639470776441e-12 2.087335170510049409e-12 1.648379604006487729e-12 1.270947945780021964e-12 9.516170784743640209e-13 6.918893790321470641e-13 4.871861451886874740e-13 3.300208917524346546e-13 2.109389334769919451e-13 -9.453041321125438184e-12 -7.042615206766838031e-12 -5.546203221184356571e-12 -4.570310775402483330e-12 -4.373379388104394924e-12 -3.892006761714799856e-12 -3.021707066432528084e-12 -2.689968479221452870e-12 -2.207218766790901737e-12 -1.872491336237336054e-12 -1.514696571357951268e-12 -1.225554008121623216e-12 -9.689073615965374724e-13 -7.485030071626716373e-13 -5.631060682046831635e-13 -4.103712333884097109e-13 -2.899458138160724228e-13 -1.980777876223183589e-13 -1.279754998370816219e-13 -7.516860033550207236e-14 -4.881309287919562143e-14 -9.236799479022380128e-14 -1.477038044429814344e-13 -2.151150225626466434e-13 -2.357968227530497948e-13 -2.015906365066157265e-13 -1.635013895752836497e-13 -1.638460659662509326e-13 -1.338701011051224327e-13 -1.200525800552109418e-13 -1.004530157910800124e-13 -8.523619666769527964e-14 -7.189640003393760998e-14 -6.080920032269544353e-14 -5.168020864566623714e-14 -4.413149167570496166e-14 -3.799500853543451006e-14 -3.289621949577773206e-14 -2.858827236458810630e-14 -2.495598628126435012e-14 -1.532281473652049418e-13 -2.899097176168573380e-13 -4.603438958246174050e-13 -6.661723329669397917e-13 -7.163379823438477093e-13 -5.913854653590733229e-13 -4.587698315208465960e-13 -4.564513357908481602e-13 -3.608330214829191320e-13 -3.218983275160311030e-13 -2.668382700783952276e-13 -2.271694074046616048e-13 -1.934476924297632020e-13 -1.660178936137177322e-13 -1.435715846754057744e-13 -1.248831054762489692e-13 -1.093428477265199064e-13 -9.576171984300137593e-14 -8.361516541167976794e-14 -7.269740265846455427e-14 1.113097182171501580e-12 2.093244370785933798e-12 3.308895968241968591e-12 4.753302667335786995e-12 5.025514343249744696e-12 4.020917423707547180e-12 3.016080263086931455e-12 3.024685164485109215e-12 2.354123492654594631e-12 2.122719522120593774e-12 1.772541682952829242e-12 1.532714265909969151e-12 1.328348470866139259e-12 1.160112523306260893e-12 1.018450926951003517e-12 8.964072221948495241e-13 7.897328859280136846e-13 6.918468502998437073e-13 5.995188963525776086e-13 5.110726212970334582e-13 -5.541340669477518754e-13 -1.028124020791568754e-12 -1.629295294401467179e-12 -2.327447915256305701e-12 -2.445771419030311435e-12 -1.933491955086502808e-12 -1.437576119376982306e-12 -1.457235351650828845e-12 -1.136511129591915672e-12 -1.036800426326496827e-12 -8.750093690877384536e-13 -7.655082795786662788e-13 -6.704512715030003217e-13 -5.903749673234158392e-13 -5.207253876375226205e-13 -4.585592646624519639e-13 -4.023057634336380170e-13 -3.492870636376513138e-13 -2.978724968935377511e-13 -2.499792110628017675e-13
-8.051454515719557356e-13 -6.213049393263502810e-13 -4.970667772768939792e-13 -4.010289206942532851e-13 -3.629864616389033454e-13 -3.135171707860324191e-13 -2.440444544679573443e-13 -2.124856744304513765e-13 -1.757782597834045888e-13 -1.508092748103660184e-13 -1.260868555475454139e-13 -1.063734576244558504e-13 -8.889271793136780450e-14 -7.358117898241650149e-14 -6.015547239129281881e-14 -4.830469178902133530e-14 -3.802703660016634252e-14 -2.923905405745250323e-14 -2.181406810475026501e-14 -1.582864922449990941e-14 -2.214314108043447354e-12 -1.665859136832023624e-12 -1.310080497771243117e-12 -1.055941497639968187e-12 -9.807084877720764892e-13 -8.611388866198616206e-13 -6.697203250617590328e-13 -5.940592550825427793e-13 -4.936252335852127206e-13 -4.254714956665097332e-13 -3.538399608050362060e-13 -2.958882914566655704e-13 -2.436164554763391949e-13 -1.974839763893113120e-13 -1.571260329801193259e-13 -1.220117425812789400e-13 -9.239926251002405522e-14 -6.796588737531815960e-14 -4.820217235693169636e-14 -3.303522777738321722e-14 1.488649003450787440e-11 1.107791409649581407e-11 8.682895605302171558e-12 7.089548020365942649e-12 6.741665925820448017e-12 5.993567753922352928e-12 4.663581902194592249e-12 4.167062749005690321e-12 3.448488980461059121e-12 2.955330114637081045e-12 2.425116373661214235e-12 1.994932097223135562e-12 1.608363875352730978e-12 1.270947945780021964e-12 9.811394496679213993e-13 7.354766198004802800e-13 5.353365041896170112e-13 3.773162174047245144e-13 2.558248660051939454e-13 1.635911324245255702e-13 -7.272837088359200209e-12 -5.418340094075322670e-12 -4.267053447911511580e-12 -3.516236137002209494e-12 -3.364724118217819923e-12 -2.994372957112580331e-12 -2.324794991013576762e-12 -2.069567013555727554e-12 -1.698156456423510504e-12 -1.440628992933753597e-12 -1.165354272876937885e-12 -9.428981775565167005e-13 -7.454433058173581778e-13 -5.758720806792209807e-13 -4.332342238996645766e-13 -3.157255414081559230e-13 -2.230744009444359566e-13 -1.523943427019709014e-13 -9.846009142767430731e-14 -5.783235396191073823e-14 -3.755532051935945415e-14 -7.106457090171383149e-14 -1.136381757437082262e-13 -1.655018435101055869e-13 -1.814138049262911309e-13 -1.550967713621111343e-13 -1.257921947076026112e-13 -1.260573952638304184e-13 -1.029949370682991852e-13 -9.236423183996884208e-14 -7.728501405315433724e-14 -6.557773205608510852e-14 -5.531455549958319438e-14 -4.678445670500789054e-14 -3.976092845324190995e-14 -3.395321220662925155e-14 -2.923201792085620600e-14 -2.530918597693466925e-14 -2.199480166409255009e-14 -1.920025048309840450e-14 -1.178889751859005926e-13 -2.230461253975886765e-13 -3.541724684673809562e-13 -5.125293762200820946e-13 -5.511252931675383329e-13 -4.549912257938514168e-13 -3.529613176790768132e-13 -3.511775874683044471e-13 -2.776122085973545800e-13 -2.476572420061978024e-13 -2.052959685787456322e-13 -1.747761554166062594e-13 -1.488318377558963383e-13 -1.277283168304504622e-13 -1.104589072152260739e-13 -9.608065560843846520e-14 -8.412453481255050230e-14 -7.367568678018549441e-14 -6.433054244872021896e-14 -5.593080222241271411e-14 8.558116875855871726e-13 1.610859628128307664e-12 2.545444046074742864e-12 3.657159046930584774e-12 3.866429026045834536e-12 3.093459482367008797e-12 2.320503524541648310e-12 2.327061488447001877e-12 1.811159524228426541e-12 1.633112023327286566e-12 1.363746220443620758e-12 1.179241311454357759e-12 1.022009911383576940e-12 8.926745890382367545e-13 7.836822200619048340e-13 6.894140910508652610e-13 6.071849991555951104e-13 5.318991518857992312e-13 4.610464338710319329e-13 3.932289759730717614e-13 -4.263327114642783527e-13 -7.910026713609511625e-13 -1.253521836733738882e-12 -1.790656501142846310e-12 -1.881690428354309145e-12 -1.487560738372856690e-12 -1.106020406133017152e-12 -1.121145566741093322e-12 -8.743916248488158825e-13 -7.976777304755285163e-13 -6.732013853478405254e-13 -5.889551404212501969e-13 -5.158215998323766068e-13 -4.542136917709854821e-13 -4.006277331631436835e-13 -3.527993313849920883e-13 -3.095198894486362448e-13 -2.687291614685502837e-13 -2.291725640073154692e-13 -1.923251088274560415e-13
-6.014321966873744435e-13 -4.641059723820316511e-13 -3.713017951100178784e-13 -2.995628424443543353e-13 -2.711457043788481417e-13 -2.341928054021076503e-13 -1.822976902989464157e-13 -1.587237354909730874e-13 -1.313038523486503113e-13 -1.126524155727365369e-13 -9.418515399254641514e-14 -7.945953911651291053e-14 -6.640167123155606625e-14 -5.496419956325140826e-14 -4.493537587346764641e-14 -3.608303451728819805e-14 -2.840571892907616955e-14 -2.184117540733715553e-14 -1.629479139168894135e-14 -1.182376463817449009e-14 -1.654061148146719992e-12 -1.244373117021743294e-12 -9.786115118055486270e-13 -7.887731875595606419e-13 -7.325752825418477029e-13 -6.432584666176704032e-13 -5.002715397304237855e-13 -4.437538289999851704e-13 -3.687311065347292261e-13 -3.178213018979119408e-13 -2.643135893477401515e-13 -2.210245123775078810e-13 -1.819781596132072620e-13 -1.475179275498074625e-13 -1.173711135626537951e-13 -9.114132840684195248e-14 -6.902112520789031765e-14 -5.076966595694182413e-14 -3.600640012558295231e-14 -2.467690511427596273e-14 1.112219703870399684e-11 8.277520002155715933e-12 6.488080888217027523e-12 5.297966148407393877e-12 5.038026260532602969e-12 4.479220563529704046e-12 3.485631744194863589e-12 3.114679883816457445e-12 2.577868282296538387e-12 2.209448887717580212e-12 1.813387378953709576e-12 1.492115722036169722e-12 1.203459212600908515e-12 9.516170784743640209e-13 7.354766198004802800e-13 5.525530764530995197e-13 4.030438240513319343e-13 2.844810218891363871e-13 1.931150739988953220e-13 1.234945073097721616e-13 -5.432706126266310894e-12 -4.047423099587313924e-12 -3.187428412097798950e-12 -2.626578446058576284e-12 -2.513401273237109793e-12 -2.236754168719203597e-12 -1.736588844084671211e-12 -1.545937190659853130e-12 -1.268498972850183348e-12 -1.076129705703820691e-12 -8.705033155355040177e-13 -7.043317970174165464e-13 -5.568358650060320311e-13 -4.301689123583233097e-13 -3.236205103951153706e-13 -2.358435310276926876e-13 -1.666342645176892572e-13 -1.138371675929199823e-13 -7.354899128681293547e-14 -4.320073593660289191e-14 -2.805398351165032394e-14 -5.308391282220122354e-14 -8.488630273106344125e-14 -1.236273062251049224e-13 -1.355136327525346532e-13 -1.158551862786502023e-13 -9.396493851816644612e-14 -9.416309213055457225e-14 -7.693574479970508673e-14 -6.899478374367496043e-14 -5.773081277624716081e-14 -4.898564695639603777e-14 -4.131918051214734735e-14 -3.494732394526130242e-14 -2.970083800079827953e-14 -2.536255846765826361e-14 -2.183589257281508273e-14 -1.890558370616720250e-14 -1.642978142055141442e-14 -1.434229644038179469e-14 -8.806317810816475894e-14 -1.666117238173030218e-13 -2.645620535092433269e-13 -3.828517326952830647e-13 -4.116829906536836171e-13 -3.398722027609343100e-13 -2.636570001762750908e-13 -2.623246880597777853e-13 -2.073723509477999919e-13 -1.849964603253843232e-13 -1.533531780514006809e-13 -1.305553465482173269e-13 -1.111752594539486331e-13 -9.541122955659080206e-14 -8.251119743203502195e-14 -7.177086475199038165e-14 -6.283982969934716654e-14 -5.503467010943280284e-14 -4.805394297655507705e-14 -4.177946167852678212e-14 6.387153602775667109e-13 1.203770469654628727e-12 1.901099363360177852e-12 2.732118536593528227e-12 2.888281918029273235e-12 2.310790597186514818e-12 1.733502242799211338e-12 1.738345743065105889e-12 1.352999238793453554e-12 1.219988150078740564e-12 1.018806781179864270e-12 8.809933875318768487e-13 7.635352228700586590e-13 6.669070838827231947e-13 5.854969671512756036e-13 5.150233283795915547e-13 4.532309032542569113e-13 3.967867489443619983e-13 3.440021995784210759e-13 2.935686548799795982e-13 -3.184686376657929412e-13 -5.908684962670561026e-13 -9.363613838153498652e-13 -1.337595115054402476e-12 -1.405596140073714295e-12 -1.111187103063083913e-12 -8.261814580170639294e-13 -8.374798499170081938e-13 -6.531580989765588010e-13 -5.958539342243515281e-13 -5.028718607153836997e-13 -4.399412152906324690e-13 -3.853114243940118107e-13 -3.392911358272132677e-13 -2.992631151263941770e-13 -2.635360449464705039e-13 -2.312069744898283317e-13 -2.007368582886803374e-13 -1.711885273375480474e-13 -1.436638668484691678e-13
-4.360844082154389581e-13 -3.365123810972796168e-13 -2.692222381205334039e-13 -2.172059960477431790e-13 -1.966014006253846068e-13 -1.698077114653537683e-13 -1.321797807785029343e-13 -1.150868587444813982e-13 -9.520534881848190994e-14 -8.168163517574820167e-14 -6.829146168067182595e-14 -5.761426515204873862e-14 -4.814631011950307794e-14 -3.985327211682072612e-14 -3.258160482977674119e-14 -2.616298315654678506e-14 -2.059633246664016991e-14 -1.583652804893421474e-14 -1.181497064939725372e-14 -8.573133137442879730e-15 -1.199321024695494712e-12 -9.022658276125511763e-13 -7.095683043388428220e-13 -5.719209611758393404e-13 -5.311731894202077740e-13 -4.664116526494442267e-13 -3.627351813327854337e-13 -3.217555174958065533e-13 -2.673583078662469654e-13 -2.304448114238855080e-13 -1.916476256150917746e-13 -1.602597284152366796e-13 -1.319481261671568287e-13 -1.069618306859588765e-13 -8.510308076190949053e-14 -6.608449245973054707e-14 -5.004563397520573801e-14 -3.681191552734406038e-14 -2.610740842134200844e-14 -1.789265624392684055e-14 8.065911912808250191e-12 6.003746487756862331e-12 4.705787069750181327e-12 3.843183474271767410e-12 3.654582214889542257e-12 3.249469081293132502e-12 2.529039052758436663e-12 2.260061243145729291e-12 1.870852096312058305e-12 1.603728298121100741e-12 1.316529060691663536e-12 1.083594102744349371e-12 8.743589107935612330e-13 6.918893790321470641e-13 5.353365041896170112e-13 4.030438240513319343e-13 2.952544577906717291e-13 2.091228557786296128e-13 1.423271906191836130e-13 9.112955306407388017e-14 -3.939128099573563062e-12 -2.934691775790700356e-12 -2.311129767013413605e-12 -1.904470564855988285e-12 -1.822408470760345178e-12 -1.621818121316998697e-12 -1.259159933321737073e-12 -1.120922884348093994e-12 -9.197589570695733317e-13 -7.802765181419187442e-13 -6.311816206048480839e-13 -5.106945453180879791e-13 -4.037487053518413249e-13 -3.119055192409991129e-13 -2.346497748308381681e-13 -1.710047971716025327e-13 -1.208227476602476744e-13 -8.254079205704552692e-14 -5.332876881500906244e-14 -3.132397356438555881e-14 -2.034140183405528466e-14 -3.848985114336240310e-14 -6.154910475641482650e-14 -8.963923016992395550e-14 -9.825778003036709143e-14 -8.400390115754543714e-14 -6.813177067354455459e-14 -6.827545594151446901e-14 -5.578430644484447460e-14 -5.002650551957594039e-14 -4.185926219401313078e-14 -3.551834835892295607e-14 -2.995956973894813707e-14 -2.533948666029786135e-14 -2.153538080131203103e-14 -1.838979616743131256e-14 -1.583269311963784810e-14 -1.370799322012951748e-14 -1.191284620989898182e-14 -1.039926054017282443e-14 -6.385284630437027293e-14 -1.208061684590270793e-13 -1.918277953758945194e-13 -2.775967605194140164e-13 -2.985017398422877523e-13 -2.464334171802988684e-13 -1.911715058264167253e-13 -1.902054955751419402e-13 -1.503608345973175422e-13 -1.341366072256359114e-13 -1.111928016369374001e-13 -9.466263339389211809e-14 -8.061057741660235412e-14 -6.918044831891891637e-14 -5.982693218715354458e-14 -5.203937112764398445e-14 -4.556368948991662720e-14 -3.990434784994807132e-14 -3.484277981730486714e-14 -3.029330114626327003e-14 4.627516862124098577e-13 8.731000739869616665e-13 1.378207800569461530e-12 1.981103594873984128e-12 2.094191276027909958e-12 1.675456060528249776e-12 1.256937581041245656e-12 1.260401381578356322e-12 9.810259245683316589e-13 8.845677595952134678e-13 7.386941186964279490e-13 6.387930715843018570e-13 5.536547350219690120e-13 4.836136706871974134e-13 4.245566135241135895e-13 3.734886971092644378e-13 3.286653782541823571e-13 2.873005600392415490e-13 2.489015050862534506e-13 2.124802103085493943e-13 -2.309148463542518316e-13 -4.284250415917749017e-13 -6.789334578794070600e-13 -9.698589400014879389e-13 -1.019164887678776495e-12 -8.056958248905210537e-13 -5.990448288371908957e-13 -6.072370469473304996e-13 -4.735896485785441430e-13 -4.320397438158842980e-13 -3.646206162797380595e-13 -3.189910950234399710e-13 -2.793802996404906537e-13 -2.460120559981944928e-13 -2.169886631633162571e-13 -1.910838116898734084e-13 -1.676427688600209420e-13 -1.455495970324354223e-13 -1.241247747359352971e-13 -1.041672651598271506e-13
-3.061524235165699631e-13 -2.362480301806263693e-13 -1.890070778946805845e-13 -1.524891451518917324e-13 -1.380237243424791405e-13 -1.192132477943006691e-13 -9.279661609781025453e-14 -8.079655578141277291e-14 -6.683877548099953905e-14 -5.734447771966411578e-14 -4.794393078071564623e-14 -4.044802236097656252e-14 -3.380105774183755431e-14 -2.797894680715186481e-14 -2.287388167605854458e-14 -1.836770100032174686e-14 -1.445963433339640301e-14 -1.111801403468824005e-14 -8.294681912683914409e-15 -6.018754034654248867e-15 -8.419815803819684760e-13 -6.334344161591848813e-13 -4.981513972352783052e-13 -4.015162651310068745e-13 -3.729093632271140322e-13 -3.274436170781182222e-13 -2.546577035864229282e-13 -2.258879948828903786e-13 -1.876985220884553888e-13 -1.617834654249444954e-13 -1.345459612059753498e-13 -1.125101330552041577e-13 -9.263400891756998939e-14 -7.509242710925227212e-14 -5.974652292615955124e-14 -4.639456364854269821e-14 -3.513449179457764463e-14 -2.584376818240189549e-14 -1.832867711571881163e-14 -1.256152185656518869e-14 5.662837370982905832e-12 4.215204131321498429e-12 3.304139755431199999e-12 2.698800652889592440e-12 2.566545145092673298e-12 2.282214597894562057e-12 1.776613870972536615e-12 1.587843344473547301e-12 1.314690680061215964e-12 1.127236089293763488e-12 9.256445116373833635e-13 7.621399562953647747e-13 6.152570510997282023e-13 4.871861451886874740e-13 3.773162174047245144e-13 2.844810218891363871e-13 2.091228557786296128e-13 1.493169258179727816e-13 1.023564771144804179e-13 6.583830136503232979e-14 -2.765459186889336889e-12 -2.060296106365839607e-12 -1.622525314611509653e-12 -1.337030797294774738e-12 -1.279419245124903407e-12 -1.138595074399567849e-12 -8.839914059386027053e-13 -7.869422891427634147e-13 -6.457154734294602945e-13 -5.477920424188360720e-13 -4.431201737582673364e-13 -3.585324008820097121e-13 -2.834512365829296605e-13 -2.189729103220178871e-13 -1.647356343296806271e-13 -1.200538184696726723e-13 -8.482355748647973680e-14 -5.794775211310917000e-14 -3.743948543324438504e-14 -2.199106338962666902e-14 -1.428075099822664758e-14 -2.702169937799455917e-14 -4.321048835208544066e-14 -6.293105995609608030e-14 -6.898174591186242756e-14 -5.897483146685713044e-14 -4.783180444613080600e-14 -4.793268602052186285e-14 -3.916328995983815869e-14 -3.512103772194022121e-14 -2.938723503306119284e-14 -2.493560675385326319e-14 -2.103307151251784260e-14 -1.778954975902261846e-14 -1.511888130893938974e-14 -1.291052846744689571e-14 -1.111531786346360713e-14 -9.623674071745238496e-15 -8.363393102703831638e-15 -7.300783204187400392e-15 -4.482805464929714853e-14 -8.481171448454683109e-14 -1.346724614134753226e-13 -1.948863412156802379e-13 -2.095627457645596444e-13 -1.730082546345535888e-13 -1.342116653845411535e-13 -1.335334949271942177e-13 -1.055606021637553810e-13 -9.417041317245039521e-14 -7.806274591133480647e-14 -6.645777035347867531e-14 -5.659253761788030157e-14 -4.856803213185773674e-14 -4.200140561854041195e-14 -3.653416211641355279e-14 -3.198792170487823046e-14 -2.801478645734113332e-14 -2.446131464556561311e-14 -2.126736050930380583e-14 3.244848309308336518e-13 6.130499229846024630e-13 9.672063087514838008e-13 1.390632052581237776e-12 1.469912613730454221e-12 1.175995085527650665e-12 8.822022337605205158e-13 8.846023981736984593e-13 6.885052243646945244e-13 6.208195183052939894e-13 5.184168519953368729e-13 4.483129979663181012e-13 3.885574387297344365e-13 3.394346093283677271e-13 2.979859522594761147e-13 2.621503391574719793e-13 2.308288257882603260e-13 2.018160274886645522e-13 1.744268467718086807e-13 1.486750990349008561e-13 -1.621140294167938169e-13 -3.007752846678852586e-13 -4.766440165294189782e-13 -6.808880826887314788e-13 -7.155032480755142102e-13 -5.656376370455892094e-13 -4.205585424092756786e-13 -4.263098932843017754e-13 -3.324829223161421086e-13 -3.033128754846866826e-13 -2.559813730952901410e-13 -2.239472486397116788e-13 -1.961385364528006528e-13 -1.727124013211227005e-13 -1.523365603267209924e-13 -1.341501064751326473e-13 -1.176933646652443834e-13 -1.021828823014879699e-13 -8.714160045602417944e-14 -7.313044045968893585e-14
-2.068577404524400949e-13 -1.596255048973970324e-13 -1.277062439203068104e-13 -1.030321956906828046e-13 -9.325836541836344106e-14 -8.054869814702897063e-14 -6.269979898471078261e-14 -5.459172974770357241e-14 -4.516089559270605625e-14 -3.874590014382797152e-14 -3.239424798460276055e-14 -2.732949682514450693e-14 -2.283834719114190431e-14 -1.890453295769306602e-14 -1.545519554235111629e-14 -1.241051328756472326e-14 -9.769941981665968516e-15 -7.512102650449015926e-15 -5.604458972078866750e-15 -4.066683921607569280e-15 -5.689009617447970048e-13 -4.279920876750317209e-13 -3.365855234430900561e-13 -2.712921254953633127e-13 -2.519633426630879369e-13 -2.212435363742793291e-13 -1.720643450101353555e-13 -1.526255478618909742e-13 -1.268221134232129713e-13 -1.093121241242676297e-13 -9.090858871082148599e-14 -7.601965900631087992e-14 -6.258996815921080543e-14 -5.073767847344545099e-14 -4.036892385638070985e-14 -3.134743630933227924e-14 -2.373933180005445232e-14 -1.746186065958536366e-14 -1.238413464366318950e-14 -8.487445210066704074e-15 3.825928896721313139e-12 2.847670259967182933e-12 2.232455208324857581e-12 1.823575562497884847e-12 1.734346797307274011e-12 1.542337525239371099e-12 1.200869227218776151e-12 1.073413054378990473e-12 8.888837908534204050e-13 7.623039032370541192e-13 6.261557411180975846e-13 5.157210671507766016e-13 4.165016876150553576e-13 3.300208917524346546e-13 2.558248660051939454e-13 1.931150739988953220e-13 1.423271906191836130e-13 1.023564771144804179e-13 7.139636497443465443e-14 4.663459664752317549e-14 -1.868535455548636906e-12 -1.392078499725959470e-12 -1.096290303433367561e-12 -9.033904475185826716e-13 -8.644641320943412739e-13 -7.693135757423103109e-13 -5.972857141001819263e-13 -5.317126252055379880e-13 -4.362900650318529251e-13 -3.701262437727872120e-13 -2.994026744805876720e-13 -2.422493320505511124e-13 -1.915193175089571439e-13 -1.479533751837927720e-13 -1.113069323991434907e-13 -8.111687982701811924e-14 -5.731284142699667282e-14 -3.915366850273028047e-14 -2.529685358817933447e-14 -1.485885009596776394e-14 -9.649209513455623093e-15 -1.825766218929087927e-14 -2.919603577926974375e-14 -4.252052848205394549e-14 -4.660885751823668158e-14 -3.984749504968062182e-14 -3.231846478808454011e-14 -3.238663849520315525e-14 -2.646142425474093648e-14 -2.373020440932692467e-14 -1.985604887422687438e-14 -1.684822262385433986e-14 -1.421139589760131823e-14 -1.201984963220163578e-14 -1.021535923746131519e-14 -8.723243799399906637e-15 -7.510275220907589506e-15 -6.502415609847378747e-15 -5.650881744541919234e-15 -4.932910100844466038e-15 -3.028931209504800174e-14 -5.730453867123149189e-14 -9.099407915239841308e-14 -1.316785950428748624e-13 -1.415951277559549522e-13 -1.168963851182997271e-13 -9.068266124505308205e-14 -9.022446550069836297e-14 -7.132403578852171253e-14 -6.362804590698451542e-14 -5.274458953268872503e-14 -4.490347319178529099e-14 -3.823782921444174848e-14 -3.281591859941127826e-14 -2.837904568675949934e-14 -2.468500158607716737e-14 -2.161325091798365313e-14 -1.892872211786546315e-14 -1.652774302284217994e-14 -1.436968791200155211e-14 2.192196201885021293e-13 4.141228664873885928e-13 6.534153489809809343e-13 9.393952183707151541e-13 9.929497053947218603e-13 7.944100142536403185e-13 5.958926893006208684e-13 5.974880266827576757e-13 4.649885926003866837e-13 4.192976881487888126e-13 3.501294582881274724e-13 3.027805373329682384e-13 2.624133998954570564e-13 2.292509177609284011e-13 2.012554378591845102e-13 1.770487763698340029e-13 1.559567680458021983e-13 1.364863637256620514e-13 1.179698461029590114e-13 1.000578508350837625e-13 -1.095363279828922681e-13 -2.032247337997466215e-13 -3.220533084700328230e-13 -4.600550952743853779e-13 -4.834434888673286455e-13 -3.821839719638801771e-13 -2.841584124684348255e-13 -2.880444464526896074e-13 -2.246484447371969373e-13 -2.049391495304786954e-13 -1.729587115471405834e-13 -1.513142640509210630e-13 -1.325247595496754590e-13 -1.166964310459704870e-13 -1.029290890984446689e-13 -9.064107758807251234e-14 -7.952177728798667422e-14 -6.904181839744089981e-14 -5.887886416636468130e-14 -4.941192716742494299e-14
-1.318623255300333044e-13 -1.017539495671526184e-13 -8.140686957560819273e-14 -6.567827963249845466e-14 -5.944792537862608795e-14 -5.134607885803338172e-14 -3.996822994162926188e-14 -3.479970940858230426e-14 -2.878799781955466000e-14 -2.469874759949417262e-14 -2.064987356325569500e-14 -1.742133185863593632e-14 -1.455842832115269509e-14 -1.205081365608012493e-14 -9.852014632849697383e-15 -7.911178176259573844e-15 -6.227914525146227040e-15 -4.788627954465796260e-15 -3.572582910146932870e-15 -2.592320278812809140e-15 -3.626482858305851335e-13 -2.728253501112197964e-13 -2.145578470512410336e-13 -1.729362583127109988e-13 -1.606150772986373162e-13 -1.410325995879363905e-13 -1.096831256545223533e-13 -9.729179600705264339e-14 -8.084331363810303795e-14 -6.968152433620926413e-14 -5.795012380666502105e-14 -4.845911201679579994e-14 -3.989828637746895712e-14 -3.234302331491140788e-14 -2.573341591418729568e-14 -1.998266585253125438e-14 -1.513280889882453105e-14 -1.113117979318789223e-14 -7.894342322103425799e-15 -5.410380231993883139e-15 2.439339181340875278e-12 1.815831217728866986e-12 1.423570231777332784e-12 1.163017208905211425e-12 1.106053110840502719e-12 9.836519938180134859e-13 7.660409247159365287e-13 6.848175298473025115e-13 5.671621005466640770e-13 4.864963957758145303e-13 3.997161247245023290e-13 3.293355154337781723e-13 2.660877030405327799e-13 2.109389334769919451e-13 1.635911324245255702e-13 1.234945073097721616e-13 9.112955306407388017e-14 6.583830136503232979e-14 4.663459664752317549e-14 3.175412774691583188e-14 -1.191105799360805430e-12 -8.873862740004004840e-13 -6.988348819127515588e-13 -5.758700227239476819e-13 -5.510563387542991212e-13 -4.904021998224522936e-13 -3.807422826202099480e-13 -3.389424503527102558e-13 -2.781150138198081465e-13 -2.359386434979219357e-13 -1.908555756899742265e-13 -1.544229477740182721e-13 -1.220849077258534635e-13 -9.431374744738167904e-14 -7.095333861870630440e-14 -5.170869275341073006e-14 -3.653463941569867999e-14 -2.495896119000446276e-14 -1.612585471754039309e-14 -9.472139271374382912e-15 -6.151195014269572738e-15 -1.163830329218198690e-14 -1.861121193377465860e-14 -2.710480441808610883e-14 -2.971104878433556464e-14 -2.540099141875410064e-14 -2.060152375930852126e-14 -2.064500156437940206e-14 -1.686794177334556679e-14 -1.512692375160876920e-14 -1.265732344507724025e-14 -1.073997490193605238e-14 -9.059111235833825555e-15 -7.662103222800715566e-15 -6.511819383100780578e-15 -5.560664920348544602e-15 -4.787452703928175110e-15 -4.144984869250391696e-15 -3.602169396107074800e-15 -3.144497307882781155e-15 -1.930873567664881065e-14 -3.652880164266279483e-14 -5.800465294927774008e-14 -8.393890618201784126e-14 -9.026049354476163509e-14 -7.451617467227164493e-14 -5.780600736004973732e-14 -5.751397043693621330e-14 -4.546579545522343200e-14 -4.055997135260678141e-14 -3.362226162032920061e-14 -2.862392277763718428e-14 -2.437486078273292350e-14 -2.091864133864462259e-14 -1.809032719640145593e-14 -1.573554985964495964e-14 -1.377745619885576153e-14 -1.206618495693614615e-14 -1.053565654437486435e-14 -9.159997327669467669e-15 1.395439938391140822e-13 2.641015688409047485e-13 4.163860151784268039e-13 5.988071521071063163e-13 6.329278787191157067e-13 5.063721936038590833e-13 3.799000270227704166e-13 3.808556358079935356e-13 2.963862401895267811e-13 2.672687185163215766e-13 2.231792598895572732e-13 1.929980196022486208e-13 1.672552727722208669e-13 1.461183093750717632e-13 1.282617927443531520e-13 1.128278060383328982e-13 9.947703681192810655e-14 8.715257343172454959e-14 7.545782678533666718e-14 6.399169526445266045e-14 -6.982598804565455540e-14 -1.295467404200000418e-13 -2.052936067520055471e-13 -2.932641021718972953e-13 -3.081731217989444417e-13 -2.436249120875449813e-13 -1.811379410904757921e-13 -1.836151526570790970e-13 -1.432030823413031810e-13 -1.306393190576468645e-13 -1.102532504151712898e-13 -9.645594623765078257e-14 -8.447846914754135055e-14 -7.438861322035092898e-14 -6.561253626131284608e-14 -5.777951744127388360e-14 -5.069149514844104708e-14 -4.401099309383275596e-14 -3.753253137366745445e-14 -3.149774093977674403e-14
-1.820491651501203922e-11 -1.404814992916254089e-11 -1.123903702493425413e-11 -9.067553335111020782e-12 -8.207384935882323644e-12 -7.088850007654531510e-12 -5.518021577795864865e-12 -4.804454769464141532e-12 -3.974472806654006978e-12 -3.409904976251187704e-12 -2.850912345183026955e-12 -2.405177893581217443e-12 -2.009925941376936741e-12 -1.663720178867837175e-12 -1.360155664137610063e-12 -1.092200333994523194e-12 -8.598167322340729013e-13 -6.611154706375819550e-13 -4.932319434148344542e-13 -3.578974438408070620e-13 -5.006723077059284930e-11 -3.766626939946870697e-11 -2.962185972369307099e-11 -2.387559765882504700e-11 -2.217452289017287093e-11 -1.947096912540514531e-11 -1.514285762664645111e-11 -1.343210559725608650e-11 -1.116121846193820895e-11 -9.620211551865499830e-12 -8.000570414231766371e-12 -6.690241709697424191e-12 -5.508339004445227174e-12 -4.465248399420307613e-12 -3.552726464538957323e-12 -2.758764525399995582e-12 -2.089208072532543497e-12 -1.536754133221777095e-12 -1.089883867305115205e-12 -7.469484585839508650e-13 -1.120294115041463844e-10 -8.332065752185263623e-11 -6.528631972846776315e-11 -5.327926788639540876e-11 -5.066081598539261917e-11 -4.502395903466807102e-11 -3.500573817675892525e-11 -3.126520534082395497e-11 -2.585204724593167767e-11 -2.213788835725741910e-11 -1.814420179472059123e-11 -1.490401036267671558e-11 -1.199320397458340077e-11 -9.453041321125438184e-12 -7.272837088359200209e-12 -5.432706126266310894e-12 -3.939128099573563062e-12 -2.765459186889336889e-12 -1.868535455548636906e-12 -1.191105799360805430e-12 4.935904661677596689e-10 3.677015254095192874e-10 2.896158851027200640e-10 2.386455292141775287e-10 2.283765229367620487e-10 2.032392791639359963e-10 1.578020317264089499e-10 1.404835820700370228e-10 1.152802347249610519e-10 9.780348306823745210e-11 7.912164207727579287e-11 6.402378069697468107e-11 5.062173934626641647e-11 3.911217383293593679e-11 2.942978059359482202e-11 2.145261191748040045e-11 1.516082997509260961e-11 1.035816718859744983e-11 6.692581233619794349e-12 3.931946209266226916e-12 -8.491325118592416578e-13 -1.606830014694979228e-12 -2.569434807576186643e-12 -3.742121770412265711e-12 -4.101893364177459603e-12 -3.506846255290575711e-12 -2.844253004831935802e-12 -2.850247845398789130e-12 -2.328789673767912084e-12 -2.088421083930449815e-12 -1.747469434231738620e-12 -1.482759174026440896e-12 -1.250701957689170704e-12 -1.057830130657609659e-12 -8.990234158678682784e-13 -7.677067287197676969e-13 -6.609571648437196542e-13 -5.722593882282889862e-13 -4.973189074583042010e-13 -4.341319539272363568e-13 -2.665502065769019680e-12 -5.043249272266695089e-12 -8.008086150741819712e-12 -1.158866927080564552e-11 -1.246133147361516578e-11 -1.028767142953993065e-11 -7.980711112655460745e-12 -7.940376511880392592e-12 -6.277011833886261140e-12 -5.599707279032271447e-12 -4.641888885104551073e-12 -3.951812992818369066e-12 -3.365194836923375634e-12 -2.888029083554981427e-12 -2.497556179938853428e-12 -2.172453104502350809e-12 -1.902116134159337159e-12 -1.665860728998829730e-12 -1.454561396715597805e-12 -1.264637091686764256e-12 -6.462861372631723114e-12 -1.213042434695007402e-11 -1.918762839972641787e-11 -2.755489436926767070e-11 -2.913409388848615169e-11 -2.331051478804548375e-11 -1.748212805871071231e-11 -1.753264474870243455e-11 -1.364511043690296104e-11 -1.230403953779221759e-11 -1.027377862134717515e-11 -8.883472746801558218e-12 -7.698771405520745500e-12 -6.724185185926977020e-12 -5.903333220934413240e-12 -5.195604079942304927e-12 -4.575023122575996303e-12 -4.005131740061215843e-12 -3.467450828784576075e-12 -2.951124236580809351e-12 2.892074786303762247e-11 5.366279496154424715e-11 8.504150895472493785e-11 1.214800121325210653e-10 1.276615052951893646e-10 1.009238517568657681e-10 7.504220741887345177e-11 7.607003954498077851e-11 5.932952213300932313e-11 5.412418869230139195e-11 4.567920898110567598e-11 3.996374109309927941e-11 3.500242102740860736e-11 3.082318470225651945e-11 2.718732681569827244e-11 2.394253919525177874e-11 2.100560352692030756e-11 1.823787441200476947e-11 1.555535093415946107e-11 1.305709696703797467e-11
-1.356285447281276348e-11 -1.046601959674400228e-11 -8.373200916583582301e-12 -6.755422714945584379e-12 -6.114588192344414624e-12 -5.281267904544671823e-12 -4.110984182247809342e-12 -3.579369396146458332e-12 -2.961024087506784835e-12 -2.540415100375049862e-12 -2.123959696847422428e-12 -1.791882834449744285e-12 -1.497415969641737243e-12 -1.239489024403409761e-12 -1.013330267705692795e-12 -8.137007200862663226e-13 -6.405725028655362992e-13 -4.925379818313375115e-13 -3.674629924951473641e-13 -2.666373664089676015e-13 -3.730061404973892157e-11 -2.806176725874339148e-11 -2.206859736100127675e-11 -1.778757164908687949e-11 -1.652025301703491768e-11 -1.450607700409807147e-11 -1.128158836572281286e-11 -1.000706008466496530e-11 -8.315225245062206711e-12 -7.167158856499221151e-12 -5.960509150775138843e-12 -4.984300471271058841e-12 -4.103770520626288460e-12 -3.326657020277638185e-12 -2.646818572437151528e-12 -2.055308547120634396e-12 -1.556481964646120271e-12 -1.144897981420972482e-12 -8.119749408436723914e-13 -5.564844515401907234e-13 -8.346309101704422062e-11 -6.207476706511598492e-11 -4.863899553102703877e-11 -3.969361551884225395e-11 -3.774284125403372755e-11 -3.354332348114232140e-11 -2.607964347173057885e-11 -2.329290711838896081e-11 -1.926004731655053481e-11 -1.649295981516265877e-11 -1.351762128726160017e-11 -1.110364456170727253e-11 -8.935063165524419408e-12 -7.042615206766838031e-12 -5.418340094075322670e-12 -4.047423099587313924e-12 -2.934691775790700356e-12 -2.060296106365839607e-12 -1.392078499725959470e-12 -8.873862740004004840e-13 3.677015254095192874e-10 2.740051159816362452e-10 2.157754207213389461e-10 1.778338265717833703e-10 1.701641726457513809e-10 1.514379364139439972e-10 1.175894695285529810e-10 1.046832361206751964e-10 8.590596346164076896e-11 7.288352364876151161e-11 5.896364146185188521e-11 4.771384874718896521e-11 3.772784887235036762e-11 2.915109662918206334e-11 2.193620698115506645e-11 1.599185663496192287e-11 1.130348767382923752e-11 7.723511572882376207e-12 4.990132298897714765e-12 2.931978485373861208e-12 -6.326124961093468978e-13 -1.197105352345285518e-12 -1.914255935538844071e-12 -2.787920169115063719e-12 -3.055953718574422479e-12 -2.612637356791008383e-12 -2.118998443916486525e-12 -2.123464650726592723e-12 -1.734972827301322530e-12 -1.555895691331613485e-12 -1.301883124963887476e-12 -1.104671192398100779e-12 -9.317861276960461643e-13 -7.880945845226358341e-13 -6.697819124672863729e-13 -5.719495975380188560e-13 -4.924200487686345898e-13 -4.263392735390921211e-13 -3.705078273994255423e-13 -3.234328805701104100e-13 -1.985826675719401897e-12 -3.757273938383174091e-12 -5.966108433187599109e-12 -8.633680717073599575e-12 -9.283823089317601444e-12 -7.664423473015958184e-12 -5.945713822846182742e-12 -5.915664094638840706e-12 -4.676439907831828593e-12 -4.171840873213915739e-12 -3.458256088691838835e-12 -2.944142275257466544e-12 -2.507105585088993166e-12 -2.151612075031486929e-12 -1.860705657648025881e-12 -1.618500439644987845e-12 -1.417096546448422207e-12 -1.241083786680869620e-12 -1.083663568364915607e-12 -9.421679602895359607e-13 -4.814898991072713662e-12 -9.037293875271689625e-12 -1.429498530115378808e-11 -2.052868646890686263e-11 -2.170520661776521001e-11 -1.736657885135354359e-11 -1.302436948759268126e-11 -1.306200491273058133e-11 -1.016575094366835582e-11 -9.166638994193852101e-12 -7.654073240016886209e-12 -6.618280703760171565e-12 -5.735665747978526391e-12 -5.009588762200054491e-12 -4.398045420533109188e-12 -3.870779747494664248e-12 -3.408440387518936889e-12 -2.983865310266118792e-12 -2.583287393598779329e-12 -2.198618663264824413e-12 2.153926150560808190e-11 3.998509479196729548e-11 6.335352517758003105e-11 9.050901214003740389e-11 9.511025085059223815e-11 7.519022443637653526e-11 5.590956859313065965e-11 5.667473830182481367e-11 4.420332702019135063e-11 4.032511432267058921e-11 3.403329432115998723e-11 2.977520170292052792e-11 2.607914085638235311e-11 2.296537426164917442e-11 2.025700077704332136e-11 1.783965274155124649e-11 1.565157963547848047e-11 1.358886869501211837e-11 1.159023941309448372e-11 9.729959747184770887e-12
-1.068102451537755157e-11 -8.242203895449567559e-12 -6.594066491610827923e-12 -5.320033152591272215e-12 -4.815362905590677329e-12 -4.159106172355320464e-12 -3.237483876738747652e-12 -2.818826391492266007e-12 -2.331866858079858660e-12 -2.000628712368276932e-12 -1.672661596965416209e-12 -1.411144298302827979e-12 -1.179245635507976373e-12 -9.761229132775878935e-13 -7.980182767924278680e-13 -6.408059424180575147e-13 -5.044639268075287780e-13 -3.878837107151506108e-13 -2.893845992906680422e-13 -2.099823613641834077e-13 -2.937499432390039696e-11 -2.209921405458939213e-11 -1.737947052175897667e-11 -1.400807543379207043e-11 -1.301003618480132889e-11 -1.142383148858388110e-11 -8.884480925386414771e-12 -7.880763917840606678e-12 -6.548409492124028552e-12 -5.644283813244267911e-12 -4.694022566342731039e-12 -3.925238320053050978e-12 -3.231803016389519304e-12 -2.619810304069334908e-12 -2.084423659772495332e-12 -1.618597473717849397e-12 -1.225761340448762552e-12 -9.016305400875297795e-13 -6.394468424016900097e-13 -4.382428704646258046e-13 -6.572888647799334028e-11 -4.888514512089076703e-11 -3.830420101677607067e-11 -3.125953178658137757e-11 -2.972325729884348353e-11 -2.641605139960049712e-11 -2.053825116222843184e-11 -1.834363945694714793e-11 -1.516768014274780175e-11 -1.298854232662526575e-11 -1.064540254410604139e-11 -8.744346633242061213e-12 -7.036544545196992359e-12 -5.546203221184356571e-12 -4.267053447911511580e-12 -3.187428412097798950e-12 -2.311129767013413605e-12 -1.622525314611509653e-12 -1.096290303433367561e-12 -6.988348819127515588e-13 2.896158851027200640e-10 2.157754207213389461e-10 1.699643913193300078e-10 1.400586955880931895e-10 1.340254795678412238e-10 1.192780816772053725e-10 9.261742567836904223e-11 8.245419008468916689e-11 6.766534649271350437e-11 5.740949173912542905e-11 4.644615681568876294e-11 3.758543655325651987e-11 2.972006128058593050e-11 2.296456181212261690e-11 1.728162682691275695e-11 1.259905056294416008e-11 8.905212611592825278e-12 6.085076866928083171e-12 3.931914415495672633e-12 2.310206263427610731e-12 -4.981954190015470365e-13 -9.427448014312169601e-13 -1.507515642348020881e-12 -2.195543938697647671e-12 -2.406625906167569185e-12 -2.057505230509425014e-12 -1.668754481677139928e-12 -1.672271723973719971e-12 -1.366326484760218158e-12 -1.225299594075890589e-12 -1.025259514912443718e-12 -8.699510976698091648e-13 -7.338005782094604659e-13 -6.206405588220482274e-13 -5.274669139526937517e-13 -4.504219711045622312e-13 -3.877908291845336776e-13 -3.357508686161838003e-13 -2.917824649769507959e-13 -2.547099855096639756e-13 -1.563879463205501344e-12 -2.958929715353804648e-12 -4.698432137187111487e-12 -6.799199544547458138e-12 -7.311200089322574782e-12 -6.035889861528477545e-12 -4.682370879050695856e-12 -4.658706132876077985e-12 -3.682791799835360090e-12 -3.285409779612717053e-12 -2.723447204561390625e-12 -2.318572099799384352e-12 -1.974396779881820354e-12 -1.694438390319479122e-12 -1.465343646192393513e-12 -1.274602101412941659e-12 -1.115992432167390720e-12 -9.773787892571407673e-13 -8.534071472429103521e-13 -7.419764713473694550e-13 -3.791831982398679769e-12 -7.117053220821361927e-12 -1.125759233855889300e-11 -1.616675922466388359e-11 -1.709329296455508162e-11 -1.367653513601940832e-11 -1.025695658082363787e-11 -1.028659528912575434e-11 -8.005736194280439462e-12 -7.218915167853408452e-12 -6.027738782966683937e-12 -5.212031058817555657e-12 -4.516953762382918203e-12 -3.945153318304920794e-12 -3.463550448674070652e-12 -3.048317989920501856e-12 -2.684216328247860805e-12 -2.349854792627882111e-12 -2.034391488682570835e-12 -1.731457000054090524e-12 1.696332769710109108e-11 3.148697142103077211e-11 4.989430550860093586e-11 7.127661675473124552e-11 7.490098849617883255e-11 5.921465091856126211e-11 4.403028584238495328e-11 4.463343631971806808e-11 3.481168541233249153e-11 3.175764590711145605e-11 2.680267936107954902e-11 2.344933532917451928e-11 2.053885854116390116e-11 1.808692668027426480e-11 1.595407804534589484e-11 1.405032711246585650e-11 1.232717238305268205e-11 1.070331659331229739e-11 9.129429445028631888e-12 7.664050069157420059e-12
-8.801625292959755181e-12 -6.791931814502181742e-12 -5.433795453962845740e-12 -4.383936993208813126e-12 -3.968066914343915144e-12 -3.427283046299406447e-12 -2.667826485176716579e-12 -2.322834643011313742e-12 -1.921558957729901389e-12 -1.648604416746767667e-12 -1.378345347366913888e-12 -1.162843800638004137e-12 -9.717492925720178356e-13 -8.043673935247730622e-13 -6.576014872812682786e-13 -5.280517314212424886e-13 -4.157000376677743893e-13 -3.196329179371710931e-13 -2.384654040622591616e-13 -1.730345332411444100e-13 -2.420626341709417308e-11 -1.821070637789393256e-11 -1.432143396461091056e-11 -1.154325889723936427e-11 -1.072083145138628816e-11 -9.413730312430372127e-12 -7.321195822739803251e-12 -6.494089671028482587e-12 -5.396172092312105857e-12 -4.651133486046463715e-12 -3.868077190497674878e-12 -3.234565784770085886e-12 -2.663145167896756589e-12 -2.158836735910542820e-12 -1.717655029827394076e-12 -1.333794121349558326e-12 -1.010080213696475957e-12 -7.429824599792338660e-13 -5.269317873412294662e-13 -3.611310294061674986e-13 -5.416343987986685245e-11 -4.028346989239407280e-11 -3.156431517383606579e-11 -2.575920364063012860e-11 -2.449324711205181595e-11 -2.176796668400082638e-11 -1.692440555383306129e-11 -1.511595076008093621e-11 -1.249882315175609601e-11 -1.070311949401158420e-11 -8.772271170065430642e-12 -7.205719037782249097e-12 -5.798416401905798067e-12 -4.570310775402483330e-12 -3.516236137002209494e-12 -2.626578446058576284e-12 -1.904470564855988285e-12 -1.337030797294774738e-12 -9.033904475185826716e-13 -5.758700227239476819e-13 2.386455292141775287e-10 1.778338265717833703e-10 1.400586955880931895e-10 1.154334155278934024e-10 1.104522076435076438e-10 9.830103721045905599e-11 7.633316242326612163e-11 6.795674386583551625e-11 5.576995425201522796e-11 4.731783748135710031e-11 3.828263690817866063e-11 3.098021133404182492e-11 2.449815290846734006e-11 1.893043648852598654e-11 1.424678626385539035e-11 1.038738869456604284e-11 7.343134203403646711e-12 5.018344047774726346e-12 3.242845413051755558e-12 1.905656264331676400e-12 -4.105343644913594864e-13 -7.768624890224311739e-13 -1.242257918811545398e-12 -1.809223037774996938e-12 -1.983163614471730664e-12 -1.695473105673201082e-12 -1.375125741796285610e-12 -1.378024088586119805e-12 -1.125912008670462287e-12 -1.009699756797863863e-12 -8.448580983524004216e-13 -7.168772562358378664e-13 -6.046833554089790796e-13 -5.114346129785093530e-13 -4.346555098469496257e-13 -3.711671505123876432e-13 -3.195563860543734285e-13 -2.766732142446641732e-13 -2.404413526144999687e-13 -2.098920279349920965e-13 -1.288703756607242160e-12 -2.438285955238922346e-12 -3.871710846536446095e-12 -5.602834042583525066e-12 -6.024744435433885160e-12 -4.973833755268023087e-12 -3.858475758836713033e-12 -3.838974960073997793e-12 -3.034779431176157161e-12 -2.707319481370491824e-12 -2.244238063320014908e-12 -1.910603490443079894e-12 -1.626988181330613231e-12 -1.396290382731871165e-12 -1.207506430682495667e-12 -1.050327159573124807e-12 -9.196259409237704979e-13 -8.054023198484124557e-13 -7.032443440662413099e-13 -6.114206555032057617e-13 -3.124632458325715427e-12 -5.864759114938177900e-12 -9.276742198850327969e-12 -1.332210756356265110e-11 -1.408561124196454913e-11 -1.127005526844980456e-11 -8.452175033058681096e-12 -8.476598566858177184e-12 -6.597072232788760872e-12 -5.948697730094053454e-12 -4.967116970786453247e-12 -4.294938570274073064e-12 -3.722164888754837795e-12 -3.250976647409911742e-12 -2.854115107108757023e-12 -2.511945623918713697e-12 -2.211910123514655931e-12 -1.936381786830585608e-12 -1.676426429535500883e-12 -1.426795350633630932e-12 1.397621548575907543e-11 2.594801969030109948e-11 4.111333317750548149e-11 5.873596865241348666e-11 6.172119511886136221e-11 4.879454555741867492e-11 3.628258803979671026e-11 3.677962451172212602e-11 2.868637335699961384e-11 2.616975935366575770e-11 2.208662286744667566e-11 1.932364678001816239e-11 1.692551017206029092e-11 1.490502299098595069e-11 1.314767996831231458e-11 1.157891493291396650e-11 1.015907435604472000e-11 8.820632259168246792e-12 7.523568130906650527e-12 6.316471592914475239e-12
-8.422369249008335814e-12 -6.499272104986485488e-12 -5.199656898987499737e-12 -4.195036106821185418e-12 -3.797085603457409189e-12 -3.279603725206169527e-12 -2.552871637406354049e-12 -2.222745261112418343e-12 -1.838760286940209051e-12 -1.577567189158545499e-12 -1.318953414310303855e-12 -1.112737688340873562e-12 -9.298773107653086883e-13 -7.697077972988356524e-13 -6.292659287528330896e-13 -5.052983940666824012e-13 -3.977878344355178506e-13 -3.058601611043244806e-13 -2.281900889049073117e-13 -1.655785879833140283e-13 -2.316323200657226863e-11 -1.742601945288309217e-11 -1.370433313037017752e-11 -1.104586768805384543e-11 -1.025887811826727784e-11 -9.008099066607359496e-12 -7.005730470762378914e-12 -6.214263774583961652e-12 -5.163654745178523779e-12 -4.450719375815365708e-12 -3.701404454243335270e-12 -3.095190621837314731e-12 -2.548392114793288997e-12 -2.065814022810459341e-12 -1.643642534194367666e-12 -1.276321971388826600e-12 -9.665566300933938475e-13 -7.109679029407522333e-13 -5.042266835163203534e-13 -3.455701659702048308e-13 -5.182957420448844039e-11 -3.854768263480148390e-11 -3.020423036831103613e-11 -2.464925709247531676e-11 -2.343784982623867130e-11 -2.082999987220362368e-11 -1.619514448390359334e-11 -1.446461479271197258e-11 -1.196025748662087537e-11 -1.024192952452845362e-11 -8.394280125002409774e-12 -6.895229647775385079e-12 -5.548566707540493007e-12 -4.373379388104394924e-12 -3.364724118217819923e-12 -2.513401273237109793e-12 -1.822408470760345178e-12 -1.279419245124903407e-12 -8.644641320943412739e-13 -5.510563387542991212e-13 2.283765229367620487e-10 1.701641726457513809e-10 1.340254795678412238e-10 1.104522076435076438e-10 1.056963781016914492e-10 9.406601219605819663e-11 7.304438239669933971e-11 6.502980411884969545e-11 5.336812172441618455e-11 4.528033880951963980e-11 3.663474261700889301e-11 2.964717310351586228e-11 2.344422841139756661e-11 1.811644212586338422e-11 1.363450259394145818e-11 9.941088600338937258e-12 7.027550674218808959e-12 4.803053504663442969e-12 3.104173291662936651e-12 1.824171861690227900e-12 -3.928450285177861836e-13 -7.433878740550712684e-13 -1.188729961062293355e-12 -1.731264751598867172e-12 -1.897710489456497706e-12 -1.622416370309161331e-12 -1.315872490998690403e-12 -1.318645973530386959e-12 -1.077397222972869354e-12 -9.661924889107221710e-13 -8.084537409455817546e-13 -6.859875094688395251e-13 -5.786279587099284734e-13 -4.893972437565286270e-13 -4.159264953291980747e-13 -3.551738070289323814e-13 -3.057869148685508416e-13 -2.647515456214141351e-13 -2.300808882991930620e-13 -2.008479154640703112e-13 -1.233175190472091698e-12 -2.333221622857493320e-12 -3.704881576865102008e-12 -5.361411549095487248e-12 -5.765142404412055757e-12 -4.759514746963963715e-12 -3.692216627474521974e-12 -3.673556153639643717e-12 -2.904012842293173472e-12 -2.590662938220115117e-12 -2.147535377173449888e-12 -1.828276906517253647e-12 -1.556882365258700937e-12 -1.336125177788433039e-12 -1.155475784841236970e-12 -1.005069269029848832e-12 -8.799998845848773101e-13 -7.706980732020343208e-13 -6.729419983847800099e-13 -5.850749323720977329e-13 -2.989995628428497921e-12 -5.612050593639154003e-12 -8.877013450677258094e-12 -1.274806691332246275e-11 -1.347867196218148082e-11 -1.078443642350781141e-11 -8.087976516876461606e-12 -8.111347733800297055e-12 -6.312808867442536019e-12 -5.692372400110609234e-12 -4.753087280143901740e-12 -4.109872630758941321e-12 -3.561779346358419974e-12 -3.110894269366143055e-12 -2.731133195457116124e-12 -2.403707584458578344e-12 -2.116600433990742734e-12 -1.852944420601957937e-12 -1.604190319223920405e-12 -1.365315641761170023e-12 1.337506113534836026e-11 2.482892886941161894e-11 3.934228847555420485e-11 5.620326825990583850e-11 5.906127572636098968e-11 4.669109209943252454e-11 3.471805449706087426e-11 3.519370391202677879e-11 2.744918022487356466e-11 2.504120409771612072e-11 2.113433704872865582e-11 1.849048359876022776e-11 1.619561787284783195e-11 1.426239095356589961e-11 1.258082922073976113e-11 1.107969952996975672e-11 9.721140436022701638e-12 8.440791042845242953e-12 7.199609964644306435e-12 6.044159706800102167e-12
-7.495329238659311900e-12 -5.783905072415490053e-12 -4.627336945868898672e-12 -3.733293554544769562e-12 -3.379144978995369724e-12 -2.918621709931231519e-12 -2.271880143841194331e-12 -1.978090378601915487e-12 -1.636370163702414373e-12 -1.403926271086890570e-12 -1.173777798981698878e-12 -9.902599877174011354e-13 -8.275268314048697761e-13 -6.849869800816059374e-13 -5.600033794598182527e-13 -4.496807994715276309e-13 -3.540038021560586143e-13 -2.721945009557894738e-13 -2.030734820856626493e-13 -1.473535538117556514e-13 -2.061368303577942313e-11 -1.550795853558928837e-11 -1.219591373356551786e-11 -9.830062381248790108e-12 -9.129695795280747765e-12 -8.016588485384935331e-12 -6.234618180963293772e-12 -5.530267265143026695e-12 -4.595297496920334069e-12 -3.960834056353544510e-12 -3.293995320880341693e-12 -2.754506713208046676e-12 -2.267893660583650355e-12 -1.838432349604985731e-12 -1.462728767232881957e-12 -1.135838726881463911e-12 -8.601688918558604276e-13 -6.327125140955647318e-13 -4.487270557201293895e-13 -3.075336697209544386e-13 -4.612475555572989798e-11 -3.430478575746140707e-11 -2.687968720252999223e-11 -2.193614313541124058e-11 -2.085807399214601953e-11 -1.853726693369008777e-11 -1.441256448204254777e-11 -1.287251210044407891e-11 -1.064380636702111031e-11 -9.114612678645109505e-12 -7.470331820083168545e-12 -6.136280020350560550e-12 -4.937842646898734897e-12 -3.892006761714799856e-12 -2.994372957112580331e-12 -2.236754168719203597e-12 -1.621818121316998697e-12 -1.138595074399567849e-12 -7.693135757423103109e-13 -4.904021998224522936e-13 2.032392791639359963e-10 1.514379364139439972e-10 1.192780816772053725e-10 9.830103721045905599e-11 9.406601219605819663e-11 8.371891934303049373e-11 6.501029884910809242e-11 5.787815750654675085e-11 4.749999164654004323e-11 4.030239051084783333e-11 3.260810636982435758e-11 2.638924638745780288e-11 2.086870315931566032e-11 1.612684687384875190e-11 1.213766143888628264e-11 8.850168774933977559e-12 6.256816333324626424e-12 4.276618303585591105e-12 2.764180575649186097e-12 1.624602026792552007e-12 -3.496049874392443272e-13 -6.615640969930524689e-13 -1.057887871583375751e-12 -1.540706551207330116e-12 -1.688831778740484476e-12 -1.443838950487661578e-12 -1.171035999035965768e-12 -1.173504202897585008e-12 -9.588094126751701309e-13 -8.598448471379713094e-13 -7.194682135348726599e-13 -6.104816915743395040e-13 -5.149390786811782886e-13 -4.355298802107521648e-13 -3.701459692591849891e-13 -3.160802558097689130e-13 -2.721293193034145594e-13 -2.356106644264113274e-13 -2.047561648769896051e-13 -1.787408295975205340e-13 -1.097440923286646566e-12 -2.076406787948846253e-12 -3.297089712996517864e-12 -4.771287493867871951e-12 -5.130580121609502796e-12 -4.235640686449654204e-12 -3.285818810402285667e-12 -3.269212262438332286e-12 -2.584371658063828733e-12 -2.305511795510484260e-12 -1.911158751134347542e-12 -1.627040671563437238e-12 -1.385518204308374773e-12 -1.189059493825730541e-12 -1.028293963997467034e-12 -8.944425101904327779e-13 -7.831393602694434291e-13 -6.858682689598099346e-13 -5.988720906261581205e-13 -5.206764459709543232e-13 -2.660890124148993169e-12 -4.994338971886754825e-12 -7.899931351136818202e-12 -1.134490260654484621e-11 -1.199509079438964304e-11 -9.597406498264499138e-12 -7.197742720060940855e-12 -7.218541479754989691e-12 -5.617965622816597037e-12 -5.065819844121797518e-12 -4.229920704344470327e-12 -3.657503906095984613e-12 -3.169738593823395697e-12 -2.768481895981237727e-12 -2.430520670351199734e-12 -2.139134396386891755e-12 -1.883628778213971720e-12 -1.648993064828870242e-12 -1.427619035806000526e-12 -1.215037012065295316e-12 1.190219013793156399e-11 2.209632036798375339e-11 3.501133079087263353e-11 5.001738859849770146e-11 5.256005663500664961e-11 4.155170463327549511e-11 3.089635275977542750e-11 3.131947327333164971e-11 2.442738462445893170e-11 2.228452402967304332e-11 1.880768477436436301e-11 1.645495157842910790e-11 1.441289493427989211e-11 1.269253764700981298e-11 1.119620274100368328e-11 9.860406959122111690e-12 8.651576209093819287e-12 7.512193631254159731e-12 6.407749113317694216e-12 5.379559212366050560e-12
-5.819283314361824537e-12 -4.490554206804957704e-12 -3.592608656088143825e-12 -2.898484147294383050e-12 -2.623527452248838293e-12 -2.265982743655454803e-12 -1.763860380662254385e-12 -1.535765545597293106e-12 -1.270458080913638923e-12 -1.089991434900079352e-12 -9.113069269516814850e-13 -7.688259066664695110e-13 -6.424818456273741052e-13 -5.318156161084958964e-13 -4.347798569351442594e-13 -3.491267301731367360e-13 -2.748442734392127357e-13 -2.113285272465210403e-13 -1.576638062815837770e-13 -1.144035261478081040e-13 -1.600421514449978032e-11 -1.204019215214747300e-11 -9.468760477632137183e-12 -7.631942014870156639e-12 -7.088185818360533359e-12 -6.223982719370892002e-12 -4.840482441690394174e-12 -4.293632870193386540e-12 -3.567733593842168075e-12 -3.075143808559704897e-12 -2.557418243441955009e-12 -2.138565789353489040e-12 -1.760765285555933997e-12 -1.427336682576981635e-12 -1.135644948781830767e-12 -8.818514409832911288e-13 -6.678247238769951617e-13 -4.912303485770800310e-13 -3.483862663380100060e-13 -2.387654232733543631e-13 -3.581070444367320712e-11 -2.663382232392203001e-11 -2.086906526199269690e-11 -1.703095723247691219e-11 -1.619395731181364594e-11 -1.439211067590496723e-11 -1.118974139355427579e-11 -9.994063271980415746e-12 -8.263722967145996372e-12 -7.076475389659201828e-12 -5.799875549418410823e-12 -4.764133810059183475e-12 -3.833681480615736773e-12 -3.021707066432528084e-12 -2.324794991013576762e-12 -1.736588844084671211e-12 -1.259159933321737073e-12 -8.839914059386027053e-13 -5.972857141001819263e-13 -3.807422826202099480e-13 1.578020317264089499e-10 1.175894695285529810e-10 9.261742567836904223e-11 7.633316242326612163e-11 7.304438239669933971e-11 6.501029884910809242e-11 5.048637577795365273e-11 4.494851108268844801e-11 3.689064025066183593e-11 3.130181594212067905e-11 2.532727820073417496e-11 2.049820619334515949e-11 1.621126503464744687e-11 1.252878462868297937e-11 9.430763183954605260e-12 6.877208010287179578e-12 4.862721260176433529e-12 3.324412040179481890e-12 2.149145812536381802e-12 1.263378958690239371e-12 -2.714289542366899367e-13 -5.136304594440556125e-13 -8.213313551210907898e-13 -1.196186048800046200e-12 -1.311188623960894345e-12 -1.120979143206360630e-12 -9.091782492265007726e-13 -9.110945219103506554e-13 -7.444080775413684985e-13 -6.675731760685795893e-13 -5.585864511164473654e-13 -4.739706270497334703e-13 -3.997924976509784491e-13 -3.381401514765430881e-13 -2.873768729438493196e-13 -2.454009040322424575e-13 -2.112779266630500275e-13 -1.829252849458395047e-13 -1.589702241594504613e-13 -1.387722302412595276e-13 -8.520395337862750060e-13 -1.612097330267552216e-12 -2.559820674180861253e-12 -3.704370212115779875e-12 -3.983320541193146503e-12 -3.288500347849124998e-12 -2.551070152905822928e-12 -2.538177006229715984e-12 -2.006475021839033196e-12 -1.789971575270521580e-12 -1.483800625820074004e-12 -1.263214764705873144e-12 -1.075699641795436177e-12 -9.231714659906359756e-13 -7.983550516633205777e-13 -6.944343921085037078e-13 -6.080199639417831250e-13 -5.324998645565170360e-13 -4.649570877015306664e-13 -4.042469302407627252e-13 -2.065882348778689052e-12 -3.877544623972566453e-12 -6.133411632492978363e-12 -8.808045743845838631e-12 -9.312843913765647291e-12 -7.451310693750667924e-12 -5.588240748421220035e-12 -5.604388618878953664e-12 -4.361720828053159779e-12 -3.933041488869904416e-12 -3.284059471527194626e-12 -2.839641946655428196e-12 -2.460946849559690436e-12 -2.149415991504807507e-12 -1.887026980633884499e-12 -1.660798177911547426e-12 -1.462426682919730066e-12 -1.280258344480127742e-12 -1.108386235989796135e-12 -9.433401289966876858e-13 9.239647689268902306e-12 1.715579576834778691e-11 2.718215980894006431e-11 3.883304558764224830e-11 4.080707527551421385e-11 3.226015833788152897e-11 2.398778323447625061e-11 2.431602452584639460e-11 1.896498503240740835e-11 1.730133949236696349e-11 1.460208488385152958e-11 1.277563572754498295e-11 1.119039513481543185e-11 9.854866012362537075e-12 8.693323573050394672e-12 7.656221590340471553e-12 6.717916920351925884e-12 5.833478526804308568e-12 4.976030518656855595e-12 4.177835246427675508e-12
-5.180412325364334150e-12 -3.997557965847868346e-12 -3.198193514785795821e-12 -2.580273578427539912e-12 -2.335503052333567019e-12 -2.017211446542924316e-12 -1.570214671863019413e-12 -1.367161266601584483e-12 -1.130980628240487573e-12 -9.703265455242927107e-13 -8.112589481825880852e-13 -6.844202312693790262e-13 -5.719468737864795073e-13 -4.734301565997756469e-13 -3.870474836876114100e-13 -3.107978011693759431e-13 -2.446704530114083873e-13 -1.881277907677081326e-13 -1.403546585769292298e-13 -1.018437152614375206e-13 -1.424718971717430256e-11 -1.071835765181485026e-11 -8.429231030971471576e-12 -6.794067982760513178e-12 -6.310008156113983755e-12 -5.540681736885307030e-12 -4.309069268819143209e-12 -3.822255670706430415e-12 -3.176049371345344019e-12 -2.737538642001679348e-12 -2.276651665922295548e-12 -1.903782998066666769e-12 -1.567459383395595754e-12 -1.270636299762180334e-12 -1.010967991321096148e-12 -7.850372517058500709e-13 -5.945074870825174634e-13 -4.373005500122427972e-13 -3.101386259296453826e-13 -2.125525251999293184e-13 -3.187922029737672888e-11 -2.370982370535420415e-11 -1.857795145996424396e-11 -1.516121075378510922e-11 -1.441610101691022462e-11 -1.281207041368412661e-11 -9.961273775448536851e-12 -8.896863378080952985e-12 -7.356488779736886117e-12 -6.299583382058864939e-12 -5.163135265944175539e-12 -4.241102604724607322e-12 -3.412800137024905742e-12 -2.689968479221452870e-12 -2.069567013555727554e-12 -1.545937190659853130e-12 -1.120922884348093994e-12 -7.869422891427634147e-13 -5.317126252055379880e-13 -3.389424503527102558e-13 1.404835820700370228e-10 1.046832361206751964e-10 8.245419008468916689e-11 6.795674386583551625e-11 6.502980411884969545e-11 5.787815750654675085e-11 4.494851108268844801e-11 4.001958457128134294e-11 3.284652680876227249e-11 2.787122642517109970e-11 2.255242339195115347e-11 1.825328390988886080e-11 1.443657006884257959e-11 1.115779985726594793e-11 8.399327622946424123e-12 6.125373099028950094e-12 4.331398414621137664e-12 2.961468267701775879e-12 1.914799103869643565e-12 1.125833736484515434e-12 -2.416301243894308710e-13 -4.572414344843061811e-13 -7.311613679364352217e-13 -1.064862550526811689e-12 -1.167239568571448476e-12 -9.979122675744124007e-13 -8.093639609741930242e-13 -8.110698586134464714e-13 -6.626831121391057425e-13 -5.942835446606547627e-13 -4.972619448686403619e-13 -4.219356836080888657e-13 -3.559012112955504297e-13 -3.010173785910904407e-13 -2.558271544173731292e-13 -2.184595243683814779e-13 -1.880827437011746959e-13 -1.628428009088244261e-13 -1.415176501938321044e-13 -1.235370967164453820e-13 -7.584983429521722856e-13 -1.435112921309847730e-12 -2.278790350733233036e-12 -3.297685284618836993e-12 -3.546011046200186270e-12 -2.927471803181255932e-12 -2.271000485679084459e-12 -2.259522822042159714e-12 -1.786193825816565470e-12 -1.593459248919921566e-12 -1.320901327351898759e-12 -1.124532523940416269e-12 -9.576037768957334136e-13 -8.218209323030940769e-13 -7.107075070395962823e-13 -6.181957954611645887e-13 -5.412683907620916104e-13 -4.740392769118744578e-13 -4.139116927562507067e-13 -3.598666103751880549e-13 -1.839079313097176220e-12 -3.451847734994509087e-12 -5.460053980333395852e-12 -7.841052959037839272e-12 -8.290431808891610049e-12 -6.633267329960844207e-12 -4.974734799639837657e-12 -4.989109884092281508e-12 -3.882868577923287364e-12 -3.501251874153823841e-12 -2.923518454747148298e-12 -2.527891387688728081e-12 -2.190771390660543179e-12 -1.913441997536917777e-12 -1.679859404181461742e-12 -1.478467171349995920e-12 -1.301873927406902751e-12 -1.139704969652343503e-12 -9.867018632014934780e-13 -8.397753661551523257e-13 8.225359884906051201e-12 1.527215463021910087e-11 2.419819885172728577e-11 3.456952806423779511e-11 3.632698873823860379e-11 2.871840858811762260e-11 2.135423568042560933e-11 2.164646357746037025e-11 1.688258092865675574e-11 1.540141293989720333e-11 1.299851822285700164e-11 1.137268361769116058e-11 9.961561634239479350e-12 8.772772512669975746e-12 7.738927577638199907e-12 6.815804850504322963e-12 5.980739375802238636e-12 5.193610001760969903e-12 4.430415628902943796e-12 3.719850606570374457e-12
-4.250719699874250084e-12 -3.280144011230568656e-12 -2.624235925211818624e-12 -2.117209765499395965e-12 -1.916366527706931041e-12 -1.655196481446124042e-12 -1.288419122808051325e-12 -1.121806304930675934e-12 -9.280113849078673800e-13 -7.961887977836277877e-13 -6.656679771161678936e-13 -5.615921313774745217e-13 -4.693035839640080413e-13 -3.884669952854743493e-13 -3.175868139289979680e-13 -2.550211458235915074e-13 -2.007611827218913314e-13 -1.543658130248815493e-13 -1.151661785561595821e-13 -8.356652448279920518e-14 -1.169034552451085717e-11 -8.794808461261425557e-12 -6.916495484771526658e-12 -5.574783731730870760e-12 -5.177594808704647261e-12 -4.546334044939402708e-12 -3.535750522514816280e-12 -3.136301998800513611e-12 -2.606065892754545763e-12 -2.246251678140046069e-12 -1.868076901466474177e-12 -1.562124381496259824e-12 -1.286158410137578771e-12 -1.042604146594833049e-12 -8.295367036545245690e-13 -6.441522371307130470e-13 -4.878154672678472821e-13 -3.588213236964622460e-13 -2.544802370240915279e-13 -1.744072342653794392e-13 -2.615807812487739115e-11 -1.945478635255740018e-11 -1.524389559327582980e-11 -1.244033355263047614e-11 -1.182894355973416806e-11 -1.051277718353917686e-11 -8.173593206896276600e-12 -7.300205172912958380e-12 -6.036270977544528172e-12 -5.169041112985373459e-12 -4.236543427924087906e-12 -3.479981552301333561e-12 -2.800328754221101181e-12 -2.207218766790901737e-12 -1.698156456423510504e-12 -1.268498972850183348e-12 -9.197589570695733317e-13 -6.457154734294602945e-13 -4.362900650318529251e-13 -2.781150138198081465e-13 1.152802347249610519e-10 8.590596346164076896e-11 6.766534649271350437e-11 5.576995425201522796e-11 5.336812172441618455e-11 4.749999164654004323e-11 3.689064025066183593e-11 3.284652680876227249e-11 2.696143038223968098e-11 2.287903258013318640e-11 1.851435799849112678e-11 1.498615866095352775e-11 1.185362436056964906e-11 9.162376565658303630e-12 6.898097789673995637e-12 5.031179553233259302e-12 3.558254155828771486e-12 2.433418479562264457e-12 1.573659010643402624e-12 9.254478606509074509e-13 -1.982668453188953206e-13 -3.751833097236079230e-13 -5.999450317675478278e-13 -8.737589382537291526e-13 -9.577632477397574593e-13 -8.188239434149173262e-13 -6.641130075748891925e-13 -6.655127900417475527e-13 -5.437559713996311508e-13 -4.876316134860877790e-13 -4.080218007686195081e-13 -3.462138247280555210e-13 -2.920300892608372713e-13 -2.469958802755115693e-13 -2.099156258723200433e-13 -1.792541059775674706e-13 -1.543288346478144738e-13 -1.336185237773501092e-13 -1.161204472476373378e-13 -1.013667417288757464e-13 -6.223769493291185326e-13 -1.177562848031254720e-12 -1.869831820956028453e-12 -2.705872364261998719e-12 -2.909633206262189227e-12 -2.402098901578898164e-12 -1.863439751540161673e-12 -1.854021967570516718e-12 -1.465638012836592905e-12 -1.307492197059913915e-12 -1.083848344986657356e-12 -9.227205071534407879e-13 -7.857492736449407759e-13 -6.743344332331280054e-13 -5.831617460912818214e-13 -5.072524786216521859e-13 -4.441307109148530562e-13 -3.889667283967417933e-13 -3.396298026432059918e-13 -2.952838188645388806e-13 -1.509034403110570687e-12 -2.832368538122102365e-12 -4.480175698490761254e-12 -6.433873503967995021e-12 -6.802605742402536916e-12 -5.442841121569204294e-12 -4.081953631767614191e-12 -4.093749018659245240e-12 -3.186037102096030401e-12 -2.872906523021963705e-12 -2.398854898635868930e-12 -2.074228327337875328e-12 -1.797608874989887644e-12 -1.570049841101338669e-12 -1.378386658400814829e-12 -1.213136919538523709e-12 -1.068235670330420269e-12 -9.351700425145580627e-13 -8.096252848000657798e-13 -6.890666246656423092e-13 6.748842887387611478e-12 1.253158833043524645e-11 1.985546232376353626e-11 2.836571690314663771e-11 2.980764621961331499e-11 2.356452211809707708e-11 1.752208749858970985e-11 1.776192667043926550e-11 1.385297742110342187e-11 1.263727834711982688e-11 1.066538678338028373e-11 9.331325404213392431e-12 8.173588818402219056e-12 7.198359020956841613e-12 6.350324999648543160e-12 5.593018132585819003e-12 4.908123996504128117e-12 4.262438498468342318e-12 3.636246787412593246e-12 3.053334541720721054e-12
-3.606092547450890566e-12 -2.782705928278845432e-12 -2.226267140013930248e-12 -1.796132140097591646e-12 -1.625747053248638288e-12 -1.404183767647871029e-12 -1.093028676493050990e-12 -9.516829101744020087e-13 -7.872772530301663311e-13 -6.754457464897470750e-13 -5.647185897082233024e-13 -4.764259855446983376e-13 -3.981331145091420598e-13 -3.295555101642039590e-13 -2.694243958883108448e-13 -2.163469008205575987e-13 -1.703155121454470440e-13 -1.309560439101503683e-13 -9.770107572348427079e-14 -7.089354870034862273e-14 -9.917489477611727951e-12 -7.461064373769485452e-12 -5.867599986268984958e-12 -4.729360521035312272e-12 -4.392405843033489616e-12 -3.856876583276688493e-12 -2.999549367439607289e-12 -2.660677741713168351e-12 -2.210852651107252265e-12 -1.905604753099926184e-12 -1.584780680488205862e-12 -1.325226255128743814e-12 -1.091110868380197234e-12 -8.844919511699092631e-13 -7.037364605188347458e-13 -5.464658212568484981e-13 -4.138376883324852511e-13 -3.044056464738658945e-13 -2.158880020703990031e-13 -1.479581728139483062e-13 -2.219117174150298350e-11 -1.650444282076361662e-11 -1.293213911074260244e-11 -1.055374084890331311e-11 -1.003506898704602223e-11 -8.918500943866989465e-12 -6.934057240562788549e-12 -6.193119647169336618e-12 -5.120862755058531376e-12 -4.385149461651569411e-12 -3.594066246480750904e-12 -2.952237951728806246e-12 -2.375655367568873276e-12 -1.872491336237336054e-12 -1.440628992933753597e-12 -1.076129705703820691e-12 -7.802765181419187442e-13 -5.477920424188360720e-13 -3.701262437727872120e-13 -2.359386434979219357e-13 9.780348306823745210e-11 7.288352364876151161e-11 5.740949173912542905e-11 4.731783748135710031e-11 4.528033880951963980e-11 4.030239051084783333e-11 3.130181594212067905e-11 2.787122642517109970e-11 2.287903258013318640e-11 1.941654935624939085e-11 1.571390563716186361e-11 1.272040463263905420e-11 1.006240904372912276e-11 7.778658067687621195e-12 5.857079376222098329e-12 4.272444072010858303e-12 3.022173269599653333e-12 2.067313431830514955e-12 1.337229106061115485e-12 7.866270559488811837e-13 -1.681996720270736949e-13 -3.182861621624190354e-13 -5.089626631980406809e-13 -7.412521845049612074e-13 -8.125172464922790011e-13 -6.946482689090121279e-13 -5.633993942443191314e-13 -5.645869168995555288e-13 -4.612946706885617988e-13 -4.136816532627317873e-13 -3.461447682822377481e-13 -2.937100545519428982e-13 -2.477433457209373659e-13 -2.095386350249150884e-13 -1.780816455517153170e-13 -1.520699855701844201e-13 -1.309246636078458389e-13 -1.133550948920554438e-13 -9.851062277236684898e-14 -8.599433762501565951e-14 -5.279933259865674273e-13 -9.989837137809600350e-13 -1.586269495147591091e-12 -2.295523161204686562e-12 -2.468383645073041374e-12 -2.037817572916154432e-12 -1.580846668035759197e-12 -1.572857142626486368e-12 -1.243372101505152648e-12 -1.109209319317780414e-12 -9.194813423366738781e-13 -7.827887625182582876e-13 -6.665893756946930091e-13 -5.720707402412938434e-13 -4.947244988505758004e-13 -4.303269762277768683e-13 -3.767777125883591647e-13 -3.299794127335431547e-13 -2.881244822390600705e-13 -2.505036262420971294e-13 -1.280188556456887035e-12 -2.402836143733485351e-12 -3.800751052462303160e-12 -5.458168165138682835e-12 -5.770981862928893125e-12 -4.617427345022059921e-12 -3.462920035075220980e-12 -3.472926698125965311e-12 -2.702870435642647949e-12 -2.437226530363340662e-12 -2.035065443185516003e-12 -1.759668945586144979e-12 -1.524999166688594817e-12 -1.331949742088578707e-12 -1.169352507430335331e-12 -1.029163123463737806e-12 -9.062363562489229089e-13 -7.933502991562566089e-13 -6.868445315239352387e-13 -5.845687227250188264e-13 5.725051370697011009e-12 1.063145472942907579e-11 1.684409545639652052e-11 2.406416995741435629e-11 2.528719099092752624e-11 1.999079623180460122e-11 1.486487469048762706e-11 1.506827972246619789e-11 1.175225160998612729e-11 1.072088084983437560e-11 9.047599086402802491e-12 7.915618366027331195e-12 6.933507030083070815e-12 6.106349917195078446e-12 5.387167973763312072e-12 4.744890762906352502e-12 4.164168271055503452e-12 3.616615629375526432e-12 3.085433500941205230e-12 2.591032713246605292e-12
-2.917042138312554177e-12 -2.250987831996072528e-12 -1.800873099376804784e-12 -1.452928088862381470e-12 -1.315100098753439804e-12 -1.135873021050254798e-12 -8.841732921638790963e-13 -7.698358057359723593e-13 -6.368446991238429923e-13 -5.463818995344064950e-13 -4.568124315183131157e-13 -3.853907342525452671e-13 -3.220580272103325326e-13 -2.665841959384261756e-13 -2.179429065838421887e-13 -1.750074317568887567e-13 -1.377717023237461291e-13 -1.059330254510173773e-13 -7.903240223704814729e-14 -5.734724472469299715e-14 -8.022460413288359633e-12 -6.035407820810785374e-12 -4.746421834788982726e-12 -3.825676620479257602e-12 -3.553107072329371380e-12 -3.119906484753836878e-12 -2.426396935018429577e-12 -2.152276732294636343e-12 -1.788403996537152375e-12 -1.541482713386843601e-12 -1.281961546637656625e-12 -1.072002654897801022e-12 -8.826219248754462392e-13 -7.154836444627471419e-13 -5.692668253308013022e-13 -4.420473767105453567e-13 -3.347617703175624336e-13 -2.462399552829484610e-13 -1.746362230829342276e-13 -1.196863927780309797e-13 -1.795089342961986311e-11 -1.335078191073480594e-11 -1.046107225376548817e-11 -8.537137182212510572e-12 -8.117572878020164610e-12 -7.214358113983554173e-12 -5.609100949604681321e-12 -5.009741348349857062e-12 -4.142370772485168880e-12 -3.547237209489012230e-12 -2.907313792687509149e-12 -2.388125737828288726e-12 -1.921716276070688252e-12 -1.514696571357951268e-12 -1.165354272876937885e-12 -8.705033155355040177e-13 -6.311816206048480839e-13 -4.431201737582673364e-13 -2.994026744805876720e-13 -1.908555756899742265e-13 7.912164207727579287e-11 5.896364146185188521e-11 4.644615681568876294e-11 3.828263690817866063e-11 3.663474261700889301e-11 3.260810636982435758e-11 2.532727820073417496e-11 2.255242339195115347e-11 1.851435799849112678e-11 1.571390563716186361e-11 1.271958804462714730e-11 1.029813263045616063e-11 8.147529894128144989e-12 6.299416799240184930e-12 4.744245063361620570e-12 3.461417530338159790e-12 2.449072105615727346e-12 1.675817883065212928e-12 1.084368452767730443e-12 6.381177312195677043e-13 -1.360601099733427322e-13 -2.574682198318073878e-13 -4.117103104357611366e-13 -5.996140935661402742e-13 -6.572618390143093277e-13 -5.619152080788208583e-13 -4.557453151599117166e-13 -4.567059227299492720e-13 -3.731507100597197404e-13 -3.346355630472120233e-13 -2.800035939002062582e-13 -2.375880792237318823e-13 -2.004046681755643160e-13 -1.695000945799879611e-13 -1.440538920965773585e-13 -1.230125273098575747e-13 -1.059076432464747825e-13 -9.169525984339174669e-14 -7.968726255065463603e-14 -6.956258271445921564e-14 -4.271044875721590716e-13 -8.080984326080780575e-13 -1.283165873068320533e-12 -1.856895743192574033e-12 -1.996726081994633475e-12 -1.648432365916656621e-12 -1.278779261987021104e-12 -1.272316363257328174e-12 -1.005789166795875694e-12 -8.972621405891437393e-13 -7.437872941246846024e-13 -6.332138634092208270e-13 -5.392178025890339591e-13 -4.627597420045954848e-13 -4.001927848841593293e-13 -3.481003083287420642e-13 -3.047832106819711916e-13 -2.669271085594303618e-13 -2.330698005349953898e-13 -2.026375190197177427e-13 -1.035570512798041588e-12 -1.943703389567177084e-12 -3.074505430029650083e-12 -4.415224064807652726e-12 -4.668265436893845491e-12 -3.735131547736953948e-12 -2.801226967442771740e-12 -2.809321549711183987e-12 -2.186407270123976087e-12 -1.971522469852384244e-12 -1.646206128741960209e-12 -1.423432253159311549e-12 -1.233603066470195789e-12 -1.077441434635228700e-12 -9.459132048983341588e-13 -8.325111366116532628e-13 -7.330731522791116237e-13 -6.417573088929736707e-13 -5.556026186011834956e-13 -4.728696267689171260e-13 4.630625629521157111e-12 8.600331514838473552e-12 1.362531330859630298e-11 1.946611063909329779e-11 2.045531608148732983e-11 1.617088142745482474e-11 1.202459158941165384e-11 1.218903851563171133e-11 9.506632188089192818e-12 8.672377269988780604e-12 7.318811242848571954e-12 6.402664694228625551e-12 5.607982078760358710e-12 4.938953601785923061e-12 4.357488594677255371e-12 3.838125712227390546e-12 3.368704802695809403e-12 2.926112703783062349e-12 2.496612313876959990e-12 2.096836565646077471e-12
-2.360203687261709873e-12 -1.821293468632134023e-12 -1.457101789773584212e-12 -1.175576504488449342e-12 -1.064058709001607899e-12 -9.190445424767546563e-13 -7.153921470012483112e-13 -6.228807119801062563e-13 -5.152764793587202826e-13 -4.420822641520270187e-13 -3.696108499720652496e-13 -3.118229477931544380e-13 -2.605799132555407195e-13 -2.156955689726234101e-13 -1.763394842956664818e-13 -1.416000298285816659e-13 -1.114722727403345984e-13 -8.571131848967611507e-14 -6.394578967071048339e-14 -4.640014287325161299e-14 -6.491041184581744417e-12 -4.883299980872750905e-12 -3.840370415008108511e-12 -3.095387583406835701e-12 -2.874849252508597656e-12 -2.524342955293588588e-12 -1.963218463410496149e-12 -1.741425474515264482e-12 -1.447012951318363931e-12 -1.247226847506931076e-12 -1.037246061762916438e-12 -8.673665298324193118e-13 -7.141369580728409969e-13 -5.789039637259886524e-13 -4.605986867041757385e-13 -3.576643631503526385e-13 -2.708586431555669725e-13 -1.992348721068348710e-13 -1.412996709891854906e-13 -9.683929372505119782e-14 -1.452422110069884555e-11 -1.080223159566061679e-11 -8.464142856328136411e-12 -6.907470550302464331e-12 -6.567997516764202554e-12 -5.837198741218089496e-12 -4.538371465860242124e-12 -4.053424504963709798e-12 -3.351627594504223072e-12 -2.870099970973542105e-12 -2.352332466478521593e-12 -1.932252976150483904e-12 -1.554877092783553023e-12 -1.225554008121623216e-12 -9.428981775565167005e-13 -7.043317970174165464e-13 -5.106945453180879791e-13 -3.585324008820097121e-13 -2.422493320505511124e-13 -1.544229477740182721e-13 6.402378069697468107e-11 4.771384874718896521e-11 3.758543655325651987e-11 3.098021133404182492e-11 2.964717310351586228e-11 2.638924638745780288e-11 2.049820619334515949e-11 1.825328390988886080e-11 1.498615866095352775e-11 1.272040463263905420e-11 1.029813263045616063e-11 8.339792832995574214e-12 6.599821237139270847e-12 5.103964420737973425e-12 3.845019045693077714e-12 2.806236642170462115e-12 1.986214513139890095e-12 1.359651859876584805e-12 8.802001809322678595e-13 5.182569454787294350e-13 -1.100875343293658142e-13 -2.083196719078313077e-13 -3.331183659186771013e-13 -4.851528369410654469e-13 -5.317961830835217933e-13 -4.546504109642042632e-13 -3.687474154831731000e-13 -3.695246617470442972e-13 -3.019194223141762178e-13 -2.707564930736735688e-13 -2.265532986646109237e-13 -1.922345452263020179e-13 -1.621491261311500708e-13 -1.371439730742956214e-13 -1.165552314468866400e-13 -9.953048401030369189e-14 -8.569077615997149802e-14 -7.419141362634134837e-14 -6.447563967466679174e-14 -5.628367581336985630e-14 -3.455742427582260328e-13 -6.538392265671968921e-13 -1.038220509635905391e-12 -1.502430108451124128e-12 -1.615568159866420610e-12 -1.333760740486670084e-12 -1.034671197202249550e-12 -1.029442032414425001e-12 -8.137925941663794071e-13 -7.259824597431496042e-13 -6.018046490212177181e-13 -5.123387495460842363e-13 -4.362857244465253519e-13 -3.744228551522370343e-13 -3.237993904662060562e-13 -2.816509264726561354e-13 -2.466026965150463497e-13 -2.159729974915906734e-13 -1.885787532080890428e-13 -1.639557355588741066e-13 -8.378895877737544153e-13 -1.572666980641587734e-12 -2.487608473399452839e-12 -3.572395423744005595e-12 -3.777133457206925040e-12 -3.022126884033367224e-12 -2.266496623640891116e-12 -2.273046053337250927e-12 -1.769040774846483423e-12 -1.595175657777314271e-12 -1.331959426664166408e-12 -1.151711201239933674e-12 -9.981187725294571721e-13 -8.717670563152865297e-13 -7.653464310553070334e-13 -6.735918596749099452e-13 -5.931357488510308874e-13 -5.192513183795460598e-13 -4.495428038640193591e-13 -3.826028199615779832e-13 3.746451284629133562e-12 6.958762109856857579e-12 1.102429398573986018e-11 1.575012743569143764e-11 1.655053588327780351e-11 1.308389131440855634e-11 9.729243287920818171e-12 9.862240040852420661e-12 7.691834481786493183e-12 7.016788735110486156e-12 5.921764328064348412e-12 5.180524980278379506e-12 4.537060410059548492e-12 3.995460160666993727e-12 3.525147705921434276e-12 3.105093559253522170e-12 2.725580319506380098e-12 2.367794429585831237e-12 2.020550728587582001e-12 1.697306072877007556e-12
-1.865946664151572553e-12 -1.439891186946655263e-12 -1.151965920385789904e-12 -9.293956401157433738e-13 -8.412311175735002480e-13 -7.265847704586442926e-13 -5.655798119633843411e-13 -4.924414633644260615e-13 -4.073709519548286282e-13 -3.495045595005598795e-13 -2.922096024272059520e-13 -2.465232345430091397e-13 -2.060111495842292873e-13 -1.705261738178238210e-13 -1.394117560466562335e-13 -1.119471974912821357e-13 -8.812856399044027320e-14 -6.776227101974087926e-14 -5.055471627384473242e-14 -3.668335245825259139e-14 -5.131733638643376526e-12 -3.860674140237590904e-12 -3.036147438492400527e-12 -2.447173565295662058e-12 -2.272818824285232880e-12 -1.995713048282018093e-12 -1.552095250166960535e-12 -1.376748577026552869e-12 -1.143989843941633238e-12 -9.860415419990046414e-13 -8.200334424492788425e-13 -6.857288691210631057e-13 -5.645875306656772819e-13 -4.576740881055309884e-13 -3.641434570623012845e-13 -2.827649331595896792e-13 -2.141374165842667826e-13 -1.575125615620743905e-13 -1.117097210924389017e-13 -7.655991795502442057e-14 -1.148266236584462768e-11 -8.540105328001772785e-12 -6.691642463324406001e-12 -5.460957336415548713e-12 -5.192574363653309949e-12 -4.614814252192894005e-12 -3.587978114014294613e-12 -3.204585298166863045e-12 -2.649753729029812124e-12 -2.269064218520232247e-12 -1.859723881197756451e-12 -1.527614434689733969e-12 -1.229265905531192499e-12 -9.689073615965374724e-13 -7.454433058173581778e-13 -5.568358650060320311e-13 -4.037487053518413249e-13 -2.834512365829296605e-13 -1.915193175089571439e-13 -1.220849077258534635e-13 5.062173934626641647e-11 3.772784887235036762e-11 2.972006128058593050e-11 2.449815290846734006e-11 2.344422841139756661e-11 2.086870315931566032e-11 1.621126503464744687e-11 1.443657006884257959e-11 1.185362436056964906e-11 1.006240904372912276e-11 8.147529894128144989e-12 6.599821237139270847e-12 5.225193718765346259e-12 4.042619530155322109e-12 3.046758802983556407e-12 2.224733299449274053e-12 1.575514760289199608e-12 1.079074461029602568e-12 6.989397179329472889e-13 4.117876765093166154e-13 -8.703400141189161899e-14 -1.646947564081614337e-13 -2.633591557919352237e-13 -3.835555234607141940e-13 -4.204312504897514278e-13 -3.594407967326590861e-13 -2.915269489923175889e-13 -2.921414460633103764e-13 -2.386936078033083980e-13 -2.140566044864737880e-13 -1.791101247671729445e-13 -1.519781621451405009e-13 -1.281930109209914292e-13 -1.084242604845187814e-13 -9.214706312830653094e-14 -7.868751745427895903e-14 -6.774602222833299798e-14 -5.865477134584745090e-14 -5.097360413985532988e-14 -4.449714446074414776e-14 -2.732071005900118621e-13 -5.169167071408269702e-13 -8.208038547595846201e-13 -1.187801781589227320e-12 -1.277247471391818167e-12 -1.054454149649915382e-12 -8.179977091155920791e-13 -8.138636322547298051e-13 -6.433739472545148175e-13 -5.739523982159537428e-13 -4.757790147454813876e-13 -4.050484365387728430e-13 -3.449218778678303677e-13 -2.960138894439417290e-13 -2.559916208057345909e-13 -2.226695926745316321e-13 -1.949609183216709544e-13 -1.707454666377010198e-13 -1.490879181435894289e-13 -1.296212788194228829e-13 -6.624257272122101254e-13 -1.243330248820601053e-12 -1.966671083596981360e-12 -2.824289782709652228e-12 -2.986153191630364806e-12 -2.389254740558683736e-12 -1.791863033773486653e-12 -1.797040981251096121e-12 -1.398580864092957582e-12 -1.261125353087567596e-12 -1.053029982623857127e-12 -9.105280834184255634e-13 -7.890998643784567532e-13 -6.892078122225070548e-13 -6.050730165442924948e-13 -5.325330482436631144e-13 -4.689254991129836234e-13 -4.105134155339709419e-13 -3.554027310504943171e-13 -3.024808192539178916e-13 2.961195825469505330e-12 5.501980007742397152e-12 8.715563958581984246e-12 1.245200711054582894e-11 1.308471047351358326e-11 1.034391146995458615e-11 7.691942807398586166e-12 7.796987655934585633e-12 6.081066984143049785e-12 5.547361559714976174e-12 4.681684405033702620e-12 4.095826352670987443e-12 3.587112766107164236e-12 3.158333791834052501e-12 2.786255520987587294e-12 2.454225583161302797e-12 2.154449153097990401e-12 1.871860665415137598e-12 1.597712512956831598e-12 1.342511617201833566e-12
-1.441485294414965021e-12 -1.112347990705254647e-12 -8.899192733908349200e-13 -7.179787335692413788e-13 -6.498697246569773072e-13 -5.613028204744678646e-13 -4.369229282512509090e-13 -3.804219333267212541e-13 -3.147031116787123843e-13 -2.700000846632513488e-13 -2.257384970784234441e-13 -1.904447774589039018e-13 -1.591482859931642757e-13 -1.317353894210951306e-13 -1.076987953779763733e-13 -8.648184108568086283e-14 -6.808135247331316821e-14 -5.234788311797356935e-14 -3.905463400088296275e-14 -2.833869212354440668e-14 -3.964378377151994362e-12 -2.982456682806622342e-12 -2.345491440399537807e-12 -1.890495895914409277e-12 -1.755803081293094991e-12 -1.541732676496218938e-12 -1.199028080173772081e-12 -1.063568914400046851e-12 -8.837576925061027627e-13 -7.617391987436499605e-13 -6.334942800199343728e-13 -5.297410049098630991e-13 -4.361565845993497481e-13 -3.535636613650184879e-13 -2.813091634694440266e-13 -2.184425529782008472e-13 -1.654261470502792942e-13 -1.216820958234950799e-13 -8.629832021674265924e-14 -5.914431172941125033e-14 -8.870612276220389888e-12 -6.597421409536360480e-12 -5.169442763448312704e-12 -4.218711004536092151e-12 -4.011379343663294713e-12 -3.565046795529830961e-12 -2.771793013624250300e-12 -2.475613581039042728e-12 -2.046994002726444482e-12 -1.752903016971369487e-12 -1.436678460434108963e-12 -1.180116499729772274e-12 -9.496355796016750673e-13 -7.485030071626716373e-13 -5.758720806792209807e-13 -4.301689123583233097e-13 -3.119055192409991129e-13 -2.189729103220178871e-13 -1.479533751837927720e-13 -9.431374744738167904e-14 3.911217383293593679e-11 2.915109662918206334e-11 2.296456181212261690e-11 1.893043648852598654e-11 1.811644212586338422e-11 1.612684687384875190e-11 1.252878462868297937e-11 1.115779985726594793e-11 9.162376565658303630e-12 7.778658067687621195e-12 6.299416799240184930e-12 5.103964420737973425e-12 4.042619530155322109e-12 3.130119767991848239e-12 2.360972834171366860e-12 1.725447613103621439e-12 1.223052021351968589e-12 8.383322055069849992e-13 5.434938935276431739e-13 3.204323971334635473e-13 -6.723653975629515954e-14 -1.272299865949429096e-13 -2.034510491500549133e-13 -2.963049104636892055e-13 -3.247926137221054509e-13 -2.776761356602656266e-13 -2.252110015559944135e-13 -2.256857777503495159e-13 -1.843961108827696165e-13 -1.653635075314862326e-13 -1.383665629021882545e-13 -1.174065271707634727e-13 -9.903194522969064063e-14 -8.376015297519316949e-14 -7.118564361768633657e-14 -6.078784752186714694e-14 -5.233529800226724482e-14 -4.531209337467754604e-14 -3.937821561710248346e-14 -3.437501251917361729e-14 -2.110607257370854026e-13 -3.993289769862123038e-13 -6.340895442100395636e-13 -9.176027850167971786e-13 -9.867023638371259257e-13 -8.145895592420674849e-13 -6.319213222184392441e-13 -6.287277876206362174e-13 -4.970206591356849091e-13 -4.433910208944877750e-13 -3.675498822992227340e-13 -3.129089796055871002e-13 -2.664598143226166990e-13 -2.286773055782418495e-13 -1.977591781362437924e-13 -1.720171905443411833e-13 -1.506116440321216167e-13 -1.319046463895626457e-13 -1.151736634800742474e-13 -1.001352578998211006e-13 -5.117425379491434713e-13 -9.605001531806743285e-13 -1.519296500155995235e-12 -2.181826391402098664e-12 -2.306870080238371531e-12 -1.845752871470320089e-12 -1.384253917908655054e-12 -1.388254204248295893e-12 -1.080434786599172857e-12 -9.742473995950192861e-13 -8.134890776987466946e-13 -7.034033030076447604e-13 -6.095972196309997151e-13 -5.324283438490465352e-13 -4.674322694290548554e-13 -4.113935901834504233e-13 -3.622554098427234702e-13 -3.171307621639252298e-13 -2.745564153047504365e-13 -2.336729754835581071e-13 2.287279208196576984e-12 4.250825946185339533e-12 6.732893122132942103e-12 9.619591389410307590e-12 1.010840456035488059e-11 7.990854329242918845e-12 5.942347427602186359e-12 6.023357636009507519e-12 4.697768960634726189e-12 4.285469086417749070e-12 3.616780888660634132e-12 3.164219122938022426e-12 2.771364685347457838e-12 2.440079021326745033e-12 2.152059545242997553e-12 1.895185779495972713e-12 1.663605437112467911e-12 1.445511613562063040e-12 1.234171181152025400e-12 1.037454957272175134e-12
-1.084442844930450749e-12 -8.368297924880239565e-13 -6.694945683773195101e-13 -5.401420701107882839e-13 -4.889030500838915940e-13 -4.222733148554038834e-13 -3.287011703127459953e-13 -2.861949473363373618e-13 -2.367540848706173112e-13 -2.031236048833505425e-13 -1.698252202614533402e-13 -1.432734334600168390e-13 -1.197287882345136572e-13 -9.910582882190464786e-14 -8.102286735748843686e-14 -6.506116887801882977e-14 -5.121827646473402956e-14 -3.938181236183163447e-14 -2.938116137876978650e-14 -2.131945577678674657e-14 -2.982438874358070403e-12 -2.243730034225477706e-12 -1.764535120781071596e-12 -1.422237658510649946e-12 -1.320907047878616344e-12 -1.159859868219115233e-12 -9.020400101956017063e-13 -8.001328349392662883e-13 -6.648592127082078893e-13 -5.730636026802535438e-13 -4.765837683650026875e-13 -3.985292080542295151e-13 -3.281247532690547221e-13 -2.659893714645204577e-13 -2.116316353489023415e-13 -1.643365531385078876e-13 -1.244517529240104512e-13 -9.154264796253230996e-14 -6.492307110142151026e-14 -4.449485501811635940e-14 -6.673444554898796321e-12 -4.963301783570637521e-12 -3.889020128776407858e-12 -3.173775684084539108e-12 -3.017798218818292390e-12 -2.682018068985968832e-12 -2.085245827762273769e-12 -1.862427297894234267e-12 -1.539972863042435992e-12 -1.318725533889332619e-12 -1.080826825805791385e-12 -8.878128533478919158e-13 -7.144198815477024552e-13 -5.631060682046831635e-13 -4.332342238996645766e-13 -3.236205103951153706e-13 -2.346497748308381681e-13 -1.647356343296806271e-13 -1.113069323991434907e-13 -7.095333861870630440e-14 2.942978059359482202e-11 2.193620698115506645e-11 1.728162682691275695e-11 1.424678626385539035e-11 1.363450259394145818e-11 1.213766143888628264e-11 9.430763183954605260e-12 8.399327622946424123e-12 6.898097789673995637e-12 5.857079376222098329e-12 4.744245063361620570e-12 3.845019045693077714e-12 3.046758802983556407e-12 2.360972834171366860e-12 1.783567110498318835e-12 1.305470298146059502e-12 9.267419663735737873e-13 6.360611925073617657e-13 4.129487949683670498e-13 2.437045846059681560e-13 -5.058310568822224047e-14 -9.571611459406653573e-14 -1.530582489125460339e-13 -2.229128167606161045e-13 -2.443445785126409620e-13 -2.088984141343593132e-13 -1.694283136113984890e-13 -1.697855247060771093e-13 -1.387229109581353672e-13 -1.244045209235916574e-13 -1.040944613492120742e-13 -8.832603527494267729e-14 -7.450265361538194196e-14 -6.301354535240938493e-14 -5.355361820901815198e-14 -4.573126028822092605e-14 -3.937232779061183988e-14 -3.408869967482871106e-14 -2.962458533945289863e-14 -2.586063202669270809e-14 -1.587840627456811778e-13 -3.004185720752533680e-13 -4.770316441855421749e-13 -6.903208827406439204e-13 -7.423055476602328505e-13 -6.128234733335675063e-13 -4.754002595688659346e-13 -4.729978011088009227e-13 -3.739132703773086102e-13 -3.335672195790273007e-13 -2.765112144452563151e-13 -2.354043746802866535e-13 -2.004602024596262219e-13 -1.720360683704443788e-13 -1.487760545853310700e-13 -1.294101273202198304e-13 -1.133065453964007834e-13 -9.923308479930779384e-14 -8.664618708379281845e-14 -7.533265734498039815e-14 -3.849907021393813930e-13 -7.225931741737655852e-13 -1.142980609575869877e-12 -1.641408223619265270e-12 -1.735480068309718611e-12 -1.388577347997661311e-12 -1.041387082318034968e-12 -1.044396640934001489e-12 -8.128211598565929201e-13 -7.329354238984065506e-13 -6.119954270114008339e-13 -5.291769280229817478e-13 -4.586056928304879162e-13 -4.005508045841967381e-13 -3.516536132499350360e-13 -3.094952221119757469e-13 -2.725281440265692714e-13 -2.385804430674084107e-13 -2.065513042871126598e-13 -1.757942667654482234e-13 1.719617055328607852e-12 3.198777012019335887e-12 5.064731494575263135e-12 7.237198036723104514e-12 7.604665418244465144e-12 6.011434434335017246e-12 4.470611262487872184e-12 4.531427376477635691e-12 3.534198889696732193e-12 3.224005192509061832e-12 2.721028615277905318e-12 2.380582965150344474e-12 2.085043887308957621e-12 1.835965324355549995e-12 1.619235868778154951e-12 1.425172165928099104e-12 1.250594116823138077e-12 1.086602498549166871e-12 9.280605184759682323e-13 7.805645954403479078e-13
-7.903012406169665781e-13 -6.098501771270963301e-13 -4.879024883410937392e-13 -3.936351808498246932e-13 -3.562941642616873231e-13 -3.077368485660398056e-13 -2.395450058104538922e-13 -2.085680734787008166e-13 -1.725374800668464719e-13 -1.480289098499549280e-13 -1.237623492015563035e-13 -1.044124234806357139e-13 -8.725396354741068250e-14 -7.222477118237653790e-14 -5.904656928580894202e-14 -4.741431823793578651e-14 -3.732605551985151799e-14 -2.870001446114627238e-14 -2.141187662102039491e-14 -1.553680199211271701e-14 -2.173489528002142971e-12 -1.635146297501529676e-12 -1.285926994454444696e-12 -1.036473287104919076e-12 -9.626274694129099965e-13 -8.452622911077352996e-13 -6.573728791589435553e-13 -5.831068043310207490e-13 -4.845245625111857677e-13 -4.176274721706580630e-13 -3.473166285718098076e-13 -2.904333878636374548e-13 -2.391252098775357220e-13 -1.938433891139594517e-13 -1.542295044616609186e-13 -1.197627627954349127e-13 -9.069606034998563518e-14 -6.671302324220635452e-14 -4.731359475809554351e-14 -3.242627271016016179e-14 -4.863356206608640977e-12 -3.617068197296640701e-12 -2.834172081792737130e-12 -2.312928612206410182e-12 -2.199258286727583230e-12 -1.954554300064042324e-12 -1.519649052873850569e-12 -1.357267327766646925e-12 -1.122274827337783645e-12 -9.610382406440356621e-13 -7.876665372587027069e-13 -6.470051637770091654e-13 -5.206428150162630254e-13 -4.103712333884097109e-13 -3.157255414081559230e-13 -2.358435310276926876e-13 -1.710047971716025327e-13 -1.200538184696726723e-13 -8.111687982701811924e-14 -5.170869275341073006e-14 2.145261191748040045e-11 1.599185663496192287e-11 1.259905056294416008e-11 1.038738869456604284e-11 9.941088600338937258e-12 8.850168774933977559e-12 6.877208010287179578e-12 6.125373099028950094e-12 5.031179553233259302e-12 4.272444072010858303e-12 3.461417530338159790e-12 2.806236642170462115e-12 2.224733299449274053e-12 1.725447613103621439e-12 1.305470298146059502e-12 9.583315862862028477e-13 6.822778433382165907e-13 4.692192897987589406e-13 3.052255987257173990e-13 1.802111500330679172e-13 -3.686413791810087722e-14 -6.975383280563402919e-14 -1.115434186466683740e-13 -1.624501605736094923e-13 -1.780693140027585922e-13 -1.522374847528857321e-13 -1.234729319854207702e-13 -1.237333350775040622e-13 -1.010960385279629068e-13 -9.066137108217372322e-14 -7.586014685274292781e-14 -6.436872099491643307e-14 -5.429472911354621097e-14 -4.592190730192395805e-14 -3.902785164324184659e-14 -3.332721368855070787e-14 -2.869306092382615831e-14 -2.484253686132193420e-14 -2.158925117101206762e-14 -1.884623097274770507e-14 -1.157186263146012309e-13 -2.189329181842753320e-13 -3.476431557452372906e-13 -5.030793019030963264e-13 -5.409647876445586838e-13 -4.466031006564696563e-13 -3.464537382203518719e-13 -3.447030846876630116e-13 -2.724939272528747417e-13 -2.430913064670488040e-13 -2.015110103467816879e-13 -1.715539419682795579e-13 -1.460878623517240023e-13 -1.253734202901516643e-13 -1.084223508281345662e-13 -9.430921568343604472e-14 -8.257355594708386581e-14 -7.231731716407269163e-14 -6.314440108070820077e-14 -5.489953318637627150e-14 -2.805717889203450009e-13 -5.265986370311658214e-13 -8.329605393247945851e-13 -1.196196352685145000e-12 -1.264753154860707997e-12 -1.011943625119140766e-12 -7.589236581039409154e-13 -7.611171752075000309e-13 -5.923535090075755016e-13 -5.341358496129460269e-13 -4.459992933291334065e-13 -3.856444221207870847e-13 -3.342146479793026303e-13 -2.919063683803095271e-13 -2.562718366830834428e-13 -2.255484595009971692e-13 -1.986083246425032741e-13 -1.738684964292516701e-13 -1.505267124188967800e-13 -1.281120281903211472e-13 1.251893269874881520e-12 2.332316442714199902e-12 3.690455245930300561e-12 5.274851538437695219e-12 5.542303042798680360e-12 4.380957272715695893e-12 3.258358360771037147e-12 3.302521522489154663e-12 2.575837026338520360e-12 2.349771030914927211e-12 1.983268897802104434e-12 1.735186264069993512e-12 1.519786318017592581e-12 1.338228865169999666e-12 1.180276631309749026e-12 1.038676937662800112e-12 9.106114717608200310e-13 7.906439657609994370e-13 6.754429660272542293e-13 5.684511754690379009e-13
-5.583832251737823803e-13 -4.308864743515742886e-13 -3.447249563320097301e-13 -2.781208666931610596e-13 -2.517377794953188688e-13 -2.174298456308256459e-13 -1.692492599272113552e-13 -1.473626714915926910e-13 -1.219054554262438868e-13 -1.045890671529490191e-13 -8.744366735474606026e-14 -7.377208278006466585e-14 -6.164886082274923184e-14 -5.103007410394140209e-14 -4.171907989937085768e-14 -3.350038186995681294e-14 -2.637255310212241448e-14 -2.027785224778489745e-14 -1.512844733088113674e-14 -1.097744250386553272e-14 -1.535667710452316363e-12 -1.155304115424590846e-12 -9.085650271862423886e-13 -7.323147708948808056e-13 -6.801394230037916840e-13 -5.972156585138980881e-13 -4.644633785980194299e-13 -4.119910818268223767e-13 -3.423383349691608261e-13 -2.950725687607539966e-13 -2.453948174045040800e-13 -2.052042583379795686e-13 -1.689527197773795823e-13 -1.369591117061896645e-13 -1.089701262223860276e-13 -8.461786199818398224e-14 -6.408089796272877638e-14 -4.713578067615837123e-14 -3.342919676998747323e-14 -2.291063576115684504e-14 -3.436179067609367689e-12 -2.555620731374846705e-12 -2.002469566077004627e-12 -1.634187668908982250e-12 -1.553874538568061540e-12 -1.380980207370328248e-12 -1.073700161382346163e-12 -9.589702123982438839e-13 -7.929375293325809417e-13 -6.790166968405437474e-13 -5.565218100696596242e-13 -4.571382410473945524e-13 -3.678575678207785706e-13 -2.899458138160724228e-13 -2.230744009444359566e-13 -1.666342645176892572e-13 -1.208227476602476744e-13 -8.482355748647973680e-14 -5.731284142699667282e-14 -3.653463941569867999e-14 1.516082997509260961e-11 1.130348767382923752e-11 8.905212611592825278e-12 7.343134203403646711e-12 7.027550674218808959e-12 6.256816333324626424e-12 4.862721260176433529e-12 4.331398414621137664e-12 3.558254155828771486e-12 3.022173269599653333e-12 2.449072105615727346e-12 1.986214513139890095e-12 1.575514760289199608e-12 1.223052021351968589e-12 9.267419663735737873e-13 6.822778433382165907e-13 4.885325362645396071e-13 3.375525061146880580e-13 2.203777401119673010e-13 1.303818025468307176e-13 -2.604641516124752850e-14 -4.928409505482116956e-14 -7.881049454522855430e-14 -1.147782367321780621e-13 -1.258139830315957267e-13 -1.075626397647372321e-13 -8.723914210178238610e-14 -8.742314754324941854e-14 -7.142887664143054422e-14 -6.405632555788352339e-14 -5.359859412175974747e-14 -4.547938965955590769e-14 -3.836165609287673290e-14 -3.244588457215316522e-14 -2.757492174411775620e-14 -2.354716636559002008e-14 -2.027292952883098026e-14 -1.755235847777406781e-14 -1.525376484281435151e-14 -1.331570001232238107e-14 -8.176103974870613624e-14 -1.546857112778995069e-13 -2.456255544293962664e-13 -3.554479090065388684e-13 -3.822159390451656482e-13 -3.155451779382107096e-13 -2.447850544989794929e-13 -2.435481787344894507e-13 -1.925291581174087067e-13 -1.717549051637536343e-13 -1.423765585516132689e-13 -1.212105604578543601e-13 -1.032176161445398671e-13 -8.858193498973739767e-14 -7.660523472928833949e-14 -6.663367863494883796e-14 -5.834191554205188364e-14 -5.109541666713609226e-14 -4.461432711771370662e-14 -3.878896050816849592e-14 -1.982377114223167597e-13 -3.720654900127438932e-13 -5.885237367062298679e-13 -8.451662204075964997e-13 -8.936048529777563212e-13 -7.149836320911235585e-13 -5.362135204659912354e-13 -5.377634003533758253e-13 -4.185242763886315858e-13 -3.773909079472763070e-13 -3.151184770692309273e-13 -2.724750905149325825e-13 -2.361376264388907565e-13 -2.062449186997206309e-13 -1.810675039051409276e-13 -1.593600795587578852e-13 -1.403256872986008103e-13 -1.228458863200948123e-13 -1.063538352838208634e-13 -9.051683117365176003e-14 8.838509928837231717e-13 1.648586612469906266e-12 2.607069192450809709e-12 3.727202869070449236e-12 3.915890928111684552e-12 3.095271198074737814e-12 2.302316174105602523e-12 2.333378576600497837e-12 1.820042885536994624e-12 1.660310319967000384e-12 1.401349336401455985e-12 1.226122640245984510e-12 1.073953106809392864e-12 9.456789536235881294e-13 8.340130505576298364e-13 7.340031027327575336e-13 6.434034727337037970e-13 5.576758693051348645e-13 4.760305444138481390e-13 4.007934902862648916e-13
-3.814615896769678977e-13 -2.943617187918391654e-13 -2.355001360917818908e-13 -1.899992825806401365e-13 -1.719755969429537638e-13 -1.485379819116742242e-13 -1.156232423954421893e-13 -1.006713400797347915e-13 -8.328016460777462329e-14 -7.145042936485115320e-14 -5.973750254853041804e-14 -5.039771494149722304e-14 -4.211568843855778685e-14 -3.486143984544504176e-14 -2.850059327089379886e-14 -2.288597072231415234e-14 -1.801654068554679002e-14 -1.385289981130573753e-14 -1.033505178778700954e-14 -7.499275268810194934e-15 -1.049097150180906595e-12 -7.892503516739186087e-13 -6.206896081437816747e-13 -5.002835316346255388e-13 -4.646397896500899056e-13 -4.079900968869087116e-13 -3.172998877895919810e-13 -2.814532581911842738e-13 -2.338697553740298200e-13 -2.015800048408729757e-13 -1.676424757290326042e-13 -1.401861426244371821e-13 -1.154207506093237925e-13 -9.356423487311450858e-14 -7.444345243387932243e-14 -5.780715784175691548e-14 -4.377720220616669873e-14 -3.220104346106730603e-14 -2.283731298781872996e-14 -1.565151704562751568e-14 -2.347438688019671365e-12 -1.745881916852417105e-12 -1.367994638725854568e-12 -1.116401428165983695e-12 -1.061535277460699387e-12 -9.434218625368066066e-13 -7.335023368718379029e-13 -6.551241613572567683e-13 -5.416983747326699835e-13 -4.638729852278612058e-13 -3.801901269984011011e-13 -3.122958583440426811e-13 -2.513034128167194497e-13 -1.980777876223183589e-13 -1.523943427019709014e-13 -1.138371675929199823e-13 -8.254079205704552692e-14 -5.794775211310917000e-14 -3.915366850273028047e-14 -2.495896119000446276e-14 1.035816718859744983e-11 7.723511572882376207e-12 6.085076866928083171e-12 5.018344047774726346e-12 4.803053504663442969e-12 4.276618303585591105e-12 3.324412040179481890e-12 2.961468267701775879e-12 2.433418479562264457e-12 2.067313431830514955e-12 1.675817883065212928e-12 1.359651859876584805e-12 1.079074461029602568e-12 8.383322055069849992e-13 6.360611925073617657e-13 4.692192897987589406e-13 3.375525061146880580e-13 2.358875593812687530e-13 1.556428743373864754e-13 9.275779410505227242e-14 -1.779405848444857967e-14 -3.366845609090729923e-14 -5.383978708688439040e-14 -7.841107204807904004e-14 -8.595034495442494029e-14 -7.348187311329696375e-14 -5.959772544445395821e-14 -5.972345617463053569e-14 -4.879690040304482688e-14 -4.376032699557561899e-14 -3.661608363721056034e-14 -3.106942241865604001e-14 -2.620690614463141302e-14 -2.216552767625425088e-14 -1.883790597223936627e-14 -1.608633076502373316e-14 -1.384952314204314945e-14 -1.199095016209464392e-14 -1.042065510233969212e-14 -9.096661398628024484e-15 -5.585627069389753042e-14 -1.056738386354265971e-13 -1.678001481410786984e-13 -2.428253560498832110e-13 -2.611123699951884282e-13 -2.155659863281905597e-13 -1.672257841568946517e-13 -1.663808632466103855e-13 -1.315270051297271017e-13 -1.173350184613693860e-13 -9.726508405775498081e-14 -8.280547089536498854e-14 -7.051349776562761585e-14 -6.051507740579126149e-14 -5.233313514064137223e-14 -4.552103776997292534e-14 -3.985649746384597099e-14 -3.490601509693423493e-14 -3.047841556819479552e-14 -2.649879718365353937e-14 -1.354284881256168263e-13 -2.541778837072795782e-13 -4.020519202629924893e-13 -5.773783505393906906e-13 -6.104696384199957053e-13 -4.884439330306286839e-13 -3.663162205828217430e-13 -3.673751137876017427e-13 -2.859164113356406541e-13 -2.578160186767017508e-13 -2.152743659151289766e-13 -1.861424237242678906e-13 -1.613183139451045468e-13 -1.408969802863991943e-13 -1.236969041601424443e-13 -1.088674210018794687e-13 -9.586403242825395677e-14 -8.392263505190024067e-14 -7.265597925619122599e-14 -6.183683445137749494e-14 6.033755943774972545e-13 1.126394435061636896e-12 1.780416710889295697e-12 2.545932121224056468e-12 2.674633514120953602e-12 2.114146810673006031e-12 1.572479287132857998e-12 1.593648822800970945e-12 1.243073466282425172e-12 1.134008964723070048e-12 9.570982376001094766e-13 8.374515567574334224e-13 7.334892304038016027e-13 6.459491219441800339e-13 5.697197667991404561e-13 5.013837003908233973e-13 4.397393249684663306e-13 3.812219855298224404e-13 3.244571071861923125e-13 2.726292429145101584e-13
-2.464568892961732860e-13 -1.901829197394637119e-13 -1.521532676994347108e-13 -1.227557906681639873e-13 -1.111109678661423915e-13 -9.596823291043621929e-14 -7.470249904751522332e-14 -6.504229134860877025e-14 -5.380612170302763005e-14 -4.616312319565783349e-14 -3.859558930299000667e-14 -3.256129380020576916e-14 -2.721039215967512537e-14 -2.252354429399387889e-14 -1.841388473456373397e-14 -1.478637156340214509e-14 -1.164026923916209586e-14 -8.950172048323010765e-15 -6.677325065457042419e-15 -4.845167841578512441e-15 -6.778067063387191937e-13 -5.099234159869368199e-13 -4.010187103202326791e-13 -3.232259962904734446e-13 -3.001971346276641810e-13 -2.635965610266914579e-13 -2.050029205023078900e-13 -1.818429445229920213e-13 -1.510999611913744073e-13 -1.302380562253231658e-13 -1.083115183539703314e-13 -9.057237057089767959e-14 -7.457178252925193007e-14 -6.045064510851423054e-14 -4.809697767363254794e-14 -3.734856099522798496e-14 -2.828394375978544281e-14 -2.080470593449792113e-14 -1.475490115346371764e-14 -1.011225895714493977e-14 -1.516646758422346279e-12 -1.127989453826500162e-12 -8.838418887247895080e-13 -7.212910395075286153e-13 -6.858428814835340098e-13 -6.095314828402086588e-13 -4.739054578830083629e-13 -4.232664596734912832e-13 -3.499837532615086156e-13 -2.997019449072731717e-13 -2.456356225383700216e-13 -2.017700903442574390e-13 -1.623637179044669768e-13 -1.279754998370816219e-13 -9.846009142767430731e-14 -7.354899128681293547e-14 -5.332876881500906244e-14 -3.743948543324438504e-14 -2.529685358817933447e-14 -1.612585471754039309e-14 6.692581233619794349e-12 4.990132298897714765e-12 3.931914415495672633e-12 3.242845413051755558e-12 3.104173291662936651e-12 2.764180575649186097e-12 2.149145812536381802e-12 1.914799103869643565e-12 1.573659010643402624e-12 1.337229106061115485e-12 1.084368452767730443e-12 8.802001809322678595e-13 6.989397179329472889e-13 5.434938935276431739e-13 4.129487949683670498e-13 3.052255987257173990e-13 2.203777401119673010e-13 1.556428743373864754e-13 1.053933064548544376e-13 6.432925699164016029e-14 -1.149691671591900132e-14 -2.175251667574726675e-14 -3.478524338752858297e-14 -5.066014080807211891e-14 -5.553135423418509821e-14 -4.747565447019611539e-14 -3.850521440974437748e-14 -3.858647979918526983e-14 -3.152697616020389932e-14 -2.827293312910605603e-14 -2.365713336284622798e-14 -2.007351920194552720e-14 -1.693190470212288585e-14 -1.432083138089151476e-14 -1.217089612451643194e-14 -1.039314380914708912e-14 -8.947973745033105579e-15 -7.747170556615750350e-15 -6.732622626993119056e-15 -5.877212280765701021e-15 -3.608904860323082878e-14 -6.827401327508012603e-14 -1.084134413075493083e-13 -1.568857376721292618e-13 -1.687011234070087669e-13 -1.392742503464606424e-13 -1.080421417836909624e-13 -1.074963179323485286e-13 -8.497770924110517226e-14 -7.580849595543142909e-14 -6.284158924237595888e-14 -5.349946101586082003e-14 -4.555776104575149293e-14 -3.909792432042554323e-14 -3.381167031734588594e-14 -2.941048176134162470e-14 -2.575071367960574785e-14 -2.255226604113333581e-14 -1.969163408208075801e-14 -1.712046261944925444e-14 -8.750042834767165464e-14 -1.642206448197474639e-13 -2.597596758694113131e-13 -3.730357719435796812e-13 -3.944158912177919383e-13 -3.155768853423274176e-13 -2.366716186623637540e-13 -2.373558603966960344e-13 -1.847264958516986545e-13 -1.665712598628846064e-13 -1.390856946531643050e-13 -1.202640196816193664e-13 -1.042254736992071431e-13 -9.103151889918046102e-14 -7.991875740781433451e-14 -7.033767043996096367e-14 -6.193640042831687880e-14 -5.422122677224249794e-14 -4.694194103912245605e-14 -3.995180189202330056e-14 3.901220021196546122e-13 7.274249756347942636e-13 1.150299341072401898e-12 1.644405668704799690e-12 1.727662158154971469e-12 1.365681611751099850e-12 1.015611336789899892e-12 1.029300144498016589e-12 8.027921209666635670e-13 7.323962694279140496e-13 6.181431468264056922e-13 5.409069298300093852e-13 4.736979858511342354e-13 4.172034810789375142e-13 3.679975651340209045e-13 3.238081402881846638e-13 2.840683587658178622e-13 2.465557176706144865e-13 2.098277257591623494e-13 1.751830942990630788e-13
-1.447597532820540172e-13 -1.117065089011948453e-13 -8.936924187943664557e-14 -7.210219582554963253e-14 -6.526249471147913778e-14 -5.636815967371297474e-14 -4.387746332714605176e-14 -3.820341637382839179e-14 -3.160373846894698088e-14 -2.711456480972413621e-14 -2.266970981480540907e-14 -1.912539978633747300e-14 -1.598247160652395390e-14 -1.322962193973885020e-14 -1.081574526901002763e-14 -8.685102369447791280e-15 -6.837138160249754191e-15 -5.257023268452945730e-15 -3.922008423889465571e-15 -2.845861927330465615e-15 -3.981188591605778840e-13 -2.995103930084040841e-13 -2.355437298855553380e-13 -1.898510198072769006e-13 -1.763248010959908292e-13 -1.548269365251120939e-13 -1.204111940021890080e-13 -1.068079073998124840e-13 -8.875067364227320594e-14 -7.649722936613711943e-14 -6.361841118476549933e-14 -5.319908028853522078e-14 -4.380088208181868955e-14 -3.550672397952802581e-14 -2.825062709580923662e-14 -2.193750011972098422e-14 -1.661316342835416609e-14 -1.222004950941233761e-14 -8.666558424041700890e-15 -5.939636841930338090e-15 -8.908229946084392411e-13 -6.625398177941253701e-13 -5.191364992725746696e-13 -4.236599637624827062e-13 -4.028391542140213375e-13 -3.580166204409595649e-13 -2.783548320347104441e-13 -2.486113785319365367e-13 -2.055679345816712534e-13 -1.760343573720428578e-13 -1.442777401418588196e-13 -1.185127074133207460e-13 -9.536680463538360748e-14 -7.516860033550207236e-14 -5.783235396191073823e-14 -4.320073593660289191e-14 -3.132397356438555881e-14 -2.199106338962666902e-14 -1.485885009596776394e-14 -9.472139271374382912e-15 3.931946209266226916e-12 2.931978485373861208e-12 2.310206263427610731e-12 1.905656264331676400e-12 1.824171861690227900e-12 1.624602026792552007e-12 1.263378958690239371e-12 1.125833736484515434e-12 9.254478606509074509e-13 7.866270559488811837e-13 6.381177312195677043e-13 5.182569454787294350e-13 4.117876765093166154e-13 3.204323971334635473e-13 2.437045846059681560e-13 1.802111500330679172e-13 1.303818025468307176e-13 9.275779410505227242e-14 6.432925699164016029e-14 4.198202692489458777e-14 -6.753632779287325256e-15 -1.277628936064616317e-14 -2.043180151111899617e-14 -2.975567353058905067e-14 -3.261719641707449417e-14 -2.788557680211469588e-14 -2.261650776745005916e-14 -2.266429806604548984e-14 -1.851778292832458525e-14 -1.660650420987234454e-14 -1.389534158429685160e-14 -1.179046584060452860e-14 -9.945174908900061802e-15 -8.411532509118040073e-15 -7.148727925583118964e-15 -6.104543367476069290e-15 -5.255702350468851747e-15 -4.550384354295624916e-15 -3.954471235701958723e-15 -3.452040022420359342e-15 -2.119936124539783634e-14 -4.010103984206182025e-14 -6.367837148740144278e-14 -9.214847606086079592e-14 -9.908912586613386694e-14 -8.180484991050694889e-14 -6.345990770414219127e-14 -6.313943095267243944e-14 -4.991277417655602374e-14 -4.452716167570469697e-14 -3.691086027145106424e-14 -3.142367445799777445e-14 -2.675895447954497228e-14 -2.296468286964566748e-14 -1.985969899001682071e-14 -1.727462038773691089e-14 -1.512502543883864252e-14 -1.324635369028958502e-14 -1.156608209376742141e-14 -1.005587578305362967e-14 -5.139813622052901496e-14 -9.645708999706483796e-14 -1.525727314902430439e-13 -2.191073040685083343e-13 -2.316657561630975027e-13 -1.853587191999494202e-13 -1.390121299573560860e-13 -1.394142171792090791e-13 -1.085015496097771581e-13 -9.783787623836639533e-14 -8.169384291772641383e-14 -7.063878191416191897e-14 -6.121825079188363360e-14 -5.346856464500770598e-14 -4.694126815665129687e-14 -4.131374272819644563e-14 -3.637920446932409604e-14 -3.184758107038883241e-14 -2.757188792071810365e-14 -2.346605759937454983e-14 2.290362096552461908e-13 4.272888713009746665e-13 6.755100600826356973e-13 9.656882417011534871e-13 1.014708764976024120e-12 8.021282775341963971e-13 5.965412933890028511e-13 6.045017213717682190e-13 4.714492549443240296e-13 4.300925153515053080e-13 3.630020845196694764e-13 3.176703844153272442e-13 2.781527758569389376e-13 2.449900423371173770e-13 2.161034807600426805e-13 1.901175897603497559e-13 1.669442690770207196e-13 1.450973415438254615e-13 1.237295724112884684e-13 1.032464785786741851e-13
2.826480339037591718e-13 2.179486956701915714e-13 1.744282032517190238e-13 1.406722491906037017e-13 1.273612150936491886e-13 1.099732840728575896e-13 8.558337898374741166e-14 7.450546903376650742e-14 6.161834390358624234e-14 5.285267742304986647e-14 4.417571203478928632e-14 3.725885924100033941e-14 3.112228049105109921e-14 2.575666717674679700e-14 2.104452274458968833e-14 1.689257919523365883e-14 1.328710522696215813e-14 1.020353944541919855e-14 7.609694891341642476e-15 5.519796019672109379e-15 -2.585297919725200716e-13 -1.944956001398866609e-13 -1.529570187803137987e-13 -1.232851037919052289e-13 -1.145015133752663740e-13 -1.005412514351095881e-13 -7.819241988522665694e-14 -6.935875640946397417e-14 -5.763281201861015157e-14 -4.967572588667846709e-14 -4.131251274169761127e-14 -3.454642203381307970e-14 -2.844341674455540984e-14 -2.305740842133639149e-14 -1.834545354296460248e-14 -1.424589284272001165e-14 -1.078832991738384372e-14 -7.935496776849049983e-15 -5.627909084189892450e-15 -3.857103444455737716e-15 -5.784813068479726429e-13 -4.302390941555357202e-13 -3.371160885616790911e-13 -2.751156330885357304e-13 -2.615951164999209838e-13 -2.324883258124763405e-13 -1.807576689269324855e-13 -1.614429320724420879e-13 -1.334915140877353047e-13 -1.143131027147966648e-13 -9.369102307590071419e-14 -7.695975555235710617e-14 -6.192928618760862660e-14 -4.881309287919562143e-14 -3.755532051935945415e-14 -2.805398351165032394e-14 -2.034140183405528466e-14 -1.428075099822664758e-14 -9.649209513455623093e-15 -6.151195014269572738e-15 -8.491325118592416578e-13 -6.326124961093468978e-13 -4.981954190015470365e-13 -4.105343644913594864e-13 -3.928450285177861836e-13 -3.496049874392443272e-13 -2.714289542366899367e-13 -2.416301243894308710e-13 -1.982668453188953206e-13 -1.681996720270736949e-13 -1.360601099733427322e-13 -1.100875343293658142e-13 -8.703400141189161899e-14 -6.723653975629515954e-14 -5.058310568822224047e-14 -3.686413791810087722e-14 -2.604641516124752850e-14 -1.779405848444857967e-14 -1.149691671591900132e-14 -6.753632779287325256e-15 1.399598799199221618e-14 2.449125750397301509e-14 4.018652304463985099e-14 5.784113469244215437e-14 6.365196119055925268e-14 5.444068673617569593e-14 4.409528012088643401e-14 4.423305551008274063e-14 3.613762750590053987e-14 3.241334416458359256e-14 2.712467312787203042e-14 2.301885471999870040e-14 1.941713414969811642e-14 1.642494814691900743e-14 1.395711829043006428e-14 1.191974636481260642e-14 1.025719350470030217e-14 8.881727253736279306e-15 7.727675229282880714e-15 6.741063024896908675e-15 -1.376735134973651229e-14 -2.604045435237238296e-14 -4.135149483362366656e-14 -5.983900817751566794e-14 -6.434646264570325399e-14 -5.312242345408459799e-14 -4.120944942698162413e-14 -4.100139620304409108e-14 -3.241226696785145663e-14 -2.891498937492135868e-14 -2.396912057893116444e-14 -2.040587897500625050e-14 -1.737668376477753560e-14 -1.491276575719250430e-14 -1.289644110990793754e-14 -1.121775572920270485e-14 -9.821864219719652882e-15 -8.601885483028480265e-15 -7.510733761969547231e-15 -6.530041127418939905e-15 -3.337855418915605969e-14 -6.263710010165514388e-14 -9.907715211088249149e-14 -1.422834288458844055e-13 -1.504388805094862704e-13 -1.203681432502566012e-13 -9.027141896811663409e-14 -9.053261591029498133e-14 -7.045854703568121372e-14 -6.353381070080868372e-14 -5.305021540836190437e-14 -4.587134632284005236e-14 -3.975382044712039844e-14 -3.472132252712894021e-14 -3.048260508644757261e-14 -2.682823761750768499e-14 -2.362388385523222182e-14 -2.068113939299696930e-14 -1.790454540112088325e-14 -1.523827038291677113e-14 -4.978380880236791361e-14 -9.235404629647164549e-14 -1.463505532462110339e-13 -2.090664437249691064e-13 -2.196949641650204732e-13 -1.736792314754871515e-13 -1.291320825187481078e-13 -1.308982138213810485e-13 -1.020886077607975401e-13 -9.313200575145695988e-14 -7.859888181010757400e-14 -6.876299484594123242e-14 -6.022422662096993983e-14 -5.303115598052242709e-14 -4.677465238369745818e-14 -4.119062352232640812e-14 -3.613768734130767362e-14 -3.137516889832264504e-14 -2.675656629613979506e-14 -2.245422857223651758e-14
5.342988637642632774e-13 4.126202964882944596e-13 3.299906121457446461e-13 2.663348761187253512e-13 2.409822255829106245e-13 2.081536801684220006e-13 1.620351048396826641e-13 1.410614229467668677e-13 1.166889465947371362e-13 1.001097358510527735e-13 8.369580056653545191e-14 7.060999158771588629e-14 5.901208602983859032e-14 4.884649410131672078e-14 3.993642376953942822e-14 3.206839804156720843e-14 2.524839587038745986e-14 1.941164360975125496e-14 1.447437864300942012e-14 1.050047067408446607e-14 -4.892213307684954296e-13 -3.680479359503942552e-13 -2.894437120070250926e-13 -2.332954271323211777e-13 -2.166736591405991244e-13 -1.902564790006885412e-13 -1.479652400795006430e-13 -1.312489594714480288e-13 -1.090594092295770935e-13 -9.400172422180336028e-14 -7.817572102370380133e-14 -6.537212566671834564e-14 -5.382344575160453455e-14 -4.363103940412947384e-14 -3.471452863774085691e-14 -2.695641495820168235e-14 -2.041407932935743563e-14 -1.501596203990994677e-14 -1.064951147173294469e-14 -7.298593678869717202e-15 -1.094671492729650574e-12 -8.141500700438472563e-13 -6.379313383294133072e-13 -5.206070718461648656e-13 -4.950213065850598386e-13 -4.399419625657539051e-13 -3.420510611498839215e-13 -3.055012032878029665e-13 -2.526075631140752058e-13 -2.163153494499113094e-13 -1.772919192476416225e-13 -1.456310956655475241e-13 -1.171888026225928104e-13 -9.236799479022380128e-14 -7.106457090171383149e-14 -5.308391282220122354e-14 -3.848985114336240310e-14 -2.702169937799455917e-14 -1.825766218929087927e-14 -1.163830329218198690e-14 -1.606830014694979228e-12 -1.197105352345285518e-12 -9.427448014312169601e-13 -7.768624890224311739e-13 -7.433878740550712684e-13 -6.615640969930524689e-13 -5.136304594440556125e-13 -4.572414344843061811e-13 -3.751833097236079230e-13 -3.182861621624190354e-13 -2.574682198318073878e-13 -2.083196719078313077e-13 -1.646947564081614337e-13 -1.272299865949429096e-13 -9.571611459406653573e-14 -6.975383280563402919e-14 -4.928409505482116956e-14 -3.366845609090729923e-14 -2.175251667574726675e-14 -1.277628936064616317e-14 2.449125750397301509e-14 4.747985322341571212e-14 7.512406284534414144e-14 1.099708629476776201e-13 1.203395327449911801e-13 1.028895673230519574e-13 8.352258884818602976e-14 8.367006714367136706e-14 6.838308673051181220e-14 6.132471336505135514e-14 5.131688719878249223e-14 4.354438355134737238e-14 3.673193400710626468e-14 3.106401695026453346e-14 2.639822967307060151e-14 2.254007037852154941e-14 1.940815146724213849e-14 1.680005647772740625e-14 1.459680894011224783e-14 1.274916507899772988e-14 -2.604374628107742889e-14 -4.927955455686700165e-14 -7.824908087226079103e-14 -1.132366123915179496e-13 -1.217630435676041943e-13 -1.005235914482249864e-13 -7.798190419789389653e-14 -7.758768323251157179e-14 -6.133450947681855995e-14 -5.471633178616612207e-14 -4.535722476100561128e-14 -3.861426247392964748e-14 -3.288229409626494059e-14 -2.821976999690293428e-14 -2.440437316150025608e-14 -2.122768198232851138e-14 -1.858612586010683986e-14 -1.627762341543762276e-14 -1.421299092548283698e-14 -1.235718107920785267e-14 -6.314749746562476162e-14 -1.185299596690338318e-13 -1.874883401039298245e-13 -2.692470241892895288e-13 -2.846773781869821072e-13 -2.277734177975528219e-13 -1.708230071759550521e-13 -1.713164634096301063e-13 -1.333303329617014546e-13 -1.202263030982872716e-13 -1.003880539397226574e-13 -8.680288984418758008e-14 -7.522689509338163904e-14 -6.570396560786934133e-14 -5.768324037001889052e-14 -5.076776979484483050e-14 -4.470384434855875614e-14 -3.913528207318200299e-14 -3.388153606541443936e-14 -2.883642538944974892e-14 -9.418716407163493783e-14 -1.747599319649612640e-13 -2.769498161239966953e-13 -3.956199751595138044e-13 -4.157326604852311826e-13 -3.286550051456547418e-13 -2.443596067716419913e-13 -2.477011620170704704e-13 -1.931844532430748693e-13 -1.762355770298514525e-13 -1.487343088386067215e-13 -1.301211726106194330e-13 -1.139634444884915128e-13 -1.003521190472675609e-13 -8.851314687262760375e-14 -7.794606003458994881e-14 -6.838401175028339664e-14 -5.937190536224798976e-14 -5.063257408963538527e-14 -4.249181382500346291e-14
8.548233629276404709e-13 6.594511134689852575e-13 5.278110135829796825e-13 4.257092205505674824e-13 3.853557612096968591e-13 3.328072910847520469e-13 2.590334605198826777e-13 2.255181651651332285e-13 1.865416263140577224e-13 1.600294010060086727e-13 1.337812167161175240e-13 1.128551012228892061e-13 9.430088838388904063e-14 7.805281932882726183e-14 6.380181012854608917e-14 5.122847647664809489e-14 4.032485456451983423e-14 3.099594708145171670e-14 2.311983349885459151e-14 1.677247872177098896e-14 -7.822993430315895320e-13 -5.885346222630544974e-13 -4.628408914554283305e-13 -3.730556163515054227e-13 -3.464764099978873487e-13 -3.042334298049770831e-13 -2.366067954545666106e-13 -2.098763526890745807e-13 -1.743938294009898506e-13 -1.503156709749711856e-13 -1.250088296318074252e-13 -1.045349710184562577e-13 -8.606774806191175500e-14 -6.976952370910959799e-14 -5.551138678141344422e-14 -4.310580180073565118e-14 -3.264393862017426997e-14 -2.401181471201423949e-14 -1.702944701900063274e-14 -1.167108725526125791e-14 -1.750457103829922307e-12 -1.301883424604130322e-12 -1.020097321164409681e-12 -8.324873491026716088e-13 -7.915741718227407178e-13 -7.034984046349544615e-13 -5.469639189430350604e-13 -4.885181999971978585e-13 -4.039377993250102054e-13 -3.459042125730638968e-13 -2.835029310264603762e-13 -2.328750008947796103e-13 -1.873936955018699703e-13 -1.477038044429814344e-13 -1.136381757437082262e-13 -8.488630273106344125e-14 -6.154910475641482650e-14 -4.321048835208544066e-14 -2.919603577926974375e-14 -1.861121193377465860e-14 -2.569434807576186643e-12 -1.914255935538844071e-12 -1.507515642348020881e-12 -1.242257918811545398e-12 -1.188729961062293355e-12 -1.057887871583375751e-12 -8.213313551210907898e-13 -7.311613679364352217e-13 -5.999450317675478278e-13 -5.089626631980406809e-13 -4.117103104357611366e-13 -3.331183659186771013e-13 -2.633591557919352237e-13 -2.034510491500549133e-13 -1.530582489125460339e-13 -1.115434186466683740e-13 -7.881049454522855430e-14 -5.383978708688439040e-14 -3.478524338752858297e-14 -2.043180151111899617e-14 4.018652304463985099e-14 7.512406284534414144e-14 1.208281074711720228e-13 1.754419635514116663e-13 1.925214691467626650e-13 1.646223984638362468e-13 1.334928316000977958e-13 1.338073777811341061e-13 1.093369302478531938e-13 9.806070071563496200e-14 8.205644931895529074e-14 6.963048152432354221e-14 5.873420435232299475e-14 4.967517144293654525e-14 4.221500191641235478e-14 3.605142217426292505e-14 3.103447885271592304e-14 2.686568465082309342e-14 2.335106446062021233e-14 2.038335904928166654e-14 -4.164944443176316583e-14 -7.880033153246824913e-14 -1.251263123830733048e-13 -1.810724496995732224e-13 -1.947081566503100602e-13 -1.607447639700801646e-13 -1.246983808892223923e-13 -1.240682166917676157e-13 -9.807815520416836732e-14 -8.749531203537304467e-14 -7.252941361345285471e-14 -6.174701365760137062e-14 -5.258108894595411822e-14 -4.512538495841511880e-14 -3.902423809505214883e-14 -3.394451963960690635e-14 -2.972052053853419813e-14 -2.602902438409494489e-14 -2.272745559651510472e-14 -1.975989565071795244e-14 -1.009839422420110520e-13 -1.895375480700578210e-13 -2.998059442877871969e-13 -4.305444623274462593e-13 -4.552197084940511197e-13 -3.642264753020585905e-13 -2.731577910895105898e-13 -2.739472121355876767e-13 -2.132045220783479450e-13 -1.922503449049401616e-13 -1.605275547954204134e-13 -1.388041106879771357e-13 -1.202931392838906753e-13 -1.050652308578990845e-13 -9.223940243605639629e-14 -8.118117926226907323e-14 -7.148464754827767026e-14 -6.258010099786392639e-14 -5.417879285286488133e-14 -4.611116050676881266e-14 -1.506204229585142207e-13 -2.794549657034544002e-13 -4.428589748496773995e-13 -6.326245434297473950e-13 -6.647860939077479517e-13 -5.255432771596078008e-13 -3.907480960941650672e-13 -3.960917072316447345e-13 -3.089155186018148629e-13 -2.818131203348647965e-13 -2.378366282776187576e-13 -2.080731207596430217e-13 -1.822356204897634170e-13 -1.604700356696876725e-13 -1.415385392455843526e-13 -1.246411580868407297e-13 -1.093508867589618784e-13 -9.493984829120314324e-14 -8.096480686648112862e-14 -6.794688111292813019e-14
1.244610860853578152e-12 9.608862066861057236e-13 7.687039407038891187e-13 6.203304484254869481e-13 5.613002986414685441e-13 4.848221895940867821e-13 3.773916720330818449e-13 3.285405957042038181e-13 2.717668909022750253e-13 2.331452623487278942e-13 1.949087197888741673e-13 1.644272119579369109e-13 1.374059311092962608e-13 1.137305014589423266e-13 9.297394476865255160e-14 7.465402908437257681e-14 5.876912283925638679e-14 4.517530140263241937e-14 3.368874072214886252e-14 2.443822462732487850e-14 -1.139339938596989555e-12 -8.571411547982689262e-13 -6.740809698635932580e-13 -5.433179472915986077e-13 -5.046078944739310676e-13 -4.430852989739489378e-13 -3.445939155322336304e-13 -3.056636782312016652e-13 -2.539868741342492385e-13 -2.189193674319739302e-13 -1.820624725730465531e-13 -1.522443726247901417e-13 -1.253487803825336815e-13 -1.016119533957852524e-13 -8.084642408839174219e-14 -6.277880809441219702e-14 -4.754231360288596102e-14 -3.497061028085460658e-14 -2.480157471886882667e-14 -1.699766984752389656e-14 -2.549363635648707623e-12 -1.896061532947352177e-12 -1.485668510776211764e-12 -1.212433699988565712e-12 -1.152847600034798846e-12 -1.024574159568882798e-12 -7.965975317742933124e-13 -7.114771924482651120e-13 -5.882942011489163201e-13 -5.037739876806619839e-13 -4.128928780850497271e-13 -3.391584466689882580e-13 -2.729195775845742606e-13 -2.151150225626466434e-13 -1.655018435101055869e-13 -1.236273062251049224e-13 -8.963923016992395550e-14 -6.293105995609608030e-14 -4.252052848205394549e-14 -2.710480441808610883e-14 -3.742121770412265711e-12 -2.787920169115063719e-12 -2.195543938697647671e-12 -1.809223037774996938e-12 -1.731264751598867172e-12 -1.540706551207330116e-12 -1.196186048800046200e-12 -1.064862550526811689e-12 -8.737589382537291526e-13 -7.412521845049612074e-13 -5.996140935661402742e-13 -4.851528369410654469e-13 -3.835555234607141940e-13 -2.963049104636892055e-13 -2.229128167606161045e-13 -1.624501605736094923e-13 -1.147782367321780621e-13 -7.841107204807904004e-14 -5.066014080807211891e-14 -2.975567353058905067e-14 5.784113469244215437e-14 1.099708629476776201e-13 1.754419635514116663e-13 2.558759064798413782e-13 2.803366228854952400e-13 2.397143889915409439e-13 1.944847582145279685e-13 1.948932319463340216e-13 1.592717737363694589e-13 1.428393263081698711e-13 1.195289219409038687e-13 1.014296029336307895e-13 8.555935523123109756e-14 7.236098941925057795e-14 6.149399563834696894e-14 5.251123070741121981e-14 4.520842331038825730e-14 3.913477906045849290e-14 3.400915279629930157e-14 2.969644070398052516e-14 -6.065553147758491839e-14 -1.147655564750756318e-13 -1.822334462968531247e-13 -2.637143562838215438e-13 -2.835724037776154597e-13 -2.341081645239121393e-13 -1.816107168338581805e-13 -1.806927834809475877e-13 -1.428409530208305213e-13 -1.274280464910465054e-13 -1.056317479188055142e-13 -8.992821983578396777e-14 -7.657905261753598717e-14 -6.572057301977801845e-14 -5.683491210662372899e-14 -4.943679040640738616e-14 -4.328493693738457644e-14 -3.790867378673777622e-14 -3.310032810801856279e-14 -2.877836916644435780e-14 -1.470680478560681717e-13 -2.760424317412988792e-13 -4.366378712805285368e-13 -6.270448526431038778e-13 -6.629811067831783891e-13 -5.304585081999103634e-13 -3.978268806820657373e-13 -3.989763370259404771e-13 -3.105108888246361116e-13 -2.799931822777685488e-13 -2.337921685636968493e-13 -2.021540289676209099e-13 -1.751947727645303729e-13 -1.530169169783024444e-13 -1.343374847560363749e-13 -1.182322263406224221e-13 -1.041101259949621325e-13 -9.114157096940122602e-14 -7.890605969454427681e-14 -6.715647460898800189e-14 -2.193572001551184384e-13 -4.069967967435284681e-13 -6.449817375695576274e-13 -9.213534577650274198e-13 -9.681935418215870962e-13 -7.654000970557344255e-13 -5.690851993423625418e-13 -5.768674615438183838e-13 -4.499042502403992253e-13 -4.104323110469564021e-13 -3.463850151753005152e-13 -3.030373225947380684e-13 -2.654077282227260359e-13 -2.337084392092395166e-13 -2.061367349093585002e-13 -1.815273085152120900e-13 -1.592584880170003080e-13 -1.382703004092906958e-13 -1.179172369735164907e-13 -9.895814612307900737e-14
1.364768666286225066e-12 1.053243085750193147e-12 8.427542798562787878e-13 6.799019409503238849e-13 6.153636922010694941e-13 5.314668152995729256e-13 4.136840774232285731e-13 3.601458416978516968e-13 2.979070504308943081e-13 2.555684845874829529e-13 2.136534971967449124e-13 1.802377490375085993e-13 1.506130952267581110e-13 1.246621491142944407e-13 1.019072694921602190e-13 8.182845421301817147e-14 6.441491486258707449e-14 4.951328748153473523e-14 3.692524946241280398e-14 2.678749684407506108e-14 -1.248877224531893967e-12 -9.395475985335771970e-13 -7.388878022798202715e-13 -5.955529870331424023e-13 -5.531213935138810989e-13 -4.856839298180976046e-13 -3.777235020675898731e-13 -3.350505048892832582e-13 -2.784055036367958920e-13 -2.399666393283537132e-13 -1.995663106377638478e-13 -1.668814645342895647e-13 -1.374000687050789930e-13 -1.113812323870624855e-13 -8.861928007142024368e-14 -6.881471487910337029e-14 -5.211326774659864484e-14 -3.833283345057036408e-14 -2.718608530448479417e-14 -1.863190210557702267e-14 -2.794462178473961706e-12 -2.078350868747988413e-12 -1.628502274549082238e-12 -1.328998292059634119e-12 -1.263683651667125585e-12 -1.123077864511462805e-12 -8.731833134415898442e-13 -7.798794562303248691e-13 -6.448536509975439835e-13 -5.522076846393936647e-13 -4.525891400431417012e-13 -3.717657846901972432e-13 -2.991586069918387497e-13 -2.357968227530497948e-13 -1.814138049262911309e-13 -1.355136327525346532e-13 -9.825778003036709143e-14 -6.898174591186242756e-14 -4.660885751823668158e-14 -2.971104878433556464e-14 -4.101893364177459603e-12 -3.055953718574422479e-12 -2.406625906167569185e-12 -1.983163614471730664e-12 -1.897710489456497706e-12 -1.688831778740484476e-12 -1.311188623960894345e-12 -1.167239568571448476e-12 -9.577632477397574593e-13 -8.125172464922790011e-13 -6.572618390143093277e-13 -5.317961830835217933e-13 -4.204312504897514278e-13 -3.247926137221054509e-13 -2.443445785126409620e-13 -1.780693140027585922e-13 -1.258139830315957267e-13 -8.595034495442494029e-14 -5.553135423418509821e-14 -3.261719641707449417e-14 6.365196119055925268e-14 1.203395327449911801e-13 1.925214691467626650e-13 2.803366228854952400e-13 3.073531795398741260e-13 2.627996409043817115e-13 2.131821757474987695e-13 2.136481764702555141e-13 1.745937285522341896e-13 1.565841858870118099e-13 1.310314864785190574e-13 1.111898095322182061e-13 9.379165901207008445e-14 7.932482980763701099e-14 6.741215917358060909e-14 5.756704317762086508e-14 4.955815521849491642e-14 4.289977116297464530e-14 3.728424751458078315e-14 3.255441290696012121e-14 -6.648878853395706955e-14 -1.257986777654437106e-13 -1.997538068075724496e-13 -2.890677008442501330e-13 -3.108355716726277537e-13 -2.566157841214735458e-13 -1.990708697976701897e-13 -1.980647933688780542e-13 -1.565738050446677012e-13 -1.396791292141985717e-13 -1.157872992751712609e-13 -9.857405279854113028e-14 -8.394143294973403002e-14 -7.203900833036735221e-14 -6.229904258701345528e-14 -5.418967467054048094e-14 -4.744639281892684480e-14 -4.155323179900901619e-14 -3.628257006991943265e-14 -3.154509880156468429e-14 -1.612105383936189919e-13 -3.025813312451489171e-13 -4.786161378410410797e-13 -6.873293415183147563e-13 -7.267210392480746194e-13 -5.814576841509694649e-13 -4.360742493745936073e-13 -4.373343850436698780e-13 -3.403636859715569130e-13 -3.069120195501015607e-13 -2.562691778294989226e-13 -2.215894075150365867e-13 -1.920381930507202206e-13 -1.677281001480917313e-13 -1.472527483875740660e-13 -1.295991631963195383e-13 -1.141194041440436069e-13 -9.990402782395452148e-14 -8.649208606503892710e-14 -7.361281370563829464e-14 -2.404505477250483023e-13 -4.461266203694066902e-13 -7.069893432032326300e-13 -1.009933477143900591e-12 -1.061276790167489112e-12 -8.389868140776533704e-13 -6.237975662200254225e-13 -6.323281338973885457e-13 -4.931584870426937499e-13 -4.498916991223065273e-13 -3.796868181121714522e-13 -3.321717353176093441e-13 -2.909243185323263973e-13 -2.561773711841929881e-13 -2.259548245310525800e-13 -1.989794883127941205e-13 -1.745697776866167729e-13 -1.515637423558434239e-13 -1.292538008482973734e-13 -1.084718297468973511e-13
1.167098943036146303e-12 9.007067383236330265e-13 7.207779304136652705e-13 5.814950170705345182e-13 5.262534589081621450e-13 4.545273131327240482e-13 3.537850120147187202e-13 3.079934894063792643e-13 2.547627337248097652e-13 2.185527128385502355e-13 1.827041656821169632e-13 1.541266789209668092e-13 1.287930148956126927e-13 1.066002869082137241e-13 8.714079476428607423e-14 6.997076522095926916e-14 5.508051726654968689e-14 4.233775814522613629e-14 3.157380337562052016e-14 2.290514065238623439e-14 -1.067707034999894266e-12 -8.032507624438362047e-13 -6.316999700203743381e-13 -5.091582225325739597e-13 -4.728820341627894629e-13 -4.152274828695274487e-13 -3.229284923235189124e-13 -2.864459172009599331e-13 -2.380182086909240123e-13 -2.051555376760514691e-13 -1.706159427045779156e-13 -1.426725710852323538e-13 -1.174679349704724468e-13 -9.522356281875343194e-14 -7.576360597472405531e-14 -5.883202354914962410e-14 -4.455339078804574564e-14 -3.277203126456826110e-14 -2.324229962494318850e-14 -1.592904128065792928e-14 -2.389079470044227517e-12 -1.776851883578152666e-12 -1.392261230784969471e-12 -1.136205223350305734e-12 -1.080365552905273412e-12 -9.601569481097164805e-13 -7.465137121273217512e-13 -6.667451165160573624e-13 -5.513070324299461870e-13 -4.721008933907362231e-13 -3.869336559486731464e-13 -3.178350569532204593e-13 -2.557607430372959920e-13 -2.015906365066157265e-13 -1.550967713621111343e-13 -1.158551862786502023e-13 -8.400390115754543714e-14 -5.897483146685713044e-14 -3.984749504968062182e-14 -2.540099141875410064e-14 -3.506846255290575711e-12 -2.612637356791008383e-12 -2.057505230509425014e-12 -1.695473105673201082e-12 -1.622416370309161331e-12 -1.443838950487661578e-12 -1.120979143206360630e-12 -9.979122675744124007e-13 -8.188239434149173262e-13 -6.946482689090121279e-13 -5.619152080788208583e-13 -4.546504109642042632e-13 -3.594407967326590861e-13 -2.776761356602656266e-13 -2.088984141343593132e-13 -1.522374847528857321e-13 -1.075626397647372321e-13 -7.348187311329696375e-14 -4.747565447019611539e-14 -2.788557680211469588e-14 5.444068673617569593e-14 1.028895673230519574e-13 1.646223984638362468e-13 2.397143889915409439e-13 2.627996409043817115e-13 2.247420666187081556e-13 1.822968619572737664e-13 1.827070195311119502e-13 1.493128995734928523e-13 1.339131678098444523e-13 1.120618060577008153e-13 9.509447790560507148e-14 8.021589057250211320e-14 6.784262631016246117e-14 5.765397901816763931e-14 4.923391254011389385e-14 4.238428908145992521e-14 3.668924546057045961e-14 3.188554978109235152e-14 2.784079603243840518e-14 -5.684358958180726264e-14 -1.075494804278697604e-13 -1.707762439578473627e-13 -2.471336525957142847e-13 -2.657437700200992185e-13 -2.193894543938776664e-13 -1.701923603380545487e-13 -1.693322375578556148e-13 -1.338601973796014890e-13 -1.194163745256861728e-13 -9.899044691297310911e-14 -8.427426688004394153e-14 -7.176434663530119271e-14 -6.158856454670201298e-14 -5.326153958328135426e-14 -4.632856978838896636e-14 -4.056351281680216122e-14 -3.552525078460656373e-14 -3.101918330919909820e-14 -2.696896046737679160e-14 -1.378244676856254904e-13 -2.586869255600433541e-13 -4.091849638531182588e-13 -5.876208993940914017e-13 -6.212982094780816934e-13 -4.971076993414438453e-13 -3.728144989888535674e-13 -3.738918402064414982e-13 -2.909883315573638882e-13 -2.623893820179880768e-13 -2.190931168752824959e-13 -1.894442226951710467e-13 -1.641798944912604601e-13 -1.433963786520396159e-13 -1.258913103690799323e-13 -1.107986707573316919e-13 -9.756450831476614034e-14 -8.541130561696530956e-14 -7.394498159603912080e-14 -6.293405587735447456e-14 -2.055694577843753205e-13 -3.814086531281245127e-13 -6.044288227906831895e-13 -8.634260187061519669e-13 -9.073211381539885262e-13 -7.172779928742953310e-13 -5.333054627836125675e-13 -5.405985371323673948e-13 -4.216177339170535264e-13 -3.846275066888574047e-13 -3.246069980397582513e-13 -2.839847650971139137e-13 -2.487209607828973725e-13 -2.190146268418359624e-13 -1.931763540850157578e-13 -1.701142376628458736e-13 -1.492455601778942298e-13 -1.295769276176556658e-13 -1.105034041624621439e-13 -9.273619280272761139e-14
9.468562663047565008e-13 7.308688217353661381e-13 5.848346545809788413e-13 4.718671364320894842e-13 4.270118994328143621e-13 3.687995374371282042e-13 2.870731344686353908e-13 2.499038828150119807e-13 2.067105005704634591e-13 1.773250162498504506e-13 1.482365806922593133e-13 1.250486865158844662e-13 1.044948230514339843e-13 8.648851558795347066e-14 7.070056111097587715e-14 5.676982622854213656e-14 4.468818175608716394e-14 3.434782372918494161e-14 2.561266178030996359e-14 1.858012742387668072e-14 -8.659715369290196734e-13 -6.514823464163879337e-13 -5.123448395581988191e-13 -4.129565051085940432e-13 -3.835344085487823817e-13 -3.367732754119253530e-13 -2.619135034618344628e-13 -2.323240342165997292e-13 -1.930463665271380168e-13 -1.663928335525775755e-13 -1.383792351303346695e-13 -1.157155623702067829e-13 -9.527317218567552047e-14 -7.723168554687846212e-14 -6.144854791929014090e-14 -4.771603178559534830e-14 -3.613528063991666042e-14 -2.657995139474722262e-14 -1.885081252389138327e-14 -1.291934243237041517e-14 -1.937680176321591856e-12 -1.441128582949925961e-12 -1.129203534384120793e-12 -9.215274900995396527e-13 -8.762382729247298833e-13 -7.787422153593096665e-13 -6.054653267840563913e-13 -5.407684147975668724e-13 -4.471414735272066807e-13 -3.829007205756954272e-13 -3.138252273763988280e-13 -2.577823154195048008e-13 -2.074365066384003749e-13 -1.635013895752836497e-13 -1.257921947076026112e-13 -9.396493851816644612e-14 -6.813177067354455459e-14 -4.783180444613080600e-14 -3.231846478808454011e-14 -2.060152375930852126e-14 -2.844253004831935802e-12 -2.118998443916486525e-12 -1.668754481677139928e-12 -1.375125741796285610e-12 -1.315872490998690403e-12 -1.171035999035965768e-12 -9.091782492265007726e-13 -8.093639609741930242e-13 -6.641130075748891925e-13 -5.633993942443191314e-13 -4.557453151599117166e-13 -3.687474154831731000e-13 -2.915269489923175889e-13 -2.252110015559944135e-13 -1.694283136113984890e-13 -1.234729319854207702e-13 -8.723914210178238610e-14 -5.959772544445395821e-14 -3.850521440974437748e-14 -2.261650776745005916e-14 4.409528012088643401e-14 8.352258884818602976e-14 1.334928316000977958e-13 1.944847582145279685e-13 2.131821757474987695e-13 1.822968619572737664e-13 1.479106718262132893e-13 1.482296898312708144e-13 1.211470936277867476e-13 1.086536814451889782e-13 9.092815432206932869e-14 7.716272862912229965e-14 6.509151520363800754e-14 5.505007426870100838e-14 4.678169847829310139e-14 3.994905313821192331e-14 3.439013017098682016e-14 2.976877830498953698e-14 2.587134326398381921e-14 2.259127712643957755e-14 -4.610274491534665950e-14 -8.722899302302592460e-14 -1.385092170025996472e-13 -2.004396978362803313e-13 -2.155333261123521055e-13 -1.779373246053900333e-13 -1.380357798003893254e-13 -1.373381307499554156e-13 -1.085682919343661066e-13 -9.685350859109141723e-14 -8.028691677913746030e-14 -6.835123931677245257e-14 -5.820499648211201769e-14 -4.995185455230012287e-14 -4.319817115087264839e-14 -3.757512950175067064e-14 -3.289933188913134043e-14 -2.881301982062207814e-14 -2.515835484158438905e-14 -2.187339030370038339e-14 -1.117823342710545009e-13 -2.098099439316498111e-13 -3.318726336302452138e-13 -4.765942804549381072e-13 -5.039083222889927502e-13 -4.031826710751371808e-13 -3.023739440957296969e-13 -3.032476663674626672e-13 -2.360082091807979925e-13 -2.128128076182414084e-13 -1.776970636782501058e-13 -1.536500787445449767e-13 -1.331592875117401211e-13 -1.163026795422738640e-13 -1.021050893320707209e-13 -8.986407624029406815e-14 -7.913039257945851472e-14 -6.927345360453558508e-14 -5.997364414550788923e-14 -5.104317917744029922e-14 -1.667270626192674466e-13 -3.093439784213842528e-13 -4.902269729838954798e-13 -7.002878722792849497e-13 -7.358893362178650310e-13 -5.817533772374482802e-13 -4.325412854736500178e-13 -4.384563449829527812e-13 -3.419561255188763766e-13 -3.119549247360305452e-13 -2.632748608875749012e-13 -2.303278667016238014e-13 -2.017269304783332437e-13 -1.776334140022661388e-13 -1.566771218882963572e-13 -1.379724007735952869e-13 -1.210466873916907664e-13 -1.050943085635433524e-13 -8.962463150976208743e-14 -7.521445584958765906e-14
9.490764228214348591e-13 7.325277885316510821e-13 5.862159206863512227e-13 4.729639156711186257e-13 4.280146939973129114e-13 3.696657885324851046e-13 2.877396960675632460e-13 2.504830603715712966e-13 2.071878317568285245e-13 1.777326632021192122e-13 1.485744587396035818e-13 1.253314565568665535e-13 1.047292392849407529e-13 8.668088254133704828e-14 7.085582798726245291e-14 5.689396502981443342e-14 4.478478907216408243e-14 3.442169402517156492e-14 2.566712271620019581e-14 1.861998535121901562e-14 -8.677967359569603346e-13 -6.528554738735443110e-13 -5.134247050551971173e-13 -4.138268746337016936e-13 -3.843427782894544457e-13 -3.374830834628049258e-13 -2.624655328864566691e-13 -2.328137032446218192e-13 -1.934532601826377507e-13 -1.667435603708726119e-13 -1.386709218815661307e-13 -1.159594805040019554e-13 -9.547399876921595462e-14 -7.739449764379977584e-14 -6.157809341636432988e-14 -4.781664733320925750e-14 -3.621147188820230862e-14 -2.663599134322596750e-14 -1.889055386981913486e-14 -1.294658160323331321e-14 -1.941764229574900510e-12 -1.444166046178518099e-12 -1.131583560427135617e-12 -9.234697835889284855e-13 -8.780851305742048134e-13 -7.803835801554757648e-13 -6.067414744024618112e-13 -5.419082071794819473e-13 -4.480839484620942874e-13 -3.837078123385210433e-13 -3.144867241888038385e-13 -2.583256878130055734e-13 -2.078737599154665806e-13 -1.638460659662509326e-13 -1.260573952638304184e-13 -9.416309213055457225e-14 -6.827545594151446901e-14 -4.793268602052186285e-14 -3.238663849520315525e-14 -2.064500156437940206e-14 -2.850247845398789130e-12 -2.123464650726592723e-12 -1.672271723973719971e-12 -1.378024088586119805e-12 -1.318645973530386959e-12 -1.173504202897585008e-12 -9.110945219103506554e-13 -8.110698586134464714e-13 -6.655127900417475527e-13 -5.645869168995555288e-13 -4.567059227299492720e-13 -3.695246617470442972e-13 -2.921414460633103764e-13 -2.256857777503495159e-13 -1.697855247060771093e-13 -1.237333350775040622e-13 -8.742314754324941854e-14 -5.972345617463053569e-14 -3.858647979918526983e-14 -2.266429806604548984e-14 4.423305551008274063e-14 8.367006714367136706e-14 1.338073777811341061e-13 1.948932319463340216e-13 2.136481764702555141e-13 1.827070195311119502e-13 1.482296898312708144e-13 1.485653330439665306e-13 1.214232508577179454e-13 1.089034946240548717e-13 9.113810499608382692e-14 7.734242029710656998e-14 6.524401554278805010e-14 5.517972994420719026e-14 4.689235201110170465e-14 4.004401031618216841e-14 3.447149028135981982e-14 2.983904590571452135e-14 2.593165938711034799e-14 2.264407021093104157e-14 -4.620019102418953460e-14 -8.741275838427724364e-14 -1.388011909152219825e-13 -2.008620973650351317e-13 -2.159876395380424151e-13 -1.783123963015163173e-13 -1.383267033237899618e-13 -1.376276006387092398e-13 -1.087971169594966082e-13 -9.705764918208232995e-14 -8.045613806640568605e-14 -6.849530928010637360e-14 -5.832767349478735386e-14 -5.005713652265846890e-14 -4.328921402643856011e-14 -3.765432333943832182e-14 -3.296867324026420170e-14 -2.887374561271060205e-14 -2.521137200028552636e-14 -2.191948457798854760e-14 -1.120184376916680125e-13 -2.102521430203741056e-13 -3.325720345475996143e-13 -4.775987569245961762e-13 -5.049704454314735760e-13 -4.040325112618323801e-13 -3.030112377845064046e-13 -3.038868279473296089e-13 -2.365056362736334288e-13 -2.132613527104326832e-13 -1.780715931773388116e-13 -1.539739389472935682e-13 -1.334399488678533662e-13 -1.165478068376930582e-13 -1.023202831585544463e-13 -9.005347742625344613e-14 -7.929717892545505229e-14 -6.941946281303689641e-14 -6.010003728939866274e-14 -5.115073872999097505e-14 -1.670791132847155596e-13 -3.099960949934451786e-13 -4.912599724191409072e-13 -7.017638884569093848e-13 -7.374403855284410185e-13 -5.829795922386643548e-13 -4.334529394885022222e-13 -4.393804833676476146e-13 -3.426768613177280940e-13 -3.126124309228129675e-13 -2.638297624747208696e-13 -2.308133418887228714e-13 -2.021521120440050850e-13 -1.780078050751981352e-13 -1.570073325607053982e-13 -1.382631978368007597e-13 -1.213018191184304937e-13 -1.053158141636573444e-13 -8.981351408544708726e-14 -7.537294537361461414e-14
7.757466905485973794e-13 5.988142005759307126e-13 4.792220987222714676e-13 3.866617683692647296e-13 3.499017375036424389e-13 3.022003591639786428e-13 2.352287335748948353e-13 2.047586556544262580e-13 1.693637507863953336e-13 1.452825528537641980e-13 1.214444910289418713e-13 1.024428967107166841e-13 8.560192978419092043e-14 7.084773835289108141e-14 5.791134266358488445e-14 4.650041844409188252e-14 3.660296854025368694e-14 2.813151674619188660e-14 2.097580693026390090e-14 1.521703196511303501e-14 -7.090317046589019706e-13 -5.334143457112767660e-13 -4.194926971646116184e-13 -3.381164808428864972e-13 -3.140265507372084676e-13 -2.757399256896466911e-13 -2.144469750811747521e-13 -1.902200013448464576e-13 -1.580606215816124719e-13 -1.362375077436479761e-13 -1.133008095559867743e-13 -9.474446894177887705e-14 -7.800684603098063790e-14 -6.323501966405680975e-14 -5.031225629834933369e-14 -3.906848791710114316e-14 -2.958650605428517403e-14 -2.176288131214314940e-14 -1.543448866134015468e-14 -1.057797736192852712e-14 -1.586514834139324345e-12 -1.179953170807284463e-12 -9.245582325181361772e-13 -7.545192644708642144e-13 -7.174378119490993982e-13 -6.376109428642143538e-13 -4.957369852812910092e-13 -4.427650833412519112e-13 -3.661061415476332725e-13 -3.135077342694119385e-13 -2.569507750054591434e-13 -2.110645060696322047e-13 -1.698428543549118180e-13 -1.338701011051224327e-13 -1.029949370682991852e-13 -7.693574479970508673e-14 -5.578430644484447460e-14 -3.916328995983815869e-14 -2.646142425474093648e-14 -1.686794177334556679e-14 -2.328789673767912084e-12 -1.734972827301322530e-12 -1.366326484760218158e-12 -1.125912008670462287e-12 -1.077397222972869354e-12 -9.588094126751701309e-13 -7.444080775413684985e-13 -6.626831121391057425e-13 -5.437559713996311508e-13 -4.612946706885617988e-13 -3.731507100597197404e-13 -3.019194223141762178e-13 -2.386936078033083980e-13 -1.843961108827696165e-13 -1.387229109581353672e-13 -1.010960385279629068e-13 -7.142887664143054422e-14 -4.879690040304482688e-14 -3.152697616020389932e-14 -1.851778292832458525e-14 3.613762750590053987e-14 6.838308673051181220e-14 1.093369302478531938e-13 1.592717737363694589e-13 1.745937285522341896e-13 1.493128995734928523e-13 1.211470936277867476e-13 1.214232508577179454e-13 9.925206730250265498e-14 8.902169745447633541e-14 7.450248399614192007e-14 6.322720056164354267e-14 5.333867127639201763e-14 4.511051310131798667e-14 3.833542162188952198e-14 3.273757046044814233e-14 2.818085188343756319e-14 2.439269762254785760e-14 2.119834157451428271e-14 1.851138971768945528e-14 -3.774769031642846320e-14 -7.142045923048941667e-14 -1.134072413395204492e-13 -1.641140231852782168e-13 -1.764722863323631888e-13 -1.456897994473091499e-13 -1.130195792002546010e-13 -1.124483732007878441e-13 -8.889248254694877746e-14 -7.930077012057043534e-14 -6.573653709917295940e-14 -5.596396249999586505e-14 -4.765651718511844636e-14 -4.089909037106070796e-14 -3.536937335602114107e-14 -3.076539558896150105e-14 -2.693699305593658236e-14 -2.359124101118211689e-14 -2.059890734423103630e-14 -1.790927660525076588e-14 -9.152429287747758366e-14 -1.717861262377019876e-13 -2.717273877010935955e-13 -3.902211853878894298e-13 -4.125851473727609191e-13 -3.301139914980476113e-13 -2.475747721248302063e-13 -2.482901628737552167e-13 -1.932364906246410986e-13 -1.742447899136406387e-13 -1.454930633324654958e-13 -1.258041152484201010e-13 -1.090268604007289713e-13 -9.522516906723635098e-14 -8.360060041949219525e-14 -7.357802720093954193e-14 -6.478961083297515727e-14 -5.671904188088917799e-14 -4.910462749512108798e-14 -4.179262335276776628e-14 -1.365114694411476009e-13 -2.532816937357350477e-13 -4.013831244066287112e-13 -5.733748675407498858e-13 -6.025242841360321363e-13 -4.763223692218081787e-13 -3.541519186275680377e-13 -3.589950016923429986e-13 -2.799834909296162077e-13 -2.554194029765330908e-13 -2.155616153982308544e-13 -1.885856054577355780e-13 -1.651680048772006017e-13 -1.454409467702908449e-13 -1.282825534563065293e-13 -1.129676898469046122e-13 -9.910942413667851650e-14 -8.604808972860785455e-14 -7.338197012712167602e-14 -6.158333717409147900e-14
6.958393939537383058e-13 5.371465332308757320e-13 4.298922317094504884e-13 3.468686671270640188e-13 3.138922982490225782e-13 2.711031771058400194e-13 2.110268586769066069e-13 1.836855043651674486e-13 1.519273328587401889e-13 1.303220033541777136e-13 1.089371147714583336e-13 9.189052062912090877e-14 7.678315686559599472e-14 6.354819959757658178e-14 5.194368576266445950e-14 4.170861819924203959e-14 3.283063804716133856e-14 2.523261333588869343e-14 1.881482918725567976e-14 1.365020920789551074e-14 -6.358482114251464869e-13 -4.783573950821027892e-13 -3.761942942621310646e-13 -3.032174069952712653e-13 -2.816139515097369515e-13 -2.472791212153144551e-13 -1.923125915709261624e-13 -1.705862340362187545e-13 -1.417462246858735364e-13 -1.221756124685293543e-13 -1.016063527592329013e-13 -8.496532512242220585e-14 -6.995529210781701642e-14 -5.670816128435248190e-14 -4.511923497049081506e-14 -3.503601087191737550e-14 -2.653271522415170417e-14 -1.951660934631600532e-14 -1.384140516695233717e-14 -9.486163848629330907e-15 -1.422760958538169018e-12 -1.058163001817005736e-12 -8.291289369133167128e-13 -6.766407222317030047e-13 -6.433866818226373377e-13 -5.717992308536508434e-13 -4.445689495527271180e-13 -3.970646037727781008e-13 -3.283181081974833844e-13 -2.811487111936448592e-13 -2.304293387942946944e-13 -1.892792704483584936e-13 -1.523123545975853366e-13 -1.200525800552109418e-13 -9.236423183996884208e-14 -6.899478374367496043e-14 -5.002650551957594039e-14 -3.512103772194022121e-14 -2.373020440932692467e-14 -1.512692375160876920e-14 -2.088421083930449815e-12 -1.555895691331613485e-12 -1.225299594075890589e-12 -1.009699756797863863e-12 -9.661924889107221710e-13 -8.598448471379713094e-13 -6.675731760685795893e-13 -5.942835446606547627e-13 -4.876316134860877790e-13 -4.136816532627317873e-13 -3.346355630472120233e-13 -2.707564930736735688e-13 -2.140566044864737880e-13 -1.653635075314862326e-13 -1.244045209235916574e-13 -9.066137108217372322e-14 -6.405632555788352339e-14 -4.376032699557561899e-14 -2.827293312910605603e-14 -1.660650420987234454e-14 3.241334416458359256e-14 6.132471336505135514e-14 9.806070071563496200e-14 1.428393263081698711e-13 1.565841858870118099e-13 1.339131678098444523e-13 1.086536814451889782e-13 1.089034946240548717e-13 8.902169745447633541e-14 7.985311786941031440e-14 6.683264868800209189e-14 5.671991540172723908e-14 4.785022849878548157e-14 4.046889729618920528e-14 3.439090084106703952e-14 2.936927271920538078e-14 2.528064837958322960e-14 2.188254822709595776e-14 1.901647497813365394e-14 1.660580351906485857e-14 -3.385164473905897049e-14 -6.404867856004109683e-14 -1.017018050076060911e-13 -1.471747830999383737e-13 -1.582575199618142262e-13 -1.306522811115544899e-13 -1.013541322095016711e-13 -1.008418914263094543e-13 -7.971734499352003625e-14 -7.111565480636662868e-14 -5.895146819674546101e-14 -5.018758313535715120e-14 -4.273759647639828194e-14 -3.667764496822157386e-14 -3.171868183128185024e-14 -2.758990989635124330e-14 -2.415666136288186953e-14 -2.115624352666088526e-14 -1.847276431526490033e-14 -1.606074715418658208e-14 -8.207773696562226154e-14 -1.540550240263814162e-13 -2.436807066400434585e-13 -3.499440569388442883e-13 -3.699997325174886759e-13 -2.960409353446013361e-13 -2.220210601271070075e-13 -2.226626228858613902e-13 -1.732913698678304119e-13 -1.562599216099547901e-13 -1.304758352238865901e-13 -1.128191101628731087e-13 -9.777353348902515959e-14 -8.539639651849916336e-14 -7.497166639663804951e-14 -6.598358760657731814e-14 -5.810228116811958685e-14 -5.086472413805065091e-14 -4.403623324343012881e-14 -3.747894078799470120e-14 -1.224215756034402958e-13 -2.271389949894146629e-13 -3.599538093289364542e-13 -5.141933571845864324e-13 -5.403340827763254541e-13 -4.271582547686830734e-13 -3.175977319313510361e-13 -3.219409385767650205e-13 -2.510846839249842164e-13 -2.290560071551335018e-13 -1.933121843318928890e-13 -1.691205401884563904e-13 -1.481200079276159939e-13 -1.304290960080662649e-13 -1.150417203069923282e-13 -1.013076018783144840e-13 -8.887973638698041792e-14 -7.716654052611153786e-14 -6.580776051079762058e-14 -5.522692714102839337e-14
5.824027260600641458e-13 4.496094061993441744e-13 3.598492755941053719e-13 2.903643622192403202e-13 2.627628410389113105e-13 2.269434591587262911e-13 1.766605759317426541e-13 1.537675974097250972e-13 1.271768900776376065e-13 1.090824489108130978e-13 9.118068139848076091e-14 7.691340571718035510e-14 6.426802150690472273e-14 5.318999584903553004e-14 4.347695884655423482e-14 3.491088079286496655e-14 2.747946359615649491e-14 2.111923230241682231e-14 1.574628217923775798e-14 1.142417356593695747e-14 -5.320408447031843983e-13 -4.002616780954351213e-13 -3.147775307829293534e-13 -2.537147131856227977e-13 -2.356381949214721878e-13 -2.069088040647852582e-13 -1.609160049138863694e-13 -1.427366504120183304e-13 -1.186050046888009573e-13 -1.022294518899991097e-13 -8.501828977916601831e-14 -7.109404467297026541e-14 -5.853452175100549405e-14 -4.745009071760531979e-14 -3.775315050625106086e-14 -2.931609247210208062e-14 -2.220103077266499462e-14 -1.633036253219848366e-14 -1.158168244266359796e-14 -7.937469582988531751e-15 -1.190483713600713767e-12 -8.854093259895329576e-13 -6.937669253273949193e-13 -5.661736479996366437e-13 -5.383485961631335560e-13 -4.784483761493929238e-13 -3.719894684500962980e-13 -3.322405908164960414e-13 -2.747175144702806989e-13 -2.352489010821634322e-13 -1.928098774316518929e-13 -1.583778912432445002e-13 -1.274461243754567381e-13 -1.004530157910800124e-13 -7.728501405315433724e-14 -5.773081277624716081e-14 -4.185926219401313078e-14 -2.938723503306119284e-14 -1.985604887422687438e-14 -1.265732344507724025e-14 -1.747469434231738620e-12 -1.301883124963887476e-12 -1.025259514912443718e-12 -8.448580983524004216e-13 -8.084537409455817546e-13 -7.194682135348726599e-13 -5.585864511164473654e-13 -4.972619448686403619e-13 -4.080218007686195081e-13 -3.461447682822377481e-13 -2.800035939002062582e-13 -2.265532986646109237e-13 -1.791101247671729445e-13 -1.383665629021882545e-13 -1.040944613492120742e-13 -7.586014685274292781e-14 -5.359859412175974747e-14 -3.661608363721056034e-14 -2.365713336284622798e-14 -1.389534158429685160e-14 2.712467312787203042e-14 5.131688719878249223e-14 8.205644931895529074e-14 1.195289219409038687e-13 1.310314864785190574e-13 1.120618060577008153e-13 9.092815432206932869e-14 9.113810499608382692e-14 7.450248399614192007e-14 6.683264868800209189e-14 5.594366902692425965e-14 4.748211564256693537e-14 4.005719824707474569e-14 3.387764774120402320e-14 2.878936074031933833e-14 2.458555472570881721e-14 2.116185932772325238e-14 1.831696830592713898e-14 1.591776565602967401e-14 1.390094739333296028e-14 -2.832505257330474991e-14 -5.359222503902819795e-14 -8.509815689600455093e-14 -1.231473173824614838e-13 -1.324206941093300064e-13 -1.093222340626710577e-13 -8.480725157756278562e-14 -8.437863598422792717e-14 -6.670284366795369159e-14 -5.950544811928825434e-14 -4.932716370350618928e-14 -4.199405308362373859e-14 -3.576033809733470677e-14 -3.068972271644261514e-14 -2.654035104364684682e-14 -2.308563419431129644e-14 -2.021289091453408376e-14 -1.770231596238324269e-14 -1.545693722394226648e-14 -1.343870127803897639e-14 -6.867781457821106816e-14 -1.289042965535458884e-13 -2.038978703213258536e-13 -2.928128622740162942e-13 -3.095942760935820862e-13 -2.477098490608544795e-13 -1.857743273915365673e-13 -1.863111462845040854e-13 -1.450001518731556962e-13 -1.307492244831969052e-13 -1.091745992205310916e-13 -9.440047550468770178e-14 -8.181121242557367460e-14 -7.145474398968747267e-14 -6.273193669386995410e-14 -5.521123348458312190e-14 -4.861661297257903362e-14 -4.256064594332672524e-14 -3.684696346932671162e-14 -3.136020355383382102e-14 -1.024351760535171956e-13 -1.900567001421950568e-13 -3.011884699519989749e-13 -4.302471264050862437e-13 -4.521201674734067106e-13 -3.574212044618013611e-13 -2.657473329000203725e-13 -2.693814735820493593e-13 -2.100930773349025155e-13 -1.916607598503529123e-13 -1.617524056830908464e-13 -1.415102411328986728e-13 -1.239382173119032191e-13 -1.091354911359254168e-13 -9.626023054408567881e-14 -8.476831673928845835e-14 -7.436939968606818032e-14 -6.456847831703219707e-14 -5.506411346379376647e-14 -4.621068959149426977e-14
4.943085032008036364e-13 3.816307574261721650e-13 3.054527494383992417e-13 2.464927366561529480e-13 2.230548280911816253e-13 1.926550476808534006e-13 1.499767241890042493e-13 1.305397692803420837e-13 1.079637972564816324e-13 9.259611245000019775e-14 7.739188773380670019e-14 6.528072748413851785e-14 5.454942585718880043e-14 4.514616360990114319e-14 3.690116275437387377e-14 2.963058837793357614e-14 2.332274177430294484e-14 1.792489701558567912e-14 1.336446002972906043e-14 9.696221808105884303e-15 -4.514462025730836173e-13 -3.396292161251620875e-13 -2.670943828571295157e-13 -2.152814839806129574e-13 -1.999432359333429471e-13 -1.755658317399222746e-13 -1.365401168582121752e-13 -1.211146091813288529e-13 -1.006384763546061011e-13 -8.674352765664479518e-14 -7.213954841868887376e-14 -6.032457651809130213e-14 -4.966759513430878389e-14 -4.026225831844085183e-14 -3.203423046503903738e-14 -2.487523754266334227e-14 -1.883797756096920686e-14 -1.385660839306170530e-14 -9.827266878307467974e-15 -6.735086807188695504e-15 -1.010146794560083318e-12 -7.512857009187156036e-13 -5.886736861415130233e-13 -4.804084985420746946e-13 -4.567984459403031183e-13 -4.059720343046673315e-13 -3.156397405199094979e-13 -2.819121055842532579e-13 -2.331027462358028022e-13 -1.996129222162330710e-13 -1.636026483801136823e-13 -1.343864897916976396e-13 -1.081403297156467794e-13 -8.523619666769527964e-14 -6.557773205608510852e-14 -4.898564695639603777e-14 -3.551834835892295607e-14 -2.493560675385326319e-14 -1.684822262385433986e-14 -1.073997490193605238e-14 -1.482759174026440896e-12 -1.104671192398100779e-12 -8.699510976698091648e-13 -7.168772562358378664e-13 -6.859875094688395251e-13 -6.104816915743395040e-13 -4.739706270497334703e-13 -4.219356836080888657e-13 -3.462138247280555210e-13 -2.937100545519428982e-13 -2.375880792237318823e-13 -1.922345452263020179e-13 -1.519781621451405009e-13 -1.174065271707634727e-13 -8.832603527494267729e-14 -6.436872099491643307e-14 -4.547938965955590769e-14 -3.106942241865604001e-14 -2.007351920194552720e-14 -1.179046584060452860e-14 2.301885471999870040e-14 4.354438355134737238e-14 6.963048152432354221e-14 1.014296029336307895e-13 1.111898095322182061e-13 9.509447790560507148e-14 7.716272862912229965e-14 7.734242029710656998e-14 6.322720056164354267e-14 5.671991540172723908e-14 4.748211564256693537e-14 4.030840625680124520e-14 3.400820272997488128e-14 2.876100646126468974e-14 2.444046618161383825e-14 2.087181751081507285e-14 1.796469268781991263e-14 1.554958548780147732e-14 1.351224557806205454e-14 1.179972964942559469e-14 -2.403435881724890492e-14 -4.547395088954105446e-14 -7.220731918204058339e-14 -1.044926980338295726e-13 -1.123613405315851659e-13 -9.276188258757096873e-14 -7.196047251542959269e-14 -7.159678714266161679e-14 -5.659855912368003039e-14 -5.049144092058143518e-14 -4.185498364861622132e-14 -3.563270856543301147e-14 -3.034328832103133266e-14 -2.604078019644057781e-14 -2.251996318600191116e-14 -1.958857436308730450e-14 -1.715100056436644719e-14 -1.502073221831229463e-14 -1.311548716788770203e-14 -1.140297788297814175e-14 -5.827443689107735850e-14 -1.093776060359245729e-13 -1.730109881191748055e-13 -2.484569615531723334e-13 -2.626963044383059020e-13 -2.101862602083142118e-13 -1.576328473140676189e-13 -1.580883519328625901e-13 -1.230352296737445091e-13 -1.109430631510001219e-13 -9.263660612895421091e-14 -8.010049933158268610e-14 -6.941828205784838427e-14 -6.063063189698583756e-14 -5.322917192651907233e-14 -4.684772151810006681e-14 -4.125206902309349357e-14 -3.611347206359047192e-14 -3.126530761138622390e-14 -2.660969165388360326e-14 -8.691818598425882529e-14 -1.612665382785629751e-13 -2.555637817424862774e-13 -3.650724104558036657e-13 -3.836320776642041967e-13 -3.032783142094959446e-13 -2.254913786202699937e-13 -2.285750149147856461e-13 -1.782677453582405461e-13 -1.626275938290214556e-13 -1.372498183660382412e-13 -1.200739810266202526e-13 -1.051638016882602450e-13 -9.260342154369790581e-14 -8.167853018241706503e-14 -7.192743672995913240e-14 -6.310377042304344134e-14 -5.478751224716273622e-14 -4.672288534315571171e-14 -3.921059304744962201e-14
4.170533086977207481e-13 3.219955486908575318e-13 2.577416711820397676e-13 2.080040338677801122e-13 1.882238347870780630e-13 1.625779354808258672e-13 1.265707138609233378e-13 1.101674025612243118e-13 9.111607325178594885e-14 7.814442399904741644e-14 6.530657805776351210e-14 5.507722849550326652e-14 4.602326666301841958e-14 3.809204887604828214e-14 3.113513570948757537e-14 2.500052223672036898e-14 1.967893121434508950e-14 1.512600085457974451e-14 1.127849298981709494e-14 8.183553988997839287e-15 -3.807932299433987355e-13 -2.864760069008720671e-13 -2.252931399435391752e-13 -1.815891535403813387e-13 -1.686513928581628483e-13 -1.480891423177395851e-13 -1.151710929214370035e-13 -1.021597316454966010e-13 -8.488818486262889504e-14 -7.316784269897194941e-14 -6.084943804162517430e-14 -5.088355242427418193e-14 -4.189442914843785781e-14 -3.396105800409998154e-14 -2.702074664911525555e-14 -2.098215756272180894e-14 -1.588975589488299262e-14 -1.168799295599930009e-14 -8.289260674504740500e-15 -5.681018188681709786e-15 -8.520551389291978828e-13 -6.337067523811867901e-13 -4.965441080457557654e-13 -4.052228213328123680e-13 -3.853078213159763128e-13 -3.424359284359252723e-13 -2.662409682643177916e-13 -2.377918289654347225e-13 -1.966213055889719179e-13 -1.683727554294250378e-13 -1.379982221560362551e-13 -1.133544997575997064e-13 -9.121596110096320531e-14 -7.189640003393760998e-14 -5.531455549958319438e-14 -4.131918051214734735e-14 -2.995956973894813707e-14 -2.103307151251784260e-14 -1.421139589760131823e-14 -9.059111235833825555e-15 -1.250701957689170704e-12 -9.317861276960461643e-13 -7.338005782094604659e-13 -6.046833554089790796e-13 -5.786279587099284734e-13 -5.149390786811782886e-13 -3.997924976509784491e-13 -3.559012112955504297e-13 -2.920300892608372713e-13 -2.477433457209373659e-13 -2.004046681755643160e-13 -1.621491261311500708e-13 -1.281930109209914292e-13 -9.903194522969064063e-14 -7.450265361538194196e-14 -5.429472911354621097e-14 -3.836165609287673290e-14 -2.620690614463141302e-14 -1.693190470212288585e-14 -9.945174908900061802e-15 1.941713414969811642e-14 3.673193400710626468e-14 5.873420435232299475e-14 8.555935523123109756e-14 9.379165901207008445e-14 8.021589057250211320e-14 6.509151520363800754e-14 6.524401554278805010e-14 5.333867127639201763e-14 4.785022849878548157e-14 4.005719824707474569e-14 3.400820272997488128e-14 2.870187534498931817e-14 2.427553204150139309e-14 2.062705406354164767e-14 1.761439557825758694e-14 1.516068792637994828e-14 1.312233227810697045e-14 1.140197603891846052e-14 9.956128943032602714e-15 -2.027280327484716549e-14 -3.835714063452399009e-14 -6.090659808063242314e-14 -8.813923221696921516e-14 -9.477637016370315114e-14 -7.824429901349614039e-14 -6.069840113991441509e-14 -6.039162831238249942e-14 -4.774067982930905820e-14 -4.258934563026111701e-14 -3.530452601642389248e-14 -3.005605784108452274e-14 -2.559445368254089349e-14 -2.196530372208430294e-14 -1.899550883945541333e-14 -1.652289217556870813e-14 -1.446680667038991767e-14 -1.266993401899090849e-14 -1.106286863974718279e-14 -9.618373022373769619e-15 -4.915411034655719393e-14 -9.225961786274578392e-14 -1.459341667742559065e-13 -2.095725553756568357e-13 -2.215833638638021435e-13 -1.772913274474864749e-13 -1.329627388897976853e-13 -1.333469466867953695e-13 -1.037797703645577710e-13 -9.358006967217269862e-14 -7.813864058378068596e-14 -6.756447538527576622e-14 -5.855406747007141576e-14 -5.114171835634298302e-14 -4.489861687712987754e-14 -3.951588415641455888e-14 -3.479596884780822796e-14 -3.046158158605692410e-14 -2.637217743572366528e-14 -2.244518591791920317e-14 -7.331496208424609911e-14 -1.360277003972701873e-13 -2.155672017863999138e-13 -3.079372415809672126e-13 -3.235922545877152564e-13 -2.558141353528045386e-13 -1.902011606038977420e-13 -1.928021909100808246e-13 -1.503681953383816682e-13 -1.371757832197665107e-13 -1.157697226241460995e-13 -1.012819611425910189e-13 -8.870528296861327432e-14 -7.811065091586488966e-14 -6.889554842980966066e-14 -6.067053322579859191e-14 -5.322779988229448958e-14 -4.621306750087634815e-14 -3.941058989274173235e-14 -3.307400554916955469e-14
3.527814642125925121e-13 2.723491182531492414e-13 2.180253184925529133e-13 1.759487949412207432e-13 1.592268278416718143e-13 1.375356217960393498e-13 1.070799731765054517e-13 9.320640305101206154e-14 7.709146718470337219e-14 6.611770069675605308e-14 5.525472102054041712e-14 4.659318954120277010e-14 3.892430020175109629e-14 3.221640246346024823e-14 2.633568338167510412e-14 2.114606152735468830e-14 1.664541989711865224e-14 1.279581121025081017e-14 9.541045844666676147e-15 6.922718479297609377e-15 -3.220707765763734040e-13 -2.422982945611226984e-13 -1.905504901227526447e-13 -1.535861317154517570e-13 -1.426435155267650028e-13 -1.252521870703738020e-13 -9.741045878564797373e-14 -8.640559126546406369e-14 -7.179750558276547360e-14 -6.188456852781684319e-14 -5.146579608003238760e-14 -4.303675824338729491e-14 -3.543385493319805355e-14 -2.872389690047845850e-14 -2.285385690087077458e-14 -1.774648519103297889e-14 -1.343938569237084497e-14 -9.885579139655917955e-15 -7.010967541135313685e-15 -4.804944339428667828e-15 -7.206589813617587433e-13 -5.359822870808108886e-13 -4.199716131464712832e-13 -3.427330595244221136e-13 -3.258891707736563353e-13 -2.896285894397125268e-13 -2.251837196663125868e-13 -2.011217472965800955e-13 -1.663001677623103308e-13 -1.424078525217621993e-13 -1.167174017948436401e-13 -9.587400882211584513e-14 -7.714947280817510913e-14 -6.080920032269544353e-14 -4.678445670500789054e-14 -3.494732394526130242e-14 -2.533948666029786135e-14 -1.778954975902261846e-14 -1.201984963220163578e-14 -7.662103222800715566e-15 -1.057830130657609659e-12 -7.880945845226358341e-13 -6.206405588220482274e-13 -5.114346129785093530e-13 -4.893972437565286270e-13 -4.355298802107521648e-13 -3.381401514765430881e-13 -3.010173785910904407e-13 -2.469958802755115693e-13 -2.095386350249150884e-13 -1.695000945799879611e-13 -1.371439730742956214e-13 -1.084242604845187814e-13 -8.376015297519316949e-14 -6.301354535240938493e-14 -4.592190730192395805e-14 -3.244588457215316522e-14 -2.216552767625425088e-14 -1.432083138089151476e-14 -8.411532509118040073e-15 1.642494814691900743e-14 3.106401695026453346e-14 4.967517144293654525e-14 7.236098941925057795e-14 7.932482980763701099e-14 6.784262631016246117e-14 5.505007426870100838e-14 5.517972994420719026e-14 4.511051310131798667e-14 4.046889729618920528e-14 3.387764774120402320e-14 2.876100646126468974e-14 2.427553204150139309e-14 2.054096458381051368e-14 1.745586808170100000e-14 1.490390803122949651e-14 1.282735872723505010e-14 1.110207946895338593e-14 9.645216274240076928e-15 8.422012334164353463e-15 -1.714654309046183131e-14 -3.244204456076380320e-14 -5.151414268063822480e-14 -7.454719876127242747e-14 -8.016082759090269061e-14 -6.617818133371419639e-14 -5.133804695332512308e-14 -5.107858343267080493e-14 -4.037854799139519688e-14 -3.602160613394310577e-14 -2.986018465590256805e-14 -2.542108781120688646e-14 -2.164751074208344916e-14 -1.857801513782583523e-14 -1.606619446996936699e-14 -1.397488240768510736e-14 -1.223586787909779177e-14 -1.071609223824124777e-14 -9.356853253511097602e-15 -8.135114631201644725e-15 -4.157406031860390008e-14 -7.803218094699367321e-14 -1.234295247102942415e-13 -1.772541868743587792e-13 -1.874128055652496355e-13 -1.499510838700669994e-13 -1.124584383240351923e-13 -1.127833996214333573e-13 -8.777580174080343377e-14 -7.914900635470597785e-14 -6.608881316262342772e-14 -5.714530048948720907e-14 -4.952439435812266654e-14 -4.325510948108337759e-14 -3.797476118733585657e-14 -3.342210506249810868e-14 -2.943005278147706369e-14 -2.576407495929994321e-14 -2.230529993198110800e-14 -1.898389212759936978e-14 -6.200905966049280569e-14 -1.150507620935136933e-13 -1.823243735716686801e-13 -2.604499757626783989e-13 -2.736908153195224465e-13 -2.163648219563705410e-13 -1.608700742797678155e-13 -1.630699991011637116e-13 -1.271797857267714949e-13 -1.160217872359926568e-13 -9.791677355570734189e-14 -8.566318379657017070e-14 -7.502596492194474797e-14 -6.606513939757372952e-14 -5.827110478182387847e-14 -5.131447725463853807e-14 -4.501949509924304030e-14 -3.908651033484401864e-14 -3.333304698743464693e-14 -2.797363080262217285e-14
2.998094936245103522e-13 2.314704230297741885e-13 1.852952911721173063e-13 1.495430788665321758e-13 1.353331929043840900e-13 1.168988991108776584e-13 9.101807531962855312e-14 7.922760866429590164e-14 6.553286833162244603e-14 5.620660808808167761e-14 4.697418403211701244e-14 3.961010836088940018e-14 3.308477808038257932e-14 2.737512912449939649e-14 2.237876616350750561e-14 1.797059635775119544e-14 1.414635742025883419e-14 1.087532283458852745e-14 8.109896184916942608e-15 5.884610934268168822e-15 -2.737199137466808566e-13 -2.059232715235649563e-13 -1.619441048594023699e-13 -1.305290224691299127e-13 -1.212291636191404576e-13 -1.064487083979566317e-13 -8.278671800236919929e-14 -7.343395481960955838e-14 -6.101890554294660982e-14 -5.259414573731732513e-14 -4.373949034339934545e-14 -3.657586160773804469e-14 -3.011434489702409567e-14 -2.441171685104175904e-14 -1.942291650407191019e-14 -1.508228607419314035e-14 -1.142179275820307195e-14 -8.401503531025751005e-15 -5.958444433485841282e-15 -4.083600472018350568e-15 -6.124700748620160929e-13 -4.555179647558756139e-13 -3.569233879798448222e-13 -2.912802723143124247e-13 -2.769650678779469203e-13 -2.461481051893358290e-13 -1.913780196315304841e-13 -1.709283488134514836e-13 -1.413343538598795733e-13 -1.210288683421776362e-13 -9.919519655382371425e-14 -8.148091779459188746e-14 -6.556740314479357547e-14 -5.168020864566623714e-14 -3.976092845324190995e-14 -2.970083800079827953e-14 -2.153538080131203103e-14 -1.511888130893938974e-14 -1.021535923746131519e-14 -6.511819383100780578e-15 -8.990234158678682784e-13 -6.697819124672863729e-13 -5.274669139526937517e-13 -4.346555098469496257e-13 -4.159264953291980747e-13 -3.701459692591849891e-13 -2.873768729438493196e-13 -2.558271544173731292e-13 -2.099156258723200433e-13 -1.780816455517153170e-13 -1.440538920965773585e-13 -1.165552314468866400e-13 -9.214706312830653094e-14 -7.118564361768633657e-14 -5.355361820901815198e-14 -3.902785164324184659e-14 -2.757492174411775620e-14 -1.883790597223936627e-14 -1.217089612451643194e-14 -7.148727925583118964e-15 1.395711829043006428e-14 2.639822967307060151e-14 4.221500191641235478e-14 6.149399563834696894e-14 6.741215917358060909e-14 5.765397901816763931e-14 4.678169847829310139e-14 4.689235201110170465e-14 3.833542162188952198e-14 3.439090084106703952e-14 2.878936074031933833e-14 2.444046618161383825e-14 2.062705406354164767e-14 1.745586808170100000e-14 1.484210466726038495e-14 1.267316036594430058e-14 1.090636528002075555e-14 9.438319706130834429e-15 8.199075146942155817e-15 7.158446017470391407e-15 -1.457236551223960746e-14 -2.757170059960448981e-14 -4.378057635410750033e-14 -6.335581605828902382e-14 -6.812667946046913615e-14 -5.624317763053465145e-14 -4.363092717226911864e-14 -4.341041234786494920e-14 -3.431672066450600456e-14 -3.061386323752742618e-14 -2.537742532160333250e-14 -2.160474667624779067e-14 -1.839767923418660369e-14 -1.578899153497137138e-14 -1.365425870555201781e-14 -1.187690428394996480e-14 -1.039895873179466004e-14 -9.107339908676047851e-15 -7.952157735242294525e-15 -6.913832421022317320e-15 -3.533265902973526647e-14 -6.631760573953340497e-14 -1.048996882914457650e-13 -1.506439159758282710e-13 -1.592774574760394648e-13 -1.274396723051071832e-13 -9.557562286708532524e-14 -9.585179425414441043e-14 -7.459846386338711727e-14 -6.726676450088651447e-14 -5.616723279156598678e-14 -4.856636184380261904e-14 -4.208954600847714986e-14 -3.676143835913670133e-14 -3.227380396182129763e-14 -2.840461368545955488e-14 -2.501186646402707551e-14 -2.189624376346460562e-14 -1.895672010131231675e-14 -1.613394063592528445e-14 -5.269982759503746371e-14 -9.777874850585102137e-14 -1.549529818932730941e-13 -2.213499280582593077e-13 -2.326029878068647680e-13 -1.838830499135330331e-13 -1.367194623038218693e-13 -1.385891201512455120e-13 -1.080869256231291695e-13 -9.860402052470445674e-14 -8.321702173603670675e-14 -7.280299863436965927e-14 -6.376269410404341266e-14 -5.614711387763384154e-14 -4.952316054682951809e-14 -4.361089449311488170e-14 -3.826094458185532789e-14 -3.321864959680970094e-14 -2.832892815130491453e-14 -2.377409815948732230e-14
2.560511991918118668e-13 1.977011754730154153e-13 1.582619306428135878e-13 1.277317903536922823e-13 1.155965758505295818e-13 9.985481995028810794e-14 7.775155983372269301e-14 6.768212482967502020e-14 5.598689024245915203e-14 4.802278860808569467e-14 4.013808521188783474e-14 3.384898966889791978e-14 2.827454884716527775e-14 2.339079536754171912e-14 1.911318555770945488e-14 1.535030930006783265e-14 1.208665160261740793e-14 9.292255165874342792e-15 6.929381181214634758e-15 5.028541825037805298e-15 -2.337387611620639997e-13 -1.758448982862090864e-13 -1.382895892851562803e-13 -1.114631798513552245e-13 -1.035217135992284856e-13 -9.090017922134189539e-14 -7.069439937764549596e-14 -6.270775624840606893e-14 -5.210612271740545131e-14 -4.491193333846774524e-14 -3.735064141358292692e-14 -3.123337473535084319e-14 -2.571566540037764119e-14 -2.084599709259040193e-14 -1.658589048110127518e-14 -1.287927836797770774e-14 -9.753458267451703219e-15 -7.174330286181582601e-15 -5.088118811466322573e-15 -3.487125664832410758e-15 -5.230090666207776068e-13 -3.889823116569461899e-13 -3.047890430393870891e-13 -2.487341496979317691e-13 -2.365099090121824145e-13 -2.101942544940923525e-13 -1.634242121567393143e-13 -1.459615414845121935e-13 -1.206902209563054292e-13 -1.033506751126968025e-13 -8.470615876216393073e-14 -6.957933250027777574e-14 -5.599024005123723921e-14 -4.413149167570496166e-14 -3.395321220662925155e-14 -2.536255846765826361e-14 -1.838979616743131256e-14 -1.291052846744689571e-14 -8.723243799399906637e-15 -5.560664920348544602e-15 -7.677067287197676969e-13 -5.719495975380188560e-13 -4.504219711045622312e-13 -3.711671505123876432e-13 -3.551738070289323814e-13 -3.160802558097689130e-13 -2.454009040322424575e-13 -2.184595243683814779e-13 -1.792541059775674706e-13 -1.520699855701844201e-13 -1.230125273098575747e-13 -9.953048401030369189e-14 -7.868751745427895903e-14 -6.078784752186714694e-14 -4.573126028822092605e-14 -3.332721368855070787e-14 -2.354716636559002008e-14 -1.608633076502373316e-14 -1.039314380914708912e-14 -6.104543367476069290e-15 1.191974636481260642e-14 2.254007037852154941e-14 3.605142217426292505e-14 5.251123070741121981e-14 5.756704317762086508e-14 4.923391254011389385e-14 3.994905313821192331e-14 4.004401031618216841e-14 3.273757046044814233e-14 2.936927271920538078e-14 2.458555472570881721e-14 2.087181751081507285e-14 1.761439557825758694e-14 1.490390803122949651e-14 1.267316036594430058e-14 1.083044804645579099e-14 9.321254535589868104e-15 8.064852842520965527e-15 7.005064047008804654e-15 6.115824135625983309e-15 -1.244384172905465706e-14 -2.354441391687172199e-14 -3.738572626697161984e-14 -5.410168960019988139e-14 -5.817569325793483184e-14 -4.802796611483449938e-14 -3.725793529815747946e-14 -3.706963031421161356e-14 -2.930421706707276286e-14 -2.614222099309094521e-14 -2.167064821163621027e-14 -1.844902940933923990e-14 -1.571040517747875923e-14 -1.348275786206185225e-14 -1.165983672297978516e-14 -1.014209324161022456e-14 -8.880025196462753352e-15 -7.777067848624649773e-15 -6.790618381410576567e-15 -5.903957021994841814e-15 -3.017176561290624719e-14 -5.663086314222804612e-14 -8.957741752645975445e-14 -1.286399726384535802e-13 -1.360124485437007140e-13 -1.088250790633504763e-13 -8.161528090094345026e-14 -8.185111327607226897e-14 -6.370217014272052239e-14 -5.744138228984580743e-14 -4.796311393379464595e-14 -4.147247135492791049e-14 -3.594169753257821665e-14 -3.139184481336866961e-14 -2.755970081132580380e-14 -2.425566745718896322e-14 -2.135848506886753947e-14 -1.869794866759012804e-14 -1.618778912693315222e-14 -1.377732146694197294e-14 -4.500218378634102688e-14 -8.349660604430697510e-14 -1.323196291175028594e-13 -1.890182461337219063e-13 -1.986276172626858614e-13 -1.570240024982677671e-13 -1.167494074093837155e-13 -1.183459720949436774e-13 -9.229910876326405214e-14 -8.420133300608722006e-14 -7.106185042157712260e-14 -6.216896137345489929e-14 -5.444913719622788961e-14 -4.794593367241308942e-14 -4.228951412558143190e-14 -3.724082876957661673e-14 -3.267232431723011923e-14 -2.836653678824678211e-14 -2.419103688571128837e-14 -2.030151218087941742e-14
2.204434314230145180e-13 1.702054768596050630e-13 1.362504293946628117e-13 1.099687172065514468e-13 9.952481971633838375e-14 8.597832042141999963e-14 6.694952809132499229e-14 5.828452908064212395e-14 4.821820707585177450e-14 4.136441814337309634e-14 3.457705394501967314e-14 2.916245680593568444e-14 2.436250292977427103e-14 2.015506023688686982e-14 1.646582669241008700e-14 1.321605052036185736e-14 1.040807109768073644e-14 8.006526584296139038e-15 5.971981508377524717e-15 4.335056721658904748e-15 -2.012374041584422677e-13 -1.513936783275771347e-13 -1.190604323220060013e-13 -9.596423371451588030e-14 -8.912702724310269085e-14 -7.826051640812348227e-14 -6.086434862061483988e-14 -5.398824741784530107e-14 -4.486076984637146967e-14 -3.866693154587834010e-14 -3.215703653811955660e-14 -2.689037535195510319e-14 -2.213990328865664334e-14 -1.794736154846493538e-14 -1.427962246320186833e-14 -1.108841394246551686e-14 -8.397239498103921581e-15 -6.176739518507623028e-15 -4.380615900750275080e-15 -3.002240748244637671e-15 -4.502846946112037257e-13 -3.348943502790696418e-13 -2.624081491215989967e-13 -2.141476850652478420e-13 -2.036232233521480143e-13 -1.809667586541253063e-13 -1.407000872836397342e-13 -1.256655994197809077e-13 -1.039082533534250475e-13 -8.897976940776285870e-14 -7.292777184543356843e-14 -5.990432975816328464e-14 -4.820479980773969688e-14 -3.799500853543451006e-14 -2.923201792085620600e-14 -2.183589257281508273e-14 -1.583269311963784810e-14 -1.111531786346360713e-14 -7.510275220907589506e-15 -4.787452703928175110e-15 -6.609571648437196542e-13 -4.924200487686345898e-13 -3.877908291845336776e-13 -3.195563860543734285e-13 -3.057869148685508416e-13 -2.721293193034145594e-13 -2.112779266630500275e-13 -1.880827437011746959e-13 -1.543288346478144738e-13 -1.309246636078458389e-13 -1.059076432464747825e-13 -8.569077615997149802e-14 -6.774602222833299798e-14 -5.233529800226724482e-14 -3.937232779061183988e-14 -2.869306092382615831e-14 -2.027292952883098026e-14 -1.384952314204314945e-14 -8.947973745033105579e-15 -5.255702350468851747e-15 1.025719350470030217e-14 1.940815146724213849e-14 3.103447885271592304e-14 4.520842331038825730e-14 4.955815521849491642e-14 4.238428908145992521e-14 3.439013017098682016e-14 3.447149028135981982e-14 2.818085188343756319e-14 2.528064837958322960e-14 2.116185932772325238e-14 1.796469268781991263e-14 1.516068792637994828e-14 1.282735872723505010e-14 1.090636528002075555e-14 9.321254535589868104e-15 8.031539453692017783e-15 6.950230454258511820e-15 6.034178315828195162e-15 5.267091611571238821e-15 -1.071351577356053372e-14 -2.027056829670288984e-14 -3.218724233292643647e-14 -4.657885629337003075e-14 -5.008636612272728987e-14 -4.134967970907609664e-14 -3.207722272769926560e-14 -3.191510088563808010e-14 -2.522946803219455078e-14 -2.250714701266504769e-14 -1.865734616766895630e-14 -1.588369300666212460e-14 -1.352587457006914030e-14 -1.160798144415162139e-14 -1.003853752301287799e-14 -8.731836057127975392e-15 -7.645258375319777592e-15 -6.695667274892975135e-15 -5.846383753848455824e-15 -5.083012558106590322e-15 -2.597636444743377859e-14 -4.875634650577856723e-14 -7.712168765824268878e-14 -1.107525956110297217e-13 -1.170999263061089814e-13 -9.369295789003969414e-14 -7.026668293157160262e-14 -7.046972180978204686e-14 -5.484438840855888370e-14 -4.945416237143754448e-14 -4.129384660859233775e-14 -3.570572683355114362e-14 -3.094400710388476744e-14 -2.702681127612558464e-14 -2.372752697005496051e-14 -2.088291890759073511e-14 -1.838858918325310720e-14 -1.609800023546550370e-14 -1.393687876896469776e-14 -1.186158687903992246e-14 -3.874460863286739513e-14 -7.188640482431324913e-14 -1.139206043074255072e-13 -1.627352723090699111e-13 -1.710084612551393398e-13 -1.351898245532517140e-13 -1.005154115044130581e-13 -1.018899733215518916e-13 -7.946492475162752243e-14 -7.249314395926129577e-14 -6.118070551437846059e-14 -5.352437140689170087e-14 -4.687798865110569798e-14 -4.127905542709349239e-14 -3.640916101780518305e-14 -3.206249458412355270e-14 -2.812923998723696924e-14 -2.442217202201142357e-14 -2.082727575309053719e-14 -1.747858997371553634e-14
1.908444782407225453e-13 1.473327533106925693e-13 1.179521701205512677e-13 9.519710192102456497e-14 8.616101877734764000e-14 7.443677871722882200e-14 5.796396231915690930e-14 5.046576124839277125e-14 4.175237133970095646e-14 3.582045069263093157e-14 2.994566701988095327e-14 2.525912534910689818e-14 2.110442728523605889e-14 1.746176573745544368e-14 1.426520577556336472e-14 1.144376765048596653e-14 9.001738844525591303e-15 6.926169788592732425e-15 5.169376567186022142e-15 3.752306273602679149e-15 -1.742321612598447886e-13 -1.310772601472427145e-13 -1.030830051832916258e-13 -8.308622590112802407e-14 -7.716654224635842577e-14 -6.775827380338279469e-14 -5.269660063047336102e-14 -4.674324331032052015e-14 -3.884063425593656903e-14 -3.347798183446803105e-14 -2.784168754506449042e-14 -2.328179104038072854e-14 -1.916881410400764456e-14 -1.553889220238857295e-14 -1.236334894467270261e-14 -9.600384901079964700e-15 -7.270358244150650415e-15 -5.347842650314010874e-15 -3.792753110106396216e-15 -2.599350403423677087e-15 -3.898583111131758664e-13 -2.899528853374578535e-13 -2.271940374061275692e-13 -1.854099349123480189e-13 -1.762978093385130134e-13 -1.566817505357604452e-13 -1.218187036932965457e-13 -1.088017819431294731e-13 -8.996417964473710431e-14 -7.703903441646688708e-14 -6.314115081988410761e-14 -5.186540246988902323e-14 -4.173590310004638172e-14 -3.289621949577773206e-14 -2.530918597693466925e-14 -1.890558370616720250e-14 -1.370799322012951748e-14 -9.623674071745238496e-15 -6.502415609847378747e-15 -4.144984869250391696e-15 -5.722593882282889862e-13 -4.263392735390921211e-13 -3.357508686161838003e-13 -2.766732142446641732e-13 -2.647515456214141351e-13 -2.356106644264113274e-13 -1.829252849458395047e-13 -1.628428009088244261e-13 -1.336185237773501092e-13 -1.133550948920554438e-13 -9.169525984339174669e-14 -7.419141362634134837e-14 -5.865477134584745090e-14 -4.531209337467754604e-14 -3.408869967482871106e-14 -2.484253686132193420e-14 -1.755235847777406781e-14 -1.199095016209464392e-14 -7.747170556615750350e-15 -4.550384354295624916e-15 8.881727253736279306e-15 1.680005647772740625e-14 2.686568465082309342e-14 3.913477906045849290e-14 4.289977116297464530e-14 3.668924546057045961e-14 2.976877830498953698e-14 2.983904590571452135e-14 2.439269762254785760e-14 2.188254822709595776e-14 1.831696830592713898e-14 1.554958548780147732e-14 1.312233227810697045e-14 1.110207946895338593e-14 9.438319706130834429e-15 8.064852842520965527e-15 6.950230454258511820e-15 6.025096476956806424e-15 5.231768620740489989e-15 4.563580751787204373e-15 -9.275750889889419786e-15 -1.755035735982826849e-14 -2.786783723446678461e-14 -4.032817569634133932e-14 -4.336497192624563142e-14 -3.580071357553029878e-14 -2.777259220182729997e-14 -2.763222313214763299e-14 -2.184377645360213924e-14 -1.948677854304730357e-14 -1.615360575679671057e-14 -1.375216452958332976e-14 -1.171075730463343990e-14 -1.005023764883068432e-14 -8.691407607811722918e-15 -7.560059663622616601e-15 -6.619295774180397254e-15 -5.797136515439569865e-15 -5.061824530093086231e-15 -4.400894492306654913e-15 -2.249034269570738068e-14 -4.221344567378947050e-14 -6.677228669475735425e-14 -9.589005394615448640e-14 -1.013855833652392457e-13 -8.111973205977845007e-14 -6.083718256165733857e-14 -6.101296923450152475e-14 -4.748449504534270415e-14 -4.281761414049581924e-14 -3.575238013040527073e-14 -3.091416052561605197e-14 -2.679144635858400748e-14 -2.339992341347782858e-14 -2.054339152153357561e-14 -1.808051681047069158e-14 -1.592091434437164882e-14 -1.393771348718490410e-14 -1.206660870774587660e-14 -1.026981473110308182e-14 -3.354511248424511538e-14 -6.223951820410610306e-14 -9.863297036327555890e-14 -1.408968539301170049e-13 -1.480598152278095155e-13 -1.170478869966339233e-13 -8.702665294497096841e-14 -8.821675073149160169e-14 -6.880105466222035036e-14 -6.276485784454984525e-14 -5.297050315066418915e-14 -4.634161491556461454e-14 -4.058715207059453967e-14 -3.573957471031372387e-14 -3.152320255020210644e-14 -2.775983910672857058e-14 -2.435440957104736564e-14 -2.114481576688490926e-14 -1.803234349718956394e-14 -1.513304188699970710e-14
1.658414213108586480e-13 1.280412252694608024e-13 1.024999275780123063e-13 8.272386476150080934e-14 7.487421690554929749e-14 6.468653604111679874e-14 5.037080238885182866e-14 4.385625869095710784e-14 3.628510905517257143e-14 3.113170662358971568e-14 2.602902775053890920e-14 2.195901872054394350e-14 1.835075767287198031e-14 1.518600735152566380e-14 1.240815042817336990e-14 9.954567809556421104e-15 7.824622015303631143e-15 6.008323456520822010e-15 4.484773065359610864e-15 3.257971270310121864e-15 -1.514155131845463411e-13 -1.139119801798257414e-13 -8.958372541250061805e-14 -7.220563509057096263e-14 -6.706116452639141934e-14 -5.888496042765762800e-14 -4.579569486047139801e-14 -4.062196138324291730e-14 -3.375424067035943962e-14 -2.909385537058282685e-14 -2.419566394050947643e-14 -2.023291073701040247e-14 -1.665855115823312263e-14 -1.350398579687983692e-14 -1.074429726353400493e-14 -8.343156590634757215e-15 -6.318261587134310463e-15 -4.647511342567458468e-15 -3.296070246349236028e-15 -2.258950168737994251e-15 -3.388042440396007655e-13 -2.519819782553985143e-13 -1.974417419103958436e-13 -1.611294966809772783e-13 -1.532106509275431896e-13 -1.361634217789538787e-13 -1.058658807465782049e-13 -9.455359488069655284e-14 -7.818287650511121037e-14 -6.695034716852099966e-14 -5.487246760590563485e-14 -4.507334019121041914e-14 -3.627035453510631296e-14 -2.858827236458810630e-14 -2.199480166409255009e-14 -1.642978142055141442e-14 -1.191284620989898182e-14 -8.363393102703831638e-15 -5.650881744541919234e-15 -3.602169396107074800e-15 -4.973189074583042010e-13 -3.705078273994255423e-13 -2.917824649769507959e-13 -2.404413526144999687e-13 -2.300808882991930620e-13 -2.047561648769896051e-13 -1.589702241594504613e-13 -1.415176501938321044e-13 -1.161204472476373378e-13 -9.851062277236684898e-14 -7.968726255065463603e-14 -6.447563967466679174e-14 -5.097360413985532988e-14 -3.937821561710248346e-14 -2.962458533945289863e-14 -2.158925117101206762e-14 -1.525376484281435151e-14 -1.042065510233969212e-14 -6.732622626993119056e-15 -3.954471235701958723e-15 7.727675229282880714e-15 1.459680894011224783e-14 2.335106446062021233e-14 3.400915279629930157e-14 3.728424751458078315e-14 3.188554978109235152e-14 2.587134326398381921e-14 2.593165938711034799e-14 2.119834157451428271e-14 1.901647497813365394e-14 1.591776565602967401e-14 1.351224557806205454e-14 1.140197603891846052e-14 9.645216274240076928e-15 8.199075146942155817e-15 7.005064047008804654e-15 6.034178315828195162e-15 5.231768620740489989e-15 4.554471932241992073e-15 3.973913754752162025e-15 -8.061005643066142600e-15 -1.525205374836942364e-14 -2.421838749799069863e-14 -3.504699032108752867e-14 -3.768608864284828528e-14 -3.111241115027445656e-14 -2.413562203750162815e-14 -2.401363291259345985e-14 -1.898321566626684676e-14 -1.693487858146792089e-14 -1.403820314504218852e-14 -1.195124300533506391e-14 -1.017717014724300099e-14 -8.734104559312408753e-15 -7.553221260580909939e-15 -6.570029145125350929e-15 -5.752463060006108780e-15 -5.037970391383426973e-15 -4.398952238645715754e-15 -3.824574477598267737e-15 -1.954504606957658351e-14 -3.668536755981507248e-14 -5.802810367540191960e-14 -8.333273507077926658e-14 -8.810858518978549321e-14 -7.049665523851607578e-14 -5.287022512398931706e-14 -5.302298820659287278e-14 -4.126614307575768659e-14 -3.721041472238470231e-14 -3.107041181072802435e-14 -2.686578152198323636e-14 -2.328296053127078380e-14 -2.033557665298092038e-14 -1.785312432787116270e-14 -1.571277546682436206e-14 -1.383598359801853582e-14 -1.211249389386731389e-14 -1.048642236296358011e-14 -8.924929718740025550e-15 -2.915211568792841031e-14 -5.408890038760827206e-14 -8.571647860256003302e-14 -1.224456420177391597e-13 -1.286705750915234400e-13 -1.017198226849204171e-13 -7.563004105685460725e-14 -7.666428686529868380e-14 -5.979118296788797015e-14 -5.454545845611864552e-14 -4.603372799391883364e-14 -4.027292668741840224e-14 -3.527204351472772278e-14 -3.105928387632710640e-14 -2.739506996959328980e-14 -2.412453811857842777e-14 -2.116506695475511741e-14 -1.837578733949132123e-14 -1.567091249267536419e-14 -1.315129284929695478e-14
1.448188229951772189e-13 1.118313875312227307e-13 8.951698599693021394e-14 7.225294224345798301e-14 6.539415171853485487e-14 5.649919310177661177e-14 4.399729236334500713e-14 3.830866761981278100e-14 3.169777130999090493e-14 2.719735123040448275e-14 2.274307676559606661e-14 1.919075884630466202e-14 1.604030476470147440e-14 1.327781398084993015e-14 1.085222108701034502e-14 8.709727315051502478e-15 6.847563749623364375e-15 5.252072256789245942e-15 3.907490178888909811e-15 2.839722011540413774e-15 -1.321773843112419169e-13 -9.943887053609257164e-14 -7.820164699998600001e-14 -6.303153282594645479e-14 -5.854069453855618285e-14 -5.140331956535997785e-14 -3.997711340352423241e-14 -3.546072989050008799e-14 -2.946558922720197364e-14 -2.539733055807120862e-14 -2.112147999599415901e-14 -1.766221518230875858e-14 -1.454199637141427525e-14 -1.178823541539710555e-14 -9.379179644574195321e-15 -7.283116953758174829e-15 -5.515494761994585047e-15 -4.057021558439157760e-15 -2.877287762533950077e-15 -1.971939168263327059e-15 -2.957574028188237303e-13 -2.199663571536957155e-13 -1.723557418076178595e-13 -1.406571556462377737e-13 -1.337444412544571148e-13 -1.188631512194803695e-13 -9.241507030057356484e-14 -8.254006945335773229e-14 -6.824933680888891522e-14 -5.844395943957581538e-14 -4.790063711174649723e-14 -3.934653969042638941e-14 -3.166201893545418617e-14 -2.495598628126435012e-14 -1.920025048309840450e-14 -1.434229644038179469e-14 -1.039926054017282443e-14 -7.300783204187400392e-15 -4.932910100844466038e-15 -3.144497307882781155e-15 -4.341319539272363568e-13 -3.234328805701104100e-13 -2.547099855096639756e-13 -2.098920279349920965e-13 -2.008479154640703112e-13 -1.787408295975205340e-13 -1.387722302412595276e-13 -1.235370967164453820e-13 -1.013667417288757464e-13 -8.599433762501565951e-14 -6.956258271445921564e-14 -5.628367581336985630e-14 -4.449714446074414776e-14 -3.437501251917361729e-14 -2.586063202669270809e-14 -1.884623097274770507e-14 -1.331570001232238107e-14 -9.096661398628024484e-15 -5.877212280765701021e-15 -3.452040022420359342e-15 6.741063024896908675e-15 1.274916507899772988e-14 2.038335904928166654e-14 2.969644070398052516e-14 3.255441290696012121e-14 2.784079603243840518e-14 2.259127712643957755e-14 2.264407021093104157e-14 1.851138971768945528e-14 1.660580351906485857e-14 1.390094739333296028e-14 1.179972964942559469e-14 9.956128943032602714e-15 8.422012334164353463e-15 7.158446017470391407e-15 6.115824135625983309e-15 5.267091611571238821e-15 4.563580751787204373e-15 3.973913754752162025e-15 3.480535702144897750e-15 -7.036824112545645341e-15 -1.331419745490633987e-14 -2.114131694242382080e-14 -3.059408518695786540e-14 -3.289787643750047320e-14 -2.715941883591035424e-14 -2.106906513460079290e-14 -2.096257604365045054e-14 -1.657129920236097415e-14 -1.478321427440581171e-14 -1.225457644157326739e-14 -1.043277566556134621e-14 -8.884107678720331471e-15 -7.624391083745538231e-15 -6.593544973576243467e-15 -5.735272637543066803e-15 -5.021582685055693729e-15 -4.397869911134551415e-15 -3.840042107463531740e-15 -3.338642062311281374e-15 -1.706176657105994919e-14 -3.202430009869184549e-14 -5.065532775575545885e-14 -7.274487597080866959e-14 -7.691393260822327792e-14 -6.153969063037558239e-14 -4.615278722462785329e-14 -4.628614203121262397e-14 -3.602306466175294479e-14 -3.248263797222666481e-14 -2.712275427948230689e-14 -2.345234472753676873e-14 -2.032473935697322977e-14 -1.775183571206958223e-14 -1.558479149341099540e-14 -1.371638540158376415e-14 -1.207805004783450413e-14 -1.057353860731378316e-14 -9.154067319704232929e-15 -7.790969997743516692e-15 -2.544821371142029627e-14 -4.721662881485888388e-14 -7.482574394749944286e-14 -1.068882871158592424e-13 -1.123223099000250530e-13 -8.879579230720794316e-14 -6.602085043199476324e-14 -6.692369062840210239e-14 -5.219440197464498094e-14 -4.761517420534014127e-14 -4.018490330401265425e-14 -3.515604241478044935e-14 -3.079054699672149714e-14 -2.711304003383509865e-14 -2.391438312364191730e-14 -2.105938977405013028e-14 -1.847593517903185339e-14 -1.604104791294441642e-14 -1.367984077116329541e-14 -1.148035106842473182e-14
-2.950864555773197337e-13 -2.277088676579724014e-13 -1.821753012524195547e-13 -1.469771583470497905e-13 -1.330347451392454733e-13 -1.149040079432940836e-13 -8.944227533995254767e-14 -7.787598017860169013e-14 -6.442284159525650792e-14 -5.527187742082634797e-14 -4.621125181908384665e-14 -3.898633689549140091e-14 -3.257961248293450462e-14 -2.696806409698389672e-14 -2.204747532539289446e-14 -1.770426470077200316e-14 -1.393724200492712392e-14 -1.071622258508862374e-14 -7.994839702109384494e-15 -5.801159803574324636e-15 2.436116141736014652e-12 1.831776099924481668e-12 1.440809374210628407e-12 1.161022585578571633e-12 1.078354052528645351e-12 9.467628836089451728e-13 7.361575104111210045e-13 6.529587268746954504e-13 5.424742730664641608e-13 4.675048407144095652e-13 3.887366135653887683e-13 3.250358889979869260e-13 2.675270383573848505e-13 2.168399059815532182e-13 1.724127115550811730e-13 1.337908014784491416e-13 1.012318946739880037e-13 7.436911821084831787e-14 5.273191644605844723e-14 3.610029677539966523e-14 -1.815904000157418624e-12 -1.350558630989352350e-12 -1.058237219254899810e-12 -8.636124014118808467e-13 -8.211701545821617622e-13 -7.298013648251714402e-13 -5.674142640061066087e-13 -5.067835478812473580e-13 -4.190414253698975745e-13 -3.588385692175931697e-13 -2.941040687760262050e-13 -2.415831591234477041e-13 -1.944012236435669869e-13 -1.532281473652049418e-13 -1.178889751859005926e-13 -8.806317810816475894e-14 -6.385284630437027293e-14 -4.482805464929714853e-14 -3.028931209504800174e-14 -1.930873567664881065e-14 -2.665502065769019680e-12 -1.985826675719401897e-12 -1.563879463205501344e-12 -1.288703756607242160e-12 -1.233175190472091698e-12 -1.097440923286646566e-12 -8.520395337862750060e-13 -7.584983429521722856e-13 -6.223769493291185326e-13 -5.279933259865674273e-13 -4.271044875721590716e-13 -3.455742427582260328e-13 -2.732071005900118621e-13 -2.110607257370854026e-13 -1.587840627456811778e-13 -1.157186263146012309e-13 -8.176103974870613624e-14 -5.585627069389753042e-14 -3.608904860323082878e-14 -2.119936124539783634e-14 -1.376735134973651229e-14 -2.604374628107742889e-14 -4.164944443176316583e-14 -6.065553147758491839e-14 -6.648878853395706955e-14 -5.684358958180726264e-14 -4.610274491534665950e-14 -4.620019102418953460e-14 -3.774769031642846320e-14 -3.385164473905897049e-14 -2.832505257330474991e-14 -2.403435881724890492e-14 -2.027280327484716549e-14 -1.714654309046183131e-14 -1.457236551223960746e-14 -1.244384172905465706e-14 -1.071351577356053372e-14 -9.275750889889419786e-15 -8.061005643066142600e-15 -7.036824112545645341e-15 1.350517638194660901e-13 2.425475064837694865e-13 3.917565535101744189e-13 5.625097936638795883e-13 6.064115167724768248e-13 5.007767514893857012e-13 3.880634214409883398e-13 3.863722074827624129e-13 3.053706360106873633e-13 2.724368871780507628e-13 2.258400416895719297e-13 1.922723837844215030e-13 1.637081233277430366e-13 1.405043146500481697e-13 1.214796167844232881e-13 1.056838037383893328e-13 9.252993392174426341e-14 8.104820069506211385e-14 7.083199595752228252e-14 6.152820413229437102e-14 -1.047745753211876406e-13 -1.966235294097906612e-13 -3.110125892989735238e-13 -4.466405819544596905e-13 -4.722407036338284783e-13 -3.778458763601254902e-13 -2.833701214167256362e-13 -2.841898487382063929e-13 -2.211756710926886075e-13 -1.994382598010414458e-13 -1.665293417431525469e-13 -1.439941296731405720e-13 -1.247907505963538484e-13 -1.089933335710134297e-13 -9.568769172669362945e-14 -8.421625200193973892e-14 -7.415743926451147029e-14 -6.491991609080796744e-14 -5.620405056939921393e-14 -4.783445672753468390e-14 -1.562710945617160104e-13 -2.899067049627306564e-13 -4.594091887109735284e-13 -6.562779330944048842e-13 -6.896418295284772271e-13 -5.451940921138332776e-13 -4.053571361217646435e-13 -4.109010526441984902e-13 -3.204652151834712055e-13 -2.923496198441366897e-13 -2.467288691141787886e-13 -2.158530321070949674e-13 -1.890491664325078455e-13 -1.664695438046334374e-13 -1.468299044173944420e-13 -1.293010677858271914e-13 -1.134393879251793360e-13 -9.848944506669700066e-14 -8.399137144315507409e-14 -7.048610426122120923e-14
-5.583171710790140234e-13 -4.308354084458854676e-13 -3.446842402587327913e-13 -2.780881966287510465e-13 -2.517080743655693271e-13 -2.174043757121017995e-13 -1.692294250664687364e-13 -1.473454055254704082e-13 -1.218910625377642544e-13 -1.045765576817337607e-13 -8.743304549902341257e-14 -7.376302468017147708e-14 -6.164125366474229852e-14 -5.102359820918573203e-14 -4.171375481808859216e-14 -3.349593292436381703e-14 -2.636916907511324045e-14 -2.027537855449741316e-14 -1.512668723871374117e-14 -1.097619011160644952e-14 4.608434151754641482e-12 3.468453839582295140e-12 2.727095295835936117e-12 2.198480929317658501e-12 2.041525460106547942e-12 1.792661085534818570e-12 1.394232231628929988e-12 1.236649784512340217e-12 1.027594606970594372e-12 8.857398977275480178e-13 7.366425456558397154e-13 6.160111460894052800e-13 5.072385779086966668e-13 4.111953951989387873e-13 3.272240276549310859e-13 2.541491421782648416e-13 1.925069533775455644e-13 1.416068904947995419e-13 1.003905179186383473e-13 6.881663399680832306e-14 -3.435771765053834331e-12 -2.555317993607224016e-12 -2.002232179592355790e-12 -1.633994293198551686e-12 -1.553690134093196563e-12 -1.380816301366315420e-12 -1.073572706820114230e-12 -9.588561792175205345e-13 -7.928426298548849605e-13 -6.789348366982494171e-13 -5.564545873042044098e-13 -4.570828696171641194e-13 -3.678129174596260563e-13 -2.899097176168573380e-13 -2.230461253975886765e-13 -1.666117238173030218e-13 -1.208061684590270793e-13 -8.481171448454683109e-14 -5.730453867123149189e-14 -3.652880164266279483e-14 -5.043249272266695089e-12 -3.757273938383174091e-12 -2.958929715353804648e-12 -2.438285955238922346e-12 -2.333221622857493320e-12 -2.076406787948846253e-12 -1.612097330267552216e-12 -1.435112921309847730e-12 -1.177562848031254720e-12 -9.989837137809600350e-13 -8.080984326080780575e-13 -6.538392265671968921e-13 -5.169167071408269702e-13 -3.993289769862123038e-13 -3.004185720752533680e-13 -2.189329181842753320e-13 -1.546857112778995069e-13 -1.056738386354265971e-13 -6.827401327508012603e-14 -4.010103984206182025e-14 -2.604045435237238296e-14 -4.927955455686700165e-14 -7.880033153246824913e-14 -1.147655564750756318e-13 -1.257986777654437106e-13 -1.075494804278697604e-13 -8.722899302302592460e-14 -8.741275838427724364e-14 -7.142045923048941667e-14 -6.404867856004109683e-14 -5.359222503902819795e-14 -4.547395088954105446e-14 -3.835714063452399009e-14 -3.244204456076380320e-14 -2.757170059960448981e-14 -2.354441391687172199e-14 -2.027056829670288984e-14 -1.755035735982826849e-14 -1.525205374836942364e-14 -1.331419745490633987e-14 2.425475064837694865e-13 4.663404761487301945e-13 7.352846026172093566e-13 1.067656744870295228e-12 1.146764127272039577e-12 9.467125930197820752e-13 7.348664948305818935e-13 7.309408521463458770e-13 5.779293018925196117e-13 5.155529651854961354e-13 4.273755311253537547e-13 3.638301024453061699e-13 3.098380496484415811e-13 2.658848917789174795e-13 2.299399287436560608e-13 1.999910420694675616e-13 1.750965960281957952e-13 1.533292837548946226e-13 1.338644153027794478e-13 1.164494803569114871e-13 -1.982007509087514882e-13 -3.720218686798974856e-13 -5.884563444277964675e-13 -8.450671842581441213e-13 -8.934980053731639531e-13 -7.148975057724760515e-13 -5.361505167312629777e-13 -5.376995028892515432e-13 -4.184748824915249171e-13 -3.773462009676847220e-13 -3.150812068097712514e-13 -2.724424816372739740e-13 -2.361096038708559586e-13 -2.062205835234135081e-13 -1.810464003284672294e-13 -1.593413395555171350e-13 -1.403089725007719755e-13 -1.228312877482943902e-13 -1.063415913526471050e-13 -9.050675629896181265e-14 -2.956239718109281137e-13 -5.485081222563520512e-13 -8.692417533391710578e-13 -1.241705938883202337e-12 -1.304832238252657500e-12 -1.031527763812071493e-12 -7.669549441831886958e-13 -7.774429946714009260e-13 -6.063349988467667022e-13 -5.531387329544230989e-13 -4.668223408231919115e-13 -4.084026694016886539e-13 -3.576894054360387516e-13 -3.149683866098661647e-13 -2.778101160031777175e-13 -2.446439935369504434e-13 -2.146323073175686273e-13 -1.863465895663852527e-13 -1.589168997463789936e-13 -1.333658796457335492e-13
-8.865418312205356527e-13 -6.841159006598211064e-13 -5.473178775027143287e-13 -4.415710783621743224e-13 -3.996826808848760478e-13 -3.452123098555870089e-13 -2.687162210300934482e-13 -2.339669948409235390e-13 -1.935486114259036774e-13 -1.660553526175747720e-13 -1.388335902987713087e-13 -1.171272523991951641e-13 -9.787929584309644542e-14 -8.101981179870749940e-14 -6.623683846397221916e-14 -5.318798389264099924e-14 -4.187134433803225600e-14 -3.219497074625322237e-14 -2.401937177114528968e-14 -1.742885831576838136e-14 7.318650870878626943e-12 5.505145556798450920e-12 4.330145820150104052e-12 3.489653174911983211e-12 3.241044849624262157e-12 2.845748489121527649e-12 2.213044741817636761e-12 1.962994404746735974e-12 1.631058393765989467e-12 1.405809352689486555e-12 1.169069077766798037e-12 9.775548483856929993e-13 8.048177471471103215e-13 6.523846214588709352e-13 5.189889292578860289e-13 4.029403781646023460e-13 3.050922228112532275e-13 2.243285789952182902e-13 1.590669196976681083e-13 1.089864663238489754e-13 -5.455601079419706098e-12 -4.057543991054770287e-12 -3.179309005671353378e-12 -2.594590305539393419e-12 -2.467077197574056599e-12 -2.192573899356231791e-12 -1.704707219163482186e-12 -1.522551022204412657e-12 -1.258941491358005653e-12 -1.078069700415769832e-12 -8.835853886984695338e-13 -7.257947424190803210e-13 -5.840444562621136229e-13 -4.603438958246174050e-13 -3.541724684673809562e-13 -2.645620535092433269e-13 -1.918277953758945194e-13 -1.346724614134753226e-13 -9.099407915239841308e-14 -5.800465294927774008e-14 -8.008086150741819712e-12 -5.966108433187599109e-12 -4.698432137187111487e-12 -3.871710846536446095e-12 -3.704881576865102008e-12 -3.297089712996517864e-12 -2.559820674180861253e-12 -2.278790350733233036e-12 -1.869831820956028453e-12 -1.586269495147591091e-12 -1.283165873068320533e-12 -1.038220509635905391e-12 -8.208038547595846201e-13 -6.340895442100395636e-13 -4.770316441855421749e-13 -3.476431557452372906e-13 -2.456255544293962664e-13 -1.678001481410786984e-13 -1.084134413075493083e-13 -6.367837148740144278e-14 -4.135149483362366656e-14 -7.824908087226079103e-14 -1.251263123830733048e-13 -1.822334462968531247e-13 -1.997538068075724496e-13 -1.707762439578473627e-13 -1.385092170025996472e-13 -1.388011909152219825e-13 -1.134072413395204492e-13 -1.017018050076060911e-13 -8.509815689600455093e-14 -7.220731918204058339e-14 -6.090659808063242314e-14 -5.151414268063822480e-14 -4.378057635410750033e-14 -3.738572626697161984e-14 -3.218724233292643647e-14 -2.786783723446678461e-14 -2.421838749799069863e-14 -2.114131694242382080e-14 3.917565535101744189e-13 7.352846026172093566e-13 1.172085154175277884e-12 1.692705067705323337e-12 1.821458547983865363e-12 1.503893537465952096e-12 1.166420810356937860e-12 1.160715896420411424e-12 9.175545319628251683e-13 8.185622884177647712e-13 6.785493127610588663e-13 5.776772251231166574e-13 4.919187949045781321e-13 4.221605349318456756e-13 3.650615621321299056e-13 3.175571026492189855e-13 2.780364649018240452e-13 2.434876583669819408e-13 2.126474178812190607e-13 1.848624345431507619e-13 -3.147303238321933367e-13 -5.907265422828848918e-13 -9.343974869768323959e-13 -1.341866277688736734e-12 -1.418770390460900922e-12 -1.135174187454659650e-12 -8.513434527514183556e-13 -8.538036334276573022e-13 -6.644886738188509828e-13 -5.991813218634832197e-13 -5.003117967512252683e-13 -4.326068383144750834e-13 -3.749142805396595199e-13 -3.274539186788142254e-13 -2.874800799227714904e-13 -2.530151677531323061e-13 -2.227941959303160713e-13 -1.950416544024523603e-13 -1.688576351710208562e-13 -1.437135457673465981e-13 -4.694299766984768874e-13 -8.709687493247275516e-13 -1.380248064622581189e-12 -1.971683233789408517e-12 -2.071920275032489132e-12 -1.637945780827147019e-12 -1.217833848677010512e-12 -1.234488011899875606e-12 -9.627884663698577672e-13 -8.783191456113167738e-13 -7.412588438462178598e-13 -6.484956325326205990e-13 -5.679686926331719838e-13 -5.001325586454117290e-13 -4.411293651512567367e-13 -3.884656929415218763e-13 -3.408108648477610568e-13 -2.958964041753292688e-13 -2.523409042711799375e-13 -2.117684423936126683e-13
-1.282933337596338042e-12 -9.899984616598366739e-13 -7.920352519636607473e-13 -6.390069273265103613e-13 -5.783892587112151232e-13 -4.995641375108951251e-13 -3.888650017743304641e-13 -3.385786541150013895e-13 -2.800882836588512597e-13 -2.403021180828797016e-13 -2.009088544461685360e-13 -1.694971262221985745e-13 -1.416430127011344009e-13 -1.172452287736928201e-13 -9.585250461603337721e-14 -7.696917887611065886e-14 -6.059275563842823539e-14 -4.658997768906808649e-14 -3.475895479094977161e-14 -2.522169341188603548e-14 1.059025206580471298e-11 7.969090234399464996e-12 6.266803153867195496e-12 5.051634027067349982e-12 4.690982897523489836e-12 4.119106245027554463e-12 3.203489835000743271e-12 2.841428934453264121e-12 2.361023133592337156e-12 2.035022280745031531e-12 1.692384971398830983e-12 1.415192430858426654e-12 1.165205407543857510e-12 9.445373781715342946e-13 7.515217075373091059e-13 5.835957408360988977e-13 4.419712029513231429e-13 3.250319223268102290e-13 2.304449681482547974e-13 1.579188198368212647e-13 -7.894914654958209236e-12 -5.871757049041500757e-12 -4.600844675938312293e-12 -3.754686190649256174e-12 -3.570158993107740128e-12 -3.172919520118162084e-12 -2.466917438901096423e-12 -2.203315289331671158e-12 -1.821840107088192960e-12 -1.560096488396765140e-12 -1.278654230871092743e-12 -1.050312119548162452e-12 -8.451823871258415352e-13 -6.661723329669397917e-13 -5.125293762200820946e-13 -3.828517326952830647e-13 -2.775967605194140164e-13 -1.948863412156802379e-13 -1.316785950428748624e-13 -8.393890618201784126e-14 -1.158866927080564552e-11 -8.633680717073599575e-12 -6.799199544547458138e-12 -5.602834042583525066e-12 -5.361411549095487248e-12 -4.771287493867871951e-12 -3.704370212115779875e-12 -3.297685284618836993e-12 -2.705872364261998719e-12 -2.295523161204686562e-12 -1.856895743192574033e-12 -1.502430108451124128e-12 -1.187801781589227320e-12 -9.176027850167971786e-13 -6.903208827406439204e-13 -5.030793019030963264e-13 -3.554479090065388684e-13 -2.428253560498832110e-13 -1.568857376721292618e-13 -9.214847606086079592e-14 -5.983900817751566794e-14 -1.132366123915179496e-13 -1.810724496995732224e-13 -2.637143562838215438e-13 -2.890677008442501330e-13 -2.471336525957142847e-13 -2.004396978362803313e-13 -2.008620973650351317e-13 -1.641140231852782168e-13 -1.471747830999383737e-13 -1.231473173824614838e-13 -1.044926980338295726e-13 -8.813923221696921516e-14 -7.454719876127242747e-14 -6.335581605828902382e-14 -5.410168960019988139e-14 -4.657885629337003075e-14 -4.032817569634133932e-14 -3.504699032108752867e-14 -3.059408518695786540e-14 5.625097936638795883e-13 1.067656744870295228e-12 1.692705067705323337e-12 2.451771644816202793e-12 2.635547735570986862e-12 2.175985762600263618e-12 1.688349099455205899e-12 1.679753805867190630e-12 1.328002926997457677e-12 1.184701654622559442e-12 9.820685416628519030e-13 8.360729870100273581e-13 7.119773790523606086e-13 6.110011781059069864e-13 5.283850481818140020e-13 4.596018384914175968e-13 4.023916211453836768e-13 3.523719555339303933e-13 3.076926406396687074e-13 2.675797838116224345e-13 -4.554453201362946944e-13 -8.548530280732124239e-13 -1.352187509296217300e-12 -1.941843451777297012e-12 -2.053131847749739169e-12 -1.642733586714065387e-12 -1.231997262694019934e-12 -1.235557044723076358e-12 -9.615956059262439622e-13 -8.670878627228417421e-13 -7.240117318717297809e-13 -6.260342477290288809e-13 -5.425462943622788740e-13 -4.738654906583311795e-13 -4.160186490955558075e-13 -3.661436352868206375e-13 -3.224101044596219864e-13 -2.822488447646728042e-13 -2.443576253218775879e-13 -2.079712497755615105e-13 -6.793123185750439152e-13 -1.260395449663054924e-12 -1.997389714960484345e-12 -2.853263861211526558e-12 -2.998319046943962999e-12 -2.370304882499252245e-12 -1.762353100207718896e-12 -1.786453429876416800e-12 -1.393271456701365169e-12 -1.271034072249776144e-12 -1.072691259947066647e-12 -9.384514308057869697e-13 -8.219193796309253606e-13 -7.237524170209272642e-13 -6.383678215146058182e-13 -5.621569614127946401e-13 -4.931945248876170616e-13 -4.281979166823607244e-13 -3.651681044132636912e-13 -3.064551563182851324e-13
-1.379542070842503790e-12 -1.064548364653822014e-12 -8.516778543905535555e-13 -6.871259562596783863e-13 -6.219436708830087725e-13 -5.371826955561573283e-13 -4.181476137351341106e-13 -3.640745628719143591e-13 -3.011797590199523085e-13 -2.583976557758509243e-13 -2.160380293137778453e-13 -1.822609295946094240e-13 -1.523093095100320494e-13 -1.260743597876529923e-13 -1.030706752970128531e-13 -8.276542505269292388e-14 -6.515570036125217588e-14 -5.009837928589483954e-14 -3.737639414412950693e-14 -2.712094025804709282e-14 1.138939562026321789e-11 8.568905218262069213e-12 6.739027304927491351e-12 5.431659599935257034e-12 5.044408602484037829e-12 4.429252407630120065e-12 3.444628753728736049e-12 3.055364908729270144e-12 2.538764210796934464e-12 2.188200345687722185e-12 1.819760120098262172e-12 1.521697608757502202e-12 1.252872139269534931e-12 1.015607964406320911e-12 8.080344273805150049e-13 6.274592845349006414e-13 4.751585403118031189e-13 3.494195780648608779e-13 2.477369770768654154e-13 1.697664203787631761e-13 -8.489425835967141960e-12 -6.313918192766586242e-12 -4.947302341852558416e-12 -4.037425365586625508e-12 -3.839002972818081116e-12 -3.411850152247412498e-12 -2.652683944701737147e-12 -2.369231834713430711e-12 -1.959030671720189259e-12 -1.677577184518552689e-12 -1.374941408524467592e-12 -1.129404404487918627e-12 -9.088277097201257285e-13 -7.163379823438477093e-13 -5.511252931675383329e-13 -4.116829906536836171e-13 -2.985017398422877523e-13 -2.095627457645596444e-13 -1.415951277559549522e-13 -9.026049354476163509e-14 -1.246133147361516578e-11 -9.283823089317601444e-12 -7.311200089322574782e-12 -6.024744435433885160e-12 -5.765142404412055757e-12 -5.130580121609502796e-12 -3.983320541193146503e-12 -3.546011046200186270e-12 -2.909633206262189227e-12 -2.468383645073041374e-12 -1.996726081994633475e-12 -1.615568159866420610e-12 -1.277247471391818167e-12 -9.867023638371259257e-13 -7.423055476602328505e-13 -5.409647876445586838e-13 -3.822159390451656482e-13 -2.611123699951884282e-13 -1.687011234070087669e-13 -9.908912586613386694e-14 -6.434646264570325399e-14 -1.217630435676041943e-13 -1.947081566503100602e-13 -2.835724037776154597e-13 -3.108355716726277537e-13 -2.657437700200992185e-13 -2.155333261123521055e-13 -2.159876395380424151e-13 -1.764722863323631888e-13 -1.582575199618142262e-13 -1.324206941093300064e-13 -1.123613405315851659e-13 -9.477637016370315114e-14 -8.016082759090269061e-14 -6.812667946046913615e-14 -5.817569325793483184e-14 -5.008636612272728987e-14 -4.336497192624563142e-14 -3.768608864284828528e-14 -3.289787643750047320e-14 6.064115167724768248e-13 1.146764127272039577e-12 1.821458547983865363e-12 2.635547735570986862e-12 2.834350321419921233e-12 2.340052848006677628e-12 1.815437613576583062e-12 1.806308451490323311e-12 1.428012453199647187e-12 1.273935780569455640e-12 1.056045552555752605e-12 8.990537499887911927e-13 7.655970836898312357e-13 6.570252447993413718e-13 5.681728022535522938e-13 4.942220595961053836e-13 4.326996408963214595e-13 3.789197572428320884e-13 3.308966267212262913e-13 2.877418323368655857e-13 -4.897482766920760184e-13 -9.192258380399309693e-13 -1.454010208785926438e-12 -2.088069637839308235e-12 -2.207739394318135246e-12 -1.766437110076545026e-12 -1.324770148929084950e-12 -1.328598337974448527e-12 -1.034006586858899485e-12 -9.323822136141803533e-13 -7.785319863613888675e-13 -6.731766893415943156e-13 -5.834017027090297236e-13 -5.095489548355186161e-13 -4.473459494878845178e-13 -3.937152965033297105e-13 -3.466886093673755546e-13 -3.035030626933402103e-13 -2.627583247176077642e-13 -2.236318023599650752e-13 -7.304749761500421310e-13 -1.355308534151119478e-12 -2.147795948591846864e-12 -3.068123574217740081e-12 -3.224101803962864183e-12 -2.548796757875709746e-12 -1.895063482895725099e-12 -1.920978865734825807e-12 -1.498188973802049526e-12 -1.366746793258896826e-12 -1.153468141793600590e-12 -1.009119853662700378e-12 -8.838124346458684696e-13 -7.782530884425725160e-13 -6.864386312779128713e-13 -6.044889964215646789e-13 -5.303335959634071603e-13 -4.604425020696374311e-13 -3.926661229593734155e-13 -3.295316399973588361e-13
-1.138905223475095884e-12 -8.788566306862320115e-13 -7.031176326431924598e-13 -5.672689145623734578e-13 -5.134565360351782818e-13 -4.434806176075444733e-13 -3.452091134710440958e-13 -3.005681556426698948e-13 -2.486442473008471264e-13 -2.133247333804628624e-13 -1.783540020110314221e-13 -1.504687244691163362e-13 -1.257416372381049079e-13 -1.040829160145654918e-13 -8.509181844755048529e-14 -6.832846424158139120e-14 -5.379044091979097068e-14 -4.135960008074866941e-14 -3.085673894569352859e-14 -2.239016819007009764e-14 9.403595233715000155e-12 7.074929888484841683e-12 5.564356764923234167e-12 4.484823155168751219e-12 4.164882391785129682e-12 3.657046228256817164e-12 2.844027874068462490e-12 2.522619110702277935e-12 2.096078708929894691e-12 1.806631996131522340e-12 1.502419663266599105e-12 1.256321942629204554e-12 1.034373424388008245e-12 8.384712523436382233e-13 6.670862352180502070e-13 5.179983177249843340e-13 3.922638828118190366e-13 2.884539837865512910e-13 2.045074293119220705e-13 1.401351964429690295e-13 -7.008594852187392797e-12 -5.212566239383639011e-12 -4.084332486169227193e-12 -3.333167532476964123e-12 -3.169356448515758190e-12 -2.816712922539743213e-12 -2.189969903308659190e-12 -1.955961031458326394e-12 -1.617312257899360167e-12 -1.384953391140898077e-12 -1.135107099207517897e-12 -9.323997041158416851e-13 -7.502987298448436138e-13 -5.913854653590733229e-13 -4.549912257938514168e-13 -3.398722027609343100e-13 -2.464334171802988684e-13 -1.730082546345535888e-13 -1.168963851182997271e-13 -7.451617467227164493e-14 -1.028767142953993065e-11 -7.664423473015958184e-12 -6.035889861528477545e-12 -4.973833755268023087e-12 -4.759514746963963715e-12 -4.235640686449654204e-12 -3.288500347849124998e-12 -2.927471803181255932e-12 -2.402098901578898164e-12 -2.037817572916154432e-12 -1.648432365916656621e-12 -1.333760740486670084e-12 -1.054454149649915382e-12 -8.145895592420674849e-13 -6.128234733335675063e-13 -4.466031006564696563e-13 -3.155451779382107096e-13 -2.155659863281905597e-13 -1.392742503464606424e-13 -8.180484991050694889e-14 -5.312242345408459799e-14 -1.005235914482249864e-13 -1.607447639700801646e-13 -2.341081645239121393e-13 -2.566157841214735458e-13 -2.193894543938776664e-13 -1.779373246053900333e-13 -1.783123963015163173e-13 -1.456897994473091499e-13 -1.306522811115544899e-13 -1.093222340626710577e-13 -9.276188258757096873e-14 -7.824429901349614039e-14 -6.617818133371419639e-14 -5.624317763053465145e-14 -4.802796611483449938e-14 -4.134967970907609664e-14 -3.580071357553029878e-14 -3.111241115027445656e-14 -2.715941883591035424e-14 5.007767514893857012e-13 9.467125930197820752e-13 1.503893537465952096e-12 2.175985762600263618e-12 2.340052848006677628e-12 1.932176665513048239e-12 1.498903873610359007e-12 1.491432275435084015e-12 1.179088655058363538e-12 1.051867704882189940e-12 8.719560087133972484e-13 7.423304414479225109e-13 6.321428392050989335e-13 5.424899003453783864e-13 4.691270310828651321e-13 4.080683891739043012e-13 3.572745976923578219e-13 3.128619519348634079e-13 2.732026436628947599e-13 2.375719082466552736e-13 -4.043206300140299485e-13 -7.588830508298574761e-13 -1.200383651066564649e-12 -1.723842597089071796e-12 -1.822638119715812449e-12 -1.458313266055291883e-12 -1.093687289572658552e-12 -1.096847735481638131e-12 -8.536423237346281470e-13 -7.697445390833929290e-13 -6.427307759764086316e-13 -5.557528664889695188e-13 -4.816375401560347879e-13 -4.206671013984976169e-13 -3.693143100526852684e-13 -3.250385860079484726e-13 -2.862148826703841616e-13 -2.505622937901147821e-13 -2.169247489129113420e-13 -1.846231530069198944e-13 -6.030568827320528737e-13 -1.118898876480203522e-12 -1.773150566977883574e-12 -2.532943405266710914e-12 -2.661713974237306201e-12 -2.104204037825740503e-12 -1.564502988610236685e-12 -1.585897899989037774e-12 -1.236856260885439679e-12 -1.128341858884205611e-12 -9.522659150052917800e-13 -8.330966566599850658e-13 -7.296469050046385491e-13 -6.425005241212847215e-13 -5.667014767401780247e-13 -4.990465206891936684e-13 -4.378262310950302152e-13 -3.801264068321726457e-13 -3.241724132909041688e-13 -2.720506167410679777e-13
-8.835112878680796961e-13 -6.817773050005138054e-13 -5.454469481687233197e-13 -4.400616725739506547e-13 -3.983164284703876099e-13 -3.440323006158199254e-13 -2.677976896009970615e-13 -2.331672448894046697e-13 -1.928869940043403985e-13 -1.654876782610629887e-13 -1.383589367796310739e-13 -1.167267867245882890e-13 -9.754463116975074931e-14 -8.074274944756887633e-14 -6.601032187003464184e-14 -5.300605031210102599e-14 -4.172814854264071948e-14 -3.208489791540680606e-14 -2.393727133127217144e-14 -1.736929079431705011e-14 7.295869391696724002e-12 5.489679094010128281e-12 4.317449240922210085e-12 3.479976933091266811e-12 3.231596156921736579e-12 2.837496609780533916e-12 2.206728583041178047e-12 1.957298148452808639e-12 1.626344456040386720e-12 1.401753303269291064e-12 1.165719293153843300e-12 9.747785028460909510e-13 8.025812360953291868e-13 6.505885943319489791e-13 5.176228500644998919e-13 4.019485039715101160e-13 3.043840487385029934e-13 2.238192012365734641e-13 1.586698636057723477e-13 1.087393781414960343e-13 -5.436951525684033780e-12 -4.043673633518770376e-12 -3.168440775372219381e-12 -2.585720976798464499e-12 -2.458643631169794165e-12 -2.185078702540594649e-12 -1.698879763979897597e-12 -1.517346211362675556e-12 -1.254637678470086550e-12 -1.074384072665543883e-12 -8.805646188298117983e-13 -7.233133847922211460e-13 -5.820476942539985727e-13 -4.587698315208465960e-13 -3.529613176790768132e-13 -2.636570001762750908e-13 -1.911715058264167253e-13 -1.342116653845411535e-13 -9.068266124505308205e-14 -5.780600736004973732e-14 -7.980711112655460745e-12 -5.945713822846182742e-12 -4.682370879050695856e-12 -3.858475758836713033e-12 -3.692216627474521974e-12 -3.285818810402285667e-12 -2.551070152905822928e-12 -2.271000485679084459e-12 -1.863439751540161673e-12 -1.580846668035759197e-12 -1.278779261987021104e-12 -1.034671197202249550e-12 -8.179977091155920791e-13 -6.319213222184392441e-13 -4.754002595688659346e-13 -3.464537382203518719e-13 -2.447850544989794929e-13 -1.672257841568946517e-13 -1.080421417836909624e-13 -6.345990770414219127e-14 -4.120944942698162413e-14 -7.798190419789389653e-14 -1.246983808892223923e-13 -1.816107168338581805e-13 -1.990708697976701897e-13 -1.701923603380545487e-13 -1.380357798003893254e-13 -1.383267033237899618e-13 -1.130195792002546010e-13 -1.013541322095016711e-13 -8.480725157756278562e-14 -7.196047251542959269e-14 -6.069840113991441509e-14 -5.133804695332512308e-14 -4.363092717226911864e-14 -3.725793529815747946e-14 -3.207722272769926560e-14 -2.777259220182729997e-14 -2.413562203750162815e-14 -2.106906513460079290e-14 3.880634214409883398e-13 7.348664948305818935e-13 1.166420810356937860e-12 1.688349099455205899e-12 1.815437613576583062e-12 1.498903873610359007e-12 1.163041851453688458e-12 1.157148781949727221e-12 9.148584617175486564e-13 8.161448893202985715e-13 6.765657878136513036e-13 5.759902784477940179e-13 4.904954646021479434e-13 4.209247777895346098e-13 3.639940608993819064e-13 3.166138865280869872e-13 2.771957641261749323e-13 2.427379003683727316e-13 2.119764990391501968e-13 1.843511117473355451e-13 -3.136512166158345167e-13 -5.887073041494198514e-13 -9.312038881326416395e-13 -1.337279484976257047e-12 -1.413920210988819194e-12 -1.131293351704741325e-12 -8.484333335905659620e-13 -8.508849342031942498e-13 -6.622172218489716707e-13 -5.971330728359720858e-13 -4.986015388715130093e-13 -4.311279304057402272e-13 -3.736326570878283545e-13 -3.263345693607610493e-13 -2.864974373438777636e-13 -2.521502906383449084e-13 -2.220325715378604981e-13 -1.943749105545098645e-13 -1.682804951736983450e-13 -1.432224288373848999e-13 -4.678211358243182452e-13 -8.679906893719348821e-13 -1.375531427311383466e-12 -1.964943071530269412e-12 -2.064837487000643906e-12 -1.632346253147374634e-12 -1.213670869519463877e-12 -1.230267990791370456e-12 -9.594972863790985281e-13 -8.753166917320576153e-13 -7.387249298433250703e-13 -6.462787187384356437e-13 -5.660271273520838498e-13 -4.984229410619414896e-13 -4.396215150222353105e-13 -3.871378025222089896e-13 -3.396458204822811252e-13 -2.948849174914834859e-13 -2.514784220430842239e-13 -2.110447876176596914e-13
-8.790460016784186188e-13 -6.783315941550395182e-13 -5.426902420196516760e-13 -4.378375732311757331e-13 -3.963033224804549975e-13 -3.422935343257770678e-13 -2.664442197049746509e-13 -2.319887995944363022e-13 -1.919121366015231831e-13 -1.646513102482506284e-13 -1.376596887999632419e-13 -1.161368722189551531e-13 -9.705166242880078562e-14 -8.033470735301923245e-14 -6.567673402407598300e-14 -5.273819370184199464e-14 -4.151727374417596257e-14 -3.192274584073820564e-14 -2.381628955731688092e-14 -1.728150246967612766e-14 7.259625852632161273e-12 5.462226169681899588e-12 4.296016190442221183e-12 3.462657274009770448e-12 3.215524486784115348e-12 2.823368887334086551e-12 2.195693948897365179e-12 1.947505654128221311e-12 1.618203869763120881e-12 1.394729900517240720e-12 1.159863992224124754e-12 9.698707747581054382e-13 7.985295861803730764e-13 6.472907974183656922e-13 5.149838761485543242e-13 3.998920212554827989e-13 3.028178710579299332e-13 2.226609198589947289e-13 1.578404462763035378e-13 1.081618667000018916e-13 -5.409473111365274354e-12 -4.023236846915351740e-12 -3.152427442002470356e-12 -2.572652688552876807e-12 -2.446217635223528172e-12 -2.174035306469678461e-12 -1.690293620651274162e-12 -1.509677554269350847e-12 -1.248296795086444989e-12 -1.068954228539238077e-12 -8.761143314115102115e-13 -7.196578414493622719e-13 -5.791060987240893679e-13 -4.564513357908481602e-13 -3.511775874683044471e-13 -2.623246880597777853e-13 -1.902054955751419402e-13 -1.335334949271942177e-13 -9.022446550069836297e-14 -5.751397043693621330e-14 -7.940376511880392592e-12 -5.915664094638840706e-12 -4.658706132876077985e-12 -3.838974960073997793e-12 -3.673556153639643717e-12 -3.269212262438332286e-12 -2.538177006229715984e-12 -2.259522822042159714e-12 -1.854021967570516718e-12 -1.572857142626486368e-12 -1.272316363257328174e-12 -1.029442032414425001e-12 -8.138636322547298051e-13 -6.287277876206362174e-13 -4.729978011088009227e-13 -3.447030846876630116e-13 -2.435481787344894507e-13 -1.663808632466103855e-13 -1.074963179323485286e-13 -6.313943095267243944e-14 -4.100139620304409108e-14 -7.758768323251157179e-14 -1.240682166917676157e-13 -1.806927834809475877e-13 -1.980647933688780542e-13 -1.693322375578556148e-13 -1.373381307499554156e-13 -1.376276006387092398e-13 -1.124483732007878441e-13 -1.008418914263094543e-13 -8.437863598422792717e-14 -7.159678714266161679e-14 -6.039162831238249942e-14 -5.107858343267080493e-14 -4.341041234786494920e-14 -3.706963031421161356e-14 -3.191510088563808010e-14 -2.763222313214763299e-14 -2.401363291259345985e-14 -2.096257604365045054e-14 3.863722074827624129e-13 7.309408521463458770e-13 1.160715896420411424e-12 1.679753805867190630e-12 1.806308451490323311e-12 1.491432275435084015e-12 1.157148781949727221e-12 1.151384901614928266e-12 9.103030540022590821e-13 8.120843481102822586e-13 6.731956268296850418e-13 5.731249693150467797e-13 4.880565059689137336e-13 4.188330333703004183e-13 3.621883792063609539e-13 3.150471687191432823e-13 2.758227728589279709e-13 2.415324406607353506e-13 2.109184038354882039e-13 1.834299041744958293e-13 -3.120670496343787129e-13 -5.857319340090802933e-13 -9.264973920810658258e-13 -1.330520771839793540e-12 -1.406774313088395964e-12 -1.125575887661310302e-12 -8.441452994585483977e-13 -8.465845639654671024e-13 -6.588703520752146040e-13 -5.941151535246409492e-13 -4.960815948102342605e-13 -4.289490288065586053e-13 -3.717443158990404401e-13 -3.246852622178263923e-13 -2.850494486038888310e-13 -2.508759087892819090e-13 -2.209104226513549289e-13 -1.933925404111459926e-13 -1.674299759195434111e-13 -1.424985310092875478e-13 -4.654580811736453536e-13 -8.636040845297218624e-13 -1.368578954064043777e-12 -1.955012263608847991e-12 -2.054401803001269392e-12 -1.624096463945096136e-12 -1.207536933754182037e-12 -1.224050208415165789e-12 -9.546479639781640923e-13 -8.708928272361575305e-13 -7.349913985395873666e-13 -6.430124447376938398e-13 -5.631664223834644156e-13 -4.959038908297868386e-13 -4.373996256523238195e-13 -3.851811878207620113e-13 -3.379292494119238358e-13 -2.933945618114914242e-13 -2.502074071034340229e-13 -2.099780820699675794e-13
-6.949018321428327670e-13 -5.362334443677642672e-13 -4.290064960418508571e-13 -3.461185614515695980e-13 -3.132849773482134881e-13 -2.705892637308782643e-13 -2.106290008997793029e-13 -1.833913648504154525e-13 -1.517100308467843477e-13 -1.301598477515563231e-13 -1.088224767152556069e-13 -9.180829773204261108e-14 -7.672109318748262559e-14 -6.350603300219982391e-14 -5.191864022199994211e-14 -4.169048634911338917e-14 -3.282015157212355869e-14 -2.523550834094383976e-14 -1.882721035247714556e-14 -1.366134292719324858e-14 5.739699580733573765e-12 4.318906851879006214e-12 3.396802575154850087e-12 2.737957693613020284e-12 2.542477223271958208e-12 2.232387838923397602e-12 1.736088219585232001e-12 1.539794049245586806e-12 1.279424414259604951e-12 1.102735540132133192e-12 9.170322076048865453e-13 7.668070125321122512e-13 6.313386033120877318e-13 5.117580672262713421e-13 4.071476621055541998e-13 3.161596170326267063e-13 2.394110465999994889e-13 1.760279267110552290e-13 1.247724322244359751e-13 8.550217293676448877e-14 -4.276286734097785423e-12 -3.180441797446747052e-12 -2.492051142289715746e-12 -2.033728680706136729e-12 -1.933779459377053872e-12 -1.718614385621087302e-12 -1.336207798721954821e-12 -1.193427513103329779e-12 -9.868012606465008157e-13 -8.450276916746311734e-13 -6.925842542264118821e-13 -5.689025595705492454e-13 -4.577938583502360269e-13 -3.608330214829191320e-13 -2.776122085973545800e-13 -2.073723509477999919e-13 -1.503608345973175422e-13 -1.055606021637553810e-13 -7.132403578852171253e-14 -4.546579545522343200e-14 -6.277011833886261140e-12 -4.676439907831828593e-12 -3.682791799835360090e-12 -3.034779431176157161e-12 -2.904012842293173472e-12 -2.584371658063828733e-12 -2.006475021839033196e-12 -1.786193825816565470e-12 -1.465638012836592905e-12 -1.243372101505152648e-12 -1.005789166795875694e-12 -8.137925941663794071e-13 -6.433739472545148175e-13 -4.970206591356849091e-13 -3.739132703773086102e-13 -2.724939272528747417e-13 -1.925291581174087067e-13 -1.315270051297271017e-13 -8.497770924110517226e-14 -4.991277417655602374e-14 -3.241226696785145663e-14 -6.133450947681855995e-14 -9.807815520416836732e-14 -1.428409530208305213e-13 -1.565738050446677012e-13 -1.338601973796014890e-13 -1.085682919343661066e-13 -1.087971169594966082e-13 -8.889248254694877746e-14 -7.971734499352003625e-14 -6.670284366795369159e-14 -5.659855912368003039e-14 -4.774067982930905820e-14 -4.037854799139519688e-14 -3.431672066450600456e-14 -2.930421706707276286e-14 -2.522946803219455078e-14 -2.184377645360213924e-14 -1.898321566626684676e-14 -1.657129920236097415e-14 3.053706360106873633e-13 5.779293018925196117e-13 9.175545319628251683e-13 1.328002926997457677e-12 1.428012453199647187e-12 1.179088655058363538e-12 9.148584617175486564e-13 9.103030540022590821e-13 7.197578629932430259e-13 6.421045097960239644e-13 5.322885250759388593e-13 4.531648265325611701e-13 3.859064651561957896e-13 3.311677672852727232e-13 2.863776922330169644e-13 2.491069568634468112e-13 2.180872060924750901e-13 1.909683100877468104e-13 1.667629735443339185e-13 1.450378588064807513e-13 -2.466942889680049992e-13 -4.630317447225633546e-13 -7.324130812592193155e-13 -1.051800865662023417e-12 -1.112080616238637046e-12 -8.897881414151921744e-13 -6.673122051790183753e-13 -6.692404679708282271e-13 -5.208489849254202032e-13 -4.696588191307762824e-13 -3.921615121803984764e-13 -3.390919884497673842e-13 -2.938706319223689947e-13 -2.566695994435644545e-13 -2.253367759682428096e-13 -1.983219662007841280e-13 -1.746336986764303914e-13 -1.528803142764226746e-13 -1.323564468658558244e-13 -1.126476951545476805e-13 -3.679525781869921343e-13 -6.826946273573924848e-13 -1.081886710620545349e-12 -1.545472685166946184e-12 -1.624041924209291181e-12 -1.283877709740175369e-12 -9.545798867110527552e-13 -9.676339171115567793e-13 -7.546665571055948377e-13 -6.884565974171491693e-13 -5.810240511257660530e-13 -5.083130054943187113e-13 -4.451932834330650633e-13 -3.920210372156356849e-13 -3.457723613359278187e-13 -3.044927299917938764e-13 -2.671392076632938718e-13 -2.319337308223723977e-13 -1.977935141071329850e-13 -1.659915178621331392e-13
-6.199202623114441168e-13 -4.783725758270625560e-13 -3.827156671385021522e-13 -3.087715341045417101e-13 -2.794807767883299306e-13 -2.413920276671706305e-13 -1.879016224856765272e-13 -1.636029931016212281e-13 -1.353401548307022814e-13 -1.161152928251730218e-13 -9.708027923979149615e-14 -8.190197241814401054e-14 -6.844271284317120239e-14 -5.665359288423112836e-14 -4.631650606886064310e-14 -3.719199725153496770e-14 -2.927878638150426001e-14 -2.251253880332559204e-14 -1.679570846570773170e-14 -1.218725000871474303e-14 5.120629304485895541e-12 3.853140035441098482e-12 3.030521288549395971e-12 2.442747733215707857e-12 2.268351981349920283e-12 1.991700854465098905e-12 1.548919917953349321e-12 1.373758600781836933e-12 1.141431252544679416e-12 9.837917700590710793e-13 8.181196457672717221e-13 6.840925340009332307e-13 5.632348885138224354e-13 4.565528719752259268e-13 3.632217414671209932e-13 2.820474774339043338e-13 2.135738946513903798e-13 1.570310794512831933e-13 1.113102868468767213e-13 7.628375002945181061e-14 -3.814865190746882146e-12 -2.837264532351430123e-12 -2.223152877888389811e-12 -1.814284493273131577e-12 -1.725120047354102315e-12 -1.533171798380797029e-12 -1.192027793941130682e-12 -1.064653847028293179e-12 -8.803230761566606123e-13 -7.538472270630684974e-13 -6.178527968875355796e-13 -5.075166501724721328e-13 -4.083968389461921652e-13 -3.218983275160311030e-13 -2.476572420061978024e-13 -1.849964603253843232e-13 -1.341366072256359114e-13 -9.417041317245039521e-14 -6.362804590698451542e-14 -4.055997135260678141e-14 -5.599707279032271447e-12 -4.171840873213915739e-12 -3.285409779612717053e-12 -2.707319481370491824e-12 -2.590662938220115117e-12 -2.305511795510484260e-12 -1.789971575270521580e-12 -1.593459248919921566e-12 -1.307492197059913915e-12 -1.109209319317780414e-12 -8.972621405891437393e-13 -7.259824597431496042e-13 -5.739523982159537428e-13 -4.433910208944877750e-13 -3.335672195790273007e-13 -2.430913064670488040e-13 -1.717549051637536343e-13 -1.173350184613693860e-13 -7.580849595543142909e-14 -4.452716167570469697e-14 -2.891498937492135868e-14 -5.471633178616612207e-14 -8.749531203537304467e-14 -1.274280464910465054e-13 -1.396791292141985717e-13 -1.194163745256861728e-13 -9.685350859109141723e-14 -9.705764918208232995e-14 -7.930077012057043534e-14 -7.111565480636662868e-14 -5.950544811928825434e-14 -5.049144092058143518e-14 -4.258934563026111701e-14 -3.602160613394310577e-14 -3.061386323752742618e-14 -2.614222099309094521e-14 -2.250714701266504769e-14 -1.948677854304730357e-14 -1.693487858146792089e-14 -1.478321427440581171e-14 2.724368871780507628e-13 5.155529651854961354e-13 8.185622884177647712e-13 1.184701654622559442e-12 1.273935780569455640e-12 1.051867704882189940e-12 8.161448893202985715e-13 8.120843481102822586e-13 6.421045097960239644e-13 5.728664859345084401e-13 4.749010568878571556e-13 4.043087991136771700e-13 3.443018626102831300e-13 2.954626099827648229e-13 2.554987682411016829e-13 2.222472859097997847e-13 1.945692626696477323e-13 1.703787425732570549e-13 1.487827892409434848e-13 1.293995923189367484e-13 -2.200757770489615333e-13 -4.130695005568245155e-13 -6.533838933093837632e-13 -9.383090090857634560e-13 -9.920844907738864687e-13 -7.937779175460274976e-13 -5.953076096785347418e-13 -5.970278289116075549e-13 -4.646481302756274602e-13 -4.189815110044301517e-13 -3.498463468045005033e-13 -3.025031627367822492e-13 -2.621612903960611083e-13 -2.289743339161166688e-13 -2.010223896927276430e-13 -1.769225484434143862e-13 -1.557903082152861547e-13 -1.363841646186798064e-13 -1.180748598811281322e-13 -1.004927210451091542e-13 -3.282501170408832026e-13 -6.090303351005448056e-13 -9.651483548422979775e-13 -1.378712508239839228e-12 -1.448803935642938829e-12 -1.145344281714333770e-12 -8.515784277776002923e-13 -8.632239105823327749e-13 -6.732362300275697437e-13 -6.141704861114947207e-13 -5.183301667567326898e-13 -4.534648290204245061e-13 -3.971558667151251758e-13 -3.497210260838339299e-13 -3.084626842747866598e-13 -2.716372317742851959e-13 -2.383142507049686666e-13 -2.069075262800938138e-13 -1.764511066986916407e-13 -1.480806055631759761e-13
-5.138841794932944782e-13 -3.965479323259550090e-13 -3.172529417228711437e-13 -2.559568013283096118e-13 -2.316761666086782834e-13 -2.001024206948994875e-13 -1.557614386058557177e-13 -1.356190395464846763e-13 -1.121905005581442814e-13 -9.625401044785510834e-14 -8.047489574203932748e-14 -6.789280664806320714e-14 -5.673572578905982394e-14 -4.696310964956700655e-14 -3.839416055652880038e-14 -3.083037951105984641e-14 -2.427070854579056935e-14 -1.866181494699338851e-14 -1.392283735902187493e-14 -1.010264633277726455e-14 4.245087369609579935e-12 3.194404788176714255e-12 2.512437864814359390e-12 2.025177084175935525e-12 1.880614523671077990e-12 1.651242141087204195e-12 1.284173009397360928e-12 1.138936722505015992e-12 9.462945893432613500e-13 8.155596952017327069e-13 6.782184903452234739e-13 5.671280498282158448e-13 4.669406331772512479e-13 3.785058740990346763e-13 3.011370596633005002e-13 2.338450492321949695e-13 1.770707596995889045e-13 1.301866367080871510e-13 9.227619354276492558e-14 6.323979922956796019e-14 -3.162340359196972737e-12 -2.351956280660745371e-12 -1.842887158051299895e-12 -1.503954870694558693e-12 -1.430041815844675595e-12 -1.270925919441100500e-12 -9.881338943335040055e-13 -8.825469974225987090e-13 -7.297456214553709244e-13 -6.249032026467591717e-13 -5.121703403745881568e-13 -4.207069647227827331e-13 -3.385413939370653872e-13 -2.668382700783952276e-13 -2.052959685787456322e-13 -1.533531780514006809e-13 -1.111928016369374001e-13 -7.806274591133480647e-14 -5.274458953268872503e-14 -3.362226162032920061e-14 -4.641888885104551073e-12 -3.458256088691838835e-12 -2.723447204561390625e-12 -2.244238063320014908e-12 -2.147535377173449888e-12 -1.911158751134347542e-12 -1.483800625820074004e-12 -1.320901327351898759e-12 -1.083848344986657356e-12 -9.194813423366738781e-13 -7.437872941246846024e-13 -6.018046490212177181e-13 -4.757790147454813876e-13 -3.675498822992227340e-13 -2.765112144452563151e-13 -2.015110103467816879e-13 -1.423765585516132689e-13 -9.726508405775498081e-14 -6.284158924237595888e-14 -3.691086027145106424e-14 -2.396912057893116444e-14 -4.535722476100561128e-14 -7.252941361345285471e-14 -1.056317479188055142e-13 -1.157872992751712609e-13 -9.899044691297310911e-14 -8.028691677913746030e-14 -8.045613806640568605e-14 -6.573653709917295940e-14 -5.895146819674546101e-14 -4.932716370350618928e-14 -4.185498364861622132e-14 -3.530452601642389248e-14 -2.986018465590256805e-14 -2.537742532160333250e-14 -2.167064821163621027e-14 -1.865734616766895630e-14 -1.615360575679671057e-14 -1.403820314504218852e-14 -1.225457644157326739e-14 2.258400416895719297e-13 4.273755311253537547e-13 6.785493127610588663e-13 9.820685416628519030e-13 1.056045552555752605e-12 8.719560087133972484e-13 6.765657878136513036e-13 6.731956268296850418e-13 5.322885250759388593e-13 4.749010568878571556e-13 3.937337807345960400e-13 3.352174224019764881e-13 2.854563741137617058e-13 2.449579923134915631e-13 2.118197885685777330e-13 1.842489970565582927e-13 1.612960685330762079e-13 1.412425935857238133e-13 1.233439985695069675e-13 1.072812305039083459e-13 -1.824321777305451938e-13 -3.424148167386291138e-13 -5.416239404625423348e-13 -7.778131939115385393e-13 -8.223904762455103084e-13 -6.580038307676834386e-13 -4.934814732441264641e-13 -4.949074477193622796e-13 -3.851710263089714147e-13 -3.473155869057653485e-13 -2.900058504853395110e-13 -2.507606178567877034e-13 -2.173191415558479272e-13 -1.898087465851300030e-13 -1.666379265070543112e-13 -1.466603120365188552e-13 -1.291426964007293616e-13 -1.130559339855752302e-13 -9.787840080661823310e-14 -8.330365256981843517e-14 -2.721034941878785577e-13 -5.048569306707833127e-13 -8.000617632749887000e-13 -1.142886570879126171e-12 -1.200989004784455621e-12 -9.494354924726760842e-13 -7.059176947239141598e-13 -7.155712385544267328e-13 -5.580805609595861380e-13 -5.091178901263048545e-13 -4.296708602236122515e-13 -3.759006019451005053e-13 -3.292231737055681622e-13 -2.899019663943680693e-13 -2.557007809154894604e-13 -2.251742443064216536e-13 -1.975510888513562406e-13 -1.715164205296844272e-13 -1.462695119704567716e-13 -1.227517303768386636e-13
-4.374887489270916865e-13 -3.375960322592596821e-13 -2.700892482704620063e-13 -2.179055558388447743e-13 -1.972345508107496975e-13 -1.703546399865253963e-13 -1.326055114706135993e-13 -1.154575371768618604e-13 -9.551195254191119559e-14 -8.194462894519917900e-14 -6.851128427009741533e-14 -5.779968439282976920e-14 -4.830124532372345794e-14 -3.998145627417487450e-14 -3.268638937790874308e-14 -2.624706320794826309e-14 -2.066256524327285381e-14 -1.588750030275290472e-14 -1.185302944348272322e-14 -8.600758060057302963e-15 3.614276648113759520e-12 2.719768704289215707e-12 2.139162108728030510e-12 1.724362034059814701e-12 1.601250297861836505e-12 1.405968008104506597e-12 1.093447942419767332e-12 9.697779880728122577e-13 8.057371108730623639e-13 6.943866234714562613e-13 5.774032727788665904e-13 4.828294155787642584e-13 3.975506721824923177e-13 3.222579000191390343e-13 2.563847052159470442e-13 1.990943276795279115e-13 1.507566337164671020e-13 1.108398881459068474e-13 7.856073928839100734e-14 5.383917767743681161e-14 -2.692218195039555976e-12 -2.002308024512578016e-12 -1.568918515058640981e-12 -1.280372819117887101e-12 -1.217447895104612482e-12 -1.081986602789671638e-12 -8.412352126080132293e-13 -7.513451570297351151e-13 -6.212596653635038223e-13 -5.320034190462209398e-13 -4.360297293052074600e-13 -3.581635473389694005e-13 -2.882129314275024547e-13 -2.271694074046616048e-13 -1.747761554166062594e-13 -1.305553465482173269e-13 -9.466263339389211809e-14 -6.645777035347867531e-14 -4.490347319178529099e-14 -2.862392277763718428e-14 -3.951812992818369066e-12 -2.944142275257466544e-12 -2.318572099799384352e-12 -1.910603490443079894e-12 -1.828276906517253647e-12 -1.627040671563437238e-12 -1.263214764705873144e-12 -1.124532523940416269e-12 -9.227205071534407879e-13 -7.827887625182582876e-13 -6.332138634092208270e-13 -5.123387495460842363e-13 -4.050484365387728430e-13 -3.129089796055871002e-13 -2.354043746802866535e-13 -1.715539419682795579e-13 -1.212105604578543601e-13 -8.280547089536498854e-14 -5.349946101586082003e-14 -3.142367445799777445e-14 -2.040587897500625050e-14 -3.861426247392964748e-14 -6.174701365760137062e-14 -8.992821983578396777e-14 -9.857405279854113028e-14 -8.427426688004394153e-14 -6.835123931677245257e-14 -6.849530928010637360e-14 -5.596396249999586505e-14 -5.018758313535715120e-14 -4.199405308362373859e-14 -3.563270856543301147e-14 -3.005605784108452274e-14 -2.542108781120688646e-14 -2.160474667624779067e-14 -1.844902940933923990e-14 -1.588369300666212460e-14 -1.375216452958332976e-14 -1.195124300533506391e-14 -1.043277566556134621e-14 1.922723837844215030e-13 3.638301024453061699e-13 5.776772251231166574e-13 8.360729870100273581e-13 8.990537499887911927e-13 7.423304414479225109e-13 5.759902784477940179e-13 5.731249693150467797e-13 4.531648265325611701e-13 4.043087991136771700e-13 3.352174224019764881e-13 2.854448365137963472e-13 2.430804223872309394e-13 2.085818895764069186e-13 1.803572161483602725e-13 1.568809847803517426e-13 1.373346383204611915e-13 1.202588502841730952e-13 1.050176832303892358e-13 9.134091546735068285e-14 -1.553116552704242272e-13 -2.915104815796154818e-13 -4.611045841097262927e-13 -6.621813286032124496e-13 -7.001316831345207244e-13 -5.601832173618700481e-13 -4.201191539811070408e-13 -4.213331573281392409e-13 -3.279104429179897583e-13 -2.956827014611992563e-13 -2.468927857375495482e-13 -2.134818667404126984e-13 -1.850118846117397714e-13 -1.615912564944714926e-13 -1.418650675669579840e-13 -1.248573852366271666e-13 -1.099439921380198080e-13 -9.624873067623002884e-14 -8.332752086587503669e-14 -7.091948709717843695e-14 -2.316522850992709266e-13 -4.298035957619373087e-13 -6.811222197676768121e-13 -9.729819406069540629e-13 -1.022446704962608959e-12 -8.082898520350907883e-13 -6.009740302784342821e-13 -6.091924637188544293e-13 -4.751147747771701566e-13 -4.334310312103509588e-13 -3.657948129548484644e-13 -3.200181993450085172e-13 -2.802799573921781673e-13 -2.468043423989320911e-13 -2.176875912491263029e-13 -1.916992201808956709e-13 -1.681826047592268538e-13 -1.460183191699653188e-13 -1.245246729857894410e-13 -1.045030948625268139e-13
-3.725467016614681185e-13 -2.874823348894590724e-13 -2.299964506669664210e-13 -1.855590559554127105e-13 -1.679565075696254053e-13 -1.450667310141314356e-13 -1.129211861678209447e-13 -9.831870426578301384e-14 -8.133389340210948205e-14 -6.978053592945124630e-14 -5.834126993575586749e-14 -4.921972808246090754e-14 -4.113126426384683301e-14 -3.404648395926240822e-14 -2.783431863131446955e-14 -2.235086096119430100e-14 -1.759534832496276828e-14 -1.352911321348481402e-14 -1.009353369058963948e-14 -7.324039040354555864e-15 3.077956013007495565e-12 2.316236540708994533e-12 1.821828600863453899e-12 1.468611953233292559e-12 1.363735649560915846e-12 1.197444147460797421e-12 9.313026593794621510e-13 8.259707978613397944e-13 6.862626585082794740e-13 5.914176160810142664e-13 4.917478536618608895e-13 4.111515270561933304e-13 3.385389225181259318e-13 2.744384472460168610e-13 2.183402367318678273e-13 1.695521579225368855e-13 1.283919815922359859e-13 9.440056559618355990e-14 6.691191838715370695e-14 4.585791090092999162e-14 -2.292577809165367027e-12 -1.705079836557926452e-12 -1.336023869240993498e-12 -1.090310713187823533e-12 -1.036726523491405709e-12 -9.213734837783459332e-13 -7.163599030490808682e-13 -6.398133727579389722e-13 -5.290381176483170576e-13 -4.530313032833965391e-13 -3.713042196838493542e-13 -3.049967133949675523e-13 -2.454297665310137535e-13 -1.934476924297632020e-13 -1.488318377558963383e-13 -1.111752594539486331e-13 -8.061057741660235412e-14 -5.659253761788030157e-14 -3.823782921444174848e-14 -2.437486078273292350e-14 -3.365194836923375634e-12 -2.507105585088993166e-12 -1.974396779881820354e-12 -1.626988181330613231e-12 -1.556882365258700937e-12 -1.385518204308374773e-12 -1.075699641795436177e-12 -9.576037768957334136e-13 -7.857492736449407759e-13 -6.665893756946930091e-13 -5.392178025890339591e-13 -4.362857244465253519e-13 -3.449218778678303677e-13 -2.664598143226166990e-13 -2.004602024596262219e-13 -1.460878623517240023e-13 -1.032176161445398671e-13 -7.051349776562761585e-14 -4.555776104575149293e-14 -2.675895447954497228e-14 -1.737668376477753560e-14 -3.288229409626494059e-14 -5.258108894595411822e-14 -7.657905261753598717e-14 -8.394143294973403002e-14 -7.176434663530119271e-14 -5.820499648211201769e-14 -5.832767349478735386e-14 -4.765651718511844636e-14 -4.273759647639828194e-14 -3.576033809733470677e-14 -3.034328832103133266e-14 -2.559445368254089349e-14 -2.164751074208344916e-14 -1.839767923418660369e-14 -1.571040517747875923e-14 -1.352587457006914030e-14 -1.171075730463343990e-14 -1.017717014724300099e-14 -8.884107678720331471e-15 1.637081233277430366e-13 3.098380496484415811e-13 4.919187949045781321e-13 7.119773790523606086e-13 7.655970836898312357e-13 6.321428392050989335e-13 4.904954646021479434e-13 4.880565059689137336e-13 3.859064651561957896e-13 3.443018626102831300e-13 2.854563741137617058e-13 2.430804223872309394e-13 2.070541795161764011e-13 1.776742867248153836e-13 1.536176790812639075e-13 1.336167682890208051e-13 1.169656827374946631e-13 1.024178800168163282e-13 8.943555256413117098e-14 7.778457836124531494e-14 -1.322563399065549061e-13 -2.482378667502552677e-13 -3.926570059757280867e-13 -5.638853189633421758e-13 -5.962021523926734919e-13 -4.770280135656372363e-13 -3.577555110560030294e-13 -3.587892822266925672e-13 -2.792345079149659783e-13 -2.517907365003011894e-13 -2.102433338191397549e-13 -1.817920126671849213e-13 -1.575482028763934951e-13 -1.376042026815110750e-13 -1.208062320220454832e-13 -1.063232110151114615e-13 -9.362359642797077887e-14 -8.196129919662766833e-14 -7.095816230846927464e-14 -6.039202081323963341e-14 -1.972646357994390018e-13 -3.660022562715164858e-13 -5.800147483446209398e-13 -8.285497697784993356e-13 -8.706718498958201990e-13 -6.883050058880472588e-13 -5.117637792531499476e-13 -5.187622310515788171e-13 -4.045874160408870837e-13 -3.690913204016354766e-13 -3.114952125008659532e-13 -2.725137937382471447e-13 -2.386744169159330881e-13 -2.101680228448526541e-13 -1.853734525821846050e-13 -1.632428591609175178e-13 -1.432171082074390255e-13 -1.243429537938091664e-13 -1.060398992029126522e-13 -8.899039741819410400e-14
-3.197216689659333470e-13 -2.467189522234238056e-13 -1.973842440412709371e-13 -1.592478227516735769e-13 -1.441412169020400167e-13 -1.244970823794975125e-13 -9.690959545087640792e-14 -8.437766356576972893e-14 -6.980120353300229661e-14 -5.988604724935257971e-14 -5.006880492742914066e-14 -4.224064651467838419e-14 -3.529908150768040322e-14 -2.921888323765300609e-14 -2.388756813881172511e-14 -1.918163395258421774e-14 -1.510042646672860385e-14 -1.161076079947016395e-14 -8.662327245091371579e-15 -6.285531412189893593e-15 2.641622782413141954e-12 1.987777591130435183e-12 1.563562224360779143e-12 1.260405622403869189e-12 1.170437491204427573e-12 1.027731795434896761e-12 7.993331914976925220e-13 7.089451653174258942e-13 5.890526089981421786e-13 5.076554506674728354e-13 4.221037608442057388e-13 3.528875994383484553e-13 2.905037619162141274e-13 2.355029302150737965e-13 1.873900005141939745e-13 1.455178304750983028e-13 1.101993150021292463e-13 8.103329796853045382e-14 5.743971285347698862e-14 3.936501868871341783e-14 -1.967503134318482864e-12 -1.463309079210887534e-12 -1.146583177988880993e-12 -9.357107695333108564e-13 -8.897245170689078284e-13 -7.907278914037481358e-13 -6.147840865691813595e-13 -5.490914248370845474e-13 -4.540234792658443368e-13 -3.887940045983659796e-13 -3.186553631366068893e-13 -2.617498893796608651e-13 -2.106292015673487311e-13 -1.660178936137177322e-13 -1.277283168304504622e-13 -9.541122955659080206e-14 -6.918044831891891637e-14 -4.856803213185773674e-14 -3.281591859941127826e-14 -2.091864133864462259e-14 -2.888029083554981427e-12 -2.151612075031486929e-12 -1.694438390319479122e-12 -1.396290382731871165e-12 -1.336125177788433039e-12 -1.189059493825730541e-12 -9.231714659906359756e-13 -8.218209323030940769e-13 -6.743344332331280054e-13 -5.720707402412938434e-13 -4.627597420045954848e-13 -3.744228551522370343e-13 -2.960138894439417290e-13 -2.286773055782418495e-13 -1.720360683704443788e-13 -1.253734202901516643e-13 -8.858193498973739767e-14 -6.051507740579126149e-14 -3.909792432042554323e-14 -2.296468286964566748e-14 -1.491276575719250430e-14 -2.821976999690293428e-14 -4.512538495841511880e-14 -6.572057301977801845e-14 -7.203900833036735221e-14 -6.158856454670201298e-14 -4.995185455230012287e-14 -5.005713652265846890e-14 -4.089909037106070796e-14 -3.667764496822157386e-14 -3.068972271644261514e-14 -2.604078019644057781e-14 -2.196530372208430294e-14 -1.857801513782583523e-14 -1.578899153497137138e-14 -1.348275786206185225e-14 -1.160798144415162139e-14 -1.005023764883068432e-14 -8.734104559312408753e-15 -7.624391083745538231e-15 1.405043146500481697e-13 2.658848917789174795e-13 4.221605349318456756e-13 6.110011781059069864e-13 6.570252447993413718e-13 5.424899003453783864e-13 4.209247777895346098e-13 4.188330333703004183e-13 3.311677672852727232e-13 2.954626099827648229e-13 2.449579923134915631e-13 2.085818895764069186e-13 1.776742867248153836e-13 1.525228864264952258e-13 1.318828113494824906e-13 1.146924486874452527e-13 1.003947825258269360e-13 8.790291777079916634e-14 7.675366694070782953e-14 6.675353656772977688e-14 -1.135031246830570141e-13 -2.130391298352718698e-13 -3.369804462527535856e-13 -4.839295441069034715e-13 -5.116640305803114332e-13 -4.093881159523816258e-13 -3.070277864798640004e-13 -3.079149742738825333e-13 -2.396406209770040455e-13 -2.160882223113068998e-13 -1.804320083343542509e-13 -1.560149247112241237e-13 -1.352087513375407984e-13 -1.180926985952243166e-13 -1.036765861069062428e-13 -9.124717612237763908e-14 -8.034829551717620345e-14 -7.033964664871471093e-14 -6.089669309554466837e-14 -5.182877137530333873e-14 -1.692936065848145960e-13 -3.141051873571316710e-13 -4.977719142494718513e-13 -7.110660592670261371e-13 -7.472154647426359075e-13 -5.907072157485839566e-13 -4.391985459391814075e-13 -4.452046562493379862e-13 -3.472191897711548751e-13 -3.167562413407930550e-13 -2.673269385224912455e-13 -2.338728660456620647e-13 -2.048317232424896785e-13 -1.803673761023797170e-13 -1.590885370093408313e-13 -1.400959374437168381e-13 -1.229097255110883353e-13 -1.067118203852246929e-13 -9.100403655973315928e-14 -7.637205883377787753e-14
-2.764940433028392350e-13 -2.133615786888988926e-13 -1.706971201485922465e-13 -1.377168963238999983e-13 -1.246527596722453705e-13 -1.076645929994328330e-13 -8.380704133392790814e-14 -7.296947544957346156e-14 -6.036380718664580004e-14 -5.178921553786262739e-14 -4.329930000857627699e-14 -3.652953824819445780e-14 -3.052650045119131965e-14 -2.526836626526092591e-14 -2.065786694260253369e-14 -1.658819153880270713e-14 -1.305878396811427656e-14 -1.004093876232773649e-14 -7.491147188487335517e-15 -5.435703837182056764e-15 2.284419709728066381e-12 1.719022028498136751e-12 1.352162154171485557e-12 1.090016237309988862e-12 1.012225720854911694e-12 8.888280694565325601e-13 6.913175440590826421e-13 6.131630928056345450e-13 5.094932011206970625e-13 4.391114036681259482e-13 3.651309145626749752e-13 3.052618353873475499e-13 2.512678542478025349e-13 2.036506737455328216e-13 1.620526694514632472e-13 1.258499057526178328e-13 9.530480830097268809e-14 7.008200521398283872e-14 4.967868610797627611e-14 3.404214102014262805e-14 -1.701488964171198127e-12 -1.265463934358222018e-12 -9.915606174798690378e-13 -8.091989963422928095e-13 -7.694302548114872043e-13 -6.838183628003755864e-13 -5.316628536934279849e-13 -4.748520947541353040e-13 -3.926376983054092075e-13 -3.362274957408238452e-13 -2.755718772083618336e-13 -2.263602490332671415e-13 -1.821512823720735492e-13 -1.435715846754057744e-13 -1.104589072152260739e-13 -8.251119743203502195e-14 -5.982693218715354458e-14 -4.200140561854041195e-14 -2.837904568675949934e-14 -1.809032719640145593e-14 -2.497556179938853428e-12 -1.860705657648025881e-12 -1.465343646192393513e-12 -1.207506430682495667e-12 -1.155475784841236970e-12 -1.028293963997467034e-12 -7.983550516633205777e-13 -7.107075070395962823e-13 -5.831617460912818214e-13 -4.947244988505758004e-13 -4.001927848841593293e-13 -3.237993904662060562e-13 -2.559916208057345909e-13 -1.977591781362437924e-13 -1.487760545853310700e-13 -1.084223508281345662e-13 -7.660523472928833949e-14 -5.233313514064137223e-14 -3.381167031734588594e-14 -1.985969899001682071e-14 -1.289644110990793754e-14 -2.440437316150025608e-14 -3.902423809505214883e-14 -5.683491210662372899e-14 -6.229904258701345528e-14 -5.326153958328135426e-14 -4.319817115087264839e-14 -4.328921402643856011e-14 -3.536937335602114107e-14 -3.171868183128185024e-14 -2.654035104364684682e-14 -2.251996318600191116e-14 -1.899550883945541333e-14 -1.606619446996936699e-14 -1.365425870555201781e-14 -1.165983672297978516e-14 -1.003853752301287799e-14 -8.691407607811722918e-15 -7.553221260580909939e-15 -6.593544973576243467e-15 1.214796167844232881e-13 2.299399287436560608e-13 3.650615621321299056e-13 5.283850481818140020e-13 5.681728022535522938e-13 4.691270310828651321e-13 3.639940608993819064e-13 3.621883792063609539e-13 2.863776922330169644e-13 2.554987682411016829e-13 2.118197885685777330e-13 1.803572161483602725e-13 1.536176790812639075e-13 1.318828113494824906e-13 1.140846013314821069e-13 9.921638962011188791e-14 8.684317020345342103e-14 7.603389887934231465e-14 6.638720149359233904e-14 5.773431927993906433e-14 -9.815677421817428412e-14 -1.842354107534789527e-13 -2.914194126100371332e-13 -4.185003883300794863e-13 -4.424850198144913470e-13 -3.540372020970388885e-13 -2.655164325295555349e-13 -2.662836542142952269e-13 -2.072402700112988841e-13 -1.868722444330929828e-13 -1.560368921260259077e-13 -1.349210861301926329e-13 -1.169279951421578356e-13 -1.021261031284906903e-13 -8.965911096988783720e-14 -7.891020177747274200e-14 -6.948488791688783772e-14 -6.082944870587204655e-14 -5.266322799973051170e-14 -4.482133109216569174e-14 -1.464040844594904838e-13 -2.716368665843170606e-13 -4.304713341067474027e-13 -6.149271184992750524e-13 -6.461889843694538060e-13 -5.108412452109120166e-13 -3.798171813850453934e-13 -3.850112322629320326e-13 -3.002737916110620042e-13 -2.739295514993460110e-13 -2.311832858832009333e-13 -2.022523266808669775e-13 -1.771376671167625592e-13 -1.559810008302982459e-13 -1.375791506235542765e-13 -1.211544194559541938e-13 -1.062918459589613002e-13 -9.228396321393847035e-14 -7.869994348183198667e-14 -6.604627839666087912e-14
-2.405032345706860571e-13 -1.855886275818907092e-13 -1.484777353141060599e-13 -1.197904955870019317e-13 -1.084268990568911037e-13 -9.365005466246297211e-14 -7.289800473449546745e-14 -6.347114847748549148e-14 -5.250634205210562988e-14 -4.504789336293773242e-14 -3.766309842194759785e-14 -3.177454670449496590e-14 -2.655291505513710488e-14 -2.197922526457244179e-14 -1.796886719664176879e-14 -1.442893607040051616e-14 -1.135894420666855596e-14 -8.733925691475292456e-15 -6.516035708544356836e-15 -4.728146146421323064e-15 1.987197599295967600e-12 1.495380291289833393e-12 1.176274579185317018e-12 9.482319017750096127e-13 8.805751168270613276e-13 7.732429016920765038e-13 6.014242014744306376e-13 5.334440004532965748e-13 4.432686722471271502e-13 3.820544217636989719e-13 3.177038831751866586e-13 2.656273397784366128e-13 2.186542691705704482e-13 1.771869047059003315e-13 1.409285074839135414e-13 1.094491033008967744e-13 8.289955401613850094e-14 6.096357322863884431e-14 4.321419641483597595e-14 2.961174203427393151e-14 -1.480008742775627841e-12 -1.100740423942324233e-12 -8.624906856014093434e-13 -7.038667952737269454e-13 -6.692746948374151655e-13 -5.948067720952651325e-13 -4.624571131217151681e-13 -4.130413254885579745e-13 -3.415286562323356161e-13 -2.924612876190407857e-13 -2.397011173591350972e-13 -1.968952910992657579e-13 -1.584409369622432299e-13 -1.248831054762489692e-13 -9.608065560843846520e-14 -7.177086475199038165e-14 -5.203937112764398445e-14 -3.653416211641355279e-14 -2.468500158607716737e-14 -1.573554985964495964e-14 -2.172453104502350809e-12 -1.618500439644987845e-12 -1.274602101412941659e-12 -1.050327159573124807e-12 -1.005069269029848832e-12 -8.944425101904327779e-13 -6.944343921085037078e-13 -6.181957954611645887e-13 -5.072524786216521859e-13 -4.303269762277768683e-13 -3.481003083287420642e-13 -2.816509264726561354e-13 -2.226695926745316321e-13 -1.720171905443411833e-13 -1.294101273202198304e-13 -9.430921568343604472e-14 -6.663367863494883796e-14 -4.552103776997292534e-14 -2.941048176134162470e-14 -1.727462038773691089e-14 -1.121775572920270485e-14 -2.122768198232851138e-14 -3.394451963960690635e-14 -4.943679040640738616e-14 -5.418967467054048094e-14 -4.632856978838896636e-14 -3.757512950175067064e-14 -3.765432333943832182e-14 -3.076539558896150105e-14 -2.758990989635124330e-14 -2.308563419431129644e-14 -1.958857436308730450e-14 -1.652289217556870813e-14 -1.397488240768510736e-14 -1.187690428394996480e-14 -1.014209324161022456e-14 -8.731836057127975392e-15 -7.560059663622616601e-15 -6.570029145125350929e-15 -5.735272637543066803e-15 1.056838037383893328e-13 1.999910420694675616e-13 3.175571026492189855e-13 4.596018384914175968e-13 4.942220595961053836e-13 4.080683891739043012e-13 3.166138865280869872e-13 3.150471687191432823e-13 2.491069568634468112e-13 2.222472859097997847e-13 1.842489970565582927e-13 1.568809847803517426e-13 1.336167682890208051e-13 1.146924486874452527e-13 9.921638962011188791e-14 8.634948779443154137e-14 7.558802015459606251e-14 6.616897909693089681e-14 5.776389120305317387e-14 5.022951282152459073e-14 -8.537997234354303308e-14 -1.602537644141252450e-13 -2.534857721491514507e-13 -3.640248217328828628e-13 -3.848874281196831719e-13 -3.079527317075373327e-13 -2.309545590080254884e-13 -2.316219187139970684e-13 -1.802641185368899570e-13 -1.625473693803654660e-13 -1.357258073422545331e-13 -1.173586169599253431e-13 -1.017076567653931599e-13 -8.883250320484961626e-14 -7.798831826355560499e-14 -6.863857997294016661e-14 -6.044014681490833946e-14 -5.291137253449059000e-14 -4.580813288025606839e-14 -3.898700121763835243e-14 -1.273470362777694217e-13 -2.362783360813297929e-13 -3.744374790090259810e-13 -5.348829981788422815e-13 -5.620755537226082272e-13 -4.443458320756343307e-13 -3.303769553065714427e-13 -3.348949084866047975e-13 -2.611876091001288559e-13 -2.382725594371131827e-13 -2.010905096209652102e-13 -1.759254529359963630e-13 -1.540799276449545816e-13 -1.356771903426149603e-13 -1.196706783965639875e-13 -1.053839318167407457e-13 -9.245599891639102975e-14 -8.027150013317485715e-14 -6.845568745444007949e-14 -5.744912585139990183e-14
-2.105753531433385960e-13 -1.624942429515835769e-13 -1.300013758420029051e-13 -1.048839337957025213e-13 -9.493440873338402294e-14 -8.199637205109248959e-14 -6.382667845958437710e-14 -5.557288703701343040e-14 -4.597252701964220557e-14 -3.944219883300805014e-14 -3.297635877123678826e-14 -2.782057063792977009e-14 -2.324871124981814117e-14 -1.924416623598325237e-14 -1.573285092242822498e-14 -1.263342480981555566e-14 -9.945456061716754219e-15 -7.647089148137964373e-15 -5.705189157310624941e-15 -4.139781862584247634e-15 1.739928668277556962e-12 1.309308442533136249e-12 1.029903940199004243e-12 8.302576383510132367e-13 7.710386384440319257e-13 6.770816009977004763e-13 5.266570085659336430e-13 4.671541525044984788e-13 3.882152491215109353e-13 3.346338625441757231e-13 2.782962426908270205e-13 2.326996581333086643e-13 1.915654770486876225e-13 1.552319709336261176e-13 1.234377602964386069e-13 9.580295816642201266e-14 7.257410198363393205e-14 5.340447762195752050e-14 3.787034473529407700e-14 2.596790540636484887e-14 -1.295838562338964573e-12 -9.637658510512678688e-13 -7.551635731397239442e-13 -6.162786101137023575e-13 -5.859911071317862890e-13 -5.207898666052350454e-13 -4.049096104327147133e-13 -3.616430549056721766e-13 -2.990293260942972487e-13 -2.560678358117845020e-13 -2.098730647795465375e-13 -1.723939338417474560e-13 -1.387247833290568976e-13 -1.093428477265199064e-13 -8.412453481255050230e-14 -6.283982969934716654e-14 -4.556368948991662720e-14 -3.198792170487823046e-14 -2.161325091798365313e-14 -1.377745619885576153e-14 -1.902116134159337159e-12 -1.417096546448422207e-12 -1.115992432167390720e-12 -9.196259409237704979e-13 -8.799998845848773101e-13 -7.831393602694434291e-13 -6.080199639417831250e-13 -5.412683907620916104e-13 -4.441307109148530562e-13 -3.767777125883591647e-13 -3.047832106819711916e-13 -2.466026965150463497e-13 -1.949609183216709544e-13 -1.506116440321216167e-13 -1.133065453964007834e-13 -8.257355594708386581e-14 -5.834191554205188364e-14 -3.985649746384597099e-14 -2.575071367960574785e-14 -1.512502543883864252e-14 -9.821864219719652882e-15 -1.858612586010683986e-14 -2.972052053853419813e-14 -4.328493693738457644e-14 -4.744639281892684480e-14 -4.056351281680216122e-14 -3.289933188913134043e-14 -3.296867324026420170e-14 -2.693699305593658236e-14 -2.415666136288186953e-14 -2.021289091453408376e-14 -1.715100056436644719e-14 -1.446680667038991767e-14 -1.223586787909779177e-14 -1.039895873179466004e-14 -8.880025196462753352e-15 -7.645258375319777592e-15 -6.619295774180397254e-15 -5.752463060006108780e-15 -5.021582685055693729e-15 9.252993392174426341e-14 1.750965960281957952e-13 2.780364649018240452e-13 4.023916211453836768e-13 4.326996408963214595e-13 3.572745976923578219e-13 2.771957641261749323e-13 2.758227728589279709e-13 2.180872060924750901e-13 1.945692626696477323e-13 1.612960685330762079e-13 1.373346383204611915e-13 1.169656827374946631e-13 1.003947825258269360e-13 8.684317020345342103e-14 7.558802015459606251e-14 6.623471427953274412e-14 5.799021189285268405e-14 5.060223898408992611e-14 4.399235434705224555e-14 -7.475555090706393178e-14 -1.403120091422278806e-13 -2.219423388727861201e-13 -3.187260793193611628e-13 -3.369925943141628189e-13 -2.696315466877189862e-13 -2.022148967535283990e-13 -2.027992185906700724e-13 -1.578323060695001061e-13 -1.423202059229937402e-13 -1.188362802927212300e-13 -1.027546810384631417e-13 -8.905130112598568946e-14 -7.777831183397570154e-14 -6.828355924018380786e-14 -6.009729125854140501e-14 -5.291906186324486746e-14 -4.632715707045678097e-14 -4.010783026449145364e-14 -3.413550746180347926e-14 -1.115003326413914574e-13 -2.068762278155087548e-13 -3.278429409877637590e-13 -4.683229245433284875e-13 -4.921316760250579285e-13 -3.890520841216377539e-13 -2.892653134085301791e-13 -2.932210637701289583e-13 -2.286857932711734497e-13 -2.086222608823185018e-13 -1.760670919731052397e-13 -1.540335436323295966e-13 -1.349064412005554335e-13 -1.187937119197534638e-13 -1.047790244920524015e-13 -9.227010323631431055e-14 -8.095090644140754800e-14 -7.028262841804657354e-14 -5.993715369920460045e-14 -5.030022711959751786e-14
-1.844205032917845555e-13 -1.423113833418834418e-13 -1.138543470581368482e-13 -9.185665945464256601e-14 -8.314292905158257572e-14 -7.181188434164109307e-14 -5.589898585915660980e-14 -4.867036958447168855e-14 -4.026243585643854258e-14 -3.454321537165403040e-14 -2.888047348567574284e-14 -2.436506758363744963e-14 -2.036106355557888163e-14 -1.685390782321123400e-14 -1.377872172313388925e-14 -1.106426352868230706e-14 -8.710161205587947595e-15 -6.697269164814342585e-15 -4.996567370369318974e-15 -3.625594223854987960e-15 1.523804224414313561e-12 1.146585003678242979e-12 9.019915020411468549e-13 7.271100653977693419e-13 6.753012990640959304e-13 5.930191324065844250e-13 4.612939344654010825e-13 4.091973793363221120e-13 3.400693269008323185e-13 2.931513937079850054e-13 2.438234528405158451e-13 2.038993849362516307e-13 1.678750161781797236e-13 1.360465562625257653e-13 1.081798952115143836e-13 8.391909219611308969e-14 6.349063745599300139e-14 4.673066948293140655e-14 3.316324542613709830e-14 2.275146976060486515e-14 -1.134886842118999983e-12 -8.440597604441083261e-13 -6.613672622905677776e-13 -5.397327350192291290e-13 -5.132071329315739236e-13 -4.561043177869210590e-13 -3.546171562505870456e-13 -3.167245907200793848e-13 -2.618878938834297295e-13 -2.242624986685857066e-13 -1.838054252996107459e-13 -1.509814512596318211e-13 -1.214942337715925348e-13 -9.576171984300137593e-14 -7.367568678018549441e-14 -5.503467010943280284e-14 -3.990434784994807132e-14 -2.801478645734113332e-14 -1.892872211786546315e-14 -1.206618495693614615e-14 -1.665860728998829730e-12 -1.241083786680869620e-12 -9.773787892571407673e-13 -8.054023198484124557e-13 -7.706980732020343208e-13 -6.858682689598099346e-13 -5.324998645565170360e-13 -4.740392769118744578e-13 -3.889667283967417933e-13 -3.299794127335431547e-13 -2.669271085594303618e-13 -2.159729974915906734e-13 -1.707454666377010198e-13 -1.319046463895626457e-13 -9.923308479930779384e-14 -7.231731716407269163e-14 -5.109541666713609226e-14 -3.490601509693423493e-14 -2.255226604113333581e-14 -1.324635369028958502e-14 -8.601885483028480265e-15 -1.627762341543762276e-14 -2.602902438409494489e-14 -3.790867378673777622e-14 -4.155323179900901619e-14 -3.552525078460656373e-14 -2.881301982062207814e-14 -2.887374561271060205e-14 -2.359124101118211689e-14 -2.115624352666088526e-14 -1.770231596238324269e-14 -1.502073221831229463e-14 -1.266993401899090849e-14 -1.071609223824124777e-14 -9.107339908676047851e-15 -7.777067848624649773e-15 -6.695667274892975135e-15 -5.797136515439569865e-15 -5.037970391383426973e-15 -4.397869911134551415e-15 8.104820069506211385e-14 1.533292837548946226e-13 2.434876583669819408e-13 3.523719555339303933e-13 3.789197572428320884e-13 3.128619519348634079e-13 2.427379003683727316e-13 2.415324406607353506e-13 1.909683100877468104e-13 1.703787425732570549e-13 1.412425935857238133e-13 1.202588502841730952e-13 1.024178800168163282e-13 8.790291777079916634e-14 7.603389887934231465e-14 6.616897909693089681e-14 5.799021189285268405e-14 5.085123170111172102e-14 4.437922471811439217e-14 3.856083623595900276e-14 -6.547023789154971787e-14 -1.228843359719333936e-13 -1.943756639466691394e-13 -2.791382074179466471e-13 -2.951358728898373514e-13 -2.361415069038633557e-13 -1.770984765047681315e-13 -1.776102122564914714e-13 -1.382284926052583905e-13 -1.246430953831828525e-13 -1.040760293772329931e-13 -8.999186588161728027e-14 -7.799054010360407648e-14 -6.811773255972756741e-14 -5.980229432712738838e-14 -5.263281218571451532e-14 -4.634616328454817668e-14 -4.057301725568900812e-14 -3.512617729416883610e-14 -2.989566036862326837e-14 -9.765102445230546425e-14 -1.811807920316919633e-13 -2.871227701331129556e-13 -4.101541134374579400e-13 -4.310056620041267489e-13 -3.407292234090136235e-13 -2.533366533927962352e-13 -2.568010672326252030e-13 -2.002815073403378624e-13 -1.827099969441057392e-13 -1.541983958773521477e-13 -1.349015542120663557e-13 -1.181501684840660303e-13 -1.040387498097456337e-13 -9.176478311830470831e-14 -8.080954889567954215e-14 -7.089626796974261140e-14 -6.155306180644379259e-14 -5.249256976714934243e-14 -4.405262062829613204e-14
-1.610284380972031252e-13 -1.242604747722391850e-13 -9.941295938932014214e-14 -8.020548326894935762e-14 -7.259700602069775123e-14 -6.270320633156055205e-14 -4.880871262966417460e-14 -4.249698008437668524e-14 -3.515551247659251092e-14 -3.016171852026772759e-14 -2.521724005019778194e-14 -2.127457085960712946e-14 -1.777843883350870149e-14 -1.471613043959067771e-14 -1.203100513866207368e-14 -9.660848609348241782e-15 -7.605348990701025781e-15 -5.847779323087718197e-15 -4.362799025986821597e-15 -3.165721833210830493e-15 1.330653210410426891e-12 1.001341107768324835e-12 7.877115944321138066e-13 6.349966124927713419e-13 5.897513282917935647e-13 5.179063508150256163e-13 4.028743600646625639e-13 3.573836941699883338e-13 2.970156671189757841e-13 2.560447168108988987e-13 2.129799415940664560e-13 1.781272978331101405e-13 1.466806373457353358e-13 1.188921343084681846e-13 9.456078229054933690e-14 7.336431035249987919e-14 5.546607383859741412e-14 4.073943837028583615e-14 2.891355941116726931e-14 1.985721219879382879e-14 -9.909367348500798044e-13 -7.369984372051442375e-13 -5.774788201441688005e-13 -4.712725399487073727e-13 -4.481114546361046166e-13 -3.982516140414368506e-13 -3.096371796810933579e-13 -2.765509375741014827e-13 -2.286697632698702220e-13 -1.958167953268289054e-13 -1.604913382355247147e-13 -1.318307897181665561e-13 -1.060837623196835267e-13 -8.361516541167976794e-14 -6.433054244872021896e-14 -4.805394297655507705e-14 -3.484277981730486714e-14 -2.446131464556561311e-14 -1.652774302284217994e-14 -1.053565654437486435e-14 -1.454561396715597805e-12 -1.083663568364915607e-12 -8.534071472429103521e-13 -7.032443440662413099e-13 -6.729419983847800099e-13 -5.988720906261581205e-13 -4.649570877015306664e-13 -4.139116927562507067e-13 -3.396298026432059918e-13 -2.881244822390600705e-13 -2.330698005349953898e-13 -1.885787532080890428e-13 -1.490879181435894289e-13 -1.151736634800742474e-13 -8.664618708379281845e-14 -6.314440108070820077e-14 -4.461432711771370662e-14 -3.047841556819479552e-14 -1.969163408208075801e-14 -1.156608209376742141e-14 -7.510733761969547231e-15 -1.421299092548283698e-14 -2.272745559651510472e-14 -3.310032810801856279e-14 -3.628257006991943265e-14 -3.101918330919909820e-14 -2.515835484158438905e-14 -2.521137200028552636e-14 -2.059890734423103630e-14 -1.847276431526490033e-14 -1.545693722394226648e-14 -1.311548716788770203e-14 -1.106286863974718279e-14 -9.356853253511097602e-15 -7.952157735242294525e-15 -6.790618381410576567e-15 -5.846383753848455824e-15 -5.061824530093086231e-15 -4.398952238645715754e-15 -3.840042107463531740e-15 7.083199595752228252e-14 1.338644153027794478e-13 2.126474178812190607e-13 3.076926406396687074e-13 3.308966267212262913e-13 2.732026436628947599e-13 2.119764990391501968e-13 2.109184038354882039e-13 1.667629735443339185e-13 1.487827892409434848e-13 1.233439985695069675e-13 1.050176832303892358e-13 8.943555256413117098e-14 7.675366694070782953e-14 6.638720149359233904e-14 5.776389120305317387e-14 5.060223898408992611e-14 4.437922471811439217e-14 3.881560181008608715e-14 3.373683462413486368e-14 -5.716555445134313487e-14 -1.072975854764454876e-13 -1.697209394976784830e-13 -2.437320884905825149e-13 -2.577005371195796260e-13 -2.061890589792220873e-13 -1.546351558692033269e-13 -1.550819626812825620e-13 -1.206954675030901178e-13 -1.088332494658135078e-13 -9.087493087701495421e-14 -7.857720481433312584e-14 -6.809814623170768415e-14 -5.947761885849887236e-14 -5.221692550848791484e-14 -4.595682130864521042e-14 -4.046757035288233417e-14 -3.542669680067971584e-14 -3.067075031248519191e-14 -2.610368521920613105e-14 -8.526439415471497142e-14 -1.581995668829904262e-13 -2.507040409553204635e-13 -3.581297691418864355e-13 -3.763364909507964576e-13 -2.975107711370706335e-13 -2.212032064188452028e-13 -2.242281777908353179e-13 -1.748776183508310522e-13 -1.595348917331061218e-13 -1.346397299217066335e-13 -1.177905055495765721e-13 -1.031638898156335817e-13 -9.084238311114966953e-14 -8.012526595788379109e-14 -7.055959604017210549e-14 -6.190371810644103309e-14 -5.374561540274162483e-14 -4.583437789275769156e-14 -3.846497541443701418e-14
-1.400027090074965211e-13 -1.080355946548599913e-13 -8.643245755776370866e-14 -6.973293119880153636e-14 -6.311790419238136321e-14 -5.451595332456776386e-14 -4.243568478114072210e-14 -3.694808476111319691e-14 -3.056520356719195170e-14 -2.622345664754560617e-14 -2.192458605529570754e-14 -1.849671711572105225e-14 -1.545708041486842178e-14 -1.279462210283483087e-14 -1.046009779308129712e-14 -8.399416066174463451e-15 -6.612306530510809712e-15 -5.084225724820856162e-15 -3.793141741924305113e-15 -2.752368773354186494e-15 1.157290830113833991e-12 8.710765271002765759e-13 6.851849052724152122e-13 5.524162927871308325e-13 5.130253360471614801e-13 4.505398879790269898e-13 3.504953168494848846e-13 3.109235370280373939e-13 2.584232229449622779e-13 2.227864171130014448e-13 1.853384814197766019e-13 1.550355175756807819e-13 1.276898254003599948e-13 1.035282216715794651e-13 8.237109012684103285e-14 6.393475697215966662e-14 4.834791349219334779e-14 3.546780951292559879e-14 2.507920006442192287e-14 1.722577716975217239e-14 -8.615486106689418143e-13 -6.407674250145838373e-13 -5.020765278406509416e-13 -4.097377645708862452e-13 -3.896008566837073099e-13 -3.462512916971042801e-13 -2.692073795301567805e-13 -2.404412583417723050e-13 -1.988120012718276850e-13 -1.702486948205214420e-13 -1.395357368491096729e-13 -1.146174400760786058e-13 -9.223224162469844190e-14 -7.269740265846455427e-14 -5.593080222241271411e-14 -4.177946167852678212e-14 -3.029330114626327003e-14 -2.126736050930380583e-14 -1.436968791200155211e-14 -9.159997327669467669e-15 -1.264637091686764256e-12 -9.421679602895359607e-13 -7.419764713473694550e-13 -6.114206555032057617e-13 -5.850749323720977329e-13 -5.206764459709543232e-13 -4.042469302407627252e-13 -3.598666103751880549e-13 -2.952838188645388806e-13 -2.505036262420971294e-13 -2.026375190197177427e-13 -1.639557355588741066e-13 -1.296212788194228829e-13 -1.001352578998211006e-13 -7.533265734498039815e-14 -5.489953318637627150e-14 -3.878896050816849592e-14 -2.649879718365353937e-14 -1.712046261944925444e-14 -1.005587578305362967e-14 -6.530041127418939905e-15 -1.235718107920785267e-14 -1.975989565071795244e-14 -2.877836916644435780e-14 -3.154509880156468429e-14 -2.696896046737679160e-14 -2.187339030370038339e-14 -2.191948457798854760e-14 -1.790927660525076588e-14 -1.606074715418658208e-14 -1.343870127803897639e-14 -1.140297788297814175e-14 -9.618373022373769619e-15 -8.135114631201644725e-15 -6.913832421022317320e-15 -5.903957021994841814e-15 -5.083012558106590322e-15 -4.400894492306654913e-15 -3.824574477598267737e-15 -3.338642062311281374e-15 6.152820413229437102e-14 1.164494803569114871e-13 1.848624345431507619e-13 2.675797838116224345e-13 2.877418323368655857e-13 2.375719082466552736e-13 1.843511117473355451e-13 1.834299041744958293e-13 1.450378588064807513e-13 1.293995923189367484e-13 1.072812305039083459e-13 9.134091546735068285e-14 7.778457836124531494e-14 6.675353656772977688e-14 5.773431927993906433e-14 5.022951282152459073e-14 4.399235434705224555e-14 3.856083623595900276e-14 3.373683462413486368e-14 2.941851377240524653e-14 -4.970133885495462960e-14 -9.328757650707723425e-14 -1.475602208264060800e-13 -2.119076189865143999e-13 -2.240521825791980980e-13 -1.792666361484674870e-13 -1.344442080957877122e-13 -1.348326735112797451e-13 -1.049360761684002123e-13 -9.462272576717479085e-14 -7.900925237648380841e-14 -6.831725856770028663e-14 -5.920646713346709215e-14 -5.171153542944599657e-14 -4.539888230838613121e-14 -3.995616914414056636e-14 -3.518365770278936393e-14 -3.080097878721302467e-14 -2.666602414823665864e-14 -2.269528819717675829e-14 -7.413126400115177004e-14 -1.375432027567339243e-13 -2.179692421434139299e-13 -3.113682169881751661e-13 -3.271976594816208962e-13 -2.586643327194263357e-13 -1.923203662568827766e-13 -1.949503617440247491e-13 -1.520435806708027974e-13 -1.387041771459231153e-13 -1.170596147319279068e-13 -1.024104186412626093e-13 -8.969362297645648265e-14 -7.898095460832517730e-14 -6.966318829306188648e-14 -6.134652206599068228e-14 -5.382085495154622771e-14 -4.672796833008604718e-14 -3.984971395942129451e-14 -3.344254652899405847e-14
-7.154761429230128461e-13 -5.521101967094565113e-13 -4.417081629451137863e-13 -3.563657379998231160e-13 -3.225603932219381922e-13 -2.786001583748294211e-13 -2.168647703419374860e-13 -1.888207423454136424e-13 -1.562017221727792551e-13 -1.340138724615004530e-13 -1.120450793157995197e-13 -9.452727635321000936e-14 -7.899333850247799641e-14 -6.538730134103153609e-14 -5.345672090322181568e-14 -4.292595850648792513e-14 -3.379248389472467068e-14 -2.598284160088866728e-14 -1.938456900914608128e-14 -1.406571471849211474e-14 -1.967705354775758816e-12 -1.480332231872186728e-12 -1.164176575586280451e-12 -9.383402253109677540e-13 -8.714866315468811293e-13 -7.652333261248295831e-13 -5.951332373071730723e-13 -5.278988322144453728e-13 -4.386507021744671448e-13 -3.780878341453559206e-13 -3.144341333406829089e-13 -2.629365225346267077e-13 -2.164859258504666149e-13 -1.754918481917462497e-13 -1.396285446475050750e-13 -1.084256959009343965e-13 -8.211031752432434251e-14 -6.039746436299061181e-14 -4.283440781790206918e-14 -2.935658401487327533e-14 1.321082583044476591e-11 9.821422248426767154e-12 7.696268166771200842e-12 6.279530373796940334e-12 5.971301828582653382e-12 5.306554610924410844e-12 4.125195549615554974e-12 3.684414953776404713e-12 3.046225991181061306e-12 2.608341007414804140e-12 2.137524773401308973e-12 1.755644958251923912e-12 1.412391291723533861e-12 1.113097182171501580e-12 8.558116875855871726e-13 6.387153602775667109e-13 4.627516862124098577e-13 3.244848309308336518e-13 2.192196201885021293e-13 1.395439938391140822e-13 -6.462861372631723114e-12 -4.814898991072713662e-12 -3.791831982398679769e-12 -3.124632458325715427e-12 -2.989995628428497921e-12 -2.660890124148993169e-12 -2.065882348778689052e-12 -1.839079313097176220e-12 -1.509034403110570687e-12 -1.280188556456887035e-12 -1.035570512798041588e-12 -8.378895877737544153e-13 -6.624257272122101254e-13 -5.117425379491434713e-13 -3.849907021393813930e-13 -2.805717889203450009e-13 -1.982377114223167597e-13 -1.354284881256168263e-13 -8.750042834767165464e-14 -5.139813622052901496e-14 -3.337855418915605969e-14 -6.314749746562476162e-14 -1.009839422420110520e-13 -1.470680478560681717e-13 -1.612105383936189919e-13 -1.378244676856254904e-13 -1.117823342710545009e-13 -1.120184376916680125e-13 -9.152429287747758366e-14 -8.207773696562226154e-14 -6.867781457821106816e-14 -5.827443689107735850e-14 -4.915411034655719393e-14 -4.157406031860390008e-14 -3.533265902973526647e-14 -3.017176561290624719e-14 -2.597636444743377859e-14 -2.249034269570738068e-14 -1.954504606957658351e-14 -1.706176657105994919e-14 -1.047745753211876406e-13 -1.982007509087514882e-13 -3.147303238321933367e-13 -4.554453201362946944e-13 -4.897482766920760184e-13 -4.043206300140299485e-13 -3.136512166158345167e-13 -3.120670496343787129e-13 -2.466942889680049992e-13 -2.200757770489615333e-13 -1.824321777305451938e-13 -1.553116552704242272e-13 -1.322563399065549061e-13 -1.135031246830570141e-13 -9.815677421817428412e-14 -8.537997234354303308e-14 -7.475555090706393178e-14 -6.547023789154971787e-14 -5.716555445134313487e-14 -4.970133885495462960e-14 7.878221140757978251e-13 1.417260582982904300e-12 2.272924481723956249e-12 3.243607512622865328e-12 3.436517180223746105e-12 2.750323617685135629e-12 2.060551783824547310e-12 2.067775762592861805e-12 1.608854189965381877e-12 1.450757980184391862e-12 1.211328919535685702e-12 1.047431596654288910e-12 9.076186752083513335e-13 7.927537674376470442e-13 6.958540317193376683e-13 6.125439711182076955e-13 5.395015799865651981e-13 4.723459981159422853e-13 4.092017430448182386e-13 3.480071272922358240e-13 -3.788866537685476785e-13 -7.029147454248571620e-13 -1.113903422218974238e-12 -1.591232061759426021e-12 -1.672127316239862807e-12 -1.321893925702417682e-12 -9.828421492749468193e-13 -9.962837507947580160e-13 -7.770103149296552543e-13 -7.088402622995383390e-13 -5.982267648737943085e-13 -5.233638925424759757e-13 -4.583746190658917489e-13 -4.036275216184517818e-13 -3.560088477979021867e-13 -3.135076562344906706e-13 -2.750487340489210008e-13 -2.388006927268826953e-13 -2.036485635643176268e-13 -1.709036895668082934e-13
-1.342908753655179523e-12 -1.036279587238702073e-12 -8.290618243464907097e-13 -6.688795898758302734e-13 -6.054281642513099086e-13 -5.229180312928765029e-13 -4.070438747922060764e-13 -3.544067125940992890e-13 -2.931820291845344837e-13 -2.515359536545559824e-13 -2.103011417796406362e-13 -1.774209702944769088e-13 -1.482647101749897345e-13 -1.227263927997672961e-13 -1.003335754534157726e-13 -8.056750282090973574e-14 -6.342544994395070023e-14 -4.876801494578790807e-14 -3.638388223302319451e-14 -2.640076261260505202e-14 -3.693272766504090593e-12 -2.778500114570989228e-12 -2.185094041299898744e-12 -1.761213769355217196e-12 -1.635731803510105757e-12 -1.436300740048012010e-12 -1.117032101416676589e-12 -9.908362975193846324e-13 -8.233214067585389413e-13 -7.096470546242493361e-13 -5.901721636638362908e-13 -4.935141065910353301e-13 -4.063295666251949979e-13 -3.293846402840168645e-13 -2.620713040507497122e-13 -2.035036639824329011e-13 -1.541130178811293255e-13 -1.133605782464682737e-13 -8.039664407726521649e-14 -5.509957984603621208e-14 2.479638487300130121e-11 1.844613931042528603e-11 1.445180771846187062e-11 1.179503521222487385e-11 1.121461791644956340e-11 9.966905374900841869e-12 7.749443926674737404e-12 6.921201487277896839e-12 5.722991101536735437e-12 4.900918659377024549e-12 4.016979895429431355e-12 3.299734295563249344e-12 2.655530704128208117e-12 2.093244370785933798e-12 1.610859628128307664e-12 1.203770469654628727e-12 8.731000739869616665e-13 6.130499229846024630e-13 4.141228664873885928e-13 2.641015688409047485e-13 -1.213042434695007402e-11 -9.037293875271689625e-12 -7.117053220821361927e-12 -5.864759114938177900e-12 -5.612050593639154003e-12 -4.994338971886754825e-12 -3.877544623972566453e-12 -3.451847734994509087e-12 -2.832368538122102365e-12 -2.402836143733485351e-12 -1.943703389567177084e-12 -1.572666980641587734e-12 -1.243330248820601053e-12 -9.605001531806743285e-13 -7.225931741737655852e-13 -5.265986370311658214e-13 -3.720654900127438932e-13 -2.541778837072795782e-13 -1.642206448197474639e-13 -9.645708999706483796e-14 -6.263710010165514388e-14 -1.185299596690338318e-13 -1.895375480700578210e-13 -2.760424317412988792e-13 -3.025813312451489171e-13 -2.586869255600433541e-13 -2.098099439316498111e-13 -2.102521430203741056e-13 -1.717861262377019876e-13 -1.540550240263814162e-13 -1.289042965535458884e-13 -1.093776060359245729e-13 -9.225961786274578392e-14 -7.803218094699367321e-14 -6.631760573953340497e-14 -5.663086314222804612e-14 -4.875634650577856723e-14 -4.221344567378947050e-14 -3.668536755981507248e-14 -3.202430009869184549e-14 -1.966235294097906612e-13 -3.720218686798974856e-13 -5.907265422828848918e-13 -8.548530280732124239e-13 -9.192258380399309693e-13 -7.588830508298574761e-13 -5.887073041494198514e-13 -5.857319340090802933e-13 -4.630317447225633546e-13 -4.130695005568245155e-13 -3.424148167386291138e-13 -2.915104815796154818e-13 -2.482378667502552677e-13 -2.130391298352718698e-13 -1.842354107534789527e-13 -1.602537644141252450e-13 -1.403120091422278806e-13 -1.228843359719333936e-13 -1.072975854764454876e-13 -9.328757650707723425e-14 1.417260582982904300e-12 2.695053147799473906e-12 4.238565670190341880e-12 6.103492108353949722e-12 6.447440925871540969e-12 5.158308883383060521e-12 3.870591984800134892e-12 3.880680571266606647e-12 3.020636787476053065e-12 2.723674652612793453e-12 2.274268767717031611e-12 1.966438132064671305e-12 1.704271388897340457e-12 1.488476678555626406e-12 1.306808380279919935e-12 1.150059140594855626e-12 1.012526454433357190e-12 8.863016165774961464e-13 7.672581274958267907e-13 6.532917087791177603e-13 -7.110734580602824424e-13 -1.319318010225981481e-12 -2.090763405705194551e-12 -2.986650314593376208e-12 -3.138486612530605231e-12 -2.481113862018285155e-12 -1.844740699146251939e-12 -1.869967799895409212e-12 -1.458405028177987724e-12 -1.330453232664299818e-12 -1.122838144551510375e-12 -9.823228847068609315e-13 -8.603430389688547484e-13 -7.575868440545719018e-13 -6.682105604527475313e-13 -5.884370105792327549e-13 -5.162507297638393331e-13 -4.482155942011766517e-13 -3.822391062981705823e-13 -3.207812697685098992e-13
-2.124182457116068145e-12 -1.639163405141761956e-12 -1.311391113885782552e-12 -1.058018552041046291e-12 -9.576524907110881636e-13 -8.271398912699345937e-13 -6.438527741002162289e-13 -5.605925052101371056e-13 -4.637486587782392224e-13 -3.978738007648518895e-13 -3.326494768864065421e-13 -2.806403564869534266e-13 -2.345216533858141158e-13 -1.941256910156542077e-13 -1.587052564045891213e-13 -1.274397070494257771e-13 -1.003248589873842315e-13 -7.714011402750060462e-14 -5.755120365655721477e-14 -4.176013713099846669e-14 -5.841934663196062180e-12 -4.394968100359392928e-12 -3.456331926407888036e-12 -2.785847895107468902e-12 -2.587363287787402322e-12 -2.271907805732549560e-12 -1.766895933271696411e-12 -1.567282250822446587e-12 -1.302310943951128553e-12 -1.122503367893575684e-12 -9.335206805107572432e-13 -7.806291740969290046e-13 -6.427226956508785685e-13 -5.210128818467939145e-13 -4.145381859571760152e-13 -3.218971257629015279e-13 -2.437722429290736918e-13 -1.793110484703475317e-13 -1.271695075367774838e-13 -8.715519157132708870e-14 3.922373931621275115e-11 2.916991107110150652e-11 2.285796654032545693e-11 1.865274028064867837e-11 1.773622154000795528e-11 1.576240439814129051e-11 1.225486358828976503e-11 1.094545025485714854e-11 9.050303974853465228e-12 7.749893192657786998e-12 6.351609562728377765e-12 5.217205314298251333e-12 4.198156872344401842e-12 3.308895968241968591e-12 2.545444046074742864e-12 1.901099363360177852e-12 1.378207800569461530e-12 9.672063087514838008e-13 6.534153489809809343e-13 4.163860151784268039e-13 -1.918762839972641787e-11 -1.429498530115378808e-11 -1.125759233855889300e-11 -9.276742198850327969e-12 -8.877013450677258094e-12 -7.899931351136818202e-12 -6.133411632492978363e-12 -5.460053980333395852e-12 -4.480175698490761254e-12 -3.800751052462303160e-12 -3.074505430029650083e-12 -2.487608473399452839e-12 -1.966671083596981360e-12 -1.519296500155995235e-12 -1.142980609575869877e-12 -8.329605393247945851e-13 -5.885237367062298679e-13 -4.020519202629924893e-13 -2.597596758694113131e-13 -1.525727314902430439e-13 -9.907715211088249149e-14 -1.874883401039298245e-13 -2.998059442877871969e-13 -4.366378712805285368e-13 -4.786161378410410797e-13 -4.091849638531182588e-13 -3.318726336302452138e-13 -3.325720345475996143e-13 -2.717273877010935955e-13 -2.436807066400434585e-13 -2.038978703213258536e-13 -1.730109881191748055e-13 -1.459341667742559065e-13 -1.234295247102942415e-13 -1.048996882914457650e-13 -8.957741752645975445e-14 -7.712168765824268878e-14 -6.677228669475735425e-14 -5.802810367540191960e-14 -5.065532775575545885e-14 -3.110125892989735238e-13 -5.884563444277964675e-13 -9.343974869768323959e-13 -1.352187509296217300e-12 -1.454010208785926438e-12 -1.200383651066564649e-12 -9.312038881326416395e-13 -9.264973920810658258e-13 -7.324130812592193155e-13 -6.533838933093837632e-13 -5.416239404625423348e-13 -4.611045841097262927e-13 -3.926570059757280867e-13 -3.369804462527535856e-13 -2.914194126100371332e-13 -2.534857721491514507e-13 -2.219423388727861201e-13 -1.943756639466691394e-13 -1.697209394976784830e-13 -1.475602208264060800e-13 2.272924481723956249e-12 4.238565670190341880e-12 6.725511407242179608e-12 9.642486567870333284e-12 1.020080836117765192e-11 8.162355309140967851e-12 6.120193381876500183e-12 6.138722202461398674e-12 4.777338332647247767e-12 4.307818195676768686e-12 3.596984576085152015e-12 3.110248193186752170e-12 2.695447700072150582e-12 2.354224801330024013e-12 2.066753363385904555e-12 1.819046280623252038e-12 1.601818809243050105e-12 1.402260590970974312e-12 1.214222403634876597e-12 1.033318648276696534e-12 -1.124755068939765781e-12 -2.086866301835766878e-12 -3.307123703340655200e-12 -4.724215180950898360e-12 -4.964386402631878234e-12 -3.924568904990601445e-12 -2.917968845383408953e-12 -2.957872371383239968e-12 -2.306871836035960286e-12 -2.104480576465702920e-12 -1.776079779039436469e-12 -1.553815829616613694e-12 -1.360870976715751510e-12 -1.198333635208604775e-12 -1.056960348564472649e-12 -9.307762915840708631e-13 -8.165936135475683286e-13 -7.089772126477588533e-13 -6.046172386377841288e-13 -5.074047873325587075e-13
-3.050487584844310472e-12 -2.353963369127387750e-12 -1.883257366595524175e-12 -1.519395031007710324e-12 -1.375261792297191917e-12 -1.187835704385644417e-12 -9.246214870299742085e-13 -8.050534154176300416e-13 -6.659783384565211916e-13 -5.713770947227873956e-13 -4.777100581418474076e-13 -4.030210256486444203e-13 -3.367910535275865664e-13 -2.787794266330733108e-13 -2.279129693745415901e-13 -1.830132990574872731e-13 -1.440742298833058579e-13 -1.107791000968475764e-13 -8.264789479406321619e-14 -5.997071573785301994e-14 -8.389462567931352664e-12 -6.311508565840610920e-12 -4.963555584535353366e-12 -4.000689344932691990e-12 -3.715650482857653693e-12 -3.262632375534623188e-12 -2.537396936815219986e-12 -2.250736556073509618e-12 -1.870217703819376794e-12 -1.612000455404555032e-12 -1.340606980751726628e-12 -1.121043140653455874e-12 -9.229988920700743022e-13 -7.482144582843777599e-13 -5.953086888529113103e-13 -4.622692229536174305e-13 -3.500757866418263682e-13 -2.575044878868552966e-13 -1.826251864426954328e-13 -1.251615799224444082e-13 5.632704511990523992e-11 4.189691225888362083e-11 3.282756021696584760e-11 2.679116529581619089e-11 2.547292218410298180e-11 2.263882087987157436e-11 1.760159736665434028e-11 1.572054012466118154e-11 1.299878978506731035e-11 1.113131494950947158e-11 9.123263288969098942e-12 7.494000726923863566e-12 6.030511284584311787e-12 4.753302667335786995e-12 3.657159046930584774e-12 2.732118536593528227e-12 1.981103594873984128e-12 1.390632052581237776e-12 9.393952183707151541e-13 5.988071521071063163e-13 -2.755489436926767070e-11 -2.052868646890686263e-11 -1.616675922466388359e-11 -1.332210756356265110e-11 -1.274806691332246275e-11 -1.134490260654484621e-11 -8.808045743845838631e-12 -7.841052959037839272e-12 -6.433873503967995021e-12 -5.458168165138682835e-12 -4.415224064807652726e-12 -3.572395423744005595e-12 -2.824289782709652228e-12 -2.181826391402098664e-12 -1.641408223619265270e-12 -1.196196352685145000e-12 -8.451662204075964997e-13 -5.773783505393906906e-13 -3.730357719435796812e-13 -2.191073040685083343e-13 -1.422834288458844055e-13 -2.692470241892895288e-13 -4.305444623274462593e-13 -6.270448526431038778e-13 -6.873293415183147563e-13 -5.876208993940914017e-13 -4.765942804549381072e-13 -4.775987569245961762e-13 -3.902211853878894298e-13 -3.499440569388442883e-13 -2.928128622740162942e-13 -2.484569615531723334e-13 -2.095725553756568357e-13 -1.772541868743587792e-13 -1.506439159758282710e-13 -1.286399726384535802e-13 -1.107525956110297217e-13 -9.589005394615448640e-14 -8.333273507077926658e-14 -7.274487597080866959e-14 -4.466405819544596905e-13 -8.450671842581441213e-13 -1.341866277688736734e-12 -1.941843451777297012e-12 -2.088069637839308235e-12 -1.723842597089071796e-12 -1.337279484976257047e-12 -1.330520771839793540e-12 -1.051800865662023417e-12 -9.383090090857634560e-13 -7.778131939115385393e-13 -6.621813286032124496e-13 -5.638853189633421758e-13 -4.839295441069034715e-13 -4.185003883300794863e-13 -3.640248217328828628e-13 -3.187260793193611628e-13 -2.791382074179466471e-13 -2.437320884905825149e-13 -2.119076189865143999e-13 3.243607512622865328e-12 6.103492108353949722e-12 9.642486567870333284e-12 1.385689971529714950e-11 1.464749787220154774e-11 1.171986050608889869e-11 8.790652581357298800e-12 8.815623252182714976e-12 6.861232812810794379e-12 6.186809936234028278e-12 5.165920432059652614e-12 4.466792880336669052e-12 3.871187534095282976e-12 3.381094015917288673e-12 2.968343311373850289e-12 2.612477095669061778e-12 2.300289641601482856e-12 2.013616084739235652e-12 1.743381281318980443e-12 1.484017908797694047e-12 -1.615240458272952737e-12 -2.996899947632478482e-12 -4.749278663173316708e-12 -6.784332644328312484e-12 -7.129236750192123365e-12 -5.635980101076908822e-12 -4.190425140271085716e-12 -4.247729817086441048e-12 -3.312843423065700142e-12 -3.022194215712534106e-12 -2.550585667279999545e-12 -2.231397889679078840e-12 -1.954314282738046453e-12 -1.720898205022455128e-12 -1.517875297307726534e-12 -1.336665497278237749e-12 -1.172690576701719994e-12 -1.018145202950946150e-12 -8.682761586009306192e-13 -7.286714683067031901e-13
-3.225314136104833560e-12 -2.488871442067191821e-12 -1.991188741977421420e-12 -1.606473024709646730e-12 -1.454079419794955970e-12 -1.255911687798233156e-12 -9.776124188513345671e-13 -8.511917865553095088e-13 -7.041462253908408456e-13 -6.041233477973015040e-13 -5.050882088700249141e-13 -4.261186912281806754e-13 -3.560930058358929270e-13 -2.947567187549468493e-13 -2.409750351217829992e-13 -1.935021537756790201e-13 -1.523313665357365566e-13 -1.171279903288692175e-13 -8.738451914426287141e-14 -6.340768181833634499e-14 -8.870271236940607231e-12 -6.673227617551188574e-12 -5.248022041705906103e-12 -4.229972795889712879e-12 -3.928598191032035574e-12 -3.449617116678868336e-12 -2.682817718813103792e-12 -2.379728587812094267e-12 -1.977401906687563726e-12 -1.704386066861839409e-12 -1.417438793026752710e-12 -1.185291518786175580e-12 -9.758970998694386016e-13 -7.910957026230512897e-13 -6.294267410351497231e-13 -4.887627834794720962e-13 -3.701392736823776324e-13 -2.722625056331386167e-13 -1.930917170259448660e-13 -1.323348078489035465e-13 5.955915054185735182e-11 4.429754079206137352e-11 3.470953830570837076e-11 2.832575923902997619e-11 2.693317310013850813e-11 2.393610622118763494e-11 1.861010412219317786e-11 1.662140333689726902e-11 1.374360739636440788e-11 1.176901443100848395e-11 9.645843703787850804e-12 7.923250108217413191e-12 6.375850657018782302e-12 5.025514343249744696e-12 3.866429026045834536e-12 2.888281918029273235e-12 2.094191276027909958e-12 1.469912613730454221e-12 9.929497053947218603e-13 6.329278787191157067e-13 -2.913409388848615169e-11 -2.170520661776521001e-11 -1.709329296455508162e-11 -1.408561124196454913e-11 -1.347867196218148082e-11 -1.199509079438964304e-11 -9.312843913765647291e-12 -8.290431808891610049e-12 -6.802605742402536916e-12 -5.770981862928893125e-12 -4.668265436893845491e-12 -3.777133457206925040e-12 -2.986153191630364806e-12 -2.306870080238371531e-12 -1.735480068309718611e-12 -1.264753154860707997e-12 -8.936048529777563212e-13 -6.104696384199957053e-13 -3.944158912177919383e-13 -2.316657561630975027e-13 -1.504388805094862704e-13 -2.846773781869821072e-13 -4.552197084940511197e-13 -6.629811067831783891e-13 -7.267210392480746194e-13 -6.212982094780816934e-13 -5.039083222889927502e-13 -5.049704454314735760e-13 -4.125851473727609191e-13 -3.699997325174886759e-13 -3.095942760935820862e-13 -2.626963044383059020e-13 -2.215833638638021435e-13 -1.874128055652496355e-13 -1.592774574760394648e-13 -1.360124485437007140e-13 -1.170999263061089814e-13 -1.013855833652392457e-13 -8.810858518978549321e-14 -7.691393260822327792e-14 -4.722407036338284783e-13 -8.934980053731639531e-13 -1.418770390460900922e-12 -2.053131847749739169e-12 -2.207739394318135246e-12 -1.822638119715812449e-12 -1.413920210988819194e-12 -1.406774313088395964e-12 -1.112080616238637046e-12 -9.920844907738864687e-13 -8.223904762455103084e-13 -7.001316831345207244e-13 -5.962021523926734919e-13 -5.116640305803114332e-13 -4.424850198144913470e-13 -3.848874281196831719e-13 -3.369925943141628189e-13 -2.951358728898373514e-13 -2.577005371195796260e-13 -2.240521825791980980e-13 3.436517180223746105e-12 6.447440925871540969e-12 1.020080836117765192e-11 1.464749787220154774e-11 1.548835457515272847e-11 1.239246813211107557e-11 9.294191836364682748e-12 9.321095308651228833e-12 7.254443459252622922e-12 6.541427966494817839e-12 5.462058990423611384e-12 4.722883267395611941e-12 4.093060167579574801e-12 3.574910053946058438e-12 3.138422943050257459e-12 2.762212353560657052e-12 2.432181300186180853e-12 2.129116259875102655e-12 1.843484642187466921e-12 1.569156029636976683e-12 -1.707817806270595740e-12 -3.168656473129410951e-12 -5.021462264707813299e-12 -7.173149940122367670e-12 -7.537820816503449908e-12 -5.958984459202498076e-12 -4.430582600644910653e-12 -4.491171635588302677e-12 -3.502705848811324247e-12 -3.195399273670218188e-12 -2.696762336664157466e-12 -2.359281734137965813e-12 -2.066318068100176847e-12 -1.819524590192328832e-12 -1.604866124396041216e-12 -1.413271104588861516e-12 -1.239898699860648799e-12 -1.076496139027462408e-12 -9.180377733278436096e-13 -7.704319917619585583e-13
-2.580609945190533436e-12 -1.991373911942485581e-12 -1.593172395441609328e-12 -1.285357025424183496e-12 -1.163425213052988298e-12 -1.004868973265474707e-12 -7.821986197978194789e-13 -6.810480588960888822e-13 -5.633952742889592020e-13 -4.833658680655891531e-13 -4.041267599689153395e-13 -3.409423706803891978e-13 -2.849140340984840843e-13 -2.358381976767673784e-13 -1.928068652275658139e-13 -1.548232918158253171e-13 -1.218820601304111167e-13 -9.371542430809180448e-14 -6.991732878086270925e-14 -5.073319103599782004e-14 -7.097203319115249301e-12 -5.339324138013607143e-12 -4.199001192005688803e-12 -3.384448546159484178e-12 -3.143315388343331781e-12 -2.760077257675581889e-12 -2.146552482482424387e-12 -1.904047490284294298e-12 -1.582141437055384547e-12 -1.363698437851807267e-12 -1.134108723030358533e-12 -9.483650881815416105e-13 -7.808262538995178982e-13 -6.329646201823715774e-13 -5.036114722508151056e-13 -3.910647056134493214e-13 -2.961526618319840808e-13 -2.178403301358227258e-13 -1.544948726401650295e-13 -1.058825880435349743e-13 4.765552656505688215e-11 3.544428503287359962e-11 2.777324527391737721e-11 2.266496169369700062e-11 2.155018427582073100e-11 1.915227271835490503e-11 1.489062589992241869e-11 1.329938848712253410e-11 1.099675390387009152e-11 9.416781162448547642e-12 7.717909280912708994e-12 6.339561457441511195e-12 5.101421858190220332e-12 4.020917423707547180e-12 3.093459482367008797e-12 2.310790597186514818e-12 1.675456060528249776e-12 1.175995085527650665e-12 7.944100142536403185e-13 5.063721936038590833e-13 -2.331051478804548375e-11 -1.736657885135354359e-11 -1.367653513601940832e-11 -1.127005526844980456e-11 -1.078443642350781141e-11 -9.597406498264499138e-12 -7.451310693750667924e-12 -6.633267329960844207e-12 -5.442841121569204294e-12 -4.617427345022059921e-12 -3.735131547736953948e-12 -3.022126884033367224e-12 -2.389254740558683736e-12 -1.845752871470320089e-12 -1.388577347997661311e-12 -1.011943625119140766e-12 -7.149836320911235585e-13 -4.884439330306286839e-13 -3.155768853423274176e-13 -1.853587191999494202e-13 -1.203681432502566012e-13 -2.277734177975528219e-13 -3.642264753020585905e-13 -5.304585081999103634e-13 -5.814576841509694649e-13 -4.971076993414438453e-13 -4.031826710751371808e-13 -4.040325112618323801e-13 -3.301139914980476113e-13 -2.960409353446013361e-13 -2.477098490608544795e-13 -2.101862602083142118e-13 -1.772913274474864749e-13 -1.499510838700669994e-13 -1.274396723051071832e-13 -1.088250790633504763e-13 -9.369295789003969414e-14 -8.111973205977845007e-14 -7.049665523851607578e-14 -6.153969063037558239e-14 -3.778458763601254902e-13 -7.148975057724760515e-13 -1.135174187454659650e-12 -1.642733586714065387e-12 -1.766437110076545026e-12 -1.458313266055291883e-12 -1.131293351704741325e-12 -1.125575887661310302e-12 -8.897881414151921744e-13 -7.937779175460274976e-13 -6.580038307676834386e-13 -5.601832173618700481e-13 -4.770280135656372363e-13 -4.093881159523816258e-13 -3.540372020970388885e-13 -3.079527317075373327e-13 -2.696315466877189862e-13 -2.361415069038633557e-13 -2.061890589792220873e-13 -1.792666361484674870e-13 2.750323617685135629e-12 5.158308883383060521e-12 8.162355309140967851e-12 1.171986050608889869e-11 1.239246813211107557e-11 9.916295654152162712e-12 7.436591944555294690e-12 7.458391337928490921e-12 5.804714976469082316e-12 5.234158163160682377e-12 4.370470617264089391e-12 3.779005931908171562e-12 3.275086316255926081e-12 2.860472662888934983e-12 2.511232273518594339e-12 2.210210485818697657e-12 1.946170048671595197e-12 1.703639444652466449e-12 1.475055846071742096e-12 1.255535799304957773e-12 -1.366446013325090264e-12 -2.535277853400417570e-12 -4.017727455090289583e-12 -5.739317648444387177e-12 -6.031094888364760680e-12 -4.767850349828541701e-12 -3.544958713804797381e-12 -3.593436729184422993e-12 -2.802554157958434709e-12 -2.556674737377228866e-12 -2.157709735610030384e-12 -1.887687772924876812e-12 -1.653284229871407198e-12 -1.455821979617954964e-12 -1.284071305897108663e-12 -1.130774015134633997e-12 -9.920568388487594968e-13 -8.613166105508746728e-13 -7.345322465673678607e-13 -6.164311475442652353e-13
-1.935373577388507551e-12 -1.493465679941281149e-12 -1.194827528312796612e-12 -9.639760512092785210e-13 -8.725311132141927643e-13 -7.536191347954230069e-13 -5.866235901147319814e-13 -5.107639518503096239e-13 -4.225281503517096439e-13 -3.625086525325828451e-13 -3.030818592019706382e-13 -2.556956065903640205e-13 -2.136761798614316322e-13 -1.768708640788614312e-13 -1.445987767576551865e-13 -1.161123054421087814e-13 -9.140751216551531645e-14 -7.028350186751706380e-14 -5.243573191368847558e-14 -3.804825666445964618e-14 -5.322671781569593827e-12 -4.004319502395837121e-12 -3.149114385256751414e-12 -2.538226497308159385e-12 -2.357384374057543913e-12 -2.069968261122642620e-12 -1.609844605177462762e-12 -1.427973707689842901e-12 -1.186554561104418914e-12 -1.022729336111736524e-12 -8.505444849314086052e-13 -7.112428013452925476e-13 -5.855941605842436545e-13 -4.747026592870752116e-13 -3.776920079085355752e-13 -2.932854903127556537e-13 -2.221046565915109567e-13 -1.633730379951767508e-13 -1.158660619779868223e-13 -7.940843223762825895e-14 3.574262991502132879e-11 2.658518085922047294e-11 2.083119638086188716e-11 1.700006163821122336e-11 1.616358446848819939e-11 1.436487955427721223e-11 1.116864138712030951e-11 9.975080619064300861e-12 8.248054179226441541e-12 7.063037877622628788e-12 5.788870079019461835e-12 4.755091281591627026e-12 3.826473725715242720e-12 3.016080263086931455e-12 2.320503524541648310e-12 1.733502242799211338e-12 1.256937581041245656e-12 8.822022337605205158e-13 5.958926893006208684e-13 3.799000270227704166e-13 -1.748212805871071231e-11 -1.302436948759268126e-11 -1.025695658082363787e-11 -8.452175033058681096e-12 -8.087976516876461606e-12 -7.197742720060940855e-12 -5.588240748421220035e-12 -4.974734799639837657e-12 -4.081953631767614191e-12 -3.462920035075220980e-12 -2.801226967442771740e-12 -2.266496623640891116e-12 -1.791863033773486653e-12 -1.384253917908655054e-12 -1.041387082318034968e-12 -7.589236581039409154e-13 -5.362135204659912354e-13 -3.663162205828217430e-13 -2.366716186623637540e-13 -1.390121299573560860e-13 -9.027141896811663409e-14 -1.708230071759550521e-13 -2.731577910895105898e-13 -3.978268806820657373e-13 -4.360742493745936073e-13 -3.728144989888535674e-13 -3.023739440957296969e-13 -3.030112377845064046e-13 -2.475747721248302063e-13 -2.220210601271070075e-13 -1.857743273915365673e-13 -1.576328473140676189e-13 -1.329627388897976853e-13 -1.124584383240351923e-13 -9.557562286708532524e-14 -8.161528090094345026e-14 -7.026668293157160262e-14 -6.083718256165733857e-14 -5.287022512398931706e-14 -4.615278722462785329e-14 -2.833701214167256362e-13 -5.361505167312629777e-13 -8.513434527514183556e-13 -1.231997262694019934e-12 -1.324770148929084950e-12 -1.093687289572658552e-12 -8.484333335905659620e-13 -8.441452994585483977e-13 -6.673122051790183753e-13 -5.953076096785347418e-13 -4.934814732441264641e-13 -4.201191539811070408e-13 -3.577555110560030294e-13 -3.070277864798640004e-13 -2.655164325295555349e-13 -2.309545590080254884e-13 -2.022148967535283990e-13 -1.770984765047681315e-13 -1.546351558692033269e-13 -1.344442080957877122e-13 2.060551783824547310e-12 3.870591984800134892e-12 6.120193381876500183e-12 8.790652581357298800e-12 9.294191836364682748e-12 7.436591944555294690e-12 5.578020642282341541e-12 5.593911659196715709e-12 4.353774452388677163e-12 3.925795214254745890e-12 3.278033229284036410e-12 2.834398166358839026e-12 2.456429457863050818e-12 2.145443259051835477e-12 1.883487159912665945e-12 1.657699518143543951e-12 1.459619336919350124e-12 1.277718411238596039e-12 1.106325745091919759e-12 9.417908102669615484e-13 -1.024785430108623138e-12 -1.901375136982497293e-12 -3.013166779685998294e-12 -4.304301474142240957e-12 -4.523124946157498311e-12 -3.575732341886997906e-12 -2.658603862834209451e-12 -2.694960673140502472e-12 -2.101824527150216230e-12 -1.917422928331075911e-12 -1.618212161682383527e-12 -1.415704353720206639e-12 -1.239909401349980743e-12 -1.091819196761640842e-12 -9.630118547642844777e-13 -8.480437963142304732e-13 -7.440103593760869698e-13 -6.459594632843180750e-13 -5.508754405658360529e-13 -4.623036070121061975e-13
-1.940966053093210498e-12 -1.497781225328749571e-12 -1.198280106780614028e-12 -9.667615386656098586e-13 -8.750523792662275797e-13 -7.557967702112209370e-13 -5.883186812457405120e-13 -5.122398406155244353e-13 -4.237490887334701463e-13 -3.635561778732934762e-13 -3.039576812374335833e-13 -2.564345072786420311e-13 -2.142936587441210555e-13 -1.773820050165519262e-13 -1.450166579738449372e-13 -1.164478834566786031e-13 -9.167167617821189862e-14 -7.048660285489369138e-14 -5.258724718648896790e-14 -3.815819572738277395e-14 -5.338052236954901646e-12 -4.015890447773254452e-12 -3.158214109026385962e-12 -2.545560939378992103e-12 -2.364196294427104326e-12 -2.075949648302167015e-12 -1.614496421799739985e-12 -1.432100004330944947e-12 -1.189983281855084254e-12 -1.025684699825960083e-12 -8.530023139445082931e-13 -7.132981004993262981e-13 -5.872863665569838882e-13 -4.760744688449240894e-13 -3.787834922310914429e-13 -2.941331178923275156e-13 -2.227465481875285703e-13 -1.638451801518452361e-13 -1.162009014502537669e-13 -7.963792175448881323e-14 3.584716470129239134e-11 2.666252170818702975e-11 2.089218013484844066e-11 1.704980679912150531e-11 1.621089217949036959e-11 1.440683801876186235e-11 1.120111963777604854e-11 1.000409325466513416e-11 8.272060193646604549e-12 7.083562605458881968e-12 5.805633545127246428e-12 4.768819987155988450e-12 3.837475649633016793e-12 3.024685164485109215e-12 2.327061488447001877e-12 1.738345743065105889e-12 1.260401381578356322e-12 8.846023981736984593e-13 5.974880266827576757e-13 3.808556358079935356e-13 -1.753264474870243455e-11 -1.306200491273058133e-11 -1.028659528912575434e-11 -8.476598566858177184e-12 -8.111347733800297055e-12 -7.218541479754989691e-12 -5.604388618878953664e-12 -4.989109884092281508e-12 -4.093749018659245240e-12 -3.472926698125965311e-12 -2.809321549711183987e-12 -2.273046053337250927e-12 -1.797040981251096121e-12 -1.388254204248295893e-12 -1.044396640934001489e-12 -7.611171752075000309e-13 -5.377634003533758253e-13 -3.673751137876017427e-13 -2.373558603966960344e-13 -1.394142171792090791e-13 -9.053261591029498133e-14 -1.713164634096301063e-13 -2.739472121355876767e-13 -3.989763370259404771e-13 -4.373343850436698780e-13 -3.738918402064414982e-13 -3.032476663674626672e-13 -3.038868279473296089e-13 -2.482901628737552167e-13 -2.226626228858613902e-13 -1.863111462845040854e-13 -1.580883519328625901e-13 -1.333469466867953695e-13 -1.127833996214333573e-13 -9.585179425414441043e-14 -8.185111327607226897e-14 -7.046972180978204686e-14 -6.101296923450152475e-14 -5.302298820659287278e-14 -4.628614203121262397e-14 -2.841898487382063929e-13 -5.376995028892515432e-13 -8.538036334276573022e-13 -1.235557044723076358e-12 -1.328598337974448527e-12 -1.096847735481638131e-12 -8.508849342031942498e-13 -8.465845639654671024e-13 -6.692404679708282271e-13 -5.970278289116075549e-13 -4.949074477193622796e-13 -4.213331573281392409e-13 -3.587892822266925672e-13 -3.079149742738825333e-13 -2.662836542142952269e-13 -2.316219187139970684e-13 -2.027992185906700724e-13 -1.776102122564914714e-13 -1.550819626812825620e-13 -1.348326735112797451e-13 2.067775762592861805e-12 3.880680571266606647e-12 6.138722202461398674e-12 8.815623252182714976e-12 9.321095308651228833e-12 7.458391337928490921e-12 5.593911659196715709e-12 5.610296825583332594e-12 4.366494511519733304e-12 3.937263614790071934e-12 3.287587686508929793e-12 2.842681332349719985e-12 2.463610317943583946e-12 2.151721629530218377e-12 1.889017191509720007e-12 1.662581501954951337e-12 1.463921235385631432e-12 1.281475761295809494e-12 1.109554552110420525e-12 9.445178041623468319e-13 -1.027748750817522050e-12 -1.906869749110039478e-12 -3.021872859061004240e-12 -4.316739322020110980e-12 -4.536195096905302856e-12 -3.586065014262858236e-12 -2.666286167821716299e-12 -2.702748091371381039e-12 -2.107897979296497248e-12 -1.922963543152484735e-12 -1.622888166549829946e-12 -1.419795240493901009e-12 -1.243492270771404126e-12 -1.094974114195848775e-12 -9.657945330323519334e-13 -8.504942944958377176e-13 -7.461602699775964893e-13 -6.478260335736612187e-13 -5.524671971740110140e-13 -4.636393574616402303e-13
-1.510593334076832827e-12 -1.165676401649276446e-12 -9.325840324534724193e-13 -7.524003622166036127e-13 -6.810259752795596588e-13 -5.882130647834629040e-13 -4.578700886577621497e-13 -3.986602989927791763e-13 -3.297906992396722331e-13 -2.829444249357760531e-13 -2.365607660713392081e-13 -1.995749591345893881e-13 -1.667780521879096661e-13 -1.380508563771327144e-13 -1.128619191644176461e-13 -9.062772764048216438e-14 -7.134519098791088472e-14 -5.485752003081231771e-14 -4.092701579898088928e-14 -2.969733608552086731e-14 -4.154439541314141065e-12 -3.125442256481763597e-12 -2.457939521392637131e-12 -1.981130695406586956e-12 -1.839980229988353609e-12 -1.615646862594311609e-12 -1.256512207068394167e-12 -1.114558757317023345e-12 -9.261268498206199590e-13 -7.982583723847480760e-13 -6.638650521123957757e-13 -5.551376216819486827e-13 -4.570666281472686094e-13 -3.705138598580882804e-13 -2.947953286394003636e-13 -2.289145614977273948e-13 -1.733566451674254882e-13 -1.275155656370723848e-13 -9.043552197520116895e-14 -6.197969615419409342e-14 2.790025442209326725e-11 2.075240906892356181e-11 1.626110556073866614e-11 1.327063387294806841e-11 1.261749433277471850e-11 1.121327129612983101e-11 8.718105477383655948e-12 7.786250208838285886e-12 6.438201866961828820e-12 5.513235515219935732e-12 4.518603720425498434e-12 3.711609060412028555e-12 2.986731430071017570e-12 2.354123492654594631e-12 1.811159524228426541e-12 1.352999238793453554e-12 9.810259245683316589e-13 6.885052243646945244e-13 4.649885926003866837e-13 2.963862401895267811e-13 -1.364511043690296104e-11 -1.016575094366835582e-11 -8.005736194280439462e-12 -6.597072232788760872e-12 -6.312808867442536019e-12 -5.617965622816597037e-12 -4.361720828053159779e-12 -3.882868577923287364e-12 -3.186037102096030401e-12 -2.702870435642647949e-12 -2.186407270123976087e-12 -1.769040774846483423e-12 -1.398580864092957582e-12 -1.080434786599172857e-12 -8.128211598565929201e-13 -5.923535090075755016e-13 -4.185242763886315858e-13 -2.859164113356406541e-13 -1.847264958516986545e-13 -1.085015496097771581e-13 -7.045854703568121372e-14 -1.333303329617014546e-13 -2.132045220783479450e-13 -3.105108888246361116e-13 -3.403636859715569130e-13 -2.909883315573638882e-13 -2.360082091807979925e-13 -2.365056362736334288e-13 -1.932364906246410986e-13 -1.732913698678304119e-13 -1.450001518731556962e-13 -1.230352296737445091e-13 -1.037797703645577710e-13 -8.777580174080343377e-14 -7.459846386338711727e-14 -6.370217014272052239e-14 -5.484438840855888370e-14 -4.748449504534270415e-14 -4.126614307575768659e-14 -3.602306466175294479e-14 -2.211756710926886075e-13 -4.184748824915249171e-13 -6.644886738188509828e-13 -9.615956059262439622e-13 -1.034006586858899485e-12 -8.536423237346281470e-13 -6.622172218489716707e-13 -6.588703520752146040e-13 -5.208489849254202032e-13 -4.646481302756274602e-13 -3.851710263089714147e-13 -3.279104429179897583e-13 -2.792345079149659783e-13 -2.396406209770040455e-13 -2.072402700112988841e-13 -1.802641185368899570e-13 -1.578323060695001061e-13 -1.382284926052583905e-13 -1.206954675030901178e-13 -1.049360761684002123e-13 1.608854189965381877e-12 3.020636787476053065e-12 4.777338332647247767e-12 6.861232812810794379e-12 7.254443459252622922e-12 5.804714976469082316e-12 4.353774452388677163e-12 4.366494511519733304e-12 3.398653503667712640e-12 3.064557206882270347e-12 2.558856652248498996e-12 2.212543857115792929e-12 1.917509960587046236e-12 1.674754790818906955e-12 1.470280320898024527e-12 1.294044124259853859e-12 1.139397228622211973e-12 9.973671972549139152e-13 8.635502844133339987e-13 7.351469949299510649e-13 -7.998638086275075811e-13 -1.484057065743283861e-12 -2.351829760754084614e-12 -3.359583517163690860e-12 -3.530379106742679998e-12 -2.790922445821667365e-12 -2.075087365828167948e-12 -2.103464517054761582e-12 -1.640511246015709449e-12 -1.496582537668339859e-12 -1.263043235873040838e-12 -1.104982322806122875e-12 -9.677712390475225818e-13 -8.521842042138063825e-13 -7.516477827562838438e-13 -6.619131882222642589e-13 -5.807132580093032202e-13 -5.041827945639868956e-13 -4.299680140405161497e-13 -3.608361093089220632e-13
-1.362128957514239923e-12 -1.051111209086128722e-12 -8.409276570645975035e-13 -6.784528224805791236e-13 -6.140932689368398554e-13 -5.304022067832736101e-13 -4.128696217954611825e-13 -3.594790987576276148e-13 -2.973781559992034094e-13 -2.551360394402831367e-13 -2.133110707812866526e-13 -1.799603103817212393e-13 -1.503867538302074919e-13 -1.244829324416186912e-13 -1.017696169957689707e-13 -8.172065258552673140e-14 -6.433323898983803847e-14 -4.946600657127741897e-14 -3.690461942214557923e-14 -2.677861641935747626e-14 -3.746132249127385037e-12 -2.818267044050033086e-12 -2.216367917109428201e-12 -1.786420880060766391e-12 -1.659142997139386745e-12 -1.456857594808025940e-12 -1.133019470931951044e-12 -1.005017516701068447e-12 -8.351051115821441241e-13 -7.198038323916129588e-13 -5.986189809278808500e-13 -5.005775167374426652e-13 -4.121451481980355971e-13 -3.340989816501643508e-13 -2.658222307436936198e-13 -2.064163783832235298e-13 -1.563188020683302839e-13 -1.149830739392208751e-13 -8.154733095021527656e-14 -5.588820479203594150e-14 2.515826019897307222e-11 1.871300495448226269e-11 1.466316466405290736e-11 1.196661042193221721e-11 1.137770611512871271e-11 1.011147184741230862e-11 7.861503062447526261e-12 7.021096959068380548e-12 5.805365617866693917e-12 4.971307305617361936e-12 4.074464470370130915e-12 3.346770804724991715e-12 2.693142099232172397e-12 2.122719522120593774e-12 1.633112023327286566e-12 1.219988150078740564e-12 8.845677595952134678e-13 6.208195183052939894e-13 4.192976881487888126e-13 2.672687185163215766e-13 -1.230403953779221759e-11 -9.166638994193852101e-12 -7.218915167853408452e-12 -5.948697730094053454e-12 -5.692372400110609234e-12 -5.065819844121797518e-12 -3.933041488869904416e-12 -3.501251874153823841e-12 -2.872906523021963705e-12 -2.437226530363340662e-12 -1.971522469852384244e-12 -1.595175657777314271e-12 -1.261125353087567596e-12 -9.742473995950192861e-13 -7.329354238984065506e-13 -5.341358496129460269e-13 -3.773909079472763070e-13 -2.578160186767017508e-13 -1.665712598628846064e-13 -9.783787623836639533e-14 -6.353381070080868372e-14 -1.202263030982872716e-13 -1.922503449049401616e-13 -2.799931822777685488e-13 -3.069120195501015607e-13 -2.623893820179880768e-13 -2.128128076182414084e-13 -2.132613527104326832e-13 -1.742447899136406387e-13 -1.562599216099547901e-13 -1.307492244831969052e-13 -1.109430631510001219e-13 -9.358006967217269862e-14 -7.914900635470597785e-14 -6.726676450088651447e-14 -5.744138228984580743e-14 -4.945416237143754448e-14 -4.281761414049581924e-14 -3.721041472238470231e-14 -3.248263797222666481e-14 -1.994382598010414458e-13 -3.773462009676847220e-13 -5.991813218634832197e-13 -8.670878627228417421e-13 -9.323822136141803533e-13 -7.697445390833929290e-13 -5.971330728359720858e-13 -5.941151535246409492e-13 -4.696588191307762824e-13 -4.189815110044301517e-13 -3.473155869057653485e-13 -2.956827014611992563e-13 -2.517907365003011894e-13 -2.160882223113068998e-13 -1.868722444330929828e-13 -1.625473693803654660e-13 -1.423202059229937402e-13 -1.246430953831828525e-13 -1.088332494658135078e-13 -9.462272576717479085e-14 1.450757980184391862e-12 2.723674652612793453e-12 4.307818195676768686e-12 6.186809936234028278e-12 6.541427966494817839e-12 5.234158163160682377e-12 3.925795214254745890e-12 3.937263614790071934e-12 3.064557206882270347e-12 2.763470984496658558e-12 2.307473673610757192e-12 1.995167052522212813e-12 1.729111148181657436e-12 1.510194555523354603e-12 1.325799481815485757e-12 1.166879433753510235e-12 1.027419391404459834e-12 8.993632486168250463e-13 7.786879822519755616e-13 6.628877691676236600e-13 -7.212519576488118929e-13 -1.338200820154056252e-12 -2.120686662508655120e-12 -3.029396412593224573e-12 -3.183405839858031093e-12 -2.516624604796869712e-12 -1.871143290444489463e-12 -1.896731487181361978e-12 -1.479278255913597536e-12 -1.349495174685068245e-12 -1.138908618297709163e-12 -9.963822851770932175e-13 -8.726565941301012975e-13 -7.684296959827298203e-13 -6.777742027298574287e-13 -5.968589257505848477e-13 -5.236395068329854210e-13 -4.546306199923545034e-13 -3.877098148060352695e-13 -3.253723270023147045e-13
-1.137367231095772262e-12 -8.776697959165365944e-13 -7.021681438195095910e-13 -5.665029049240144540e-13 -5.127631698138555850e-13 -4.428817766723622402e-13 -3.447429691067059381e-13 -3.001622917061394645e-13 -2.483084794557306062e-13 -2.130366344816520707e-13 -1.781131050517216090e-13 -1.502654753980207799e-13 -1.255717826966801319e-13 -1.039422892710754853e-13 -8.497684560017394808e-14 -6.823611313262586452e-14 -5.371775840004840778e-14 -4.130373529089398705e-14 -3.081507443394507446e-14 -2.235993976852542517e-14 -3.127991692091420731e-12 -2.353231361973098914e-12 -1.850650208945903102e-12 -1.491647735492681168e-12 -1.385371676068642570e-12 -1.216464917840992182e-12 -9.460625678218486027e-13 -8.391819165504544150e-13 -6.973063589815648531e-13 -6.010306724372862186e-13 -4.998422499886241512e-13 -4.179783796219763558e-13 -3.441380316996286130e-13 -2.789700782072904521e-13 -2.219595151164588797e-13 -1.723560802832762237e-13 -1.305249926305323494e-13 -9.600997989915288310e-14 -6.809139316209443051e-14 -4.666621977737963173e-14 2.100758636969462559e-11 1.562582043684518315e-11 1.224414264957898757e-11 9.992478261455852150e-12 9.500814758124482047e-12 8.443424783825596188e-12 6.564689089719226880e-12 5.862881491512266426e-12 4.847581955522866588e-12 4.150930439620647354e-12 3.402092250828805674e-12 2.794567680960681010e-12 2.248810814284439064e-12 1.772541682952829242e-12 1.363746220443620758e-12 1.018806781179864270e-12 7.386941186964279490e-13 5.184168519953368729e-13 3.501294582881274724e-13 2.231792598895572732e-13 -1.027377862134717515e-11 -7.654073240016886209e-12 -6.027738782966683937e-12 -4.967116970786453247e-12 -4.753087280143901740e-12 -4.229920704344470327e-12 -3.284059471527194626e-12 -2.923518454747148298e-12 -2.398854898635868930e-12 -2.035065443185516003e-12 -1.646206128741960209e-12 -1.331959426664166408e-12 -1.053029982623857127e-12 -8.134890776987466946e-13 -6.119954270114008339e-13 -4.459992933291334065e-13 -3.151184770692309273e-13 -2.152743659151289766e-13 -1.390856946531643050e-13 -8.169384291772641383e-14 -5.305021540836190437e-14 -1.003880539397226574e-13 -1.605275547954204134e-13 -2.337921685636968493e-13 -2.562691778294989226e-13 -2.190931168752824959e-13 -1.776970636782501058e-13 -1.780715931773388116e-13 -1.454930633324654958e-13 -1.304758352238865901e-13 -1.091745992205310916e-13 -9.263660612895421091e-14 -7.813864058378068596e-14 -6.608881316262342772e-14 -5.616723279156598678e-14 -4.796311393379464595e-14 -4.129384660859233775e-14 -3.575238013040527073e-14 -3.107041181072802435e-14 -2.712275427948230689e-14 -1.665293417431525469e-13 -3.150812068097712514e-13 -5.003117967512252683e-13 -7.240117318717297809e-13 -7.785319863613888675e-13 -6.427307759764086316e-13 -4.986015388715130093e-13 -4.960815948102342605e-13 -3.921615121803984764e-13 -3.498463468045005033e-13 -2.900058504853395110e-13 -2.468927857375495482e-13 -2.102433338191397549e-13 -1.804320083343542509e-13 -1.560368921260259077e-13 -1.357258073422545331e-13 -1.188362802927212300e-13 -1.040760293772329931e-13 -9.087493087701495421e-14 -7.900925237648380841e-14 1.211328919535685702e-12 2.274268767717031611e-12 3.596984576085152015e-12 5.165920432059652614e-12 5.462058990423611384e-12 4.370470617264089391e-12 3.278033229284036410e-12 3.287587686508929793e-12 2.558856652248498996e-12 2.307473673610757192e-12 1.926915400471911591e-12 1.666148208730423345e-12 1.443917025657109643e-12 1.261076128423873523e-12 1.107076866188839175e-12 9.743515390594996661e-13 8.578653851640373275e-13 7.509407245433273805e-13 6.502068587643254488e-13 5.535244322498756504e-13 -6.022396767572259415e-13 -1.117387388165492707e-12 -1.770757163167166802e-12 -2.529522759207731385e-12 -2.658119450603450948e-12 -2.101362224144611556e-12 -1.562390296672927450e-12 -1.583756239951331123e-12 -1.235185996811368810e-12 -1.126818118545627585e-12 -9.509799599209409509e-13 -8.319715607912245193e-13 -7.286615610491948176e-13 -6.416329030177977390e-13 -5.659362645708788471e-13 -4.983726262127783743e-13 -4.372349706639034166e-13 -3.796130804539939048e-13 -3.237347263089727541e-13 -2.716834078746185758e-13
-9.834522507452023905e-13 -7.588985505698727126e-13 -6.071467665808291534e-13 -4.898405059337778490e-13 -4.433731464984743494e-13 -3.829484881046897116e-13 -2.980903844147086729e-13 -2.595426182739633836e-13 -2.147059667816472155e-13 -1.842073184942612877e-13 -1.540098481332598056e-13 -1.299307210371347730e-13 -1.085787177059190728e-13 -8.987625802687697968e-14 -7.347732248874047365e-14 -5.900204705800894830e-14 -4.644838399848444131e-14 -3.571428457901943501e-14 -2.664500198536443965e-14 -1.933406298670485572e-14 -2.704694130726494052e-12 -2.034778767641978479e-12 -1.600209738462325036e-12 -1.289789485725872077e-12 -1.197895327376109936e-12 -1.051845982280432691e-12 -8.180360149794285854e-13 -7.256190678694300483e-13 -6.029429317700718664e-13 -5.196958351086179382e-13 -4.322008102087092293e-13 -3.614152215740751941e-13 -2.975673586327101646e-13 -2.412183217603474323e-13 -1.919227499997740463e-13 -1.490319574056836399e-13 -1.128616621867515247e-13 -8.301739623245872746e-14 -5.887689691530980623e-14 -4.035109856817570782e-14 1.816537130828401402e-11 1.351175476791356428e-11 1.058768783428472721e-11 8.640823094971876525e-12 8.215640903948880306e-12 7.301329203307531654e-12 5.676806172300385943e-12 5.069938331402196941e-12 4.191922550107542802e-12 3.589357141531853121e-12 2.941608418885843130e-12 2.416342316597230656e-12 1.944527303230024830e-12 1.532714265909969151e-12 1.179241311454357759e-12 8.809933875318768487e-13 6.387930715843018570e-13 4.483129979663181012e-13 3.027805373329682384e-13 1.929980196022486208e-13 -8.883472746801558218e-12 -6.618280703760171565e-12 -5.212031058817555657e-12 -4.294938570274073064e-12 -4.109872630758941321e-12 -3.657503906095984613e-12 -2.839641946655428196e-12 -2.527891387688728081e-12 -2.074228327337875328e-12 -1.759668945586144979e-12 -1.423432253159311549e-12 -1.151711201239933674e-12 -9.105280834184255634e-13 -7.034033030076447604e-13 -5.291769280229817478e-13 -3.856444221207870847e-13 -2.724750905149325825e-13 -1.861424237242678906e-13 -1.202640196816193664e-13 -7.063878191416191897e-14 -4.587134632284005236e-14 -8.680288984418758008e-14 -1.388041106879771357e-13 -2.021540289676209099e-13 -2.215894075150365867e-13 -1.894442226951710467e-13 -1.536500787445449767e-13 -1.539739389472935682e-13 -1.258041152484201010e-13 -1.128191101628731087e-13 -9.440047550468770178e-14 -8.010049933158268610e-14 -6.756447538527576622e-14 -5.714530048948720907e-14 -4.856636184380261904e-14 -4.147247135492791049e-14 -3.570572683355114362e-14 -3.091416052561605197e-14 -2.686578152198323636e-14 -2.345234472753676873e-14 -1.439941296731405720e-13 -2.724424816372739740e-13 -4.326068383144750834e-13 -6.260342477290288809e-13 -6.731766893415943156e-13 -5.557528664889695188e-13 -4.311279304057402272e-13 -4.289490288065586053e-13 -3.390919884497673842e-13 -3.025031627367822492e-13 -2.507606178567877034e-13 -2.134818667404126984e-13 -1.817920126671849213e-13 -1.560149247112241237e-13 -1.349210861301926329e-13 -1.173586169599253431e-13 -1.027546810384631417e-13 -8.999186588161728027e-14 -7.857720481433312584e-14 -6.831725856770028663e-14 1.047431596654288910e-12 1.966438132064671305e-12 3.110248193186752170e-12 4.466792880336669052e-12 4.722883267395611941e-12 3.779005931908171562e-12 2.834398166358839026e-12 2.842681332349719985e-12 2.212543857115792929e-12 1.995167052522212813e-12 1.666148208730423345e-12 1.440888326185660187e-12 1.248726052703672157e-12 1.090543582069141212e-12 9.573328952152898459e-13 8.425487327773182729e-13 7.418053998854631691e-13 6.493284137428515056e-13 5.622233573259355122e-13 4.786254367835596489e-13 -5.207423127388889759e-13 -9.661763967918088432e-13 -1.531127838081280499e-12 -2.187213452158902119e-12 -2.298407704089145531e-12 -1.816994084179498963e-12 -1.350958772880981204e-12 -1.369433385810325967e-12 -1.068033625590340099e-12 -9.743307090004150713e-13 -8.222879626847628443e-13 -7.193844818376259691e-13 -6.300549561891594722e-13 -5.548034938761526328e-13 -4.893505341922077617e-13 -4.309300079554702898e-13 -3.780658618072477563e-13 -3.282416862505266076e-13 -2.799250766129280129e-13 -2.349176010609742468e-13
-8.522989074012817179e-13 -6.576917194095081945e-13 -5.261775830038704901e-13 -4.245153100442055349e-13 -3.842448385157754719e-13 -3.318784289789531096e-13 -2.583370124430821381e-13 -2.249299815070838076e-13 -1.860727471719215944e-13 -1.596413966563050509e-13 -1.334710599170977585e-13 -1.126031267544444185e-13 -9.409863054798659967e-14 -7.789032873256343735e-14 -6.367835974875512706e-14 -5.113350540103871419e-14 -4.025400971493236027e-14 -3.095141907726476692e-14 -2.309162161492209685e-14 -1.675567123641297624e-14 -2.343995703191232562e-12 -1.763420351069153734e-12 -1.386805518422047992e-12 -1.117782976230409967e-12 -1.038143823081523644e-12 -9.115716453021004786e-13 -7.089426086580600843e-13 -6.288503944589974011e-13 -5.225343562470190261e-13 -4.503890938282456559e-13 -3.745624147453715750e-13 -3.132168038469956661e-13 -2.578837075837822660e-13 -2.090493746373382968e-13 -1.663278686539427332e-13 -1.291569836602071035e-13 -9.781038163225607682e-14 -7.194616423967656229e-14 -5.102505431248131496e-14 -3.496985981757588552e-14 1.574338024210497147e-11 1.171043889006986366e-11 9.176376868999055815e-12 7.489173798721089368e-12 7.120574466558491773e-12 6.328217311077774748e-12 4.920311378391862634e-12 4.394323730177434455e-12 3.633354038716665521e-12 3.111071123861069468e-12 2.549497186918166876e-12 2.094016817960354706e-12 1.685161163176024791e-12 1.328348470866139259e-12 1.022009911383576940e-12 7.635352228700586590e-13 5.536547350219690120e-13 3.885574387297344365e-13 2.624133998954570564e-13 1.672552727722208669e-13 -7.698771405520745500e-12 -5.735665747978526391e-12 -4.516953762382918203e-12 -3.722164888754837795e-12 -3.561779346358419974e-12 -3.169738593823395697e-12 -2.460946849559690436e-12 -2.190771390660543179e-12 -1.797608874989887644e-12 -1.524999166688594817e-12 -1.233603066470195789e-12 -9.981187725294571721e-13 -7.890998643784567532e-13 -6.095972196309997151e-13 -4.586056928304879162e-13 -3.342146479793026303e-13 -2.361376264388907565e-13 -1.613183139451045468e-13 -1.042254736992071431e-13 -6.121825079188363360e-14 -3.975382044712039844e-14 -7.522689509338163904e-14 -1.202931392838906753e-13 -1.751947727645303729e-13 -1.920381930507202206e-13 -1.641798944912604601e-13 -1.331592875117401211e-13 -1.334399488678533662e-13 -1.090268604007289713e-13 -9.777353348902515959e-14 -8.181121242557367460e-14 -6.941828205784838427e-14 -5.855406747007141576e-14 -4.952439435812266654e-14 -4.208954600847714986e-14 -3.594169753257821665e-14 -3.094400710388476744e-14 -2.679144635858400748e-14 -2.328296053127078380e-14 -2.032473935697322977e-14 -1.247907505963538484e-13 -2.361096038708559586e-13 -3.749142805396595199e-13 -5.425462943622788740e-13 -5.834017027090297236e-13 -4.816375401560347879e-13 -3.736326570878283545e-13 -3.717443158990404401e-13 -2.938706319223689947e-13 -2.621612903960611083e-13 -2.173191415558479272e-13 -1.850118846117397714e-13 -1.575482028763934951e-13 -1.352087513375407984e-13 -1.169279951421578356e-13 -1.017076567653931599e-13 -8.905130112598568946e-14 -7.799054010360407648e-14 -6.809814623170768415e-14 -5.920646713346709215e-14 9.076186752083513335e-13 1.704271388897340457e-12 2.695447700072150582e-12 3.871187534095282976e-12 4.093060167579574801e-12 3.275086316255926081e-12 2.456429457863050818e-12 2.463610317943583946e-12 1.917509960587046236e-12 1.729111148181657436e-12 1.443917025657109643e-12 1.248726052703672157e-12 1.082415788285063203e-12 9.453269228897122237e-13 8.297868716869974099e-13 7.302723831747505717e-13 6.429367184024437977e-13 5.627492120849467291e-13 4.872548578277262989e-13 4.148010340050902735e-13 -4.512953401257085435e-13 -8.373268375714022058e-13 -1.326936660896321450e-12 -1.895526298768669751e-12 -1.991891672080552931e-12 -1.574679407405296233e-12 -1.170794711429368780e-12 -1.186805528368398110e-12 -9.256004977493329348e-13 -8.443938126944366985e-13 -7.126275128702459631e-13 -6.234472391613335486e-13 -5.460307256125065048e-13 -4.808148195582587580e-13 -4.240906886997933752e-13 -3.734611218675630459e-13 -3.276469368533012422e-13 -2.844673248202145549e-13 -2.425942449994798477e-13 -2.035889960282702988e-13
-7.444065306572978004e-13 -5.744346319481823964e-13 -4.595688519051193034e-13 -3.707759931171034045e-13 -3.356033501652747849e-13 -2.898659998893304325e-13 -2.256341774932071398e-13 -1.964561365601760529e-13 -1.625178297604419238e-13 -1.394324155841255431e-13 -1.165749740739936663e-13 -9.834870782336516803e-14 -8.218669310953246283e-14 -6.803019455462396138e-14 -5.561731753036618521e-14 -4.466051192233498260e-14 -3.515825505077473911e-14 -2.703328231117676287e-14 -2.016845778199277068e-14 -1.463457470237536414e-14 -2.047269676041406087e-12 -1.540189258199516977e-12 -1.211250036849615849e-12 -9.762830240311036036e-13 -9.067253698339195891e-13 -7.961759454366001929e-13 -6.191976833065851705e-13 -5.492443260037070974e-13 -4.563868111855409552e-13 -3.933743988228850666e-13 -3.271466039685579026e-13 -2.735667241816364969e-13 -2.252382388132651912e-13 -1.825858286962092059e-13 -1.452724314817616904e-13 -1.128069937335484962e-13 -8.542856289012056968e-14 -6.283849993451119636e-14 -4.456579495012428132e-14 -3.054302516876764595e-14 1.375104570257466791e-11 1.022831440108726043e-11 8.015231915971535123e-12 6.541518821299460014e-12 6.219656876854023954e-12 5.527595299837125903e-12 4.297914726059509021e-12 3.838515139589456719e-12 3.173896262735289566e-12 2.717720400141772703e-12 2.227158624341792825e-12 1.829119510184979865e-12 1.471714909040250854e-12 1.160112523306260893e-12 8.926745890382367545e-13 6.669070838827231947e-13 4.836136706871974134e-13 3.394346093283677271e-13 2.292509177609284011e-13 1.461183093750717632e-13 -6.724185185926977020e-12 -5.009588762200054491e-12 -3.945153318304920794e-12 -3.250976647409911742e-12 -3.110894269366143055e-12 -2.768481895981237727e-12 -2.149415991504807507e-12 -1.913441997536917777e-12 -1.570049841101338669e-12 -1.331949742088578707e-12 -1.077441434635228700e-12 -8.717670563152865297e-13 -6.892078122225070548e-13 -5.324283438490465352e-13 -4.005508045841967381e-13 -2.919063683803095271e-13 -2.062449186997206309e-13 -1.408969802863991943e-13 -9.103151889918046102e-14 -5.346856464500770598e-14 -3.472132252712894021e-14 -6.570396560786934133e-14 -1.050652308578990845e-13 -1.530169169783024444e-13 -1.677281001480917313e-13 -1.433963786520396159e-13 -1.163026795422738640e-13 -1.165478068376930582e-13 -9.522516906723635098e-14 -8.539639651849916336e-14 -7.145474398968747267e-14 -6.063063189698583756e-14 -5.114171835634298302e-14 -4.325510948108337759e-14 -3.676143835913670133e-14 -3.139184481336866961e-14 -2.702681127612558464e-14 -2.339992341347782858e-14 -2.033557665298092038e-14 -1.775183571206958223e-14 -1.089933335710134297e-13 -2.062205835234135081e-13 -3.274539186788142254e-13 -4.738654906583311795e-13 -5.095489548355186161e-13 -4.206671013984976169e-13 -3.263345693607610493e-13 -3.246852622178263923e-13 -2.566695994435644545e-13 -2.289743339161166688e-13 -1.898087465851300030e-13 -1.615912564944714926e-13 -1.376042026815110750e-13 -1.180926985952243166e-13 -1.021261031284906903e-13 -8.883250320484961626e-14 -7.777831183397570154e-14 -6.811773255972756741e-14 -5.947761885849887236e-14 -5.171153542944599657e-14 7.927537674376470442e-13 1.488476678555626406e-12 2.354224801330024013e-12 3.381094015917288673e-12 3.574910053946058438e-12 2.860472662888934983e-12 2.145443259051835477e-12 2.151721629530218377e-12 1.674754790818906955e-12 1.510194555523354603e-12 1.261076128423873523e-12 1.090543582069141212e-12 9.453269228897122237e-13 8.258674422338774296e-13 7.249678117561865503e-13 6.379441092034711503e-13 5.616260239356591009e-13 4.915611058066829007e-13 4.255903399133687054e-13 3.622955878264088408e-13 -3.941655269728424391e-13 -7.313296981512686009e-13 -1.158960127151078753e-12 -1.655571921921170634e-12 -1.739738420980396306e-12 -1.375340964349438751e-12 -1.022584008717696621e-12 -1.036568007944885759e-12 -8.084288852769270455e-13 -7.375021387038160391e-13 -6.224161142850871295e-13 -5.445251466205625238e-13 -4.769087841880928653e-13 -4.199485545227842441e-13 -3.704051290502545252e-13 -3.261847441948753853e-13 -2.861701636191722126e-13 -2.484566537287013114e-13 -2.118842914996771878e-13 -1.778167238909385311e-13
-6.535334351709010347e-13 -5.043107760848480215e-13 -4.034671919150693387e-13 -3.255136891880794389e-13 -2.946347240420100217e-13 -2.544807482417902182e-13 -1.980899940857828105e-13 -1.724738486030070027e-13 -1.426785393554672071e-13 -1.224112595217479955e-13 -1.023441237737679057e-13 -8.634281848377403538e-14 -7.215377525818142243e-14 -5.972541942735803641e-14 -4.882784101927227192e-14 -3.920857831922711955e-14 -3.086631503543333423e-14 -2.373320310409445415e-14 -1.770640359350732300e-14 -1.284806756192751633e-14 -1.797350139985219812e-12 -1.352171332853074456e-12 -1.063387224745760292e-12 -8.571037249819233800e-13 -7.960372751771245429e-13 -6.989831271115837970e-13 -5.436094046877012948e-13 -4.821955664140718101e-13 -4.006735798255530764e-13 -3.453533671400916181e-13 -2.872102962666548195e-13 -2.401711572551137928e-13 -1.977423566366562934e-13 -1.602967069767013675e-13 -1.275383269210981922e-13 -9.903607644349400343e-14 -7.499987407805953441e-14 -5.516749689932725879e-14 -3.912543377520480302e-14 -2.681448795505190268e-14 1.207245577026070909e-11 8.979948236335916673e-12 7.037056401091160531e-12 5.743298007481725887e-12 5.460746845144140753e-12 4.853196673006482666e-12 3.773639675059629178e-12 3.370360761105169747e-12 2.786920252399745617e-12 2.386462526966978704e-12 1.955795581690021999e-12 1.606290652350351302e-12 1.292295290540228794e-12 1.018450926951003517e-12 7.836822200619048340e-13 5.854969671512756036e-13 4.245566135241135895e-13 2.979859522594761147e-13 2.012554378591845102e-13 1.282617927443531520e-13 -5.903333220934413240e-12 -4.398045420533109188e-12 -3.463550448674070652e-12 -2.854115107108757023e-12 -2.731133195457116124e-12 -2.430520670351199734e-12 -1.887026980633884499e-12 -1.679859404181461742e-12 -1.378386658400814829e-12 -1.169352507430335331e-12 -9.459132048983341588e-13 -7.653464310553070334e-13 -6.050730165442924948e-13 -4.674322694290548554e-13 -3.516536132499350360e-13 -2.562718366830834428e-13 -1.810675039051409276e-13 -1.236969041601424443e-13 -7.991875740781433451e-14 -4.694126815665129687e-14 -3.048260508644757261e-14 -5.768324037001889052e-14 -9.223940243605639629e-14 -1.343374847560363749e-13 -1.472527483875740660e-13 -1.258913103690799323e-13 -1.021050893320707209e-13 -1.023202831585544463e-13 -8.360060041949219525e-14 -7.497166639663804951e-14 -6.273193669386995410e-14 -5.322917192651907233e-14 -4.489861687712987754e-14 -3.797476118733585657e-14 -3.227380396182129763e-14 -2.755970081132580380e-14 -2.372752697005496051e-14 -2.054339152153357561e-14 -1.785312432787116270e-14 -1.558479149341099540e-14 -9.568769172669362945e-14 -1.810464003284672294e-13 -2.874800799227714904e-13 -4.160186490955558075e-13 -4.473459494878845178e-13 -3.693143100526852684e-13 -2.864974373438777636e-13 -2.850494486038888310e-13 -2.253367759682428096e-13 -2.010223896927276430e-13 -1.666379265070543112e-13 -1.418650675669579840e-13 -1.208062320220454832e-13 -1.036765861069062428e-13 -8.965911096988783720e-14 -7.798831826355560499e-14 -6.828355924018380786e-14 -5.980229432712738838e-14 -5.221692550848791484e-14 -4.539888230838613121e-14 6.958540317193376683e-13 1.306808380279919935e-12 2.066753363385904555e-12 2.968343311373850289e-12 3.138422943050257459e-12 2.511232273518594339e-12 1.883487159912665945e-12 1.889017191509720007e-12 1.470280320898024527e-12 1.325799481815485757e-12 1.107076866188839175e-12 9.573328952152898459e-13 8.297868716869974099e-13 7.249678117561865503e-13 6.366345633746217157e-13 5.602323955157949294e-13 4.931938513677101675e-13 4.316607655738180362e-13 3.737107696558955210e-13 3.181172949666684938e-13 -3.460471797396609596e-13 -6.420528123474088893e-13 -1.017480878960842204e-12 -1.453468683123772611e-12 -1.527360598615651055e-12 -1.207446756147681449e-12 -8.977525305495372915e-13 -9.100294186915294565e-13 -7.097402901008649910e-13 -6.474718903056875309e-13 -5.464349437417686355e-13 -4.780524626994293637e-13 -4.186903516628668938e-13 -3.686835272754633140e-13 -3.251881066317899152e-13 -2.863658935207548732e-13 -2.512360645790122415e-13 -2.181264187874421185e-13 -1.860186326033123313e-13 -1.561098730797096054e-13
-5.751836855761510527e-13 -4.438507916962726286e-13 -3.550969740767785304e-13 -2.864890289089553954e-13 -2.593120351344603958e-13 -2.239719686427093425e-13 -1.743416989850984257e-13 -1.517965807041632996e-13 -1.255733267598665522e-13 -1.077358221456970160e-13 -9.007446638002157885e-14 -7.599150096855254690e-14 -6.350353011875191739e-14 -5.256516824985684471e-14 -4.297405953763881003e-14 -3.450801801491349722e-14 -2.716587211095350191e-14 -2.088791771024226316e-14 -1.558364635082188240e-14 -1.130775810786143054e-14 -1.581872362275754642e-12 -1.190064428620541076e-12 -9.359015954320057301e-13 -7.543486625791013141e-13 -7.006032573457209060e-13 -6.151845756001132998e-13 -4.784380461349597271e-13 -4.243868936046293650e-13 -3.526382892048217879e-13 -3.039502238315649362e-13 -2.527777174319918035e-13 -2.113779293993553095e-13 -1.740357594588210622e-13 -1.410793413293405694e-13 -1.122482439395971875e-13 -8.716303531276288326e-14 -6.600843398508169887e-14 -4.855367959136155559e-14 -3.443483505431216315e-14 -2.359980343322373136e-14 1.062559119963766505e-11 7.903812679782961414e-12 6.193836814916025304e-12 5.055116704144514228e-12 4.806460638327986047e-12 4.271757005933642648e-12 3.321556589976086691e-12 2.966642442940226093e-12 2.453158786394344396e-12 2.100733304576919135e-12 1.721696163154774676e-12 1.414071934709472639e-12 1.137662043259505514e-12 8.964072221948495241e-13 6.894140910508652610e-13 5.150233283795915547e-13 3.734886971092644378e-13 2.621503391574719793e-13 1.770487763698340029e-13 1.128278060383328982e-13 -5.195604079942304927e-12 -3.870779747494664248e-12 -3.048317989920501856e-12 -2.511945623918713697e-12 -2.403707584458578344e-12 -2.139134396386891755e-12 -1.660798177911547426e-12 -1.478467171349995920e-12 -1.213136919538523709e-12 -1.029163123463737806e-12 -8.325111366116532628e-13 -6.735918596749099452e-13 -5.325330482436631144e-13 -4.113935901834504233e-13 -3.094952221119757469e-13 -2.255484595009971692e-13 -1.593600795587578852e-13 -1.088674210018794687e-13 -7.033767043996096367e-14 -4.131374272819644563e-14 -2.682823761750768499e-14 -5.076776979484483050e-14 -8.118117926226907323e-14 -1.182322263406224221e-13 -1.295991631963195383e-13 -1.107986707573316919e-13 -8.986407624029406815e-14 -9.005347742625344613e-14 -7.357802720093954193e-14 -6.598358760657731814e-14 -5.521123348458312190e-14 -4.684772151810006681e-14 -3.951588415641455888e-14 -3.342210506249810868e-14 -2.840461368545955488e-14 -2.425566745718896322e-14 -2.088291890759073511e-14 -1.808051681047069158e-14 -1.571277546682436206e-14 -1.371638540158376415e-14 -8.421625200193973892e-14 -1.593413395555171350e-13 -2.530151677531323061e-13 -3.661436352868206375e-13 -3.937152965033297105e-13 -3.250385860079484726e-13 -2.521502906383449084e-13 -2.508759087892819090e-13 -1.983219662007841280e-13 -1.769225484434143862e-13 -1.466603120365188552e-13 -1.248573852366271666e-13 -1.063232110151114615e-13 -9.124717612237763908e-14 -7.891020177747274200e-14 -6.863857997294016661e-14 -6.009729125854140501e-14 -5.263281218571451532e-14 -4.595682130864521042e-14 -3.995616914414056636e-14 6.125439711182076955e-13 1.150059140594855626e-12 1.819046280623252038e-12 2.612477095669061778e-12 2.762212353560657052e-12 2.210210485818697657e-12 1.657699518143543951e-12 1.662581501954951337e-12 1.294044124259853859e-12 1.166879433753510235e-12 9.743515390594996661e-13 8.425487327773182729e-13 7.302723831747505717e-13 6.379441092034711503e-13 5.602323955157949294e-13 4.933073258790736913e-13 4.343297070933957156e-13 3.800939895703841802e-13 3.290120736917647018e-13 2.800241207983448235e-13 -3.045613292198621719e-13 -5.650795214896499327e-13 -8.954986055201626262e-13 -1.279217624242590858e-12 -1.344250903655754572e-12 -1.062690397091303808e-12 -7.901242349996277797e-13 -8.009293047685552724e-13 -6.246521043801199290e-13 -5.698488395283295353e-13 -4.809248437429513990e-13 -4.207405017859696979e-13 -3.684950896231410345e-13 -3.244833949831653272e-13 -2.862024738745958837e-13 -2.520345225480523606e-13 -2.211162878618040476e-13 -1.919760345632408556e-13 -1.637175206921513296e-13 -1.373943977850851700e-13
-5.064817478164400615e-13 -3.908357144723876112e-13 -3.126829554955715244e-13 -2.522697756203877978e-13 -2.283389020472615002e-13 -1.972199694865831550e-13 -1.535177139987424737e-13 -1.336654637035842993e-13 -1.105744113227289509e-13 -9.486748620094150423e-14 -7.931566921380182858e-14 -6.691482405531700119e-14 -5.591845922223701351e-14 -4.628661781484908296e-14 -3.784110266405468809e-14 -3.038627802983062206e-14 -2.392109552207644495e-14 -1.839299495786373451e-14 -1.372228042051679552e-14 -9.957118522583485385e-15 -1.392928033662463853e-12 -1.047919005202834252e-12 -8.241142602606485538e-13 -6.642466243973950791e-13 -6.169207695486295530e-13 -5.417047881494808115e-13 -4.212917415265966363e-13 -3.736966512554046020e-13 -3.105179588448472600e-13 -2.676453753535771325e-13 -2.225850946335863471e-13 -1.861302404417350385e-13 -1.532483437577375329e-13 -1.242283657400365009e-13 -9.884095411802552233e-14 -7.675202350506145117e-14 -5.812418595042906604e-14 -4.275427670005100224e-14 -3.032182821067196536e-14 -2.078096992889017815e-14 9.356539005134364449e-12 6.959917229994316314e-12 5.454192813012180112e-12 4.451553856319370842e-12 4.232632537925217849e-12 3.761852857415228491e-12 2.925221727982905898e-12 2.612767746634239546e-12 2.160689302915966508e-12 1.850418694819297305e-12 1.516677362927650002e-12 1.245782184537294530e-12 1.002334880418310306e-12 7.897328859280136846e-13 6.071849991555951104e-13 4.532309032542569113e-13 3.286653782541823571e-13 2.308288257882603260e-13 1.559567680458021983e-13 9.947703681192810655e-14 -4.575023122575996303e-12 -3.408440387518936889e-12 -2.684216328247860805e-12 -2.211910123514655931e-12 -2.116600433990742734e-12 -1.883628778213971720e-12 -1.462426682919730066e-12 -1.301873927406902751e-12 -1.068235670330420269e-12 -9.062363562489229089e-13 -7.330731522791116237e-13 -5.931357488510308874e-13 -4.689254991129836234e-13 -3.622554098427234702e-13 -2.725281440265692714e-13 -1.986083246425032741e-13 -1.403256872986008103e-13 -9.586403242825395677e-14 -6.193640042831687880e-14 -3.637920446932409604e-14 -2.362388385523222182e-14 -4.470384434855875614e-14 -7.148464754827767026e-14 -1.041101259949621325e-13 -1.141194041440436069e-13 -9.756450831476614034e-14 -7.913039257945851472e-14 -7.929717892545505229e-14 -6.478961083297515727e-14 -5.810228116811958685e-14 -4.861661297257903362e-14 -4.125206902309349357e-14 -3.479596884780822796e-14 -2.943005278147706369e-14 -2.501186646402707551e-14 -2.135848506886753947e-14 -1.838858918325310720e-14 -1.592091434437164882e-14 -1.383598359801853582e-14 -1.207805004783450413e-14 -7.415743926451147029e-14 -1.403089725007719755e-13 -2.227941959303160713e-13 -3.224101044596219864e-13 -3.466886093673755546e-13 -2.862148826703841616e-13 -2.220325715378604981e-13 -2.209104226513549289e-13 -1.746336986764303914e-13 -1.557903082152861547e-13 -1.291426964007293616e-13 -1.099439921380198080e-13 -9.362359642797077887e-14 -8.034829551717620345e-14 -6.948488791688783772e-14 -6.044014681490833946e-14 -5.291906186324486746e-14 -4.634616328454817668e-14 -4.046757035288233417e-14 -3.518365770278936393e-14 5.395015799865651981e-13 1.012526454433357190e-12 1.601818809243050105e-12 2.300289641601482856e-12 2.432181300186180853e-12 1.946170048671595197e-12 1.459619336919350124e-12 1.463921235385631432e-12 1.139397228622211973e-12 1.027419391404459834e-12 8.578653851640373275e-13 7.418053998854631691e-13 6.429367184024437977e-13 5.616260239356591009e-13 4.931938513677101675e-13 4.343297070933957156e-13 3.827518451874229251e-13 3.350304290685028680e-13 2.898994279742412642e-13 2.466838224816143966e-13 -2.681840919439414687e-13 -4.975845736157054717e-13 -7.885369015856216460e-13 -1.126423454800479205e-12 -1.183688929865503589e-12 -9.357590235303212716e-13 -6.957490439114057297e-13 -7.052635354479963212e-13 -5.500414862233504223e-13 -5.017841171607959727e-13 -4.234815101640038260e-13 -3.704858102592908845e-13 -3.244807601325158702e-13 -2.857259665278311655e-13 -2.520174408149473130e-13 -2.219306381335214793e-13 -1.947053933613903331e-13 -1.690457497382752800e-13 -1.441625136007728974e-13 -1.209834955610546764e-13
-4.433914481390831536e-13 -3.421509539002209131e-13 -2.737333560959610921e-13 -2.208455927421915396e-13 -1.998956864675309925e-13 -1.726531093881492678e-13 -1.343946595617447168e-13 -1.170153204160664204e-13 -9.680062244467093683e-14 -8.305024192324959338e-14 -6.943564851040847336e-14 -5.857952413142765859e-14 -4.895293028222714210e-14 -4.052088609779734449e-14 -3.312739351029311926e-14 -2.660118444882676945e-14 -2.094134379993781065e-14 -1.610185655334324373e-14 -1.201295387302194842e-14 -8.716802442599753746e-15 -1.219416850620624836e-12 -9.173841440883037880e-13 -7.214578148624471023e-13 -5.815042201324557980e-13 -5.400735458455170485e-13 -4.742269032887840022e-13 -3.688132027341017276e-13 -3.271468317723334193e-13 -2.718380416669935820e-13 -2.343059138289342675e-13 -1.948586020345707136e-13 -1.629447757088832233e-13 -1.341588393456421639e-13 -1.087537560859045255e-13 -8.652874758834344710e-14 -6.719133992685063274e-14 -5.088389614779420042e-14 -3.742855362459571084e-14 -2.654476416713236625e-14 -1.819237052366537133e-14 8.191181104302828422e-12 6.092829511592241697e-12 4.775041211980982244e-12 3.897172151978732421e-12 3.705687509298203481e-12 3.293562584590404547e-12 2.561215565065995170e-12 2.287741429850651047e-12 1.892000340350449658e-12 1.620418614416628454e-12 1.328311706055592156e-12 1.091194779418852397e-12 8.780451536295530204e-13 6.918468502998437073e-13 5.318991518857992312e-13 3.967867489443619983e-13 2.873005600392415490e-13 2.018160274886645522e-13 1.364863637256620514e-13 8.715257343172454959e-14 -4.005131740061215843e-12 -2.983865310266118792e-12 -2.349854792627882111e-12 -1.936381786830585608e-12 -1.852944420601957937e-12 -1.648993064828870242e-12 -1.280258344480127742e-12 -1.139704969652343503e-12 -9.351700425145580627e-13 -7.933502991562566089e-13 -6.417573088929736707e-13 -5.192513183795460598e-13 -4.105134155339709419e-13 -3.171307621639252298e-13 -2.385804430674084107e-13 -1.738684964292516701e-13 -1.228458863200948123e-13 -8.392263505190024067e-14 -5.422122677224249794e-14 -3.184758107038883241e-14 -2.068113939299696930e-14 -3.913528207318200299e-14 -6.258010099786392639e-14 -9.114157096940122602e-14 -9.990402782395452148e-14 -8.541130561696530956e-14 -6.927345360453558508e-14 -6.941946281303689641e-14 -5.671904188088917799e-14 -5.086472413805065091e-14 -4.256064594332672524e-14 -3.611347206359047192e-14 -3.046158158605692410e-14 -2.576407495929994321e-14 -2.189624376346460562e-14 -1.869794866759012804e-14 -1.609800023546550370e-14 -1.393771348718490410e-14 -1.211249389386731389e-14 -1.057353860731378316e-14 -6.491991609080796744e-14 -1.228312877482943902e-13 -1.950416544024523603e-13 -2.822488447646728042e-13 -3.035030626933402103e-13 -2.505622937901147821e-13 -1.943749105545098645e-13 -1.933925404111459926e-13 -1.528803142764226746e-13 -1.363841646186798064e-13 -1.130559339855752302e-13 -9.624873067623002884e-14 -8.196129919662766833e-14 -7.033964664871471093e-14 -6.082944870587204655e-14 -5.291137253449059000e-14 -4.632715707045678097e-14 -4.057301725568900812e-14 -3.542669680067971584e-14 -3.080097878721302467e-14 4.723459981159422853e-13 8.863016165774961464e-13 1.402260590970974312e-12 2.013616084739235652e-12 2.129116259875102655e-12 1.703639444652466449e-12 1.277718411238596039e-12 1.281475761295809494e-12 9.973671972549139152e-13 8.993632486168250463e-13 7.509407245433273805e-13 6.493284137428515056e-13 5.627492120849467291e-13 4.915611058066829007e-13 4.316607655738180362e-13 3.800939895703841802e-13 3.350304290685028680e-13 2.936753344924098156e-13 2.541464488944109142e-13 2.161564147297682175e-13 -2.347774280826113506e-13 -4.356025393204440192e-13 -6.903122168130887233e-13 -9.861096213765869359e-13 -1.036241777790199002e-12 -8.191954507946453956e-13 -6.090825149109502746e-13 -6.174118235841118909e-13 -4.815251333581762033e-13 -4.392789811074883923e-13 -3.707302006640567394e-13 -3.243359496254136466e-13 -2.840615568126253850e-13 -2.501342861287870471e-13 -2.206246913263376129e-13 -1.942856734535560580e-13 -1.704517614706216938e-13 -1.479884322066371670e-13 -1.262047988446685753e-13 -1.059130967923038709e-13
-3.838670438429776141e-13 -2.962178746993966979e-13 -2.369852114325521425e-13 -1.911975344319614105e-13 -1.730601002091414944e-13 -1.494747957913171980e-13 -1.163524610833206591e-13 -1.013062616824976129e-13 -8.380533672019738417e-14 -7.190090589235473188e-14 -6.011403466481693445e-14 -5.071531942058034051e-14 -4.238107743407890476e-14 -3.508100974546667208e-14 -2.868008187709594590e-14 -2.302999673306180238e-14 -1.812999308615482731e-14 -1.394020988964675459e-14 -1.040024111320411886e-14 -7.546592455174700127e-15 -1.055712602943277689e-12 -7.942271677689044417e-13 -6.246035582414629897e-13 -5.034384800553087113e-13 -4.675697668466867573e-13 -4.105629097344131394e-13 -3.193007808792989976e-13 -2.832280269566460261e-13 -2.353443125358676503e-13 -2.028507779918218351e-13 -1.686991810442353744e-13 -1.410697225486368165e-13 -1.161482496066979738e-13 -9.415372691412010790e-14 -7.491238205906683110e-14 -5.817095714681031293e-14 -4.405278303191208973e-14 -3.240381405125578366e-14 -2.298116573565571325e-14 -1.575006492185387686e-14 7.092440720286487412e-12 5.275784145881993134e-12 4.134768931696257629e-12 3.374645152539946516e-12 3.208801452120761690e-12 2.852028991350217716e-12 2.217919819352970643e-12 1.981160599618870025e-12 1.638500821096216022e-12 1.403341724010102240e-12 1.150464235992033739e-12 9.452042021114017906e-13 7.607029690093687588e-13 5.995188963525776086e-13 4.610464338710319329e-13 3.440021995784210759e-13 2.489015050862534506e-13 1.744268467718086807e-13 1.179698461029590114e-13 7.545782678533666718e-14 -3.467450828784576075e-12 -2.583287393598779329e-12 -2.034391488682570835e-12 -1.676426429535500883e-12 -1.604190319223920405e-12 -1.427619035806000526e-12 -1.108386235989796135e-12 -9.867018632014934780e-13 -8.096252848000657798e-13 -6.868445315239352387e-13 -5.556026186011834956e-13 -4.495428038640193591e-13 -3.554027310504943171e-13 -2.745564153047504365e-13 -2.065513042871126598e-13 -1.505267124188967800e-13 -1.063538352838208634e-13 -7.265597925619122599e-14 -4.694194103912245605e-14 -2.757188792071810365e-14 -1.790454540112088325e-14 -3.388153606541443936e-14 -5.417879285286488133e-14 -7.890605969454427681e-14 -8.649208606503892710e-14 -7.394498159603912080e-14 -5.997364414550788923e-14 -6.010003728939866274e-14 -4.910462749512108798e-14 -4.403623324343012881e-14 -3.684696346932671162e-14 -3.126530761138622390e-14 -2.637217743572366528e-14 -2.230529993198110800e-14 -1.895672010131231675e-14 -1.618778912693315222e-14 -1.393687876896469776e-14 -1.206660870774587660e-14 -1.048642236296358011e-14 -9.154067319704232929e-15 -5.620405056939921393e-14 -1.063415913526471050e-13 -1.688576351710208562e-13 -2.443576253218775879e-13 -2.627583247176077642e-13 -2.169247489129113420e-13 -1.682804951736983450e-13 -1.674299759195434111e-13 -1.323564468658558244e-13 -1.180748598811281322e-13 -9.787840080661823310e-14 -8.332752086587503669e-14 -7.095816230846927464e-14 -6.089669309554466837e-14 -5.266322799973051170e-14 -4.580813288025606839e-14 -4.010783026449145364e-14 -3.512617729416883610e-14 -3.067075031248519191e-14 -2.666602414823665864e-14 4.092017430448182386e-13 7.672581274958267907e-13 1.214222403634876597e-12 1.743381281318980443e-12 1.843484642187466921e-12 1.475055846071742096e-12 1.106325745091919759e-12 1.109554552110420525e-12 8.635502844133339987e-13 7.786879822519755616e-13 6.502068587643254488e-13 5.622233573259355122e-13 4.872548578277262989e-13 4.255903399133687054e-13 3.737107696558955210e-13 3.290120736917647018e-13 2.898994279742412642e-13 2.541464488944109142e-13 2.203661291234656255e-13 1.874925123485545624e-13 -2.032578741789652015e-13 -3.771235701911960167e-13 -5.976396423579370831e-13 -8.537263492170055458e-13 -8.971283716234437981e-13 -7.092200096164132338e-13 -5.273144339254722069e-13 -5.345255185799333861e-13 -4.168813601086857409e-13 -3.803066619148375350e-13 -3.209604205772586510e-13 -2.807944757565407983e-13 -2.459268599610651862e-13 -2.165542727630222744e-13 -1.910063013636546681e-13 -1.682032251134430186e-13 -1.475689517388326740e-13 -1.281212852876960858e-13 -1.092620927237396251e-13 -9.169454835186220565e-14
-3.267066847251105887e-13 -2.521090550298035667e-13 -2.016965390042495618e-13 -1.627269618263920444e-13 -1.472903031846287914e-13 -1.272170180277722774e-13 -9.902681574618411817e-14 -8.622109444898601809e-14 -7.132616563695747070e-14 -6.119437415081419802e-14 -5.116263829089335317e-14 -4.316345119448474475e-14 -3.607023432718577817e-14 -2.985718800239086058e-14 -2.440940381621096568e-14 -1.960064833683830841e-14 -1.543030087462554088e-14 -1.186441540866992180e-14 -8.851577685919676701e-15 -6.422857293749121504e-15 -8.985099624471493525e-13 -6.759614428320622705e-13 -5.315959241558066966e-13 -4.284731590728818709e-13 -3.979455159117576003e-13 -3.494273655672437701e-13 -2.717547717650360273e-13 -2.410534833145059970e-13 -2.002999575852933581e-13 -1.726449101744923936e-13 -1.435787073913410127e-13 -1.200634603567434783e-13 -9.885296922765927930e-14 -8.013355953614628957e-14 -6.375738015449983717e-14 -4.950884292627143348e-14 -3.749298378899981332e-14 -2.757864230183927257e-14 -1.955910171876877266e-14 -1.340476075158164046e-14 6.037922763482769089e-12 4.492124224249014175e-12 3.520440855524786545e-12 2.873552618192755428e-12 2.732194242193124231e-12 2.428471784303140675e-12 1.888675069144811294e-12 1.687103130431962743e-12 1.395434399866758044e-12 1.195244638961571915e-12 9.799874336846565690e-13 8.052821088843450603e-13 6.482529461192562825e-13 5.110726212970334582e-13 3.932289759730717614e-13 2.935686548799795982e-13 2.124802103085493943e-13 1.486750990349008561e-13 1.000578508350837625e-13 6.399169526445266045e-14 -2.951124236580809351e-12 -2.198618663264824413e-12 -1.731457000054090524e-12 -1.426795350633630932e-12 -1.365315641761170023e-12 -1.215037012065295316e-12 -9.433401289966876858e-13 -8.397753661551523257e-13 -6.890666246656423092e-13 -5.845687227250188264e-13 -4.728696267689171260e-13 -3.826028199615779832e-13 -3.024808192539178916e-13 -2.336729754835581071e-13 -1.757942667654482234e-13 -1.281120281903211472e-13 -9.051683117365176003e-14 -6.183683445137749494e-14 -3.995180189202330056e-14 -2.346605759937454983e-14 -1.523827038291677113e-14 -2.883642538944974892e-14 -4.611116050676881266e-14 -6.715647460898800189e-14 -7.361281370563829464e-14 -6.293405587735447456e-14 -5.104317917744029922e-14 -5.115073872999097505e-14 -4.179262335276776628e-14 -3.747894078799470120e-14 -3.136020355383382102e-14 -2.660969165388360326e-14 -2.244518591791920317e-14 -1.898389212759936978e-14 -1.613394063592528445e-14 -1.377732146694197294e-14 -1.186158687903992246e-14 -1.026981473110308182e-14 -8.924929718740025550e-15 -7.790969997743516692e-15 -4.783445672753468390e-14 -9.050675629896181265e-14 -1.437135457673465981e-13 -2.079712497755615105e-13 -2.236318023599650752e-13 -1.846231530069198944e-13 -1.432224288373848999e-13 -1.424985310092875478e-13 -1.126476951545476805e-13 -1.004927210451091542e-13 -8.330365256981843517e-14 -7.091948709717843695e-14 -6.039202081323963341e-14 -5.182877137530333873e-14 -4.482133109216569174e-14 -3.898700121763835243e-14 -3.413550746180347926e-14 -2.989566036862326837e-14 -2.610368521920613105e-14 -2.269528819717675829e-14 3.480071272922358240e-13 6.532917087791177603e-13 1.033318648276696534e-12 1.484017908797694047e-12 1.569156029636976683e-12 1.255535799304957773e-12 9.417908102669615484e-13 9.445178041623468319e-13 7.351469949299510649e-13 6.628877691676236600e-13 5.535244322498756504e-13 4.786254367835596489e-13 4.148010340050902735e-13 3.622955878264088408e-13 3.181172949666684938e-13 2.800241207983448235e-13 2.466838224816143966e-13 2.161564147297682175e-13 1.874925123485545624e-13 1.600371242356120834e-13 -1.729904074613508603e-13 -3.209671751830860883e-13 -5.086475079501387178e-13 -7.266007652107188197e-13 -7.635399431491493758e-13 -6.036123306323620713e-13 -4.487938150721235964e-13 -4.549310938770998418e-13 -3.548049503995128804e-13 -3.236764627591539267e-13 -2.731672755566540592e-13 -2.389822828150855580e-13 -2.093067058776975988e-13 -1.843079066006188620e-13 -1.625642158303727812e-13 -1.431566535388422414e-13 -1.255949470169146643e-13 -1.090431731575442301e-13 -9.299226809140747009e-14 -7.804068114109524348e-14
-1.067155892852831063e-12 -8.234902355598688695e-13 -6.588220941967916425e-13 -5.315311775585611473e-13 -4.811093332003219190e-13 -4.155413011052600721e-13 -3.234609347238074344e-13 -2.816323468743033025e-13 -2.329799526935532211e-13 -1.998859750281868644e-13 -1.671187391170440926e-13 -1.409903415316452173e-13 -1.178209770768984047e-13 -9.752707076329422556e-14 -7.973224655174065558e-14 -6.402522625950617696e-14 -5.040245928460251499e-14 -3.875421557973090422e-14 -2.891272817366793764e-14 -2.097949236912403703e-14 -2.934896382434425375e-12 -2.207963490659147565e-12 -1.736407114096373581e-12 -1.399565080911151047e-12 -1.299850609574562582e-12 -1.141370405618511059e-12 -8.876605711770846376e-13 -7.873782092889300999e-13 -6.542616008137447799e-13 -5.639299812331514361e-13 -4.689883704827518063e-13 -3.921780212776280948e-13 -3.228955185491006852e-13 -2.617513739427883619e-13 -2.082601014759315869e-13 -1.617198591490710306e-13 -1.224698220945960865e-13 -9.008454825231861955e-14 -6.388878321781532959e-14 -4.378617791953878996e-14 -6.567066108599631350e-12 -4.884183509171803569e-12 -3.827027033455177689e-12 -3.123183113104836045e-12 -2.969693357414230620e-12 -2.639265719889783469e-12 -2.052006293100948712e-12 -1.832740050647513341e-12 -1.515427057109338120e-12 -1.297707669221653900e-12 -1.063600912264727451e-12 -8.736635169774336828e-13 -7.030341881207155221e-13 -5.541340669477518754e-13 -4.263327114642783527e-13 -3.184686376657929412e-13 -2.309148463542518316e-13 -1.621140294167938169e-13 -1.095363279828922681e-13 -6.982598804565455540e-14 2.892074786303762247e-11 2.153926150560808190e-11 1.696332769710109108e-11 1.397621548575907543e-11 1.337506113534836026e-11 1.190219013793156399e-11 9.239647689268902306e-12 8.225359884906051201e-12 6.748842887387611478e-12 5.725051370697011009e-12 4.630625629521157111e-12 3.746451284629133562e-12 2.961195825469505330e-12 2.287279208196576984e-12 1.719617055328607852e-12 1.251893269874881520e-12 8.838509928837231717e-13 6.033755943774972545e-13 3.901220021196546122e-13 2.290362096552461908e-13 -4.978380880236791361e-14 -9.418716407163493783e-14 -1.506204229585142207e-13 -2.193572001551184384e-13 -2.404505477250483023e-13 -2.055694577843753205e-13 -1.667270626192674466e-13 -1.670791132847155596e-13 -1.365114694411476009e-13 -1.224215756034402958e-13 -1.024351760535171956e-13 -8.691818598425882529e-14 -7.331496208424609911e-14 -6.200905966049280569e-14 -5.269982759503746371e-14 -4.500218378634102688e-14 -3.874460863286739513e-14 -3.354511248424511538e-14 -2.915211568792841031e-14 -2.544821371142029627e-14 -1.562710945617160104e-13 -2.956239718109281137e-13 -4.694299766984768874e-13 -6.793123185750439152e-13 -7.304749761500421310e-13 -6.030568827320528737e-13 -4.678211358243182452e-13 -4.654580811736453536e-13 -3.679525781869921343e-13 -3.282501170408832026e-13 -2.721034941878785577e-13 -2.316522850992709266e-13 -1.972646357994390018e-13 -1.692936065848145960e-13 -1.464040844594904838e-13 -1.273470362777694217e-13 -1.115003326413914574e-13 -9.765102445230546425e-14 -8.526439415471497142e-14 -7.413126400115177004e-14 -3.788866537685476785e-13 -7.110734580602824424e-13 -1.124755068939765781e-12 -1.615240458272952737e-12 -1.707817806270595740e-12 -1.366446013325090264e-12 -1.024785430108623138e-12 -1.027748750817522050e-12 -7.998638086275075811e-13 -7.212519576488118929e-13 -6.022396767572259415e-13 -5.207423127388889759e-13 -4.512953401257085435e-13 -3.941655269728424391e-13 -3.460471797396609596e-13 -3.045613292198621719e-13 -2.681840919439414687e-13 -2.347774280826113506e-13 -2.032578741789652015e-13 -1.729904074613508603e-13 1.749386304349501620e-12 3.117457089904493540e-12 5.006658502047759052e-12 7.108414791664082878e-12 7.484684773264265186e-12 5.918632804857410338e-12 4.395923513079438526e-12 4.458842802285920098e-12 3.476578627187272869e-12 3.171632730236797906e-12 2.676544486846183185e-12 2.341679193515781783e-12 2.050535599577867832e-12 1.805668537587331252e-12 1.592438624743554262e-12 1.402570252622040053e-12 1.230937258782467401e-12 1.068905897000667931e-12 9.120514085133765258e-13 7.647145331806151851e-13
-1.979986617283275684e-12 -1.527892188157536609e-12 -1.222369918356568106e-12 -9.861968938596515169e-13 -8.926441180982127529e-13 -7.709909468042991512e-13 -6.001459627622666546e-13 -5.225376670712877168e-13 -4.322679921303543980e-13 -3.708650618790241356e-13 -3.100684839639482800e-13 -2.615899450962877085e-13 -2.186019022175116666e-13 -1.809482486910589539e-13 -1.479322151509253662e-13 -1.187891495126226292e-13 -9.351474210115485322e-14 -7.190367930152291042e-14 -5.364443020813103216e-14 -3.892529363959668345e-14 -5.445366770960225590e-12 -4.096624719755031779e-12 -3.221705880789512286e-12 -2.596735911872508949e-12 -2.411725336208035162e-12 -2.117683820813624083e-12 -1.646953715689218770e-12 -1.460890522941668430e-12 -1.213906488531420327e-12 -1.046305036308282320e-12 -8.701511484606549882e-13 -7.276383569018222382e-13 -5.990932528809255622e-13 -4.856457339194305977e-13 -3.863988414767902320e-13 -3.000468638672968623e-13 -2.272249567641246824e-13 -1.671393025262894437e-13 -1.185370942301453839e-13 -8.123905758598696085e-14 -1.218444165495095897e-11 -9.062045991418777290e-12 -7.100611745045814346e-12 -5.794711437098567467e-12 -5.509926016073914060e-12 -4.896855269930070577e-12 -3.807262568217782931e-12 -3.400438205453103945e-12 -2.811697472970606052e-12 -2.407741715328673530e-12 -1.973383925124410370e-12 -1.620977115365940277e-12 -1.304394549965277458e-12 -1.028124020791568754e-12 -7.910026713609511625e-13 -5.908684962670561026e-13 -4.284250415917749017e-13 -3.007752846678852586e-13 -2.032247337997466215e-13 -1.295467404200000418e-13 5.366279496154424715e-11 3.998509479196729548e-11 3.148697142103077211e-11 2.594801969030109948e-11 2.482892886941161894e-11 2.209632036798375339e-11 1.715579576834778691e-11 1.527215463021910087e-11 1.253158833043524645e-11 1.063145472942907579e-11 8.600331514838473552e-12 6.958762109856857579e-12 5.501980007742397152e-12 4.250825946185339533e-12 3.198777012019335887e-12 2.332316442714199902e-12 1.648586612469906266e-12 1.126394435061636896e-12 7.274249756347942636e-13 4.272888713009746665e-13 -9.235404629647164549e-14 -1.747599319649612640e-13 -2.794549657034544002e-13 -4.069967967435284681e-13 -4.461266203694066902e-13 -3.814086531281245127e-13 -3.093439784213842528e-13 -3.099960949934451786e-13 -2.532816937357350477e-13 -2.271389949894146629e-13 -1.900567001421950568e-13 -1.612665382785629751e-13 -1.360277003972701873e-13 -1.150507620935136933e-13 -9.777874850585102137e-14 -8.349660604430697510e-14 -7.188640482431324913e-14 -6.223951820410610306e-14 -5.408890038760827206e-14 -4.721662881485888388e-14 -2.899067049627306564e-13 -5.485081222563520512e-13 -8.709687493247275516e-13 -1.260395449663054924e-12 -1.355308534151119478e-12 -1.118898876480203522e-12 -8.679906893719348821e-13 -8.636040845297218624e-13 -6.826946273573924848e-13 -6.090303351005448056e-13 -5.048569306707833127e-13 -4.298035957619373087e-13 -3.660022562715164858e-13 -3.141051873571316710e-13 -2.716368665843170606e-13 -2.362783360813297929e-13 -2.068762278155087548e-13 -1.811807920316919633e-13 -1.581995668829904262e-13 -1.375432027567339243e-13 -7.029147454248571620e-13 -1.319318010225981481e-12 -2.086866301835766878e-12 -2.996899947632478482e-12 -3.168656473129410951e-12 -2.535277853400417570e-12 -1.901375136982497293e-12 -1.906869749110039478e-12 -1.484057065743283861e-12 -1.338200820154056252e-12 -1.117387388165492707e-12 -9.661763967918088432e-13 -8.373268375714022058e-13 -7.313296981512686009e-13 -6.420528123474088893e-13 -5.650795214896499327e-13 -4.975845736157054717e-13 -4.356025393204440192e-13 -3.771235701911960167e-13 -3.209671751830860883e-13 3.117457089904493540e-12 5.857995720893946763e-12 9.231226484419425138e-12 1.322211402312215985e-11 1.388184702839221495e-11 1.097328414923804977e-11 8.163027028930921510e-12 8.272255717823578198e-12 6.452417559935529562e-12 5.886077329012300113e-12 4.967618831136504320e-12 4.345840338425722322e-12 3.806420919291408872e-12 3.351782175403785030e-12 2.956406367781031871e-12 2.603322322906229354e-12 2.283518236649938776e-12 1.982252452719533333e-12 1.690334941543066126e-12 1.419236400325977279e-12
-3.137743898246583641e-12 -2.421296175721986509e-12 -1.937126223715195939e-12 -1.562856110053027329e-12 -1.414599926816041721e-12 -1.221812862167739822e-12 -9.510695892035543082e-13 -8.280813666070332482e-13 -6.850280459805139705e-13 -5.877206650159132748e-13 -4.913742367148912737e-13 -4.145487437816289728e-13 -3.464243420373161151e-13 -2.867532277622751020e-13 -2.344318308747779582e-13 -1.882477558799443122e-13 -1.481950838528567830e-13 -1.139477597541627283e-13 -8.501198797841899090e-14 -6.168616560991830031e-14 -8.629435154426510494e-12 -6.492043127520088190e-12 -5.105533320506095609e-12 -4.115125628273740096e-12 -3.821933169093313946e-12 -3.355957006966090275e-12 -2.609976834148742719e-12 -2.315116676783202313e-12 -1.923713193414014538e-12 -1.658109614631210722e-12 -1.378953087493561745e-12 -1.153108849250219606e-12 -9.493998714554217223e-13 -7.696156020254003901e-13 -6.123361254191593145e-13 -4.754908326818575180e-13 -3.600886146229859419e-13 -2.648697023917041765e-13 -1.878487558350045532e-13 -1.287414699317518592e-13 -1.930904680645259501e-11 -1.436089397400304307e-11 -1.125255040685654087e-11 -9.183052079923483332e-12 -8.731743081158370029e-12 -7.760191658789590512e-12 -6.033481778118141400e-12 -5.388774769964242973e-12 -4.455778759307804110e-12 -3.815617152450073657e-12 -3.127277684626396218e-12 -2.568808279502358666e-12 -2.067110751324432173e-12 -1.629295294401467179e-12 -1.253521836733738882e-12 -9.363613838153498652e-13 -6.789334578794070600e-13 -4.766440165294189782e-13 -3.220533084700328230e-13 -2.052936067520055471e-13 8.504150895472493785e-11 6.335352517758003105e-11 4.989430550860093586e-11 4.111333317750548149e-11 3.934228847555420485e-11 3.501133079087263353e-11 2.718215980894006431e-11 2.419819885172728577e-11 1.985546232376353626e-11 1.684409545639652052e-11 1.362531330859630298e-11 1.102429398573986018e-11 8.715563958581984246e-12 6.732893122132942103e-12 5.064731494575263135e-12 3.690455245930300561e-12 2.607069192450809709e-12 1.780416710889295697e-12 1.150299341072401898e-12 6.755100600826356973e-13 -1.463505532462110339e-13 -2.769498161239966953e-13 -4.428589748496773995e-13 -6.449817375695576274e-13 -7.069893432032326300e-13 -6.044288227906831895e-13 -4.902269729838954798e-13 -4.912599724191409072e-13 -4.013831244066287112e-13 -3.599538093289364542e-13 -3.011884699519989749e-13 -2.555637817424862774e-13 -2.155672017863999138e-13 -1.823243735716686801e-13 -1.549529818932730941e-13 -1.323196291175028594e-13 -1.139206043074255072e-13 -9.863297036327555890e-14 -8.571647860256003302e-14 -7.482574394749944286e-14 -4.594091887109735284e-13 -8.692417533391710578e-13 -1.380248064622581189e-12 -1.997389714960484345e-12 -2.147795948591846864e-12 -1.773150566977883574e-12 -1.375531427311383466e-12 -1.368578954064043777e-12 -1.081886710620545349e-12 -9.651483548422979775e-13 -8.000617632749887000e-13 -6.811222197676768121e-13 -5.800147483446209398e-13 -4.977719142494718513e-13 -4.304713341067474027e-13 -3.744374790090259810e-13 -3.278429409877637590e-13 -2.871227701331129556e-13 -2.507040409553204635e-13 -2.179692421434139299e-13 -1.113903422218974238e-12 -2.090763405705194551e-12 -3.307123703340655200e-12 -4.749278663173316708e-12 -5.021462264707813299e-12 -4.017727455090289583e-12 -3.013166779685998294e-12 -3.021872859061004240e-12 -2.351829760754084614e-12 -2.120686662508655120e-12 -1.770757163167166802e-12 -1.531127838081280499e-12 -1.326936660896321450e-12 -1.158960127151078753e-12 -1.017480878960842204e-12 -8.954986055201626262e-13 -7.885369015856216460e-13 -6.903122168130887233e-13 -5.976396423579370831e-13 -5.086475079501387178e-13 5.006658502047759052e-12 9.231226484419425138e-12 1.467380152424878673e-11 2.092780578156746494e-11 2.200375215162332039e-11 1.739599322955520842e-11 1.293123571892843058e-11 1.310986350921150031e-11 1.022391373234446672e-11 9.327015002338760201e-12 7.871565591414962262e-12 6.886589771113747875e-12 6.031338381713763274e-12 5.310939828690649961e-12 4.684238083164304897e-12 4.125143517557425420e-12 3.619215771685183541e-12 3.142265893682687321e-12 2.680204399737031231e-12 2.249005189786296492e-12
-4.482260360202839603e-12 -3.458816504074930801e-12 -2.767180503732851044e-12 -2.232536167474483160e-12 -2.020752801669362606e-12 -1.745356590913579907e-12 -1.358600523947758393e-12 -1.182912149459761480e-12 -9.785610309689548978e-13 -8.395579343814028023e-13 -7.019275142194150593e-13 -5.921825568779554630e-13 -4.948669674066615708e-13 -4.096271266054003004e-13 -3.348860388745491918e-13 -2.689123545164852131e-13 -2.116968146564698275e-13 -1.627742578895552075e-13 -1.214393894041602385e-13 -8.811847379632000605e-14 -1.232712952743534325e-11 -9.273869856457947937e-12 -7.293243429290870675e-12 -5.878447415643765328e-12 -5.459623220435061172e-12 -4.793977101599614306e-12 -3.728346149707450048e-12 -3.307139284564106971e-12 -2.748020707695536128e-12 -2.368607060001378844e-12 -1.969832744597865042e-12 -1.647214707139287918e-12 -1.356216621494266515e-12 -1.099395711218437414e-12 -8.747222874222897949e-13 -6.792397328043988796e-13 -5.143871801497250628e-13 -3.783666252397492460e-13 -2.683419959852283483e-13 -1.839073430403611541e-13 -2.758293294723228110e-11 -2.051450665507116735e-11 -1.607424474966304536e-11 -1.311797010198255013e-11 -1.247327709351632398e-11 -1.108541791208281162e-11 -8.618816412380858297e-12 -7.697854109403539761e-12 -6.365072209507173023e-12 -5.450603499151340782e-12 -4.467311806083884430e-12 -3.669539306547986097e-12 -2.952865197709334303e-12 -2.327447915256305701e-12 -1.790656501142846310e-12 -1.337595115054402476e-12 -9.698589400014879389e-13 -6.808880826887314788e-13 -4.600550952743853779e-13 -2.932641021718972953e-13 1.214800121325210653e-10 9.050901214003740389e-11 7.127661675473124552e-11 5.873596865241348666e-11 5.620326825990583850e-11 5.001738859849770146e-11 3.883304558764224830e-11 3.456952806423779511e-11 2.836571690314663771e-11 2.406416995741435629e-11 1.946611063909329779e-11 1.575012743569143764e-11 1.245200711054582894e-11 9.619591389410307590e-12 7.237198036723104514e-12 5.274851538437695219e-12 3.727202869070449236e-12 2.545932121224056468e-12 1.644405668704799690e-12 9.656882417011534871e-13 -2.090664437249691064e-13 -3.956199751595138044e-13 -6.326245434297473950e-13 -9.213534577650274198e-13 -1.009933477143900591e-12 -8.634260187061519669e-13 -7.002878722792849497e-13 -7.017638884569093848e-13 -5.733748675407498858e-13 -5.141933571845864324e-13 -4.302471264050862437e-13 -3.650724104558036657e-13 -3.079372415809672126e-13 -2.604499757626783989e-13 -2.213499280582593077e-13 -1.890182461337219063e-13 -1.627352723090699111e-13 -1.408968539301170049e-13 -1.224456420177391597e-13 -1.068882871158592424e-13 -6.562779330944048842e-13 -1.241705938883202337e-12 -1.971683233789408517e-12 -2.853263861211526558e-12 -3.068123574217740081e-12 -2.532943405266710914e-12 -1.964943071530269412e-12 -1.955012263608847991e-12 -1.545472685166946184e-12 -1.378712508239839228e-12 -1.142886570879126171e-12 -9.729819406069540629e-13 -8.285497697784993356e-13 -7.110660592670261371e-13 -6.149271184992750524e-13 -5.348829981788422815e-13 -4.683229245433284875e-13 -4.101541134374579400e-13 -3.581297691418864355e-13 -3.113682169881751661e-13 -1.591232061759426021e-12 -2.986650314593376208e-12 -4.724215180950898360e-12 -6.784332644328312484e-12 -7.173149940122367670e-12 -5.739317648444387177e-12 -4.304301474142240957e-12 -4.316739322020110980e-12 -3.359583517163690860e-12 -3.029396412593224573e-12 -2.529522759207731385e-12 -2.187213452158902119e-12 -1.895526298768669751e-12 -1.655571921921170634e-12 -1.453468683123772611e-12 -1.279217624242590858e-12 -1.126423454800479205e-12 -9.861096213765869359e-13 -8.537263492170055458e-13 -7.266007652107188197e-13 7.108414791664082878e-12 1.322211402312215985e-11 2.092780578156746494e-11 2.991542574777088665e-11 3.142887565869960429e-11 2.484603903103148161e-11 1.847553217896001468e-11 1.872720116624381529e-11 1.460599455439025610e-11 1.332433116247084138e-11 1.124506503543372528e-11 9.837713083174666375e-12 8.616311259501584571e-12 7.587205558725292342e-12 6.692108181046946756e-12 5.893211127999799503e-12 5.169913294620283885e-12 4.488286285916607812e-12 3.827732685946347837e-12 3.212789343535628056e-12
-4.710130953379464556e-12 -3.634656927293752478e-12 -2.907859317255712260e-12 -2.346034564215838414e-12 -2.123484483963106483e-12 -1.834087596198921051e-12 -1.427669498471889668e-12 -1.243049421453179902e-12 -1.028309431901981055e-12 -8.822396473835777250e-13 -7.376123244213842873e-13 -6.222881164184184661e-13 -5.200251661132512252e-13 -4.304518719918408455e-13 -3.519110739571065231e-13 -2.825833960002233681e-13 -2.224591192618753719e-13 -1.710494262081013836e-13 -1.276131648071644062e-13 -9.259827016486977107e-14 -1.295382009993268443e-11 -9.745337829440870691e-12 -7.664019681519277491e-12 -6.177297823580214654e-12 -5.737181301319168838e-12 -5.037694853510826026e-12 -3.917889011250946991e-12 -3.475268693006618122e-12 -2.887725460161053579e-12 -2.489023052944488305e-12 -2.069975718309303962e-12 -1.730956321778133358e-12 -1.425164385267933761e-12 -1.155287123933522028e-12 -9.191916808190524367e-13 -7.137711125797078518e-13 -5.405377426492317698e-13 -3.976021383113652405e-13 -2.819840465721073408e-13 -1.932568779043721562e-13 -2.898520294098623529e-11 -2.155742972981401951e-11 -1.689143236023495189e-11 -1.378486568190667048e-11 -1.310739755076463383e-11 -1.164898193914982528e-11 -9.056982561780440019e-12 -8.089200077682040187e-12 -6.688661771351141236e-12 -5.727702996597509311e-12 -4.694422407720582211e-12 -3.856092495572602821e-12 -3.102983881681028742e-12 -2.445771419030311435e-12 -1.881690428354309145e-12 -1.405596140073714295e-12 -1.019164887678776495e-12 -7.155032480755142102e-13 -4.834434888673286455e-13 -3.081731217989444417e-13 1.276615052951893646e-10 9.511025085059223815e-11 7.490098849617883255e-11 6.172119511886136221e-11 5.906127572636098968e-11 5.256005663500664961e-11 4.080707527551421385e-11 3.632698873823860379e-11 2.980764621961331499e-11 2.528719099092752624e-11 2.045531608148732983e-11 1.655053588327780351e-11 1.308471047351358326e-11 1.010840456035488059e-11 7.604665418244465144e-12 5.542303042798680360e-12 3.915890928111684552e-12 2.674633514120953602e-12 1.727662158154971469e-12 1.014708764976024120e-12 -2.196949641650204732e-13 -4.157326604852311826e-13 -6.647860939077479517e-13 -9.681935418215870962e-13 -1.061276790167489112e-12 -9.073211381539885262e-13 -7.358893362178650310e-13 -7.374403855284410185e-13 -6.025242841360321363e-13 -5.403340827763254541e-13 -4.521201674734067106e-13 -3.836320776642041967e-13 -3.235922545877152564e-13 -2.736908153195224465e-13 -2.326029878068647680e-13 -1.986276172626858614e-13 -1.710084612551393398e-13 -1.480598152278095155e-13 -1.286705750915234400e-13 -1.123223099000250530e-13 -6.896418295284772271e-13 -1.304832238252657500e-12 -2.071920275032489132e-12 -2.998319046943962999e-12 -3.224101803962864183e-12 -2.661713974237306201e-12 -2.064837487000643906e-12 -2.054401803001269392e-12 -1.624041924209291181e-12 -1.448803935642938829e-12 -1.200989004784455621e-12 -1.022446704962608959e-12 -8.706718498958201990e-13 -7.472154647426359075e-13 -6.461889843694538060e-13 -5.620755537226082272e-13 -4.921316760250579285e-13 -4.310056620041267489e-13 -3.763364909507964576e-13 -3.271976594816208962e-13 -1.672127316239862807e-12 -3.138486612530605231e-12 -4.964386402631878234e-12 -7.129236750192123365e-12 -7.537820816503449908e-12 -6.031094888364760680e-12 -4.523124946157498311e-12 -4.536195096905302856e-12 -3.530379106742679998e-12 -3.183405839858031093e-12 -2.658119450603450948e-12 -2.298407704089145531e-12 -1.991891672080552931e-12 -1.739738420980396306e-12 -1.527360598615651055e-12 -1.344250903655754572e-12 -1.183688929865503589e-12 -1.036241777790199002e-12 -8.971283716234437981e-13 -7.635399431491493758e-13 7.484684773264265186e-12 1.388184702839221495e-11 2.200375215162332039e-11 3.142887565869960429e-11 3.302938108274522830e-11 2.611102769670175256e-11 1.941418040579593844e-11 1.967968171831455160e-11 1.534845906311714063e-11 1.400180140577667031e-11 1.181690462036791793e-11 1.033806558711356940e-11 9.054380683660650507e-12 7.972966837041790303e-12 7.032217704917450996e-12 6.192772148447523460e-12 5.432854756231642021e-12 4.716692512935937921e-12 4.022765031070597119e-12 3.376280342195824791e-12
-3.723569029214692721e-12 -2.873358763030262233e-12 -2.298792739732174456e-12 -1.854645131211237415e-12 -1.678709375759819177e-12 -1.449928168569860435e-12 -1.128636510381592200e-12 -9.826860920556841872e-13 -8.129245590268427297e-13 -6.974498971911816737e-13 -5.831155610743102969e-13 -4.919466305481189872e-13 -4.111031947043116297e-13 -3.402915259580384032e-13 -2.782015055597747557e-13 -2.233948957983006332e-13 -1.758639260488142659e-13 -1.352222302931204603e-13 -1.008839046406262032e-13 -7.320306235686263462e-14 -1.024057374754299408e-11 -7.704125138230082443e-12 -6.058750102937169181e-12 -4.883429944066397080e-12 -4.535498228025120261e-12 -3.982522909108807424e-12 -3.097266354980655308e-12 -2.747355236421052948e-12 -2.282876100773279610e-12 -1.967684081813890080e-12 -1.636408454689444216e-12 -1.368398466357441299e-12 -1.126656246302881137e-12 -9.133062671103106686e-13 -7.266622639734544916e-13 -5.642681945522437679e-13 -4.273193934073475945e-13 -3.143223506374494534e-13 -2.229210410976886535e-13 -1.527782462568499366e-13 -2.291409851927097437e-11 -1.704211175000976720e-11 -1.335343230708842257e-11 -1.089755242169702170e-11 -1.036198368576072548e-11 -9.209040954937895308e-12 -7.159949583335690639e-12 -6.394874304839076308e-12 -5.287686274936481505e-12 -4.528005497686206227e-12 -3.711150983913176195e-12 -3.048413702882218401e-12 -2.453047654690753633e-12 -1.933491955086502808e-12 -1.487560738372856690e-12 -1.111187103063083913e-12 -8.056958248905210537e-13 -5.656376370455892094e-13 -3.821839719638801771e-13 -2.436249120875449813e-13 1.009238517568657681e-10 7.519022443637653526e-11 5.921465091856126211e-11 4.879454555741867492e-11 4.669109209943252454e-11 4.155170463327549511e-11 3.226015833788152897e-11 2.871840858811762260e-11 2.356452211809707708e-11 1.999079623180460122e-11 1.617088142745482474e-11 1.308389131440855634e-11 1.034391146995458615e-11 7.990854329242918845e-12 6.011434434335017246e-12 4.380957272715695893e-12 3.095271198074737814e-12 2.114146810673006031e-12 1.365681611751099850e-12 8.021282775341963971e-13 -1.736792314754871515e-13 -3.286550051456547418e-13 -5.255432771596078008e-13 -7.654000970557344255e-13 -8.389868140776533704e-13 -7.172779928742953310e-13 -5.817533772374482802e-13 -5.829795922386643548e-13 -4.763223692218081787e-13 -4.271582547686830734e-13 -3.574212044618013611e-13 -3.032783142094959446e-13 -2.558141353528045386e-13 -2.163648219563705410e-13 -1.838830499135330331e-13 -1.570240024982677671e-13 -1.351898245532517140e-13 -1.170478869966339233e-13 -1.017198226849204171e-13 -8.879579230720794316e-14 -5.451940921138332776e-13 -1.031527763812071493e-12 -1.637945780827147019e-12 -2.370304882499252245e-12 -2.548796757875709746e-12 -2.104204037825740503e-12 -1.632346253147374634e-12 -1.624096463945096136e-12 -1.283877709740175369e-12 -1.145344281714333770e-12 -9.494354924726760842e-13 -8.082898520350907883e-13 -6.883050058880472588e-13 -5.907072157485839566e-13 -5.108412452109120166e-13 -4.443458320756343307e-13 -3.890520841216377539e-13 -3.407292234090136235e-13 -2.975107711370706335e-13 -2.586643327194263357e-13 -1.321893925702417682e-12 -2.481113862018285155e-12 -3.924568904990601445e-12 -5.635980101076908822e-12 -5.958984459202498076e-12 -4.767850349828541701e-12 -3.575732341886997906e-12 -3.586065014262858236e-12 -2.790922445821667365e-12 -2.516624604796869712e-12 -2.101362224144611556e-12 -1.816994084179498963e-12 -1.574679407405296233e-12 -1.375340964349438751e-12 -1.207446756147681449e-12 -1.062690397091303808e-12 -9.357590235303212716e-13 -8.191954507946453956e-13 -7.092200096164132338e-13 -6.036123306323620713e-13 5.918632804857410338e-12 1.097328414923804977e-11 1.739599322955520842e-11 2.484603903103148161e-11 2.611102769670175256e-11 2.064353394064929393e-11 1.534787521033054102e-11 1.555832045938815477e-11 1.213408997176172284e-11 1.106940046539594916e-11 9.342042560750050452e-12 8.172891437507530197e-12 7.158086820910107275e-12 6.303136111238778895e-12 5.559457488265031788e-12 4.895836434578344592e-12 4.295153122533068034e-12 3.728939673359926903e-12 3.180276448228775508e-12 2.669109071219085450e-12
-2.768522269644936215e-12 -2.136379794996653991e-12 -1.709182480669087991e-12 -1.378952965681960040e-12 -1.248142392838245359e-12 -1.078040616124268296e-12 -8.391560508282740345e-13 -7.306400011907175099e-13 -6.044200477434050347e-13 -5.185630865340341204e-13 -4.335539783253942269e-13 -3.657686732176594423e-13 -3.056605254805354229e-13 -2.530110934527441091e-13 -2.068463632367427131e-13 -1.660969088497806524e-13 -1.307570649386973361e-13 -1.005394784990654168e-13 -7.500850960132149091e-14 -5.442744539030673019e-14 -7.614000491528356202e-12 -5.728117750008253980e-12 -4.504759917242002524e-12 -3.630894116081289410e-12 -3.372202251575643555e-12 -2.961057895460644749e-12 -2.302858055004789077e-12 -2.042694530035390731e-12 -1.697348155297048129e-12 -1.462998698866126204e-12 -1.216690912753834447e-12 -1.017421985955455944e-12 -8.376835190822651161e-13 -6.790549455193853197e-13 -5.402826927781230983e-13 -4.195404877043932055e-13 -3.177173655556663988e-13 -2.337026625961793614e-13 -1.657446458294588167e-13 -1.135925637703548321e-13 -1.703693171880673272e-11 -1.267103285928047211e-11 -9.928451433010381693e-12 -8.102472728217860078e-12 -7.704270240714604789e-12 -6.847042253404542479e-12 -5.323516045451184027e-12 -4.754672533837203278e-12 -3.931463631084935632e-12 -3.366630932347626765e-12 -2.759288954181646240e-12 -2.266535141473392540e-12 -1.823872737163423872e-12 -1.437576119376982306e-12 -1.106020406133017152e-12 -8.261814580170639294e-13 -5.990448288371908957e-13 -4.205585424092756786e-13 -2.841584124684348255e-13 -1.811379410904757921e-13 7.504220741887345177e-11 5.590956859313065965e-11 4.403028584238495328e-11 3.628258803979671026e-11 3.471805449706087426e-11 3.089635275977542750e-11 2.398778323447625061e-11 2.135423568042560933e-11 1.752208749858970985e-11 1.486487469048762706e-11 1.202459158941165384e-11 9.729243287920818171e-12 7.691942807398586166e-12 5.942347427602186359e-12 4.470611262487872184e-12 3.258358360771037147e-12 2.302316174105602523e-12 1.572479287132857998e-12 1.015611336789899892e-12 5.965412933890028511e-13 -1.291320825187481078e-13 -2.443596067716419913e-13 -3.907480960941650672e-13 -5.690851993423625418e-13 -6.237975662200254225e-13 -5.333054627836125675e-13 -4.325412854736500178e-13 -4.334529394885022222e-13 -3.541519186275680377e-13 -3.175977319313510361e-13 -2.657473329000203725e-13 -2.254913786202699937e-13 -1.902011606038977420e-13 -1.608700742797678155e-13 -1.367194623038218693e-13 -1.167494074093837155e-13 -1.005154115044130581e-13 -8.702665294497096841e-14 -7.563004105685460725e-14 -6.602085043199476324e-14 -4.053571361217646435e-13 -7.669549441831886958e-13 -1.217833848677010512e-12 -1.762353100207718896e-12 -1.895063482895725099e-12 -1.564502988610236685e-12 -1.213670869519463877e-12 -1.207536933754182037e-12 -9.545798867110527552e-13 -8.515784277776002923e-13 -7.059176947239141598e-13 -6.009740302784342821e-13 -5.117637792531499476e-13 -4.391985459391814075e-13 -3.798171813850453934e-13 -3.303769553065714427e-13 -2.892653134085301791e-13 -2.533366533927962352e-13 -2.212032064188452028e-13 -1.923203662568827766e-13 -9.828421492749468193e-13 -1.844740699146251939e-12 -2.917968845383408953e-12 -4.190425140271085716e-12 -4.430582600644910653e-12 -3.544958713804797381e-12 -2.658603862834209451e-12 -2.666286167821716299e-12 -2.075087365828167948e-12 -1.871143290444489463e-12 -1.562390296672927450e-12 -1.350958772880981204e-12 -1.170794711429368780e-12 -1.022584008717696621e-12 -8.977525305495372915e-13 -7.901242349996277797e-13 -6.957490439114057297e-13 -6.090825149109502746e-13 -5.273144339254722069e-13 -4.487938150721235964e-13 4.395923513079438526e-12 8.163027028930921510e-12 1.293123571892843058e-11 1.847553217896001468e-11 1.941418040579593844e-11 1.534787521033054102e-11 1.141278188423802420e-11 1.156829174481914606e-11 9.022470905937135436e-12 8.230710300343144190e-12 6.946361508556003207e-12 6.077000988752030976e-12 5.322444244728607084e-12 4.686745356482632776e-12 4.133759851560339165e-12 3.640317275245345106e-12 3.193565255883443454e-12 2.772516231955703030e-12 2.364641227305208792e-12 1.984829296372634628e-12
-2.806382266211105122e-12 -2.165595146915458045e-12 -1.732555826673568793e-12 -1.397810355574848037e-12 -1.265210939074978901e-12 -1.092782978589910560e-12 -8.506316327687145240e-13 -7.406316099408072563e-13 -6.126855889069119067e-13 -5.256545327737668318e-13 -4.394829222290100598e-13 -3.707706461995103614e-13 -3.098405083366663513e-13 -2.564710966082151621e-13 -2.096750522036275203e-13 -1.683683499755990304e-13 -1.325452102739362203e-13 -1.019143783284263459e-13 -7.603426093765194458e-14 -5.517174597081491180e-14 -7.718123203173393666e-12 -5.806450715093719090e-12 -4.566363255238616609e-12 -3.680547160445898171e-12 -3.418317669595892733e-12 -3.001550838624543104e-12 -2.334350012268545788e-12 -2.070628718956071674e-12 -1.720559696511925083e-12 -1.483005495199038864e-12 -1.233329417864169156e-12 -1.031335454289321564e-12 -8.491390228163000286e-13 -6.883412017066598600e-13 -5.476712141489657912e-13 -4.252778693578611381e-13 -3.220622656588558786e-13 -2.368986228690537922e-13 -1.680112519317857559e-13 -1.151459805300837674e-13 -1.726991462222042163e-11 -1.284431134730363051e-11 -1.006422467642649112e-11 -8.213275377711446018e-12 -7.809627447894586090e-12 -6.940676723473343258e-12 -5.396316036417293589e-12 -4.819693508362728174e-12 -3.985227129023482361e-12 -3.412670285127763539e-12 -2.797022794029993294e-12 -2.297530484504876830e-12 -1.848814586456786608e-12 -1.457235351650828845e-12 -1.121145566741093322e-12 -8.374798499170081938e-13 -6.072370469473304996e-13 -4.263098932843017754e-13 -2.880444464526896074e-13 -1.836151526570790970e-13 7.607003954498077851e-11 5.667473830182481367e-11 4.463343631971806808e-11 3.677962451172212602e-11 3.519370391202677879e-11 3.131947327333164971e-11 2.431602452584639460e-11 2.164646357746037025e-11 1.776192667043926550e-11 1.506827972246619789e-11 1.218903851563171133e-11 9.862240040852420661e-12 7.796987655934585633e-12 6.023357636009507519e-12 4.531427376477635691e-12 3.302521522489154663e-12 2.333378576600497837e-12 1.593648822800970945e-12 1.029300144498016589e-12 6.045017213717682190e-13 -1.308982138213810485e-13 -2.477011620170704704e-13 -3.960917072316447345e-13 -5.768674615438183838e-13 -6.323281338973885457e-13 -5.405985371323673948e-13 -4.384563449829527812e-13 -4.393804833676476146e-13 -3.589950016923429986e-13 -3.219409385767650205e-13 -2.693814735820493593e-13 -2.285750149147856461e-13 -1.928021909100808246e-13 -1.630699991011637116e-13 -1.385891201512455120e-13 -1.183459720949436774e-13 -1.018899733215518916e-13 -8.821675073149160169e-14 -7.666428686529868380e-14 -6.692369062840210239e-14 -4.109010526441984902e-13 -7.774429946714009260e-13 -1.234488011899875606e-12 -1.786453429876416800e-12 -1.920978865734825807e-12 -1.585897899989037774e-12 -1.230267990791370456e-12 -1.224050208415165789e-12 -9.676339171115567793e-13 -8.632239105823327749e-13 -7.155712385544267328e-13 -6.091924637188544293e-13 -5.187622310515788171e-13 -4.452046562493379862e-13 -3.850112322629320326e-13 -3.348949084866047975e-13 -2.932210637701289583e-13 -2.568010672326252030e-13 -2.242281777908353179e-13 -1.949503617440247491e-13 -9.962837507947580160e-13 -1.869967799895409212e-12 -2.957872371383239968e-12 -4.247729817086441048e-12 -4.491171635588302677e-12 -3.593436729184422993e-12 -2.694960673140502472e-12 -2.702748091371381039e-12 -2.103464517054761582e-12 -1.896731487181361978e-12 -1.583756239951331123e-12 -1.369433385810325967e-12 -1.186805528368398110e-12 -1.036568007944885759e-12 -9.100294186915294565e-13 -8.009293047685552724e-13 -7.052635354479963212e-13 -6.174118235841118909e-13 -5.345255185799333861e-13 -4.549310938770998418e-13 4.458842802285920098e-12 8.272255717823578198e-12 1.310986350921150031e-11 1.872720116624381529e-11 1.967968171831455160e-11 1.555832045938815477e-11 1.156829174481914606e-11 1.172684612021576873e-11 9.146034897728777675e-12 8.343428668120093039e-12 7.041445973533299065e-12 6.160226131467272118e-12 5.395319465170514004e-12 4.750934189455836071e-12 4.190409681684589841e-12 3.690225863078325015e-12 3.237372160971555621e-12 2.810575838760924102e-12 2.397067142851540259e-12 2.011959377443429213e-12
-2.188723232003038123e-12 -1.688967485409818177e-12 -1.351236159414336225e-12 -1.090165106966490064e-12 -9.867496017553198531e-13 -8.522714628026195626e-13 -6.634154080056095540e-13 -5.776253819965036366e-13 -4.778391031908782905e-13 -4.099627792364067577e-13 -3.427567456841037058e-13 -2.891674102907704118e-13 -2.416474383668117932e-13 -2.000241406838153811e-13 -1.635274789178179519e-13 -1.313119999322300742e-13 -1.033732135078333615e-13 -7.948395424226529352e-14 -5.929981758211378918e-14 -4.302895171258641782e-14 -6.019434971200012211e-12 -4.528504084959031089e-12 -3.561348521248911943e-12 -2.870492452747629059e-12 -2.665977258251196427e-12 -2.340936993679707420e-12 -1.820580956215973160e-12 -1.614902299247178229e-12 -1.341880252738034750e-12 -1.156609544886776984e-12 -9.618848816187215414e-13 -8.043479401430087873e-13 -6.622512800250155514e-13 -5.368435752126332856e-13 -4.271337642708332127e-13 -3.316780596652813724e-13 -2.511792809076277888e-13 -1.847593877041266446e-13 -1.310335042855527523e-13 -8.980339544607465875e-14 -1.346896455170950909e-11 -1.001739604015610546e-11 -7.849180980637981105e-12 -6.405608687119181733e-12 -6.090799949933215494e-12 -5.413097323290543313e-12 -4.208636283059444061e-12 -3.758923086712180004e-12 -3.108115095876620854e-12 -2.661572753097625705e-12 -2.181423641818288601e-12 -1.791865018514325086e-12 -1.441907385996623035e-12 -1.136511129591915672e-12 -8.743916248488158825e-13 -6.531580989765588010e-13 -4.735896485785441430e-13 -3.324829223161421086e-13 -2.246484447371969373e-13 -1.432030823413031810e-13 5.932952213300932313e-11 4.420332702019135063e-11 3.481168541233249153e-11 2.868637335699961384e-11 2.744918022487356466e-11 2.442738462445893170e-11 1.896498503240740835e-11 1.688258092865675574e-11 1.385297742110342187e-11 1.175225160998612729e-11 9.506632188089192818e-12 7.691834481786493183e-12 6.081066984143049785e-12 4.697768960634726189e-12 3.534198889696732193e-12 2.575837026338520360e-12 1.820042885536994624e-12 1.243073466282425172e-12 8.027921209666635670e-13 4.714492549443240296e-13 -1.020886077607975401e-13 -1.931844532430748693e-13 -3.089155186018148629e-13 -4.499042502403992253e-13 -4.931584870426937499e-13 -4.216177339170535264e-13 -3.419561255188763766e-13 -3.426768613177280940e-13 -2.799834909296162077e-13 -2.510846839249842164e-13 -2.100930773349025155e-13 -1.782677453582405461e-13 -1.503681953383816682e-13 -1.271797857267714949e-13 -1.080869256231291695e-13 -9.229910876326405214e-14 -7.946492475162752243e-14 -6.880105466222035036e-14 -5.979118296788797015e-14 -5.219440197464498094e-14 -3.204652151834712055e-13 -6.063349988467667022e-13 -9.627884663698577672e-13 -1.393271456701365169e-12 -1.498188973802049526e-12 -1.236856260885439679e-12 -9.594972863790985281e-13 -9.546479639781640923e-13 -7.546665571055948377e-13 -6.732362300275697437e-13 -5.580805609595861380e-13 -4.751147747771701566e-13 -4.045874160408870837e-13 -3.472191897711548751e-13 -3.002737916110620042e-13 -2.611876091001288559e-13 -2.286857932711734497e-13 -2.002815073403378624e-13 -1.748776183508310522e-13 -1.520435806708027974e-13 -7.770103149296552543e-13 -1.458405028177987724e-12 -2.306871836035960286e-12 -3.312843423065700142e-12 -3.502705848811324247e-12 -2.802554157958434709e-12 -2.101824527150216230e-12 -2.107897979296497248e-12 -1.640511246015709449e-12 -1.479278255913597536e-12 -1.235185996811368810e-12 -1.068033625590340099e-12 -9.256004977493329348e-13 -8.084288852769270455e-13 -7.097402901008649910e-13 -6.246521043801199290e-13 -5.500414862233504223e-13 -4.815251333581762033e-13 -4.168813601086857409e-13 -3.548049503995128804e-13 3.476578627187272869e-12 6.452417559935529562e-12 1.022391373234446672e-11 1.460599455439025610e-11 1.534845906311714063e-11 1.213408997176172284e-11 9.022470905937135436e-12 9.146034897728777675e-12 7.133588925465706204e-12 6.507541486424304935e-12 5.491973315555593840e-12 4.804609525780625642e-12 4.208038145118682051e-12 3.705468260621612748e-12 3.268289344397664876e-12 2.878179379709191131e-12 2.524936708977413459e-12 2.191995438738859014e-12 1.869437009073490798e-12 1.569177047612512897e-12
-1.996697664080100387e-12 -1.540787517938096301e-12 -1.232686728717913714e-12 -9.945204961124746507e-13 -9.001780551647566019e-13 -7.774982260628174839e-13 -6.052112800898855882e-13 -5.269479613987788797e-13 -4.359163398214192102e-13 -3.739950837327285972e-13 -3.126853103626385778e-13 -2.637975856031386085e-13 -2.204467333188238636e-13 -1.824752183719432832e-13 -1.491805560119607493e-13 -1.197914732076398211e-13 -9.430386633528814724e-14 -7.251050569032651322e-14 -5.409720356138219444e-14 -3.925384649479329881e-14 -5.491325523697291943e-12 -4.131200054125782253e-12 -3.248896969812847607e-12 -2.618652499677202645e-12 -2.432080258294484138e-12 -2.135557093039054398e-12 -1.660854002613338026e-12 -1.473220370687394590e-12 -1.224151659985338767e-12 -1.055135507376294167e-12 -8.774948303720645989e-13 -7.337792435398993527e-13 -6.041492975370606438e-13 -4.897441242352387571e-13 -3.896595997616259234e-13 -3.025786172869560171e-13 -2.291423162272314550e-13 -1.685497047088248211e-13 -1.195374075671898369e-13 -8.192458321912388272e-14 -1.228727766634756962e-11 -9.138529255624738711e-12 -7.160540500194676217e-12 -5.843618652928976395e-12 -5.556429371708919788e-12 -4.938184344943556345e-12 -3.839395556178328150e-12 -3.429137525243683705e-12 -2.835427567559034175e-12 -2.428062202888545106e-12 -1.990038518586652855e-12 -1.634657452086717349e-12 -1.315403019776983055e-12 -1.036800426326496827e-12 -7.976777304755285163e-13 -5.958539342243515281e-13 -4.320397438158842980e-13 -3.033128754846866826e-13 -2.049391495304786954e-13 -1.306393190576468645e-13 5.412418869230139195e-11 4.032511432267058921e-11 3.175764590711145605e-11 2.616975935366575770e-11 2.504120409771612072e-11 2.228452402967304332e-11 1.730133949236696349e-11 1.540141293989720333e-11 1.263727834711982688e-11 1.072088084983437560e-11 8.672377269988780604e-12 7.016788735110486156e-12 5.547361559714976174e-12 4.285469086417749070e-12 3.224005192509061832e-12 2.349771030914927211e-12 1.660310319967000384e-12 1.134008964723070048e-12 7.323962694279140496e-13 4.300925153515053080e-13 -9.313200575145695988e-14 -1.762355770298514525e-13 -2.818131203348647965e-13 -4.104323110469564021e-13 -4.498916991223065273e-13 -3.846275066888574047e-13 -3.119549247360305452e-13 -3.126124309228129675e-13 -2.554194029765330908e-13 -2.290560071551335018e-13 -1.916607598503529123e-13 -1.626275938290214556e-13 -1.371757832197665107e-13 -1.160217872359926568e-13 -9.860402052470445674e-14 -8.420133300608722006e-14 -7.249314395926129577e-14 -6.276485784454984525e-14 -5.454545845611864552e-14 -4.761517420534014127e-14 -2.923496198441366897e-13 -5.531387329544230989e-13 -8.783191456113167738e-13 -1.271034072249776144e-12 -1.366746793258896826e-12 -1.128341858884205611e-12 -8.753166917320576153e-13 -8.708928272361575305e-13 -6.884565974171491693e-13 -6.141704861114947207e-13 -5.091178901263048545e-13 -4.334310312103509588e-13 -3.690913204016354766e-13 -3.167562413407930550e-13 -2.739295514993460110e-13 -2.382725594371131827e-13 -2.086222608823185018e-13 -1.827099969441057392e-13 -1.595348917331061218e-13 -1.387041771459231153e-13 -7.088402622995383390e-13 -1.330453232664299818e-12 -2.104480576465702920e-12 -3.022194215712534106e-12 -3.195399273670218188e-12 -2.556674737377228866e-12 -1.917422928331075911e-12 -1.922963543152484735e-12 -1.496582537668339859e-12 -1.349495174685068245e-12 -1.126818118545627585e-12 -9.743307090004150713e-13 -8.443938126944366985e-13 -7.375021387038160391e-13 -6.474718903056875309e-13 -5.698488395283295353e-13 -5.017841171607959727e-13 -4.392789811074883923e-13 -3.803066619148375350e-13 -3.236764627591539267e-13 3.171632730236797906e-12 5.886077329012300113e-12 9.327015002338760201e-12 1.332433116247084138e-11 1.400180140577667031e-11 1.106940046539594916e-11 8.230710300343144190e-12 8.343428668120093039e-12 6.507541486424304935e-12 5.936777515567945695e-12 5.010313729502867538e-12 4.383192081048727950e-12 3.838928500750706011e-12 3.380421387135518133e-12 2.981570409516998518e-12 2.625672338238952789e-12 2.303396653912450141e-12 1.999677218432420430e-12 1.705390372011475692e-12 1.431444185253507714e-12
-1.685116198610315993e-12 -1.300350098185240926e-12 -1.040327943880964234e-12 -8.393271709683836967e-13 -7.597067151991383233e-13 -6.561708779774490552e-13 -5.107690328403578220e-13 -4.447185792384359293e-13 -3.678922949380462043e-13 -3.156337500970581469e-13 -2.638912672809796122e-13 -2.226323930528895756e-13 -1.860463718225126544e-13 -1.540002497948526125e-13 -1.259011664633710173e-13 -1.010982020578733997e-13 -7.958789716937366011e-14 -6.119535704525807686e-14 -4.565542202550609636e-14 -3.312834714170421499e-14 -4.634412989644836059e-12 -3.486532915388568976e-12 -2.741911811973028003e-12 -2.210015983456739160e-12 -2.052558038001643812e-12 -1.802306837585099652e-12 -1.401680401927348366e-12 -1.243326695976531126e-12 -1.033124755624264790e-12 -8.904832999891306780e-13 -7.405631646339603170e-13 -6.192741645966264111e-13 -5.098727647998735141e-13 -4.133203326187575692e-13 -3.288538376924973092e-13 -2.553616996422354552e-13 -1.933850190039929905e-13 -1.422477898642160672e-13 -1.008837848110339380e-13 -6.914038143872762741e-14 -1.036986770269743598e-11 -7.712476430553183971e-12 -6.043149644731553346e-12 -4.931731341564381822e-12 -4.689357482294772011e-12 -4.167588599958245166e-12 -3.240264038798188155e-12 -2.894026113811010706e-12 -2.392963637810755775e-12 -2.049166980780460211e-12 -1.679496190538092706e-12 -1.379571769811028730e-12 -1.110136480536737609e-12 -8.750093690877384536e-13 -6.732013853478405254e-13 -5.028718607153836997e-13 -3.646206162797380595e-13 -2.559813730952901410e-13 -1.729587115471405834e-13 -1.102532504151712898e-13 4.567920898110567598e-11 3.403329432115998723e-11 2.680267936107954902e-11 2.208662286744667566e-11 2.113433704872865582e-11 1.880768477436436301e-11 1.460208488385152958e-11 1.299851822285700164e-11 1.066538678338028373e-11 9.047599086402802491e-12 7.318811242848571954e-12 5.921764328064348412e-12 4.681684405033702620e-12 3.616780888660634132e-12 2.721028615277905318e-12 1.983268897802104434e-12 1.401349336401455985e-12 9.570982376001094766e-13 6.181431468264056922e-13 3.630020845196694764e-13 -7.859888181010757400e-14 -1.487343088386067215e-13 -2.378366282776187576e-13 -3.463850151753005152e-13 -3.796868181121714522e-13 -3.246069980397582513e-13 -2.632748608875749012e-13 -2.638297624747208696e-13 -2.155616153982308544e-13 -1.933121843318928890e-13 -1.617524056830908464e-13 -1.372498183660382412e-13 -1.157697226241460995e-13 -9.791677355570734189e-14 -8.321702173603670675e-14 -7.106185042157712260e-14 -6.118070551437846059e-14 -5.297050315066418915e-14 -4.603372799391883364e-14 -4.018490330401265425e-14 -2.467288691141787886e-13 -4.668223408231919115e-13 -7.412588438462178598e-13 -1.072691259947066647e-12 -1.153468141793600590e-12 -9.522659150052917800e-13 -7.387249298433250703e-13 -7.349913985395873666e-13 -5.810240511257660530e-13 -5.183301667567326898e-13 -4.296708602236122515e-13 -3.657948129548484644e-13 -3.114952125008659532e-13 -2.673269385224912455e-13 -2.311832858832009333e-13 -2.010905096209652102e-13 -1.760670919731052397e-13 -1.541983958773521477e-13 -1.346397299217066335e-13 -1.170596147319279068e-13 -5.982267648737943085e-13 -1.122838144551510375e-12 -1.776079779039436469e-12 -2.550585667279999545e-12 -2.696762336664157466e-12 -2.157709735610030384e-12 -1.618212161682383527e-12 -1.622888166549829946e-12 -1.263043235873040838e-12 -1.138908618297709163e-12 -9.509799599209409509e-13 -8.222879626847628443e-13 -7.126275128702459631e-13 -6.224161142850871295e-13 -5.464349437417686355e-13 -4.809248437429513990e-13 -4.234815101640038260e-13 -3.707302006640567394e-13 -3.209604205772586510e-13 -2.731672755566540592e-13 2.676544486846183185e-12 4.967618831136504320e-12 7.871565591414962262e-12 1.124506503543372528e-11 1.181690462036791793e-11 9.342042560750050452e-12 6.946361508556003207e-12 7.041445973533299065e-12 5.491973315555593840e-12 5.010313729502867538e-12 4.228832231954205090e-12 3.699579487049030643e-12 3.240101896021975124e-12 2.853051310518606574e-12 2.516390414162532239e-12 2.215959359622265121e-12 1.943901566898752143e-12 1.687570467519521094e-12 1.439261729558369460e-12 1.208069900310352939e-12
-1.474235855405000489e-12 -1.137620510818111842e-12 -9.101382740829804352e-13 -7.342913106801395887e-13 -6.646348015175841143e-13 -5.740557275295372312e-13 -4.468498968832174824e-13 -3.890651906323198998e-13 -3.218531809300956282e-13 -2.761344342055858888e-13 -2.308671662577011148e-13 -1.947715513998828742e-13 -1.627640100953988831e-13 -1.347282419260153973e-13 -1.101455560973336041e-13 -8.844651367726253995e-14 -6.962805507441085632e-14 -5.353719739648726982e-14 -3.994196758860206799e-14 -2.898256610775140586e-14 -4.054449070699736217e-12 -3.050218056778130780e-12 -2.398780997312302555e-12 -1.933448128332506048e-12 -1.795694952835930191e-12 -1.576760908187428607e-12 -1.226270034612537862e-12 -1.087733181591276293e-12 -9.038365421248596348e-13 -7.790456733470379995e-13 -6.478869872208410398e-13 -5.417764441488312177e-13 -4.460658433893138721e-13 -3.615962852399939544e-13 -2.877001718795196799e-13 -2.234050805322473118e-13 -1.691843117631885235e-13 -1.244465217880824738e-13 -8.825891325445020974e-14 -6.048797077240109115e-14 -9.072152350277025549e-12 -6.747314723948667331e-12 -5.286892354277177722e-12 -4.314560138976213081e-12 -4.102517687365162744e-12 -3.646044477544566134e-12 -2.834768002350600624e-12 -2.531859309287347313e-12 -2.093501285395321984e-12 -1.792728373373823951e-12 -1.469319250728583364e-12 -1.206928237742165788e-12 -9.712108529694392006e-13 -7.655082795786662788e-13 -5.889551404212501969e-13 -4.399412152906324690e-13 -3.189910950234399710e-13 -2.239472486397116788e-13 -1.513142640509210630e-13 -9.645594623765078257e-14 3.996374109309927941e-11 2.977520170292052792e-11 2.344933532917451928e-11 1.932364678001816239e-11 1.849048359876022776e-11 1.645495157842910790e-11 1.277563572754498295e-11 1.137268361769116058e-11 9.331325404213392431e-12 7.915618366027331195e-12 6.402664694228625551e-12 5.180524980278379506e-12 4.095826352670987443e-12 3.164219122938022426e-12 2.380582965150344474e-12 1.735186264069993512e-12 1.226122640245984510e-12 8.374515567574334224e-13 5.409069298300093852e-13 3.176703844153272442e-13 -6.876299484594123242e-14 -1.301211726106194330e-13 -2.080731207596430217e-13 -3.030373225947380684e-13 -3.321717353176093441e-13 -2.839847650971139137e-13 -2.303278667016238014e-13 -2.308133418887228714e-13 -1.885856054577355780e-13 -1.691205401884563904e-13 -1.415102411328986728e-13 -1.200739810266202526e-13 -1.012819611425910189e-13 -8.566318379657017070e-14 -7.280299863436965927e-14 -6.216896137345489929e-14 -5.352437140689170087e-14 -4.634161491556461454e-14 -4.027292668741840224e-14 -3.515604241478044935e-14 -2.158530321070949674e-13 -4.084026694016886539e-13 -6.484956325326205990e-13 -9.384514308057869697e-13 -1.009119853662700378e-12 -8.330966566599850658e-13 -6.462787187384356437e-13 -6.430124447376938398e-13 -5.083130054943187113e-13 -4.534648290204245061e-13 -3.759006019451005053e-13 -3.200181993450085172e-13 -2.725137937382471447e-13 -2.338728660456620647e-13 -2.022523266808669775e-13 -1.759254529359963630e-13 -1.540335436323295966e-13 -1.349015542120663557e-13 -1.177905055495765721e-13 -1.024104186412626093e-13 -5.233638925424759757e-13 -9.823228847068609315e-13 -1.553815829616613694e-12 -2.231397889679078840e-12 -2.359281734137965813e-12 -1.887687772924876812e-12 -1.415704353720206639e-12 -1.419795240493901009e-12 -1.104982322806122875e-12 -9.963822851770932175e-13 -8.319715607912245193e-13 -7.193844818376259691e-13 -6.234472391613335486e-13 -5.445251466205625238e-13 -4.780524626994293637e-13 -4.207405017859696979e-13 -3.704858102592908845e-13 -3.243359496254136466e-13 -2.807944757565407983e-13 -2.389822828150855580e-13 2.341679193515781783e-12 4.345840338425722322e-12 6.886589771113747875e-12 9.837713083174666375e-12 1.033806558711356940e-11 8.172891437507530197e-12 6.077000988752030976e-12 6.160226131467272118e-12 4.804609525780625642e-12 4.383192081048727950e-12 3.699579487049030643e-12 3.237014016675222870e-12 2.835048107334810254e-12 2.496263744058809432e-12 2.201620274714957338e-12 1.938739279489111469e-12 1.700682727315800306e-12 1.476379214767255980e-12 1.259147997312026312e-12 1.056877807938773819e-12
-1.291172739469174741e-12 -9.963565733604416419e-13 -7.971219316860516570e-13 -6.431107579660725192e-13 -5.821038331010866295e-13 -5.027724160838190400e-13 -3.913623560936297018e-13 -3.407530600783760865e-13 -2.818870899460960664e-13 -2.418454574379486177e-13 -2.021992424607337289e-13 -1.705857952073111203e-13 -1.425527884619637481e-13 -1.179983539013506926e-13 -9.646822327251522079e-14 -7.746365335295950221e-14 -6.098198523046571193e-14 -4.688921696252404415e-14 -3.498217837562880368e-14 -2.538366041725799710e-14 -3.550988188496661925e-12 -2.671457472643615037e-12 -2.100912560828988985e-12 -1.693362382447449482e-12 -1.572714680744445775e-12 -1.380966757730357308e-12 -1.073998056710610108e-12 -9.526640000443415949e-13 -7.916026989903664099e-13 -6.823077134350107947e-13 -5.674356417404881559e-13 -4.745013674539885524e-13 -3.906756291752919921e-13 -3.166950577901076373e-13 -2.519749890529968519e-13 -1.956637186047371307e-13 -1.481758282919968005e-13 -1.089933637791390386e-13 -7.729935821248090739e-14 -5.297687082256726615e-14 -7.945618542626755767e-12 -5.909467454958332237e-12 -4.630392909011464003e-12 -3.778799986394954967e-12 -3.593087865032736935e-12 -3.193297180505010690e-12 -2.482760899360908798e-12 -2.217465861565148862e-12 -1.833540886468736793e-12 -1.570116406452626457e-12 -1.286866591554725663e-12 -1.057057965240666440e-12 -8.506107744590896041e-13 -6.704512715030003217e-13 -5.158215998323766068e-13 -3.853114243940118107e-13 -2.793802996404906537e-13 -1.961385364528006528e-13 -1.325247595496754590e-13 -8.447846914754135055e-14 3.500242102740860736e-11 2.607914085638235311e-11 2.053885854116390116e-11 1.692551017206029092e-11 1.619561787284783195e-11 1.441289493427989211e-11 1.119039513481543185e-11 9.961561634239479350e-12 8.173588818402219056e-12 6.933507030083070815e-12 5.607982078760358710e-12 4.537060410059548492e-12 3.587112766107164236e-12 2.771364685347457838e-12 2.085043887308957621e-12 1.519786318017592581e-12 1.073953106809392864e-12 7.334892304038016027e-13 4.736979858511342354e-13 2.781527758569389376e-13 -6.022422662096993983e-14 -1.139634444884915128e-13 -1.822356204897634170e-13 -2.654077282227260359e-13 -2.909243185323263973e-13 -2.487209607828973725e-13 -2.017269304783332437e-13 -2.021521120440050850e-13 -1.651680048772006017e-13 -1.481200079276159939e-13 -1.239382173119032191e-13 -1.051638016882602450e-13 -8.870528296861327432e-14 -7.502596492194474797e-14 -6.376269410404341266e-14 -5.444913719622788961e-14 -4.687798865110569798e-14 -4.058715207059453967e-14 -3.527204351472772278e-14 -3.079054699672149714e-14 -1.890491664325078455e-13 -3.576894054360387516e-13 -5.679686926331719838e-13 -8.219193796309253606e-13 -8.838124346458684696e-13 -7.296469050046385491e-13 -5.660271273520838498e-13 -5.631664223834644156e-13 -4.451932834330650633e-13 -3.971558667151251758e-13 -3.292231737055681622e-13 -2.802799573921781673e-13 -2.386744169159330881e-13 -2.048317232424896785e-13 -1.771376671167625592e-13 -1.540799276449545816e-13 -1.349064412005554335e-13 -1.181501684840660303e-13 -1.031638898156335817e-13 -8.969362297645648265e-14 -4.583746190658917489e-13 -8.603430389688547484e-13 -1.360870976715751510e-12 -1.954314282738046453e-12 -2.066318068100176847e-12 -1.653284229871407198e-12 -1.239909401349980743e-12 -1.243492270771404126e-12 -9.677712390475225818e-13 -8.726565941301012975e-13 -7.286615610491948176e-13 -6.300549561891594722e-13 -5.460307256125065048e-13 -4.769087841880928653e-13 -4.186903516628668938e-13 -3.684950896231410345e-13 -3.244807601325158702e-13 -2.840615568126253850e-13 -2.459268599610651862e-13 -2.093067058776975988e-13 2.050535599577867832e-12 3.806420919291408872e-12 6.031338381713763274e-12 8.616311259501584571e-12 9.054380683660650507e-12 7.158086820910107275e-12 5.322444244728607084e-12 5.395319465170514004e-12 4.208038145118682051e-12 3.838928500750706011e-12 3.240101896021975124e-12 2.835048107334810254e-12 2.483456969904031327e-12 2.186755189924050678e-12 1.928504660255888056e-12 1.698172726992202488e-12 1.489607878778861069e-12 1.293071350965346870e-12 1.102804499646717622e-12 9.256700305465604883e-13
-1.136959813819786990e-12 -8.773554032399268926e-13 -7.019166208119751403e-13 -5.662999819404195557e-13 -5.125794939368838834e-13 -4.427231365216414267e-13 -3.446194820812621947e-13 -3.000547735683806805e-13 -2.482195332118121101e-13 -2.129603197705800397e-13 -1.780492975803381621e-13 -1.502116422036788803e-13 -1.255267953795333246e-13 -1.039050474328179746e-13 -8.494639835408511331e-14 -6.821166072079581353e-14 -5.369851095271525843e-14 -4.128893838115814114e-14 -3.080403671713770114e-14 -2.235193109807976436e-14 -3.126871210347986923e-12 -2.352388405433794399e-12 -1.849987284362406522e-12 -1.491113418174169252e-12 -1.384875421257552016e-12 -1.216029169299318552e-12 -9.457236791100720804e-13 -8.388813110475595061e-13 -6.970565697612677786e-13 -6.008153647028472080e-13 -4.996631870308475678e-13 -4.178286415558783053e-13 -3.440147468878618700e-13 -2.788701313041069999e-13 -2.218799903782892720e-13 -1.722943167172537632e-13 -1.304782216831247171e-13 -9.597557874310996351e-14 -6.806699695875313751e-14 -4.664949856363825558e-14 -6.996623040609093502e-12 -5.203662369250231030e-12 -4.077355781975555834e-12 -3.327474004630679090e-12 -3.163942636069204383e-12 -2.811901483029604378e-12 -2.186229047270547450e-12 -1.952619867789503095e-12 -1.614549460966096461e-12 -1.382587415742546981e-12 -1.133167923137649825e-12 -9.308067980053441426e-13 -7.490169069086889145e-13 -5.903749673234158392e-13 -4.542136917709854821e-13 -3.392911358272132677e-13 -2.460120559981944928e-13 -1.727124013211227005e-13 -1.166964310459704870e-13 -7.438861322035092898e-14 3.082318470225651945e-11 2.296537426164917442e-11 1.808692668027426480e-11 1.490502299098595069e-11 1.426239095356589961e-11 1.269253764700981298e-11 9.854866012362537075e-12 8.772772512669975746e-12 7.198359020956841613e-12 6.106349917195078446e-12 4.938953601785923061e-12 3.995460160666993727e-12 3.158333791834052501e-12 2.440079021326745033e-12 1.835965324355549995e-12 1.338228865169999666e-12 9.456789536235881294e-13 6.459491219441800339e-13 4.172034810789375142e-13 2.449900423371173770e-13 -5.303115598052242709e-14 -1.003521190472675609e-13 -1.604700356696876725e-13 -2.337084392092395166e-13 -2.561773711841929881e-13 -2.190146268418359624e-13 -1.776334140022661388e-13 -1.780078050751981352e-13 -1.454409467702908449e-13 -1.304290960080662649e-13 -1.091354911359254168e-13 -9.260342154369790581e-14 -7.811065091586488966e-14 -6.606513939757372952e-14 -5.614711387763384154e-14 -4.794593367241308942e-14 -4.127905542709349239e-14 -3.573957471031372387e-14 -3.105928387632710640e-14 -2.711304003383509865e-14 -1.664695438046334374e-13 -3.149683866098661647e-13 -5.001325586454117290e-13 -7.237524170209272642e-13 -7.782530884425725160e-13 -6.425005241212847215e-13 -4.984229410619414896e-13 -4.959038908297868386e-13 -3.920210372156356849e-13 -3.497210260838339299e-13 -2.899019663943680693e-13 -2.468043423989320911e-13 -2.101680228448526541e-13 -1.803673761023797170e-13 -1.559810008302982459e-13 -1.356771903426149603e-13 -1.187937119197534638e-13 -1.040387498097456337e-13 -9.084238311114966953e-14 -7.898095460832517730e-14 -4.036275216184517818e-13 -7.575868440545719018e-13 -1.198333635208604775e-12 -1.720898205022455128e-12 -1.819524590192328832e-12 -1.455821979617954964e-12 -1.091819196761640842e-12 -1.094974114195848775e-12 -8.521842042138063825e-13 -7.684296959827298203e-13 -6.416329030177977390e-13 -5.548034938761526328e-13 -4.808148195582587580e-13 -4.199485545227842441e-13 -3.686835272754633140e-13 -3.244833949831653272e-13 -2.857259665278311655e-13 -2.501342861287870471e-13 -2.165542727630222744e-13 -1.843079066006188620e-13 1.805668537587331252e-12 3.351782175403785030e-12 5.310939828690649961e-12 7.587205558725292342e-12 7.972966837041790303e-12 6.303136111238778895e-12 4.686745356482632776e-12 4.750934189455836071e-12 3.705468260621612748e-12 3.380421387135518133e-12 2.853051310518606574e-12 2.496263744058809432e-12 2.186755189924050678e-12 1.926048564415685509e-12 1.698673655160065911e-12 1.495648909769963465e-12 1.311880430077944754e-12 1.138761464834600071e-12 9.711374806524902446e-13 8.151048709844394150e-13
-1.002826984970295447e-12 -7.738493985392850040e-13 -6.191080140389580571e-13 -4.994907564081656346e-13 -4.521079344286236576e-13 -3.904928898645541299e-13 -3.039630101787725925e-13 -2.646558218754678806e-13 -2.189358364004320726e-13 -1.878363197236722652e-13 -1.570439177362116222e-13 -1.324904067776740135e-13 -1.107177555400358245e-13 -9.164682656396794166e-14 -7.492482665040000112e-14 -6.016436450018465585e-14 -4.736341530699487388e-14 -3.641787207787279780e-14 -2.716993219717192942e-14 -1.971496458613893247e-14 -2.757978590304982705e-12 -2.074865384375003518e-12 -1.631735038544183687e-12 -1.315199338734532038e-12 -1.221494750694880782e-12 -1.072568140087982249e-12 -8.341519355374453773e-13 -7.399142882814645209e-13 -6.148213063668133579e-13 -5.299341420348095098e-13 -4.407153865793071112e-13 -3.685352722289383458e-13 -3.034295791837195523e-13 -2.459703830996908381e-13 -1.957036547783357843e-13 -1.519678308193378530e-13 -1.150850119238724808e-13 -8.465283484537387050e-14 -6.003677933958402874e-14 -4.114601092835173868e-14 -6.171196425740594588e-12 -4.589760302630873177e-12 -3.596329725389555345e-12 -2.934915270970536541e-12 -2.790676486700869990e-12 -2.480167389526934631e-12 -1.928308661931865380e-12 -1.722259516320321235e-12 -1.424072937215378267e-12 -1.219476589970486192e-12 -9.994823686791127344e-13 -8.209948014013633724e-13 -6.606515803685513321e-13 -5.207253876375226205e-13 -4.006277331631436835e-13 -2.992631151263941770e-13 -2.169886631633162571e-13 -1.523365603267209924e-13 -1.029290890984446689e-13 -6.561253626131284608e-14 2.718732681569827244e-11 2.025700077704332136e-11 1.595407804534589484e-11 1.314767996831231458e-11 1.258082922073976113e-11 1.119620274100368328e-11 8.693323573050394672e-12 7.738927577638199907e-12 6.350324999648543160e-12 5.387167973763312072e-12 4.357488594677255371e-12 3.525147705921434276e-12 2.786255520987587294e-12 2.152059545242997553e-12 1.619235868778154951e-12 1.180276631309749026e-12 8.340130505576298364e-13 5.697197667991404561e-13 3.679975651340209045e-13 2.161034807600426805e-13 -4.677465238369745818e-14 -8.851314687262760375e-14 -1.415385392455843526e-13 -2.061367349093585002e-13 -2.259548245310525800e-13 -1.931763540850157578e-13 -1.566771218882963572e-13 -1.570073325607053982e-13 -1.282825534563065293e-13 -1.150417203069923282e-13 -9.626023054408567881e-14 -8.167853018241706503e-14 -6.889554842980966066e-14 -5.827110478182387847e-14 -4.952316054682951809e-14 -4.228951412558143190e-14 -3.640916101780518305e-14 -3.152320255020210644e-14 -2.739506996959328980e-14 -2.391438312364191730e-14 -1.468299044173944420e-13 -2.778101160031777175e-13 -4.411293651512567367e-13 -6.383678215146058182e-13 -6.864386312779128713e-13 -5.667014767401780247e-13 -4.396215150222353105e-13 -4.373996256523238195e-13 -3.457723613359278187e-13 -3.084626842747866598e-13 -2.557007809154894604e-13 -2.176875912491263029e-13 -1.853734525821846050e-13 -1.590885370093408313e-13 -1.375791506235542765e-13 -1.196706783965639875e-13 -1.047790244920524015e-13 -9.176478311830470831e-14 -8.012526595788379109e-14 -6.966318829306188648e-14 -3.560088477979021867e-13 -6.682105604527475313e-13 -1.056960348564472649e-12 -1.517875297307726534e-12 -1.604866124396041216e-12 -1.284071305897108663e-12 -9.630118547642844777e-13 -9.657945330323519334e-13 -7.516477827562838438e-13 -6.777742027298574287e-13 -5.659362645708788471e-13 -4.893505341922077617e-13 -4.240906886997933752e-13 -3.704051290502545252e-13 -3.251881066317899152e-13 -2.862024738745958837e-13 -2.520174408149473130e-13 -2.206246913263376129e-13 -1.910063013636546681e-13 -1.625642158303727812e-13 1.592438624743554262e-12 2.956406367781031871e-12 4.684238083164304897e-12 6.692108181046946756e-12 7.032217704917450996e-12 5.559457488265031788e-12 4.133759851560339165e-12 4.190409681684589841e-12 3.268289344397664876e-12 2.981570409516998518e-12 2.516390414162532239e-12 2.201620274714957338e-12 1.928504660255888056e-12 1.698673655160065911e-12 1.498694123615105488e-12 1.319638749787634206e-12 1.157458817620902626e-12 1.004711659494147043e-12 8.567544559542682970e-13 7.190367543639328628e-13
-8.831056599114850699e-13 -6.814642979866317510e-13 -5.451965265237591329e-13 -4.398596288169529334e-13 -3.981335554086262768e-13 -3.438743441315589802e-13 -2.676747352089489796e-13 -2.330601903020950507e-13 -1.927984369456670159e-13 -1.654117058451853858e-13 -1.382954239885109463e-13 -1.166732071897449090e-13 -9.749985778706547830e-14 -8.070569402422168676e-14 -6.598002862958946697e-14 -5.298173057703150958e-14 -4.170899937681334276e-14 -3.207016988938460197e-14 -2.392628055414723845e-14 -1.736131489387653782e-14 -2.428720548836979302e-12 -1.827160017429732372e-12 -1.436932265202628990e-12 -1.158185792470568213e-12 -1.075668029868975190e-12 -9.445208443237301106e-13 -7.345676814678153189e-13 -6.515804903556078297e-13 -5.414215973469847361e-13 -4.666685983033281325e-13 -3.881011233453276486e-13 -3.245381467039100183e-13 -2.672050151043454208e-13 -2.166055293093867929e-13 -1.723398347763264409e-13 -1.338253750088806575e-13 -1.013457523423265808e-13 -7.454667327154559575e-14 -5.286936861887807227e-14 -3.623385196854806652e-14 -5.434455399123914777e-12 -4.041817160352475769e-12 -3.166986132191336795e-12 -2.584533851027819465e-12 -2.457514864979502236e-12 -2.184075530969140036e-12 -1.698099807393027790e-12 -1.516649603360499570e-12 -1.254061698818673784e-12 -1.073890863282947931e-12 -8.801603889186308855e-13 -7.229813472498637588e-13 -5.817805078631280693e-13 -4.585592646624519639e-13 -3.527993313849920883e-13 -2.635360449464705039e-13 -1.910838116898734084e-13 -1.341501064751326473e-13 -9.064107758807251234e-14 -5.777951744127388360e-14 2.394253919525177874e-11 1.783965274155124649e-11 1.405032711246585650e-11 1.157891493291396650e-11 1.107969952996975672e-11 9.860406959122111690e-12 7.656221590340471553e-12 6.815804850504322963e-12 5.593018132585819003e-12 4.744890762906352502e-12 3.838125712227390546e-12 3.105093559253522170e-12 2.454225583161302797e-12 1.895185779495972713e-12 1.425172165928099104e-12 1.038676937662800112e-12 7.340031027327575336e-13 5.013837003908233973e-13 3.238081402881846638e-13 1.901175897603497559e-13 -4.119062352232640812e-14 -7.794606003458994881e-14 -1.246411580868407297e-13 -1.815273085152120900e-13 -1.989794883127941205e-13 -1.701142376628458736e-13 -1.379724007735952869e-13 -1.382631978368007597e-13 -1.129676898469046122e-13 -1.013076018783144840e-13 -8.476831673928845835e-14 -7.192743672995913240e-14 -6.067053322579859191e-14 -5.131447725463853807e-14 -4.361089449311488170e-14 -3.724082876957661673e-14 -3.206249458412355270e-14 -2.775983910672857058e-14 -2.412453811857842777e-14 -2.105938977405013028e-14 -1.293010677858271914e-13 -2.446439935369504434e-13 -3.884656929415218763e-13 -5.621569614127946401e-13 -6.044889964215646789e-13 -4.990465206891936684e-13 -3.871378025222089896e-13 -3.851811878207620113e-13 -3.044927299917938764e-13 -2.716372317742851959e-13 -2.251742443064216536e-13 -1.916992201808956709e-13 -1.632428591609175178e-13 -1.400959374437168381e-13 -1.211544194559541938e-13 -1.053839318167407457e-13 -9.227010323631431055e-14 -8.080954889567954215e-14 -7.055959604017210549e-14 -6.134652206599068228e-14 -3.135076562344906706e-13 -5.884370105792327549e-13 -9.307762915840708631e-13 -1.336665497278237749e-12 -1.413271104588861516e-12 -1.130774015134633997e-12 -8.480437963142304732e-13 -8.504942944958377176e-13 -6.619131882222642589e-13 -5.968589257505848477e-13 -4.983726262127783743e-13 -4.309300079554702898e-13 -3.734611218675630459e-13 -3.261847441948753853e-13 -2.863658935207548732e-13 -2.520345225480523606e-13 -2.219306381335214793e-13 -1.942856734535560580e-13 -1.682032251134430186e-13 -1.431566535388422414e-13 1.402570252622040053e-12 2.603322322906229354e-12 4.125143517557425420e-12 5.893211127999799503e-12 6.192772148447523460e-12 4.895836434578344592e-12 3.640317275245345106e-12 3.690225863078325015e-12 2.878179379709191131e-12 2.625672338238952789e-12 2.215959359622265121e-12 1.938739279489111469e-12 1.698172726992202488e-12 1.495648909769963465e-12 1.319638749787634206e-12 1.162640846880607265e-12 1.019887049151137928e-12 8.851817848812370499e-13 7.547114923213613150e-13 6.333159401465824936e-13
-7.747710392115685927e-13 -5.978659512402950685e-13 -4.783147663281483866e-13 -3.859000226980685031e-13 -3.492926838164730532e-13 -3.016896922517171389e-13 -2.348378411460588620e-13 -2.044696219310966386e-13 -1.691469675927674146e-13 -1.451198984780789883e-13 -1.213301004551489186e-13 -1.023603821170808291e-13 -8.553911478119209428e-14 -7.080517271330267331e-14 -5.788597039032477847e-14 -4.648223671580875277e-14 -3.659237494292874722e-14 -2.813597786461794016e-14 -2.099113291483582803e-14 -1.523152107926106378e-14 -2.130778264708576417e-12 -1.603013926531840647e-12 -1.260657198358134131e-12 -1.016105817163972263e-12 -9.437108996138705746e-13 -8.286521368276831382e-13 -6.444548934966799190e-13 -5.716481265676505641e-13 -4.750029397028415207e-13 -4.094202442507206124e-13 -3.404910055203110554e-13 -2.847255899937531691e-13 -2.344257711667004225e-13 -1.900335675909301448e-13 -1.511981480953175529e-13 -1.174084475577543310e-13 -8.891323348616072752e-14 -6.540170871063513492e-14 -4.638365044742275767e-14 -3.178888841285373195e-14 -4.767785866403491420e-12 -3.545988931444390179e-12 -2.778477440065627722e-12 -2.267477234566574774e-12 -2.156040269547482610e-12 -1.916144990773842735e-12 -1.489786133845788127e-12 -1.330595263934800002e-12 -1.100220240469674392e-12 -9.421518036434153652e-13 -7.721871294736542969e-13 -6.342899580733662718e-13 -5.104108672163016665e-13 -4.023057634336380170e-13 -3.095198894486362448e-13 -2.312069744898283317e-13 -1.676427688600209420e-13 -1.176933646652443834e-13 -7.952177728798667422e-14 -5.069149514844104708e-14 2.100560352692030756e-11 1.565157963547848047e-11 1.232717238305268205e-11 1.015907435604472000e-11 9.721140436022701638e-12 8.651576209093819287e-12 6.717916920351925884e-12 5.980739375802238636e-12 4.908123996504128117e-12 4.164168271055503452e-12 3.368704802695809403e-12 2.725580319506380098e-12 2.154449153097990401e-12 1.663605437112467911e-12 1.250594116823138077e-12 9.106114717608200310e-13 6.434034727337037970e-13 4.397393249684663306e-13 2.840683587658178622e-13 1.669442690770207196e-13 -3.613768734130767362e-14 -6.838401175028339664e-14 -1.093508867589618784e-13 -1.592584880170003080e-13 -1.745697776866167729e-13 -1.492455601778942298e-13 -1.210466873916907664e-13 -1.213018191184304937e-13 -9.910942413667851650e-14 -8.887973638698041792e-14 -7.436939968606818032e-14 -6.310377042304344134e-14 -5.322779988229448958e-14 -4.501949509924304030e-14 -3.826094458185532789e-14 -3.267232431723011923e-14 -2.812923998723696924e-14 -2.435440957104736564e-14 -2.116506695475511741e-14 -1.847593517903185339e-14 -1.134393879251793360e-13 -2.146323073175686273e-13 -3.408108648477610568e-13 -4.931945248876170616e-13 -5.303335959634071603e-13 -4.378262310950302152e-13 -3.396458204822811252e-13 -3.379292494119238358e-13 -2.671392076632938718e-13 -2.383142507049686666e-13 -1.975510888513562406e-13 -1.681826047592268538e-13 -1.432171082074390255e-13 -1.229097255110883353e-13 -1.062918459589613002e-13 -9.245599891639102975e-14 -8.095090644140754800e-14 -7.089626796974261140e-14 -6.190371810644103309e-14 -5.382085495154622771e-14 -2.750487340489210008e-13 -5.162507297638393331e-13 -8.165936135475683286e-13 -1.172690576701719994e-12 -1.239898699860648799e-12 -9.920568388487594968e-13 -7.440103593760869698e-13 -7.461602699775964893e-13 -5.807132580093032202e-13 -5.236395068329854210e-13 -4.372349706639034166e-13 -3.780658618072477563e-13 -3.276469368533012422e-13 -2.861701636191722126e-13 -2.512360645790122415e-13 -2.211162878618040476e-13 -1.947053933613903331e-13 -1.704517614706216938e-13 -1.475689517388326740e-13 -1.255949470169146643e-13 1.230937258782467401e-12 2.283518236649938776e-12 3.619215771685183541e-12 5.169913294620283885e-12 5.432854756231642021e-12 4.295153122533068034e-12 3.193565255883443454e-12 3.237372160971555621e-12 2.524936708977413459e-12 2.303396653912450141e-12 1.943901566898752143e-12 1.700682727315800306e-12 1.489607878778861069e-12 1.311880430077944754e-12 1.157458817620902626e-12 1.019887049151137928e-12 8.954432059989485660e-13 7.773642607105813132e-13 6.625847073720721978e-13 5.559188898995146237e-13
-6.726662790058498846e-13 -5.190749826510164389e-13 -4.152790933926665132e-13 -3.350434150419515740e-13 -3.032604457663364163e-13 -2.619309127124365283e-13 -2.038892663982709516e-13 -1.775231837673369160e-13 -1.468555945469016806e-13 -1.259949787495500617e-13 -1.053403651402033522e-13 -8.887060854464303192e-14 -7.426616600544926605e-14 -6.147396437576771541e-14 -5.025734581993961115e-14 -4.035647477631230713e-14 -3.176997146200232022e-14 -2.442802035692429723e-14 -1.822477464693464791e-14 -1.322420508006379328e-14 -1.849969363202134247e-12 -1.391757508474788987e-12 -1.094518951927053012e-12 -8.821962727985723832e-13 -8.193420602559849125e-13 -7.194465494866186697e-13 -5.595241095807189421e-13 -4.963123270391193209e-13 -4.124037169039592223e-13 -3.554639649451543698e-13 -2.956187031699633703e-13 -2.472024453898389082e-13 -2.035314914382599003e-13 -1.649895994248413455e-13 -1.312721840845647941e-13 -1.019355219352622157e-13 -7.719561294954539323e-14 -5.678260620183127099e-14 -4.027088405040950577e-14 -2.759952228231339262e-14 -4.139453601889341260e-12 -3.078673639827691824e-12 -2.412310193354682144e-12 -1.968653184318141852e-12 -1.871902156473952652e-12 -1.663621960318756285e-12 -1.293451664598820411e-12 -1.155240081639462198e-12 -9.552254869931581863e-13 -8.179884109782556822e-13 -6.704228754253246473e-13 -5.506987615365956639e-13 -4.431453281576294722e-13 -3.492870636376513138e-13 -2.687291614685502837e-13 -2.007368582886803374e-13 -1.455495970324354223e-13 -1.021828823014879699e-13 -6.904181839744089981e-14 -4.401099309383275596e-14 1.823787441200476947e-11 1.358886869501211837e-11 1.070331659331229739e-11 8.820632259168246792e-12 8.440791042845242953e-12 7.512193631254159731e-12 5.833478526804308568e-12 5.193610001760969903e-12 4.262438498468342318e-12 3.616615629375526432e-12 2.926112703783062349e-12 2.367794429585831237e-12 1.871860665415137598e-12 1.445511613562063040e-12 1.086602498549166871e-12 7.906439657609994370e-13 5.576758693051348645e-13 3.812219855298224404e-13 2.465557176706144865e-13 1.450973415438254615e-13 -3.137516889832264504e-14 -5.937190536224798976e-14 -9.493984829120314324e-14 -1.382703004092906958e-13 -1.515637423558434239e-13 -1.295769276176556658e-13 -1.050943085635433524e-13 -1.053158141636573444e-13 -8.604808972860785455e-14 -7.716654052611153786e-14 -6.456847831703219707e-14 -5.478751224716273622e-14 -4.621306750087634815e-14 -3.908651033484401864e-14 -3.321864959680970094e-14 -2.836653678824678211e-14 -2.442217202201142357e-14 -2.114481576688490926e-14 -1.837578733949132123e-14 -1.604104791294441642e-14 -9.848944506669700066e-14 -1.863465895663852527e-13 -2.958964041753292688e-13 -4.281979166823607244e-13 -4.604425020696374311e-13 -3.801264068321726457e-13 -2.948849174914834859e-13 -2.933945618114914242e-13 -2.319337308223723977e-13 -2.069075262800938138e-13 -1.715164205296844272e-13 -1.460183191699653188e-13 -1.243429537938091664e-13 -1.067118203852246929e-13 -9.228396321393847035e-14 -8.027150013317485715e-14 -7.028262841804657354e-14 -6.155306180644379259e-14 -5.374561540274162483e-14 -4.672796833008604718e-14 -2.388006927268826953e-13 -4.482155942011766517e-13 -7.089772126477588533e-13 -1.018145202950946150e-12 -1.076496139027462408e-12 -8.613166105508746728e-13 -6.459594632843180750e-13 -6.478260335736612187e-13 -5.041827945639868956e-13 -4.546306199923545034e-13 -3.796130804539939048e-13 -3.282416862505266076e-13 -2.844673248202145549e-13 -2.484566537287013114e-13 -2.181264187874421185e-13 -1.919760345632408556e-13 -1.690457497382752800e-13 -1.479884322066371670e-13 -1.281212852876960858e-13 -1.090431731575442301e-13 1.068905897000667931e-12 1.982252452719533333e-12 3.142265893682687321e-12 4.488286285916607812e-12 4.716692512935937921e-12 3.728939673359926903e-12 2.772516231955703030e-12 2.810575838760924102e-12 2.191995438738859014e-12 1.999677218432420430e-12 1.687570467519521094e-12 1.476379214767255980e-12 1.293071350965346870e-12 1.138761464834600071e-12 1.004711659494147043e-12 8.851817848812370499e-13 7.773642607105813132e-13 6.757940613465245185e-13 5.760927109124284321e-13 4.831133847715023251e-13
-5.736510267234362288e-13 -4.426680820448989340e-13 -3.541507716480438863e-13 -2.857256527767923537e-13 -2.586210660196213159e-13 -2.233751794410988016e-13 -1.738771525934327657e-13 -1.513921077038223102e-13 -1.252387205281564950e-13 -1.074487359601491951e-13 -8.983443242476964335e-14 -7.578898966648416547e-14 -6.333429586655200065e-14 -5.242507285547314142e-14 -4.285952416704477752e-14 -3.441603548874772340e-14 -2.709346792004468584e-14 -2.083225410018141838e-14 -1.554212338906744373e-14 -1.127762992162310914e-14 -1.577657234149632949e-12 -1.186893320874725789e-12 -9.334077470770525668e-13 -7.523386162245150138e-13 -6.987364013117181669e-13 -6.135453364587177216e-13 -4.771631836019827326e-13 -4.232560495809347190e-13 -3.516986129723699733e-13 -3.031402659011272779e-13 -2.521041093606097690e-13 -2.108146381529811805e-13 -1.735719810163079406e-13 -1.407033605053666336e-13 -1.119490888661577807e-13 -8.693069946932925720e-14 -6.583249458280533860e-14 -4.842427090879331389e-14 -3.434306179330197103e-14 -2.353690250638149884e-14 -3.530133497089820303e-12 -2.625498447772466410e-12 -2.057222481261091017e-12 -1.678871012944179705e-12 -1.596361517175839291e-12 -1.418739790649098553e-12 -1.103057897185927059e-12 -9.851907954640545639e-13 -8.146179438423466989e-13 -6.975818800659930560e-13 -5.717377348076340902e-13 -4.696368003576953098e-13 -3.779150496814506351e-13 -2.978724968935377511e-13 -2.291725640073154692e-13 -1.711885273375480474e-13 -1.241247747359352971e-13 -8.714160045602417944e-14 -5.887886416636468130e-14 -3.753253137366745445e-14 1.555535093415946107e-11 1.159023941309448372e-11 9.129429445028631888e-12 7.523568130906650527e-12 7.199609964644306435e-12 6.407749113317694216e-12 4.976030518656855595e-12 4.430415628902943796e-12 3.636246787412593246e-12 3.085433500941205230e-12 2.496612313876959990e-12 2.020550728587582001e-12 1.597712512956831598e-12 1.234171181152025400e-12 9.280605184759682323e-13 6.754429660272542293e-13 4.760305444138481390e-13 3.244571071861923125e-13 2.098277257591623494e-13 1.237295724112884684e-13 -2.675656629613979506e-14 -5.063257408963538527e-14 -8.096480686648112862e-14 -1.179172369735164907e-13 -1.292538008482973734e-13 -1.105034041624621439e-13 -8.962463150976208743e-14 -8.981351408544708726e-14 -7.338197012712167602e-14 -6.580776051079762058e-14 -5.506411346379376647e-14 -4.672288534315571171e-14 -3.941058989274173235e-14 -3.333304698743464693e-14 -2.832892815130491453e-14 -2.419103688571128837e-14 -2.082727575309053719e-14 -1.803234349718956394e-14 -1.567091249267536419e-14 -1.367984077116329541e-14 -8.399137144315507409e-14 -1.589168997463789936e-13 -2.523409042711799375e-13 -3.651681044132636912e-13 -3.926661229593734155e-13 -3.241724132909041688e-13 -2.514784220430842239e-13 -2.502074071034340229e-13 -1.977935141071329850e-13 -1.764511066986916407e-13 -1.462695119704567716e-13 -1.245246729857894410e-13 -1.060398992029126522e-13 -9.100403655973315928e-14 -7.869994348183198667e-14 -6.845568745444007949e-14 -5.993715369920460045e-14 -5.249256976714934243e-14 -4.583437789275769156e-14 -3.984971395942129451e-14 -2.036485635643176268e-13 -3.822391062981705823e-13 -6.046172386377841288e-13 -8.682761586009306192e-13 -9.180377733278436096e-13 -7.345322465673678607e-13 -5.508754405658360529e-13 -5.524671971740110140e-13 -4.299680140405161497e-13 -3.877098148060352695e-13 -3.237347263089727541e-13 -2.799250766129280129e-13 -2.425942449994798477e-13 -2.118842914996771878e-13 -1.860186326033123313e-13 -1.637175206921513296e-13 -1.441625136007728974e-13 -1.262047988446685753e-13 -1.092620927237396251e-13 -9.299226809140747009e-14 9.120514085133765258e-13 1.690334941543066126e-12 2.680204399737031231e-12 3.827732685946347837e-12 4.022765031070597119e-12 3.180276448228775508e-12 2.364641227305208792e-12 2.397067142851540259e-12 1.869437009073490798e-12 1.705390372011475692e-12 1.439261729558369460e-12 1.259147997312026312e-12 1.102804499646717622e-12 9.711374806524902446e-13 8.567544559542682970e-13 7.547114923213613150e-13 6.625847073720721978e-13 5.760927109124284321e-13 4.920764698673991728e-13 4.128233881545450688e-13
-4.814171998941998249e-13 -3.714941885123215559e-13 -2.972090501677801473e-13 -2.397856042830849850e-13 -2.170389806298218605e-13 -1.874600830264014528e-13 -1.459205330135158979e-13 -1.270507182526681426e-13 -1.051023585645882482e-13 -9.017269842156416524e-14 -7.539047529724196000e-14 -6.360330722124096913e-14 -5.315112900806771017e-14 -4.399591938629945953e-14 -3.596836192445053415e-14 -2.888243948613275150e-14 -2.273724675622566958e-14 -1.748275569544754456e-14 -1.304320400254098200e-14 -9.464374073535694749e-15 -1.323995406338073517e-12 -9.960600106120720362e-13 -7.833308368246940032e-13 -6.313747483285844152e-13 -5.863908669581540114e-13 -5.148971617745614264e-13 -4.004430511734777281e-13 -3.552032997926057949e-13 -2.951511157851835431e-13 -2.544001365156890338e-13 -2.115697590381113475e-13 -1.769189704598257479e-13 -1.456643473631612569e-13 -1.180804373340459938e-13 -9.394939052779233870e-14 -7.295351358010552692e-14 -5.524760563506564982e-14 -4.063837760233210587e-14 -2.882122313708049639e-14 -1.975252131117303292e-14 -2.962544915085402709e-12 -2.203360625067692264e-12 -1.726454253314749609e-12 -1.408935643264321753e-12 -1.339692285105276611e-12 -1.190629270530623730e-12 -9.257039417584500267e-13 -8.267879513041623999e-13 -6.836404060647548964e-13 -5.854218048751824800e-13 -4.798113831435318779e-13 -3.941266414451618833e-13 -3.171522853467446848e-13 -2.499792110628017675e-13 -1.923251088274560415e-13 -1.436638668484691678e-13 -1.041672651598271506e-13 -7.313044045968893585e-14 -4.941192716742494299e-14 -3.149774093977674403e-14 1.305709696703797467e-11 9.729959747184770887e-12 7.664050069157420059e-12 6.316471592914475239e-12 6.044159706800102167e-12 5.379559212366050560e-12 4.177835246427675508e-12 3.719850606570374457e-12 3.053334541720721054e-12 2.591032713246605292e-12 2.096836565646077471e-12 1.697306072877007556e-12 1.342511617201833566e-12 1.037454957272175134e-12 7.805645954403479078e-13 5.684511754690379009e-13 4.007934902862648916e-13 2.726292429145101584e-13 1.751830942990630788e-13 1.032464785786741851e-13 -2.245422857223651758e-14 -4.249181382500346291e-14 -6.794688111292813019e-14 -9.895814612307900737e-14 -1.084718297468973511e-13 -9.273619280272761139e-14 -7.521445584958765906e-14 -7.537294537361461414e-14 -6.158333717409147900e-14 -5.522692714102839337e-14 -4.621068959149426977e-14 -3.921059304744962201e-14 -3.307400554916955469e-14 -2.797363080262217285e-14 -2.377409815948732230e-14 -2.030151218087941742e-14 -1.747858997371553634e-14 -1.513304188699970710e-14 -1.315129284929695478e-14 -1.148035106842473182e-14 -7.048610426122120923e-14 -1.333658796457335492e-13 -2.117684423936126683e-13 -3.064551563182851324e-13 -3.295316399973588361e-13 -2.720506167410679777e-13 -2.110447876176596914e-13 -2.099780820699675794e-13 -1.659915178621331392e-13 -1.480806055631759761e-13 -1.227517303768386636e-13 -1.045030948625268139e-13 -8.899039741819410400e-14 -7.637205883377787753e-14 -6.604627839666087912e-14 -5.744912585139990183e-14 -5.030022711959751786e-14 -4.405262062829613204e-14 -3.846497541443701418e-14 -3.344254652899405847e-14 -1.709036895668082934e-13 -3.207812697685098992e-13 -5.074047873325587075e-13 -7.286714683067031901e-13 -7.704319917619585583e-13 -6.164311475442652353e-13 -4.623036070121061975e-13 -4.636393574616402303e-13 -3.608361093089220632e-13 -3.253723270023147045e-13 -2.716834078746185758e-13 -2.349176010609742468e-13 -2.035889960282702988e-13 -1.778167238909385311e-13 -1.561098730797096054e-13 -1.373943977850851700e-13 -1.209834955610546764e-13 -1.059130967923038709e-13 -9.169454835186220565e-14 -7.804068114109524348e-14 7.647145331806151851e-13 1.419236400325977279e-12 2.249005189786296492e-12 3.212789343535628056e-12 3.376280342195824791e-12 2.669109071219085450e-12 1.984829296372634628e-12 2.011959377443429213e-12 1.569177047612512897e-12 1.431444185253507714e-12 1.208069900310352939e-12 1.056877807938773819e-12 9.256700305465604883e-13 8.151048709844394150e-13 7.190367543639328628e-13 6.333159401465824936e-13 5.559188898995146237e-13 4.831133847715023251e-13 4.128233881545450688e-13 3.475026050356510733e-13
