# 2pt_inverse_covariance
8.813526111884868750e+14 6.571796340417605000e+14 4.565783332294285625e+14 3.014292950852598750e+14 -2.572547915821473000e+15 -1.294545370008721750e+15 2.826768660332140000e+15 -3.656367160619517000e+15 5.015507238053035000e+15 -3.025027345632178000e+15 3.520424234605271875e+14 -9.053614832320287500e+14 1.232370776509842000e+15 5.226156270920453906e+13 -6.486468804051798750e+14 9.162234720540267500e+14 -1.158419630057396250e+15 7.440707773025735000e+14 6.163847413532913281e+13 -2.865027530439136875e+14 6.856033570275178223e+11 -4.994367511242428589e+11 -4.400959558629290771e+11 1.978145994767757324e+12 2.802901510741742676e+12 -6.306107323058096924e+11 -1.384061841054164551e+12 3.247545329253736816e+12 2.839295313048059082e+12 -6.666588807326741211e+12 -3.155969813256409668e+12 3.549471593201055664e+12 -1.618559283546054688e+12 1.957903429714544922e+12 -1.921235852691868896e+12 -2.895535565417253418e+12 -2.284662904921170654e+11 2.257077885853589844e+12 6.938514830251726074e+11 4.235803930492677612e+11 3.297437804591566162e+11 -2.637432323302500916e+11 -3.106182723517901611e+11 1.012285195424019775e+12 9.688536942410032959e+11 -1.518972268788051453e+11 -7.840391030985184326e+11 1.229367363105964600e+12 7.458216764097369385e+11 -1.824161174842455322e+12 -2.921829259798645020e+12 2.732325865832088379e+12 -1.634466634410371399e+11 -1.005313354362082642e+12 2.297276302278794922e+12 -3.308830292204605957e+12 -3.996793762974163208e+11 1.443799652574688477e+12 1.027611068758578613e+12 -4.396337193917138062e+11 1.756441070985096436e+11 -3.321346755400423584e+11 -4.231117610139038086e+11 6.270230308047165527e+11 6.368231549197537842e+11 -8.959453939430212402e+10 -3.407795424775382690e+11 7.429380617566767578e+11 2.432329127563845215e+11 -8.306182679941196289e+11 -1.504577942556844238e+12 1.503357370439559570e+12 2.585700446622095642e+11 -1.324533049931570068e+12 2.171125581082782227e+12 -2.676825094942538086e+12 1.617301585028593140e+11 5.847373796223809814e+11 8.746397986349409180e+11 -4.040672696167747192e+11 -2.505893888025778750e+14 -4.308899783438393750e+14 1.198179599335752500e+15 1.965955185493266750e+15 -1.312876253247803750e+15 -9.304464521580508750e+14 -1.140584238587621250e+15 -3.189302848722834000e+15 -4.957778173869031250e+14 1.226036009327997500e+15 7.893838089721386250e+14 -1.239740340321716750e+15 -9.567167924761361250e+14 -2.151714939509305000e+14 1.046828648486643250e+15 -3.745130474644760625e+14 6.657312647912578750e+14 -1.684473703732809000e+15 1.016792930990367625e+15 1.490876660573646562e+14 1.495703871399396973e+11 6.417073283122844727e+12 1.493212664186482422e+13 1.737074400849276367e+13 8.444688091900672852e+12 -5.291753236713849609e+12 -1.493526191754947070e+13 -8.977932507933130859e+12 8.780623135399637451e+11 -4.667959222302768555e+12 -7.860631090280092773e+11 -1.030865276483265430e+13 5.859703364953730469e+11 -6.070471066477978516e+12 2.640519056113127930e+12 1.451701084997201538e+11 -1.132803151386639844e+13 6.881017882152958008e+12 -4.983478501393188477e+12 3.041157941537359375e+12 -2.060851092625477600e+11 1.600629573650934570e+12 5.566050379262994141e+12 6.824358989626658203e+12 2.306274998172601074e+12 -1.574144885740040527e+12 -4.001699436681316895e+12 -4.248546373864192383e+12 3.457747259648576050e+11 -4.952233600124501343e+11 1.786087478032084045e+11 -4.747023751968759766e+12 -2.649447034806156616e+11 -1.064359937084699097e+12 7.003506810864732742e+09 1.155383284973284668e+12 -3.076862786807248535e+12 9.499398504404190674e+11 -1.624833448474225830e+12 2.181318237312205078e+12 -2.078856417525951843e+11 7.007676630586269531e+11 3.435387420292253906e+12 4.302668201623428711e+12 1.208190591269390137e+12 -8.402035111555043945e+11 -1.686509779117426758e+12 -2.492962089578601074e+12 5.489976250697120361e+11 4.346079480742863770e+11 -3.010523495636851807e+11 -1.953120761968500977e+12 -1.728717045283934937e+11 -1.895066370231354980e+11 -2.488842188438400574e+11 6.607567857464417725e+11 -1.828842254576279541e+12 7.447475370623743896e+11 -9.386961301921644287e+11 1.295995672931360107e+12
6.571796340496871250e+14 4.571290357026602000e+15 5.953393383380818000e+15 -1.039978174388042125e+15 -5.897190672423325000e+15 -3.839526322017254000e+15 9.341812011780767500e+14 -8.116992463993317500e+14 -1.375630273813526750e+15 3.783002658003413500e+15 -4.469581440321957500e+15 1.774680051929253250e+15 -1.562301270402549250e+15 1.570627489383226250e+15 -1.705209303738841250e+14 1.410220025819320750e+15 -3.234461821788806500e+15 1.987689369289725000e+15 4.635348185242882500e+14 -8.674090096152803750e+14 -1.810656728429888184e+12 4.036133052459249512e+12 1.957299060897914551e+12 -1.272835571479620703e+13 -1.865320812965178906e+13 4.819146113763272461e+12 1.622530105224171094e+13 -6.938703179600206055e+12 -1.994128312812682812e+13 2.899361703267386719e+13 -1.388484994248071680e+13 -3.332555152632869629e+12 2.878621029192048438e+13 -2.478861836855331250e+13 3.231902348371605859e+13 -3.260280850560162109e+13 1.451413794309658789e+13 3.825727814932871094e+12 5.048867116561130859e+12 -1.187551255711662109e+13 -7.581468960236003418e+11 2.563705790251167969e+12 1.840990159449295410e+12 -6.556029957013006836e+12 -8.260162063821270508e+12 3.917910973118401489e+11 7.495555135162291992e+12 -3.507299381917495728e+11 -5.534951609274831055e+12 4.011239036617176270e+12 5.183359660519041992e+12 -7.717040490694419922e+12 7.294120788778762695e+12 2.384273327855083984e+12 -2.536311209267896973e+12 -1.776279425589631104e+12 3.988441394358099121e+12 -1.877628829992653320e+12 1.560645610320094971e+12 -2.968446615973135254e+12 -3.206772021638394775e+11 2.697137946101580078e+12 2.416952311378495605e+12 -4.925978044437139648e+12 -6.397274288479803711e+12 5.327284273128646851e+10 5.219626574134146484e+12 5.204168390648684082e+11 -4.255893653038629395e+12 1.256200420909914062e+12 4.568765899845565430e+12 -4.191677470954427246e+12 3.272981718995097168e+12 2.202152913378808594e+12 -4.144250878100205566e+12 1.535328290999357910e+12 1.146571778515080811e+12 -5.247796465720496216e+11 8.710079874177332764e+11 -1.735260501347697266e+12 -4.011846953893738125e+14 -8.948392050877491250e+14 2.150368985302437750e+15 4.658250612667020000e+15 9.682857664905966250e+14 -3.270914150107298000e+15 -7.856600636402975000e+15 -5.352350595229881000e+15 -7.726623788266964000e+15 -3.301770592097342000e+15 -6.171574470795905000e+14 -4.418809626896985000e+15 -2.468524327147927812e+14 -2.691994711247557000e+15 2.614953276031946500e+15 4.094621333597966250e+14 -1.649200890614152250e+15 -7.630751745481137500e+14 -3.271978167378903125e+14 1.621350332208896250e+14 -6.826226565358097656e+12 -4.045367085445774219e+13 -6.465077814922882031e+13 -7.375716484719071875e+13 -6.023049060922605469e+13 1.413571284213077539e+13 8.224882762431815625e+13 4.292344720329880469e+13 2.045005049774627734e+13 1.275992081798421680e+13 1.933916512002888281e+13 -5.389896528775297852e+12 6.900456117222715820e+12 3.899272960695985938e+13 -1.147443184843740234e+13 3.060508756677440234e+13 1.194745415077109180e+13 -3.873039491871027344e+13 3.977842158504561719e+13 5.065072763836248047e+12 -2.232467660720605469e+12 -1.274341407552906055e+13 -2.195538277590573047e+13 -2.710484174413491016e+13 -1.906966667364971484e+13 9.258578980265589600e+11 2.298567991901645312e+13 1.592773570425423047e+13 9.756526460429765625e+12 1.993320104848443848e+12 1.794965276108388916e+12 3.875887735422154297e+12 4.438824295315249023e+12 9.082078755275978516e+12 2.647914046737834961e+12 8.897174511859337891e+12 -1.067628464391954102e+12 -9.815270035471824219e+12 1.084183072890777734e+13 2.650071538274992371e+11 -1.420249038460477051e+12 -7.193657611341009766e+12 -1.298424150136852539e+13 -1.669011653153801172e+13 -1.067430628124288867e+13 -1.578406851106278320e+12 9.107577538943298828e+12 1.052363534870940039e+13 6.285421310447820312e+12 -3.752881076263368164e+12 2.383942538025893555e+12 9.605238845148376465e+11 3.483548112075401855e+12 5.453095418092160156e+12 3.299198067636501465e+11 5.370981070538055664e+12 -1.116446038357467773e+12 -6.264605572366595703e+12 5.365682728124765625e+12 1.372671162044481445e+12
4.565783332457023125e+14 5.953393383388800000e+15 1.036833919659668600e+16 2.756914087580691875e+14 -6.884533965174780000e+15 -8.179439113461228000e+15 -1.559740734785838000e+15 6.477422276539543750e+14 -7.546901878389793750e+14 2.704562953502674500e+15 -5.050005634906438000e+15 3.419268944063636500e+15 -3.531456189524640000e+15 1.942084111498580000e+15 9.426499809259230000e+14 1.349322475958470250e+15 -4.039507552806007000e+15 1.760197170739963750e+15 1.508266921532800250e+15 -1.391218446511700000e+15 -2.069307180615526367e+12 3.288495012362549805e+12 1.849444745048332031e+12 -1.088945048205830469e+13 -1.583470913623845312e+13 3.970589993880814453e+12 1.241706430891701562e+13 -8.728148036402183594e+12 -1.672588512006054883e+13 2.758569699651296875e+13 -5.039540475152750977e+12 -6.752923113284341797e+12 2.095254657719183203e+13 -1.876888845550255859e+13 2.365787092550554688e+13 -1.764434761951958203e+13 9.808060757976587891e+12 -3.972657494919874268e+11 2.416489836463218262e+12 -8.329570159871683594e+12 -9.213697080269271240e+11 2.019964727408485107e+12 1.606556824116635742e+12 -5.600360022168904297e+12 -6.661517901669242188e+12 4.523219091553480835e+11 5.922448227580260742e+12 -1.812191736404099609e+12 -4.588084637820755859e+12 4.977196879567546875e+12 7.158300923891297852e+12 -8.575222620806889648e+12 4.991659770616158203e+12 2.856802932815604492e+12 -4.619317005177993164e+12 3.094362416582773438e+12 3.128837976299878906e+12 -3.089062817815669434e+12 -2.996101400804547729e+11 -1.379973268090282227e+12 -4.362707894837363892e+11 2.195454418594462402e+12 2.128887301410111572e+12 -4.036000898293883301e+12 -5.013048182893270508e+12 1.502349151339087830e+11 3.860070496536340820e+12 -6.150838929596411133e+11 -3.102794883036886719e+12 1.892507330429202881e+12 4.931326942143530273e+12 -4.682575364398848633e+12 1.812638679044027588e+12 3.148282576169308105e+12 -5.510954693943635742e+12 4.451680918657729492e+12 5.434183023850198975e+11 -1.096593549010801392e+12 -5.547817394970106201e+11 -6.173972626718828125e+11 2.657794776631047500e+14 6.825938949813108750e+14 2.445591722421776500e+15 5.827892765437731000e+15 5.750868826466078000e+15 -4.183409863493607000e+15 -1.442647955879658800e+16 -1.088868979864421600e+16 -1.217272689438445800e+16 -3.030678344332468000e+15 -5.016441565767114000e+15 -5.214963705135141000e+15 7.695574431177702500e+14 -6.283854292853609000e+15 3.440302666512262500e+15 3.358722647778119375e+14 -1.198590269437643000e+15 -9.957563156530590000e+14 -1.517945486411914000e+15 1.225517117494728750e+15 -4.667095210576885742e+12 -3.477660785131638672e+13 -6.159730678009864844e+13 -7.070522022438548438e+13 -5.034999203855346875e+13 1.607683321551032227e+13 7.313685176409740625e+13 3.969156202413919531e+13 1.227486218217555664e+13 1.437213183190721875e+13 1.368853199680217969e+13 9.734934959653769531e+12 3.769057419284950684e+12 3.337285644174600781e+13 -1.092002565231988867e+13 1.987476814076020312e+13 2.241157317493151562e+13 -3.424413351937739062e+13 3.248883918130939062e+13 -5.940464485217291260e+11 -1.198134078845044189e+12 -1.041342950148631836e+13 -2.155566226922621875e+13 -2.655066650027594531e+13 -1.546850229302477734e+13 2.632941625167777832e+12 2.021758477889513281e+13 1.590881690794760938e+13 5.950357990109944336e+12 1.944009882026027588e+12 9.467164330654621582e+11 8.650416120890473633e+12 3.250650053618234375e+12 7.323207760872364258e+12 1.726691948974999023e+12 4.345027022537186035e+12 3.260322994654636719e+12 -7.656546560715072266e+12 9.198094942423580078e+12 -2.633807840726590332e+12 -6.634078907824960938e+11 -5.617378120895321289e+12 -1.293276236788482227e+13 -1.647821627975871094e+13 -8.552032266132130859e+12 4.676015911034092712e+10 8.140674997797602539e+12 1.010686459403262109e+13 3.413488316461548828e+12 -3.019384353037852051e+12 1.950150439797828125e+12 3.143435193556600098e+12 2.505962195267234375e+12 3.818409838751249512e+12 5.365945700453660889e+11 2.670231108585101074e+12 1.622027129272952393e+12 -5.064990468143064453e+12 4.725373598290812500e+12 -7.682584615140335693e+11
3.014292950802912500e+14 -1.039978174401355250e+15 2.756914087381049688e+14 1.531914641695630400e+16 1.403838980989117200e+16 -5.519525521558490000e+15 -2.966589169516467200e+16 4.155901469708587000e+15 1.336309387410153000e+15 -9.022029034704110000e+14 6.795559399726562500e+14 8.831006626392471250e+14 -5.302951791970703000e+15 7.110589363524122000e+15 -1.868160324078218500e+15 1.460330229087339250e+15 -9.393778010978840000e+14 9.769525296522810000e+14 -1.493380672573815250e+15 4.031851377930654375e+14 1.594404913895949951e+12 -6.979939460505465820e+12 -2.725919722056484863e+12 2.066962755396366016e+13 3.061081784984367969e+13 -8.219898501814238281e+12 -3.013617724026695312e+13 4.044806430782261230e+12 3.324790879075727344e+13 -3.988838560636203125e+13 4.024181251501939062e+13 -4.682761329703940430e+12 -5.625326614054767188e+13 4.656287231414180469e+13 -6.281057099658596094e+13 7.945723405817692188e+13 -3.031981316464990234e+13 -1.570806630095779688e+13 -1.312203982277976562e+13 2.401976854252889453e+13 5.255087129192413940e+11 -4.611700851582373047e+12 -2.907992789059872070e+12 1.066835324962620898e+13 1.446219943623445508e+13 -3.331907581768787231e+11 -1.344026913205045117e+13 -3.342519068987519043e+12 9.369092388266416016e+12 -2.515538226311825684e+12 -1.370487809633512939e+12 7.427119199908350586e+12 -1.507537510547986523e+13 -1.758172775032766357e+12 -2.218254980465713379e+12 1.482152286578878516e+13 -7.209985623417833984e+12 -7.868364267134224854e+11 -6.763721943696923828e+12 7.820529188998406250e+12 1.018352155647849731e+11 -4.669701194759338867e+12 -3.766774609987795898e+12 8.460613921308120117e+12 1.157861382497336133e+13 1.842544239574739990e+11 -1.004257126069425977e+13 -3.588268702918459961e+12 8.303646679431172852e+12 7.578118473549800110e+10 -4.773583007060961914e+12 3.970149942937341797e+12 -7.869751149060738281e+12 -3.052363767556638184e+11 1.645044580639542969e+12 5.625587516506035156e+12 -2.993799797924995117e+12 -8.233059839087357178e+11 -4.777566481731979492e+12 5.061355692484300781e+12 7.069217006535780000e+14 4.444428929782083000e+15 6.972534131733052500e+14 -2.224497866550443500e+15 6.417807011736855000e+15 1.107560310237917000e+16 3.104114029222537500e+15 -2.292793293259732400e+16 -2.112182252362124400e+16 -5.957872421667693000e+15 -3.272477098250466000e+15 -7.118777688141250000e+15 -2.321609020964841250e+14 -7.787186976920984000e+15 6.305942872359441000e+15 -1.949892187888034250e+15 4.768159178672028000e+15 -3.069001607543050500e+15 4.220445805568102000e+15 -1.163362077518116500e+15 1.411963451402788672e+13 6.525978003251735156e+13 8.872187597959906250e+13 1.001021354339498125e+14 1.008582603054354062e+14 -1.264963298864136133e+13 -1.263958861794160781e+14 -6.202136417871479688e+13 -4.671550858673760938e+13 -1.178063602409030273e+13 -3.879542935382209375e+13 4.586785351332885938e+13 -1.672780512718140430e+13 -6.328544702150277344e+13 1.577889713764554688e+13 -6.602110366431907031e+13 1.213600458375193750e+13 6.002470644612365625e+13 -6.858740853582622656e+13 -2.097284368668374219e+13 5.466830334648721680e+12 2.195893351998336719e+13 2.848131016049253125e+13 3.531842026576542969e+13 3.315629569776390625e+13 3.258983746047128418e+12 -3.589658945160369531e+13 -1.996075894685874609e+13 -2.204398815032823828e+13 -2.619492420494629395e+12 -4.438468512273549805e+12 7.506896534990847656e+12 -8.623078204282119141e+12 -1.590423059116409375e+13 -5.693561823502598633e+12 -2.289961761128484375e+13 1.253160825027318945e+13 1.785528648404671484e+13 -1.780629038422364453e+13 -7.830876826123917969e+12 3.733541451725157227e+12 1.307106502325909375e+13 1.636523310947563672e+13 2.141310466210575000e+13 1.883489780703261719e+13 6.177723492203630859e+12 -1.388719076530819141e+13 -1.423419765834152344e+13 -1.528765987695599219e+13 6.589251538644014648e+12 -4.102522935742016602e+12 4.446669396674761719e+12 -6.884036017409460938e+12 -1.104623188731490820e+13 1.222485009517403412e+11 -1.370161430217469141e+13 8.480466935086918945e+12 1.093514863425273828e+13 -8.364382559651805664e+12 -7.254865781985295898e+12
-2.572547915836238500e+15 -5.897190672372510000e+15 -6.884533965050666000e+15 1.403838980993071000e+16 3.605862915694563200e+16 1.544399677976074750e+15 -3.976175726809876800e+16 8.458012130047729000e+15 -1.614345973085753400e+16 9.401872990257632000e+15 8.004644109192378750e+14 -9.042646820456475000e+14 -2.494350761217960500e+15 3.457070221778252500e+15 1.249554783528978500e+15 -5.260855929730091875e+14 -3.540220612380461250e+14 3.305002519552705000e+15 -2.414039278273586000e+15 -1.798158861741373828e+13 4.278877013523180664e+12 -1.210362401146111914e+13 -5.376093368096240234e+12 3.716475810527192188e+13 5.470387155869513281e+13 -1.436624685679559375e+13 -5.021195314950264062e+13 1.485068937358218750e+13 5.887327558207152344e+13 -7.926886193212743750e+13 5.379249021603275781e+13 2.170857432908138428e+12 -9.117097202183907812e+13 7.710318192455551562e+13 -1.021005748044584844e+14 1.150505661889647656e+14 -4.743413994215299219e+13 -1.828155077329414844e+13 -1.842878559704181250e+13 3.822063910776564844e+13 1.685214713478016602e+12 -7.821478037537422852e+12 -5.314287832996892578e+12 1.915902459985877344e+13 2.490355094599080078e+13 -9.170233593729371338e+11 -2.283556503019865625e+13 -1.905632847575603271e+12 1.644639389056664453e+13 -8.717869496897918945e+12 -9.857315245234203125e+12 1.870973152748294922e+13 -2.371689084469606250e+13 -5.378800509145296875e+12 2.659927284547576660e+12 1.412594921292016016e+13 -1.219464931923033203e+13 2.609693195480193359e+12 -7.724173167792195312e+12 1.091409752140966211e+13 6.226062061620899658e+11 -8.092244548578725586e+12 -6.938696186891359375e+12 1.472852766813368750e+13 1.957023390503091797e+13 4.722435549243991852e+10 -1.641353178260707031e+13 -3.573858060497562988e+12 1.346934475114475781e+13 -2.083458447641503418e+12 -1.135876251987818945e+13 1.011462936340438867e+13 -1.146980084126556250e+13 -3.980431035165132324e+12 8.292582020825315430e+12 1.597176787573772949e+12 -4.195456196434920898e+12 2.775107723333442383e+11 -5.061816806745131836e+12 6.746784290314179688e+12 8.484373591228372500e+14 2.408192432677778500e+15 -2.458449162671136000e+15 -4.408737185527497500e+15 -2.211826048556533500e+15 2.276004330404028000e+16 2.488980370608120000e+16 -1.375642963153303200e+16 -2.515626287273946000e+16 -8.473474486806903000e+15 -1.429388398832008800e+16 -1.566689730776822250e+15 8.901972687468576250e+14 -3.901877771042909000e+15 1.249884334668361250e+15 4.593229488628216875e+14 6.179068761138909000e+15 -2.842596669044815000e+15 4.817072615677815000e+15 5.744652501297232500e+14 2.220398911409147266e+13 1.177938917816923281e+14 1.765893939887684062e+14 2.006266405344478750e+14 1.781472829375230625e+14 -3.355640973609711328e+13 -2.347851206631870938e+14 -1.195764757601486406e+14 -6.982580358474442969e+13 -3.056166770656376953e+13 -6.200191325507227344e+13 4.353278089030477344e+13 -2.428368744583966406e+13 -1.138263046871172500e+14 3.136581107780091797e+13 -1.015848468611557812e+14 -1.126655124187160156e+13 1.109374313062598125e+14 -1.191354833546871562e+14 -2.433577526653348438e+13 7.897539447499674805e+12 3.815596019170169531e+13 5.873507434638353125e+13 7.262852589861857812e+13 5.731967815804962500e+13 8.632180008436630859e+11 -6.604362850378392969e+13 -4.208472827678033594e+13 -3.313084945499605469e+13 -5.357762736181302734e+12 -6.382030257433455078e+12 -9.815796451910246582e+11 -1.402022397781193164e+13 -2.738378482808942578e+13 -8.775138491956370117e+12 -3.230752799001331641e+13 1.120371724448573828e+13 3.009405888004712891e+13 -3.180633392650132812e+13 -6.315953516499825195e+12 5.215708801385643555e+12 2.204472520528775391e+13 3.437720165451619922e+13 4.447125539211725781e+13 3.229123256791656641e+13 7.315585575052670898e+12 -2.591668893947988672e+13 -2.858911892717989453e+13 -2.215733287990144922e+13 1.132846224997374414e+13 -7.133895734970131836e+12 1.693601540063778809e+12 -1.109035461214587305e+13 -1.756292647363671875e+13 -4.705388844761176147e+11 -1.941161340731032031e+13 8.253034885354645508e+12 1.886232021620191406e+13 -1.540559284155723047e+13 -7.771730366711589844e+12
-1.294545370010712250e+15 -3.839526322035730000e+15 -8.179439113450466000e+15 -5.519525521538963000e+15 1.544399678142912000e+15 3.794621044063356800e+16 2.712184979150448800e+16 -5.559596014192179200e+16 9.906922906839382000e+15 -1.009093256717958200e+16 1.493693744466272400e+16 -9.913290490682668000e+15 2.286652800527236500e+15 -3.130741379949604500e+15 8.108520080694056000e+15 -8.731611846822777000e+15 8.797502653588877000e+15 -6.545823156958831000e+15 -1.350346917826679000e+15 3.306126863671438500e+15 -7.636456884732313232e+11 3.025762648282291504e+12 1.212747690889185791e+12 -9.023466287285673828e+12 -1.334729919945508203e+13 3.568661658296271973e+12 1.296591457214007227e+13 -2.128557085275011719e+12 -1.447114527249893750e+13 1.777487965689742969e+13 -1.667917537326720703e+13 1.537309400583889893e+12 2.408026003934624219e+13 -2.001050383548123047e+13 2.690169426016837500e+13 -3.335599473976698828e+13 1.289729783896896875e+13 6.380566560785676758e+12 5.481256064331077148e+12 -1.024818015659054688e+13 -2.648547225122107544e+11 1.990744765880256836e+12 1.273602407381958984e+12 -4.656238106562685547e+12 -6.260912830923255859e+12 1.606761731209109497e+11 5.803747190778389648e+12 1.262721809159068604e+12 -4.071012081487132812e+12 1.298985422601104736e+12 9.522101084376627197e+11 -3.498730760837600586e+12 6.419014123799699219e+12 8.736967935949146729e+11 6.501286086023236084e+11 -5.870915972532227539e+12 3.110747237796044434e+12 1.508442997575756836e+11 2.740333931140425293e+12 -3.263431369979280762e+12 -6.549634655693206787e+10 2.024034192558465820e+12 1.652352297664328125e+12 -3.670370037724937012e+12 -4.994952167629349609e+12 -6.683885799638750458e+10 4.305481452591519043e+12 1.428710925824782715e+12 -3.555076501902015137e+12 7.317640542134347534e+10 2.216814787559437988e+12 -1.875668005351721436e+12 3.307285881097017090e+12 2.975265141862883301e+11 -9.735335703019525146e+11 -2.048131712923947266e+12 1.250116325377770264e+12 2.752699846691546021e+11 1.916770554933020264e+12 -2.096894590380589844e+12 -2.888420339224753125e+14 -2.839229807411704500e+15 -6.176661567021065000e+15 -9.854872431616662000e+15 -5.536559349250754883e+12 -3.112513915344430000e+15 2.560463002833879600e+16 4.944611920613914400e+16 -1.490597048458365400e+16 -3.113083143836086000e+16 -5.657203374653916000e+15 3.430632777070423000e+15 -6.130439130476876000e+15 -3.350746698546564000e+15 -5.335754897266322000e+15 8.437551845704663000e+15 -9.373719788951818000e+15 1.083626493487765000e+16 -7.204742433546793000e+15 -3.250688491545160000e+15 -6.011618818800242188e+12 -2.851135238906305859e+13 -3.954901485299624219e+13 -4.468828804473468750e+13 -4.387718983162363281e+13 6.039858384801685547e+12 5.553900276905741406e+13 2.746167627999110938e+13 1.971561880063939062e+13 5.591928614708124023e+12 1.656523370409359375e+13 -1.815986671917749609e+13 7.025295487065053711e+12 2.762945303752201172e+13 -7.031750106848294922e+12 2.800224275805669922e+13 -3.714124833509241699e+12 -2.634832188167157031e+13 2.974185283820798828e+13 8.515603266980369141e+12 -2.294094189607972656e+12 -9.522796099148255859e+12 -1.279391972957180664e+13 -1.585530357359754883e+13 -1.436466698687333984e+13 -1.183542619345118164e+12 1.574271669564047852e+13 9.010543706600810547e+12 9.312050354367521484e+12 1.174570270974944824e+12 1.861122188332516113e+12 -2.584053629209312012e+12 3.693404871739329590e+12 6.885051647657888672e+12 2.415570489038556641e+12 9.572520687088296875e+12 -4.928449444539614258e+12 -7.698606431647743164e+12 7.763401912540571289e+12 3.046940893201989746e+12 -1.558224023439613525e+12 -5.636489000307178711e+12 -7.381406140637450195e+12 -9.633811282917021484e+12 -8.147124670682894531e+12 -2.515390538055423340e+12 6.107883446349816406e+12 6.357431613384869141e+12 6.418757596436182617e+12 -2.851723490093558594e+12 1.779370112211989258e+12 -1.639556074809339355e+12 2.943642417190053223e+12 4.712272064857236328e+12 -2.032134262996053696e+10 5.731436211641595703e+12 -3.367340559658173828e+12 -4.735541991544209961e+12 3.669054401008267090e+12 2.914748062889008789e+12
2.826768660357521500e+15 9.341812011686967500e+14 -1.559740734792344500e+15 -2.966589169516536000e+16 -3.976175726783684000e+16 2.712184979162407600e+16 1.685258830739770560e+17 -1.177208520320516000e+17 -1.425140971291601800e+16 -1.673003737207780500e+15 1.881672745462876000e+16 -1.800271882249056600e+16 2.272670957457765200e+16 -2.553332847852789200e+16 1.177251965843909400e+16 -1.157996574507094800e+16 7.359667499732638000e+15 2.968852765753785000e+15 -8.787659243077901000e+15 4.981393636674735000e+15 -1.202776822568231445e+12 1.090704741933044727e+13 3.707055187870289551e+12 -3.117338529676674219e+13 -4.645199450386545312e+13 1.274892123229034180e+13 4.883298879344564844e+13 3.495677196928958130e+11 -5.091618313615884375e+13 5.373423392983957031e+13 -7.649185568375153125e+13 1.607644006926030664e+13 9.332927464339475000e+13 -7.585817345913009375e+13 1.039513785091360312e+14 -1.435107621177997812e+14 5.175525334434908594e+13 3.216956973587772266e+13 2.418651135487295312e+13 -4.045422335221627344e+13 -1.624405148552315063e+11 7.355729182159582031e+12 4.312894268669929199e+12 -1.610936504012937500e+13 -2.274776864052066797e+13 2.319044355382926025e+11 2.140271915975057031e+13 8.534431941436810547e+12 -1.447031057806584766e+13 2.235097433120677795e+11 -4.225584004612578613e+12 -6.643158394629422852e+12 2.562092866612317969e+13 7.642115531463785400e+11 9.004197290420150391e+12 -3.301272987181902344e+13 1.152857504347392969e+13 4.612020875426143555e+12 1.397754636052765039e+13 -1.447365253987853125e+13 2.204888336215494385e+11 7.301507447979189453e+12 5.539751677969371094e+12 -1.317199643214076562e+13 -1.852523178095076562e+13 -5.196703535852048950e+11 1.654467534037514062e+13 7.861268325786278320e+12 -1.376677480273647070e+13 -2.003554027148222656e+12 4.836921122723980469e+12 -3.454584174273071777e+12 1.415024286878391016e+13 -2.460396790184529297e+12 2.059541201631019043e+12 -1.573415585862489648e+13 5.525894120823716797e+12 2.737843193465340332e+12 1.020855052350894922e+13 -9.636727067599615234e+12 -1.320448840790938000e+15 -1.740988382062454000e+15 -1.975521011239611750e+15 -8.461817058261957000e+15 -8.163442080666484000e+15 -2.133177700658198000e+16 -9.439834416503624000e+15 1.230516995767948160e+17 2.493845165671938800e+16 -7.188201375204284000e+16 -1.745971171930942400e+16 1.925406819649883600e+16 -3.120432528013617600e+16 1.739855461180842000e+16 -2.806929207429216800e+16 7.289235530736167000e+15 -2.361976753908276000e+16 1.005393311595317400e+16 -1.679596590207290500e+15 -2.026315308491365750e+15 -2.400455108391741406e+13 -9.803633547577203125e+13 -1.192841560809262656e+14 -1.334046694678979219e+14 -1.548350509873370625e+14 9.875504529978832031e+12 1.842259026095803125e+14 8.667907713044104688e+13 8.251595337937584375e+13 9.783940669872029297e+12 6.510967351155121094e+13 -1.023191443831089688e+14 3.015948996449448438e+13 9.541417681149365625e+13 -2.124837065558256250e+13 1.141456542897185156e+14 -4.646501065985991406e+13 -8.796511154030623438e+13 1.070055934366330469e+14 4.301385642702823438e+13 -9.889333994993173828e+12 -3.424734871286698438e+13 -3.655032465869054688e+13 -4.550000117403488281e+13 -5.196013121078589062e+13 -9.167835254442181641e+12 5.286139810665998438e+13 2.483191980862819922e+13 3.878281849494019531e+13 3.399277611764171387e+12 8.054512225099477539e+12 -2.364544383734767578e+13 1.426850937989950977e+13 2.501843272470309766e+13 9.831314237132878906e+12 4.208343094996541406e+13 -2.854193837330358203e+13 -2.863999181235457422e+13 2.703374435094856250e+13 1.841871490489520703e+13 -6.905258075492142578e+12 -2.095398757156760156e+13 -2.046689514610523047e+13 -2.721368669639508594e+13 -2.974649637850950391e+13 -1.254472745999964844e+13 2.013827179476335156e+13 1.891807564074117969e+13 2.759334913824218359e+13 -1.037969110716410742e+13 6.393798990920629883e+12 -1.206989609086254102e+13 1.147806062004313477e+13 1.861605365907037109e+13 -7.719490066536433105e+11 2.511105829282227344e+13 -1.874381146787047266e+13 -1.717256599345516992e+13 1.230332182938762891e+13 1.542942767269048047e+13
-3.656367160650977000e+15 -8.116992460976791250e+14 6.477422280602130000e+14 4.155901469455023500e+15 8.458012129437951000e+15 -5.559596014089264800e+16 -1.177208520287043200e+17 3.520436805420266240e+17 -2.040965854032940800e+17 2.080574758351308800e+16 -1.623849019265496800e+16 3.728814382160651200e+16 -4.078238266835972800e+16 1.640273444728604600e+16 -1.616000431157276200e+16 1.068864522365257400e+16 1.047027062914047375e+15 4.645626961522249000e+15 9.098519735032576000e+15 -9.596398657776392000e+15 1.061794647909225195e+13 -8.248294096748990234e+12 -6.966024852701081055e+12 3.205376723918612109e+13 4.553484931321325781e+13 -1.036229520699541016e+13 -2.381058154780361328e+13 4.998521773914086719e+13 4.632377682327371875e+13 -1.053976661807774844e+14 -4.467721360158359375e+13 5.382890165269850781e+13 -2.969907578595668359e+13 3.402962411880392578e+13 -3.490322248129621094e+13 -3.723639331428789062e+13 -6.167246222620036133e+12 3.310581388723430469e+13 9.445194526249861328e+12 8.592927020610701172e+12 5.085447177493441406e+12 -4.437469488488205078e+12 -5.003442212492270508e+12 1.641104662149894141e+13 1.608216132246704297e+13 -2.350659378980100586e+12 -1.316767690261431250e+13 1.849190761105670312e+13 1.222433728273008789e+13 -2.809842577032640234e+13 -4.477163863884767969e+13 4.241023320928317188e+13 -3.828239806951831055e+12 -1.551812116599512500e+13 3.491066550890640625e+13 -4.925669829286603125e+13 -6.744126945370052734e+12 2.199437141132615234e+13 1.510677611726684180e+13 -6.028176522589889648e+12 2.693140331804012695e+12 -5.487729475720996094e+12 -6.798333885256783203e+12 1.032871247184991406e+13 1.075364976624883398e+13 -1.352897330845162842e+12 -6.094022127153613281e+12 1.103672747227332812e+13 4.449868602542833008e+12 -1.268663453253912695e+13 -2.341390161932635547e+13 2.332435249935946484e+13 3.256851447125931152e+12 -2.026814055537604297e+13 3.332381962697336719e+13 -4.041013117624901562e+13 2.207303625902839355e+12 8.863162101194957031e+12 1.294439453255628711e+13 -5.728170245195643555e+12 -2.128919010799943750e+14 -1.294888634675981500e+15 3.136520024010040500e+15 7.615137070761609000e+15 4.892065926701592000e+15 -4.602757251602391000e+15 -3.675046779041190400e+16 -1.105624293105455840e+17 2.107302264019940480e+17 3.540359762905904800e+16 -4.714401236289880800e+16 -2.040963317293450800e+16 2.852292874750208400e+16 -3.067810375047486400e+16 6.382077699623668000e+15 -1.603650814879973400e+16 3.665277070264642500e+15 4.109690218997787000e+15 -1.816962229057751750e+15 1.116996552432098400e+16 3.531831791856042480e+12 1.038237399979769844e+14 2.360194603663727812e+14 2.742902084804763750e+14 1.379510264891942031e+14 -8.198374145507935938e+13 -2.393923059040680625e+14 -1.426723984026646562e+14 9.295485658216365234e+12 -7.237434673440407812e+13 -1.543636137095127734e+13 -1.534863331032084375e+14 7.478328470542049805e+12 -9.835278560969168750e+13 4.174434619126510938e+13 -3.608232630712496094e+12 -1.720412860863760000e+14 1.104516167182554688e+14 -8.220956681663654688e+13 4.462331129908727344e+13 -2.666868382134336914e+12 2.639844048284097266e+13 8.757271286668328125e+13 1.074053023023766562e+14 3.817017379724141406e+13 -2.376809058120062500e+13 -6.432110268147848438e+13 -6.668693562514351562e+13 3.338549682623289551e+12 -7.799085094298922852e+12 2.337720251986841309e+12 -7.188036216317471875e+13 -4.809864393955478516e+12 -1.766894349953321875e+13 -3.954541594338936157e+11 1.563528673715401758e+13 -4.591392270034974219e+13 1.609258146445207617e+13 -2.640182187449241406e+13 3.264328029359128906e+13 -2.847355487341021973e+12 1.186255892750963477e+13 5.394311087297773438e+13 6.764219486300814062e+13 2.012556607623806641e+13 -1.229458329882942773e+13 -2.699847511672287891e+13 -3.935310270511841406e+13 7.040445694597884766e+12 7.223108278715323242e+12 -4.962681001411629883e+12 -2.945470145905842188e+13 -3.249326078015687012e+12 -3.870890267333366211e+12 -3.792598965905541016e+12 8.888293303237720703e+12 -2.719949552849794531e+13 1.234614374684926172e+13 -1.508313393706483594e+13 1.916482358627126953e+13
5.015507238093980000e+15 -1.375630274106410500e+15 -7.546901881117323750e+14 1.336309387599100250e+15 -1.614345973156374600e+16 9.906922904924926000e+15 -1.425140971742546800e+16 -2.040965853951760000e+17 4.851071814855803520e+17 -3.077259135647970560e+17 4.326719064769019200e+16 -1.909467990123797200e+16 2.159579124738423600e+16 6.794346198209613000e+15 -1.474950274815796000e+16 8.615239210034449000e+15 9.799780548304482000e+15 -2.863641269429517200e+16 1.693531958166209200e+16 -3.266003670101057031e+13 3.459758197002567383e+12 -1.054418237914353711e+13 -4.568596432917473633e+12 3.214250607270797266e+13 4.736871439082474219e+13 -1.249539859792681055e+13 -4.410452720351777344e+13 1.155111662886755664e+13 5.107222770793555469e+13 -6.726916564466714062e+13 4.969009892112503125e+13 7.081171642149443054e+10 -8.055219788346584375e+13 6.781297513948621875e+13 -9.015167588523950000e+13 1.042485650841860781e+14 -4.223229068859245312e+13 -1.751054638030658203e+13 -1.681955868198796094e+13 3.390317345352001953e+13 1.331186852948914062e+12 -6.844795015477913086e+12 -4.581539801972375977e+12 1.657390766988871289e+13 2.172587184643046484e+13 -7.388667278325502930e+11 -1.997667142599052734e+13 -2.348286014099051758e+12 1.429209116510077734e+13 -6.824156135232845703e+12 -7.264061315866668945e+12 1.526780080773078906e+13 -2.109008463212158594e+13 -4.273649177933993652e+12 1.166302380512538818e+12 1.435350560468328516e+13 -1.067794197216921289e+13 1.570483896769592285e+12 -7.437334088771595703e+12 9.976166644466947266e+12 4.634935051451396484e+11 -7.050569724219302734e+12 -5.972734800689804688e+12 1.282075319959248828e+13 1.713861144325812500e+13 8.929692869807447815e+10 -1.447584343703742383e+13 -3.581861184833795898e+12 1.189838169861181641e+13 -1.423238678796027588e+12 -9.350283964228146484e+12 8.240077495260600586e+12 -1.037707454481864648e+13 -2.857124919828060059e+12 6.261890564587269531e+12 2.834435635257466797e+12 -3.831086514532717285e+12 -5.986844014789191437e+10 -4.979715439530956055e+12 6.236588475838483398e+12 2.270389745450191000e+15 1.076556574665188000e+15 3.776848446176307000e+15 1.064946687231283600e+16 -1.271744409439461000e+16 3.818745489169325000e+15 1.613658081058183400e+16 -5.670095918137780000e+16 -1.461654327514899200e+17 3.170411629231189760e+17 -5.879442240305520000e+16 -2.859323141388586400e+16 -2.884389487022275200e+16 1.057580548762396800e+16 -2.867983400247595625e+14 -1.923877641258222000e+16 2.934488377995010400e+16 -3.108945473416029000e+15 -6.300482115198506000e+15 1.169627019367536250e+15 1.974656483105058984e+13 1.017983134532761406e+14 1.498149654779420312e+14 1.699940509210561562e+14 1.546192117507694688e+14 -2.717732454662533203e+13 -2.017744865867559062e+14 -1.020425764608499062e+14 -6.280729368673342969e+13 -2.483164679730548047e+13 -5.494601264594235156e+13 4.429279397283482812e+13 -2.199044362437219141e+13 -9.843815069024176562e+13 2.661634360523008984e+13 -9.077839927261254688e+13 -4.099502214884427734e+12 9.543228512888471875e+13 -1.037504321512033438e+14 -2.332872058595751562e+13 7.159898296870371094e+12 3.322614099260333203e+13 4.951426270837839062e+13 6.125726103007084375e+13 4.996557306400074219e+13 1.598946903981039551e+12 -5.686290151895975000e+13 -3.534086198462833594e+13 -2.976344196326600391e+13 -4.523209343781362305e+12 -5.792264863915107422e+12 1.621107144370888184e+12 -1.237882032074455859e+13 -2.389013536931495703e+13 -7.838744695848826172e+12 -2.945427957285826172e+13 1.162229212270158203e+13 2.637026546116012500e+13 -2.754402050252786719e+13 -6.786981238862251953e+12 4.766321318433549805e+12 1.931436066489439062e+13 2.888687794336524219e+13 3.744324399478327344e+13 2.819618041361295703e+13 6.973922017392045898e+12 -2.225288562867598438e+13 -2.421472426145485547e+13 -2.007244108338285938e+13 9.886176555960242188e+12 -6.211249482592709961e+12 2.539765137463863281e+12 -9.811284263523638672e+12 -1.558169203811638672e+13 -2.891837018686174316e+11 -1.767968083582806641e+13 8.331094593184440430e+12 1.644974803689393164e+13 -1.326130306666994922e+13 -7.621002963084283203e+12
-3.025027345844763000e+15 3.783002657709960000e+15 2.704562952345652500e+15 -9.022029048381323750e+14 9.401872991166162000e+15 -1.009093256553809400e+16 -1.673003734732982250e+15 2.080574758582060400e+16 -3.077259135746079360e+17 6.061124757816398080e+17 -3.916172904024996480e+17 5.812974740053802400e+16 4.385111203047487200e+16 -2.533116747548116400e+16 5.700084915566371000e+15 -4.112432185820101000e+15 -1.282988005271442800e+16 2.547028645226406400e+16 -2.820594838847888800e+16 7.316164510015829000e+15 -1.267726781191908203e+13 2.609291049194286328e+13 1.307022486404553125e+13 -8.313532775311414062e+13 -1.216313446827292969e+14 3.122713963560699609e+13 1.035808255103591719e+14 -4.988691977205458594e+13 -1.296995252675050312e+14 1.939205738950322812e+14 -7.950194463974015625e+13 -2.814879799467253125e+13 1.820064285763886250e+14 -1.579185007675778438e+14 2.045623677428715000e+14 -1.961825093800651562e+14 9.053138561305528125e+13 1.898431073725762109e+13 2.986406598023597266e+13 -7.457125250507115625e+13 -5.397982762835848633e+12 1.646130545989703906e+13 1.207602883235168164e+13 -4.280684418916623438e+13 -5.328839427926059375e+13 2.750580739591694336e+12 4.815545352458835938e+13 -4.764176440678639648e+12 -3.591079310262700000e+13 2.872734964161412500e+13 3.831045369092537500e+13 -5.363126051021703906e+13 4.559916805459925781e+13 1.690925184887898438e+13 -2.057245385279354688e+13 -4.054673584702922363e+12 2.558700501767462891e+13 -1.468898299940456250e+13 7.519363059272327148e+12 -1.749165803189079688e+13 -2.359360338969332520e+12 1.743314198897359180e+13 1.588630928745312695e+13 -3.188240105965200391e+13 -4.103143196855813281e+13 5.191479977671446533e+11 3.310167478487495312e+13 1.664748720142351807e+12 -2.691699199201142188e+13 9.542533666447134766e+12 3.151361897631178125e+13 -2.917147445737857031e+13 1.976228001295450391e+13 1.645135166044252148e+13 -3.028304816889282812e+13 1.516107705754350977e+13 6.773217392038568359e+12 -4.486924806548202148e+12 3.562672430921803711e+12 -9.915449913441951172e+12 -1.331220554268274750e+15 -3.696753988564120000e+15 -2.750715255594713000e+15 -3.712405579811440500e+15 5.737750409254984000e+15 -5.386960231841836000e+15 2.271692086286256500e+15 4.834064505310184800e+16 -5.805603004643199200e+16 -2.592331820083640640e+17 4.502619563404092160e+17 -1.504693014856522560e+17 -3.128603895150182800e+16 2.152322396414705200e+16 6.737956488823831000e+15 4.966049464601590000e+15 -3.578640590756370400e+16 -1.623296795417291200e+16 1.762095341660209600e+16 -2.724675352767797200e+16 -4.266699424247947656e+13 -2.644972009839596562e+14 -4.325502296501416250e+14 -4.941831067439205000e+14 -3.914676222325075625e+14 9.884302431891539062e+13 5.417408087895508125e+14 2.852117608971843750e+14 1.250301519896113906e+14 8.899394014835732812e+13 1.216412647735462031e+14 -1.173830054465922656e+13 4.157903050631181250e+13 2.547033866934829375e+14 -7.675008108961332812e+13 1.895782416466711875e+14 9.797425397294010938e+13 -2.547821507000713750e+14 2.572896477693883750e+14 2.502292827647914844e+13 -1.341708746741312891e+13 -8.243398653017350000e+13 -1.479362370159158750e+14 -1.825342015641684688e+14 -1.231696619381745312e+14 9.058300819752066406e+12 1.510351728591824062e+14 1.077650906151098438e+14 5.980469779516605469e+13 1.340974759608537891e+13 1.076051303685931445e+13 3.404097817250991797e+13 2.809767294536585547e+13 5.858888918172925781e+13 1.641377640106761719e+13 5.276855810545764062e+13 -1.463281880742906189e+11 -6.289696528662711719e+13 7.068690427620362500e+13 -2.948044499203696777e+12 -8.374030307334929688e+12 -4.610706662202785156e+13 -8.779079337770521875e+13 -1.126090859753200625e+14 -6.877038797088067188e+13 -8.024103404255823242e+12 6.005688201358666406e+13 7.054036233559326562e+13 3.784098518535146094e+13 -2.419903305647033594e+13 1.542453951682210938e+13 1.007122304068913477e+13 2.197698983116260547e+13 3.423172454962792578e+13 2.570898549790830566e+12 3.193223294062941797e+13 -3.076606815098839355e+12 -4.043551701747144531e+13 3.526662192352158594e+13 5.788090054139490234e+12
3.520424235660366250e+14 -4.469581440245927000e+15 -5.050005634061475000e+15 6.795559423380916250e+14 8.004644131382236250e+14 1.493693744487691000e+16 1.881672745498707200e+16 -1.623849020393546800e+16 4.326719065842916000e+16 -3.916172904092725760e+17 7.136397526299964160e+17 -4.462643322779216640e+17 4.578978551046464000e+16 2.982380857690188800e+16 -6.782994083063784000e+15 -1.405145364912485500e+15 1.230941736918885600e+16 -1.064603896116512200e+16 -3.428717714836920500e+15 8.666877666980701000e+15 7.341376318504438477e+12 -3.889046843033357812e+13 -1.452687043604162891e+13 1.138189693025500625e+14 1.689026873104100625e+14 -4.568465815122625000e+13 -1.699952226102475938e+14 1.455412090914301172e+13 1.840068571115366250e+14 -2.119601129529420625e+14 2.405038441792039375e+14 -3.657362815842587500e+13 -3.199231808987833125e+14 2.631439298893152812e+14 -3.569082057689066250e+14 4.658716015003813125e+14 -1.741722563496576562e+14 -9.664517608991731250e+13 -7.751877657071867188e+13 1.373269991445485469e+14 2.139654752596283691e+12 -2.587398725972023438e+13 -1.592589581721920898e+13 5.876964945643232031e+13 8.075775084376481250e+13 -1.510898700218419922e+12 -7.536522396282696875e+13 -2.258651620774534375e+13 5.199868958417418750e+13 -9.579158458060445312e+12 -1.606582057401302338e+10 3.544292554108636719e+13 -8.646600892229560938e+13 -7.422737095605391602e+12 -1.898709591946567969e+13 9.437257155286270312e+13 -4.048585358389813281e+13 -8.432090913081504883e+12 -4.176476867441207812e+13 4.627042729039327344e+13 1.130851432015064240e+11 -2.602379601433938281e+13 -2.057306875067995312e+13 4.708202718416967188e+13 6.503034685565737500e+13 1.303966748401047363e+12 -5.697418130915456250e+13 -2.269060701142176953e+13 4.721277960592299219e+13 2.678311456414493164e+12 -2.345880175134333984e+13 1.883043043177339844e+13 -4.606557593154058594e+13 1.814622104178862549e+12 3.624615917299693848e+12 3.965402364045260938e+13 -1.769519312765604688e+13 -6.324144389478602539e+12 -2.990211210115665234e+13 3.026826633930247266e+13 2.102113519421985500e+15 6.499172495960150000e+15 -3.140971029356891250e+14 -5.252410961211093000e+15 -1.273335889505526750e+15 9.903065211048228000e+15 -1.416145021635558250e+15 7.579427691603804000e+15 9.086505976844241600e+16 -4.644400191264814400e+16 -3.763723408676922880e+17 5.744259006490147840e+17 -1.946465482806491520e+17 -3.327475839549364000e+16 -2.242183846222038400e+16 -1.516635614796487250e+15 -8.669313280049835000e+15 2.036939184991176400e+16 -2.310574377940541600e+16 4.067628307186642500e+15 8.099376559391218750e+13 3.588954184061336250e+14 4.711726118524251250e+14 5.301973177649923750e+14 5.586433005882726250e+14 -5.864323070179003125e+13 -6.883486685849968750e+14 -3.333159616979212500e+14 -2.716767449989509375e+14 -5.531691927774109375e+13 -2.215280707061929688e+14 2.922386453512719375e+14 -9.801429888395148438e+13 -3.484490396626808750e+14 8.383731633563096875e+13 -3.809926243656458125e+14 1.005309019744017500e+14 3.274641082359280625e+14 -3.819472248925874375e+14 -1.291116081638300312e+14 3.207150580436057422e+13 1.222703462682789844e+14 1.491700513145172812e+14 1.851893125659208438e+14 1.849171186633461250e+14 2.303535112966412891e+13 -1.961393441137523438e+14 -1.036057748733107031e+14 -1.280130500390287500e+14 -1.376455571351339648e+13 -2.606902102206645703e+13 5.608590430498011719e+13 -4.899567707514614062e+13 -8.881310245523948438e+13 -3.284135966985164453e+13 -1.351303635718276562e+14 8.054562509139606250e+13 1.003693803923557344e+14 -9.826572259448592188e+13 -5.103003360753482031e+13 2.208423718668989453e+13 7.346152272954323438e+13 8.507246467584915625e+13 1.118322523544962812e+14 1.053197908012262500e+14 3.788086766854075781e+13 -7.550631356301353125e+13 -7.533054791219004688e+13 -8.961231392460814062e+13 3.681313140589535156e+13 -2.283796926383832031e+13 3.090484578752085156e+13 -3.921885170940557031e+13 -6.316833029328075781e+13 1.376352500441206299e+12 -8.077061586292470312e+13 5.382364680336214062e+13 6.102963622038605469e+13 -4.568621671611341406e+13 -4.532037019276849219e+13
-9.053614829347646250e+14 1.774680052542193000e+15 3.419268944967109000e+15 8.831006619718190000e+14 -9.042646851309252500e+14 -9.913290492974294000e+15 -1.800271882595213800e+16 3.728814382603469600e+16 -1.909467989064693600e+16 5.812974738946324800e+16 -4.462643322748243200e+17 7.763512486068035840e+17 -4.626437882699665920e+17 6.211216528050246400e+16 3.667460296949154400e+16 -8.586090599259551000e+15 -5.212330162902385600e+16 4.269859540998082400e+16 6.253280216362998000e+15 -9.273391698643344000e+15 -3.458814293928553223e+12 1.354907018952751953e+13 5.447404818988333008e+12 -4.044052064741768750e+13 -5.981002180457590625e+13 1.598303212755442969e+13 5.800702745588203125e+13 -9.734763517999492188e+12 -6.483204337464380469e+13 7.985622313302478125e+13 -7.427287866454654688e+13 6.616913559471450195e+12 1.076636665989414688e+14 -8.951066497210373438e+13 1.202863377681015156e+14 -1.487751483638787500e+14 5.761945276602872656e+13 2.833917641143559766e+13 2.443231219398583594e+13 -4.580134899882962500e+13 -1.206073503339932861e+12 8.909809857012349609e+12 5.710115837182185547e+12 -2.086729639842887891e+13 -2.803123244514341016e+13 7.283002513838798828e+11 2.597641393088934766e+13 5.553393564695537109e+12 -1.823477414521103125e+13 5.929723926839462891e+12 4.458018248155088867e+12 -1.581826611465309375e+13 2.868081407035797656e+13 3.972795139213853027e+12 2.742397479104743164e+12 -2.598907725512918359e+13 1.392163840062653906e+13 5.723632445979554443e+11 1.216705313759440039e+13 -1.454465125357307812e+13 -3.048570030853034668e+11 9.063295048782314453e+12 7.409632062706619141e+12 -1.643705287910608203e+13 -2.235375180420859766e+13 -2.922332348057109985e+11 1.925356706241232422e+13 6.328925597559846680e+12 -1.589516950519551367e+13 3.851422479767269897e+11 1.000660560182737109e+13 -8.482848803830116211e+12 1.475322262362991016e+13 1.421835638669331543e+12 -4.500530728262106445e+12 -8.959679466125189453e+12 5.572058956306311523e+12 1.188394728070700195e+12 8.499499234553771484e+12 -9.337026740137560547e+12 -3.452294508462228500e+15 -7.816891235165451000e+15 -8.504992923380033000e+15 9.867747626028615000e+14 1.058095778349304800e+16 1.670134799408442000e+15 -1.269482396566999400e+16 -3.085207739589220500e+15 -2.698973549571772400e+16 1.067208590748067680e+17 -1.055003760164744200e+16 -4.681625907679539840e+17 6.575106045359160320e+17 -2.119046122921610560e+17 -1.616394492081185500e+15 1.136115165220294600e+16 3.616347094660466400e+16 -8.105402640051883200e+16 4.660709701414448800e+16 2.536416161462899500e+15 -2.686028990311526953e+13 -1.277912047664290469e+14 -1.776866743696514688e+14 -2.008114945804343125e+14 -1.965622416849596875e+14 2.734741878508471094e+13 2.491032369637098750e+14 1.232827783159661250e+14 8.799459161354514062e+13 2.530301308829383203e+13 7.404074229381046875e+13 -8.038397709945057812e+13 3.133604702858516016e+13 1.238280224638281562e+14 -3.159137994924289062e+13 1.250566799471593594e+14 -1.579320948587205078e+13 -1.181629958286340312e+14 1.331863710698211094e+14 3.781988199891185938e+13 -1.023168249556134180e+13 -4.264418682424075781e+13 -5.753244052372191406e+13 -7.129388356386159375e+13 -6.431905242176359375e+13 -5.175565331746445312e+12 7.059287938321453125e+13 4.054220054413432031e+13 4.156627766094407812e+13 5.280770943944188477e+12 8.299802018764552734e+12 -1.120791860362111328e+13 1.651450882087546289e+13 3.082553144090564453e+13 1.078821999921556250e+13 4.267278890401489062e+13 -2.179600984534851562e+13 -3.445109980844899609e+13 3.478787873623777344e+13 1.345546538802992578e+13 -6.944927153729695312e+12 -2.522353711857681641e+13 -3.320886419775406250e+13 -4.332970239022760938e+13 -3.647245352265796875e+13 -1.117555313524478711e+13 2.739812504682483984e+13 2.856932317765848828e+13 2.862965383301341797e+13 -1.276719514511798633e+13 7.968370452660651367e+12 -7.185682393277419922e+12 1.315938912574450781e+13 2.105979304235545312e+13 -7.328604904313310242e+10 2.555201397093827344e+13 -1.491121452330171484e+13 -2.120271027476735938e+13 1.645305741514987109e+13 1.292720266254514844e+13
1.232370776217912250e+15 -1.562301270780881250e+15 -3.531456190560866000e+15 -5.302951793322832000e+15 -2.494350760712700000e+15 2.286652804220427000e+15 2.272670958174330800e+16 -4.078238267419395200e+16 2.159579123019418400e+16 4.385111205862300800e+16 4.578978549716148000e+16 -4.626437882753148160e+17 7.556149883025130240e+17 -4.365672732884250240e+17 5.329791000762016800e+16 -1.892061673063670800e+16 6.892429379867878400e+16 -7.377071920110041600e+16 4.007968131166297600e+16 -9.419975390951830000e+15 -5.893015196128589844e+12 3.018972994862258984e+13 1.136007735244887305e+13 -8.852441722164220312e+13 -1.313230915925548125e+14 3.547831250392110156e+13 1.317008978810358750e+14 -1.230254881131083984e+13 -1.429963945050139688e+14 1.658341841606969688e+14 -1.846477651948198750e+14 2.707209770252469531e+13 2.475313475751372812e+14 -2.038057016059077188e+14 2.761853826014172188e+14 -3.587307986169355625e+14 1.345465391839673438e+14 7.387513617684634375e+13 5.962147261121429688e+13 -1.061638105246933750e+14 -1.760170570312436035e+12 2.006285341166050000e+13 1.239770736377161914e+13 -4.570598341180802344e+13 -6.266787772327611719e+13 1.216357524514218262e+12 5.844385861057093750e+13 1.703466974430632227e+13 -4.039094268460105469e+13 7.994433874489155273e+12 9.713637550317590332e+11 -2.826087384040855078e+13 6.681066566201353906e+13 6.060750896451215820e+12 1.390519430423204688e+13 -7.177534594145648438e+13 3.138871976604491406e+13 6.036204771102264648e+12 3.190766256995230469e+13 -3.557928643398396094e+13 -1.449585229353215332e+11 2.020096198313027344e+13 1.602253072047818555e+13 -3.655598342253100781e+13 -5.041638763360427344e+13 -9.773363445914329834e+11 4.409938339069122656e+13 1.727467501206649805e+13 -3.653097012831242969e+13 -1.795204448363568848e+12 1.860547040532594531e+13 -1.503167773717838477e+13 3.548055717309627344e+13 -9.662633937459528809e+11 -3.511018957121072266e+12 -2.973674434995568750e+13 1.360868573505858008e+13 4.690701887442721680e+12 2.279917615335275781e+13 -2.323631863761085938e+13 2.270598881195271500e+15 6.243523367317850000e+15 1.297656316920713400e+16 -2.162500822779210000e+15 -1.683124163666218000e+16 -8.987148878080625000e+15 1.354287140669415800e+16 1.595976242567435200e+16 -2.727013751085041200e+16 -3.332108591549988000e+16 1.626371916998583360e+17 3.296860473417162400e+16 -5.007562194330194560e+17 6.181849902002973440e+17 -1.947745797483792960e+17 -1.147956642696724600e+16 -7.475802401962315200e+16 8.068716162285289600e+16 -8.285495860705398400e+16 2.563973831345499600e+16 -6.258119725275352344e+13 -2.791952464810155312e+14 -3.686748343666618125e+14 -4.150458830120406875e+14 -4.340782328575581875e+14 4.701296460442569531e+13 5.363489627749533125e+14 2.602868870712099375e+14 2.094627115074382500e+14 4.424014106053926562e+13 1.712911157388755000e+14 -2.222425470278217500e+14 7.548069217184401562e+13 2.710162280549915938e+14 -6.559414380561450000e+13 2.941017790695836875e+14 -7.389790366115040625e+13 -2.550806485276836875e+14 2.965221092091140000e+14 9.868384531702915625e+13 -2.469350930416230078e+13 -9.492548408527479688e+13 -1.169952065097345156e+14 -1.452172626237622812e+14 -1.435242009248404062e+14 -1.726802773639211719e+13 1.527449127920363125e+14 8.138438578988796875e+13 9.872035621076521875e+13 1.078961018006745312e+13 2.006827148745869531e+13 -4.174370264370660938e+13 3.791459709051263281e+13 6.891845791307989062e+13 2.535321455850102344e+13 1.039496350875930781e+14 -6.117623822502902344e+13 -7.780304152441589062e+13 7.640039887367071875e+13 3.868234279615876562e+13 -1.698214063375150000e+13 -5.694675919023020312e+13 -6.680865912784787500e+13 -8.775349696437860938e+13 -8.170982068215410938e+13 -2.897055688541387109e+13 5.884900258509911719e+13 5.897798261809385156e+13 6.900597118527644531e+13 -2.856464112876111719e+13 1.773109806539994531e+13 -2.321934551123426953e+13 3.033606306979872656e+13 4.883198683357907812e+13 -9.809404236127419434e+11 6.214295591635661719e+13 -4.095487588250190625e+13 -4.736302111299871094e+13 3.558062828995039844e+13 3.456471215171409375e+13
5.226156272340026562e+13 1.570627489121179500e+15 1.942084111568638250e+15 7.110589364749313000e+15 3.457070222523197000e+15 -3.130741384212630500e+15 -2.553332848798434400e+16 1.640273446150791600e+16 6.794346207593999000e+15 -2.533116750063228800e+16 2.982380859500269200e+16 6.211216528064583200e+16 -4.365672732905957120e+17 7.099472505969669120e+17 -4.325451151992002560e+17 8.861750987499705600e+16 -9.697514055008694000e+15 2.348971862580236400e+16 -3.437327720186597600e+16 1.612086760384697800e+16 9.837639559732095703e+12 -4.542484674704139844e+13 -1.750911115239615430e+13 1.340457359828312344e+14 1.986352465109280312e+14 -5.345438801707181250e+13 -1.968514569800508125e+14 2.353541486537345703e+13 2.159407584686577500e+14 -2.559972452183889688e+14 2.675781791577096250e+14 -3.413591662829937500e+13 -3.683594070995251875e+14 3.043219032646153750e+14 -4.111907349427138750e+14 5.251877745036398125e+14 -1.991480086798655625e+14 -1.054131198751228125e+14 -8.693588125623562500e+13 1.575391426811283438e+14 3.144643868481450684e+12 -3.007497879739010938e+13 -1.882832894837249219e+13 6.919413079013283594e+13 9.418091995885610938e+13 -2.047696025328780762e+12 -8.763555563307104688e+13 -2.313678936730600000e+13 6.090216231693348438e+13 -1.482142444623434180e+13 -6.257820691990646484e+12 4.626088251156593750e+13 -9.897180755236842188e+13 -1.061316358224803906e+13 -1.675080395573205273e+13 1.005749899662752031e+14 -4.703149942380072656e+13 -6.534391110890648438e+12 -4.544227117817370312e+13 5.183702140435332812e+13 5.040706992505688477e+11 -3.039189797893880859e+13 -2.436910250861619141e+13 5.504055822056913281e+13 7.553325663200000000e+13 1.295972352960571045e+12 -6.571224609882537500e+13 -2.429427237990016797e+13 5.437012912393677344e+13 1.281099524370520508e+12 -2.997003864602108984e+13 2.468832331731635547e+13 -5.199002947695271875e+13 -7.587709603593735352e+11 8.770624926241255859e+12 3.951289562366998438e+13 -1.983769285679717578e+13 -5.964593534841002930e+12 -3.223844133581424219e+13 3.366097622858534375e+13 -2.977962137038054500e+15 -3.450595340766218500e+15 -6.975409959717812500e+13 7.225139687158926000e+15 2.905510038474162500e+15 2.727108188099819000e+15 1.074187207694232200e+16 -3.315899091615509600e+16 1.075948292526287200e+16 8.176380248838659000e+15 -8.439848597763166400e+16 1.145071658663395040e+17 2.873853119049775600e+16 -4.427777842468789760e+17 5.831856611073648640e+17 -2.167372107981722560e+17 2.503829535384862800e+16 -2.261306785210106400e+16 3.415388701168889200e+16 -3.022705345139800400e+16 9.270054926785604688e+13 4.230581530011633750e+14 5.693048123433557500e+14 6.418357701137126250e+14 6.552196706021552500e+14 -7.818866599551917188e+13 -8.170215819298765000e+14 -3.993510282549908750e+14 -3.079982242226351875e+14 -7.306261435164568750e+13 -2.543526070085503125e+14 3.113122190072458750e+14 -1.105433906132412656e+14 -4.104028680610968750e+14 1.012632497563541719e+14 -4.342485305792133125e+14 9.047424944287901562e+13 3.881984920390454375e+14 -4.462895188508333750e+14 -1.407698028761007188e+14 3.614053055899249219e+13 1.428791558804320625e+14 1.820289454066441562e+14 2.257994628850636250e+14 2.158406922146247812e+14 2.291246052948304297e+13 -2.322612722040001250e+14 -1.272450110672778438e+14 -1.452727384640994375e+14 -1.675735133747014648e+13 -2.935281705216412109e+13 5.383416948454089062e+13 -5.645004415684096094e+13 -1.035727793247899844e+14 -3.744374858355684375e+13 -1.516618129206484062e+14 8.529939569066789062e+13 1.165094717072164688e+14 -1.155512699861131250e+14 -5.354646607390080469e+13 2.474524998663276953e+13 8.528637915317629688e+13 1.043695117118904219e+14 1.367436779102978125e+14 1.227073783800670156e+14 4.141250767861928125e+13 -8.972370444530810938e+13 -9.124538127616835938e+13 -1.010390655398349531e+14 4.291703018144837500e+13 -2.669177345257537891e+13 3.107904600215505859e+13 -4.510200868800081250e+13 -7.245421801514660938e+13 1.038376118701808228e+12 -9.071559049049462500e+13 5.748556315040471094e+13 7.120053923008848438e+13 -5.411407623411811719e+13 -4.892464181771440625e+13
-6.486468803057000000e+14 -1.705209301873875312e+14 9.426499808960500000e+14 -1.868160324399359000e+15 1.249554783747298500e+15 8.108520083596465000e+15 1.177251966453670200e+16 -1.616000432328434600e+16 -1.474950274976800200e+16 5.700084925203841000e+15 -6.782994092949411000e+15 3.667460297380874400e+16 5.329791000376140000e+16 -4.325451151929036800e+17 6.795571099094908160e+17 -3.617658543659803520e+17 1.528667599992088500e+15 3.216435568132541600e+16 9.900296181098914000e+15 -7.783848994816113000e+15 -1.337094858220370508e+13 5.199929588844142188e+13 2.094772337896328125e+13 -1.552889425567750625e+14 -2.296453312309955938e+14 6.134765488654780469e+13 2.224917675571661250e+14 -3.786023996586901562e+13 -2.488933748483854375e+14 3.071201557776661250e+14 -2.840286630707333125e+14 2.473858533248869141e+13 4.127904003319620625e+14 -3.432963833849389375e+14 4.612061753464724375e+14 -5.695270556057086250e+14 2.208068771169617500e+14 1.081903506563667031e+14 9.349172495630464062e+13 -1.755598955829514062e+14 -4.678076430374722656e+12 3.418331706866057812e+13 2.193188523729501953e+13 -8.012757401192464062e+13 -1.075684868843222188e+14 2.816719604333277832e+12 9.966353339480115625e+13 2.106505535451057812e+13 -6.999510303614150781e+13 2.303519904536530469e+13 1.758610228833952930e+13 -6.107985865685921094e+13 1.099180524066627969e+14 1.539552321451426367e+13 1.011005658263291406e+13 -9.900408844806459375e+13 5.340951889961710938e+13 1.943237979850481201e+12 4.643998830977054688e+13 -5.565139320425467188e+13 -1.198435902218233154e+12 3.478322009347558984e+13 2.846299466234947266e+13 -6.308658316952546094e+13 -8.575793674504432812e+13 -1.104184885049238525e+12 7.382847928776884375e+13 2.412057298818785938e+13 -6.094400819352706250e+13 1.619331507908369385e+12 3.860036519217189062e+13 -3.276190454939125781e+13 5.648186039081879688e+13 5.676840341683739258e+12 -1.761921130164714062e+13 -3.386575034018107812e+13 2.132122595461205469e+13 4.452151378958468750e+12 3.241430773320709375e+13 -3.570466989293346094e+13 4.355837205108547500e+15 6.185054917527752500e+14 -1.577507507398975600e+16 -1.108453703789901200e+16 1.356357699867199800e+16 9.379348109011136000e+15 -1.698372752428114000e+16 1.841610794063149200e+16 3.084274713320813500e+15 -2.545664278407550800e+16 2.469918338959492000e+16 -8.347586572164134400e+16 1.477415115358289600e+17 1.814115944412426400e+16 -4.600283666906944000e+17 5.620020803839134720e+17 -1.448481424293544000e+17 -5.363040505230256800e+16 -1.203435211713511000e+16 9.481249141117564000e+15 -1.029403428094569844e+14 -4.907385478270298125e+14 -6.833846031942202500e+14 -7.724085458399246250e+14 -7.545836304000891250e+14 1.056962263907259219e+14 9.570157441578877500e+14 4.739076730826391250e+14 3.369968935060592500e+14 9.775532820371464062e+13 2.838210372894649375e+14 -3.062059149873528750e+14 1.199618858952444219e+14 4.754937600322995000e+14 -1.214982659083047969e+14 4.791261328626514375e+14 -5.855170871652675781e+13 -4.539285929927496250e+14 5.111619882594438125e+14 1.443797908263492500e+14 -3.916676353238600781e+13 -1.636669137549006875e+14 -2.213967909957860312e+14 -2.743410506675245000e+14 -2.468356325561747500e+14 -1.955773442094185938e+13 2.711669143188020938e+14 1.560712201447132188e+14 1.592002636163014688e+14 2.031874662389935938e+13 3.176965045221758984e+13 -4.212177830369527344e+13 6.332072559346352344e+13 1.182913157706043125e+14 4.133353422369717188e+13 1.632997823773858438e+14 -8.297859066964571875e+13 -1.321627658423561719e+14 1.335698633583064531e+14 5.117693308415447656e+13 -2.657333881492199219e+13 -9.676451096282467188e+13 -1.278331114268573906e+14 -1.667608534801515000e+14 -1.399521982523854375e+14 -4.267347746426836719e+13 1.052669086602383125e+14 1.098938012741750469e+14 1.095988077569000156e+14 -4.899241816450671875e+13 3.058264401393492188e+13 -2.719382105134394531e+13 5.044970675838141406e+13 8.072281823503225000e+13 -2.377462924327145996e+11 9.778756769703051562e+13 -5.681557865676239844e+13 -8.136642788902182812e+13 6.320181458166979688e+13 4.930604734984369531e+13
9.162234719590031250e+14 1.410220025985576250e+15 1.349322476315745000e+15 1.460330228927606250e+15 -5.260855936886831250e+14 -8.731611848069016000e+15 -1.157996574581067200e+16 1.068864523120776800e+16 8.615239202251950000e+15 -4.112432183910934000e+15 -1.405145364980705250e+15 -8.586090596168454000e+15 -1.892061673372109200e+16 8.861750987442689600e+16 -3.617658543647535360e+17 5.759678114927348480e+17 -3.032792065212183680e+17 1.894391739818964000e+16 9.773856074572478000e+15 3.638950483603511500e+15 7.752637207757493591e+10 -4.269791496299113281e+13 -1.252641895185171484e+13 1.179899973069099688e+14 1.768821709763905312e+14 -4.956433805174985938e+13 -1.974246874456760000e+14 -2.533813302763433984e+13 1.955922811153586250e+14 -1.794616942713495625e+14 3.483479343323050000e+14 -9.441082849312659375e+13 -3.848571385114428750e+14 3.080947428129241250e+14 -4.277888837869336875e+14 6.313341200578867500e+14 -2.183347474689480625e+14 -1.533309646402030312e+14 -1.079134929444285625e+14 1.688607657531899375e+14 -1.731309671697111084e+12 -2.933227021995110547e+13 -1.605282940327418750e+13 6.104640117552570312e+13 8.958539103168795312e+13 1.297902738830565033e+11 -8.522495742411143750e+13 -4.530928433298518750e+13 5.603583604532388281e+13 1.244762537628293555e+13 3.942281920975593750e+13 8.172286671982289062e+12 -1.077146876963759062e+14 4.134972529770119141e+12 -5.514969821217726562e+13 1.646400126670943125e+14 -4.607273776677532812e+13 -3.020998665983271875e+13 -6.696628736630475781e+13 6.475676920847721875e+13 -2.227345946017212402e+12 -2.859946504629619531e+13 -2.044200538313328906e+13 5.138919433043369531e+13 7.407394739045917188e+13 2.867168498629144531e+12 -6.782888373713196094e+13 -3.887504318580682031e+13 5.673640429006565625e+13 1.461776649207453320e+13 -9.511296492132890625e+12 3.643888393807007812e+12 -6.205208487520522656e+13 2.018740390740516406e+13 -2.470127148772267188e+13 8.654654006906451562e+13 -2.467854077708805078e+13 -1.593332050798453516e+13 -4.982068150919253906e+13 4.393366708516080469e+13 -2.218985411632916750e+15 -2.156493914877003750e+15 1.456155848221016800e+16 1.519414688248852600e+16 -1.531708848417708200e+16 -9.173112041292432000e+15 1.527547501238303600e+16 -1.554583196416376200e+16 -2.764859967247730400e+16 4.026844534494899200e+16 -1.822725948281519600e+16 2.844585129142930400e+16 -6.221296749293463200e+16 6.282130610075232800e+16 6.503415134213339200e+16 -3.836241413151475840e+17 4.911412092181202560e+17 -1.286853485418377760e+17 2.393427627832975000e+15 -1.301942566079983600e+16 1.009453427276818594e+14 3.696235948209430000e+14 3.974086028397812500e+14 4.395244771765113125e+14 5.961841199425017500e+14 -3.115000081456211914e+12 -6.734543926653085000e+14 -3.025350403749260625e+14 -3.572263038599721875e+14 -7.307306990464525391e+12 -2.710092354917755312e+14 5.106741679940500000e+14 -1.325123639428826719e+14 -3.610224524784098750e+14 7.093370160038410938e+13 -4.863019746777243125e+14 2.807240639815581562e+14 3.234030845127451250e+14 -4.182813313815066875e+14 -2.051890670250691562e+14 4.355339963313182812e+13 1.338302046805037188e+14 1.144956419020042812e+14 1.432991018148139062e+14 2.039449385055922812e+14 5.053418037926615625e+13 -1.953239706115157812e+14 -7.435703974968315625e+13 -1.674061876768883750e+14 -1.081313321641972852e+13 -3.555174812998948438e+13 1.353824530920969688e+14 -5.870982185534887500e+13 -9.853658407269746875e+13 -4.184457647767694531e+13 -1.873834814804580000e+14 1.439308647305675938e+14 1.147722825715285000e+14 -1.029872489973020312e+14 -9.431935400461939062e+13 3.088125034796107812e+13 8.392898618767965625e+13 6.177356263595828906e+13 8.408446434050367188e+13 1.175793040977161719e+14 5.949890978760517969e+13 -7.322143674345220312e+13 -6.211127580538540625e+13 -1.213321293948834375e+14 4.093225349816681250e+13 -2.496903760363588672e+13 6.565436091172381250e+13 -4.752383314732267969e+13 -7.774539285844779688e+13 5.109529149945507812e+12 -1.116006812402516250e+14 9.311252924172689062e+13 6.753106830898242969e+13 -4.540732183178863281e+13 -7.510945350199393750e+13
-1.158419629999382000e+15 -3.234461821895212500e+15 -4.039507552884969500e+15 -9.393778010698742500e+14 -3.540220614617296250e+14 8.797502653698173000e+15 7.359667498123052000e+15 1.047027057568101625e+15 9.799780558975976000e+15 -1.282988005465935400e+16 1.230941736588065400e+16 -5.212330162621810400e+16 6.892429379975596800e+16 -9.697514060784060000e+15 1.528667605243281500e+15 -3.032792065218974080e+17 5.284621582917347200e+17 -2.835698694140424000e+17 1.254568295185803800e+16 1.876617251665454000e+16 2.853357164972036133e+12 1.051139529608039844e+13 1.852153871212990479e+12 -2.653802815956042969e+13 -4.046602867393869531e+13 1.198841912574738672e+13 5.248356955928086719e+13 2.110524029581317969e+13 -4.583753334228937500e+13 2.501866500919478125e+13 -1.160902748837523594e+14 4.276571899616058594e+13 1.068395697679727344e+14 -8.275171804967656250e+13 1.182454496355833125e+14 -1.985498833272690938e+14 6.350525906188828125e+13 5.474014208679262500e+13 3.477250065574232031e+13 -4.807943376499276562e+13 1.894515153681145264e+12 7.553947719213916992e+12 3.436518801023531738e+12 -1.377731302770163086e+13 -2.238570490509212891e+13 -6.755607575181459961e+11 2.187361159025282031e+13 1.853509436794446484e+13 -1.341580121010236719e+13 -1.132791558846911523e+13 -2.389732960493314453e+13 9.049783293286054688e+12 3.111726151751255469e+13 -5.438353764203469727e+12 2.592059258574686328e+13 -6.249147869879244531e+13 1.192632081135994141e+13 1.497658788024836914e+13 2.408295431428760938e+13 -2.096390461175838672e+13 1.394491039932971680e+12 7.050669388182642578e+12 4.260496985935086426e+12 -1.254226026744034180e+13 -1.919886103145657812e+13 -1.222404818158871338e+12 1.859695620469509375e+13 1.459470625219867383e+13 -1.573110943735307617e+13 -7.800536891238791016e+12 -3.503789316882904297e+12 5.231031136696087891e+12 1.940574147340685156e+13 -1.151705543733342383e+13 1.640141275079105664e+13 -3.678284949255775781e+13 7.964872953928451172e+12 7.157435480110831055e+12 1.837893747682863672e+13 -1.466663810943929297e+13 1.298004881818052000e+15 6.917117024871486000e+15 -3.023592679985006000e+15 -1.420635460780931000e+16 1.385036073558398200e+16 -5.874553690477864000e+15 -1.026321126558072400e+16 2.508781899018204400e+16 2.066636482350649600e+16 -1.931054432504638400e+16 1.570860703584806600e+16 6.366723296333964000e+15 -5.828433912311409600e+16 2.618842106265768800e+16 6.718387209002015200e+16 -8.530891177407736000e+15 -3.660549443618691840e+17 4.694612959746596480e+17 -1.357464261339876640e+17 -1.510878053488661800e+16 -2.917681312271132422e+13 -8.221108340568425000e+13 -5.469225958665632031e+13 -5.689654556272179688e+13 -1.405972206061964688e+14 -2.128028217872074219e+13 1.361821152544793281e+14 5.165974220955721094e+13 1.091553498428986094e+14 -1.742555029378717383e+13 7.671825583139498438e+13 -1.940243598769381562e+14 4.158277325381936719e+13 8.112565179889045312e+13 -9.865787105272263672e+12 1.441905395333157188e+14 -1.304076940313846094e+14 -6.661805065722635938e+13 1.025915880100965469e+14 7.334071862150785938e+13 -1.372378776351345312e+13 -3.279863591699020703e+13 -1.045431814209022461e+13 -1.367972782888339648e+13 -5.053980809469877344e+13 -2.152416584405493359e+13 4.088180023785595312e+13 4.130520601066404785e+12 5.087756653990936719e+13 1.115035781994593506e+12 1.124601821830787109e+13 -5.988664753170471875e+13 1.622267919199491016e+13 2.462789349650133594e+13 1.238406619540837500e+13 6.017237650919921875e+13 -5.540391439807025000e+13 -2.990152751694005078e+13 2.359065837314812109e+13 3.699903389187724219e+13 -9.989866814730111328e+12 -2.184031780408203906e+13 -3.826598633862704590e+12 -6.775510939904526367e+12 -2.964689076230862500e+13 -2.109198547646689062e+13 1.454350243204936914e+13 7.879976588158865234e+12 3.812668510478268750e+13 -1.026204538207716406e+13 6.109177939962435547e+12 -2.757831285950187500e+13 1.330626621258424609e+13 2.215944627748487500e+13 -2.552719207787485352e+12 3.572231076781308594e+13 -3.516400669185143359e+13 -1.681429982597545508e+13 9.468570445351119141e+12 2.761316702398661719e+13
7.440707772222211250e+14 1.987689369199939250e+15 1.760197170569764000e+15 9.769525301043431250e+14 3.305002520637972000e+15 -6.545823156379144000e+15 2.968852766954078000e+15 4.645626963289498000e+15 -2.863641270099958400e+16 2.547028645331450000e+16 -1.064603895506328000e+16 4.269859539975905600e+16 -7.377071919620680000e+16 2.348971863039048800e+16 3.216435567500143600e+16 1.894391739796621200e+16 -2.835698694110566080e+17 4.725636963860439680e+17 -2.718516804412384320e+17 4.304729125273392800e+16 -1.272892240181416748e+12 1.602792083865016602e+13 5.235455879224483398e+12 -4.537735905668453125e+13 -6.773113301962940625e+13 1.869781938271786328e+13 7.242847462479773438e+13 3.073677056517716309e+12 -7.442308495968807812e+13 7.566324274757534375e+13 -1.176278932985745781e+14 2.698600526145195312e+13 1.392301418123183594e+14 -1.126626181762959375e+14 1.549834482236548750e+14 -2.183152337067205312e+14 7.773417719637843750e+13 5.019917511038994531e+13 3.695511709238468750e+13 -6.056833013379415625e+13 1.411230165774859047e+10 1.086657787954561328e+13 6.249064120090416016e+12 -2.345731261335085547e+13 -3.348496396627873828e+13 2.299683048928619080e+11 3.160507550587680469e+13 1.381221692934761523e+13 -2.119887554468351172e+13 -1.094396763851419189e+12 -8.653179061716123047e+12 -7.857490256523142578e+12 3.844204788867103906e+13 3.618835484093707275e+11 1.535709858446608008e+13 -5.229349308775764844e+13 1.704183673733782422e+13 8.075555610796832031e+12 2.184813981281426953e+13 -2.213377506205469531e+13 4.697050554840914307e+11 1.073130594954596484e+13 8.007760192323893555e+12 -1.933754190123449219e+13 -2.738872309966529688e+13 -8.525990335845258789e+11 2.463937236204398438e+13 1.241727098608009766e+13 -2.053397925211652344e+13 -3.667739237193512207e+12 6.101399675283604492e+12 -4.021350127897136230e+12 2.150487301293676172e+13 -4.742897483911250000e+12 4.803516275556328125e+12 -2.578622884915666406e+13 8.445652162039660156e+12 4.580276178824770508e+12 1.605422709442778906e+13 -1.482427271968467969e+13 -3.279984103483677500e+15 -6.987767337577097000e+15 -1.330576273943991750e+15 7.448275494722049000e+15 -1.220258695108235000e+16 1.419034103062326800e+16 8.326349855170296250e+14 -1.717025264473054600e+16 1.043250063249369400e+16 -5.119365389207007000e+15 -1.089715733674720600e+16 -1.386517541760887000e+15 4.383035415616628800e+16 -6.331208980436726400e+16 -2.110140750068137600e+16 7.426539097389096000e+16 3.409660123468848000e+16 -3.409980296165482240e+17 4.157131836867777920e+17 -1.370111956772384480e+17 -3.601960227878467188e+13 -1.425522411273501562e+14 -1.678598622014347500e+14 -1.872042972280920938e+14 -2.264676782766559375e+14 1.071589189108732617e+13 2.656219941184797188e+14 1.234460325272932031e+14 1.249099459346178906e+14 1.106735667751191211e+13 9.740077603478346875e+13 -1.621194223249681562e+14 4.586231686997351562e+13 1.388766868518795156e+14 -2.991649610023185547e+13 1.719510181840140938e+14 -7.883514778946060938e+13 -1.270268978919801719e+14 1.571792610418473438e+14 6.713942046740777344e+13 -1.504925403723952539e+13 -5.030109100963421875e+13 -5.065753183826143750e+13 -6.314352673617692188e+13 -7.641275434048151562e+13 -1.503620857167243164e+13 7.643963412728221875e+13 3.404988376410138281e+13 5.865564422648189844e+13 4.728862598949800781e+12 1.226552936599103320e+13 -3.931991241202103906e+13 2.127226862458892188e+13 3.682835488339076562e+13 1.480574707554029492e+13 6.425952563806890625e+13 -4.538111983438550781e+13 -4.237006958104778125e+13 3.942260484984598438e+13 2.943894055547069922e+13 -1.055837935151792773e+13 -3.099486058255084766e+13 -2.811652589183344922e+13 -3.759297796767699219e+13 -4.383325145902515625e+13 -1.954414373901865234e+13 2.899364233493710547e+13 2.652414989798968359e+13 4.197020645122200781e+13 -1.528488572712101758e+13 9.389196990193150391e+12 -1.970230326748149609e+13 1.714370483752894922e+13 2.787631908284074219e+13 -1.357328400902695557e+12 3.832098339666312500e+13 -2.965186077728535547e+13 -2.526773584191680078e+13 1.778534512567456250e+13 2.424435375765051562e+13
6.163847423432738281e+13 4.635348186646071250e+14 1.508266921711057250e+15 -1.493380672992929250e+15 -2.414039279180262000e+15 -1.350346918155379000e+15 -8.787659243019544000e+15 9.098519733933630000e+15 1.693531958517567400e+16 -2.820594839076132400e+16 -3.428717716131909500e+15 6.253280221009306000e+15 4.007968130981259200e+16 -3.437327720428064400e+16 9.900296183253686000e+15 9.773856075833926000e+15 1.254568294921817200e+16 -2.718516804398590720e+17 3.881771254831308160e+17 -1.446445065224105280e+17 2.644711632380955566e+12 2.138120600817863770e+12 -5.083605308172583008e+11 -3.595109794648442383e+12 -6.018487895661875977e+12 2.285230426689906250e+12 1.346511623118495312e+13 1.497769468133166211e+13 -7.661203993341720703e+12 -8.681431738657524414e+12 -4.541360374078814062e+13 2.272981918880721094e+13 3.042457658991148438e+13 -2.179470320165258984e+13 3.334610439643455859e+13 -7.138117087421596875e+13 1.992847862207246094e+13 2.334691088818329297e+13 1.297060987074117383e+13 -1.445773273225636914e+13 1.440572435966104248e+12 1.775798974010926514e+12 3.286417720421623535e+11 -1.903308532657818604e+12 -4.791726266410816406e+12 -5.999516592805881348e+11 5.090990104645277344e+12 9.074530142150947266e+12 -2.456438307682427734e+12 -8.242898368450244141e+12 -1.506032460015952930e+13 9.790381876625693359e+12 9.635392537673787109e+12 -4.282981997436869629e+12 1.414350955235878320e+13 -2.849338670359234766e+13 2.845706448581988281e+12 8.464709396128901367e+12 1.035848588779420117e+13 -7.873411299515750000e+12 8.917562356681523438e+11 1.441389154155561035e+12 3.118738677684870605e+11 -2.473057979916323242e+12 -4.597520822515932617e+12 -6.198829724445880127e+11 5.147400332367389648e+12 6.579566308656914062e+12 -4.467373260731693359e+12 -4.606468472727581055e+12 -4.913476128464532227e+12 5.468054508092694336e+12 6.915188376659713867e+12 -7.047974308838417969e+12 1.075310048910324805e+13 -1.860453910795017188e+13 2.978039601871251953e+12 3.780732030915178223e+12 8.132385922036160156e+12 -5.750916942234632812e+12 1.960299443681345500e+15 2.950269913269156000e+15 3.855610873752862500e+15 3.618262664485256500e+15 4.844904830186612000e+15 -1.221294198417709600e+16 -7.260044905431449000e+15 -1.398398604256008000e+15 3.253420757065336250e+14 1.256408857419368200e+16 -9.652803858325666000e+15 -1.953310513222100400e+16 2.016511391149963200e+16 3.941378138395832800e+16 -1.962310256507635600e+16 -8.651031894539710000e+15 5.533646444593424000e+16 3.012100054812662000e+16 -3.118892074692381440e+17 2.849438171417805440e+17 -9.043799609822982422e+12 -1.041050689821616016e+13 1.987951274352003516e+13 2.529815564495957812e+13 -2.416348985039837891e+13 -2.017302230347051562e+13 6.421779541906580078e+12 -5.890656842116485352e+12 3.744834772229905469e+13 -1.736039040061772266e+13 2.279260508512490625e+13 -8.855551057042595312e+13 1.489812356507350977e+13 1.093137664607580469e+13 3.452663071527680664e+12 4.691715213283708594e+13 -7.057929440309367188e+13 -4.209979168762373535e+12 2.059422793610548828e+13 3.132320139321028125e+13 -4.948819702869830078e+12 -6.565377521527069336e+12 1.061697899137590234e+13 1.273883908860759570e+13 -1.051927048449461914e+13 -1.090627635669678906e+13 3.139131100687826172e+12 -9.346631582710310547e+12 1.729515156225682227e+13 -8.849192854967994385e+11 4.079794347235730469e+12 -3.126780526179413672e+13 4.571498465579041992e+12 5.275531172861425781e+12 4.015829818542843750e+12 2.233123075065638281e+13 -2.562202124004157031e+13 -7.265772480349162109e+12 3.531718077003637207e+12 1.742870851597939062e+13 -3.747841592151420898e+12 -5.289572615414903320e+12 7.400600075319897461e+12 8.628744859481056641e+12 -6.534360220671578125e+12 -8.921732675617962891e+12 4.557780713907151489e+11 -3.722849135634138184e+12 1.368937996934895117e+13 -2.220584742425983887e+12 1.215558347124879883e+12 -1.381355533868124805e+13 3.861384822544417969e+12 6.677833593445135742e+12 -1.449807022347013428e+12 1.319406265093532031e+13 -1.595019604156482422e+13 -3.556354512986644531e+12 6.972136751124003906e+11 1.217289921451080469e+13
-2.865027530754403125e+14 -8.674090096587117500e+14 -1.391218446560578000e+15 4.031851378963398125e+14 -1.798158837359687891e+13 3.306126863667135000e+15 4.981393636453758000e+15 -9.596398657158588000e+15 -3.266003772661526172e+13 7.316164511115589000e+15 8.666877666240613000e+15 -9.273391698643124000e+15 -9.419975391168292000e+15 1.612086760423920800e+16 -7.783848994708681000e+15 3.638950483115517500e+15 1.876617251721616000e+16 4.304729125219918400e+16 -1.446445065221774080e+17 8.252072604552409600e+16 1.910220084600250488e+12 -1.243272417732035547e+13 -4.456785437781883789e+12 3.600485977820003125e+13 5.352765676836220312e+13 -1.457228969686894727e+13 -5.493514222567164062e+13 2.392350212187686523e+12 5.847262862150088281e+13 -6.484741464555600781e+13 8.149742808505934375e+13 -1.466033895371432422e+13 -1.041137403287554062e+14 8.517309994588942188e+13 -1.160645584392118438e+14 1.554893737638098125e+14 -5.716353877682834375e+13 -3.347961395201586719e+13 -2.602928467507019141e+13 4.489109365222195312e+13 4.607834787773699951e+11 -8.322155981158221680e+12 -5.012924557676048828e+12 1.859759615994878906e+13 2.586749428544401562e+13 -3.851607525034873047e+11 -2.422892523567722656e+13 -8.342732235144760742e+12 1.656558773973375977e+13 -1.805967978413256348e+12 2.152582228623538818e+12 9.648833027616523438e+12 -2.834130201496712109e+13 -1.700882863939129395e+12 -7.946596764172556641e+12 3.350829329613065625e+13 -1.303154927492898828e+13 -3.841884039984917480e+12 -1.450663129256348633e+13 1.555551802249864844e+13 -9.249458366290782166e+10 -8.320959017175666016e+12 -6.459553969419977539e+12 1.503491106131221484e+13 2.093571975928465234e+13 4.953958225237850342e+11 -1.850251182283963281e+13 -8.017750557411183594e+12 1.536139595555179102e+13 1.495058554689274902e+12 -6.610756231349638672e+12 5.088134821774449219e+12 -1.535436552899096289e+13 1.575531332013782471e+12 -4.103345851956544800e+11 1.502983699464524023e+13 -5.944168970646318359e+12 -2.513566225371995117e+12 -1.048882672179623633e+13 1.026182060662505078e+13 -7.611024751072067188e+13 -2.149720671163842188e+14 -2.278951758188523000e+15 -3.680039227502148500e+15 5.864798028650727500e+14 3.484144458272717500e+15 5.579694773840569000e+15 5.440330705212964000e+15 -2.530003791641255500e+15 -7.946611237162098000e+15 5.535050866269932000e+15 1.655124885025171400e+16 -1.700467447005377800e+16 -7.621035426401859000e+15 9.472677525398684000e+15 -2.367615638538683000e+15 -2.216639189034858000e+16 2.981966039114170400e+16 5.554279535022164800e+16 -1.128089535773054720e+17 2.655025087737587500e+13 1.133983676318598594e+14 1.440679992855425312e+14 1.616961591740163125e+14 1.776519059872739375e+14 -1.539545210964897266e+13 -2.155535110515219375e+14 -1.030871045946716875e+14 -9.007629706314256250e+13 -1.476122605256839062e+13 -7.233985099900125000e+13 1.038094573689369531e+14 -3.269611849219303125e+13 -1.102157112015473281e+14 2.564661526633455078e+13 -1.255185307750267969e+14 4.145786862461980469e+13 1.027094893170370938e+14 -1.220450847520917812e+14 -4.474565629874631250e+13 1.070917628756009766e+13 3.906560558657507031e+13 4.499158775142471875e+13 5.591874452030385156e+13 5.916589801763989844e+13 8.745102349330254883e+12 -6.160779153914134375e+13 -3.096621414207692188e+13 -4.239341396528454688e+13 -4.165144286919717285e+12 -8.713049421860259766e+12 2.196763054905230859e+13 -1.593223327094861523e+13 -2.844854031368623438e+13 -1.081555803523887695e+13 -4.533414383356917969e+13 2.878556192985179297e+13 3.233702257932801172e+13 -3.114612995833607422e+13 -1.840852813082947266e+13 7.422997497413313477e+12 2.366378561607725781e+13 2.546615255480436328e+13 3.363415543544454688e+13 3.377582193850009766e+13 1.308975964012229297e+13 -2.360886803958185938e+13 -2.295541507822272266e+13 -2.990313888870891016e+13 1.179681162770249805e+13 -7.295235678535056641e+12 1.161538708749447656e+13 -1.278199582187565430e+13 -2.065315904477184375e+13 6.368650377330388184e+11 -2.707525195546360156e+13 1.906778789838761328e+13 1.953910178540813281e+13 -1.434527209345771680e+13 -1.587523907053811133e+13
6.856033585504154053e+11 -1.810656747067238281e+12 -2.069307211357763672e+12 1.594404906552520508e+12 4.278877020017697754e+12 -7.636456066564379883e+11 -1.202776720455063232e+12 1.061794624928633203e+13 3.459758487745020020e+12 -1.267726824830030078e+13 7.341376575615834961e+12 -3.458814274765993652e+12 -5.893015107027541016e+12 9.837639417260314453e+12 -1.337094865751408398e+13 7.752655180024787903e+10 2.853357047864187988e+12 -1.272892316804301025e+12 2.644711798856632812e+12 1.910220027141539551e+12 2.196657485751908438e+14 1.463765070341404688e+14 8.939491872927482812e+13 1.519575492691613125e+14 -5.839180138961371250e+14 -3.032631744856994375e+14 5.903025741333363750e+14 -6.830137253800615000e+14 8.094575722801861250e+14 -5.006463425607389375e+14 3.779527396630119141e+12 -8.293517924746834375e+13 1.467767798689097188e+14 -6.130724274751546875e+13 6.553274280596759375e+13 8.562951847954451562e+13 -1.895753467273383125e+14 1.756296651351723750e+14 -9.059141601657384375e+13 2.956056628857073730e+12 2.035950303441567688e+11 -1.324217861589788818e+11 -1.742722845977865295e+11 5.592948208226900635e+11 5.044394530100147095e+11 -9.312512733063290405e+10 -3.956082979304672241e+11 7.975348188840444336e+11 4.011192929629763794e+11 -1.129141865972494141e+12 -1.827886983445252197e+12 1.664728587484877686e+12 6.613140878596147537e+09 -6.195819814844798584e+11 1.461090846456343018e+12 -2.188838133442494385e+12 -1.990666909098368530e+11 9.138632166405789795e+11 6.954619305757512207e+11 -3.332939624963378296e+11 1.097412540921651459e+11 -1.750191054287599792e+11 -2.387975554670768433e+11 3.329887565175212402e+11 3.165216184945602417e+11 -5.769247998149199677e+10 -1.414589188443242493e+11 4.933540028368858643e+11 9.272338749351391602e+10 -5.230100913191611938e+11 -9.117336427626605225e+11 9.167974948639764404e+11 2.197618656707866516e+11 -8.309177041748299561e+11 1.353700941264764648e+12 -1.724559060121973633e+12 1.234583582916218567e+11 3.737765121995402222e+11 5.848266758989161377e+11 -2.908957153427081909e+11 1.085766367606255005e+12 1.338253564701251758e+13 2.781676723154045703e+13 3.266805408999931641e+13 1.865013281763066797e+13 -1.072013770643997852e+13 -2.936867803460602344e+13 -1.458305615712112305e+13 1.007235519052153711e+13 -1.734427043892281250e+13 5.824262973219489258e+12 -1.055489135740451172e+13 2.590269978982341797e+12 -2.296445831536737109e+13 1.532789161007241797e+13 -3.094738784203176758e+12 -2.874719864145812109e+13 1.775441219611968359e+13 -7.189599987905322266e+12 3.932553449073114258e+12 -4.333023443525308594e+13 -4.589694341923303906e+13 2.409182912241829062e+14 3.652458728013106875e+14 -2.540024748402211562e+14 -1.492576847922219375e+14 -3.061436733681897500e+14 -6.687695192887336250e+14 -2.561803596636589062e+14 2.438480105911359375e+14 1.768905224660063438e+14 -4.870818616633507500e+14 3.233348042730957031e+12 -1.883600663258960312e+14 2.693984858360247656e+13 2.354449365192951875e+14 -5.459702401223567969e+13 -1.526887122923120938e+14 1.994390071378433438e+14 -3.878201192220836719e+13 -1.693077146106473389e+11 8.474138782378497314e+11 3.294328012632528809e+12 4.036180183531352051e+12 1.209992086609085205e+12 -1.013794066766538452e+12 -2.256526665048628906e+12 -2.527460727129259766e+12 3.774945841117629395e+11 -2.924831886889328613e+11 1.445604472060287476e+11 -3.040371770232942871e+12 -1.040617235160867462e+11 -5.540466168061036377e+11 4.573093132712848663e+10 8.929500111073248291e+11 -2.026309352456631836e+12 4.679145737828558350e+11 -8.927792430115173340e+11 1.428891174545160400e+12 -1.578595219331706238e+11 3.459102241393563232e+11 2.042079993794393066e+12 2.550961926043786621e+12 6.232443961047016602e+11 -5.733290203203343506e+11 -9.600198885088659668e+11 -1.464760729955381592e+12 4.562827219633109131e+11 2.255422801311822510e+11 -1.595850220854533691e+11 -1.260791057237411621e+12 -5.877012350165753174e+10 -3.902313019831266785e+10 -1.574358585689722290e+11 5.150673831129696045e+11 -1.211898145930165039e+12 3.890767043638569946e+11 -5.297300230072720947e+11 8.678411260032937012e+11
-4.994367655976272583e+11 4.036133034886727539e+12 3.288494983507091797e+12 -6.979939471405215820e+12 -1.210362401961001367e+13 3.025762797245132812e+12 1.090704768219653320e+13 -8.248294182460555664e+12 -1.054418328006622656e+13 2.609291154691741016e+13 -3.889046962706613281e+13 1.354907151113566211e+13 3.018972958651304297e+13 -4.542484699999705469e+13 5.199929630868956250e+13 -4.269791560641014844e+13 1.051139577058462695e+13 1.602792040981533398e+13 2.138120959385522949e+12 -1.243272427878410352e+13 1.463765070364111875e+14 1.135767802023294500e+15 1.445335138212678250e+15 -3.257797717234641250e+14 -1.480787323321981000e+15 -6.706230499588853750e+14 2.254361349938490312e+14 -3.148156054130179375e+14 -3.535408384412234375e+13 6.769132982887042969e+13 -2.540009069681743125e+14 2.294975558165879062e+14 -4.505635929989745625e+14 4.541099755483758125e+14 -1.304094945300758906e+14 -3.114091929013137207e+12 -1.909806313727479062e+14 1.112631619214372969e+14 9.960870953978384375e+13 -4.440847739018857031e+13 -9.391923673787797546e+10 6.448699812722657471e+11 4.164749503911610107e+11 -1.519215560431471924e+12 -2.031965599389063721e+12 5.564979096762083435e+10 1.880448709525070068e+12 3.705307530543092041e+11 -1.324431919737567871e+12 4.663343295083441162e+11 3.855322852574579468e+11 -1.195910859500407227e+12 2.060397320442190430e+12 3.075461552817473145e+11 1.448867219281597290e+11 -1.789118977560332031e+12 1.007334024193700195e+12 8.506246043090966225e+09 8.493460637218083496e+11 -1.033095356227280518e+12 -2.581982646456480026e+10 6.574178148860710449e+11 5.408833365506948242e+11 -1.192838763259775146e+12 -1.617348422478985352e+12 -1.893718778352184296e+10 1.388361445325468994e+12 4.371067493955377197e+11 -1.145331278315859619e+12 4.633737024207654572e+10 7.514869548398319092e+11 -6.421896369339432373e+11 1.052132601783365234e+12 1.318105721310350647e+11 -3.716639170539178467e+11 -5.821768840421711426e+11 3.959300425918361816e+11 7.204242413394703674e+10 5.897914654526745605e+11 -6.604558898478569336e+11 -6.053775327760911133e+12 -3.115386464379483984e+13 -4.598761668986232031e+13 -5.220932382752341406e+13 -4.923057031300364062e+13 8.848573460403300781e+12 6.020746491111392969e+13 2.902533792177264062e+13 1.151630304553182617e+13 2.025121315639756641e+13 9.714349322328648438e+12 -2.509058108642206250e+13 2.862964025184457520e+12 4.711833284946642188e+13 -4.320043288658312500e+13 3.136348703806689453e+13 1.490480672197788086e+13 -3.440325185366050391e+13 2.948079564441758984e+13 1.082877231867174023e+13 -3.986359991947515625e+13 2.392602400130792188e+13 5.891732463978176250e+14 9.775103315923446250e+14 3.063432356346760625e+14 -7.451075620025013750e+14 -2.103491826535949750e+15 -1.140473534114135250e+15 -1.652120418315539500e+15 -9.505957628604132500e+14 -7.867132503571148750e+14 -6.056886986044272500e+14 5.385208329037507031e+13 -7.662405521457513750e+14 4.319800888237430000e+14 1.702647119164861250e+14 -7.188145026794936250e+14 2.706874627176205312e+14 -2.609372430445361250e+14 -7.864157411676901562e+13 -7.290737945295064697e+11 -3.094104658682128418e+12 -4.251113611429819336e+12 -5.266310169540962891e+12 -4.664321001000949219e+12 -3.356663510751755371e+11 5.152428700560958984e+12 3.003044624606866211e+12 2.972942177077654297e+12 3.898459828407810669e+11 5.911586718845784912e+11 -6.967451849658468018e+11 1.190232972865426270e+12 2.234499012972314941e+12 7.734694282812830811e+11 3.034045733300594727e+12 -1.493660092814356689e+12 -2.491910647696785156e+12 2.531270845027715332e+12 9.157382360314097900e+11 -4.933386182562369995e+11 -1.824582971657664062e+12 -2.458842480494531738e+12 -3.204157402401216797e+12 -2.642682792591429688e+12 -7.824683264405426025e+11 2.002738470775127686e+12 2.104899815168009521e+12 2.040672928272413330e+12 -9.253367457729663086e+11 5.781991359407794189e+11 -4.712706531364716187e+11 9.475606374994493408e+11 1.514477399653245605e+12 3.534218553497132063e+08 1.817454911393495361e+12 -1.028074349193701172e+12 -1.537238967429367676e+12 1.201010354252477295e+12 8.978081309809776611e+11
-4.400960216814266968e+11 1.957299057445754150e+12 1.849444755100108154e+12 -2.725919726182061523e+12 -5.376093216310496094e+12 1.212747752444768799e+12 3.707054989184877441e+12 -6.966023863451719727e+12 -4.568598799719934570e+12 1.307022700131789258e+13 -1.452687241752511328e+13 5.447407055160354492e+12 1.136007660487037305e+13 -1.750911175512657031e+13 2.094772436155359375e+13 -1.252642001175370117e+13 1.852154650242476318e+12 5.235455082115659180e+12 -5.083598686689608154e+11 -4.456785656093224609e+12 8.939491872980515625e+13 1.445335138211161250e+15 2.542462746892490000e+15 -1.232619824392016875e+14 -1.800126121708577250e+15 -1.575030382544587750e+15 1.296132586486593594e+14 -4.997270214786618125e+14 2.585597835949506562e+14 -3.226703406447498750e+14 -1.709266714567477188e+14 5.744778860268538750e+14 -9.456775840945633750e+14 6.926640887864070000e+14 -7.167043985570364062e+13 -1.402049288881683594e+14 -2.207170080561736875e+14 -1.349311625363379150e+12 3.288915683131850625e+14 -1.536360795977909375e+14 -1.147749086256441956e+11 2.454634299305645447e+11 1.965803219878956299e+11 -6.843209954882385254e+11 -8.108288160735728760e+11 5.621189533185914612e+10 7.198328026697729492e+11 -2.335413915049630127e+11 -5.595073462212576904e+11 6.205844866030362549e+11 8.965411650241090088e+11 -1.063696830909547729e+12 6.000258560558233643e+11 3.556421960527033691e+11 -5.840733246890541992e+11 4.150131900134592285e+11 3.800936652130337524e+11 -3.893448589638476562e+11 -4.967651255609555054e+10 -1.593728980839438782e+11 -5.460808366201115417e+10 2.673992358047712708e+11 2.606479828847421570e+11 -4.917925599159234009e+11 -6.089413276726535645e+11 1.919547548410181046e+10 4.668799234908577271e+11 -8.363803438991539001e+10 -3.748745974947491455e+11 2.378068082860677185e+11 6.108020348248504639e+11 -5.809930651497178955e+11 2.136216703832257080e+11 3.948364903586259766e+11 -6.891679959680986328e+11 5.690908285815053711e+11 6.291220037755828857e+10 -1.391834549380004883e+11 -7.818419508223536682e+10 -6.851953635360596466e+10 -2.236841773975173828e+12 -1.485343110779775000e+13 -2.538261757719429688e+13 -2.928312346429348047e+13 -2.240114476526571094e+13 7.185477466428009766e+12 3.020867480542873047e+13 1.474537862208123633e+13 -9.490751654850385742e+11 1.336203064926973047e+13 3.451173342513748169e+11 -2.815786348139553223e+12 -2.729318349488058472e+11 2.363295224831782422e+13 -1.921229517069581250e+13 1.050370657422928711e+13 1.668689313187428320e+13 -1.767869664797512891e+13 1.170857759597744922e+13 1.482294494737326660e+12 8.546239391748296875e+13 3.943153716073251875e+14 7.229341393809375000e+14 1.253404910909018750e+15 1.337414607416979750e+15 -9.993212764058590000e+14 -3.676090303450656000e+15 -2.031845808754360500e+15 -2.580026914216965000e+15 -1.443624317889234000e+15 -1.622225474938139000e+15 -7.298835790032407500e+14 2.729526557712163750e+14 -1.571624358118182750e+15 6.191618889154681250e+14 -3.372157147533359766e+13 -6.790914649421242500e+14 4.825437946040614844e+13 -5.035315338699681250e+14 -8.216968259286361328e+12 -1.407296164720723877e+11 -1.268660721125443848e+12 -2.656349371824603027e+12 -3.271471534226009766e+12 -1.883558841582140381e+12 3.364664039072123413e+11 2.475095241760806152e+12 1.962364717659952148e+12 7.080093159612836914e+11 2.394740057749772949e+11 1.109872910955312653e+11 1.099745147491217529e+12 3.928735719901773071e+11 8.913588877915487061e+11 2.067052373167301636e+11 5.048786364278212891e+11 4.317759956885783081e+11 -9.297454263399638672e+11 1.123429664103096436e+12 -3.447202154761269531e+11 -7.666336331515313721e+10 -6.821776486390089111e+11 -1.595018880815971436e+12 -2.031285382851211426e+12 -1.040460675621861694e+12 1.687801920563242912e+10 9.976141167666098633e+11 1.243922128051079834e+12 4.014516142744698486e+11 -3.674533816989799805e+11 2.376021567330725098e+11 4.026937036120263062e+11 3.024498153134796753e+11 4.598595919451111450e+11 6.760644897589745331e+10 3.109340412378657837e+11 2.188119947548923340e+11 -6.166107706194163818e+11 5.785395136454250488e+11 -1.094071982135850983e+11
1.978145967419210449e+12 -1.272835566081109961e+13 -1.088945037190588477e+13 2.066962754632750391e+13 3.716475815606705469e+13 -9.023466685350367188e+12 -3.117338610442289062e+13 3.205376905892993359e+13 3.214250505027612891e+13 -8.313532798019840625e+13 1.138189705878093594e+14 -4.044052169229886719e+13 -8.852441707551992188e+13 1.340457354124491875e+14 -1.552889414248690000e+14 1.179899968840697969e+14 -2.653802849085144922e+13 -4.537735842936057031e+13 -3.595110247810073730e+12 3.600485987834100000e+13 1.519575492437148750e+14 -3.257797717288243750e+14 -1.232619824436004375e+14 3.452161742911599000e+15 2.735909694604910500e+15 -1.164047777757291250e+15 -5.264941937259524000e+15 8.074302651722078750e+14 -5.772125218268872500e+14 1.759154174690097812e+14 3.429965639402056250e+14 -9.932841972669234375e+13 -9.087760701435475000e+14 1.271705919073947500e+15 -5.191583612212748750e+14 3.832197634455858125e+14 -4.119744600615960000e+14 6.159240120746315000e+14 -6.898005463754507500e+14 1.017500930130410156e+14 4.372057296546807251e+11 -1.896647823977942139e+12 -1.302423409320870117e+12 4.684232468328385742e+12 6.052424637142290039e+12 -2.350282645700935974e+11 -5.538913520039854492e+12 -3.267534394221661987e+11 4.008131374855894043e+12 -2.274113110214563477e+12 -2.661245622775938477e+12 4.756829112221847656e+12 -5.684588924762207031e+12 -1.390522973178142334e+12 8.759819999024583740e+11 3.029407290580674805e+12 -2.955901843080763184e+12 7.746821385810655518e+11 -1.738286137223366943e+12 2.562081635071866699e+12 1.671575307769256287e+11 -1.968506806169004639e+12 -1.702368593190529297e+12 3.585194044438658203e+12 4.743214002085136719e+12 1.911183324549725056e+09 -3.957901306833759277e+12 -7.762942293834584961e+11 3.244139888634942871e+12 -5.847757886797572021e+11 -2.871755361870097168e+12 2.574323967259659180e+12 -2.713818370061239258e+12 -1.089761385629135986e+12 2.208786774280602051e+12 1.016024120616713257e+11 -9.856425291218713379e+11 1.274937269136266479e+11 -1.118083010997710205e+12 1.569964069483253906e+12 1.766751715169962500e+13 9.772855074858564062e+13 1.513030855109450312e+14 1.727232262135025625e+14 1.522532083181530625e+14 -3.380086645825853906e+13 -1.919306402967489688e+14 -9.289857089294459375e+13 -2.300823533979398828e+13 -7.107802313180959375e+13 -2.174195371493687891e+13 6.007596781434031250e+13 -5.644518672569706055e+12 -1.501878319574000938e+14 1.326976171649600938e+14 -8.932204259933975000e+13 -6.627182195795375000e+13 1.105210754883423906e+14 -8.769894765164670312e+13 -2.647197485411933203e+13 1.097832125008408281e+14 6.937207675017500000e+14 1.340046642512362344e+14 -2.409213035050327188e+14 9.297819697771471250e+14 2.472154541683599000e+15 1.374368335641272250e+15 -5.000049911459581000e+15 -3.859423713110941000e+15 -2.021929462296743250e+15 -7.883170793608348750e+14 -1.225976469433461750e+15 -5.846069719050371250e+14 -1.527687936702698250e+15 6.865985324936891250e+14 -3.097308610722474375e+14 1.711598558234553438e+14 -6.310535867219811250e+14 9.929763012441347500e+14 -6.347906936251241250e+14 1.865667480430556396e+12 9.285376440796871094e+12 1.461793405664200195e+13 1.806962344479132422e+13 1.393864833871736914e+13 4.158154177758935547e+10 -1.620074549312075586e+13 -1.050125215009124609e+13 -7.880908964244776367e+12 -1.332126896942726807e+12 -1.506389149090809814e+12 -7.312253023554858398e+11 -3.378051335129336914e+12 -6.655104317114982422e+12 -2.096211273309159424e+12 -7.599460500305218750e+12 2.355368383360825195e+12 7.290791379628795898e+12 -7.770575433824158203e+12 -1.281064413587408203e+12 1.224617529326657471e+12 5.341218892390563477e+12 8.574351576288641602e+12 1.107720926268823438e+13 7.842857036441895508e+12 1.660256355794495361e+12 -6.369613412771474609e+12 -7.092605036135250977e+12 -5.237370778120769531e+12 2.752567930175730469e+12 -1.736243387621466553e+12 2.003637959989059753e+11 -2.668285272467836914e+12 -4.216738067138243164e+12 -1.384818863826052551e+11 -4.569548285731702148e+12 1.780835318277070801e+12 4.585339568329373047e+12 -3.779597433389827148e+12 -1.721570685871224854e+12
2.802901551381363281e+12 -1.865320806408903906e+13 -1.583470899751324023e+13 3.061081795956632031e+13 5.470387148194017188e+13 -1.334729985585015039e+13 -4.645199548227082031e+13 4.553485066828838281e+13 4.736871525915774219e+13 -1.216313466183911094e+14 1.689026907051574062e+14 -5.981002514334663281e+13 -1.313230911764987031e+14 1.986352466009226250e+14 -2.296453304790202812e+14 1.768821709167366250e+14 -4.046602910204826562e+13 -6.773113177343738281e+13 -6.018489335874186523e+12 5.352765723694499219e+13 -5.839180139227262500e+14 -1.480787323313686750e+15 -1.800126121700016000e+15 2.735909694519834500e+15 8.151184908933664000e+15 2.181701717618677500e+14 -7.392926618117912000e+15 1.388068956986946250e+15 -3.408409013745242500e+15 2.327143573664340000e+15 5.842507326604037500e+14 -1.400976159495383000e+15 2.082248743086766562e+14 8.440087778407363750e+14 -5.884692551108436250e+14 3.009079437692086875e+14 -1.046253249462966094e+14 6.025035427677743750e+14 -6.581186798265880000e+14 6.509058985240337500e+13 6.071207561440668945e+11 -2.812150845680414551e+12 -1.911295362732488037e+12 6.890106819896751953e+12 8.954450137083634766e+12 -3.302475443902194824e+11 -8.210409576162530273e+12 -6.793938410364116211e+11 5.914021494886024414e+12 -3.141253056170809570e+12 -3.555651581884728027e+12 6.736294683681706055e+12 -8.524388299340463867e+12 -1.937574659131206543e+12 9.661847689775185547e+11 5.062021663379918945e+12 -4.384439228975025879e+12 9.443311077452503662e+11 -2.771430548315583008e+12 3.920481788023787109e+12 2.245417135552635193e+11 -2.909766826680034668e+12 -2.495595928219966309e+12 5.296106767558396484e+12 7.036221064374942383e+12 1.657361768587871361e+10 -5.900409267525277344e+12 -1.281109510084234619e+12 4.841858134976178711e+12 -7.524755655773085938e+11 -4.088947865952400879e+12 3.641809827327168457e+12 -4.121002498504711914e+12 -1.436432773563378906e+12 2.989954536150682617e+12 5.620939560850981445e+11 -1.507092958054890381e+12 1.023383293773887939e+11 -1.815282000845635254e+12 2.422941112306910156e+12 2.623065440001176953e+13 1.433431665176862500e+14 2.202370071456393438e+14 2.511992084296842188e+14 2.238395443353200625e+14 -4.812996857077807031e+13 -2.807805360585476875e+14 -1.358164017980795312e+14 -3.688913547769216406e+13 -1.024451110272827656e+14 -3.398124544599741406e+13 9.257886409440664062e+13 -9.078201916462652344e+12 -2.197178527632401875e+14 1.953095258098433438e+14 -1.331838442412463281e+14 -9.252986399503914062e+13 1.614840248442729375e+14 -1.297774045190217500e+14 -4.062341833952071875e+13 1.266105231707011406e+14 -9.067510494826238281e+12 -8.302124646474932500e+14 -8.943619763235395000e+14 -7.370592985605203750e+14 4.863919915426057000e+15 6.542568050602529000e+15 -2.967202869539728500e+15 -3.871997949575109500e+15 -2.574276061417460500e+15 -2.603117681486019500e+15 8.604390251603322500e+14 -1.734650948149868250e+15 -1.926945328309246875e+14 4.181100645420590625e+14 -1.001964457279429375e+15 9.010337113815485000e+14 -9.646720276985047500e+14 9.108395490080382500e+14 -1.802849588645769062e+14 2.837394887891195801e+12 1.372007317792013672e+13 2.113369736260173828e+13 2.613249491945546484e+13 2.061050212613919141e+13 3.032244012892901001e+11 -2.375336889546930859e+13 -1.514383034182768164e+13 -1.190542004061312695e+13 -1.927742306132130127e+12 -2.292854041767687500e+12 -3.739098446214240723e+11 -5.039934674670386719e+12 -9.846251554772574219e+12 -3.153683741027875488e+12 -1.160592341148944336e+13 4.012827854114587402e+12 1.081979304964360547e+13 -1.143817620618582227e+13 -2.260191059268208984e+12 1.873558370646822021e+12 7.925817623930976562e+12 1.237018647073273633e+13 1.600177000088266211e+13 1.161058938912909766e+13 2.625422319797959961e+12 -9.321758311570042969e+12 -1.028579999089034766e+13 -7.960724451719036133e+12 4.073293208245650391e+12 -2.565204001109964355e+12 5.999707245580296631e+11 -3.986554840387263184e+12 -6.312818409817219727e+12 -1.702161382406460571e+11 -6.973436114888475586e+12 2.957931509890434570e+12 6.782282979501433594e+12 -5.540826317285163086e+12 -2.787327319514578125e+12
-6.306106549231582031e+11 4.819146130987774414e+12 3.970590044646237793e+12 -8.219898516686210938e+12 -1.436624723831542969e+13 3.568661510985932129e+12 1.274892138484879492e+13 -1.036229641930307617e+13 -1.249539424460691211e+13 3.122713542619900781e+13 -4.568465610570212500e+13 1.598303165824645508e+13 3.547831125620783594e+13 -5.345438615271105469e+13 6.134765334851123438e+13 -4.956433742251614062e+13 1.198841887651261719e+13 1.869782025419411328e+13 2.285229627277422363e+12 -1.457228944845899414e+13 -3.032631744720150625e+14 -6.706230499233015000e+14 -1.575030382491245750e+15 -1.164047777804244500e+15 2.181701715951760000e+14 8.084789812314918000e+15 2.975299909550355000e+15 -8.173018012985138000e+15 6.769795458574735000e+14 -7.332904808269753750e+14 1.443643449225300750e+15 -1.281888563666332750e+15 9.368020163272260000e+14 -1.214074559517149000e+15 1.365277775843675500e+15 -1.268347510680660250e+15 1.490531196325062250e+15 -1.453426992573789000e+15 1.043859001216145781e+14 5.593099127887885625e+14 -1.241325860689085541e+11 7.583231727468056641e+11 4.963384623707755737e+11 -1.804864789879629150e+12 -2.395928546814229492e+12 7.150832153287191772e+10 2.211982736882607422e+12 3.708288416987725830e+11 -1.567035236934325439e+12 6.251343568655617676e+11 5.832490731797473145e+11 -1.511719117375374023e+12 2.390968453825746094e+12 4.029830467321632080e+11 5.964118417159557343e+10 -1.914011863774431885e+12 1.183977494822820801e+12 -5.800615954711546326e+10 9.341612637632646484e+11 -1.174336080939240479e+12 -3.811982876673043060e+10 7.760510120791782227e+11 6.455290755237282715e+11 -1.409236587727184326e+12 -1.900732750960869873e+12 -1.769449705826276779e+10 1.621949559459095215e+12 4.706952882086343994e+11 -1.336250054006520752e+12 9.263257399698919678e+10 9.399546929508704834e+11 -8.134736423514371338e+11 1.204866080597780273e+12 2.147078323121795959e+11 -5.319320219429086304e+11 -5.476249658639087524e+11 4.503777496243473511e+11 5.585484303573717499e+10 6.411194715640125732e+11 -7.449704890503464355e+11 -7.107138510960646484e+12 -3.715365913186850000e+13 -5.544302118050860938e+13 -6.302476714321003125e+13 -5.852617727889985156e+13 1.106661600111032031e+13 7.206297338944206250e+13 3.477229923704029688e+13 1.261857866845940039e+13 2.479344952422426562e+13 1.084263335501722070e+13 -2.833812140269129688e+13 3.130577780040500000e+12 5.639500656914753125e+13 -5.128035446202464062e+13 3.663281112290207812e+13 1.943496087325471094e+13 -4.124988580388707812e+13 3.475176938069833594e+13 1.227663008308081250e+13 -1.186786203359474531e+14 -5.953599833572507500e+14 -9.753982282104251250e+14 -1.808879167175483750e+15 -4.375743919304469375e+14 -4.229475793807453750e+14 5.298233545038626000e+15 8.183954537792967000e+15 -2.408800006338151500e+15 -4.444408036664831500e+15 -1.735077786195412000e+15 4.222327240830327500e+14 -1.023324364993680625e+15 -4.087022645112283125e+14 -5.985830952446771250e+14 2.130193698838511875e+14 -1.475699632534709750e+15 2.161730549742585500e+15 -2.108668370155375500e+15 4.574197083485432812e+13 -8.336450347384499512e+11 -3.654206255600152832e+12 -5.178872492863064453e+12 -6.412292716185236328e+12 -5.503654963233048828e+12 -3.142991670436068115e+11 6.147924560224892578e+12 3.673304413717446289e+12 3.422592937304678711e+12 4.742106820761428223e+11 6.754075550780983887e+11 -5.828679286764934082e+11 1.389208974133876465e+12 2.634689385413778320e+12 8.943525656092390137e+11 3.455227662643337891e+12 -1.583151135180920166e+12 -2.927064272427523926e+12 3.004306504968984375e+12 9.567442009216199951e+11 -5.608824929830933838e+11 -2.143448760563652100e+12 -3.005607281274663086e+12 -3.908477110996915527e+12 -3.113599939999929688e+12 -8.656094022375369873e+11 2.395844885545875488e+12 2.551912360653133301e+12 2.334674695714628418e+12 -1.090772821504405029e+12 6.829594489981274414e+11 -4.533471137817380371e+11 1.104178423952424805e+12 1.760721393508783203e+12 1.210434452616268539e+10 2.071223919500364502e+12 -1.103248055296087646e+12 -1.813140541812455078e+12 1.433334383541191650e+12 9.776064151367760010e+11
-1.384061709112928467e+12 1.622530092658723047e+13 1.241706405367879688e+13 -3.013617769189970703e+13 -5.021195415173197656e+13 1.296591577663908008e+13 4.883299178095198438e+13 -2.381058737649436328e+13 -4.410451839626233594e+13 1.035808188756989531e+14 -1.699952241742578125e+14 5.800703118680884375e+13 1.317008978214923125e+14 -1.968514560479770312e+14 2.224917616006162500e+14 -1.974246815114314062e+14 5.248356730787214062e+13 7.242847387528504688e+13 1.346511807588134180e+13 -5.493514290623400781e+13 5.903025742068095000e+14 2.254361350582322188e+14 1.296132587661266875e+14 -5.264941936839757000e+15 -7.392926617965953000e+15 2.975299909212753500e+15 3.167855450221888800e+16 -2.241270458903287600e+16 -3.502169727647427500e+14 -8.933408465584197500e+14 8.633046938718250000e+14 -1.616381685514560312e+14 3.257883081090207000e+15 -4.772590466107760000e+15 2.581900993238614000e+15 -2.517873380776625500e+15 2.266472816088181500e+15 -1.267168828724112750e+15 1.837682603918297266e+13 5.070077739174500000e+14 -1.593774572213449707e+11 2.804365182693196289e+12 1.691210884730370361e+12 -6.272447804279376953e+12 -8.718661186217722656e+12 1.316093290125126190e+11 8.164772171356263672e+12 2.791840756554604980e+12 -5.585073765745723633e+12 6.315762669123146973e+11 -6.864193366367868652e+11 -3.283029064932978027e+12 9.540760743490058594e+12 5.855496540546781006e+11 2.644608098552215820e+12 -1.123455333500208203e+13 4.391142700263597168e+12 1.274230479253656738e+12 4.869010292598732422e+12 -5.229685217340272461e+12 2.884233039627298355e+10 2.804852961524862793e+12 2.179557954084656738e+12 -5.068362298715580078e+12 -7.054483338810072266e+12 -1.655653049445530396e+11 6.231700901155656250e+12 2.688803513766477539e+12 -5.173250657878738281e+12 -4.923555185359154663e+11 2.244526523550024902e+12 -1.732056866335288574e+12 5.164343922710394531e+12 -5.130138153775830688e+11 1.098234810455406494e+11 -5.023620549755024414e+12 1.998480877162550293e+12 8.383571546780958252e+11 3.518758620547866211e+12 -3.448486049224565430e+12 -2.653885912617496094e+13 -1.260408110667012500e+14 -1.751602546371680938e+14 -1.973877562267680312e+14 -2.025494561192573125e+14 2.644951228038972656e+13 2.388471778512100625e+14 1.145715837553708906e+14 6.688730324327367188e+13 7.024948617088789844e+13 5.281078186555385156e+13 -1.303367868870307344e+14 1.674482869700485352e+13 1.869479685430365625e+14 -1.791420248633998438e+14 1.409121728686713438e+14 3.010744039671130859e+13 -1.351655572512268281e+14 1.266691924900882031e+14 5.541010565524042969e+13 -2.434446654326493438e+14 -2.745691695002788281e+13 -2.074767763206162188e+14 -1.536789667934842000e+15 -1.015947198191154500e+15 -4.261225585503348500e+15 -3.325803631312897000e+15 2.254913650582362800e+16 3.157678429602115000e+15 -1.015307960294213400e+16 -2.254512310461075500e+15 -3.294872101825378750e+14 -1.834599449160064500e+15 1.273553469904712750e+15 -3.754893767307521000e+15 2.012020752502694250e+15 -3.580386282173771000e+15 2.136022169469412750e+15 -1.280413910051015000e+15 4.391407617904697500e+14 -3.601628126410250000e+12 -1.316888529140993555e+13 -1.521500112692484375e+13 -1.890906704253219531e+13 -1.994309133984825391e+13 -2.922774512007240723e+12 2.078702471555566016e+13 1.047741872865279102e+13 1.426354824241583398e+13 1.408288721572248291e+12 2.930158515593486816e+12 -7.331658956366774414e+12 5.365650917058084961e+12 9.588588389392917969e+12 3.640025243891491211e+12 1.524274673705935547e+13 -9.648078228591179688e+12 -1.089581809165786328e+13 1.050379813077137695e+13 6.167217322286312500e+12 -2.495598466818385742e+12 -7.973481799316578125e+12 -8.615710623078579102e+12 -1.137605469745847461e+13 -1.138342791717926367e+13 -4.394585759345980957e+12 7.967836808875103516e+12 7.758416782014332031e+12 1.005714086372234766e+13 -3.976034310972359375e+12 2.459233668015087402e+12 -3.883875377434536621e+12 4.304198874837957031e+12 6.953558017837557617e+12 -2.111034843479173279e+11 9.103920109967953125e+12 -6.393690770344669922e+12 -6.585838580933879883e+12 4.840314242858234375e+12 5.326137578826022461e+12
3.247545248498663574e+12 -6.938702951964484375e+12 -8.728147957192876953e+12 4.044806306872625000e+12 1.485069025114050391e+13 -2.128556791159624268e+12 3.495701118865027466e+11 4.998521685593260938e+13 1.155110172708133008e+13 -4.988689809364466406e+13 1.455410894807646875e+13 -9.734765816662812500e+12 -1.230254161530688281e+13 2.353541079948650000e+13 -3.786023424358144531e+13 -2.533813945864697266e+13 2.110524461855917188e+13 3.073675804918768555e+12 1.497769263145330078e+13 2.392351319125032227e+12 -6.830137254027926250e+14 -3.148156053992868750e+14 -4.997270215565504375e+14 8.074302648731816250e+14 1.388068957156777250e+15 -8.173018012696933000e+15 -2.241270458845698000e+16 6.123972868827604800e+16 -3.272838430061250400e+16 1.729599309172423750e+15 -9.680484804385686250e+14 3.490538307263389000e+15 -5.893568913820186000e+15 3.263864108906280500e+15 -2.876588086779549500e+15 3.865423120036053000e+15 -3.350017624430728500e+15 2.668077929203899500e+15 1.093572052200513000e+15 -1.754888037191920750e+15 9.971714273379907227e+11 -2.966585236391882935e+11 -6.509553217744383545e+11 1.979034857629808594e+12 1.386011051330185791e+12 -4.484589736701425781e+11 -9.140506564312657471e+11 4.351331387964883301e+12 1.277749317412261230e+12 -5.563203610430505859e+12 -9.228565971151220703e+12 7.895548486065218750e+12 1.276294448312885254e+12 -3.021503524330171875e+12 7.649810464561879883e+12 -1.240774770919584375e+13 -4.231022392145592651e+11 4.735197209179134766e+12 4.111652854046032227e+12 -2.347874631999344238e+12 5.524456239445802002e+11 -5.095739403011962891e+11 -9.099352726713166504e+11 1.004444754667462646e+12 6.633065535444700928e+11 -3.100257684352830200e+11 1.047602496450443268e+11 2.817050654359899902e+12 -2.104995867086697388e+11 -2.679127546407708984e+12 -4.266025328909843262e+12 4.358128746020639648e+12 1.771716239524362305e+12 -4.221290546380867188e+12 6.782579503686464844e+12 -9.277105932112371094e+12 8.776851273454686279e+11 1.978061174922382568e+12 3.382548924064187012e+12 -1.903788428174571045e+12 1.970452416256903320e+12 5.048638757989586719e+13 1.162544408704808438e+14 1.376136398440773906e+14 6.685386737386339062e+13 -5.015226440883146094e+13 -1.157148862095221094e+14 -5.798333752891815625e+13 5.907588912353789062e+13 -7.756433035998126562e+13 3.600188492328478125e+13 -6.975637806842037500e+13 1.513286937696755664e+13 -9.045771653780915625e+13 5.329336674925210156e+13 2.888656972352911621e+12 -1.398077800553995625e+14 7.115598994953015625e+13 -1.944090425778386719e+13 2.688238845074689453e+13 -6.884384229693934570e+12 -3.925956051470283750e+14 3.651624585813510000e+14 1.234373164663348500e+15 6.297468455258685000e+14 -1.463255330966523500e+15 -5.793287152916187000e+15 -1.712571473971360400e+16 3.568591993486573200e+16 5.006795260303866000e+15 -4.873492769338743000e+15 -2.814444155807284000e+15 1.128319943229059250e+15 -1.948118120046123500e+15 -4.116355482954887500e+14 -3.776639944323563000e+15 4.572393567983443000e+15 -2.702806729316314000e+15 9.846979407701568750e+14 1.627296758402246000e+15 -1.315825197394322998e+12 2.520927917736962891e+12 1.448844931310071484e+13 1.771621953130199219e+13 3.451031780645551270e+12 -5.449649818525572266e+12 -8.573550473815535156e+12 -1.127158503142452148e+13 3.746041197463897461e+12 -1.278860979201138428e+12 1.104605569267628906e+12 -1.615669399071445117e+13 1.788847616303120117e+11 -1.520675796346256836e+12 7.029651972978575439e+11 6.450825927539612305e+12 -1.138840418598780273e+13 9.196946196338894043e+11 -3.095025589805999512e+12 7.947836082751195312e+12 -1.114463262163628906e+12 6.904927671813842773e+11 9.087359551937146484e+12 1.127198960471120117e+13 1.632776488252557129e+12 -3.439188194053988281e+12 -3.761668790475632324e+12 -6.312578656456230469e+12 3.591845416060805664e+12 6.095751507197110596e+11 -4.774517343513544922e+11 -6.809825411406020508e+12 2.670268813900710449e+11 7.109835015965515137e+11 -8.146588692131875000e+11 3.761549140472283691e+12 -6.892419672499939453e+12 1.087136447393674072e+12 -2.017832358849368652e+12 5.033085303047714844e+12
2.839295261456835449e+12 -1.994128346299597266e+13 -1.672588536892634180e+13 3.324790935644132422e+13 5.887327610413927344e+13 -1.447114539892995898e+13 -5.091618662800342969e+13 4.632378085496882031e+13 5.107223433309892969e+13 -1.296995487538115469e+14 1.840068844111981875e+14 -6.483204897491556250e+13 -1.429964044399159375e+14 2.159407619918290312e+14 -2.488933765905771250e+14 1.955922860590201562e+14 -4.583753844087799219e+13 -7.442308375573656250e+13 -7.661200796539100586e+12 5.847262699583634375e+13 8.094575722736960000e+14 -3.535408398881957812e+13 2.585597834469525938e+14 -5.772125222774308750e+14 -3.408409014496484000e+15 6.769795463257397500e+14 -3.502169706390996250e+14 -3.272838430217372800e+16 7.716117917975332800e+16 -4.632591259947780000e+16 5.421878981182678000e+15 -2.608141862834678000e+15 -1.319982557327800500e+15 4.386885198417019000e+15 -2.699369735625459000e+15 2.861189668686456500e+15 5.833812384355142500e+14 -3.891187248018434500e+15 1.393605880749083250e+15 7.097942067861602500e+14 5.940678121597843018e+11 -3.059755697337854492e+12 -2.047554996785672852e+12 7.407519739896653320e+12 9.711413499234970703e+12 -3.298458120528314209e+11 -8.929909749219886719e+12 -1.054461317607510132e+12 6.388138342905390625e+12 -3.044941866708122559e+12 -3.237679880620367676e+12 6.817308888193692383e+12 -9.430017489631162109e+12 -1.907378010519718018e+12 5.132747362005571289e+11 6.430153940033741211e+12 -4.773291721469388672e+12 6.970751743011807861e+11 -3.329348977162881836e+12 4.462497215755985352e+12 2.066246582285928650e+11 -3.151524449948269043e+12 -2.669235941136482910e+12 5.730648844730194336e+12 7.661375432490007812e+12 4.025214978378355408e+10 -6.471762836035119141e+12 -1.604323041488363281e+12 5.319577765812932617e+12 -6.334281673582866211e+11 -4.175652934717672852e+12 3.679218042335841309e+12 -4.641113637097602539e+12 -1.272836048082907471e+12 2.792265744768366699e+12 1.277042254999394531e+12 -1.713679579201900879e+12 -2.886829432362435913e+10 -2.229856613261180664e+12 2.790188264770959473e+12 2.859699871761590234e+13 1.534436227153858750e+14 2.329983321982627500e+14 2.653971116620437188e+14 2.404662147207608125e+14 -4.915498690618249219e+13 -2.993662987528100625e+14 -1.446631740519343125e+14 -4.462516327752200781e+13 -1.067071130917214844e+14 -3.979478584798342969e+13 1.063983005193663438e+14 -1.102438068587859961e+13 -2.342682555934980312e+14 2.101761992523405938e+14 -1.461177368554150625e+14 -9.140781376578348438e+13 1.718449199098814062e+14 -1.407942080609066250e+14 -4.642173728779502344e+13 2.685925391157015625e+14 4.702916631152311250e+14 9.841657543201166250e+14 1.602000184837599750e+15 -1.802580530184305000e+15 2.124193049952655000e+14 1.722057847431424500e+15 -1.129186293670572200e+16 -2.150664831640483600e+16 5.370302111381150400e+16 -1.058596923256564800e+16 -1.123427519787677125e+15 -4.279439958450059000e+15 -4.372552482096686500e+15 1.951889370420670250e+15 -1.740080668121869750e+15 4.582321697179744000e+15 -2.797156297359511328e+13 -7.866207267520751250e+14 -8.463723984918458750e+14 3.202342858875445801e+12 1.485158129774295508e+13 2.212071292116585156e+13 2.736717064323325781e+13 2.233421602943091016e+13 7.206303068421977539e+11 -2.541232709099482031e+13 -1.578770102583786523e+13 -1.331018653639200977e+13 -2.020815134032364990e+12 -2.590716761778732422e+12 7.419360782500648193e+11 -5.534330411202770508e+12 -1.067885117660263867e+13 -3.505172525513970215e+12 -1.317485508888371484e+13 5.208038201993284180e+12 1.178825684961609961e+13 -1.231068983836747656e+13 -3.042677744487173340e+12 2.132043122862349365e+12 8.634050787278673828e+12 1.290466384225128516e+13 1.672759679920040039e+13 1.260380463426604883e+13 3.121456367341151855e+12 -9.944499697229558594e+12 -1.081885409360167188e+13 -8.977517782139492188e+12 4.419116019845245117e+12 -2.776322843994934082e+12 1.142683176487194336e+12 -4.386571627496485840e+12 -6.966790710972149414e+12 -1.284202786994893036e+11 -7.907972604143791016e+12 3.731873982368903320e+12 7.352959803771367188e+12 -5.926524924069659180e+12 -3.412440170900273926e+12
-6.666588845176737305e+12 2.899361714109646875e+13 2.758569703196865234e+13 -3.988838531744059375e+13 -7.926886197265760938e+13 1.777487794652192188e+13 5.373422979429707812e+13 -1.053976587053140156e+14 -6.726917009696855469e+13 1.939205893052217812e+14 -2.119601367977715938e+14 7.985622828954440625e+13 1.658341910878667812e+14 -2.559972394696354062e+14 3.071201486696620625e+14 -1.794616966865308125e+14 2.501867028524201562e+13 7.566324052938025000e+13 -8.681433254447469727e+12 -6.484741365738784375e+13 -5.006463426026213125e+14 6.769132977420432812e+13 -3.226703406605945625e+14 1.759154181708882500e+14 2.327143574293817000e+15 -7.332904821773092500e+14 -8.933408507978171250e+14 1.729599316206256750e+15 -4.632591260240068000e+16 8.874956116507105600e+16 -5.265753966254311200e+16 4.688078104260658000e+15 1.150046524494623000e+16 -7.762302634129273000e+15 1.916155851795133500e+15 -3.640269059695056000e+15 9.951381520693201250e+14 2.975816627678812000e+15 -3.110980850955106500e+15 5.488751822681004375e+14 -1.751738832715719482e+12 3.585964214901127441e+12 2.907947198277786621e+12 -1.009785486784250586e+13 -1.188083473448699609e+13 8.544383412545415039e+11 1.051985530783015234e+13 -3.767272215649851562e+12 -8.226380650341726562e+12 9.486586953409048828e+12 1.380909776471397852e+13 -1.611696386442003320e+13 8.590898152255668945e+12 5.421974017669988281e+12 -9.139338769392638672e+12 7.103064969742602539e+12 5.549600353946838867e+12 -6.060490560518871094e+12 -1.079680839548733887e+12 -2.106328388735601562e+12 -8.402643485639238281e+11 3.922706398291735352e+12 3.859765521450192383e+12 -7.220400083747075195e+12 -8.889647154894187500e+12 3.054895028460016479e+11 6.762181174220962891e+12 -1.459149124690113037e+12 -5.418549624746946289e+12 3.683059371312567383e+12 9.231372802060496094e+12 -8.807094068936332031e+12 2.943454471212579102e+12 6.095244600607230469e+12 -1.058780505880026953e+13 9.064206858904482422e+12 8.357629646769799805e+11 -2.191439025832461914e+12 -1.429440953345157227e+12 -8.274450084945729980e+11 -3.261388968251139062e+13 -2.198354334870988438e+14 -3.782897816982941250e+14 -4.367262524409293125e+14 -3.307326337477571250e+14 1.085950671136429219e+14 4.482367467368868125e+14 2.189232624559907188e+14 -1.892586562017403906e+13 2.005707580669506250e+14 1.860161602869320312e+12 -3.474432041367723438e+13 -5.280496012081030273e+12 3.506600920538564375e+14 -2.832988663431375625e+14 1.520867680246256562e+14 2.542301591830483438e+14 -2.626170715070492812e+14 1.715122725706258125e+14 1.914974424940135938e+13 1.052197778665790000e+14 -5.893004710684095000e+14 -1.343563563898839500e+15 -8.845982334170756250e+14 9.542120667558060000e+14 2.942551660662641250e+14 2.619862585884355625e+14 9.403507426442238000e+15 -8.926914380862226000e+15 -4.201136137029384800e+16 6.911880274330961600e+16 -2.051096230157142000e+16 -5.516100692157100000e+15 8.896980613789847000e+15 -3.255812463139499500e+15 1.117206401620002875e+15 -7.407849476529019000e+15 -8.524925610242990000e+14 2.993529901766815500e+15 -2.832493174927763000e+15 -1.926100009164393066e+12 -1.862009071566824609e+13 -3.979176588882839062e+13 -4.899509688762660156e+13 -2.761944235652429297e+13 5.355993336180165039e+12 3.664622879205320312e+13 2.944561189408947656e+13 9.941268183811044922e+12 3.584896628199989746e+12 1.513189625672442871e+12 1.736149787068199219e+13 5.682362629151376953e+12 1.306056032600061719e+13 2.936506500270930664e+12 6.758879683420465820e+12 7.257129569000775391e+12 -1.356479041089337500e+13 1.656390609166843945e+13 -5.693947136325417969e+12 -1.014515258281221924e+12 -9.954199861165373047e+12 -2.392704474016939844e+13 -3.044523414728406250e+13 -1.523283343200051562e+13 5.452457904504016113e+11 1.479740477575090625e+13 1.859255068536444531e+13 5.508602892231096680e+12 -5.382568598316619141e+12 3.487750526535306641e+12 6.435335407576830078e+12 4.363212370100619141e+12 6.607400728253399414e+12 1.051696751178570435e+12 4.180970434836649902e+12 3.775649821933087402e+12 -9.037908283821332031e+12 8.567054521414524414e+12 -2.026475197189588623e+12
-3.155969500142595215e+12 -1.388484981017203711e+13 -5.039540244646602539e+12 4.024181149505771875e+13 5.379248882435523438e+13 -1.667917248907894141e+13 -7.649184564079742188e+13 -4.467723478197971094e+13 4.969011416910363281e+13 -7.950195368761629688e+13 2.405038455343850312e+14 -7.427286952061650000e+13 -1.846477676605548125e+14 2.675781604861962500e+14 -2.840286424212111875e+14 3.483479298068627500e+14 -1.160902802772999531e+14 -1.176278888725560469e+14 -4.541360394234652344e+13 8.149742744480398438e+13 3.779527512860357422e+12 -2.540009067520230625e+14 -1.709266713795086250e+14 3.429965632336338125e+14 5.842507321746130000e+14 1.443643451114366000e+15 8.633046968562153750e+14 -9.680484911438212500e+14 5.421878990289128000e+15 -5.265753966438488800e+16 9.689422594914640000e+16 -6.032139583716692800e+16 3.406242023351097000e+15 6.248457165126180000e+15 -1.813945527034773250e+15 1.475761817459715750e+15 5.598649624151976562e+13 8.298600704121613750e+14 -2.903679451747463000e+15 1.833309006364274000e+15 -1.381986600717142822e+12 -3.875080097684769043e+12 -1.565403565654125000e+12 6.517231224269204102e+12 1.128958517290044336e+13 5.283483528646179199e+11 -1.119982714350327344e+13 -1.145225112156826953e+13 6.594750715779104492e+12 8.110555961417307617e+12 1.615027371147030859e+13 -7.800317858746362305e+12 -1.691894852739450000e+13 4.027968455123375977e+12 -1.661435598787235156e+13 3.774545193988175000e+13 -6.135375665637084961e+12 -9.720215159186146484e+12 -1.428989037616553516e+13 1.196792306097618555e+13 -9.477543883705040283e+11 -3.527850386249341797e+12 -1.901358367665540527e+12 6.238107169325085938e+12 9.883475554814849609e+12 7.641062776329453125e+11 -9.859624482750542969e+12 -8.784436460223864258e+12 8.386874559018558594e+12 5.144208368906434570e+12 3.482802620312968750e+12 -4.430069369740382812e+12 -1.092466964198969922e+13 7.696828662317257812e+12 -1.125614214845202344e+13 2.297264204253400000e+13 -4.541514169462493164e+12 -4.536319210468033203e+12 -1.099901645259729297e+13 8.472887628691065430e+12 3.803937589408651562e+13 1.134405984880778906e+14 8.231557679456800000e+13 8.196327087326470312e+13 2.056374207075786875e+14 4.084756250454603906e+13 -1.822112406433741250e+14 -8.335653250723206250e+13 -2.005426521058617500e+14 1.755398051365604492e+13 -1.409459584749236562e+14 3.166434610048791250e+14 -5.076614130265311719e+13 -1.428039119249711562e+14 1.914091625509171250e+14 -2.237968523322457188e+14 1.816929397006527812e+14 9.384455877471996875e+13 -1.651580668863112812e+14 -1.300822802037115781e+14 1.768949839333660000e+14 4.787402331985566875e+14 -1.728559341414904688e+14 -6.435711316242631250e+14 -8.117605928325908750e+14 2.346833177553287500e+15 1.549958213282416750e+15 -7.846904191311308750e+14 1.049987650976354200e+16 -5.490550173403878000e+15 -5.550567951035507200e+16 8.091158212102494400e+16 -2.655258661436627600e+16 -7.802575673176052000e+15 1.023143695213155312e+14 -1.416762463012163500e+15 -2.250591611335617188e+13 1.252645277468829250e+15 -3.580259265939151875e+14 -1.567741426818538750e+15 7.750013792032995117e+12 1.635343111497066406e+13 -2.511341843074426270e+10 4.425929438199223633e+11 2.536510949070691797e+13 1.345089756816944336e+13 -1.830495843923255859e+13 2.132997589443334717e+12 -2.829799903184528125e+13 -9.929477606606517029e+10 -6.360864786862324219e+12 3.780489233212977344e+13 -8.634331534911577148e+12 -1.242195647776483203e+13 -6.808059575086363281e+12 -3.424102472365888281e+13 3.361295618345271094e+13 1.543654906541906445e+13 -1.127172884822325977e+13 -2.257803947999703906e+13 5.701369071508286133e+12 1.126780747526881641e+13 -1.457502496759930420e+12 -7.365494395184152832e+11 1.502917754559611133e+13 1.245323165087724805e+13 -6.239525607398324219e+12 -1.744750880540295166e+12 -2.150628571232700000e+13 5.185245606619236328e+12 -3.043019405263060059e+12 1.716817474545013867e+13 -7.128147220985806641e+12 -1.197269864829591992e+13 1.659673447771663574e+12 -2.030168110989141797e+13 2.120517125805359766e+13 8.462170477760905273e+12 -4.227287054321328125e+12 -1.650656690891683594e+13
3.549471101491891602e+12 -3.332555135965131836e+12 -6.752923016323316406e+12 -4.682760371788346680e+12 2.170859347119972900e+12 1.537307133048146484e+12 1.607643183814548633e+13 5.382892214042699219e+13 7.078592863678375244e+10 -2.814878314521987891e+13 -3.657361991594698438e+13 6.616900040975140625e+12 2.707209686829146875e+13 -3.413590250141456641e+13 2.473857071335701172e+13 -9.441082484299525000e+13 4.276572370822858594e+13 2.698600138850171094e+13 2.272981928830101562e+13 -1.466033838179357422e+13 -8.293517937029881250e+13 2.294975555472484375e+14 5.744778859190413750e+14 -9.932841893079678125e+13 -1.400976158630619500e+15 -1.281888565046389500e+15 -1.616381694311482500e+14 3.490538314662711000e+15 -2.608141872455689000e+15 4.688078106039531000e+15 -6.032139583383192000e+16 1.124390633925924000e+17 -6.307132782696295200e+16 5.237733554842890000e+15 5.348066500630697000e+15 -3.479619257624492000e+15 -3.497477861240019000e+15 2.840741904536532500e+15 2.742351714571612500e+15 -1.890278213173010250e+15 1.174981635247257568e+12 5.337992566719667969e+11 -2.584835162343629456e+11 4.235161557303907471e+11 -1.089414930100900757e+12 -5.092253725724496460e+11 1.492228689905034424e+12 6.244608962726456055e+12 -2.184862218229037170e+11 -6.637741983535103516e+12 -1.156669118186526562e+13 8.655863512933503906e+12 4.626189561687399414e+12 -3.527392930650935059e+12 1.025299296448101953e+13 -1.885530606208933984e+13 8.867498227057518311e+11 6.230323291503033203e+12 6.615463737223695312e+12 -4.562417548151209961e+12 6.884873284898199463e+11 2.721701995843018494e+11 -4.204353314705487671e+11 -3.889665028767319946e+11 -1.444778197621544678e+12 -4.342332987049454956e+11 2.125510732340709473e+12 4.325154571705406250e+12 -1.916382084404886230e+12 -3.451805745599252441e+12 -4.526021210282000000e+12 4.803461915480975586e+12 3.833081763396645020e+12 -5.354559462155250977e+12 8.374540732455411133e+12 -1.301605680517442773e+13 1.719470631889723633e+12 2.700693797999408203e+12 5.286377679690545898e+12 -3.445687468649610352e+12 -6.080607153426061523e+12 2.168950155279112500e+13 8.681460622979229688e+13 1.059543558159125781e+14 1.729956510882912305e+13 -5.318879616612778125e+13 -6.574526774042704688e+13 -3.458199446319978516e+13 9.406668996797543750e+13 -7.285866904042242188e+13 6.118636755964639062e+13 -1.275284922413920469e+14 2.397143474005232422e+13 -5.131994346684491406e+13 8.126563907813084961e+12 4.870141019600598438e+13 -1.622504882760450625e+14 4.417964109360560156e+13 1.668304651688433398e+13 5.080655806255171094e+13 -7.225639067705595000e+14 -3.421612196487955625e+14 2.300088427198440938e+14 8.356172087021532812e+13 2.082657752673640750e+15 -2.133017474233994500e+15 -3.983011984912443500e+15 1.430602463349263500e+15 -2.371316437271156500e+15 1.477122246589846800e+16 -1.343587809997364000e+15 -6.768331701906650400e+16 9.686047231926366400e+16 -2.534511141912704800e+16 -2.444972885820624500e+15 1.069671028520823125e+15 2.276011909584431000e+15 -7.960088893350862000e+15 2.660731769007926000e+15 1.837002167542278500e+15 -2.771839866900711914e+12 -1.119903534423796875e+12 1.293887178038573828e+13 1.572388015383087891e+13 -2.146843761861050537e+12 -7.636971262198186523e+12 -3.881020159651801758e+12 -1.050163126966799805e+13 9.176045466301597656e+12 -1.121157791000313477e+12 2.296991724032839844e+12 -2.221420764710360156e+13 1.939158494953143066e+12 1.202567733842172363e+12 2.030620354985192871e+12 1.281538731509229688e+13 -1.709367307375037695e+13 -2.360349569669947754e+12 -4.398848990741284180e+11 1.174810780646780859e+13 -2.169876797620556396e+12 -1.705808620663997559e+12 8.412575657174611328e+12 1.021419019022231250e+13 -1.639829911093062744e+12 -5.636641234828231445e+12 -2.072087855634964111e+12 -5.275594490005415039e+12 7.638676772348786133e+12 -5.244779661249998779e+11 2.009286805186868896e+11 -9.617290581473371094e+12 1.707425950724922119e+12 3.102166540477652832e+12 -1.069282828526527222e+12 7.541909474430912109e+12 -1.052300993124553320e+13 -7.735089848486331787e+11 -9.300899543490191650e+11 7.894856919830474609e+12
-1.618558923101620605e+12 2.878621024604471094e+13 2.095254642699010938e+13 -5.625326695021996875e+13 -9.117097346689434375e+13 2.408026050823521094e+13 9.332927800399471875e+13 -2.969908469839498438e+13 -8.055217763389506250e+13 1.820064144909492500e+14 -3.199231859361759375e+14 1.076636695522390156e+14 2.475313531433076562e+14 -3.683594090682205000e+14 4.127903985715713750e+14 -3.848571360046470000e+14 1.068395678302818750e+14 1.392301424706143906e+14 3.042457677143295312e+13 -1.041137404691699531e+14 1.467767799471735000e+14 -4.505635925783106250e+14 -9.456775835623763750e+14 -9.087760705047593750e+14 2.082248732728780625e+14 9.368020162954328750e+14 3.257883081353123500e+15 -5.893568914764665000e+15 -1.319982556137290000e+15 1.150046524573474000e+16 3.406242018896070000e+15 -6.307132782111041600e+16 1.035952715814484640e+17 -5.829258765456164000e+16 5.774327706167494000e+15 6.150302671508623750e+14 6.952011884220401000e+15 -1.022500184719493000e+16 5.677967044138612000e+15 -7.821195522594058750e+14 1.003657326096130753e+10 5.259858749628483398e+12 3.023253545907945801e+12 -1.134997778068103906e+13 -1.620654880027579883e+13 1.098939568191943970e+11 1.529796221330234375e+13 6.700856718285418945e+12 -1.025885578331625781e+13 -5.477100116754024658e+11 -4.218896032639157715e+12 -3.778657691354479004e+12 1.861496565891476562e+13 1.654860583844881897e+11 7.459380749585581055e+12 -2.535660378802553516e+13 8.249068377891786133e+12 3.924815288190109375e+12 1.059050404805220703e+13 -1.072311976945642188e+13 2.291724405647421875e+11 5.193685353504296875e+12 3.873854545221048828e+12 -9.358613048033748047e+12 -1.325750968168789453e+13 -4.137641725383777466e+11 1.192893872702418555e+13 6.020603642481433594e+12 -9.941748875776414062e+12 -1.784260251226395996e+12 2.940145739128952148e+12 -1.932842153124656006e+12 1.041679926363058789e+13 -2.309733891416328125e+12 2.347311976389095703e+12 -1.251364072133413477e+13 4.091594093378183594e+12 2.223796818037732422e+12 7.783165910997729492e+12 -7.182959728153192383e+12 -5.003998809670887500e+13 -2.246922116960807188e+14 -2.977300438997944375e+14 -3.334291735666320000e+14 -3.655838782950744375e+14 3.468398889369549219e+13 4.194744418933960625e+14 2.004353495890268125e+14 1.463025826729759062e+14 1.096559486729427500e+14 1.121591674467088906e+14 -2.707898511273388750e+14 3.673424317701200000e+13 3.283623913695742500e+14 -3.251744151634164375e+14 2.699029110272908125e+14 1.341003109498212891e+13 -2.355963481333828438e+14 2.356763539491606562e+14 1.142469259521347969e+14 5.742491204873242500e+14 -1.561349096612775000e+14 -1.105023698912230469e+13 -2.390105239112389062e+14 -1.126249880678321750e+15 -6.194097482863340000e+14 2.779591980170947500e+15 3.642203482927897500e+15 -4.400999050106579000e+15 -8.991795543971516000e+15 2.538534814049157600e+16 4.046057697760958000e+15 -6.819861757894424800e+16 8.456503591492155200e+16 -2.461193928188377200e+16 -5.729997045470581250e+14 -8.225567365703817000e+15 1.047872922244799000e+16 -1.132979889047213800e+16 3.778448692757597500e+15 -7.289990104550839844e+12 -2.434405428018579297e+13 -2.447816116248846484e+13 -3.051260654798764453e+13 -3.698244728493871094e+13 -7.296958230081396484e+12 3.697899946240148438e+13 1.644827718105443359e+13 2.840886524963885938e+13 2.285264575550115234e+12 5.941629289990601562e+12 -1.908777802560170703e+13 1.029907105634493555e+13 1.782474524229620312e+13 7.170130100727497070e+12 3.113055092569644141e+13 -2.200685700402124219e+13 -2.050956999579677734e+13 1.907563098147101562e+13 1.427774843048443164e+13 -5.115185852930920898e+12 -1.500325399502082227e+13 -1.358278984485567969e+13 -1.816358330418067578e+13 -2.121564773767921094e+13 -9.472914423036164062e+12 1.402453843297062109e+13 1.282079186573781836e+13 2.033048905297229297e+13 -7.397879514245982422e+12 4.544041581470849609e+12 -9.560317714564595703e+12 8.300603032447950195e+12 1.349798427595854492e+13 -6.597390230768758545e+11 1.856434066744147266e+13 -1.437743700922110938e+13 -1.222932057762259180e+13 8.603897101033307617e+12 1.175353800292006250e+13
1.957903178672613037e+12 -2.478861847960103516e+13 -1.876888859951192969e+13 4.656287285765680469e+13 7.710318299957604688e+13 -2.001050349672003516e+13 -7.585817478652935938e+13 3.402962742225839062e+13 6.781296294389311719e+13 -1.579184916447029375e+14 2.631439318436594062e+14 -8.951066178686096875e+13 -2.038057109306000938e+14 3.043219070690793750e+14 -3.432963809137956875e+14 3.080947393988356250e+14 -8.275171906023334375e+13 -1.126626146379730156e+14 -2.179470509692152344e+13 8.517310024314376562e+13 -6.130724280562993750e+13 4.541099750941273125e+14 6.926640880300380000e+14 1.271705918681463750e+15 8.440087783004517500e+14 -1.214074558801544500e+15 -4.772590465957372000e+15 3.263864107329414000e+15 4.386885201681896500e+15 -7.762302634274211000e+15 6.248457166500875000e+15 5.237733546657138000e+15 -5.829258764617583200e+16 9.760038863878820800e+16 -5.746086335901999200e+16 9.172870779321618000e+15 -1.473156683359964750e+15 4.695826631923310000e+15 -4.153962498330719000e+15 1.173380847952636250e+15 1.886989790460978699e+11 -4.337677838937220703e+12 -2.588053889343641602e+12 9.624378515921166016e+12 1.345832168438958398e+13 -1.779387812362296753e+11 -1.262597287127626367e+13 -4.592371043682958008e+12 8.598255064419404297e+12 -6.527181215188725586e+11 1.610318082278232178e+12 4.632854150075644531e+12 -1.489206945834436914e+13 -7.311427541715518799e+11 -4.558266558271688477e+12 1.817906679137971094e+13 -6.794484853777902344e+12 -2.258163683148961426e+12 -7.804075786729801758e+12 8.260174017933822266e+12 -7.737595871009642029e+10 -4.325877538685110352e+12 -3.331181493094029297e+12 7.811915442705113281e+12 1.091647948118197070e+13 2.754079441817299805e+11 -9.683998404892541016e+12 -4.341857532196612305e+12 8.046460563158933594e+12 9.226519206849328613e+11 -3.234141137760896973e+12 2.432839369493111816e+12 -8.124715222486414062e+12 1.045683656694788452e+12 -5.705988075902446289e+11 8.348848294269844727e+12 -3.155404032152987305e+12 -1.418635882169962402e+12 -5.664132996896065430e+12 5.467781316611436523e+12 4.109859363740828125e+13 1.927634792656750312e+14 2.651668518540255938e+14 2.984263476669616875e+14 3.106159369767286250e+14 -3.811803886023512500e+13 -3.641043912860675625e+14 -1.745095976421235000e+14 -1.073602327540563125e+14 -1.045225504332229531e+14 -8.413849662059259375e+13 2.065271497863623438e+14 -2.689723540545313672e+13 -2.849946699336315625e+14 2.750640347725786250e+14 -2.190067985902972812e+14 -3.851082411413114062e+13 2.057150869053359688e+14 -1.955704494527329375e+14 -8.763736650955725000e+13 -4.441433683505850625e+14 2.534982193697911562e+14 8.134578097838587500e+14 9.105521157574081250e+14 -7.000388605092663750e+14 5.979161333454761250e+14 1.055262670480354375e+15 -5.652980624341143000e+15 1.436279245409682500e+15 4.502021796623271500e+15 -1.518088946386144800e+16 1.667722371191664800e+16 9.820435534865745000e+14 -6.067313651532588800e+16 8.043123121835164800e+16 -2.928541246334768000e+16 3.176657071989212500e+15 -4.840420501591550000e+15 5.652561580706191000e+15 -4.104733259180396500e+15 5.670932224991304688e+12 2.030257447464132422e+13 2.277433476199131250e+13 2.832083821015203906e+13 3.076804939593141797e+13 4.860490377399830078e+12 -3.177654528083138672e+13 -1.560661090236865625e+13 -2.237222513176600000e+13 -2.111632888928695801e+12 -4.615687101612261719e+12 1.233899350131389844e+13 -8.343398793255999023e+12 -1.480137748681140234e+13 -5.694413361640646484e+12 -2.405244098355139062e+13 1.565515196331835742e+13 1.686694504237623828e+13 -1.612983649358133984e+13 -1.004645104084320117e+13 3.941393183551422363e+12 1.234208108690088281e+13 1.284420650628977344e+13 1.700216521765579102e+13 1.758214616997623633e+13 7.027630842674435547e+12 -1.215217576248115039e+13 -1.167648484705879297e+13 -1.583057345652008594e+13 6.138819498363347656e+12 -3.791020188932565918e+12 6.433295405106897461e+12 -6.700164382784155273e+12 -1.084079803781648828e+13 3.758911922186166992e+11 -1.436023598841783203e+13 1.033591384498933398e+13 1.016367960408156250e+13 -7.397988690279959961e+12 -8.568340114558363281e+12
-1.921235639605910156e+12 3.231902355777636328e+13 2.365787104227166016e+13 -6.281057110776401562e+13 -1.021005755884738281e+14 2.690169469487812891e+13 1.039513799962745625e+14 -3.490322918280877344e+13 -9.015166427470531250e+13 2.045623620300815000e+14 -3.569082091069114375e+14 1.202863378265227500e+14 2.761853891946252500e+14 -4.111907414068613125e+14 4.612061776532672500e+14 -4.277888836725080000e+14 1.182454531959665938e+14 1.549834413544763438e+14 3.334610866269835938e+13 -1.160645592814107656e+14 6.553274281420478125e+13 -1.304094943177196094e+14 -7.167043943318515625e+13 -5.191583604302933125e+14 -5.884692546385282500e+14 1.365277775202084250e+15 2.581900991662508000e+15 -2.876588084799166500e+15 -2.699369737631438000e+15 1.916155850317391750e+15 -1.813945526112443250e+15 5.348066506479069000e+15 5.774327695974911000e+15 -5.746086335262800000e+16 9.323236084203990400e+16 -4.911078469664050400e+16 6.537731333223195000e+14 4.953049442145206000e+15 -3.434438876874253750e+14 -3.476483481564985625e+14 -2.512655149530765152e+10 5.870018580949088867e+12 3.391453113374035645e+12 -1.271535802043571875e+13 -1.810374083484391016e+13 1.387430065555535889e+11 1.707443376230536133e+13 7.305987807021572266e+12 -1.147436817423436719e+13 -4.075634003912053833e+11 -4.363631039275655762e+12 -4.496709742274668945e+12 2.068966288824426953e+13 2.943570638231037598e+11 8.030845211065125000e+12 -2.779421310504100391e+13 9.204449405786460938e+12 4.199640187039611328e+12 1.164758205283690039e+13 -1.185952875505237109e+13 2.351721985261041260e+11 5.804057396202601562e+12 4.348409691583174316e+12 -1.046159474963124414e+13 -1.479234862874848828e+13 -4.496241899147541504e+11 1.328442297428448633e+13 6.604077909566257812e+12 -1.106693839201996289e+13 -1.890036150045217773e+12 3.430503289911520996e+12 -2.311767161499827148e+12 1.153928014387462891e+13 -2.419229555197577148e+12 2.367833002887680664e+12 -1.360178505429302734e+13 4.525872736980816406e+12 2.405175632669104004e+12 8.546896603233267578e+12 -7.932138077739712891e+12 -5.581376582341616406e+13 -2.521339859186929375e+14 -3.358890505334892500e+14 -3.764337667873308750e+14 -4.096761294017049375e+14 4.046224710384454688e+13 4.714865180863323125e+14 2.253860366419046875e+14 1.608227529254945000e+14 1.249752777767035156e+14 1.236288355796554062e+14 -2.991064139675953750e+14 4.036911092948415625e+13 3.690727027353635625e+14 -3.641683095481659375e+14 3.005530607539495000e+14 2.002846470672594141e+13 -2.650332187047958750e+14 2.632394052415302500e+14 1.262865290059943594e+14 4.061324500256448750e+14 -2.177831956328893125e+14 -2.123194894041051750e+15 -1.311630545983248500e+15 2.131479262201901500e+15 1.278268596322574000e+15 -1.984093423708703750e+15 1.514544142619974500e+15 1.100814630622040500e+15 -2.813501665647451500e+15 3.361033218808637500e+15 -9.044251686175596000e+15 1.856079809405937200e+16 2.301164937028614500e+15 -6.278339194221722400e+16 7.933749716927825600e+16 -1.994202074433625600e+16 -7.035645030628645000e+15 1.044548098045685625e+15 2.013608487706620312e+14 -8.072772224787907227e+12 -2.720983501727033594e+13 -2.779495804298655078e+13 -3.463454767897598828e+13 -4.132223231827310938e+13 -7.930021770316670898e+12 4.150490230971905469e+13 1.873294107070578516e+13 3.150964894724443750e+13 2.592235891480742676e+12 6.578461283810437500e+12 -2.067456204587438281e+13 1.146613086971407617e+13 1.991123370385180859e+13 7.961569356549263672e+12 3.444298983402196094e+13 -2.409987768371768750e+13 -2.288011457527970703e+13 2.136198160150076953e+13 1.561531162299331836e+13 -5.657481548989273438e+12 -1.673800842588330078e+13 -1.546141150582700977e+13 -2.064372666799808984e+13 -2.369261017548466797e+13 -1.042712888221028125e+13 1.575958984198176758e+13 1.451155569335209375e+13 2.251635765159371875e+13 -8.263054404139173828e+12 5.079209244241053711e+12 -1.040176443969531641e+13 9.236730871841402344e+12 1.501018645839807812e+13 -7.052532908609263916e+11 2.054277964897232031e+13 -1.576478620330426953e+13 -1.366242840259895312e+13 9.657775008508320312e+12 1.290959463769556055e+13
-2.895535681282156738e+12 -3.260280846452067188e+13 -1.764434758019596094e+13 7.945723406430926562e+13 1.150505666171460625e+14 -3.335599565720220703e+13 -1.435107635076889062e+14 -3.723638561099060156e+13 1.042485551478351562e+14 -1.961825076507331250e+14 4.658716068432881250e+14 -1.487751499681359062e+14 -3.587308018008127500e+14 5.251877770379098125e+14 -5.695270571801927500e+14 6.313341223505233750e+14 -1.985498872146693125e+14 -2.183152288380570000e+14 -7.138117382925756250e+13 1.554893743660985000e+14 8.562951848371750000e+13 -3.114092021751596680e+12 -1.402049290765160469e+14 3.832197630109634375e+14 3.009079433211825625e+14 -1.268347510296765750e+15 -2.517873379579847000e+15 3.865423119080580000e+15 2.861189668769514000e+15 -3.640269058450412000e+15 1.475761816421692500e+15 -3.479619258909689500e+15 6.150302716128593750e+14 9.172870774815932000e+15 -4.911078469474164000e+16 7.995897681919971200e+16 -4.265677214265800800e+16 1.890526528693992500e+15 1.834235518585783000e+15 6.189215274684367500e+14 -1.665580718011075439e+12 -7.564448768980277344e+12 -3.552803358492465332e+12 1.410721384361365625e+13 2.252636173725233594e+13 5.738534837055701904e+11 -2.191591531751008984e+13 -1.746322952958485156e+13 1.359672245361477930e+13 1.004530865432348438e+13 2.173343690269024219e+13 -7.279323384219559570e+12 -3.062062822123361328e+13 4.746811805798081055e+12 -2.408351333180512500e+13 5.936667602458093750e+13 -1.193311819022853516e+13 -1.384702452285203320e+13 -2.302351464281044531e+13 2.030775416581332422e+13 -1.265210751890513184e+12 -7.110753608313573242e+12 -4.426900830581008789e+12 1.267031458674477148e+13 1.920595569698128125e+13 1.146731903362471191e+12 -1.844234280972680469e+13 -1.388236231162683594e+13 1.557398126054258984e+13 7.166221095355665039e+12 2.557027058863909668e+12 -4.252111689301965820e+12 -1.888515464362169141e+13 1.052309497511320898e+13 -1.481929388245190820e+13 3.451702478557458984e+13 -7.718682082836400391e+12 -6.679179832593298828e+12 -1.751753792691229883e+13 1.415114437794637305e+13 7.337452260146665625e+13 2.605629220935126875e+14 2.635802184911333438e+14 2.829057078058257500e+14 4.492497632403103125e+14 2.987857273372178516e+13 -4.509226132806931250e+14 -2.110073753257164688e+14 -3.218240707212815625e+14 -3.957574058939896875e+13 -2.313490967310256562e+14 5.301493058328815625e+14 -8.130111603265043750e+13 -3.531839259551387500e+14 4.098044992901473125e+14 -4.181322056625598750e+14 2.108293453253182812e+14 2.430564906385118750e+14 -3.287618231645033125e+14 -2.194546676868472188e+14 -1.369360197985348906e+14 -2.786661504163844375e+14 2.022723119301022250e+15 2.155993462264979000e+15 -2.445138115050284500e+15 -1.592637636289047500e+15 2.343048081059159500e+15 -2.868007429474477000e+15 -1.878438111509510000e+15 7.776784083312187000e+15 -3.410796924915865000e+15 2.666606244009351500e+15 -1.064171290089240200e+16 1.086975104641017400e+16 6.708987159231257000e+15 -5.460754440671840800e+16 6.973465587248912800e+16 -1.874395936604862800e+16 -2.538873735947033000e+15 -1.422914586699930000e+15 1.334204458729623047e+13 3.311065251940137109e+13 1.351109683133980273e+13 1.741114198868133398e+13 5.092691997423220312e+13 2.019374352633563672e+13 -4.244443102035951562e+13 -6.537014475305152344e+12 -4.970698750498460938e+13 -1.383481595473550293e+12 -1.092750303325789844e+13 5.597017699711764844e+13 -1.606889616480275977e+13 -2.478174007173174219e+13 -1.214426884885642188e+13 -5.835132800043448438e+13 5.254969114316542188e+13 2.988807505181066016e+13 -2.409208391644860156e+13 -3.501893126863336328e+13 9.678136221956791016e+12 2.183454223041182422e+13 5.763230540519259766e+12 9.163316633033837891e+12 2.978934350578620703e+13 2.019909137680696875e+13 -1.525319558482544141e+13 -9.188208564582500000e+12 -3.707991273243373438e+13 1.032095247246435742e+13 -6.168997281448455078e+12 2.591098744653414844e+13 -1.315413309035506836e+13 -2.184854171424378125e+13 2.358551471364198730e+12 -3.465592716433526172e+13 3.342500393754219922e+13 1.692990605701525977e+13 -9.837430386673015625e+12 -2.632955281745497266e+13
-2.284661750949918213e+11 1.451413785669660156e+13 9.808060634715906250e+12 -3.031981319398391797e+13 -4.743414033371735938e+13 1.289729838710878125e+13 5.175525437029488281e+13 -6.167251773019185547e+12 -4.223228201207284375e+13 9.053138207673070312e+13 -1.741722576304127500e+14 5.761945234579017969e+13 1.345465396607795781e+14 -1.991480064792948750e+14 2.208068756146738125e+14 -2.183347484828533750e+14 6.350526021963903906e+13 7.773417690042514062e+13 1.992847864045997656e+13 -5.716353875818909375e+13 -1.895753467224212188e+14 -1.909806313015327812e+14 -2.207170079548279688e+14 -4.119744601653754375e+14 -1.046253250014952500e+14 1.490531196232339000e+15 2.266472816290577000e+15 -3.350017624511925000e+15 5.833812390167022500e+14 9.951381511952885000e+14 5.598649651553239062e+13 -3.497477861210874000e+15 6.952011884216445000e+15 -1.473156683429610500e+15 6.537731328845552500e+14 -4.265677214210763200e+16 7.265236381482484800e+16 -3.918962007104518400e+16 4.154250538000257500e+15 1.350305654705457500e+15 2.106240065864748535e+11 2.851767796942257812e+12 1.540332989754946533e+12 -5.878342012998913086e+12 -8.689740246264672852e+12 -3.136920569033404922e+10 8.283643913457759766e+12 4.605604688273604492e+12 -5.418322936109004883e+12 -1.447367377128560547e+12 -4.234151769410050781e+12 -4.688210550602305908e+11 1.057095601292986523e+13 -5.297214165021073608e+11 5.703979043538293945e+12 -1.659346143601896289e+13 4.481111696364023438e+12 3.147245250936499023e+12 6.710301241245166016e+12 -6.421023806967511719e+12 2.405189903050027161e+11 2.771337177524116699e+12 1.958115388433743164e+12 -4.975998475458310547e+12 -7.205261585245692383e+12 -2.928878448709410400e+11 6.627485485294465820e+12 3.913374016112734863e+12 -5.548773483308881836e+12 -1.539034316457182373e+12 7.508784072881860352e+11 -1.741192501463932800e+11 6.132906593471280273e+12 -2.147170417904069092e+12 2.694702781768849609e+12 -8.837548806165392578e+12 2.446314521103502930e+12 1.638264353225693848e+12 5.005731627161602539e+12 -4.369248688801478027e+12 -2.730564352964098828e+13 -1.140463767242814375e+14 -1.409678075002822500e+14 -1.563446010008604062e+14 -1.887026338067157812e+14 8.893402828117009766e+12 2.084976878463764375e+14 9.907182672767210938e+13 9.316743443104589062e+13 4.477372010226657031e+13 6.951459121621467969e+13 -1.643017249323313750e+14 2.345452141694007031e+13 1.632362657214603125e+14 -1.691136027038069062e+14 1.500593614951348125e+14 -2.132502127585389844e+13 -1.158341506753833594e+14 1.265135445587947656e+14 6.879531929560456250e+13 1.026039086750498906e+14 6.520550937962438750e+14 -8.305578672378383750e+14 -2.109946641562172250e+15 1.984969883966129000e+15 1.552632455676570000e+14 -1.255488173395939000e+15 4.523624794031833000e+15 1.940960215311478438e+14 -5.424965319434663000e+15 3.722389059553000000e+15 -9.326100619454516250e+14 -1.782289394449603250e+15 7.835120289201402500e+14 9.029708715001766000e+15 7.197344029748097500e+14 -5.374254280027709600e+16 6.561827441106111200e+16 -1.891781823581629200e+16 4.630464955643807500e+14 -4.307605994680751465e+12 -1.296269017400157227e+13 -1.057586190262948242e+13 -1.325379916034538477e+13 -1.977023428412835547e+13 -5.161575796583595703e+12 1.871489137155288281e+13 6.790655730075771484e+12 1.650246339691385547e+13 1.002529462179151367e+12 3.517482591179101562e+12 -1.389291081111843555e+13 5.740149953296619141e+12 9.558161551909839844e+12 4.115198881872559082e+12 1.856589806655314062e+13 -1.452883141464309766e+13 -1.116854241310358594e+13 9.927111436217640625e+12 9.541104887146712891e+12 -3.061845557291669922e+12 -8.166419066266228516e+12 -5.653006254230506836e+12 -7.740468300473523438e+12 -1.141290518672875781e+13 -5.953118238849653320e+12 6.992851794506513672e+12 5.801659569019996094e+12 1.199715700502365820e+13 -3.971398385243098145e+12 2.418186872615850586e+12 -6.694684846394365234e+12 4.651574258256288086e+12 7.621050452734522461e+12 -5.328793281217473145e+11 1.105400958181350195e+13 -9.379266456656166016e+12 -6.548716120421400391e+12 4.349654023598360840e+12 7.543850643497398438e+12
2.257077827003830078e+12 3.825727796757908691e+12 -3.972657912804131470e+11 -1.570806620433625781e+13 -1.828155039229278125e+13 6.380566756740166992e+12 3.216956969531556250e+13 3.310581478656816016e+13 -1.751055037543108203e+13 1.898431357970479688e+13 -9.664517670551967188e+13 2.833917723670595312e+13 7.387513704764901562e+13 -1.054131232886840312e+14 1.081903534875160625e+14 -1.533309653750818438e+14 5.474014262127027344e+13 5.019917398120988281e+13 2.334691157087026172e+13 -3.347961408703727734e+13 1.756296651430783438e+14 1.112631619004424531e+14 -1.349311645361044434e+12 6.159240122207131250e+14 6.025035428657466250e+14 -1.453426992454703250e+15 -1.267168829006643250e+15 2.668077928574107500e+15 -3.891187247443321000e+15 2.975816627690977000e+15 8.298600711892023750e+14 2.840741902968023000e+15 -1.022500184711633000e+16 4.695826633465698000e+15 4.953049441305958000e+15 1.890526528583350750e+15 -3.918962007084714400e+16 6.642358258055507200e+16 -4.010204110468997600e+16 7.340800605977916000e+15 8.661662444141119385e+11 1.539304320939201172e+12 4.690870408052109985e+11 -2.163194794026537842e+12 -4.334539004206712891e+12 -3.504785497028223877e+11 4.432636682866345703e+12 6.052708598154805664e+12 -2.397373457177994629e+12 -5.000226632568660156e+12 -9.424962676403666016e+12 5.540907618864169922e+12 7.460274519774268555e+12 -2.557656371258107910e+12 9.165502379921656250e+12 -1.939297768834996875e+13 2.450565051343945312e+12 5.436949624852258789e+12 7.173453770623725586e+12 -5.692738413993957031e+12 5.562188748103790283e+11 1.332497883620246094e+12 5.354569960672039795e+11 -2.326449669182484375e+12 -3.952868660452989258e+12 -4.095093462993017578e+11 4.163753497523789062e+12 4.492997869867604492e+12 -3.576717213199089355e+12 -2.927171820008062012e+12 -2.687003389917517090e+12 3.110628696609768066e+12 5.089663625999641602e+12 -4.440858695593507812e+12 6.669679842598024414e+12 -1.229918404485184180e+13 2.156428654592284912e+12 2.470702190100730957e+12 5.584083016963446289e+12 -4.099740097127357910e+12 -1.538125267234392578e+13 -3.304060603576026172e+13 -1.077619044720467407e+12 5.212664915623472656e+12 -6.698688290195965625e+13 -3.154827669165932031e+13 4.311382547271327344e+13 1.827191544671756250e+13 1.010663899339593750e+14 -2.966579044660536719e+13 6.944488225778739844e+13 -1.528129552027175000e+14 2.563558846661810156e+13 3.385595280996376172e+13 -6.492150285270225000e+13 9.465706890157203125e+13 -1.163809542150516562e+14 -1.888074360360305078e+13 6.365124587395010156e+13 6.226767696216007812e+13 -3.472508413948407500e+14 -4.206133186363451875e+14 4.713147428081943125e+14 1.396697717378993500e+15 -2.166761194020509750e+15 1.497525301779068500e+15 -6.436513064884338750e+14 -2.472162013472646000e+15 1.315798412593948250e+15 2.359014035073211250e+14 -7.406204058524813750e+14 2.858719386585651500e+15 3.173129879227118000e+15 -9.482114534258738000e+15 -1.466544065413760500e+15 1.007726097252872800e+16 6.381987284850133000e+15 -4.831752037560404000e+16 5.848197256850156000e+16 -2.056380237345576400e+16 -3.627587572292576172e+12 -6.131159651074550781e+12 4.177185943294222656e+12 4.909358516499146484e+12 -9.641802241831001953e+12 -7.206496142137017578e+12 5.208690632140821289e+12 -4.135789133024540039e+12 1.294117853745690430e+13 -3.261497002894603882e+11 2.984444532516792969e+12 -2.049603818976924609e+13 3.671370297081423340e+12 4.770555362355423828e+12 3.056424713310106445e+12 1.621063488955947070e+13 -1.736729007370359961e+13 -6.207249213347249023e+12 3.835565449164146484e+12 1.175146999440505469e+13 -2.710789063918752930e+12 -4.525428096277318359e+12 3.224440863416083008e+12 3.550449091996425781e+12 -5.831387495057332031e+12 -6.210048415797031250e+12 1.534107568628750000e+12 -1.083917936869017578e+12 1.004942304933391211e+13 -1.998598798634614502e+12 1.138473141587537842e+12 -9.156122975008947266e+12 3.065252214528181641e+12 5.223997480824597656e+12 -9.300992529443242188e+11 9.593199683381041016e+12 -1.087237622445772852e+13 -3.235102696926847656e+12 1.191983083589779297e+12 8.367780578066673828e+12
6.938514847962235107e+11 5.048867170568844727e+12 2.416489909358410645e+12 -1.312203992145462891e+13 -1.842878579335742188e+13 5.481255913055157227e+12 2.418651128433723828e+13 9.445195012589574219e+12 -1.681955860785137500e+13 2.986406630928566016e+13 -7.751877712599612500e+13 2.443231178579985156e+13 5.962147250093900781e+13 -8.693587932499248438e+13 9.349172293716614062e+13 -1.079134922716354062e+14 3.477250066791648438e+13 3.695511710085942188e+13 1.297060982493517773e+13 -2.602928465767105469e+13 -9.059141602628696875e+13 9.960870954364817188e+13 3.288915683229509375e+14 -6.898005463606368750e+14 -6.581186797944316250e+14 1.043858998950944531e+14 1.837682588631351172e+13 1.093572053281144250e+15 1.393605879707072000e+15 -3.110980850694245000e+15 -2.903679452247665000e+15 2.742351715895835000e+15 5.677967043470586000e+15 -4.153962498903009000e+15 -3.434438870803481250e+14 1.834235518463468250e+15 4.154250537831771500e+15 -4.010204110453188000e+16 5.458838370365191200e+16 -2.037197551343458800e+16 3.437959114597467041e+11 1.254854556228919434e+12 5.568678915567431641e+11 -2.249649723822762695e+12 -3.704935837084580566e+12 -1.251138649769583130e+11 3.632130709581640137e+12 3.216874418403946777e+12 -2.208242376824608398e+12 -2.044832936548715088e+12 -4.245719785460887207e+12 1.727260253512787109e+12 5.236969801243520508e+12 -9.912090652320653076e+11 4.541133765303752930e+12 -1.078435411034073242e+13 1.982417541198765381e+12 2.632364168011173828e+12 4.137888448646938965e+12 -3.568564330887059570e+12 2.481302613997720337e+11 1.164935840470392822e+12 6.875962439534346924e+11 -2.069616279667199463e+12 -3.191756811320954590e+12 -2.127811487864797363e+11 3.111971513887951172e+12 2.516464120881588379e+12 -2.635715981465068848e+12 -1.376838556988029297e+12 -7.015537008892817383e+11 9.928220668177086182e+11 3.292426618319529297e+12 -2.040035854958588867e+12 2.926136072441853516e+12 -6.401300938379936523e+12 1.355425059425147705e+12 1.250296148363511230e+12 3.164476639240440918e+12 -2.503705193496226562e+12 -1.222960873585182422e+13 -4.066634077935564062e+13 -3.699644128625567969e+13 -3.889360762197357031e+13 -7.139762792570621875e+13 -8.216896831570488281e+12 6.857537814181316406e+13 3.184594485818807031e+13 5.794148603143715625e+13 1.736433690748100098e+12 4.124153675519517188e+13 -9.369770784536223438e+13 1.465078225984294922e+13 5.372264127926410938e+13 -6.561728354558609375e+13 7.058849328780715625e+13 -4.438075547809483594e+13 -3.640556395274522656e+13 5.412183472673288281e+13 3.865943800282135938e+13 1.603777816473260000e+14 2.618345573282055312e+14 2.509751839390771875e+14 -6.959273669300616406e+13 1.200211929308298500e+15 -2.001541235036340000e+15 -4.100210127336662500e+14 2.724710431265139375e+14 1.013301554485375500e+15 1.215671890195156500e+15 -8.309402183077888750e+14 -5.301527591345301000e+15 2.793746035977028500e+15 7.524170581242102000e+15 -2.163540859347856250e+15 -2.277906945456750000e+15 6.391142526704553000e+15 8.379693209136893000e+15 -4.474715108905666400e+16 3.940957598202725600e+16 -2.330118481534320801e+12 -5.415019629633358398e+12 -1.354608205815012451e+12 -1.806250908649987061e+12 -8.355832711049958984e+12 -3.746409325966972168e+12 6.602142489036427734e+12 3.846673328987930908e+11 8.607618781540014648e+12 1.517101374871521912e+11 1.910139727883989014e+12 -1.045060659817313477e+13 2.717041076083922852e+12 4.076140398305221680e+12 2.089505413011855713e+12 1.023497331356705078e+13 -9.571757688744966797e+12 -4.974121976030242188e+12 3.860005358775140625e+12 6.401369154243445312e+12 -1.700398924325423340e+12 -3.632630571718819336e+12 -3.931317310708141479e+11 -8.268574750121064453e+11 -4.912198809897391602e+12 -3.619594054086496094e+12 2.329366874184782715e+12 1.146097908312643799e+12 6.471680515701973633e+12 -1.699116252553919189e+12 1.008404626275843506e+12 -4.795483743319512695e+12 2.231852686277202148e+12 3.724017175319743652e+12 -4.488839771869653931e+11 6.074310555742390625e+12 -6.065938191364458008e+12 -2.781592270464282227e+12 1.528240230196702881e+12 4.753092700586443359e+12
4.235804210036947632e+11 -1.187551257400316797e+13 -8.329570185424101562e+12 2.401976854601378906e+13 3.822063901847839844e+13 -1.024818003876487891e+13 -4.045422298161396875e+13 8.592926072381291016e+12 3.390317454310681641e+13 -7.457125345864442188e+13 1.373269996847723438e+14 -4.580134882807927344e+13 -1.061638108130083281e+14 1.575391423484993438e+14 -1.755598951041891250e+14 1.688607656859301562e+14 -4.807943403221582031e+13 -6.056832985015032031e+13 -1.445773282991658984e+13 4.489109365904203125e+13 2.956056634414335938e+12 -4.440847738799838281e+13 -1.536360796000051250e+14 1.017500929834757969e+14 6.509058981227477344e+13 5.593099128827625000e+14 5.070077740667706875e+14 -1.754888037642601250e+15 7.097942071482401250e+14 5.488751822647744375e+14 1.833309006279116250e+15 -1.890278213336767000e+15 -7.821195520484190000e+14 1.173380847930067250e+15 -3.476483481947993750e+14 6.189215274653585000e+14 1.350305654756583500e+15 7.340800605915072000e+15 -2.037197551340862800e+16 1.152015814424169800e+16 -8.954760011364782715e+10 -2.252891753522604980e+12 -1.253863752052952393e+12 4.747000669972316406e+12 6.901229687254907227e+12 -9.281321589682992935e+09 -6.548010794900298828e+12 -3.274176248610053711e+12 4.334314576369374023e+12 7.125638205049156494e+11 2.615869382797856445e+12 9.620632128437944336e+11 -8.171876376924625977e+12 1.864840064242582703e+11 -3.884548132632939941e+12 1.204302379630662500e+13 -3.536824276713400391e+12 -2.104567938686758057e+12 -4.938445973165128906e+12 4.845185995016864258e+12 -1.464651891229906616e+11 -2.206037737401725098e+12 -1.600162661203389893e+12 3.967738745778087402e+12 5.685642425386703125e+12 2.057056956595949402e+11 -5.175814921900499023e+12 -2.848439467317062988e+12 4.324122642847760742e+12 1.001740890762973267e+12 -9.089880854978420410e+11 4.648172861353688965e+11 -4.663279019849893555e+12 1.361106789445801270e+12 -1.596224888216313721e+12 6.212774294412665039e+12 -1.847211617603440918e+12 -1.132217689077071289e+12 -3.660188447315672363e+12 3.273868428783304199e+12 2.150580472204538672e+13 9.300882053155809375e+13 1.190248396681279688e+14 1.326624752859463750e+14 1.526357245551192500e+14 -1.073779858618418750e+13 -1.718029251347611562e+14 -8.186172616594251562e+13 -6.841661581609039062e+13 -4.086877336478507812e+13 -5.165634651032444531e+13 1.232492026041830469e+14 -1.720394104311070117e+13 -1.344969739355670781e+14 1.362915433202903594e+14 -1.171517223664047500e+14 6.137093118423566406e+12 9.596574934205890625e+13 -1.004190471894350312e+14 -5.178144554415825781e+13 1.805166902091900000e+13 -1.302071434194510781e+14 -2.582220459388472500e+14 -1.816066872117498750e+14 -1.709070326238228438e+14 6.676844724498642500e+14 4.328506571501425000e+14 5.280858964326639375e+14 -5.101049360203806875e+14 -9.935513913715990000e+14 1.125454490615807656e+14 2.759977157326433000e+15 -2.065137379701544250e+15 -1.973666726415086000e+15 8.205362316891560000e+14 2.513624254340316250e+14 -2.755130218871244000e+15 1.923943184090641750e+15 8.469105870978250000e+15 -1.563678025407214200e+16 3.269990408708155273e+12 1.032891443864394141e+13 9.364470929402125000e+12 1.170242406428292969e+13 1.572359830365269141e+13 3.626211057714069824e+12 -1.528442659876502930e+13 -6.161285704279625000e+12 -1.262499542912620703e+13 -8.805653385908314209e+11 -2.667920221911885742e+12 9.648083795870626953e+12 -4.476192134341526367e+12 -7.590623434900612305e+12 -3.165711845676106934e+12 -1.403496125118359570e+13 1.050502966911840039e+13 8.804871564684369141e+12 -7.997914377594988281e+12 -6.863299013455808594e+12 2.310797702360190918e+12 6.439465382849381836e+12 5.106764163698147461e+12 6.904215528624210938e+12 9.049771649398537109e+12 4.396920133110316895e+12 -5.753139958518013672e+12 -5.013798139447988281e+12 -9.112778667679845703e+12 3.152209803315898438e+12 -1.927395481862429199e+12 4.722771536491835938e+12 -3.618112569105821289e+12 -5.907223098919566406e+12 3.553635167516729736e+11 -8.362294948210356445e+12 6.816300718493399414e+12 5.204082280961149414e+12 -3.554256861199084473e+12 -5.520928177518105469e+12
3.297437880903803101e+11 -7.581469050319807129e+11 -9.213697212541640625e+11 5.255087134520888062e+11 1.685214695346222168e+12 -2.648546579486417847e+11 -1.624404033781192017e+11 5.085446745067975586e+12 1.331187423508472656e+12 -5.397983291551983398e+12 2.139655228342196289e+12 -1.206073786629918213e+12 -1.760170679988743164e+12 3.144644200589831543e+12 -4.678076660361572266e+12 -1.731309548249832520e+12 1.894515050589522949e+12 1.411239144924308014e+10 1.440572355036009766e+12 4.607835157808562012e+11 2.035950292803569031e+11 -9.391923749339419556e+10 -1.147749095524063721e+11 4.372057349986118774e+11 6.071207685610335693e+11 -1.241325776902667694e+11 -1.593774620097032776e+11 9.971714268224008789e+11 5.940677736004777832e+11 -1.751738818916877930e+12 -1.381986551164428711e+12 1.174981581279101074e+12 1.003656114455255699e+10 1.886990315717846985e+11 -2.512658539060079193e+10 -1.665580721762379883e+12 2.106240167042638245e+11 8.661662521651477051e+11 3.437958960766871948e+11 -8.954759432932130432e+10 7.800059022438951562e+13 3.848177484788135156e+13 7.828641111636214844e+12 7.311192184178832812e+13 -1.790962281693928438e+14 -7.540911464742301562e+13 1.468374855078680312e+14 -1.752878016049211250e+14 1.712753605787907188e+14 -1.005385101768851562e+14 2.618248406114176953e+13 -6.059117692095927344e+13 6.510657372312165625e+13 -4.357639250388594531e+13 3.626739987553719531e+13 6.625382921864336914e+12 -1.806133947253014062e+13 1.489856227561952344e+13 -1.504790887670721680e+13 3.863815779944027832e+12 5.502529938320262909e+10 -6.219709491576559448e+10 -9.963197662894714355e+10 1.207390008531324158e+11 9.471458329204151917e+10 -3.027597936728483582e+10 -1.472565705136462021e+10 2.703161621168034668e+11 -1.064647686165021956e+08 -2.654240681865218201e+11 -4.348803873400614624e+11 4.420020410873028564e+11 1.559734641005491943e+11 -4.192714811639004517e+11 6.765533109838751221e+11 -9.056855565177283936e+11 7.952953109570552063e+10 1.940505722236336060e+11 3.234068147782331543e+11 -1.760896170365210876e+11 3.039225369143032227e+11 5.548584857702539062e+12 1.231165583517839062e+13 1.453342639044783203e+13 7.491461905836312500e+12 -5.112786605763188477e+12 -1.251516032154722852e+13 -6.250535335794743164e+12 5.626313999079853516e+12 -8.025894192670132812e+12 3.380088007811512695e+12 -6.435978028506272461e+12 1.442806831191449707e+12 -9.784413467730083984e+12 6.043344557155784180e+12 -2.810990368046600342e+11 -1.407645292718187500e+13 7.648576066359342773e+12 -2.452347118842782715e+12 2.459329101378344727e+12 -8.432543162727659607e+10 1.435041779643090088e+12 3.929436692104449707e+12 4.600232181568545898e+12 1.748455310871082764e+12 -1.568215400776562988e+12 -3.578251933692047363e+12 -2.281453629619753418e+12 7.165416601507135010e+11 -1.377537470727715576e+12 1.121509296633887634e+11 -3.714119565880788086e+12 3.431216175329208374e+11 -1.343036791491814453e+12 6.940212389480855713e+11 6.634437253295050049e+11 -3.723661085438825195e+12 1.631838163062233887e+12 -9.470519973610114746e+11 1.165266583350162842e+12 -1.000045085933859570e+13 -1.391136127582833496e+12 6.454278329971679688e+13 8.394698508129250000e+13 -7.017296990842907812e+13 -3.575746560870885156e+13 -9.617753149574243750e+13 -1.726220480904651562e+14 -1.081405226533880156e+14 2.706966795647105078e+13 4.346169645563958594e+13 -1.109066853813696406e+14 -7.228094233094077148e+12 -3.916496609768581250e+13 -2.259117185451414062e+13 9.925013920879695312e+13 -4.723894196343450781e+13 9.159681786973269531e+12 1.859721588067413672e+13 -1.115986398954580859e+13 -1.011544293414287720e+11 1.011417892938650055e+11 9.418627665625437012e+11 1.171074199989774170e+12 2.089746003557528687e+11 -3.255210133136750488e+11 -4.076657044759635010e+11 -6.614358957484206543e+11 3.178759734061557007e+11 7.691076451608853149e+10 -5.759328364412894440e+10 -6.640224232533267822e+11 9.259646487862396240e+09 4.286710994833805847e+10 -8.046150202764613342e+10 3.386666531956044312e+11 -6.621238031869941406e+11 1.351249948621583099e+11 -2.209678837679984131e+11 4.808500072929977417e+11
-2.637432256668183594e+11 2.563705774662738770e+12 2.019964717617187256e+12 -4.611700767613039062e+12 -7.821477937251240234e+12 1.990744754602903320e+12 7.355729113790547852e+12 -4.437469805153388672e+12 -6.844794445113741211e+12 1.646130443353349609e+13 -2.587398621865855078e+13 8.909809419354322266e+12 2.006285355972132422e+13 -3.007497884714570703e+13 3.418331714029945312e+13 -2.933227019500025000e+13 7.553947365432830078e+12 1.086657822097518555e+13 1.775798873454186768e+12 -8.322155969668646484e+12 -1.324217882795833282e+11 6.448699779060495605e+11 2.454634275280840759e+11 -1.896647803162536133e+12 -2.812150802843336914e+12 7.583231941444754639e+11 2.804365177614750000e+12 -2.966585691433286133e+11 -3.059755723237279785e+12 3.585964184018757812e+12 -3.875079952686778809e+12 5.337991234437933350e+11 5.259858692751213867e+12 -4.337677737173197754e+12 5.870018577736170898e+12 -7.564448809407495117e+12 2.851767827144341797e+12 1.539304322512320557e+12 1.254854528646960449e+12 -2.252891739981700684e+12 3.848177484632084375e+13 3.715348923897580625e+14 4.472231530346576875e+14 -1.336766313488947188e+14 -4.527627832985657500e+14 -1.615285716633029062e+14 2.977654183030618750e+13 -7.379959021222585938e+13 -4.900121897412469531e+13 -1.228888904259351953e+13 4.701424471744908594e+13 -3.561243002437953613e+12 -8.798132025780437500e+13 7.420958953427687500e+13 4.196648387298579102e+12 -9.162002115180857812e+13 7.494677725078389062e+13 -6.912736406807224219e+13 5.283266943430371094e+13 6.180429165280446289e+12 -5.023999662112047195e+09 4.314813012790140381e+11 3.440089568148504639e+11 -7.811045597541187744e+11 -1.074728578566774780e+12 -1.969973660073214340e+10 9.376624104062832031e+11 3.575511284671313477e+11 -7.763045372155202637e+11 -2.877428811190526962e+10 4.107392025208195801e+11 -3.350453044591558228e+11 7.484774699480253906e+11 -5.725060091919330597e+09 -9.850778990563320923e+10 -5.999369067924857178e+11 2.863848764996809082e+11 9.282666797509387207e+10 4.730753676172960205e+11 -4.875682846637996216e+11 -4.034208251099333984e+12 -1.985736066883468750e+13 -2.837793651698072266e+13 -3.209112327079505078e+13 -3.166884377350807422e+13 4.838127764175484375e+12 3.796970078294886719e+13 1.825553508651009766e+13 9.081177729336259766e+12 1.190608764500235938e+13 7.350557988813108398e+12 -1.846510956699277734e+13 2.267588827394936523e+12 2.971732328082221094e+13 -2.791008451140262500e+13 2.119375815583233594e+13 6.910540861708713867e+12 -2.158358573263330469e+13 1.942541475505489844e+13 7.897121628552740234e+12 -1.326915430383252930e+12 -5.983779441299365234e+12 -7.973386579962993164e+12 -8.982496528525210938e+12 -9.286220434537533203e+12 1.054448614453539673e+12 1.152417412920022852e+13 5.611859580245825195e+12 4.425919915057083008e+12 9.887886868233848877e+11 3.636093900614267090e+12 -4.591622336452395508e+12 1.591897189486333740e+12 5.806720221943639648e+12 -1.418434620829393799e+12 6.226433654487515625e+12 -1.438859320407130127e+12 -5.478278501272047852e+12 6.334751111510613281e+12 2.055942134776491943e+12 -1.794883827823619141e+12 6.162684105990947656e+13 1.774361504120415938e+14 2.385253807947354062e+14 1.178952753245522969e+14 -2.085863900279210000e+14 -7.086709919296156250e+14 -3.427997461560826875e+14 -4.284174982764845625e+14 -3.494005989290050625e+14 -2.855798197980929375e+14 -1.148719597914387344e+14 5.260529505052932031e+13 -2.391350864895625625e+14 6.770047853676722656e+13 9.340563409043173438e+13 -2.941495012191172500e+14 1.753110489389104062e+14 -1.467323756913917812e+14 6.803142522788022461e+12 -3.573094242552373657e+11 -1.213730572672114990e+12 -1.452997634069532227e+12 -1.906185848698731201e+12 -1.743771547113393066e+12 -6.041467867617353516e+11 1.264981257761320312e+12 1.276685230170030518e+12 1.455197112859205078e+12 -6.097348020243911133e+11 3.788326044478775024e+11 -4.699736821664072876e+11 6.443353883811384277e+11 1.036199663930989868e+12 -1.800396558741604614e+10 1.308619047643664551e+12 -8.469327229593255615e+11 -1.011269836380089111e+12 7.639177777525603027e+11 7.175401430099232178e+11
-3.106182688085357666e+11 1.840990153771930664e+12 1.606556836387603516e+12 -2.907992703706899902e+12 -5.314287705366069336e+12 1.273602377976652344e+12 4.312894142705071777e+12 -5.003442538218302734e+12 -4.581539070579383789e+12 1.207602740374872852e+13 -1.592589449315058398e+13 5.710115519928920898e+12 1.239770731605135938e+13 -1.882832888099841406e+13 2.193188516700376172e+13 -1.605282917505319141e+13 3.436518167287022461e+12 6.249064678983668945e+12 3.286416282542717285e+11 -5.012924558423550781e+12 -1.742722871034181213e+11 4.164749511718482056e+11 1.965803256509553223e+11 -1.302423392647197021e+12 -1.911295323317639893e+12 4.963384919009140625e+11 1.691210909490583496e+12 -6.509553636292785645e+11 -2.047555066923189453e+12 2.907947129947306641e+12 -1.565403316209735840e+12 -2.584837042079163208e+11 3.023253424753123047e+12 -2.588053742068698730e+12 3.391453152075900879e+12 -3.552803442967571777e+12 1.540333022510583252e+12 4.690870574182953491e+11 5.568678505305183105e+11 -1.253863733064309814e+12 7.828641109145933594e+12 4.472231530307823750e+14 8.041006673272048750e+14 -8.773228088196059375e+13 -5.324181400974620625e+14 -4.314747828907312500e+14 1.680247254235935547e+13 -1.559127310120807812e+14 7.115111942246229688e+13 -1.566011234837714375e+14 9.376197568412064062e+13 8.848287647323289062e+13 -2.495425687217445938e+14 1.943156651428324688e+14 -2.532763113901823828e+13 -1.516025392171485938e+14 1.180443847457872656e+14 -1.357250824500275469e+14 1.019422348051093125e+14 9.115468694779207031e+12 -2.938872135748253250e+10 2.783524773673747559e+11 2.460209662417192078e+11 -5.078193841049886475e+11 -6.643263378413120117e+11 3.237690797096404076e+09 5.469004324260207520e+11 7.567553892099887085e+10 -4.468650717410189819e+11 1.112447472301985626e+11 4.458700657644338989e+11 -4.057226533109999390e+11 3.557904502872390137e+11 1.985963633760554810e+11 -3.824922621738755493e+11 9.073401481624047852e+10 1.265750054842338867e+11 -4.000141103786611176e+10 1.166176975524836273e+11 -1.958990722190363464e+11 -2.468831107326426758e+12 -1.410364724875639648e+13 -2.226555130235392188e+13 -2.547307534362645703e+13 -2.183904272506063672e+13 5.247264735445210938e+12 2.788549790650008594e+13 1.351949244365478320e+13 2.518762281539729004e+12 1.071902216916989453e+13 2.604076417441563477e+12 -7.531186330945849609e+12 6.106877135512222900e+11 2.181968497253465625e+13 -1.897782107916633203e+13 1.233654817985792383e+13 1.075663476115359961e+13 -1.610864262770121875e+13 1.236404150680850977e+13 3.362107401946939453e+12 -7.232963081560834961e+11 -4.135863529899941406e+12 -6.482404573217478516e+12 -7.386355578386059570e+12 -6.187988488208948242e+12 1.362188312363475098e+12 8.357477192694718750e+12 4.329324249780318848e+12 2.202952682569592773e+12 1.232570725012565430e+12 2.039285299436112305e+12 -8.549194892096795654e+11 7.512271470588649902e+11 3.989627406213762695e+12 -1.150781820667665771e+12 3.265072083815061523e+12 9.647124651359514160e+11 -3.939611639525111816e+12 4.102934507922764160e+12 6.224878528682648926e+11 3.364216196266407812e+13 1.779355536977142812e+14 2.202437400853191250e+14 3.100721733508021875e+14 4.310494925882636250e+14 -2.741056693984792500e+14 -1.165795775762368750e+15 -6.021620470951600000e+14 -6.520940242314071250e+14 -5.034917023702315625e+14 -5.638899877794247500e+14 -1.147772172942932031e+14 9.229120323373657812e+13 -4.798414379736619375e+14 1.260002397328694531e+14 2.820146947080937109e+13 -3.327020317392360000e+14 1.497962019250700312e+14 -2.653909045665977500e+14 3.167050673624868750e+13 -1.569930354876266785e+11 -7.474443941158868408e+11 -1.290023381009172363e+12 -1.661295107218495605e+12 -1.104512424642087646e+12 -1.910570329843646240e+11 9.245502143785437012e+11 1.053486243308382935e+12 6.846858040047911377e+11 -3.880576297346206055e+11 2.458259264825231934e+11 4.918520479612611389e+10 3.664832226263790283e+11 5.758956305959045410e+11 2.837975532567200470e+10 5.902899111468043213e+11 -1.687434329851616821e+11 -6.472522751569118652e+11 5.461883632605188599e+11 1.815415529151696777e+11
1.012285187769896729e+12 -6.556029967337928711e+12 -5.600360048681868164e+12 1.066835307669227344e+13 1.915902438707216797e+13 -4.656238118496231445e+12 -1.610936463185131445e+13 1.641104756122252734e+13 1.657390624147107812e+13 -4.280684340499874219e+13 5.876964890412414062e+13 -2.086729539878084375e+13 -4.570598459458039844e+13 6.919413095146484375e+13 -8.012757385759065625e+13 6.104640150230189062e+13 -1.377731326565825781e+13 -2.345731240337048828e+13 -1.903308721715237305e+12 1.859759620206125000e+13 5.592948222376112061e+11 -1.519215552000212646e+12 -6.843209850771821289e+11 4.684232414175830078e+12 6.890106707722228516e+12 -1.804864808985834229e+12 -6.272447661909062500e+12 1.979035033421569580e+12 7.407519512584276367e+12 -1.009785479738973633e+13 6.517231005344201172e+12 4.235166225003154297e+11 -1.134997809680359961e+13 9.624378599923958984e+12 -1.271535801848207617e+13 1.410721384398869141e+13 -5.878342099028915039e+12 -2.163194728549971680e+12 -2.249649700865666992e+12 4.747000651161971680e+12 7.311192184506775000e+13 -1.336766313575230938e+14 -8.773228090290043750e+13 1.032731398948986375e+15 6.673400048164213750e+14 -2.994384137295562500e+14 -1.228001382271359500e+15 5.995634494365014062e+13 -1.787327913222365000e+14 1.252231901824680156e+14 1.652705754741321875e+14 -2.090606921703849688e+14 -1.076394888354812031e+14 2.321827839368943750e+14 -1.365582662013912969e+14 1.305018914531336562e+14 -1.396874818592342188e+14 1.494552262914465312e+14 -1.323728884985219688e+14 -1.624915845527519775e+12 8.469382149910595703e+10 -1.015639903044563232e+12 -8.768987501951718750e+11 1.849527981244657715e+12 2.448953017934711914e+12 1.931339799793601274e+09 -2.045494748215979248e+12 -4.097124074548521729e+11 1.676992727270856201e+12 -2.940157824083384399e+11 -1.470942069391020508e+12 1.316969102876272461e+12 -1.407712126083414307e+12 -5.502633528301198730e+11 1.120702280967961914e+12 8.074505979209303284e+10 -5.119855028090285034e+11 5.985806055764476013e+10 -5.880478241863471680e+11 8.170473926326903076e+11 9.123380579940447266e+12 5.034581073410228906e+13 7.782928373711082812e+13 8.883273826255451562e+13 7.847064082238614062e+13 -1.731331900450700195e+13 -9.882450345060314062e+13 -4.782717877260842969e+13 -1.206895242870206250e+13 -3.649218159979167188e+13 -1.134438101568795508e+13 3.125557681925464062e+13 -2.962780913770383789e+12 -7.733153219220184375e+13 6.840691730310987500e+13 -4.616439378758781250e+13 -3.381916398731811719e+13 5.689319691687867969e+13 -4.525770623165039062e+13 -1.376077055750067969e+13 2.753521092948782715e+12 1.485313042132918164e+13 2.249879071307689844e+13 2.557903912593938672e+13 2.240833069281036719e+13 -4.382470628548333984e+12 -2.969867872908467188e+13 -1.518545417624231641e+13 -8.600248822152292969e+12 -3.984741041236130859e+12 -7.704951157560830078e+12 4.935703114457840820e+12 -2.978702929102723633e+12 -1.434714813133916406e+13 3.995725746946205078e+12 -1.256134926011645703e+13 -1.888356226081659424e+12 1.402512805457506250e+13 -1.495652603631999219e+13 -2.877972810144512695e+12 2.999950057232582422e+13 1.275646139274235312e+14 2.829275466519113672e+13 6.788054096379163086e+12 1.537624579121516875e+14 6.815741972099460000e+14 5.285443378223563125e+14 -1.310174296128542250e+15 -1.083788630517166625e+15 -7.403332459265753750e+14 -1.087433779758902812e+14 -2.165564260429457812e+14 -3.348489043715651250e+14 -3.346242787116650000e+14 3.086445814118010938e+13 -8.098992181518567188e+13 -1.103572177673751758e+13 -1.766803800596888438e+14 1.932139748689357500e+14 -1.571839059417927812e+14 6.361925510725418701e+11 2.757879004969105469e+12 4.402979742081825195e+12 5.689636515504481445e+12 4.047687913977215332e+12 8.683785821440665283e+11 -3.279934147196115234e+12 -3.645760597422778809e+12 -2.717254262150961914e+12 1.420485125140026123e+12 -8.957193795873497314e+11 1.242659986206018372e+11 -1.379602253641051025e+12 -2.181090032335189941e+12 -6.907771840390359497e+10 -2.372685975242803711e+12 9.411990152881889648e+11 2.366084131688315918e+12 -1.946897448854661621e+12 -9.049144242612691650e+11
9.688536619918082275e+11 -8.260162085185291992e+12 -6.661517980507927734e+12 1.446219923532223047e+13 2.490355071239737109e+13 -6.260913072378411133e+12 -2.274776874623109766e+13 1.608216452439948633e+13 2.172586814412454297e+13 -5.328839164321135156e+13 8.075774876482706250e+13 -2.803123060572112109e+13 -6.266787880402871875e+13 9.418091904234268750e+13 -1.075684858497355938e+14 8.958539095619096875e+13 -2.238570454145724609e+13 -3.348496440771824219e+13 -4.791726097834614258e+12 2.586749423897691797e+13 5.044394587120720215e+11 -2.031965591570968750e+12 -8.108288115279796143e+11 6.052424549816499023e+12 8.954449948284767578e+12 -2.395928619221570801e+12 -8.718661055916266602e+12 1.386011339866327148e+12 9.711413331307906250e+12 -1.188083454899497266e+13 1.128958458291764258e+13 -1.089414132287767944e+12 -1.620654906637008008e+13 1.345832152268648633e+13 -1.810374069394930859e+13 2.252636177675065625e+13 -8.689740423220232422e+12 -4.334538939828677734e+12 -3.704935742685844238e+12 6.901229635742515625e+12 -1.790962281615957188e+14 -4.527627833070545000e+14 -5.324181401281719375e+14 6.673400048269486250e+14 2.273896282677092000e+15 2.276180234119522266e+13 -1.706536436491350750e+15 1.584093229427783750e+14 -7.229913619744430000e+14 6.053748925035258750e+14 6.703423328850550781e+13 -3.481573837405338750e+14 6.083351705195909375e+13 2.625609333425551250e+14 -3.138173236222666250e+14 1.853251399966714375e+14 -8.754329963632193750e+13 1.173502595784401250e+14 -6.513069642842798438e+13 -4.261635409655962500e+13 4.151262153313861084e+10 -1.359279664049001709e+12 -1.107390673741002197e+12 2.464537350685161621e+12 3.357199291986527832e+12 4.639499571947543335e+10 -2.896913841079245117e+12 -9.741352822439545898e+11 2.392581656462329102e+12 -3.686785627308451080e+10 -1.471638651277662598e+12 1.241713083078313965e+12 -2.233086682581066406e+12 -1.806803554903142395e+11 6.236344952006544189e+11 1.420641617061832275e+12 -8.450410566628126221e+11 -1.943086220610694580e+11 -1.305076124820881836e+12 1.419428931049722656e+12 1.257750652764495117e+13 6.382654294685421875e+13 9.328671217263635938e+13 1.057819922605553438e+14 1.011494800535936562e+14 -1.732995395498876172e+13 -1.229455390945047344e+14 -5.922163120056721875e+13 -2.532751728753385938e+13 -4.049192963004505469e+13 -2.105613056906058984e+13 5.386654075411371875e+13 -6.306407749800359375e+12 -9.621936145792745312e+13 8.887969846478209375e+13 -6.545377877437798438e+13 -2.795731776474500000e+13 7.014024748399017188e+13 -6.103065871868270312e+13 -2.317622359784850000e+13 4.049768763252843262e+12 1.912128257253647656e+13 2.643331399344139453e+13 2.986077136273092969e+13 2.944791482319477734e+13 -3.991695772554006348e+12 -3.721099922116196094e+13 -1.837536873902219141e+13 -1.330208755368839453e+13 -3.699130400189678223e+12 -1.115367454193560352e+13 1.239487035283828906e+13 -4.744044197585866211e+12 -1.853205417477201562e+13 4.700016089986457031e+12 -1.887652978575566797e+13 2.673297925976028809e+12 1.765637861052964453e+13 -1.997217408273947656e+13 -5.785375310138620117e+12 1.610687424674381250e+13 -1.445906830501738750e+14 -2.894170440888486250e+14 -1.762374823470601250e+14 -2.193562136538361250e+14 1.246399507211696500e+15 2.017138260048766250e+15 -6.652283846335923750e+14 -9.644563863278288750e+14 -7.922164312407863750e+14 -3.619081636429246875e+14 1.649322715896868125e+14 -5.540264921524790000e+14 -3.079012160797034766e+13 1.481873896532495000e+14 -5.143226004227626250e+14 3.004162650206395000e+14 -3.567307804030481250e+14 2.503640641814175000e+14 -1.456116047259663672e+13 1.053407053798157837e+12 3.788654569586087891e+12 4.923775020474995117e+12 6.428958765410620117e+12 5.473289567785144531e+12 1.708048322997516357e+12 -4.091606140578689453e+12 -4.247717939196066406e+12 -4.334668080665792969e+12 1.915631211818668945e+12 -1.194834816622262695e+12 1.134397554699227051e+12 -1.981511888225217285e+12 -3.173370669605370605e+12 1.742917217109175873e+10 -3.873068270219901855e+12 2.297112389817414551e+12 3.180729783562426270e+12 -2.458977094314254883e+12 -1.984061307554515137e+12
-1.518972033890042725e+11 3.917911276270156250e+11 4.523219543471861572e+11 -3.331908786189265137e+11 -9.170236059100008545e+11 1.606761946387815857e+11 2.319049460645729980e+11 -2.350660025272221191e+12 -7.388660959207568359e+11 2.750580527153173828e+12 -1.510897276371277344e+12 7.282971091626467285e+11 1.216360292337162354e+12 -2.047697903642686279e+12 2.816721307289449707e+12 1.297886878127191772e+11 -6.755596070113015137e+11 2.299678527081451111e+11 -5.999518618922249756e+11 -3.851605698789194946e+11 -9.312512520540310669e+10 5.564980456745588684e+10 5.621192218257334900e+10 -2.350282602672662964e+11 -3.302475850608464355e+11 7.150823762948756409e+10 1.316091937406615448e+11 -4.484587581149620972e+11 -3.298456867941272583e+11 8.544381750421361084e+11 5.283481905703574219e+11 -5.092249838287818604e+11 1.098937102278540039e+11 -1.779387142819329224e+11 1.387429571707684937e+11 5.738535500204372559e+11 -3.136920187371692276e+10 -3.504786351833729858e+11 -1.251137840806121368e+11 -9.281346964728643417e+09 -7.540911464718700000e+13 -1.615285716415164688e+14 -4.314747828533863750e+14 -2.994384137103451875e+14 2.276180231516063281e+13 2.235299367914699500e+15 3.943603272242060000e+14 -1.801060096504099250e+15 1.611676126920598750e+14 -6.726418280223716406e+13 1.639890001582989375e+14 -2.523450794456309062e+14 3.005330694781946875e+14 -3.228392166699060625e+14 1.960294255892254688e+14 -2.086922282579946562e+14 2.192487762618987812e+14 -2.231436557003588438e+14 9.486132068161523438e+13 3.865789440720802344e+13 -2.449998082948393631e+10 3.694957633661547852e+10 5.164158619543393707e+10 -7.049949412888201904e+10 -6.534676752023098755e+10 1.299207972661193466e+10 2.691090752290167236e+10 -1.120491205248071289e+11 -1.682841457693400955e+10 1.170279190398575439e+11 2.016952843076395874e+11 -2.032067775883967590e+11 -5.286681545795996094e+10 1.857236734991202698e+11 -3.020334210405027466e+11 3.884165289979703979e+11 -2.902697937850543594e+10 -8.399785190507511902e+10 -1.330708617351170807e+11 6.745528402952373505e+10 -2.224159796371910400e+11 -2.891162132245277344e+12 -6.074217587189847656e+12 -7.139769304761957031e+12 -4.009135105098005859e+12 2.371491759311768555e+12 6.372935436344323242e+12 3.167488693542237305e+12 -2.296534234069111328e+12 3.816416179472752441e+12 -1.338481732392709229e+12 2.451433626375796875e+12 -5.902488616377360840e+11 4.983097431017334961e+12 -3.285525899229956055e+12 5.853208710735429688e+11 6.389820893102662109e+12 -3.859539090451719727e+12 1.509319377334719727e+12 -9.184623485001864014e+11 8.533270792544193268e+09 -7.661820291692828369e+11 -1.915110356506196777e+12 -2.234386826557794922e+12 -9.768973045132517090e+11 7.180565477767111816e+11 1.836630929268345947e+12 1.133281483396733887e+12 -2.214041102997024841e+11 6.321075252271285400e+11 2.933020203755183792e+10 1.546524387182595215e+12 -1.174895901008328857e+11 7.215516225480001221e+11 -3.384701679668858643e+11 -1.587279320001891479e+11 1.619288892636192871e+12 -8.424260428217753906e+11 5.575027621266948242e+11 -4.718281836415197754e+11 -3.307262043362867969e+13 -1.390360085691007969e+14 -2.483436396470031250e+14 -4.826778251594540000e+14 -2.595941534245697500e+14 4.271723313554865625e+13 1.425150904032353750e+15 1.902614098558227000e+15 -7.854655661320072500e+14 -7.612126726155092500e+14 -3.273486117144166875e+14 -1.256877584038621289e+13 -2.895158782462845625e+14 1.611074681077554688e+13 -9.856554485597820312e+13 -2.203621243420917812e+14 -2.399693010680684062e+14 3.466948732095815000e+14 -3.928270210125070000e+14 8.349880940713293750e+13 3.707080309764382935e+10 -7.121732233371212769e+10 -4.490805799764731445e+11 -5.605335858587557373e+11 -1.305381877486766968e+11 1.311587217065066528e+11 2.082027133410112915e+11 3.209444659205698242e+11 -1.092695086974439087e+11 -4.734632468966777039e+10 3.376487821684256363e+10 2.841203475905284424e+11 9.902910533618080139e+09 3.523953287688041210e+09 3.527430923928212738e+10 -1.216713256331761322e+11 2.750849263626829224e+11 -8.187964522588848877e+10 1.145537683379424133e+11 -1.975455701929479065e+11
-7.840390499800985107e+11 7.495555025952896484e+12 5.922448146113944336e+12 -1.344026895026975781e+13 -2.283556489998920312e+13 5.803747692175943359e+12 2.140271943918274219e+13 -1.316768105723040039e+13 -1.997666408422178906e+13 4.815544476197424219e+13 -7.536521618056710938e+13 2.597641045472091797e+13 5.844385748854485156e+13 -8.763555234925870312e+13 9.966353188364568750e+13 -8.522495800234003125e+13 2.187361214293640625e+13 3.160507449612812891e+13 5.090990857677388672e+12 -2.422892524245273047e+13 -3.956082981178732300e+11 1.880448724660222412e+12 7.198328234337231445e+11 -5.538913415439734375e+12 -8.210409378156408203e+12 2.211982797592222168e+12 8.164771874181358398e+12 -9.140511800471070557e+11 -8.929909244307423828e+12 1.051985536297315039e+13 -1.119982686657900391e+13 1.492227869691943848e+12 1.529796256494850391e+13 -1.262597262742786914e+13 1.707443353369927148e+13 -2.191591537955546094e+13 8.283644235858162109e+12 4.432636485539959961e+12 3.632130614943207031e+12 -6.548010719359271484e+12 1.468374855277248125e+14 2.977654187351135547e+13 1.680247262814582227e+13 -1.228001382181503250e+15 -1.706536436475232750e+15 3.943603272509071875e+14 7.364980995229632000e+15 -4.751167629470271000e+15 -3.408747173203668750e+14 7.372955422851828125e+13 -4.338909375542840625e+14 6.226762755789648750e+14 5.378238433300505000e+14 -9.564223064828908750e+14 3.431409553776661875e+14 -3.826383108080240000e+14 5.168361887984717500e+14 -4.198738715902300625e+14 1.849336020416377812e+14 3.860551096108184375e+13 -1.743819007122325516e+10 1.258171552999274414e+12 1.005677766805510742e+12 -2.278068388180573730e+12 -3.130747106329531250e+12 -5.574292387955413818e+10 2.727977264147738770e+12 1.026069511318179810e+12 -2.257903312913117676e+12 -7.005870431800091553e+10 1.216978481647091553e+12 -9.971869617651186523e+11 2.168961080032980713e+12 4.879172014480978966e+09 -3.212559252470733032e+11 -1.698426411392794678e+12 8.288753645816228027e+11 2.600246427406882324e+11 1.359347264734501953e+12 -1.409065638933295898e+12 -1.174923402338189648e+13 -5.804071949414878906e+13 -8.317039594198709375e+13 -9.408441509387489062e+13 -9.249457714138232812e+13 1.433441017297540625e+13 1.110788091355196250e+14 5.341780259044911719e+13 2.612397090491571094e+13 3.504140066118139844e+13 2.120576798522029297e+13 -5.337587834677525781e+13 6.521271934433101562e+12 8.693626437533264062e+13 -8.148774063294787500e+13 6.165717377277217188e+13 2.082240418162970312e+13 -6.316934398320613281e+13 5.662539085429932031e+13 2.284274175521621484e+13 -3.855046502460058105e+12 -1.747771169541995117e+13 -2.339264370954717578e+13 -2.636212014779662500e+13 -2.709906379249005859e+13 3.147431676563691406e+12 3.370219150532127344e+13 1.643943621870494727e+13 1.283613259219857031e+13 2.946660436871412598e+12 1.056994055506166797e+13 -1.316414981770231641e+13 4.612457930443776367e+12 1.695801135236435938e+13 -4.161207874131039062e+12 1.807571839051484766e+13 -3.993750604817926758e+12 -1.601755110113301562e+13 1.847346380818772656e+13 5.919935304163293945e+12 -5.738994351240045312e+13 5.756322123622471875e+13 2.556139489921022656e+13 -3.336367420551848125e+14 -1.837616833549538125e+14 -1.229425873666427500e+15 -1.029755023205861500e+15 5.346034867553839000e+15 8.324018038371413750e+14 -1.800024784786990000e+15 -4.917342528131776875e+14 -6.007635573095922500e+14 1.602944684254172188e+14 3.085621962493864375e+14 -7.602590886547073750e+14 3.283176947145520000e+14 -5.420738006193938750e+14 4.001210711158663750e+14 -3.598496106059099375e+14 1.762297802856349688e+14 -1.034051566875181763e+12 -3.535368970644089355e+12 -4.274458468132537598e+12 -5.604341865607861328e+12 -5.082547986738958008e+12 -1.740464311441811279e+12 3.700173899754506348e+12 3.747246961358608398e+12 4.216164945158973633e+12 -1.777383579068022461e+12 1.104806649662781494e+12 -1.332836960448929688e+12 1.873596219059537354e+12 3.011618853380085449e+12 -4.823326930261833191e+10 3.788769723133139160e+12 -2.429329133653986328e+12 -2.948250865893235840e+12 2.233227450329398926e+12 2.062295941689880371e+12
1.229367275104425293e+12 -3.507297821033363647e+11 -1.812191485280383301e+12 -3.342518703519865234e+12 -1.905632126688079590e+12 1.262721689436297607e+12 8.534429971306481445e+12 1.849190814133305078e+13 -2.348287479620865234e+12 -4.764170886538162109e+12 -2.258652842712878125e+13 5.553405602659677734e+12 1.703466720025485547e+13 -2.313679147636528516e+13 2.106505631988395312e+13 -4.530928557599229688e+13 1.853509611826422656e+13 1.381221482192066797e+13 9.074532847278583984e+12 -8.342733522173665039e+12 7.975348305490714111e+11 3.705307068049511719e+11 -2.335414690363106995e+11 -3.267535099772980957e+11 -6.793938636191452637e+11 3.708290262173980103e+11 2.791841315368792480e+12 4.351330192409067871e+12 -1.054460473255031738e+12 -3.767272447362913574e+12 -1.145225106042232812e+13 6.244608373556239258e+12 6.700858150660100586e+12 -4.592372233415527344e+12 7.305988040110185547e+12 -1.746322948649140234e+13 4.605604883537676758e+12 6.052708379683198242e+12 3.216874510320763672e+12 -3.274176256695587891e+12 -1.752878016196385312e+14 -7.379959031309093750e+13 -1.559127311602531250e+14 5.995634492122650781e+13 1.584093230376371250e+14 -1.801060096626363000e+15 -4.751167629041122000e+15 1.360050117629153000e+16 -6.726527724171809000e+15 -1.092321510310754375e+14 -8.698863949793507812e+13 5.978875830245417500e+14 -1.547839948223834500e+15 1.014503181683055875e+15 -4.046441979833656250e+14 1.017670501256328750e+15 -1.346380276089649750e+15 1.131950798446747750e+15 -2.666951392678748750e+14 -1.820582490535388438e+14 2.544642354512003174e+11 2.509746754250209656e+11 -3.711147778681980896e+10 -4.157316222893326416e+11 -9.104972230929655762e+11 -1.684253124394946289e+11 1.116267614732625732e+12 1.733565324389819824e+12 -9.824647500695875244e+11 -1.294507683584588379e+12 -1.541768551834938477e+12 1.671274116953310303e+12 1.686074292524152100e+12 -1.994580407676577393e+12 3.082246711681034180e+12 -5.051806280788205078e+12 7.392220997110056152e+11 1.037214982510896606e+12 2.131344473472015869e+12 -1.451395645808606445e+12 -3.662351925436937012e+12 1.182289652176408936e+12 2.246132177806272656e+13 2.829560683315957031e+13 -4.549052421623880859e+12 -1.811470308356744922e+13 -1.129314381435353906e+13 -6.535696327188698242e+12 3.815559196455051562e+13 -2.298240103650188281e+13 2.531941998930446875e+13 -5.386328405571493750e+13 9.707194378568914062e+12 -8.788017067682171875e+12 -6.658583132065676758e+12 2.547595014706331641e+13 -5.798092255838517188e+13 8.952687018924562500e+12 1.294745367394186719e+13 2.164639279052214844e+13 -2.078139701591495361e+12 -7.669095904843449707e+11 8.539796804796256836e+12 1.044291643828778320e+13 -3.458650314490224121e+12 -6.099526811471835938e+12 -2.383731710912977051e+12 -3.715519779864947266e+12 8.994819551123429688e+12 -5.278763285470422852e+12 5.130950431205013672e+12 -2.341289574032739453e+13 3.640012277703624023e+12 9.790454304819824219e+11 1.495448418994539062e+12 1.102063692575695312e+13 -1.947013442724502734e+13 8.053181191310982666e+11 3.523925750811615234e+12 8.123942966465297852e+12 1.491056126112916016e+13 -3.652344548234450000e+13 7.274917288934821875e+13 1.868450493596662500e+14 1.655853637392464062e+14 -3.927824059075000000e+14 -1.572745233073035250e+15 -3.475115722868091000e+15 8.576399428530700000e+15 1.018457210377370375e+15 -8.034121932649715000e+14 -7.315819082279641250e+14 -8.739761686685037500e+13 -5.932446935318695000e+14 -8.447748934944962891e+12 -6.235441001319886250e+14 1.608011684207454500e+15 -1.218048747724141000e+15 6.965424368653926250e+14 1.834467020833883203e+13 -9.314374480748095703e+11 -1.055858246430553833e+12 2.626493587922076172e+12 3.139706460041026855e+12 -1.215190549915506104e+12 -2.307160691424510254e+12 -3.322323252139559937e+11 -1.520292916078597168e+12 3.347431463592439453e+12 -4.067081537913308105e+11 2.061946589870607300e+11 -3.741927530631250977e+12 8.589182857724453125e+11 1.513895715458812988e+12 -4.041579670883139648e+11 3.260568453971123535e+12 -4.209756928859879883e+12 -6.386823699686694336e+11 -8.109151957775627136e+10 3.186850646906205566e+12
7.458216780386325684e+11 -5.534951408787776367e+12 -4.588084347675524414e+12 9.369092429579191406e+12 1.644639373278159961e+13 -4.071013523470588867e+12 -1.447031135177458203e+13 1.222434223089658789e+13 1.429208364265403711e+13 -3.591078483115721875e+13 5.199869071197090625e+13 -1.823478601027146484e+13 -4.039093631918946875e+13 6.090216681762580469e+13 -6.999511067380207031e+13 5.603584275247179688e+13 -1.341580616077796875e+13 -2.119887031867647656e+13 -2.456443106751031738e+12 1.656558927554131055e+13 4.011192730265151978e+11 -1.324431855652684570e+12 -5.595072318117371826e+11 4.008131466944067383e+12 5.914021581806301758e+12 -1.567035228130858643e+12 -5.585074141009135742e+12 1.277750201117472168e+12 6.388137300777041016e+12 -8.226381066798871094e+12 6.594752369447699219e+12 -2.184872000825448608e+11 -1.025885651074370508e+13 8.598255677199595703e+12 -1.147436773665841602e+13 1.359672214514615039e+13 -5.418323357744767578e+12 -2.397372912642348633e+12 -2.208242632721144531e+12 4.334314618242112305e+12 1.712753605332686562e+14 -4.900121891759207812e+13 7.115111948899643750e+13 -1.787327915412235312e+14 -7.229913621075700000e+14 1.611676129334179688e+14 -3.408747175413422500e+14 -6.726527723451698000e+15 1.652071491323258000e+16 -9.808141706585336000e+15 1.203235458278946000e+15 -8.395010889486313750e+14 1.435447958589787305e+13 6.553673725024333750e+14 -2.860602375291457812e+13 8.891147257993631250e+13 4.540382226011476875e+14 -9.857678840348347500e+14 1.225149557511835312e+14 3.289040440223046875e+14 4.836357319685858154e+10 -8.857241026785544434e+11 -7.412325385673830566e+11 1.609121216144084717e+12 2.163964009106650391e+12 1.723268226561306763e+10 -1.840396502675536133e+12 -5.084267781469276123e+11 1.515071910635380859e+12 -1.298291389036465912e+11 -1.106396380133172119e+12 9.636502141951782227e+11 -1.351539096138391113e+12 -2.826249680415298462e+11 6.663466721510531006e+11 5.362772029054458618e+11 -5.032203739785245972e+11 -4.519621907902885437e+10 -6.966984958598096924e+11 8.282153970502159424e+11 8.086703109053942383e+12 4.264453025702290625e+13 6.401361222243385938e+13 7.281766637459934375e+13 6.705894168424029688e+13 -1.302548539338719727e+13 -8.287686775507956250e+13 -4.001005720630150000e+13 -1.378156846123759961e+13 -2.886162525917975391e+13 -1.197787023382733984e+13 3.152923367155809766e+13 -3.414720616816039551e+12 -6.485682964666250000e+13 5.870806685739000781e+13 -4.156172974268817188e+13 -2.335144180232091797e+13 4.748521311369588281e+13 -3.963184440079193750e+13 -1.368980882371665625e+13 2.530706997537604492e+12 1.268437703231676562e+13 1.831548485177810938e+13 2.075505673786668359e+13 1.934951078477191406e+13 -3.156914681626305664e+12 -2.499962087289832812e+13 -1.255159351985983008e+13 -8.136147001198175781e+12 -2.895153777236748535e+12 -7.018127065969051758e+12 6.359049814936529297e+12 -2.866532077934516602e+12 -1.227433548379807031e+13 3.254742724651352051e+12 -1.168749370470998828e+13 1.989838933218739319e+11 1.183567235379277148e+13 -1.302743307585702930e+13 -3.196126370446954590e+12 4.839881815457160938e+13 -2.244929444932013281e+13 1.241113125750955156e+14 3.513300078365321250e+14 -2.473919691564666875e+14 -7.129920629442696875e+13 5.430452431030841250e+14 -2.843630228426092500e+15 -4.557908482967114000e+15 1.213560245737588000e+16 -2.530879949455165000e+15 2.973921470835277500e+14 -1.037718924681284750e+15 -7.859789622957231250e+14 3.527401760057792500e+14 2.246562258829024688e+14 8.700235143263482812e+13 5.053359632245329375e+14 -5.506192860647058750e+14 -3.490517570755845000e+14 6.264935066423878174e+11 2.439762285154475098e+12 3.495872028674360840e+12 4.540995311176846680e+12 3.549827759218355469e+12 9.510359935285690918e+11 -2.754580938243471680e+12 -2.955254192683123047e+12 -2.617423778072416992e+12 1.243939936133358643e+12 -7.797379520772416992e+11 4.519612922019688721e+11 -1.251086234728750244e+12 -1.992355645135747803e+12 -2.124387464886873245e+10 -2.316770714098672852e+12 1.189021410883976074e+12 2.068424953673501709e+12 -1.645810691507606445e+12 -1.063504915435842407e+12
-1.824161244162984863e+12 4.011238764866803223e+12 4.977196406559967773e+12 -2.515538536579049805e+12 -8.717869307698253906e+12 1.298987296229194580e+12 2.235117357906140137e+11 -2.809843025291549219e+13 -6.824153726137847656e+12 2.872734807532442969e+13 -9.579162128901193359e+12 5.929734842050039062e+12 7.994427301409263672e+12 -1.482142910283019336e+13 2.303520716119507812e+13 1.244762008620922656e+13 -1.132791274706555273e+13 -1.094398857709302368e+12 -8.242897035645204102e+12 -1.805968260047017822e+12 -1.129141860208050781e+12 4.663342138256894531e+11 6.205842955716864014e+11 -2.274113120487908691e+12 -3.141252959937142578e+12 6.251340734949514160e+11 6.315761171295745850e+11 -5.563203061985800781e+12 -3.044941906232385742e+12 9.486588190685333984e+12 8.110553497261761719e+12 -6.637740714259750977e+12 -5.477095091798144531e+11 -6.527181709850441895e+11 -4.075642826265764160e+11 1.004530922152276172e+13 -1.447367376340299072e+12 -5.000226725137761719e+12 -2.044832814735652588e+12 7.125637432827670898e+11 -1.005385101547675469e+14 -1.228888908945543750e+13 -1.566011235311268750e+14 1.252231903302028906e+14 6.053748926698971250e+14 -6.726418272953945312e+13 7.372955413961631250e+13 -1.092321523452324688e+14 -9.808141705518610000e+15 1.869520275553640000e+16 -1.107421047925799800e+16 1.387860292741699250e+15 2.257170013989653500e+15 -1.847457185959422000e+15 5.088787415758902344e+13 -4.712280551769503750e+14 1.433895556980797812e+14 5.803011122889216250e+14 -2.139785962676484375e+14 -1.486225195642872812e+14 -3.080457002194136963e+11 3.084126781275288696e+11 5.264748070042149048e+11 -6.039796078324152832e+11 -4.306333272810151367e+11 1.715916989645918884e+11 -5.040135888527603149e+09 -1.549011791079225098e+12 7.312580274504385376e+10 1.490866330110467773e+12 2.399903737017068359e+12 -2.446905688820111816e+12 -9.444409745984261475e+11 2.351299536353709961e+12 -3.784085396993458496e+12 5.134037530087903320e+12 -4.726622124415891724e+11 -1.096672694620845093e+12 -1.857472869925782715e+12 1.032850798904521606e+12 -1.327109176017451172e+12 -2.925444062660828516e+13 -6.637745167385984375e+13 -7.848751914792995312e+13 -3.904418309772431250e+13 2.821427728629541406e+13 6.662229649388778906e+13 3.333978229402328516e+13 -3.239401882853130859e+13 4.388708149202785938e+13 -1.963818649750182422e+13 3.781036332250722656e+13 -8.301383155004094727e+12 5.208261376743722656e+13 -3.127608827739283594e+13 -4.040836503652880249e+11 7.827800808001546875e+13 -4.086736062000602344e+13 1.193485457375407227e+13 -1.452676945291957812e+13 5.967694352137772217e+11 -7.486903491444232422e+12 -2.128655238579971094e+13 -2.495327739128479297e+13 -8.935596429638115234e+12 8.694130896440289062e+12 1.898578163556596484e+13 1.226730185528880078e+13 -4.431010636266898438e+12 7.631174325429729492e+12 -9.685338165055100098e+11 2.125327559783495703e+13 -2.072541404358501709e+12 6.987592930684779297e+12 -3.758699846949593262e+12 -4.301530817046066406e+12 2.101220753086389062e+13 -8.637528891941067383e+12 4.718058477378285156e+12 -6.725489534981588867e+12 1.544835619242719336e+13 -3.141215201550950000e+13 -2.846873031925462500e+14 -2.421706492391970000e+14 1.018865587582544219e+14 2.882233155732574375e+14 5.086852472854928125e+13 2.506294448516390000e+15 -2.344584383674648000e+15 -9.165745731944886000e+15 1.468330315860420600e+16 -4.702449214823242000e+15 -7.833289079849677500e+14 1.824821884704139250e+15 -1.125502463895118875e+15 -4.249674787214622500e+14 -1.003900766564036875e+15 -4.580283650815795625e+14 8.107341722937341250e+14 -1.667569604305767188e+14 6.005350018394819336e+11 -4.536802913598908691e+11 -5.145068610615441406e+12 -6.387866739724445312e+12 -1.008753278254633179e+12 1.881571326537649902e+12 2.167503741836350586e+12 3.589251471916852051e+12 -1.918222138313209717e+12 -3.742562312503121948e+11 2.875205233547585449e+11 3.766939300373351562e+12 -1.121160288507879944e+11 -3.371594848599968262e+11 4.528115621420656128e+11 -2.021096506091282471e+12 3.791516252606746582e+12 -6.631335055720789795e+11 1.167546587099283447e+12 -2.763063713664854492e+12
-2.921829155156924805e+12 5.183359690179927734e+12 7.158301025005064453e+12 -1.370488031875752686e+12 -9.857316034848203125e+12 9.522092932098745117e+11 -4.225583982833409668e+12 -4.477163783575339062e+13 -7.264057382061020508e+12 3.831044760883724219e+13 -1.605780208651825142e+10 4.458007644800327148e+12 9.713705859858259277e+11 -6.257820292103965820e+12 1.758609973873966211e+13 3.942282075067433594e+13 -2.389733062202628906e+13 -8.653179308089879883e+12 -1.506032362712278906e+13 2.152581868438951416e+12 -1.827886973706980225e+12 3.855323579754142456e+11 8.965412680377385254e+11 -2.661245612903349609e+12 -3.555651644848170410e+12 5.832492504262618408e+11 -6.864192924618378906e+11 -9.228566464603869141e+12 -3.237679585844860352e+12 1.380909660384814258e+13 1.615027582921897852e+13 -1.156669204986178516e+13 -4.218896492697062988e+12 1.610317969628222656e+12 -4.363630453521731445e+12 2.173343669040370703e+13 -4.234151738858102051e+12 -9.424962772950134766e+12 -4.245719828877871094e+12 2.615869457438497070e+12 2.618248410202442578e+13 4.701424483249024219e+13 9.376197582839153125e+13 1.652705753579874375e+14 6.703423297270911719e+13 1.639889997179384688e+14 -4.338909371531253125e+14 -8.698863835205260938e+13 1.203235457576905500e+15 -1.107421047997382000e+16 2.070013265164284000e+16 -1.295651215089603400e+16 9.658213393703001250e+14 1.218851880096129750e+15 3.272048833786194922e+13 -3.847073053697378906e+13 2.038814636535663750e+14 -1.501159732115753516e+13 -6.168802242576456250e+14 3.718970199317110000e+14 -5.181398993222694092e+11 2.518473838147745361e+11 6.756060401366188965e+11 -5.331897386908098755e+11 -5.607222705328107452e+10 3.027013414650939941e+11 -5.954041270499493408e+11 -2.845067103705329590e+12 6.096256673705634766e+11 2.540893912627927246e+12 3.804120575657516602e+12 -3.931033865472368164e+12 -2.066669897481966797e+12 3.982525477816425781e+12 -6.341892150972734375e+12 9.063466924796562500e+12 -9.790972817324357910e+11 -1.913922344586801025e+12 -3.439361763608460449e+12 2.052982323176052002e+12 2.791681138086270142e+11 -3.707686741282339844e+13 -9.456467150164312500e+13 -1.127336751311819844e+14 -4.625075481062875781e+13 4.471694864841257031e+13 8.897567003319995312e+13 4.499277187116601562e+13 -6.050185378320739844e+13 6.681521817518029688e+13 -3.783296663197955469e+13 7.554086198398896875e+13 -1.546707882316514453e+13 6.953618451096365625e+13 -3.545787500099458594e+13 -1.394863099866521680e+13 1.281392395575882344e+14 -5.564819182396639062e+13 8.038485877077492188e+12 -2.952531433844636719e+13 1.840365634117869141e+12 -8.924418883495898438e+12 -3.103134359987480469e+13 -3.660470242971564062e+13 -9.308998625270164062e+12 1.405251079305042578e+13 2.491552927778292578e+13 1.724673607710463086e+13 -1.026840730624313086e+13 1.229483986311952344e+13 -3.914739753237304199e+12 3.883925713153694531e+13 -4.503562672695576172e+12 8.190293467247193359e+12 -5.472821788977333008e+12 -1.117619448795280078e+13 3.645805248099877344e+13 -1.118792549235089062e+13 4.019225474240009766e+12 -1.266785778842486523e+13 2.069746719470310791e+12 3.607808154383103906e+13 -2.493251219487202148e+12 -7.112655198293462500e+13 -1.427739903070182812e+14 6.153636030896911250e+14 3.846705309480053750e+14 -9.772610489802172500e+14 1.938220940946253250e+15 -1.413977876408812750e+15 -1.154498954450105600e+16 1.737110365321769600e+16 -5.580411955325481000e+15 -1.359526475937518250e+15 3.837234355629318750e+14 3.519207391338286250e+14 -3.077357736082832500e+14 4.984470034701343750e+14 -1.620594117397058125e+14 -5.479062110891875000e+14 1.239877598351146729e+12 -8.078631349316968918e+09 -7.797234910368195312e+12 -9.616692015443464844e+12 -6.156471804993297119e+11 3.562181081516638184e+12 2.876190919419679688e+12 5.274774930305398438e+12 -4.156857995820610352e+12 -2.517006499858822937e+11 2.494412554097314758e+11 6.668684547467456055e+12 -5.930096809433237305e+11 -1.219090738816245117e+12 7.775313177206196289e+11 -4.239204832375666504e+12 6.946200947861924805e+12 -4.892372802168839111e+11 1.497633685628561768e+12 -5.124836744615107422e+12
2.732325813123376953e+12 -7.717040377813216797e+12 -8.575222386462705078e+12 7.427119852931974609e+12 1.870973237245491797e+13 -3.498730887520464355e+12 -6.643159923901774414e+12 4.241023438369784375e+13 1.526779713811250000e+13 -5.363125866675927344e+13 3.544292468718339062e+13 -1.581826171591123242e+13 -2.826087834924678906e+13 4.626088443435706250e+13 -6.107985997494596875e+13 8.172286967887519531e+12 9.049784756882726562e+12 -7.857490988253080078e+12 9.790381493952494141e+12 9.648833240974650391e+12 1.664728562704856689e+12 -1.195910871915715332e+12 -1.063696812528369507e+12 4.756829044204487305e+12 6.736294544293292969e+12 -1.511719164708089844e+12 -3.283028830147624512e+12 7.895548990047809570e+12 6.817308177503651367e+12 -1.611696310287508398e+13 -7.800319512381632812e+12 8.655865185298316406e+12 -3.778658612118116699e+12 4.632854822536634766e+12 -4.496709997059434570e+12 -7.279323671486526367e+12 -4.688207504251365356e+11 5.540907503408846680e+12 1.727260384396312256e+12 9.620631342628839111e+11 -6.059117696121690625e+13 -3.561243106348551270e+12 8.848287632192167188e+13 -2.090606920675284062e+14 -3.481573835678091250e+14 -2.523450791047483125e+14 6.226762753067655000e+14 5.978875828821505000e+14 -8.395010897037593750e+14 1.387860294566927000e+15 -1.295651215197654000e+16 2.343516022004205600e+16 -1.303937050185883000e+16 1.206510057622766500e+15 4.680550042757882500e+14 -3.537889802797078750e+14 -3.560188441423816875e+14 6.791475091905971250e+14 4.591185426630360156e+13 -1.233763998138997031e+14 4.273697326640910034e+11 -7.952220390657614746e+11 -1.019340297411153564e+12 1.502290184956252441e+12 1.517158015088150635e+12 -2.186783426267203369e+11 -8.007728816781475830e+11 1.819277174064814209e+12 5.682802041051497803e+11 -2.022632794714541748e+12 -3.649622280909465820e+12 3.648967962114414062e+12 6.522726294438417969e+11 -3.224130832504463867e+12 5.281575713325622070e+12 -6.533840034629905273e+12 4.024208290101525879e+11 1.426110974261672607e+12 2.143379202537814453e+12 -9.984339403619068604e+11 5.297586410033014648e+12 5.728047032087405469e+13 1.156014518101021406e+14 1.354308503031582656e+14 8.089918938400384375e+13 -4.291447899496909375e+13 -1.242000070819963906e+14 -6.151110672779139062e+13 3.666448085855646094e+13 -7.052640260288728125e+13 2.063759019206542969e+13 -3.601955354675775781e+13 9.447064928487410156e+12 -9.712394451979971875e+13 6.699339709245460938e+13 -1.770129541143104297e+13 -1.134526534257824375e+14 7.471556971722171875e+13 -3.312324325802122656e+13 1.314719317580467578e+13 3.234515712054371948e+11 1.543624454895070703e+13 3.610127537128519531e+13 4.200606776783683594e+13 2.027045975054611328e+13 -1.284803061000956250e+13 -3.600023898107721875e+13 -2.168084245547522656e+13 2.272676589354108398e+12 -1.133169806490137109e+13 -1.802035244414129883e+12 -2.523211442556099609e+13 1.474986530846593262e+12 -1.459802185824756836e+13 6.383700739283451172e+12 5.438973065431041870e+11 -2.761683331251832422e+13 1.658097231114632227e+13 -1.193608857217598047e+13 7.465196831960151367e+12 -9.594885032757893750e+13 4.367871270210728125e+13 2.151481179448707500e+14 2.658104943603320312e+13 3.393177884120016250e+14 -8.839440290762828750e+14 -9.572109866325842500e+14 1.063089495573869000e+15 -7.739839551614364062e+13 3.219000926972236000e+15 6.507309387804577148e+12 -1.438741558941094200e+16 1.987838899011674400e+16 -4.925200812175475000e+15 -6.733506195956133750e+14 -3.516959724374818125e+14 2.711585883735312500e+14 -8.730157687768181250e+14 5.249616420730910000e+14 2.951009323297601250e+14 -5.169351875525385742e+11 1.668547702388793457e+12 8.317379153429091797e+12 1.041449988095791211e+13 2.887410978698225098e+12 -2.063571877316901611e+12 -4.066308337380813965e+12 -6.028878989173987305e+12 1.380810860616649902e+12 1.039190778728038574e+12 -7.211772502814340820e+11 -4.768343122827293945e+12 -4.010560151994221802e+11 -4.295558087023634644e+11 -6.063422722616968994e+11 1.648351207986079834e+12 -4.477380709170168945e+12 1.781791873682317871e+12 -2.261438612935320801e+12 3.176454649360747559e+12
-1.634466293764386597e+11 7.294120683245159180e+12 4.991659508032435547e+12 -1.507537586508710938e+13 -2.371689167365853516e+13 6.419014827718340820e+12 2.562093113152414062e+13 -3.828242204517865723e+12 -2.109008236176560547e+13 4.559916936879302344e+13 -8.646601338862218750e+13 2.868081588677408203e+13 6.681066704590880469e+13 -9.897181018834028125e+13 1.099180553016318281e+14 -1.077146892135270156e+14 3.111726128627889062e+13 3.844204780501490625e+13 9.635393100148349609e+12 -2.834130219168437109e+13 6.613152671519795418e+09 2.060397300232767334e+12 6.000257897073306885e+11 -5.684588857974649414e+12 -8.524388124421371094e+12 2.390968378551492188e+12 9.540760228303470703e+12 1.276294502872734375e+12 -9.430016971682998047e+12 8.590898132011433594e+12 -1.691894816070281641e+13 4.626188327641879883e+12 1.861496691670921484e+13 -1.489206997729890820e+13 2.068966253610346094e+13 -3.062062752487314844e+13 1.057095554436528711e+13 7.460274718061069336e+12 5.236969721802641602e+12 -8.171876364085341797e+12 6.510657373741036719e+13 -8.798132020242875000e+13 -2.495425686342128125e+14 -1.076394888480356719e+14 6.083351712940483594e+13 3.005330695362033125e+14 5.378238432010290625e+14 -1.547839949060241500e+15 1.435448147319090820e+13 2.257170011678216500e+15 9.658213408131978750e+14 -1.303937050220863000e+16 2.077178698041327200e+16 -1.161257118658937800e+16 1.222568664509068500e+15 6.450479719193557500e+14 7.851812988804591250e+14 -2.057897545223931500e+15 1.378586018711031500e+15 -3.003306268766998125e+14 1.105312992421729736e+11 1.380109768853731934e+12 9.836511162529349365e+11 -2.479404810189063477e+12 -3.577927138428166016e+12 -1.402180504449874268e+11 3.279943320496921387e+12 1.894034206438269287e+12 -2.744186115268494629e+12 -7.205290219238505859e+11 4.378983480232688599e+11 -1.537459636205268555e+11 3.009223529662973633e+12 -9.977496769306119385e+11 1.229168027571412109e+12 -4.232111423855809082e+12 1.197679389199594482e+12 7.805268435907639160e+11 2.426147243156213379e+12 -2.133910434312773682e+12 -1.355078209145287500e+13 -5.725179658894904688e+13 -7.160092567019200000e+13 -7.954564147837223438e+13 -9.447108393771837500e+13 5.180669768072940430e+12 1.050296384004344531e+14 4.995338930827732812e+13 4.521595791880673438e+13 2.337138859120489844e+13 3.386190939432138672e+13 -8.027222253884614062e+13 1.137888450329129492e+13 8.222730641182010938e+13 -8.456154987345462500e+13 7.425635426145810938e+13 -8.392553049898348633e+12 -5.845729270715358594e+13 6.294377985696663281e+13 3.364708584811140625e+13 -4.886733348305481445e+12 -1.780460568229980469e+13 -1.902152320803079688e+13 -2.102440539868808984e+13 -2.874674501305417969e+13 7.084149125519195557e+10 3.239095241742068359e+13 1.451663935022452734e+13 1.731450248458815625e+13 2.833084027045027466e+11 1.311366309614619531e+13 -2.488891348960556250e+13 6.426710618075461914e+12 1.739327890055162109e+13 -3.395538842086486328e+12 2.355482346567937109e+13 -1.376736576423444922e+13 -1.555903390936010156e+13 2.018288249804654688e+13 9.983727738623451172e+12 1.051176375383879219e+14 -2.076876878029305000e+14 -2.695887481223109062e+14 -1.170707955792286328e+13 -8.462901906168800000e+13 2.474727977233679062e+14 8.165572483836393750e+14 1.186851811726266719e+14 -1.061196122387276375e+15 -2.157343137122474250e+15 5.119145612071171000e+15 1.432753100455752500e+15 -1.395713019540059600e+16 1.671715961524446400e+16 -4.894466751072915000e+15 -5.603062915646059570e+11 -7.114362033278287500e+14 1.414297368662804000e+15 -2.067214795015025250e+15 6.141300696377961250e+14 -1.498787684673686035e+12 -4.054259936717171875e+12 -2.939871603724826172e+12 -4.007319968149188477e+12 -5.676342121646684570e+12 -2.894363686485740723e+12 3.520763464720714844e+12 2.970480114861262695e+12 5.884672121825022461e+12 -1.975863959865771484e+12 1.204750576912765137e+12 -3.209315343324754395e+12 2.299065334735992676e+12 3.762507690450670898e+12 -2.512298041818942871e+11 5.415048404667558594e+12 -4.537292372948318359e+12 -3.259409184061552734e+12 2.184976537942484619e+12 3.657307601366253906e+12
-1.005313339047824951e+12 2.384273326818800293e+12 2.856802976618139160e+12 -1.758172322782071289e+12 -5.378800106778693359e+12 8.736962793885281982e+11 7.642099718474613037e+11 -1.551811969755227734e+13 -4.273649547734562988e+12 1.690924963196598828e+13 -7.422731193227381836e+12 3.972790462978332031e+12 6.060750809944995117e+12 -1.061316042176357422e+13 1.539551953416705469e+13 4.134974854495857910e+12 -5.438354805235247070e+12 3.618847794221970215e+11 -4.282983110502250977e+12 -1.700882533761463623e+12 -6.195819688817446289e+11 3.075461869653655396e+11 3.556422551970303955e+11 -1.390523021318375000e+12 -1.937574811787099365e+12 4.029832085705619507e+11 5.855501706100069580e+11 -3.021504357149303711e+12 -1.907377516241740479e+12 5.421973670224884766e+12 4.027968516742859375e+12 -3.527392574104277832e+12 1.654856265585914612e+11 -7.311428344494273682e+11 2.943576179118080444e+11 4.746811234439621094e+12 -5.297211079658790283e+11 -2.557656525259573730e+12 -9.912090312297650146e+11 1.864840375984662170e+11 -4.357639250570270312e+13 7.420958949836310938e+13 1.943156650885327812e+14 2.321827838645383125e+14 2.625609332348893750e+14 -3.228392168302184375e+14 -9.564223061022118750e+14 1.014503182115240750e+15 6.553673711555870000e+14 -1.847457183909942000e+15 1.218851878631200750e+15 1.206510057965368750e+15 -1.161257118649037600e+16 1.939522150434606800e+16 -1.102865137937000200e+16 1.129394360281148250e+15 -1.900492499756757812e+13 8.721693602341157500e+14 -5.844918829223060000e+14 1.475859988558736875e+14 -1.663083156705773315e+11 2.038337201843249817e+11 3.135934615237482300e+11 -3.935856185257744751e+11 -3.259472855629426270e+11 9.066973277010078430e+10 7.935786986498617554e+10 -8.027734361082761230e+11 -2.857391857429231262e+10 8.002423430972823486e+11 1.328192023726261230e+12 -1.346874388167553711e+12 -4.430232411640509644e+11 1.265566947964207275e+12 -2.046179702792415039e+12 2.711930971915831543e+12 -2.294392814188610840e+11 -5.823829566332165527e+11 -9.587549861547014160e+11 5.134652442611023560e+11 -1.067707763908139282e+12 -1.749032056678661914e+13 -3.822518021829800781e+13 -4.507091721339132812e+13 -2.379552289452697266e+13 1.561557943725801758e+13 3.919659369793950000e+13 1.954988842165682812e+13 -1.664779928093458789e+13 2.467333964090436719e+13 -9.930867144880232422e+12 1.874287089866852734e+13 -4.271418402341525879e+12 3.064529209625813281e+13 -1.928374681314795312e+13 1.637541448303276611e+12 4.275401075537063281e+13 -2.389444645433339453e+13 8.126707130261310547e+12 -7.130751870493594727e+12 2.051861544036867065e+11 -4.555123611940698242e+12 -1.215975564156344141e+13 -1.422244804384044727e+13 -5.624246020773618164e+12 4.773687926409225586e+12 1.123170110436745898e+13 7.096595574162564453e+12 -1.998491667866175537e+12 4.195593002832039551e+12 -2.032360544832466431e+11 1.104199916267022852e+13 -9.766236781020948486e+11 4.270767345773793945e+12 -2.148046004726582031e+12 -1.771167382906369141e+12 1.118816568587895508e+13 -5.130434732530065430e+12 3.094947604588333008e+12 -3.441408297586479492e+12 -7.825279118747503125e+13 7.738245927594317188e+13 1.724543434380055625e+14 1.198226354151818438e+14 -8.749316913866328125e+13 -6.186243222337307031e+13 -4.236970735559127344e+13 -4.708676561706285000e+14 3.266636140250560000e+14 1.175575071303731000e+15 -3.578871380764606000e+15 2.807486877658915000e+15 6.228352060906213750e+14 -1.237310242036635600e+16 1.628336014976520200e+16 -5.477265283590391000e+15 -4.091387989760891406e+13 -7.367791392987996250e+14 7.441398010497575000e+14 -3.168914014866780625e+14 2.920847960418414917e+11 -3.505258863293182983e+11 -2.897567025354989258e+12 -3.606424952287730469e+12 -6.958027812127951660e+11 9.602595063043959961e+11 1.277829366859046387e+12 2.044394380542435791e+12 -9.054990756202641602e+11 -2.548882288311081543e+11 1.879753272501103821e+11 1.987187799810580811e+12 -3.970110300469086170e+09 -9.084558986491299438e+10 2.422432735019539490e+11 -9.737227829937742920e+11 1.967424695455732422e+12 -4.455848227791179199e+11 6.955370520772222900e+11 -1.424975875167274170e+12
2.297276302422484375e+12 -2.536311159500914551e+12 -4.619316949175063477e+12 -2.218255254682019043e+12 2.659926990164747070e+12 6.501289569032117920e+11 9.004198672309505859e+12 3.491066403907664453e+13 1.166302546235338623e+12 -2.057245298051815625e+13 -1.898709948841226172e+13 2.742401921143620605e+12 1.390519253298647266e+13 -1.675080544459416602e+13 1.011005988800097461e+13 -5.514970018117136719e+13 2.592059249494247656e+13 1.535709859316608398e+13 1.414351006880087109e+13 -7.946597026827123047e+12 1.461090828772552490e+12 1.448866983948720093e+11 -5.840733627927985840e+11 8.759820074240684814e+11 9.661848437265076904e+11 5.964108338073133087e+10 2.644607926164181641e+12 7.649811306729267578e+12 5.132737790083508301e+11 -9.139338556327050781e+12 -1.661435585955791016e+13 1.025299310007153125e+13 7.459380413884524414e+12 -4.558266137729926758e+12 8.030844959972217773e+12 -2.408351321933358594e+13 5.703978939541058594e+12 9.165502497774216797e+12 4.541133728967749023e+12 -3.884548154792401367e+12 3.626739987593948438e+13 4.196648423185178711e+12 -2.532763107524423047e+13 -1.365582661228743281e+14 -3.138173235976192500e+14 1.960294255644447500e+14 3.431409550083740000e+14 -4.046441975403445625e+14 -2.860602346435443359e+13 5.088787275561072656e+13 3.272048946071538281e+13 4.680550041567451250e+14 1.222568664219774750e+15 -1.102865137922014000e+16 1.809725532386588000e+16 -9.861930356464618000e+15 6.283177098602281250e+14 9.281669705836543750e+14 -7.939833106939781250e+13 -1.462306067075448750e+14 4.380424670029091797e+11 1.021535622892586823e+11 -3.233511582610282593e+11 -1.190480111117640686e+11 -7.414321675532739258e+11 -2.725301015131736450e+11 1.196181069838518799e+12 2.688088208194381836e+12 -1.089812549662155640e+12 -2.187330029017130371e+12 -2.941510290323438965e+12 3.105294494412486816e+12 2.311558209288799316e+12 -3.399442046647687500e+12 5.334337355760265625e+12 -8.167481553888492188e+12 1.045022752637690186e+12 1.699851760976057861e+12 3.279579819780625488e+12 -2.108287206201861572e+12 -3.200556467689763184e+12 1.702686378412377539e+13 5.978001121167212500e+13 7.254289265492320312e+13 1.617404920976650781e+13 -3.456979616309200781e+13 -4.797140320839587500e+13 -2.495175980880340625e+13 5.824875148561477344e+13 -4.821891488635650781e+13 3.765182523871171875e+13 -7.796116261913378125e+13 1.485143628162003516e+13 -3.745879280331535938e+13 9.733039596542193359e+12 2.745549641520187891e+13 -1.041682402266494688e+14 3.159187911209764453e+13 7.412142800777661133e+12 3.097065417886587109e+13 -2.543406097762046875e+12 3.214129990425139648e+12 2.059994913716846875e+13 2.461037822921510156e+13 1.116821128416516846e+12 -1.120589996211600000e+13 -1.277845918082968945e+13 -1.058230981173248633e+13 1.200437857405205664e+13 -9.755644760992277344e+12 6.007649850029604492e+12 -3.648368247336214844e+13 5.008460480034583008e+12 -2.718285530529687500e+12 3.624123606592667969e+12 1.410052366824152344e+13 -3.213836880558928125e+13 5.515065292243938477e+12 1.225453081202598633e+12 1.230957810375636328e+13 3.483296726696826562e+13 2.000535571180418750e+13 -2.313095992113605625e+14 -2.123087022604410312e+14 2.320230863342758125e+14 3.052404894474037500e+14 -2.301046596652403750e+14 -4.997298211178799375e+14 3.864962107120795625e+14 1.314380197751920625e+14 6.025300011735175000e+14 -7.987354820168710000e+14 2.817300612222248000e+15 6.249209974091282500e+14 -1.213835454962503000e+16 1.554003529383019600e+16 -4.147011692454505000e+15 -1.029225370433131500e+15 6.280092167376155000e+14 -2.732951021366843262e+12 -1.319431088557855225e+12 -8.844264101651804199e+11 5.580386471990837891e+12 6.798732998383166992e+12 -7.556939514941673584e+11 -3.480540352978488281e+12 -1.523099683509315186e+12 -3.559382296561957520e+12 4.612499522630452148e+12 -2.331807608082559204e+11 6.554028618793069458e+10 -6.030406957496461914e+12 9.787317214596079102e+11 1.800259530633422607e+12 -6.760928068943238525e+11 4.575061080941362305e+12 -6.543824404321001953e+12 -3.255432211974562378e+11 -7.157941561185037842e+11 4.896029320329316406e+12
-3.308830316538332031e+12 -1.776279410981253418e+12 3.094362445326498535e+12 1.482152301763099805e+13 1.412594943138379688e+13 -5.870916139080931641e+12 -3.301273066349716406e+13 -4.925669774928896094e+13 1.435350471661444141e+13 -4.054671027119743164e+12 9.437256974294814062e+13 -2.598907801914840234e+13 -7.177534434464117188e+13 1.005749900099805000e+14 -9.900409017637837500e+13 1.646400135834612500e+14 -6.249147807836982812e+13 -5.229349354596961719e+13 -2.849338693485475391e+13 3.350829346787630469e+13 -2.188838122065487061e+12 -1.789118969424604004e+12 4.150132106185867920e+11 3.029407310758134766e+12 5.062021662950366211e+12 -1.914011837417546387e+12 -1.123455334796034180e+13 -1.240774823465806055e+13 6.430154686234292969e+12 7.103064703723725586e+12 3.774545208400660938e+13 -1.885530657944865625e+13 -2.535660302738783203e+13 1.817906615529857422e+13 -2.779421290769373047e+13 5.936667609062892969e+13 -1.659346143317548438e+13 -1.939297777228983594e+13 -1.078435406964896680e+13 1.204302379782136133e+13 6.625382915292809570e+12 -9.162002118680101562e+13 -1.516025392814639062e+14 1.305018913798000000e+14 1.853251399743505000e+14 -2.086922281853597812e+14 -3.826383105898406875e+14 1.017670500939708000e+15 8.891147262139851562e+13 -4.712280545051896250e+14 -3.847073124296490625e+13 -3.537889801604721250e+14 6.450479721431795000e+14 1.129394360150044000e+15 -9.861930356480548000e+15 1.655972654072752400e+16 -9.023655615310460000e+15 4.800382955067735000e+14 1.153291893379060547e+13 3.742631898745825625e+14 -7.390727916205877686e+11 -1.206029255648674805e+12 -2.674658766166994019e+11 2.070300428123612793e+12 3.838964779940246094e+12 5.143509665299249878e+11 -4.291213519009737793e+12 -5.463292101114181641e+12 3.723323384794381836e+12 3.819184549447123047e+12 4.062250290569523438e+12 -4.523922890784978516e+12 -5.751668045464152344e+12 5.842425247285747070e+12 -8.911005738067857422e+12 1.543746016598659375e+13 -2.476033402228649414e+12 -3.136375115975924805e+12 -6.753479322897004883e+12 4.779784620666182617e+12 1.512607708122286328e+13 1.824769796716307812e+13 -3.470069574951855078e+13 -4.771280150536122656e+13 4.792939483104604688e+13 4.771499975444141406e+13 -8.462762311057759766e+12 -8.325155416287963867e+11 -1.215707346959404062e+14 5.423158932845067969e+13 -8.212014958748565625e+13 1.777896719841706875e+14 -3.088217366556910547e+13 -6.771690683381375977e+12 4.999302104955027344e+13 -9.771085444761085938e+13 1.620984950040711875e+14 -2.601536613257563965e+12 -5.911929545416411719e+13 -7.197030525600193750e+13 7.531176771812915039e+12 8.785158874487920898e+12 -1.627141926589398828e+13 -2.073685856436606641e+13 2.027128221902376953e+13 1.669460919026291211e+13 -5.622830695976190430e+12 4.737036638675551758e+12 -3.115713725337333203e+13 1.436484406632668359e+13 -1.898801811769798047e+13 7.352570604379198438e+13 -1.239088979096473047e+13 -9.212320983287535156e+12 -2.825133749534504395e+12 -3.905292947073655469e+13 5.854271130139433594e+13 3.632211710117537598e+12 -1.723587685393088086e+13 -2.601819686690219922e+13 1.323039415034760742e+13 -5.893106309055359375e+13 3.045168461424690000e+14 3.230117260136034375e+14 -4.239932676446228750e+14 -3.920182953996797500e+14 4.596628306582844375e+14 -8.991331717281948438e+13 1.295896165826999219e+14 8.785219709285351250e+14 -3.330183447659885000e+14 -1.412935752611510000e+14 -1.955474222158563000e+15 2.917840148734744000e+15 7.620958835495728750e+14 -1.129705502787402600e+16 1.440701082678929600e+16 -3.982245059919938000e+15 -7.895982601361982500e+14 -6.630874055163875000e+14 3.115988534885629395e+12 4.416242748636500977e+12 -6.096801924140101562e+12 -7.103065637258244141e+12 5.461864907605419922e+12 7.411199389453270508e+12 -4.106990257530640869e+11 3.052787848757757812e+12 -1.138536884519868945e+13 1.856565443479972412e+12 -1.017465832272727905e+12 1.146269017208178125e+13 -3.217569452961161621e+12 -5.562397899364555664e+12 1.202255240147598877e+12 -1.097097818614039062e+13 1.324361766424955859e+13 2.974261223441968750e+12 -5.978025482564822998e+11 -1.010913809580412305e+13
-3.996793630161455688e+11 3.988441348655572266e+12 3.128837916503279297e+12 -7.209985690245983398e+12 -1.219464941609334570e+13 3.110747167181394531e+12 1.152857514928270898e+13 -6.744126257352511719e+12 -1.067794162846061328e+13 2.558700248351886719e+13 -4.048585034699762500e+13 1.392163645065842773e+13 3.138872014696284375e+13 -4.703149951501809375e+13 5.340951904172960156e+13 -4.607273765348700000e+13 1.192632062736212500e+13 1.704183665815581641e+13 2.845706731449681641e+12 -1.303154938196248438e+13 -1.990666935326930847e+11 1.007334034455107544e+12 3.800936725769326172e+11 -2.955901858265687500e+12 -4.384439256912696777e+12 1.183977507017591309e+12 4.391142741910338867e+12 -4.231021221864431152e+11 -4.773291984293966797e+12 5.549600595240113281e+12 -6.135375869204289062e+12 8.867501078809050293e+11 8.249067897065477539e+12 -6.794484377351582031e+12 9.204449172475904297e+12 -1.193311817429982227e+13 4.481111706833439453e+12 2.450565083050643555e+12 1.982417504221497070e+12 -3.536824263524920410e+12 -1.806133947024811328e+13 7.494677727124064062e+13 1.180443847785750156e+14 -1.396874818043267188e+14 -8.754329955467228125e+13 2.192487762811145625e+14 5.168361887029549375e+14 -1.346380276218661500e+15 4.540382226183971250e+14 1.433895555007081875e+14 2.038814639895643125e+14 -3.560188442983547500e+14 7.851812988769966250e+14 -1.900492494139382422e+13 6.283177098207476250e+14 -9.023655615300372000e+15 1.424924951033670400e+16 -7.744303494389007000e+15 1.286727476041394250e+15 4.633702985579250781e+13 -5.554341392141891479e+09 6.740324409390611572e+11 5.352747353193233643e+11 -1.219847399011818604e+12 -1.681415270275082031e+12 -3.217248331179451752e+10 1.469843512264481201e+12 5.721395719759448242e+11 -1.217425002919561035e+12 -5.633644590181576538e+10 6.257606980390489502e+11 -5.067548505767418823e+11 1.180369703943932129e+12 -2.668901399946488190e+10 -1.259030625638039703e+11 -9.790950784037888184e+11 4.524756805753978882e+11 1.537703378287535706e+11 7.555503937980147705e+11 -7.720554193737459717e+11 -6.313708201509895508e+12 -3.090642330718923047e+13 -4.398291173685542188e+13 -4.971217027826155469e+13 -4.934741550905216406e+13 7.371294126214242188e+12 5.901636229798800781e+13 2.836474466749737500e+13 1.447900278599661719e+13 1.833239300046788281e+13 1.167011488928100391e+13 -2.922932453910960938e+13 3.617035173614170898e+12 4.619013339404917188e+13 -4.351400683930791406e+13 3.322470774950562109e+13 1.024265279582658008e+13 -3.352482216248341016e+13 3.035982906956985547e+13 1.248835415814481055e+13 -2.084464306608686768e+12 -9.323292866748507812e+12 -1.233807396504371875e+13 -1.389224904989865820e+13 -1.448902408439142188e+13 1.587366488190882324e+12 1.792134264197048047e+13 8.704282985744445312e+12 6.971109932375139648e+12 1.492449817276310059e+12 5.706952048535240234e+12 -7.357592173125378906e+12 2.510946104035250977e+12 9.049511606120464844e+12 -2.195107419141896484e+12 9.792475670869458984e+12 -2.413754646805854492e+12 -8.522239826070071289e+12 9.894309394121347656e+12 3.273404653296713867e+12 -6.958553606144235352e+12 2.015717675359864062e+13 -2.028012644320600938e+14 -2.420811746715426875e+14 3.689753498380728125e+14 2.540368422537654688e+14 -2.715882837726618125e+14 4.776623332080697500e+14 -6.099522738891003750e+14 -8.557098110564708750e+14 2.888472624953680625e+14 1.022306846019575312e+14 4.128888726018738125e+14 -5.774853018379170000e+14 1.888029689423534250e+15 1.018436860688828875e+15 -1.104971938211422800e+16 1.248900673708854800e+16 -3.670693224887481000e+15 3.935608242886412500e+14 -5.646146927555227051e+11 -1.899130248201103516e+12 -2.238840317027485840e+12 -2.939858927127170898e+12 -2.725798669117103516e+12 -9.611890284769006348e+11 1.966554515034690430e+12 1.974188805525023193e+12 2.295504420090065430e+12 -9.529528039283759766e+11 5.916623015906510010e+11 -7.650750291375860596e+11 1.010854353910423218e+12 1.626804872088158691e+12 -3.163270347891375351e+10 2.066515387463111572e+12 -1.356151437759387451e+12 -1.580190560518938477e+12 1.188660685282269287e+12 1.145577077285214844e+12
1.443799640695043701e+12 -1.877628813750122559e+12 -3.089062794523013672e+12 -7.868362917787167969e+11 2.609693348642683105e+12 1.508443979062756958e+11 4.612020528249922852e+12 2.199437114353110547e+13 1.570483842100785400e+12 -1.468898230951129102e+13 -8.432092300152622070e+12 5.723647833722666016e+11 6.036203987285210938e+12 -6.534391057661820312e+12 1.943238523053157227e+12 -3.020998726588410938e+13 1.497658811824371680e+13 8.075555551643766602e+12 8.464709457168209961e+12 -3.841884092469145508e+12 9.138632109438107910e+11 8.506226051560662270e+09 -3.893448838180878296e+11 7.746821593240341797e+11 9.443311696814046631e+11 -5.800618258568205261e+10 1.274230377295856689e+12 4.735197394927731445e+12 6.970750521375000000e+11 -6.060490652741597656e+12 -9.720215041448210938e+12 6.230323375731922852e+12 3.924815212397568848e+12 -2.258163758710376953e+12 4.199640288622861816e+12 -1.384702454297198633e+13 3.147245209737339355e+12 5.436949663102893555e+12 2.632364169565330566e+12 -2.104567948539910645e+12 1.489856228204266992e+13 -6.912736407539101562e+13 -1.357250824601847500e+14 1.494552262730234062e+14 1.173502594947171250e+14 -2.231436557587445938e+14 -4.198738715431305000e+14 1.131950798584639000e+15 -9.857678840461228750e+14 5.803011123913088750e+14 -1.501159744173080273e+13 6.791475092453961250e+14 -2.057897545302066500e+15 8.721693601877670000e+14 9.281669707441333750e+14 4.800382954122465000e+14 -7.744303494364654000e+15 1.336561788842100400e+16 -8.244081769419612000e+15 1.580643643654162250e+15 2.696533532857862549e+11 8.891299018765056610e+09 -2.415188373514154663e+11 2.436417451010967255e+10 -3.212339142237659302e+11 -1.649175913537930603e+11 6.176256523391807861e+11 1.606285366445874512e+12 -5.724356164292882080e+11 -1.339771504304272949e+12 -1.857804087941431396e+12 1.948947333730626221e+12 1.326250384929646484e+12 -2.087072919725229004e+12 3.288408279553436035e+12 -4.941237878270054688e+12 6.060673643775540771e+11 1.032389746710939941e+12 1.955135786098171631e+12 -1.233970857029695557e+12 -1.462190565758693848e+12 1.293525391145002930e+13 4.025568002408775000e+13 4.855746754142835938e+13 1.388551059801368750e+13 -2.183502124562348047e+13 -3.420036189308733203e+13 -1.760247380029794141e+13 3.464052788128353125e+13 -3.109975674950360156e+13 2.220677982831319922e+13 -4.557595536593431250e+13 8.838118181189935547e+12 -2.671412354915707812e+13 9.460650516526625000e+12 1.421707643985995117e+13 -6.483794460654731250e+13 2.209586841632505469e+13 2.128011238442748047e+12 1.803528726928709766e+13 -1.396455125824542725e+12 2.720724367913426758e+12 1.364662166300674219e+13 1.623558253701478125e+13 1.844778629655992188e+12 -7.013759957052469727e+12 -9.286128549033589844e+12 -7.199522022929640625e+12 6.820225402596902344e+12 -6.114880744695515625e+12 3.235866379605953613e+12 -2.183365857603319141e+13 2.877316791143207031e+12 -2.394103771112242676e+12 2.402791278697649414e+12 7.882890460989884766e+12 -1.955840619579519531e+13 4.070773186057766113e+12 -3.792766491582257080e+10 7.303428256297909180e+12 -4.442368480280535156e+13 6.842479740526595312e+13 1.778852858831045312e+14 1.434906212742649062e+14 -4.183162594293188125e+14 -3.783611187106857812e+13 -3.590971865039740000e+14 2.496275079526648438e+14 5.105687936946850000e+14 1.744041267778999062e+14 2.638613050381017812e+14 2.211783580515164688e+14 7.372545623458911250e+14 -1.689558125288743750e+15 -4.025331547704080000e+14 1.752508540118350250e+15 1.472374421119734750e+15 -9.364933826945230000e+15 1.171536094562701600e+16 -4.117500757245222500e+15 -7.657458751610999756e+11 -3.917078494828731689e+11 3.608554583045241699e+12 4.413365005579072266e+12 -2.464994160649232178e+11 -2.062199820206045654e+12 -1.093284475549442993e+12 -2.345340158860528320e+12 2.651193107257079590e+12 -6.711699685243087006e+10 -7.024864533555615425e+09 -3.644959958004928223e+12 5.206843050661944580e+11 9.763268883654785156e+11 -4.129795649420491333e+11 2.646491428821547363e+12 -3.913235218800350098e+12 -7.373267175597955322e+10 -5.349425136210865479e+11 2.917379772570328125e+12
1.027611078525375366e+12 1.560645605513665771e+12 -2.996101487683555908e+11 -6.763722038202211914e+12 -7.724173276942095703e+12 2.740333932626591309e+12 1.397754668148986523e+13 1.510677589305281055e+13 -7.437333804989671875e+12 7.519362845906637695e+12 -4.176476855668078125e+13 1.216705312768139062e+13 3.190766253794523828e+13 -4.544227114038378906e+13 4.643998803384677344e+13 -6.696628699066418750e+13 2.408295405898661328e+13 2.184813993852078516e+13 1.035848579770933789e+13 -1.450663123933942773e+13 6.954619368325511475e+11 8.493460740811408691e+11 -4.967650074032299042e+10 -1.738286160808995850e+12 -2.771430603213535156e+12 9.341612869828996582e+11 4.869010409503165039e+12 4.111652608527275879e+12 -3.329348765111209473e+12 -1.079680793966401489e+12 -1.428989052648772656e+13 6.615463653771546875e+12 1.059050427939801172e+13 -7.804075890702394531e+12 1.164758205834753711e+13 -2.302351467124085547e+13 6.710301311341687500e+12 7.173453706362464844e+12 4.137888468121020020e+12 -4.938445970801608398e+12 -1.504790888206774023e+13 5.283266943432453906e+13 1.019422348078622656e+14 -1.323728884915501562e+14 -6.513069638732694531e+13 9.486132071281550000e+13 1.849336020192797500e+14 -2.666951393119479375e+14 1.225149557529232969e+14 -2.139785963225693125e+14 -6.168802242532423750e+14 4.591185429284155469e+13 1.378586018758359000e+15 -5.844918828907317500e+14 -7.939833120745562500e+13 1.153291901509969727e+13 1.286727476028856750e+15 -8.244081769417793000e+15 1.088816237058673800e+16 -4.054526176475500500e+15 2.496292065670124512e+11 5.713357794391114502e+11 2.193225003788347168e+11 -9.958423192811226807e+11 -1.707223460456586670e+12 -1.823786480517598877e+11 1.810000417817872314e+12 1.992487964013497559e+12 -1.556567696342174072e+12 -1.310382665457318359e+12 -1.229171024511493164e+12 1.414507762432055420e+12 2.236425450906965820e+12 -1.990285347857222168e+12 2.995633134475697754e+12 -5.477053829546464844e+12 9.493955948876374512e+11 1.101915291185786377e+12 2.474620239866763184e+12 -1.808386659111452148e+12 -6.651972533006479492e+12 -1.361581059051167578e+13 1.224357407871054688e+12 4.267407618834463867e+12 -2.812168430257132422e+13 -1.443271261283319727e+13 1.704140671146548047e+13 7.092074624599059570e+12 4.475695606521171875e+13 -1.401413799860254102e+13 3.068664103396351953e+13 -6.738792514534641406e+13 1.135479981157333984e+13 1.338805469525847656e+13 -2.742202323692024219e+13 4.115518634898126562e+13 -5.258392968252375781e+13 -7.164744479340580078e+12 2.736311967454792969e+13 2.743654779395917969e+13 -3.057724003279408691e+12 -5.221319967111622070e+12 2.563251395324750488e+12 3.706451423281982422e+12 -1.036170593145091992e+13 -5.287818874656864258e+12 6.211597138131945312e+12 4.810655243460335083e+11 1.225336238406629883e+13 -4.519499747339325195e+12 7.817688965407149414e+12 -2.673299142767612109e+13 4.810291621711763672e+12 5.300644375270952148e+12 4.323456016730586548e+11 1.561180248339853516e+13 -2.045846067839529297e+13 -3.279259575956595703e+12 8.227961477946919922e+12 9.620675270293466797e+12 4.804345987634506836e+12 -5.519623575502896875e+13 -3.816773005809875000e+13 -5.024480313776029205e+10 2.559376137456575000e+14 -1.230855373981582812e+14 2.157972141520535000e+14 -3.311610722022722500e+14 1.735389843970797812e+14 -4.201416303605043125e+14 3.426337247292721094e+13 -8.832107137964310000e+14 -1.024497965661650156e+14 1.378372438437250000e+15 7.252263112210315625e+13 -2.113250088263041875e+14 7.027453913885290000e+14 2.104045876200922500e+15 -8.976817789956575000e+15 7.830387508579106000e+15 -1.193622026853864746e+12 -1.955512023559072998e+12 1.532788138854401611e+12 1.706189221551081299e+12 -2.509021920024260742e+12 -2.747325072225504395e+12 6.115593464134624023e+11 -5.626834728712005615e+11 4.417132337784612305e+12 -8.591932161990544434e+11 4.875318473528371582e+11 -4.075985692958245605e+12 1.335241799276795166e+12 2.279329460318070801e+12 -4.158369804585343018e+11 4.221448488325400391e+12 -4.822621609302278320e+12 -1.389300668217801758e+12 4.883480267401019287e+11 3.707713232698976562e+12
-4.396337213290615845e+11 -2.968446612220344727e+12 -1.379973259419151123e+12 7.820529212297330078e+12 1.091409754843807422e+13 -3.263431395004100098e+12 -1.447365263764219727e+13 -6.028176444453625977e+12 9.976166583644808594e+12 -1.749165800264186133e+13 4.627042752696485938e+13 -1.454465174766384766e+13 -3.557928611851157812e+13 5.183702143236012500e+13 -5.565139329473013281e+13 6.475676921687746094e+13 -2.096390458126419141e+13 -2.213377505860632812e+13 -7.873411331717419922e+12 1.555551803337030859e+13 -3.332939644927048340e+11 -1.033095356368298828e+12 -1.593728968563447876e+11 2.562081645133662109e+12 3.920481806898883789e+12 -1.174336087215687012e+12 -5.229685260300726562e+12 -2.347874548139146484e+12 4.462497139470941406e+12 -2.106328423119087402e+12 1.196792316620450781e+13 -4.562417571198883789e+12 -1.072311985719186914e+13 8.260174080447797852e+12 -1.185952875985127148e+13 2.030775417000433984e+13 -6.421023829355179688e+12 -5.692738388770798828e+12 -3.568564344419177246e+12 4.845185997372065430e+12 3.863815780342642578e+12 6.180429166335653320e+12 9.115468695181384766e+12 -1.624915847704054688e+12 -4.261635410196716406e+13 3.865789440481503125e+13 3.860551096244059375e+13 -1.820582490287770000e+14 3.289040439924085625e+14 -1.486225195508283438e+14 3.718970199473033750e+14 -1.233763998215267969e+14 -3.003306269068971250e+14 1.475859988614708750e+14 -1.462306066725431875e+14 3.742631898547783750e+14 4.633702985321907812e+13 1.580643643656739000e+15 -4.054526176475550500e+15 2.302091348124409000e+15 -1.526256709399382019e+11 -6.931483082315867920e+11 -4.045317062788403320e+11 1.230694343573529297e+12 1.904654593439834229e+12 1.296473158967749023e+11 -1.862712075026601074e+12 -1.526871945704438965e+12 1.578560956769429932e+12 8.439836905397728271e+11 4.519240471292366943e+11 -6.268873003135439453e+11 -1.983253539329656006e+12 1.252413189504643311e+12 -1.801894525422618408e+12 3.899933910536636719e+12 -8.175837297743519287e+11 -7.629840070739904785e+11 -1.918849968963935547e+12 1.512350136889560303e+12 7.302225858993181641e+12 2.395023785524474609e+13 2.125842255324742188e+13 2.223240493864758203e+13 4.221359540952462500e+13 5.294537909869685547e+12 -4.015646483131939062e+13 -1.861636446222044531e+13 -3.511252892325237500e+13 -4.538681033343607788e+11 -2.494675389685433594e+13 5.658637572902446094e+13 -8.879844585426699219e+12 -3.146044530350705469e+13 3.885744617685085156e+13 -4.225554163642701562e+13 2.760797145116959375e+13 2.124506754866879297e+13 -3.223495720360702344e+13 -2.333307196720294141e+13 2.947199804198038574e+12 7.918363567221643555e+12 4.581474612050290039e+12 4.647895146429752930e+12 1.370480183676299023e+13 2.497191743290259277e+12 -1.283959139466735352e+13 -4.657405321923827148e+12 -1.111850416826148438e+13 2.066395116646298584e+12 -7.724160845512980469e+12 2.032628762544542578e+13 -4.251784778230024414e+12 -7.830673923539837891e+12 8.298540063505220947e+11 -1.462185534205599023e+13 1.394488174260513086e+13 6.308277090758200195e+12 -1.007603392253942773e+13 -7.628220414854310547e+12 1.362467784153518164e+13 3.696052096213630859e+12 4.169714129896793945e+12 1.355030624482433398e+13 -3.013919494252996875e+13 -5.057024136670626953e+12 -9.963714550114987500e+13 1.302418582050092031e+14 -1.698584361397452500e+14 2.524548758316691250e+14 -1.428505686341446875e+14 3.907747172090671250e+14 -6.742850832916096875e+13 -4.068132271083299375e+14 -5.335319395126917188e+13 -1.641064299644249062e+14 -1.932854863622548438e+14 1.406844415885963594e+14 1.691703161493593750e+15 -3.118335181763946500e+15 1.025770753672714600e+12 2.168228358693539307e+12 1.666696016463213501e+11 4.096934042356529541e+11 2.926698441134640137e+12 2.191578169993099365e+12 -1.365308128873389648e+12 -6.381064873304128418e+11 -3.899159105649097168e+12 1.011999091353134155e+12 -5.997363002703393555e+11 2.920547847796646484e+12 -1.337352031816152588e+12 -2.233477290041333496e+12 2.747164296301294556e+11 -3.662689369908030762e+12 3.681295919714338867e+12 1.656052374030021729e+12 -8.991400348256805420e+11 -2.881783492437421387e+12
1.756441053408118591e+11 -3.206772154657926025e+11 -4.362708237429000244e+11 1.018351929803401184e+11 6.226062078698181152e+11 -6.549627508743231964e+10 2.204889154482362061e+11 2.693140376234855469e+12 4.634933587398793945e+11 -2.359360536833003906e+12 1.130854158177506104e+11 -3.048569701711729126e+11 -1.449586099741567993e+11 5.040706177151276245e+11 -1.198435734025447998e+12 -2.227346038271788574e+12 1.394490955943149414e+12 4.697051910059852295e+11 8.917561766592937012e+11 -9.249457459647239685e+10 1.097412548713208160e+11 -2.581982636085382080e+10 -5.460808282925163269e+10 1.671575306240755005e+11 2.245417081198077393e+11 -3.811981920313442230e+10 2.884235344542348480e+10 5.524455695219947510e+11 2.066247756597999573e+11 -8.402644908450657959e+11 -9.477543835969177246e+11 6.884874085545019531e+11 2.291723952850461121e+11 -7.737595139563597107e+10 2.351721979518193054e+11 -1.265210746265406982e+12 2.405190025731934509e+11 5.562188459644730225e+11 2.481302796389998474e+11 -1.464651922222449036e+11 5.502529998858123016e+10 -5.023999846083106995e+09 -2.938872508961815643e+10 8.469380426257929993e+10 4.151259755745936584e+10 -2.449995792732892990e+10 -1.743813252038364410e+10 2.544641978606756897e+11 4.836356129453963470e+10 -3.080456645787395020e+11 -5.181399455855191650e+11 4.273697880296878662e+11 1.105312594331031494e+11 -1.663083038956197815e+11 4.380424669898297729e+11 -7.390728045601331787e+11 -5.554334548537252426e+09 2.696533545588699646e+11 2.496292090306578979e+11 -1.526256715445263367e+11 4.898944475114336719e+13 2.122096823735914453e+13 -1.342404806910116943e+12 4.720924494071313281e+13 -1.046357011883740469e+14 -3.819640569202497656e+13 6.829498095543016406e+13 -8.779484377865714062e+13 8.555331824590071875e+13 -4.573118322044564844e+13 2.648020290115547656e+13 -5.765714011534741406e+13 5.407046526156203125e+13 -2.805667140954412500e+13 1.878993474448972266e+13 2.960149312240447266e+12 -8.707908048332780273e+12 2.903643099366660767e+11 -5.642234098838826904e+11 -8.347708439710778236e+09 8.097063405312247276e+08 2.300405058240371582e+12 5.770689086862050781e+12 6.871892699434287109e+12 2.899485577831185547e+12 -2.691608599749179199e+12 -5.478462467811542969e+12 -2.766227248190575684e+12 3.574015939432840332e+12 -4.042019993454235352e+12 2.227653437818800781e+12 -4.431527118045372070e+12 9.139185155962958984e+11 -4.281711321226747559e+12 2.238611344953917969e+12 7.412128596024768066e+11 -7.682841471753533203e+12 3.417025785067940430e+12 -5.642660433311453857e+11 1.729125546962228027e+12 -1.041623571101589661e+11 5.589266226006964111e+11 1.887846516052518555e+12 2.225078772840686035e+12 5.962063521526486816e+11 -8.438313795697619629e+11 -1.537977714732253174e+12 -1.054350966502105103e+12 5.940826757911488037e+11 -7.385728574665809326e+11 2.180439834336411743e+11 -2.299709421165860840e+12 2.620689674193845215e+11 -5.143149105546798096e+11 3.330015717932802734e+11 6.404962178751862793e+11 -2.171158617103032959e+12 6.919199942877169189e+11 -2.674934517242907715e+11 7.476562744344884033e+11 -8.829677508848504639e+10 8.657091173473454285e+10 7.464063811581496582e+11 9.114396307214738770e+11 1.106283642042608795e+11 -3.163322740008237915e+11 -3.931923643775747681e+11 -5.862764992867636719e+11 2.678763920547071533e+11 -6.561466943691726685e+10 7.373872689687414551e+10 -9.323488039926335449e+11 3.207094871796702576e+10 -4.545223138884381104e+10 5.423322791097681427e+10 4.229389044122885132e+11 -6.756245113245665283e+11 6.513987994037690163e+09 -1.295959923510729370e+11 4.691810648875933838e+11 -4.285468103239691406e+12 1.300241163603695801e+12 3.233024569912738672e+13 4.177784924749378125e+13 -3.770446665729504688e+13 -2.184540503442792188e+13 -5.768170044128476562e+13 -9.101857510678779688e+13 -6.482746562178114062e+13 3.272246076878168945e+12 1.251837958085876562e+13 -2.276694873251726562e+13 -3.996359112023457031e+13 5.859122889435841797e+12 -1.704406975122772461e+13 4.794647503572627344e+13 -2.608427560603741797e+13 1.157706580410637305e+13 -4.053124007057542480e+12 -4.124821879283949219e+12
-3.321346879433948364e+11 2.697137900516878418e+12 2.195454324400031250e+12 -4.669701229826582031e+12 -8.092244405503392578e+12 2.024034565519288330e+12 7.301507740279878906e+12 -5.487730480609040039e+12 -7.050569260423567383e+12 1.743314104759454883e+13 -2.602379498420980078e+13 9.063295252757667969e+12 2.020096166732973047e+13 -3.039189829735774219e+13 3.478322061518088281e+13 -2.859946562257204297e+13 7.050669815588196289e+12 1.073130582868031836e+13 1.441389140294635742e+12 -8.320958998629131836e+12 -1.750191046296216431e+11 6.574178117936910400e+11 2.673992337613766479e+11 -1.968506785949140625e+12 -2.909766802890964355e+12 7.760509662162546387e+11 2.804852898367323242e+12 -5.095738845725621948e+11 -3.151524282984501465e+12 3.922706221647884277e+12 -3.527850636628786133e+12 2.721706464474873962e+11 5.193685125398606445e+12 -4.325877493462645996e+12 5.804057386955635742e+12 -7.110753584265295898e+12 2.771337180030035645e+12 1.332497851093930176e+12 1.164935886833090576e+12 -2.206037760883592773e+12 -6.219709417124832916e+10 4.314813084152415771e+11 2.783524775034601440e+11 -1.015639964628427979e+12 -1.359279736658869873e+12 3.694965290276464844e+10 1.258171717938997559e+12 2.509745790137044678e+11 -8.857240389644254150e+11 3.084125756992182617e+11 2.518474170790293274e+11 -7.952220803329707031e+11 1.380109773032718018e+12 2.038337927816734924e+11 1.021535028155568390e+11 -1.206029275349279785e+12 6.740324874117442627e+11 8.891264268360183716e+09 5.713358009480101318e+11 -6.931483097388135986e+11 2.122096823081414844e+13 2.206430075755482188e+14 2.502489267771526562e+14 -8.961942336782350000e+13 -2.520525850662309062e+14 -8.499120640871373438e+13 9.547139700580093750e+12 -3.102950038969586328e+13 -6.141552625634999219e+13 1.274355588507195703e+13 6.102641927131403125e+13 -5.023508549581999219e+13 -4.444499564313801758e+12 3.819450130773403320e+12 3.073711188164182812e+13 -5.653750777902162500e+13 3.010445030666064062e+13 -3.087557180601073828e+13 1.454474037626841406e+13 1.174874650788758594e+13 -4.051119698451986328e+12 -2.082058194905230859e+13 -3.070602008540483594e+13 -3.485646386665707422e+13 -3.291023571274635156e+13 5.889451001111987305e+12 4.022527526739912500e+13 1.939066493197817188e+13 7.748999698944696289e+12 1.350397007832118164e+13 6.527178026837107422e+12 -1.684295304820375391e+13 1.926711225191212891e+12 3.148034785050891797e+13 -2.888276404855730078e+13 2.099694249187433203e+13 9.883012568208984375e+12 -2.298179474087140234e+13 1.972157673074162891e+13 7.267025071197902344e+12 -1.292461217399637695e+12 -6.222581779615139648e+12 -8.729613208563534180e+12 -9.872101812542302734e+12 -9.552898067164269531e+12 1.382140686108580566e+12 1.216094412796898828e+13 6.038975200078526367e+12 4.216483549336198730e+12 1.275876178176658447e+12 3.567503068554182129e+12 -3.729278244420732910e+12 1.498024862468746582e+12 6.027698624495806641e+12 -1.551876633737613037e+12 6.006620647843854492e+12 -6.128010107470469971e+11 -5.765963187054804688e+12 6.463321691130276367e+12 1.777903637314004395e+12 -4.889367851941697388e+11 -2.069518610558805176e+12 -2.835950324845139648e+12 -3.513352462109450684e+12 -3.120007118319590332e+12 -2.283774807019799194e+11 3.443292029359108398e+12 2.002654027391361816e+12 1.992642947336069580e+12 2.601023893039184875e+11 3.964728685048627930e+11 -4.773162086429925537e+11 7.968732104883773193e+11 1.494766618791923584e+12 5.182415531202078247e+11 2.035372189325031494e+12 -1.007558290299252686e+12 -1.667485821722487549e+12 1.692365116268852783e+12 6.183694130405212402e+11 9.495281528187631836e+11 4.454964876321039844e+13 9.758239009731185938e+13 1.223821542215713438e+14 6.864820008300754688e+13 -1.224761601074361406e+14 -4.130923717057826250e+14 -1.902088813141702500e+14 -2.285175655142854375e+14 -2.104626222480337188e+14 -1.464061658347127188e+14 -1.810147176138490625e+13 -2.348104310179861328e+13 -9.608195361320826562e+13 -4.758765229664083984e+12 6.098136824100732031e+13 -1.308576902399412500e+14 6.081181345377025000e+13 -8.104294765154223438e+13 4.084356569513522461e+12
-4.231118238724606934e+11 2.416952251255845703e+12 2.128887218986355469e+12 -3.766774602752671875e+12 -6.938695838512901367e+12 1.652352625272933594e+12 5.539751343388435547e+12 -6.798334183616230469e+12 -5.972734685591308594e+12 1.588630856223596875e+13 -2.057306827555419141e+13 7.409633505145294922e+12 1.602252907545222852e+13 -2.436910225903054297e+13 2.846299528961231250e+13 -2.044200624590216406e+13 4.260497606740761230e+12 8.007759982829675781e+12 3.118739339219889526e+11 -6.459553990719321289e+12 -2.387975521837697449e+11 5.408833400977006836e+11 2.606479896103504333e+11 -1.702368572887982910e+12 -2.495595909140260254e+12 6.455289672214842529e+11 2.179557881071836914e+12 -9.099350675711967773e+11 -2.669235909881881348e+12 3.859765462054823730e+12 -1.901358803269229736e+12 -4.204347003159804077e+11 3.873854225238306152e+12 -3.331181437597147949e+12 4.348409681804010742e+12 -4.426900787228623047e+12 1.958115368154768555e+12 5.354569833196845703e+11 6.875962968617043457e+11 -1.600162697430760010e+12 -9.963197752446405029e+10 3.440089576203893433e+11 2.460209544440803223e+11 -8.768988244136619873e+11 -1.107390745596481689e+12 5.164169806061370850e+10 1.005677993647924805e+12 -3.711159223691531372e+10 -7.412325190847828369e+11 5.264746741954108276e+11 6.756060787919483643e+11 -1.019340303591494873e+12 9.836511123850299072e+11 3.135935056833152466e+11 -3.233511754588981934e+11 -2.674659250773395996e+11 5.352747808056163940e+11 -2.415188615658158569e+11 2.193225259448796082e+11 -4.045317115566639404e+11 -1.342404820192011230e+12 2.502489267806507500e+14 4.572245580949777500e+14 -5.727095747398266406e+13 -2.784744285765461250e+14 -2.504361120569814375e+14 -9.114226013459363281e+12 -5.943449634772728906e+13 -4.306244531369561035e+12 -6.800331115923421875e+13 9.379942607829101562e+13 4.790810432610278320e+12 -1.064616935465135938e+14 7.275371813041059375e+13 3.678680504631493750e+13 -1.208562420339714375e+14 6.164486161813638281e+13 -5.750535557303265625e+13 2.745899573465235156e+13 2.654672651951935938e+13 -3.187128394391695312e+12 -1.849634569235862500e+13 -2.946988342729261719e+13 -3.374925630686326562e+13 -2.855749713838389453e+13 7.112893566096209961e+12 3.668787701545257031e+13 1.780095419142519922e+13 2.801116825891417969e+12 1.434658248036253125e+13 3.080905928925747559e+12 -9.163626276172146484e+12 6.731771297432807617e+11 2.870668448877239453e+13 -2.478065325708232812e+13 1.583190898131770898e+13 1.485391820646323438e+13 -2.122531024080896094e+13 1.603190643233112891e+13 4.122271851272365723e+12 -9.205811623338691406e+11 -5.409437868822477539e+12 -8.606058345615763672e+12 -9.815468264657761719e+12 -8.063233726022076172e+12 1.864787950459045654e+12 1.098251093965742578e+13 5.721605179944834961e+12 2.768942528291467773e+12 1.684200490498689941e+12 2.605047094900481445e+12 -8.138305415100278320e+11 9.367398294752902832e+11 5.215039405854307617e+12 -1.527512484850967041e+12 4.134188390312236328e+12 1.518942621298803467e+12 -5.172854024411681641e+12 5.330205816139477539e+12 7.093595380972231445e+11 -3.031958823315669556e+11 -1.707550227902450439e+12 -2.918485792733381348e+12 -3.603386553836130371e+12 -2.555976529205907715e+12 1.119025816386181488e+11 3.070664841792983398e+12 2.115486646583670410e+12 1.320425909941647217e+12 2.650520250337433472e+11 2.438858517068371582e+11 4.838215583190996704e+11 5.972189732760178223e+11 1.217587992675864014e+12 3.576380829749633789e+11 1.211128960091435303e+12 -1.698337299284105225e+11 -1.317553542444808594e+12 1.450554411703464600e+12 5.397777742026291656e+10 1.915014458973685938e+13 1.088002418663265625e+14 1.216743196091565312e+14 1.594206288948036250e+14 2.474418988963876562e+14 -1.495288458962575625e+14 -6.535222532094273750e+14 -3.411992369067073125e+14 -3.443378826236216875e+14 -2.923564031815623125e+14 -3.059999322637711875e+14 -2.639293138344797852e+12 -2.207006046121051953e+13 -2.135874889847295000e+14 2.733287818663565918e+12 6.332416838696642188e+13 -1.738415379874350312e+14 4.399961047743831250e+13 -1.425548144861652188e+14 1.218763637609269336e+13
6.270230157433957520e+11 -4.925978058094250977e+12 -4.036000940233148926e+12 8.460613794392768555e+12 1.472852767043726758e+13 -3.670370021917020508e+12 -1.317199585017646289e+13 1.032871239987673047e+13 1.282075155961038086e+13 -3.188239850872874219e+13 4.708202490111698438e+13 -1.643705142230943945e+13 -3.655598374080558594e+13 5.504055827288760938e+13 -6.308658320802535156e+13 5.138919442297171875e+13 -1.254226047615396289e+13 -1.933754225609419531e+13 -2.473057504237352539e+12 1.503491092518309375e+13 3.329887540708167725e+11 -1.192838753785207275e+12 -4.917925542374733276e+11 3.585193967705858887e+12 5.296106714547190430e+12 -1.409236539783666992e+12 -5.068362036117481445e+12 1.004444662198788696e+12 5.730648656580961914e+12 -7.220400124392504883e+12 6.238107631105942383e+12 -3.889668784045231323e+11 -9.358613043633539062e+12 7.811915492759918945e+12 -1.046159476765562109e+13 1.267031457645485352e+13 -4.975998477126793945e+12 -2.326449606018175781e+12 -2.069616351576850830e+12 3.967738775657702637e+12 1.207389890270040894e+11 -7.811046075089494629e+11 -5.078194593438062134e+11 1.849528037620426514e+12 2.464537537292204102e+12 -7.049944747270155334e+10 -2.278068443422292969e+12 -4.157317539067161255e+11 1.609120920854655518e+12 -6.039790668858492432e+11 -5.331900451366544189e+11 1.502290336580789551e+12 -2.479404734738998535e+12 -3.935858843216425171e+11 -1.190478525507434540e+11 2.070300424751770996e+12 -1.219847464710861572e+12 2.436424178285392761e+10 -9.958423448340787354e+11 1.230694339611947510e+12 4.720924494556680469e+13 -8.961942330915660938e+13 -5.727095739577794531e+13 5.796921884644035000e+14 3.348210411013449375e+14 -1.578586362275687500e+14 -6.351316360654203750e+14 -2.274401255197269922e+13 -3.827097460715702344e+13 5.765064142146586719e+13 8.791851259894870312e+13 -1.297622131479578750e+14 1.945369255554265869e+12 5.513723462174921094e+13 -1.130538531025269727e+13 2.133428542870787891e+13 -6.064346609936971875e+13 3.924163992273326562e+13 -1.902684411384671484e+13 -5.290746835869032227e+12 7.326731877050521484e+12 3.799987753550472656e+13 5.639858071905393750e+13 6.406998865237241406e+13 5.995434937690888281e+13 -1.105501052922394922e+13 -7.357069960802970312e+13 -3.548368431596172656e+13 -1.347831834770373828e+13 -2.502871538657226172e+13 -1.147054170205031836e+13 2.979647690500946875e+13 -3.347456058384099609e+12 -5.757565862335229688e+13 5.257138725448978125e+13 -3.786263118241860156e+13 -1.902614415680837109e+13 4.207599509300178906e+13 -3.575188549633493750e+13 -1.288335638530789648e+13 2.321844312603362305e+12 1.133761723476017188e+13 1.607100347326018555e+13 1.818781975354994531e+13 1.736621748472937695e+13 -2.626219680854636230e+12 -2.222422535119909375e+13 -1.107986605342208203e+13 -7.536571897438775391e+12 -2.418247657294149414e+12 -6.419268225261452148e+12 6.399621276949441406e+12 -2.669929906245550781e+12 -1.097847238625390234e+13 2.856575923620112793e+12 -1.076714515829476758e+13 7.826298381951143799e+11 1.053175158629075586e+13 -1.172929371436629688e+13 -3.103270493507808105e+12 8.710181858167999268e+11 3.755790869997333984e+12 5.240879575985570312e+12 6.490740955681147461e+12 5.659249242975447266e+12 3.655840167803287354e+11 -6.286303656983067383e+12 -3.709812404650172363e+12 -3.563595863541888672e+12 -4.802472237154880981e+11 -7.059769103023820801e+11 7.234054035897054443e+11 -1.436366615100397217e+12 -2.710161628275958496e+12 -9.291264553530775146e+11 -3.617615781931512695e+12 1.720874174114517090e+12 3.016691215808117188e+12 -3.080147022962869629e+12 -1.047974589470395996e+12 1.670334662767574805e+13 5.453875532666109375e+13 9.492893757076630859e+12 2.023140907971891797e+13 6.493997906419668750e+13 3.602340537484805000e+14 3.074264051364804375e+14 -6.981548477125035000e+14 -5.810648004255018750e+14 -4.155406349129637500e+14 -4.909266722420896094e+13 -5.724342313908683594e+13 -2.149197357872630312e+14 -8.781760877060979688e+13 -5.700733590037059375e+13 1.895966557890815234e+13 -5.016147373799660156e+13 -6.872879113980378125e+13 5.315070411109215625e+13 -6.089780323172832031e+13
6.368231227933425293e+11 -6.397274198551355469e+12 -5.013048006920167969e+12 1.157861376625970117e+13 1.957023378510361719e+13 -4.994952967724442383e+12 -1.852523205622860547e+13 1.075365203206658984e+13 1.713860812444290625e+13 -4.103142612265323438e+13 6.503034067166132031e+13 -2.235374891101335156e+13 -5.041638819021299219e+13 7.553325738589360938e+13 -8.575793806675840625e+13 7.407394875933204688e+13 -1.919886148342444922e+13 -2.738872420831464062e+13 -4.597519652475027344e+12 2.093571941427210938e+13 3.165216123271623535e+11 -1.617348412181128662e+12 -6.089413209442906494e+11 4.743213888146557617e+12 7.036220996002600586e+12 -1.900732617978770020e+12 -7.054482868291693359e+12 6.633062214589499512e+11 7.661374831684272461e+12 -8.889646665862445312e+12 9.883476286378576172e+12 -1.444779199747942383e+12 -1.325750935198563477e+13 1.091647946102778711e+13 -1.479234856689931250e+13 1.920595554570009766e+13 -7.205261605958166992e+12 -3.952868449720017090e+12 -3.191757002430136719e+12 5.685642495054823242e+12 9.471456675467034912e+10 -1.074728621774595093e+12 -6.643263933072696533e+11 2.448953177654881348e+12 3.357199631252250000e+12 -6.534687416298588562e+10 -3.130747544991520508e+12 -9.104971243726688232e+11 2.163963693074143066e+12 -4.306328094311223755e+11 -5.607228622150292969e+10 1.517157899188510010e+12 -3.577926983031423828e+12 -3.259475266272095947e+11 -7.414320272222963867e+11 3.838964817769655762e+12 -1.681415376484015625e+12 -3.212337798741170044e+11 -1.707223567624566895e+12 1.904654610087818848e+12 -1.046357011776138438e+14 -2.520525850347281875e+14 -2.784744285555935938e+14 3.348210411516996875e+14 1.209844400832902500e+15 -4.160602879787913574e+12 -8.379193791661250000e+14 3.392630690445219922e+13 -3.012097809137086875e+14 2.637666192103005312e+14 5.895411262011193359e+12 -1.074809566485254844e+14 -8.911138958808103516e+12 1.395202537831904062e+14 -1.609142147632255000e+14 8.091197197756265625e+13 -3.683888903179417188e+13 3.041260408318269531e+13 -1.977422102809788330e+12 -1.793966893187081641e+13 1.014188225732831055e+13 4.957792060731546094e+13 7.048046479559596875e+13 7.965098516187573438e+13 7.918254337736875000e+13 -1.176113942810724414e+13 -9.463780342823810938e+13 -4.548137024984947656e+13 -2.336377364277085547e+13 -2.932835556698815234e+13 -1.881194729619721094e+13 4.708303237704826562e+13 -5.837190360842484375e+12 -7.407002368000701562e+13 6.983170407674887500e+13 -5.339180768672162500e+13 -1.622588292271473828e+13 5.375091401892808594e+13 -4.875125244221210938e+13 -2.011156845533172266e+13 3.351420368132120117e+12 1.495976664138876172e+13 1.976320320450033984e+13 2.224975010404227344e+13 2.325653939410894922e+13 -2.524881926868950195e+12 -2.874212907971136719e+13 -1.395078010162230664e+13 -1.121547782603373438e+13 -2.375530019971590820e+12 -9.173703000314240234e+12 1.188674253111555078e+13 -4.041165181334897949e+12 -1.452130043800947461e+13 3.516221177144739746e+12 -1.574890051730358203e+13 3.941496466226154297e+12 1.366907795550405273e+13 -1.588562714187137891e+13 -5.280282359287860352e+12 1.322047275388971436e+12 5.085465725877485352e+12 6.272800037821403320e+12 7.785833106524893555e+12 7.688898450196870117e+12 9.225152438661625977e+11 -8.185018981540662109e+12 -4.364018529893113770e+12 -5.285978756837326172e+12 -5.784690249270878906e+11 -1.074404752319165283e+12 2.228778830211509277e+12 -2.030688108983928223e+12 -3.692049675852704590e+12 -1.357650487678219238e+12 -5.564881888650933594e+12 3.271706394411026855e+12 4.167658650464486816e+12 -4.093484152244753418e+12 -2.068405193190130127e+12 3.247578207929645508e+12 -9.152218064856454688e+13 -1.471432005306135000e+14 -7.685027573804659375e+13 -1.047859036007020469e+14 6.323264898486323750e+14 1.079305988932087750e+15 -3.504941727971969375e+14 -4.725104789749275625e+14 -4.038028493633924375e+14 -1.262592889982417500e+14 -1.058269986181283594e+13 -1.682687229419145625e+14 -6.907162245819628906e+13 8.199835367987692188e+13 -2.474774721285435938e+14 1.476916457294092188e+14 -1.775497993780507500e+14 8.898260258165382812e+13 2.032507086005918359e+13
-8.959446062737026978e+10 5.327291453200086975e+10 1.502350774765777893e+11 1.842545116841478882e+11 4.722411427037970734e+10 -6.683883095150857544e+10 -5.196702485829984131e+11 -1.352900117078844482e+12 8.930230535161149597e+10 5.191436196104360962e+11 1.303970075968222168e+12 -2.922381682374189453e+11 -9.773315301055646973e+11 1.295970383908183350e+12 -1.104185019111149902e+12 2.867168948903390625e+12 -1.222404042320703125e+12 -8.526004223589378662e+11 -6.198823295377337646e+11 4.953957642377705688e+11 -5.769247301374678802e+10 -1.893720428185724258e+10 1.919544217295262527e+10 1.911161806488572836e+09 1.657355517622838211e+10 -1.769432436506248474e+10 -1.655652091389202271e+11 -3.100262675569246216e+11 4.025276801108201599e+10 3.054891247688958740e+11 7.641063919356643066e+11 -4.342334410224945679e+11 -4.137638828522438965e+11 2.754078874395799561e+11 -4.496242637784865112e+11 1.146731879848752441e+12 -2.928878511148077393e+11 -4.095093491292468262e+11 -2.127811463671572571e+11 2.057057145966163330e+11 -3.027595959559994507e+10 -1.969968236504743576e+10 3.237787767118658543e+09 1.931315994275608778e+09 4.639482477520878601e+10 1.299200437008183098e+10 -5.574279806765615845e+10 -1.684256560344051208e+11 1.723345415762392426e+10 1.715908760483320007e+11 3.027019640649799805e+11 -2.186785534999924927e+11 -1.402182569656799927e+11 9.067002290816621399e+10 -2.725303511439219360e+11 5.143511820009209595e+11 -3.217253815459040070e+10 -1.649176386282142639e+11 -1.823786673570890503e+11 1.296473527512655182e+11 -3.819640567484961719e+13 -8.499120645439281250e+13 -2.504361121147502188e+14 -1.578586361736114375e+14 -4.160602839447444824e+12 1.197650347569840500e+15 1.747333995159703125e+14 -8.888081943185940000e+14 6.825245122670276562e+13 -2.759500532409674316e+12 3.310009298499508594e+13 -1.212252090089472031e+14 1.743707905528379688e+14 -1.660262705599847188e+14 7.831904458486475000e+13 -6.210601609932589844e+13 1.167686568157843906e+14 -1.337812648552277656e+14 5.554517397249214844e+13 -1.895004466377220703e+13 2.132306087312390747e+11 -3.044770510946029053e+11 -1.899310785032920654e+12 -2.351917337072864746e+12 -3.201502833393156815e+10 1.330772890085754395e+12 1.218889799908496826e+12 6.639979380957276611e+11 -2.588432684587504395e+12 1.752604010317962646e+12 -1.702889308821583740e+12 3.591157270438665039e+12 -6.590063159272829590e+11 9.504078475169959717e+11 1.585414288927899780e+11 -1.559762360073213867e+12 4.163996719537668457e+12 -8.714316044257108154e+11 -6.963298433517403564e+11 -1.437895827016033447e+12 1.317097943295057526e+11 -1.257837549951475334e+10 -6.907593941892012939e+11 -8.361469928859968262e+11 1.403836606440721130e+11 4.416946616544527588e+11 2.963650718231469727e+11 3.244012789444141235e+11 -5.847511896603642578e+11 3.831069315867083130e+11 -3.211826193972733765e+11 1.599225280757429932e+12 -2.388536928823689270e+11 -4.347033583847731590e+09 -1.212089282075542603e+11 -7.074983850410913086e+11 1.356414078643623535e+12 -1.177743243926940460e+11 -1.778531561761014404e+11 -5.497561179353638916e+11 7.964271428940138245e+10 5.638593708698777008e+10 -3.055812968453963013e+11 -3.704895053977202148e+11 9.713495488300759888e+10 2.049642169219809875e+11 5.813165398232812500e+10 2.518878476449897461e+11 -2.684904970693030701e+11 2.629352200173999786e+10 -6.588694402736634827e+10 5.937761953459423828e+11 -6.159883415733649445e+10 -5.114038872150292206e+10 -6.041472437181516266e+10 -3.653100147923442383e+11 4.651864619467458496e+11 8.399878965687614441e+10 -1.024959770138489723e+10 -3.187540733717405396e+11 -1.854907616118003906e+13 -6.949826510413726562e+13 -1.224332704868600781e+14 -2.565472299134215000e+14 -1.863465120622245938e+14 6.307205518144184375e+13 7.822557659291838750e+14 9.236637728278160000e+14 -3.677174681795679375e+14 -3.368809715728671250e+14 -1.320956012645487344e+14 -1.033402174600555469e+13 -1.759958306337424062e+14 3.433657446099348828e+13 -5.633370751217546094e+13 -9.741792672495998438e+13 -1.094710669528551250e+14 1.646187356161460000e+14 -1.331056776348835938e+14 -1.456749051284136328e+13
-3.407795700054509888e+11 5.219626611483789062e+12 3.860070601948328613e+12 -1.004257118915502344e+13 -1.641353188102206641e+13 4.305481348534250000e+12 1.654467391499401562e+13 -6.094021208656598633e+12 -1.447583939765828516e+13 3.310166858593629297e+13 -5.697417695757807812e+13 1.925356484814476172e+13 4.409938138371913281e+13 -6.571224214679395312e+13 7.382847620068068750e+13 -6.782888106664194531e+13 1.859695564263504297e+13 2.463937177742333984e+13 5.147400472228208008e+12 -1.850251175346011328e+13 -1.414589398306250916e+11 1.388361340789817871e+12 4.668797772401367798e+11 -3.957901196797218750e+12 -5.900409049596351562e+12 1.621949820875721680e+12 6.231700730842405273e+12 1.047600574686597137e+11 -6.471762722491564453e+12 6.762181411531703125e+12 -9.859626166380498047e+12 2.125512400760870850e+12 1.192893882847028906e+13 -9.683998964150865234e+12 1.328442329012055273e+13 -1.844234302313878125e+13 6.627485621935253906e+12 4.163753272762679688e+12 3.111971716060183594e+12 -5.175814982702738281e+12 -1.472562145580030251e+10 9.376625432038590088e+11 5.469006370070221558e+11 -2.045494929030324219e+12 -2.896914389835594727e+12 2.691074113239793777e+10 2.727977560195214844e+12 1.116267819971944092e+12 -1.840395509679256836e+12 -5.041871857204380035e+09 -5.954031848459365234e+11 -8.007727556474932861e+11 3.279942369144401367e+12 7.935895150013958740e+10 1.196180474647723145e+12 -4.291213353194206055e+12 1.469843530535808838e+12 6.176256470807987061e+11 1.810000370756046875e+12 -1.862712028992640625e+12 6.829498093224540625e+13 9.547139528423695312e+12 -9.114226161081652344e+12 -6.351316359960841250e+14 -8.379193789145556250e+14 1.747333995197856250e+14 3.642271234133516000e+15 -2.131004221023510250e+15 -3.322658458524608125e+14 8.468015893268603125e+13 -2.360407579327057188e+14 3.070528714952745625e+14 1.620899040520167500e+14 -3.175340263238756875e+14 1.454817323225700781e+13 -4.641210724860506250e+13 2.097991040766301562e+14 -1.692284415206293125e+14 3.248409290232460547e+13 3.599374998185932031e+13 -8.906409679950072266e+12 -4.068124382474562500e+13 -5.472194583044510938e+13 -6.140615929665238281e+13 -6.593705329269832812e+13 6.980782953105379883e+12 7.630244177774581250e+13 3.650376461182534375e+13 2.496659951068498438e+13 2.072960155893223438e+13 1.929372263697162500e+13 -4.686563945654610938e+13 6.263747798656461914e+12 5.972711833862692188e+13 -5.854663086000493750e+13 4.781517259169335156e+13 4.692180438833411133e+12 -4.295704792128832031e+13 4.211523563887281250e+13 1.981490930627954688e+13 -3.073081857632012207e+12 -1.244347573680975195e+13 -1.500884954613119531e+13 -1.677316391233667773e+13 -1.968398713114759375e+13 1.167691932439569824e+12 2.333015777409882812e+13 1.094091859481359766e+13 1.058946737461893555e+13 1.167475265115737061e+12 8.328368347441064453e+12 -1.330110584928887695e+13 3.875334152775564941e+12 1.211388317214268945e+13 -2.673920086429378418e+12 1.462883274315090430e+13 -6.163012443808314453e+12 -1.114442347723883203e+13 1.361923106031958594e+13 5.567773910798869141e+12 -1.270983752445239258e+12 -4.358757036140126465e+12 -4.580627562535637695e+12 -5.704166887968033203e+12 -6.615369723632829102e+12 -1.203795670396241455e+12 6.699547505622832031e+12 3.103408847327159180e+12 4.975853414663778320e+12 4.264236186788740234e+11 1.035371565785720337e+12 -3.117485922380699707e+12 1.823415264331457275e+12 3.186105671643495605e+12 1.259873091181528564e+12 5.413730901329321289e+12 -3.714061395385632812e+12 -3.652268903497016113e+12 3.433988679723896973e+12 2.400377063694053711e+12 -2.576073280831050000e+13 3.473769058762445312e+13 2.186051288254115625e+13 -1.600730409044077812e+14 -1.134229605262547500e+14 -6.608038700297921250e+14 -5.286212733384256875e+14 2.793821079639222500e+15 4.563877475539493125e+14 -8.349532675033377500e+14 -2.049538217177229375e+14 -3.810672720546278125e+14 1.433264405547777734e+13 1.933123563370529688e+14 -3.423380333151471875e+14 2.216466662934680469e+13 -1.992933919999515625e+14 2.574994835270161875e+14 -1.865002639718649062e+14 6.220486733825075781e+13
7.429381054414069824e+11 5.204168275658011475e+11 -6.150840314843197021e+11 -3.588268989863875977e+12 -3.573858073500271973e+12 1.428711546823854736e+12 7.861271681430439453e+12 1.103672564496216797e+13 -3.581868312829901367e+12 1.664754255812185547e+12 -2.269060422392381641e+13 6.328921630625082031e+12 1.727467809010113867e+13 -2.429427414135667578e+13 2.412057379550155469e+13 -3.887504653280725000e+13 1.459470734040483789e+13 1.241727544714253516e+13 6.579561533505667969e+12 -8.017749100275052734e+12 4.933539838380500488e+11 4.371067777358308105e+11 -8.363796608106974792e+10 -7.762939978235543213e+11 -1.281109160023668457e+12 4.706946273887160645e+11 2.688801899762759766e+12 2.817052904719724121e+12 -1.604324231523324707e+12 -1.459148931692494629e+12 -8.784434101732413086e+12 4.325151960943190918e+12 6.020603882617645508e+12 -4.341857199180284668e+12 6.604077724336361328e+12 -1.388236196562382812e+13 3.913373936207754883e+12 4.492998066530488281e+12 2.516463822995327148e+12 -2.848439396077732422e+12 2.703161371273571167e+11 3.575510166780978394e+11 7.567536452714730835e+10 -4.097120874588200073e+11 -9.741346147972727051e+11 -1.120490075023032990e+11 1.026068387638072876e+12 1.733565519117650879e+12 -5.084272892244031372e+11 -1.549009959480041992e+12 -2.845068619192699219e+12 1.819276459758329590e+12 1.894036244927631104e+12 -8.027748135595946045e+11 2.688088835609296387e+12 -5.463292439068794922e+12 5.721398805020761719e+11 1.606284956607559570e+12 1.992488243835334473e+12 -1.526872048971108887e+12 -8.779484379635782812e+13 -3.102950031572394531e+13 -5.943449631870531250e+13 -2.274401267676591016e+13 3.392630671991194922e+13 -8.888081939067913750e+14 -2.131004220527991750e+15 6.520177438309835000e+15 -3.075571218976458000e+15 -1.950886153359323438e+14 -1.447647949907621250e+14 4.399114129290994375e+14 -8.895880946657556250e+14 6.194383976387918750e+14 -3.519470422300271875e+14 5.435110848220588750e+14 -6.990793976060001250e+14 6.638660474111945000e+14 -2.121606762276531250e+14 -4.692771786673282031e+13 -3.631786569235046387e+12 -5.055020731546109375e+12 6.640322735294207031e+12 9.441687036391507812e+12 -1.235668992127345508e+13 -1.066703604596710547e+13 3.636964311748809570e+12 1.010379824228465698e+12 2.814017532756838672e+13 -1.183590421536859766e+13 1.906314415564198047e+13 -4.138626176272721875e+13 7.146580727790043945e+12 2.880319938614907715e+12 -1.265850545431134961e+13 2.324177143094872266e+13 -3.666641127542682812e+13 -3.765894597553089600e+11 1.435900347785065820e+13 1.677238363239722852e+13 -1.777605661425993408e+12 -2.272952924720754883e+12 3.353392560230427734e+12 4.326670749264533203e+12 -5.041525504832108398e+12 -3.760890099135606934e+12 1.800584274276224854e+12 -8.283721782440039062e+11 7.306308973181908203e+12 -3.232383835521544922e+12 4.494853868247411133e+12 -1.697862561739165820e+13 2.898079925576347168e+12 2.362439132949780762e+12 5.807027973825560303e+11 9.188370928082037109e+12 -1.341909846340765234e+13 -1.074773245516283325e+12 4.216456089450542969e+12 6.027525411881258789e+12 -9.622631632875977783e+11 -1.344626033569551758e+12 1.878378776170595459e+12 2.248485993231472168e+12 -2.145028043166650635e+12 -2.079989026478243896e+12 7.604048634652963867e+11 -1.677278543619691406e+12 3.376515286104538574e+12 -1.554276986294479065e+11 7.929725059745777588e+11 -5.954739532964801758e+12 9.054237075901890869e+11 1.072406724654573975e+12 7.866658868972341309e+11 4.333967099105034180e+12 -4.909056128662460938e+12 -1.458249193287289307e+12 7.510450798923641357e+11 3.336048176008139160e+12 7.133438929381567383e+12 -1.989283550021001562e+13 1.532582789626986133e+13 5.848193406843955469e+13 1.032417093943731562e+14 -2.098837090183501562e+14 -8.679645885865568750e+14 -1.584760753760289250e+15 4.351554796335977500e+15 5.571962121984580625e+14 -5.190672609804197500e+14 -4.512982062044637500e+14 1.204395593857340938e+14 -6.123029105028327500e+14 2.384966614835522812e+14 -4.722440032471013750e+14 7.878952201593435000e+14 -6.558607291365207500e+14 4.341375216580142500e+14 2.719505012845248413e+11
2.432329102483870239e+11 -4.255893339054971191e+12 -3.102794477664140137e+12 8.303646312305513672e+12 1.346934382071257617e+13 -3.555077331136226562e+12 -1.376677558085110352e+13 4.449874458411834961e+12 1.189837693524436133e+13 -2.691698964193567188e+13 4.721277430599024219e+13 -1.589515908153226953e+13 -3.653097984245824219e+13 5.437013012727578906e+13 -6.094400308609739844e+13 5.673640179557807031e+13 -1.573111279498036914e+13 -2.053397535277432812e+13 -4.467373466170242188e+12 1.536139527103919141e+13 9.272356046548545837e+10 -1.145330952224668945e+12 -3.748741296626310425e+11 3.244139676429122559e+12 4.841856969529496094e+12 -1.336250268185062256e+12 -5.173248790323791016e+12 -2.105020627988853149e+11 5.319580655020024414e+12 -5.418551650180280273e+12 8.386874742819735352e+12 -1.916382148004586914e+12 -9.941748566439169922e+12 8.046460486799398438e+12 -1.106693836484147070e+13 1.557398150056933789e+13 -5.548773743829591797e+12 -3.576717497774828125e+12 -2.635715587583417480e+12 4.324122546448623047e+12 -1.064557979519133121e+08 -7.763045129688522949e+11 -4.468650205844371338e+11 1.676992463222896729e+12 2.392581093755288574e+12 -1.682823864355889702e+10 -2.257902194637457031e+12 -9.824648427959713135e+11 1.515071354897606934e+12 7.312543408577726746e+10 6.096259741238266602e+11 5.682811166192739258e+11 -2.744187065097837891e+12 -2.857407974757269669e+10 -1.089811959023735596e+12 3.723323067262743164e+12 -1.217425177918707031e+12 -5.724352823410999756e+11 -1.556567751298564697e+12 1.578560946015232666e+12 8.555331829132681250e+13 -6.141552613249248438e+13 -4.306244353855645996e+12 -3.827097439489728125e+13 -3.012097808375814375e+14 6.825245035034121875e+13 -3.322658470663947500e+14 -3.075571217080316000e+15 7.923110927463882000e+15 -4.758181341227339000e+15 5.711130334060622500e+14 -3.747677578495706250e+14 1.395991956001336406e+14 1.667656686231335312e+14 2.226572090777073750e+14 -2.007542893935514062e+14 3.056670812212112500e+14 -4.861343558353598125e+14 5.911083360368434375e+13 1.470819497194971875e+14 7.384248673621340820e+12 3.321452361057742969e+13 4.407915972596188281e+13 4.937466782178173438e+13 5.402038663905698438e+13 -5.185436311548708008e+12 -6.203725579571849219e+13 -2.964665808379089844e+13 -2.150009214114715234e+13 -1.628252823752511719e+13 -1.649528804607400977e+13 3.984880478284456250e+13 -5.397900755556780273e+12 -4.856228280482792969e+13 4.804080382863509375e+13 -3.981013148976739844e+13 -2.170801553689526611e+12 3.485150174538296875e+13 -3.479204130908548438e+13 -1.681582874729324414e+13 2.571248859721000977e+12 1.019196432100848438e+13 1.202151686841296680e+13 1.340885655006921875e+13 1.618683101564208203e+13 -7.792854056512128906e+11 -1.899913810651440625e+13 -8.835288507251406250e+12 -8.912844736784101562e+12 -8.026669592945148926e+11 -6.953966377592467773e+12 1.154284256591235938e+13 -3.271743519128104492e+12 -9.928682873565986328e+12 2.142455202942478027e+12 -1.227232525971549609e+13 5.595782048145804688e+12 9.085135308099931641e+12 -1.123202666245169531e+13 -4.783658347548003906e+12 1.073552854545364990e+12 3.594530991207046387e+12 3.630804778012801270e+12 4.525409827005884766e+12 5.460135984350979492e+12 1.068883990430230957e+12 -5.466687036153845703e+12 -2.441860617377784180e+12 -4.185505202965843262e+12 -3.388682917973755493e+11 -8.749470572844443359e+11 2.793426260343894043e+12 -1.518995316725137695e+12 -2.631473460203366211e+12 -1.056716074476921875e+12 -4.583262230407065430e+12 3.230597444091463379e+12 3.026689864716902344e+12 -2.818163357914960449e+12 -2.095196753229432617e+12 2.352464579302289062e+13 -4.966650336549866406e+13 1.617899529773420508e+13 1.764866438035075938e+14 -7.295297651142707812e+13 -2.861860908931457422e+13 3.733227129678819375e+14 -1.495773001607801750e+15 -2.226882073489166500e+15 6.006150387867107000e+15 -1.257538747952392500e+15 1.757097937634405000e+14 -5.542802744627659375e+14 -1.068269920222435312e+14 4.351369719413469531e+13 2.793770492062618125e+14 -1.154302917263981562e+14 2.091127042613544375e+14 -2.591232876331405625e+14 -2.060504041911814688e+14
-8.306182431680655518e+11 1.256200060628444336e+12 1.892506936501738037e+12 7.578208669190443420e+10 -2.083456993791143799e+12 7.317625726783201599e+10 -2.003557712219479248e+12 -1.268663764101432617e+13 -1.423226421460013184e+12 9.542525623683857422e+12 2.678315010326132324e+12 3.851320696707382812e+11 -1.795191972346473877e+12 1.281093157112325684e+12 1.619331739190122559e+12 1.461777007231535352e+13 -7.800536653756478516e+12 -3.667745061266063477e+12 -4.606463976337572266e+12 1.495057506879136230e+12 -5.230103222324310303e+11 4.633701196353402710e+10 2.378062812060588684e+11 -5.847755824503062744e+11 -7.524742529638541260e+11 9.263294562144592285e+10 -4.923578898848013306e+11 -2.679124670945414551e+12 -6.334321230141596680e+11 3.683064750006844238e+12 5.144203163990968750e+12 -3.451802226015996094e+12 -1.784260850839550293e+12 9.226513855509038086e+11 -1.890035931292410889e+12 7.166220734513563477e+12 -1.539034112340090088e+12 -2.927171669891788086e+12 -1.376838623373153809e+12 1.001740838111643555e+12 -2.654241246196808472e+11 -2.877426587341008377e+10 1.112447904834499207e+11 -2.940155837436314697e+11 -3.686736631130233002e+10 1.170271817092946167e+11 -7.005991457941166687e+10 -1.294504850103270508e+12 -1.298316954512548523e+11 1.490867289883465576e+12 2.540894086157457031e+12 -2.022632797034292725e+12 -7.205296045075684814e+11 8.002432722543959961e+11 -2.187330893676205078e+12 3.819185082303641113e+12 -5.633665610642916107e+10 -1.339771362465089844e+12 -1.310382765012759277e+12 8.439836692037790527e+11 -4.573118324320087500e+13 1.274355567460256445e+13 -6.800331147011394531e+13 5.765064131190870312e+13 2.637666191366973750e+14 -2.759499711879038086e+12 8.468015950210220312e+13 -1.950886166092834375e+14 -4.758181340114203000e+15 9.309655409532336000e+15 -5.478585457839163000e+15 6.428156925672656250e+14 1.026981096873270250e+15 -9.259694417109986250e+14 -4.072565071966782031e+13 -1.432396959534376875e+14 1.686252655336687812e+14 1.522301643247175000e+14 -3.158130866950607812e+13 -8.654020215377757812e+13 5.003054445455629272e+11 -8.828149323985173828e+12 -2.482535446958601953e+13 -2.977546941720474219e+13 -1.029717420134489453e+13 1.262901761121788086e+13 2.218956995293895703e+13 1.131867884312953711e+13 -1.870748276012156641e+13 1.838505275489023047e+13 -1.187150964553624219e+13 2.409662064844417969e+13 -4.776909615681981445e+12 1.733709207242205078e+13 -7.517719684891123047e+12 -6.293584231251313477e+12 3.691028782658936719e+13 -1.410244006475360742e+13 3.460912499288280640e+11 -9.488728659578390625e+12 6.780014656821209717e+11 -2.000079404218965332e+12 -8.285256174921881836e+12 -9.817180605374078125e+12 -1.770559390256323242e+12 4.017046355546148438e+12 6.121205721078337891e+12 4.482420768135278320e+12 -3.474171377137026367e+12 3.507726902897783203e+12 -1.526573318094884277e+12 1.188091198850367773e+13 -1.487502488265667236e+12 1.802873849501437988e+12 -1.459956725142460938e+12 -3.927440721789452148e+12 1.085476722654565820e+13 -2.717153667923020020e+12 5.233203276343784180e+11 -3.932989162896819824e+12 4.992076031850347290e+11 -1.721368721623788147e+11 -3.352404835623671875e+12 -4.087364420712797852e+12 -1.607917949897546692e+11 1.598827866852487549e+12 1.523304654944232666e+12 2.661195210289145996e+12 -1.577909157382583008e+12 2.933560289924087524e+11 -4.154222270018084106e+11 4.687963505599453125e+12 -2.584162335511976318e+11 3.955978233623490906e+10 -3.337515564972217407e+11 -2.353017825461782227e+12 3.479495214232293457e+12 1.752474768839471436e+11 4.326825298839739380e+11 -2.406179286534222168e+12 -7.347221318169896484e+12 1.602199945369157422e+13 -9.079397334540200000e+13 -1.301109930084700625e+14 1.068873732457091797e+13 1.820252094776318750e+14 -2.362799596149700000e+13 1.291145554105426750e+15 -1.338883567473228500e+15 -4.504656491091035000e+15 7.333216738333491000e+15 -2.357360505910806500e+15 -2.960050425908485000e+14 6.968493735199052500e+14 -5.870892071852677500e+14 -2.907417674358228125e+14 -4.797238583228665000e+14 -1.672811478756866406e+13 2.966648295374928750e+14 -6.678959877922282227e+12
-1.504578077712400635e+12 4.568765969114724609e+12 4.931326928041833008e+12 -4.773583610336752930e+12 -1.135876291586424219e+13 2.216814831962973145e+12 4.836923431514157227e+12 -2.341389822163641016e+13 -9.350297148557628906e+12 3.151363085856126562e+13 -2.345880766146294141e+13 1.000661337431671875e+13 1.860546145057230078e+13 -2.997002996414578906e+13 3.860035824974802344e+13 -9.511296438250000000e+12 -3.503786315810369141e+12 6.101399890675375977e+12 -4.913478436788662109e+12 -6.610755270920058594e+12 -9.117335360149421387e+11 7.514869742297308350e+11 6.108020826076193848e+11 -2.871755751310347168e+12 -4.088948558616526855e+12 9.399551440371282959e+11 2.244529765200617188e+12 -4.266029230616414551e+12 -4.175648710401664551e+12 9.231365576760421875e+12 3.482809397111838379e+12 -4.526023991323195312e+12 2.940144765990067871e+12 -3.234139324340292480e+12 3.430502280964210449e+12 2.557027282162537109e+12 7.508785447225908203e+11 -2.687003397633121094e+12 -7.015538933684981689e+11 -9.089879204554766846e+11 -4.348803323481466064e+11 4.107390391606580811e+11 4.458697715147711792e+11 -1.470942264743249023e+12 -1.471638773312823975e+12 2.016963468087379761e+11 1.216980139443351318e+12 -1.541773212504522461e+12 -1.106392713938978760e+12 2.399903183699166016e+12 3.804120022509230469e+12 -3.649622618996519043e+12 4.378992805598074951e+11 1.328191380817947754e+12 -2.941510067955344727e+12 4.062250110268448242e+12 6.257609124366994629e+11 -1.857804213658925293e+12 -1.229171090599484375e+12 4.519241459728820801e+11 2.648020290832608203e+13 6.102641953323106250e+13 9.379942650525109375e+13 8.791851259030148438e+13 5.895411293452448242e+12 3.310009232885875000e+13 -2.360407577281583750e+14 -1.447647950882215312e+14 5.711130323757450000e+14 -5.478585457034442000e+15 1.015487458232206400e+16 -6.301244629091024000e+15 7.270558334046147500e+14 5.190120726619628125e+14 7.540454269580996875e+13 -8.673631338302662500e+13 2.118102899005640625e+13 -5.165939288516657031e+13 -1.892643011435397188e+14 1.315961497196871719e+14 -3.535640478394846191e+12 -3.405747349436980859e+13 -6.667996432969055469e+13 -7.791504549840692188e+13 -4.873671803250791406e+13 2.375335840847461719e+13 7.295307377217681250e+13 3.603419635518851562e+13 -1.797395710605828906e+13 3.973103447150848438e+13 -9.724037534270146484e+12 1.598228272639988086e+13 -4.643910063170027344e+12 5.705345274867682031e+13 -4.065513880620644531e+13 1.316822420156395703e+13 6.176425202243898438e+13 -4.366585157218324219e+13 2.108864066075694531e+13 -5.630372917034108398e+12 -4.055866242267993774e+11 -9.289033749478320312e+12 -2.066750517877631641e+13 -2.399612445705126562e+13 -1.244889645181220508e+13 7.042267233042072266e+12 2.123696667316103125e+13 1.255655061964246094e+13 -4.359292675744013672e+11 6.221462645714360352e+12 1.600122656430003662e+12 1.266056484346841602e+13 -5.077407668003156128e+11 8.810574819936837891e+12 -3.656078887570190918e+12 8.028443474959307861e+11 1.448682140604802344e+13 -9.811241803151359375e+12 7.482577157400448242e+12 -3.623317522273820801e+12 1.848198751554312134e+11 -2.402250337513998535e+12 -7.635060167938507812e+12 -9.367085533150525391e+12 -3.484055803742867676e+12 1.989489503372139893e+12 5.720628989385123047e+12 5.801116572184193359e+12 -1.169189339589683685e+11 6.805905960995069580e+11 -1.646743886351282043e+11 6.034379800142794922e+12 4.724970627309979858e+11 1.616954369917710205e+12 7.637829367564929199e+10 -1.152463166292557129e+12 3.796236083295275879e+12 -1.498068618679764160e+12 2.371270187055662598e+12 -2.707119961054833496e+12 -1.415975972757051025e+12 -1.815990608197595703e+13 -6.591927112484094727e+12 2.591215106310889453e+13 -3.511750365550444922e+13 2.657896088872906875e+14 1.563910381538457500e+14 -6.100644042195671250e+14 8.764215892310273750e+14 -7.897638603869012500e+14 -5.635068799614091000e+15 8.355879702836182000e+15 -2.631435495235292000e+15 -4.366408748088717500e+14 2.812590697548287500e+14 3.554874837880150000e+14 -1.357699634151283281e+14 7.146770275644985938e+13 -1.816962480401409688e+14 -2.146677897326566875e+14
1.503357494731101807e+12 -4.191677327778211426e+12 -4.682575110939302734e+12 3.970149474306138184e+12 1.011462822954590430e+13 -1.875666368745053711e+12 -3.454581175521422852e+12 2.332434393083707812e+13 8.240089044569000977e+12 -2.917148527394454688e+13 1.883043598562723828e+13 -8.482851737171673828e+12 -1.503167485908643164e+13 2.468831879336358984e+13 -3.276189797216155469e+13 3.643884142799580078e+12 5.231031531452033203e+12 -4.021349680578373047e+12 5.468054793788599609e+12 5.088134690235236328e+12 9.167974919041806641e+11 -6.421894519415512695e+11 -5.809928371752999268e+11 2.574324242602688965e+12 3.641809815491596680e+12 -8.134744008549140625e+11 -1.732059220864839355e+12 4.358132669883449219e+12 3.679214163481207031e+12 -8.807088980319882812e+12 -4.430072741166012695e+12 4.803461876401482422e+12 -1.932840849040599609e+12 2.432838259191741699e+12 -2.311766365389101562e+12 -4.252111894627186523e+12 -1.741192557026920166e+11 3.110628568890631836e+12 9.928222239166037598e+11 4.648171701890153809e+11 4.420020446470243530e+11 -3.350451192288309937e+11 -4.057223240707164307e+11 1.316969236860425049e+12 1.241712831197483398e+12 -2.032074332670402832e+11 -9.971881427362800293e+11 1.671276553777353516e+12 9.636493646556199951e+11 -2.446906322151108887e+12 -3.931033459668880371e+12 3.648968247515125000e+12 -1.537465033169042969e+11 -1.346874160357394043e+12 3.105294746927433594e+12 -4.523922976859071289e+12 -5.067548631729754028e+11 1.948947161753605957e+12 1.414507949161844971e+12 -6.268873661017524414e+11 -5.765714013352125000e+13 -5.023508567483392969e+13 4.790810121778712891e+12 -1.297622131318901875e+14 -1.074809565746496562e+14 -1.212252086828614219e+14 3.070528713043406875e+14 4.399114133500176250e+14 -3.747677578657496250e+14 6.428156928493343750e+14 -6.301244629764512000e+15 1.124087693368677000e+16 -6.531679624186374000e+15 8.833196351481836250e+14 1.570062319202674688e+14 -8.414394091134498438e+13 -3.152785113095660625e+14 5.498450175343510000e+14 -1.448093428944404375e+14 -1.337146553406498260e+11 2.809564946080115234e+12 3.108839317140333594e+13 6.309092125488929688e+13 7.394754744474576562e+13 4.379897482072411719e+13 -2.359126662074626562e+13 -6.756023283590668750e+13 -3.347618302033076172e+13 2.055020354112580469e+13 -3.865215038930168750e+13 1.163409762617549414e+13 -2.047379679079793750e+13 5.292862512150821289e+12 -5.283110403667046875e+13 3.622003093460792969e+13 -9.157434768948716797e+12 -6.254367065535656250e+13 4.068009587844375000e+13 -1.774005244299535547e+13 7.507536863113716797e+12 1.392639146921641846e+11 8.358971337800570312e+12 1.972926582309534375e+13 2.296503458989762109e+13 1.093410641903143945e+13 -7.074684767782127930e+12 -1.956732196773552344e+13 -1.182393688714014844e+13 1.389213654087443848e+12 -6.237974035337577148e+12 -8.880793048196124268e+11 -1.409291228911294141e+13 8.633586389600852051e+11 -7.900640376533611328e+12 3.488421729750309570e+12 4.868149257381735229e+11 -1.531771258734232617e+13 9.007213248715449219e+12 -6.412568661203139648e+12 4.190375050891455566e+12 -3.018061120542107544e+11 2.059945782577614258e+12 7.374462947493794922e+12 9.039839511910972656e+12 2.961393428977099609e+12 -2.135486926733149170e+12 -5.233839797399855469e+12 -5.636748597858110352e+12 5.631486026974774170e+11 -6.557442783560288086e+11 2.602471566310076294e+11 -6.429582919179126953e+12 -3.189716000951765747e+11 -1.364044732939665771e+12 3.455017285191751099e+10 1.657848006213606201e+12 -4.201253667433903320e+12 1.201260687512246826e+12 -2.110875771850239990e+12 2.973800523696768555e+12 -2.038063536701579297e+13 7.739847247421810938e+13 9.814907718578456250e+13 -4.906844309049600000e+13 1.633525261121687812e+14 -4.377086528263737500e+14 -4.221546523732425625e+14 5.663384553155396250e+14 2.568135366688708438e+14 1.632798175785744500e+15 -5.012039599633808594e+13 -6.721095744517374000e+15 9.277007231585952000e+15 -2.468753119139034500e+15 -2.230355590134007500e+14 -2.017581336853425000e+14 2.055384601168477500e+14 -4.476530702703341250e+14 4.496641976720586875e+14 8.935650744884321875e+13
2.585700128065641479e+11 3.272981636820753418e+12 1.812638583812126953e+12 -7.869750568824441406e+12 -1.146979984088302930e+13 3.307284283460443848e+12 1.415023942139349219e+13 3.256856984962428223e+12 -1.037707749859839453e+13 1.976228364233048047e+13 -4.606557907309967188e+13 1.475322243878385352e+13 3.548055898242126562e+13 -5.199002992225332812e+13 5.648185690082461719e+13 -6.205207947346653125e+13 1.940573821853264844e+13 2.150487400548263281e+13 6.915188316934900391e+12 -1.535436565858043555e+13 2.197618260326900635e+11 1.052132394988572388e+12 2.136213827501701660e+11 -2.713818384926797363e+12 -4.121002105014035645e+12 1.204866693067274902e+12 5.164344631764509766e+12 1.771714007636245605e+12 -4.641112168301832031e+12 2.943453974689331055e+12 -1.092467072264004883e+13 3.833083894381727539e+12 1.041679850548599414e+13 -8.124715431417952148e+12 1.153928007969248242e+13 -1.888515453169789062e+13 6.132906402361623047e+12 5.089663826550483398e+12 3.292426534582439941e+12 -4.663278984461761719e+12 1.559734428016065674e+11 7.484773852091101074e+11 3.557902985447512817e+11 -1.407712210140759033e+12 -2.233086519523868164e+12 -5.286673438197976685e+10 2.168961520837732666e+12 1.686074381776353027e+12 -1.351539809914760986e+12 -9.444406458270152588e+11 -2.066669645490129883e+12 6.522723890557355957e+11 3.009223369694309082e+12 -4.430228817116865845e+11 2.311557819958526367e+12 -5.751668047106496094e+12 1.180369764029391357e+12 1.326250625170577393e+12 2.236425245276995605e+12 -1.983253503343406738e+12 5.407046528656558594e+13 -4.444499564967912109e+12 -1.064616935223876719e+14 1.945369218544055176e+12 -8.911139090688414062e+12 1.743707907608111875e+14 1.620899044873597188e+14 -8.895880956640947500e+14 1.395991967720138750e+14 1.026981095620182375e+15 7.270558343934513750e+14 -6.531679624815691000e+15 9.953787748253188000e+15 -5.637973263388650000e+15 6.408768691405663750e+14 4.811026847197420625e+14 3.655065087447140000e+14 -1.058329684658969500e+15 6.555540685255552500e+14 -1.579763199624729375e+14 -7.252628767589822266e+12 -2.611650624268192969e+13 -2.696066633236057422e+13 -2.904407524132549219e+13 -4.486097838190311719e+13 -2.529835579768331055e+12 4.543203595815100000e+13 2.129160149900658203e+13 3.124756864867118359e+13 4.547613481198234375e+12 2.251662571987406641e+13 -5.170399693850490625e+13 7.892208480737029297e+12 3.558306197149340625e+13 -4.085815756134895312e+13 4.121251926268246094e+13 -1.963022467094454297e+13 -2.456179271474113281e+13 3.258431806612496484e+13 2.141937280441982422e+13 -2.821274736967497070e+12 -8.430205302666294922e+12 -6.463314930695219727e+12 -6.871087078916824219e+12 -1.421447733671233789e+13 -1.624663787850359375e+12 1.430979762815437109e+13 5.693913371134291016e+12 1.043958746273333984e+13 -1.303529604833237793e+12 7.449825185477793945e+12 -1.785501945878321094e+13 3.956803656838234863e+12 8.297902140990599609e+12 -1.161645043485389648e+12 1.387170754888585352e+13 -1.164796865861883008e+13 -6.966034041329881836e+12 1.027758897265920508e+13 6.817746185471737305e+12 -1.304867103557637939e+12 -3.286349492588122559e+12 -1.452887112242801514e+12 -1.864338342407228027e+12 -5.051133701559015625e+12 -1.946231445945566406e+12 4.257156393921525391e+12 7.383637898082163086e+11 4.871009180837818359e+12 1.470675940893021240e+11 1.068498333964221924e+12 -5.385544497872286133e+12 1.583239731697818848e+12 2.456632969792643066e+12 1.191834950217110107e+12 5.701041037486391602e+12 -5.087843454359234375e+12 -2.955228674159257812e+12 2.401702573961677734e+12 3.387540444469686035e+12 5.161681341265301562e+13 -7.862126796986182812e+13 -8.790020542668342188e+13 2.661862941720364062e+13 -8.659368948804071875e+13 1.744247404127852188e+14 3.902167752365351875e+14 -1.159475492192808750e+14 -7.125987380636002500e+14 -1.117517935315356875e+15 2.517530632484651500e+15 7.891503105041820000e+14 -6.643294010783204000e+15 7.821342835862428000e+15 -2.444242817298815000e+15 -3.698449086191057031e+13 -8.640259915831446875e+13 7.150709454066837500e+14 -9.502199494047790000e+14 1.960865787876233750e+14
-1.324533064604098633e+12 2.202152906032272461e+12 3.148282598977048828e+12 -3.052362414122090454e+11 -3.980431019310001465e+12 2.975270046053597412e+11 -2.460396240485362793e+12 -2.026814162176695312e+13 -2.857126117146765137e+12 1.645135101122925977e+13 1.814624742028723145e+12 1.421836049445278320e+12 -9.662671903361510010e+11 -7.587671605233149414e+11 5.676839802119116211e+12 2.018740171392117188e+13 -1.151705288884953125e+13 -4.742899334208869141e+12 -7.047973520727131836e+12 1.575531214456768799e+12 -8.309176616900006104e+11 1.318107102287537384e+11 3.948367177337765503e+11 -1.089761396228274658e+12 -1.436433076858897461e+12 2.147074649105201416e+11 -5.130139552908539429e+11 -4.221290159028436035e+12 -1.272835237777948242e+12 6.095243156258124023e+12 7.696830716474365234e+12 -5.354561839745215820e+12 -2.309733133513197266e+12 1.045683997465807617e+12 -2.419229658480660156e+12 1.052309489350534570e+13 -2.147170201972767578e+12 -4.440858896519002930e+12 -2.040035774206264648e+12 1.361106775613175293e+12 -4.192714746025336304e+11 -5.725001237801841736e+09 1.985964689134498291e+11 -5.502633204205732422e+11 -1.806803430324274597e+11 1.857237002290236511e+11 4.879193314638757706e+09 -1.994581221519405518e+12 -2.826245515346425171e+11 2.351299905668225098e+12 3.982524863715308105e+12 -3.224130453249430176e+12 -9.977493484073958740e+11 1.265566426593812256e+12 -3.399441874580792969e+12 5.842425422035414062e+12 -2.668913572481557465e+10 -2.087073111018730957e+12 -1.990285149241388184e+12 1.252413151957290283e+12 -2.805667142512695312e+13 3.819450171866247070e+12 7.275371816818776562e+13 5.513723461099685156e+13 1.395202537846084844e+14 -1.660262707972011250e+14 -3.175340267617307500e+14 6.194383986970586250e+14 1.667656675968347188e+14 -9.259694408739710000e+14 5.190120722561711250e+14 8.833196355788798750e+14 -5.637973263720988000e+15 9.059392109724524000e+15 -5.160886519361684000e+15 4.006684242223918750e+14 6.399583600746372656e+13 4.705096440516771875e+14 -2.904397120566615000e+14 7.788911932684731250e+13 4.124104148644446411e+11 -1.564515926510864258e+13 -4.147112950377773438e+13 -4.956157453905293750e+13 -1.903046360749094141e+13 2.021477949398958203e+13 3.822654451070464844e+13 1.939673910698400781e+13 -2.845096799257739062e+13 2.987519921625063281e+13 -1.790865602783176562e+13 3.602488106338662500e+13 -7.269584114553261719e+12 2.987173017867738672e+13 -1.433388518958017773e+13 -7.904333207593195312e+12 5.841637679585025781e+13 -2.406046036958897266e+13 2.327221729617174316e+12 -1.412829006292047266e+13 9.394178917901875000e+11 -3.681005989349696289e+12 -1.370300495277406055e+13 -1.619390473157015430e+13 -3.625236824068062988e+12 6.385401114156450195e+12 1.064164863481329297e+13 7.532794489928515625e+12 -5.031841691108794922e+12 5.582058233217078125e+12 -2.055575681665104980e+12 1.817695196285285938e+13 -2.182294848555539307e+12 3.356011153235977051e+12 -2.415860579875118164e+12 -5.575924515659853516e+12 1.686034742835954492e+13 -4.757090341476250000e+12 1.401473500067948242e+12 -5.967932530891275391e+12 7.336323733714606934e+11 -4.558694475586610107e+11 -5.481431206619811523e+12 -6.688191342921851562e+12 -5.334224552213220215e+11 2.470884854630364746e+12 2.686048372339579590e+12 4.328717206883706055e+12 -2.278341695867419922e+12 4.807418827482333984e+11 -6.114490744669958496e+11 7.262379444872837891e+12 -3.304683288338347168e+11 1.971569421515830994e+11 -4.731311207519816895e+11 -3.482388477363774902e+12 5.331050756813833008e+12 1.219361188594723053e+11 8.277079348839370117e+11 -3.693693418958816895e+12 -5.400497391660286719e+13 -5.581327459689049219e+13 -2.531796485770678711e+12 5.025744576782366406e+13 8.504931756622833252e+11 -4.127580445493916406e+13 -4.520153359133359375e+13 -3.272087060031278516e+13 3.018442327591455625e+14 7.357197175727178750e+14 -1.935544892228555750e+15 1.276105041497345000e+15 5.165473819645003125e+14 -5.935071841879094000e+15 7.648358172970689000e+15 -2.631748496932508000e+15 -1.273773427740627656e+14 -4.097847072724396250e+14 3.550135729251616875e+14 -4.325701999898865625e+13
2.171125570597584473e+12 -4.144250898159761719e+12 -5.510954796756705078e+12 1.645044328761900391e+12 8.292581881348375977e+12 -9.735334815807493896e+11 2.059541454031053223e+12 3.332381994783239844e+13 6.261890422536910156e+12 -3.028304669687720703e+13 3.624612768037727539e+12 -4.500528572858513672e+12 -3.511018696111369629e+12 8.770623427613931641e+12 -1.761921030169412500e+13 -2.470127130695620312e+13 1.640141147332663477e+13 4.803517672184685547e+12 1.075309986330924609e+13 -4.103345035207776489e+11 1.353700932030167969e+12 -3.716639430222019043e+11 -6.891680726034941406e+11 2.208786675687329102e+12 2.989954501245529297e+12 -5.319318934092727661e+11 1.098237729063851929e+11 6.782579571849752930e+12 2.792265031599378418e+12 -1.058780444028179688e+13 -1.125614300514671289e+13 8.374542136245445312e+12 2.347311242181320312e+12 -5.705988324427856445e+11 2.367833111121570801e+12 -1.481929384550717188e+13 2.694702584303792480e+12 6.669679999429156250e+12 2.926136013530138184e+12 -1.596224876361398682e+12 6.765533138531813965e+11 -9.850785048143284607e+10 -3.824923711053333740e+11 1.120702244535825928e+12 6.236343918717464600e+11 -3.020333281105038452e+11 -3.212559333914215698e+11 3.082247285924682617e+12 6.663465611600511475e+11 -3.784086038829091797e+12 -6.341891374614413086e+12 5.281575261173233398e+12 1.229167918235366699e+12 -2.046179522446046631e+12 5.334337454669146484e+12 -8.911005908680367188e+12 -1.259030387393650360e+11 3.288408430647086914e+12 2.995633009624281738e+12 -1.801894501512910889e+12 1.878993475247594531e+13 3.073711191010975391e+13 3.678680511167875000e+13 -1.130538525138566992e+13 -1.609142146749596875e+14 7.831904442533595312e+13 1.454817325599041602e+13 -3.519470423935231875e+14 2.226572092570096875e+14 -4.072565086785543750e+13 7.540454261462362500e+13 1.570062320129052500e+14 6.408768691845281250e+14 -5.160886519401001000e+15 8.398569659699912000e+15 -4.570599065634381000e+15 3.399579902462868750e+14 3.259524140999131250e+14 3.924814871529014062e+13 -9.371539599081657812e+13 3.593889712434631348e+11 2.985616964196095312e+13 7.303884540329060938e+13 8.682917987769826562e+13 3.820667042151683594e+13 -3.333980014682453906e+13 -7.029560476112669531e+13 -3.541480174328666406e+13 4.292655704725918750e+13 -5.046878419874349219e+13 2.660931880274270703e+13 -5.260171114435429688e+13 1.098155470298906445e+13 -5.494340600239367188e+13 2.979799026206741406e+13 7.229638531404704102e+12 -9.456636791770917188e+13 4.366293772704146094e+13 -8.584289002439101562e+12 2.046454811388540234e+13 -1.159043065662057861e+12 7.354527403212586914e+12 2.378071176865006641e+13 2.799276959496516797e+13 8.096582609726533203e+12 -1.041212541383340820e+13 -1.980912540432246094e+13 -1.338176814953328906e+13 6.882717169130083008e+12 -9.119035394125777344e+12 2.351867246699834961e+12 -2.772963017159857812e+13 3.067416795697033691e+12 -6.793547928193581055e+12 4.195772846525014160e+12 7.294415074570314453e+12 -2.643047232681195312e+13 8.937358042203833984e+12 -3.820455817867926270e+12 8.966366342968976562e+12 -1.034842464763182861e+12 1.234522766264640381e+12 9.349183221664498047e+12 1.142066784088731641e+13 1.618602059015403076e+12 -3.838852033211454102e+12 -5.093150589379772461e+12 -7.324059790458616211e+12 3.095583647359108887e+12 -8.227938363042346191e+11 8.652435488793084717e+11 -1.133141566926417578e+13 3.224432008168850098e+11 -6.833788628625723877e+11 6.168147118320128174e+11 4.983318079439750977e+12 -8.154200056191324219e+12 2.233194697294818115e+11 -1.726794720237621582e+12 5.669623023027915039e+12 1.239446387356502344e+13 6.465652925229118750e+13 -1.563100309991136523e+13 -6.780169753166214062e+13 1.041219473794454062e+14 9.949479645652326562e+13 -8.375967881265928125e+13 -3.728133813956231875e+14 -1.121592367186463125e+14 5.342269128562895312e+13 3.814938310105343750e+14 -3.296085512313813750e+14 1.250797434777978500e+15 4.885803523583436875e+14 -5.781466003845121000e+15 7.289982201700076000e+15 -2.030897677087653750e+15 -3.040027628559376875e+14 1.925839951902532188e+14 2.787261429405756348e+12
-2.676825049585323730e+12 1.535328355310086182e+12 4.451681013264014648e+12 5.625587346519582031e+12 1.597176451804855957e+12 -2.048131911579079346e+12 -1.573415507033668945e+13 -4.041013075567305469e+13 2.834435303837171875e+12 1.516107522395830664e+13 3.965402706064248438e+13 -8.959682639316232422e+12 -2.973674200424494531e+13 3.951289414299105469e+13 -3.386574994507995312e+13 8.654653991375154688e+13 -3.678284967695639062e+13 -2.578622809726007031e+13 -1.860453974012053125e+13 1.502983719008102930e+13 -1.724559057751252197e+12 -5.821768775937067871e+11 5.690908675598410645e+11 1.016025088798028107e+11 5.620940398665097656e+11 -5.476250271034239502e+11 -5.023620714681213867e+12 -9.277105926352687500e+12 1.277042354998020996e+12 9.064206652366974609e+12 2.297264265707650781e+13 -1.301605776248533008e+13 -1.251364016515645508e+13 8.348848208975609375e+12 -1.360178516572480469e+13 3.451702484814647266e+13 -8.837548712017406250e+12 -1.229918413526608594e+13 -6.401300927195547852e+12 6.212774301948572266e+12 -9.056855604607827148e+11 -5.999368771815748291e+11 9.073406185215893555e+10 8.074514199924519348e+10 1.420641756582134521e+12 3.884164733156362915e+11 -1.698426654809922363e+12 -5.051806516811725586e+12 5.362771744687268677e+11 5.134038245755635742e+12 9.063466204961652344e+12 -6.533839702978102539e+12 -4.232111474384037109e+12 2.711931021818180176e+12 -8.167481636739193359e+12 1.543746016862134180e+13 -9.790950105178037109e+11 -4.941237941234778320e+12 -5.477053809780256836e+12 3.899933905335835938e+12 2.960149314517540527e+12 -5.653750777464560938e+13 -1.208562420471835156e+14 2.133428536797283984e+13 8.091197183186360938e+13 -6.210601587390381250e+13 -4.641210702861707031e+13 5.435110845332227500e+14 -2.007542894651665938e+14 -1.432396958795346562e+14 -8.673631313059351562e+13 -8.414394125186231250e+13 4.811026849311249375e+14 4.006684241532054375e+14 -4.570599065639687000e+15 7.474884461813594000e+15 -3.992685819028015500e+15 2.404478520332008125e+14 -4.521208183637166406e+13 1.793577733015818438e+14 6.479793691035413086e+12 -8.653259770017933594e+12 -5.621279072482363281e+13 -6.967966351096807812e+13 -2.177526173744228821e+11 3.973813007326587500e+13 3.561248088278811719e+13 1.945693088109398438e+13 -7.772567486561687500e+13 5.220494945091283594e+13 -5.116678261520647656e+13 1.079727817981708438e+14 -1.978751790938762500e+13 2.776548390308219922e+13 5.400768695435501953e+12 -4.720453609352923438e+13 1.245333581720146719e+14 -2.559088035203350781e+13 -2.130680657075617188e+13 -4.324399294246518750e+13 3.975227953291195801e+12 -2.366674169805237122e+11 -2.049891989442417969e+13 -2.482908417108868750e+13 4.421199820478698242e+12 1.320231442187698242e+13 8.605308720592773438e+12 9.583183143532740234e+12 -1.761450085379844922e+13 1.144943950528074414e+13 -9.703278013861392578e+12 4.799787019835795312e+13 -7.189971752737517578e+12 -2.660318541400998535e+11 -3.596548532941171387e+12 -2.133242313153932422e+13 4.065284462949869531e+13 -3.398694812736775391e+12 -5.474211972970924805e+12 -1.651109835526710156e+13 2.397161966610339844e+12 1.735982494333372559e+12 -9.091520571462646484e+12 -1.102095026746267773e+13 2.980515380394175781e+12 6.146005122165812500e+12 1.664088728186276367e+12 7.501608198134884766e+12 -8.089038995261957031e+12 7.818942065428518066e+11 -1.982928251948601318e+12 1.780066805577922266e+13 -1.863500242525715332e+12 -1.565864565766703857e+12 -1.821749409896438965e+12 -1.099077296886200977e+13 1.395998109210839844e+13 2.554223909050521484e+12 -3.452108128451896973e+11 -9.564008102996378906e+12 1.417720098350972656e+13 -5.168000655946482031e+13 8.045519950873215625e+13 1.023490756428873906e+14 -2.095184406702378438e+14 -1.669214482045395938e+14 2.125635883542272500e+14 9.481266405728539062e+13 3.466460434517664375e+14 2.390080323436663750e+14 -1.759987924613585938e+14 -1.112552849363823906e+14 -7.874694386499311250e+14 1.405320981401511500e+15 5.137057421628228125e+14 -5.263388043201452000e+15 6.385076012110806000e+15 -1.700914291130545500e+15 -3.431731611261024375e+14 -3.001517269580034375e+14
1.617301175294133301e+11 1.146571733437279541e+12 5.434182681113010254e+11 -2.993799535202719727e+12 -4.195455822906795898e+12 1.250116305299409912e+12 5.525892990704471680e+12 2.207303597946864746e+12 -3.831086247051006348e+12 6.773219071664567383e+12 -1.769519559981810547e+13 5.572060800195194336e+12 1.360868421798739844e+13 -1.983769183524540625e+13 2.132122575533967578e+13 -2.467854069637720312e+13 7.964873484828033203e+12 8.445650853604805664e+12 2.978040596206691406e+12 -5.944169245395977539e+12 1.234583582654912567e+11 3.959300209677661133e+11 6.291216113287792206e+10 -9.856425854536915283e+11 -1.507093010490243164e+12 4.503778629674891357e+11 1.998481115634588135e+12 8.776846753170299072e+11 -1.713679164457787109e+12 8.357629057130599365e+11 -4.541514651165819336e+12 1.719471237842232422e+12 4.091593913184224609e+12 -3.155404114332842773e+12 4.525872826861239258e+12 -7.718682125846442383e+12 2.446314506986287109e+12 2.156428656818054932e+12 1.355425081969860596e+12 -1.847211624113235107e+12 7.952953450993580627e+10 2.863848640006318359e+11 1.265749886334934692e+11 -5.119855869001878052e+11 -8.450411754863186035e+11 -2.902697111838103867e+10 8.288757168696660156e+11 7.392221703411162109e+11 -5.032204184865976562e+11 -4.726626309274697266e+11 -9.790969245806510010e+11 4.024207411688436279e+11 1.197679400389607422e+12 -2.294393194717665100e+11 1.045022739884730591e+12 -2.476033337604078125e+12 4.524756150378572998e+11 6.060673935376501465e+11 9.493956050833146973e+11 -8.175837330902725830e+11 -8.707908050786465820e+12 3.010445027956046484e+13 6.164486159689450000e+13 -6.064346602412460938e+13 -3.683888890189225000e+13 1.167686567222111719e+14 2.097991037675167500e+14 -6.990793973707271250e+14 3.056670815403060000e+14 1.686252652472138125e+14 2.118102881388542188e+13 -3.152785110052311250e+14 3.655065084441768125e+14 6.399583620187853906e+13 3.399579902210473750e+14 -3.992685819042843000e+15 6.353797514575447000e+15 -3.631760632874871500e+15 7.263471983358938750e+14 -1.697801309797057422e+13 -2.791972524031504883e+12 -9.240464610281744141e+12 -8.336930712784486328e+12 -8.749198998881892578e+12 -1.624499475930541016e+13 -1.926858001493771240e+12 1.555185307319457422e+13 7.217971058802580078e+12 1.329555914313570898e+13 3.198917735407393188e+11 9.457515716724898438e+12 -2.147484975719898047e+13 3.362038692989237793e+12 1.218367212455135742e+13 -1.493786999252776758e+13 1.612920271981217773e+13 -1.027747513860575195e+13 -8.246599280522174805e+12 1.234519066156072070e+13 8.858587806007410156e+12 -1.123064766573827393e+12 -3.047756757678253418e+12 -1.820046113459191162e+12 -1.857652646596320801e+12 -5.261501459096369141e+12 -9.242246344857630615e+11 4.964797283363516602e+12 1.818897320025312500e+12 4.229552233614543457e+12 -7.633257883790994873e+11 2.945371911313371094e+12 -7.688309420381283203e+12 1.616144211309401367e+12 3.012613414984986328e+12 -3.293448178976806030e+11 5.567348031949402344e+12 -5.253088544090354492e+12 -2.436969324888627441e+12 3.862170604390219238e+12 2.889511848668796387e+12 -5.336317653457839355e+11 -1.234595766695351562e+12 -2.951213324903358154e+11 -3.951055326579810791e+11 -1.905520199293378662e+12 -8.612848871224493408e+11 1.499807362292622803e+12 7.671844131964694214e+10 1.970168874443385742e+12 3.339273311268688583e+10 4.374758913362529907e+11 -2.403499084543280762e+12 6.209007603358334961e+11 9.297118196847197266e+11 4.780555015872004395e+11 2.344625513187617676e+12 -2.197999414821029785e+12 -1.135455723559225830e+12 8.787753878819851074e+11 1.470299299894420166e+12 9.030605634213800781e+12 3.146544689161721484e+13 -8.440478392086021875e+13 -8.987214080386946875e+13 1.391697576986829062e+14 1.676595680461728750e+14 -1.052497726948725312e+14 1.894777196751383125e+14 -4.173962729590033125e+14 -3.662160954853245625e+14 2.858301922393428125e+14 2.157748273209184814e+12 -1.009549856931240625e+13 -2.490528860178706875e+14 8.269781437773231250e+14 5.309174603801076250e+14 -4.734784664887672000e+15 5.534751440361982000e+15 -1.757572193603377500e+15 1.879915071449100625e+14
5.847374139323516846e+11 -5.247796518863833008e+11 -1.096593565854792114e+12 -8.233060305324824219e+11 2.775106667431154785e+11 2.752702129542999268e+11 2.737843914409312500e+12 8.863160948241156250e+12 -5.986729822970824432e+10 -4.486926659106491211e+12 -6.324142904937646484e+12 1.188394001929229004e+12 4.690702274629369141e+12 -5.964593393578565430e+12 4.452151101850179688e+12 -1.593332046152752734e+13 7.157435248725801758e+12 4.580276841671182617e+12 3.780731367741202637e+12 -2.513565987438178711e+12 3.737765059441376953e+11 7.204244049793920898e+10 -1.391834344633892822e+11 1.274937510717994690e+11 1.023383738996072693e+11 5.585472873221118927e+10 8.383568923769923096e+11 1.978061802826950928e+12 -2.886889663899583435e+10 -2.191438779684571045e+12 -4.536319038343424805e+12 2.700693674940177734e+12 2.223796576948584961e+12 -1.418635576069534668e+12 2.405175495131941895e+12 -6.679179821580683594e+12 1.638264362006353760e+12 2.470702235409278320e+12 1.250296112721799316e+12 -1.132217690259590332e+12 1.940505727093993225e+11 9.282669021450175476e+10 -4.000137596218811798e+10 5.985811118034687805e+10 -1.943085805120334778e+11 -8.399789290713320923e+10 2.600243517121409302e+11 1.037215008422238281e+12 -4.519608338209718323e+10 -1.096672533290476807e+12 -1.913922479571833008e+12 1.426110858610287598e+12 7.805269796395219727e+11 -5.823829889194953613e+11 1.699851796305067139e+12 -3.136375139837108887e+12 1.537703570236269531e+11 1.032389714831808838e+12 1.101915292659164062e+12 -7.629840027755979004e+11 2.903643083746297607e+11 -3.087557179983962500e+13 -5.750535557530541406e+13 3.924163987817682812e+13 3.041260404402435156e+13 -1.337812648531592969e+14 -1.692284412993032812e+14 6.638660473495287500e+14 -4.861343562151625000e+14 1.522301646410231250e+14 -5.165939281560641406e+13 5.498450173746745625e+14 -1.058329684439188000e+15 4.705096438472036875e+14 3.259524141325157500e+14 2.404478520696142812e+14 -3.631760632896148500e+15 6.180111014962092000e+15 -3.742543613518168500e+15 7.133337443326218750e+14 -1.048633051987827026e+12 3.382286547487594238e+12 1.407244795475047656e+13 1.720155640278244336e+13 2.532146885935953125e+12 -8.753018983901684570e+12 -1.048480778029131836e+13 -5.532961619660607422e+12 1.566456014100359961e+13 -1.193478161577827539e+13 1.020422542329045312e+13 -2.130118457629095312e+13 3.991386426596378906e+12 -8.183495280289460938e+12 1.053179740033165527e+12 8.282541701408601562e+12 -2.678284704952746094e+13 7.086720919680793945e+12 2.964483248789612305e+12 8.491914306883392578e+12 -7.334429787366795654e+11 5.196437797896964111e+11 4.945285523400891602e+12 5.936914050477176758e+12 -2.025425823850181885e+11 -2.864630959416891602e+12 -2.717959499907365723e+12 -2.459841366449086914e+12 3.364065398177002930e+12 -2.490128668058126953e+12 1.759105180616609131e+12 -9.753107626412884766e+12 1.390014651322531738e+12 -3.998190472457012939e+11 8.691837820238186035e+11 4.006109705387934570e+12 -8.452961936939032227e+12 1.146225431064544922e+12 6.561363329212285156e+11 3.317630557030294922e+12 -4.642301848231174316e+11 -2.065727289168767700e+11 2.115036243721679688e+12 2.569603851399210449e+12 -3.873939726173697510e+11 -1.267685564335924072e+12 -6.080770618919113770e+11 -1.719672722640152344e+12 1.540610859296626221e+12 -1.831230920978967285e+11 3.846134599932342529e+11 -3.685509568715323242e+12 3.293907614993725586e+11 2.144332277648217773e+11 3.417146856763684082e+11 2.144045959801104980e+12 -2.842475503312935059e+12 -4.080186978276295166e+11 -5.569810979703764343e+10 1.952818456359572266e+12 -3.221099504476429297e+13 4.667442517277019531e+13 9.892455337657050000e+13 3.538522426933135938e+13 -1.526966317308715625e+14 -1.124828515663331562e+14 -2.695140843795463750e+14 2.148805749394172500e+14 3.520124562932020000e+14 2.517557753957642188e+14 -4.659080299663131250e+13 5.266810563062953125e+13 5.548005144539777500e+14 -7.658050155188447500e+14 -1.932787601634213125e+14 7.699978532098655000e+14 6.129727092344481250e+14 -4.384760875946298500e+15 5.359681237208053000e+15 -1.780961554088091750e+15
8.746397818354885254e+11 8.710079942177218018e+11 -5.547817312007431641e+11 -4.777566457520385742e+12 -5.061816758078849609e+12 1.916770395619037109e+12 1.020855019663343359e+13 1.294439538439024609e+13 -4.979716645915397461e+12 3.562673791251981934e+12 -2.990211267304821875e+13 8.499499212709681641e+12 2.279917625816108594e+13 -3.223844155070082031e+13 3.241430780259400781e+13 -4.982068141978014844e+13 1.837893742548298438e+13 1.605422699556484570e+13 8.132386128584401367e+12 -1.048882682752345898e+13 5.848266744031741943e+11 5.897914548651407471e+11 -7.818420657781416321e+10 -1.118082988367359375e+12 -1.815281971671406982e+12 6.411194979166214600e+11 3.518758568108044922e+12 3.382548800146561035e+12 -2.229856501637271973e+12 -1.429440825713984375e+12 -1.099901662363800195e+13 5.286377635386776367e+12 7.783166168926409180e+12 -5.664133270144238281e+12 8.546896769273970703e+12 -1.751753795552135938e+13 5.005731599748350586e+12 5.584083016730625977e+12 3.164476638842986328e+12 -3.660188443858675293e+12 3.234068116453630371e+11 4.730753463676883545e+11 1.166176650016675262e+11 -5.880478321941187744e+11 -1.305076096120349609e+12 -1.330708440100651703e+11 1.359347341359616455e+12 2.131344511340111572e+12 -6.966986129124360352e+11 -1.857472907297101562e+12 -3.439361736696456055e+12 2.143379313647803955e+12 2.426147146779065430e+12 -9.587549539879797363e+11 3.279579782093814453e+12 -6.753479306627996094e+12 7.555503941286527100e+11 1.955135788234107910e+12 2.474620250701131836e+12 -1.918849977004082031e+12 -5.642234094948879395e+11 1.454474036795811719e+13 2.745899572316069922e+13 -1.902684411856164062e+13 -1.977422116738024414e+12 5.554517403185614844e+13 3.248409288872737500e+13 -2.121606763116719375e+14 5.911083382202413281e+13 -3.158130881083964844e+13 -1.892643011822120000e+14 -1.448093428767098125e+14 6.555540685193177500e+14 -2.904397120126222500e+14 3.924814871267092969e+13 -4.521208186890178125e+13 7.263471983712588750e+14 -3.742543613539124500e+15 4.811155947345311000e+15 -1.792355405747008000e+15 -4.775971078498826172e+12 -7.986264490240579102e+12 5.371697646542110352e+12 8.414123940648068359e+12 -1.793615151370255859e+13 -1.245917541091670117e+13 7.971953489150632812e+12 2.939100055083115723e+12 3.492115572089181250e+13 -1.320991384361714453e+13 2.376949016579807422e+13 -5.183941911712223438e+13 8.865066910741123047e+12 6.280257881928919922e+12 -1.794823827282522656e+13 3.012946432839689453e+13 -4.374023938776508594e+13 -2.484632223628987305e+12 1.920943109619521875e+13 2.104757787322209766e+13 -2.276759922567128906e+12 -3.314160467135125000e+12 3.310302419618913574e+12 4.393740933556144043e+12 -6.976309966259757812e+12 -4.453967821732496094e+12 3.263054139059016602e+12 -4.753791094907836304e+11 9.261305308132687500e+12 -3.820314537946828125e+12 5.783419781453905273e+12 -2.098657657440839062e+13 3.658163228339357422e+12 3.405851033367136230e+12 5.696995685357524414e+11 1.170904359152974023e+13 -1.638092854307187109e+13 -1.816083052230257324e+12 5.700031054544076172e+12 7.490401785021836914e+12 -1.213888991992207764e+12 -1.818475061146062012e+12 2.035344585710369141e+12 2.425920229206593750e+12 -2.884944069361538574e+12 -2.550841336665474121e+12 1.228791461031077393e+12 -1.864143558406098389e+12 4.283877027990210938e+12 -1.661712683657350464e+11 9.997594644944914551e+11 -7.287164905691920898e+12 1.171887286229302246e+12 1.436588571440216309e+12 1.002826152807801392e+12 5.452567222854407227e+12 -6.061644793960627930e+12 -1.921269678293249268e+12 1.063014344170457275e+12 4.113464416719770508e+12 -3.976217038637561035e+12 -7.753992387369904688e+13 -4.985510530498782812e+13 1.592644601881985547e+13 1.292249552411170938e+14 2.062719916255591797e+13 1.991733942318473125e+14 -2.752561192753119062e+14 3.292660079805406641e+13 -3.558400906269470625e+14 1.555206875039510000e+14 -3.421697278546033750e+14 -1.283748157924662500e+14 5.438347303236269375e+14 1.199865513483264219e+14 -4.520545496343060156e+13 3.155677322951306250e+14 1.110850326180758000e+15 -3.981270907201523000e+15 3.436654217426580500e+15
-4.040672625777342529e+11 -1.735260512269395020e+12 -6.173972837865742188e+11 5.061355701984460938e+12 6.746784264144365234e+12 -2.096894544280603760e+12 -9.636727028411585938e+12 -5.728170327450838867e+12 6.236588738190363281e+12 -9.915450348276095703e+12 3.026826650550922266e+13 -9.337026548752054688e+12 -2.323631886910431641e+13 3.366097627387925391e+13 -3.570466977486785938e+13 4.393366696800610156e+13 -1.466663807176979688e+13 -1.482427271813377344e+13 -5.750916945324105469e+12 1.026182061123511328e+13 -2.908957113277996216e+11 -6.604558827277176514e+11 -6.851952665820861816e+10 1.569964057916528076e+12 2.422941080985220215e+12 -7.449704971389101562e+11 -3.448485980245938965e+12 -1.903788460360552734e+12 2.790188329832527344e+12 -8.274451467277008057e+11 8.472887680159768555e+12 -3.445687412569930664e+12 -7.182959816542056641e+12 5.467781401596117188e+12 -7.932138138076838867e+12 1.415114439591013477e+13 -4.369248679459652832e+12 -4.099740112218421387e+12 -2.503705177476605957e+12 3.273868423366367676e+12 -1.760896153790240479e+11 -4.875682766625657959e+11 -1.958990607187576599e+11 8.170473845789971924e+11 1.419428903255306396e+12 6.745529131359291077e+10 -1.409065613255402100e+12 -1.451395686569840576e+12 8.282154367880600586e+11 1.032850783191957397e+12 2.052982331347718018e+12 -9.984339594707210693e+11 -2.133910432570167725e+12 5.134652468115150757e+11 -2.108287189730524902e+12 4.779784605201204102e+12 -7.720554177593463135e+11 -1.233970850974567139e+12 -1.808386665322788330e+12 1.512350140228565918e+12 -8.347709053914606094e+09 1.174874651138147461e+13 2.654672652614881641e+13 -5.290746829650523438e+12 -1.793966891895381641e+13 -1.895004469412420312e+13 3.599374995230441406e+13 -4.692771780863785938e+13 1.470819496680153125e+14 -8.654020212440573438e+13 1.315961497103934375e+14 -1.337146227831070251e+11 -1.579763200062592812e+14 7.788911934691545312e+13 -9.371539599783760938e+13 1.793577733102482812e+14 -1.697801311294802148e+13 7.133337443446425000e+14 -1.792355405749497750e+15 1.043149876280638750e+15 4.788053916886228516e+12 1.418965749313972656e+13 1.013715514999978711e+13 1.005005364348150391e+13 2.577137868427533203e+13 5.246062035329906250e+12 -2.272255074028492188e+13 -1.038483178158967773e+13 -2.538143548685851172e+13 2.366489996458117188e+12 -1.782761825427804297e+13 4.002855108137505469e+13 -6.425513911205254883e+12 -1.780874066057137500e+13 2.400610039602628125e+13 -2.819849510013613672e+13 2.316831905473679688e+13 1.167971303052246094e+13 -2.076683700200735938e+13 -1.644082920079085352e+13 2.001342140215264160e+12 4.824240439778879883e+12 1.760105379478643311e+12 1.581389940029755127e+12 8.594247220288647461e+12 2.193760854308733887e+12 -7.406139422719133789e+12 -2.359261238420610840e+12 -7.682756071456607422e+12 1.841880608434953369e+12 -5.208994805962775391e+12 1.484514302752796094e+13 -2.960928193037132812e+12 -4.796140103888511719e+12 3.247106592110551147e+11 -1.001074347975830664e+13 1.057567399864766016e+13 3.680735578785573242e+12 -6.431263546451384766e+12 -5.495150729968806641e+12 9.789365866660986328e+11 2.055074870119110107e+12 -3.214140516960945511e+10 2.032197933656642151e+10 3.188457108929183105e+12 1.705371085292545166e+12 -2.288812116487512207e+12 2.912469122202330933e+11 -3.572321037892340332e+12 -9.951296641556934357e+09 -8.035163980475969238e+11 4.794770703674249023e+12 -1.088064409871822388e+12 -1.561809780138886963e+12 -8.590481544816195068e+11 -4.326401604808890625e+12 4.257156401275708984e+12 1.942773443078535156e+12 -1.413761252845416748e+12 -2.860155490923535645e+12 1.080866691264510547e+13 2.768091365666041797e+13 2.522038681100158203e+13 2.037252715227729688e+13 -2.766198439990310156e+13 -3.450498540187591016e+13 -8.588156907263145312e+13 8.810815751067614062e+13 -1.091869698947961875e+14 1.776744959653990312e+14 -1.084455604488465000e+14 1.204860871315537812e+14 -9.080598202208070312e+12 -1.636324004258817500e+14 -9.473605151780001562e+13 -1.074473119269988750e+14 -8.210550612598735938e+13 4.375556967894714355e+12 7.367684162299598750e+14 -1.369130257358458000e+15
-2.505893888049461250e+14 -4.011846953883449375e+14 2.657794776638425000e+14 7.069217006372781250e+14 8.484373590936155000e+14 -2.888420339535041875e+14 -1.320448840829695250e+15 -2.128919008643279688e+14 2.270389745228511500e+15 -1.331220553787576250e+15 2.102113518856090250e+15 -3.452294508395538000e+15 2.270598881572262500e+15 -2.977962137457705500e+15 4.355837205404019000e+15 -2.218985411708417250e+15 1.298004881771895750e+15 -3.279984103550481500e+15 1.960299443791136250e+15 -7.611024754568200000e+13 1.085766366386594482e+12 -6.053775323741555664e+12 -2.236841770565504883e+12 1.766751711834384375e+13 2.623065435976697656e+13 -7.107138514044030273e+12 -2.653885904162685547e+13 1.970452506204205566e+12 2.859699855086011328e+13 -3.261388958821085156e+13 3.803937587595457031e+13 -6.080607192492085938e+12 -5.003998802575416406e+13 4.109859361877221875e+13 -5.581376591479475000e+13 7.337452270322270312e+13 -2.730564357316936719e+13 -1.538125267606095898e+13 -1.222960871984731250e+13 2.150580471717903125e+13 3.039225330970254517e+11 -4.034208262240786133e+12 -2.468831119279949219e+12 9.123380598093158203e+12 1.257750656437568359e+13 -2.224159979764102173e+11 -1.174923410508456445e+13 -3.662351836379771484e+12 8.086703121281606445e+12 -1.327109185769443604e+12 2.791680685836568604e+11 5.297586416123677734e+12 -1.355078205033113086e+13 -1.067707779782387451e+12 -3.200556480681637695e+12 1.512607709630631055e+13 -6.313708206650209961e+12 -1.462190572331567139e+12 -6.651972526118961914e+12 7.302225855040081055e+12 8.097128838026238680e+08 -4.051119690903177734e+12 -3.187128383937248535e+12 7.326731889875482422e+12 1.014188223653231641e+13 2.132305326377913513e+11 -8.906409747281080078e+12 -3.631786393143304688e+12 7.384248725006516602e+12 5.003052243155494385e+11 -3.535640295734877930e+12 2.809564881125588379e+12 -7.252628774348901367e+12 4.124103910794549561e+11 3.593890210709400024e+11 6.479793693989259766e+12 -2.791972554717811523e+12 -1.048633034130125244e+12 -4.775971085562469727e+12 4.788053917687195312e+12 4.089968543412641000e+15 5.857626715020764000e+15 -1.666886069498243000e+15 -3.062674518448277500e+15 2.112641176678985250e+15 1.413915475877205500e+15 -1.350725384063662000e+15 -1.173422247582502250e+15 -2.010726884926353000e+15 3.211876684748192000e+15 -2.475647975301669500e+15 3.598160628117796500e+15 -3.155980841875695500e+15 -6.511942044314227500e+14 -2.944057337672433000e+15 3.607557482946992500e+15 -1.034197138899047375e+15 2.183508301588446250e+15 -5.258836481273835000e+15 7.076455180757533750e+14 1.269352254760802148e+13 5.569212649658629688e+13 7.248752914848550000e+13 8.151341843865750000e+13 8.683714113466071875e+13 -8.690969793853755859e+12 -1.065622030197337344e+14 -5.143181836936883594e+13 -4.271080199020572656e+13 -8.229209916221974609e+12 -3.468202980799833594e+13 4.684615214101833594e+13 -1.543495966992960352e+13 -5.408650246942306250e+13 1.289953002274621875e+13 -5.979183346416896094e+13 1.686543199090637891e+13 5.071581932834100781e+13 -5.944716986765667188e+13 -2.055083526834722266e+13 5.051895487506604492e+12 1.902993490559797266e+13 2.286820848240297266e+13 2.839832925538808203e+13 2.879119960020763672e+13 3.766012061139838867e+12 -3.038851766718318750e+13 -1.584617842488271484e+13 -2.011861540807693750e+13 -2.111920685256575195e+12 -4.107456610180595703e+12 9.257544300987150391e+12 -7.661890897012091797e+12 -1.383218642163486914e+13 -5.153491070564866211e+12 -2.131337676697192969e+13 1.293426200369070117e+13 1.565639977511530664e+13 -1.526127011064816797e+13 -8.216921053605930664e+12 3.485064173600178711e+12 1.145857208960157031e+13 1.301669325534747656e+13 1.713169814112908008e+13 1.640822297115717773e+13 6.024519029040292969e+12 -1.168436817283818164e+13 -1.157903938511965234e+13 -1.411312421173197461e+13 5.734093840553253906e+12 -3.554259928334043945e+12 5.037272880696024414e+12 -6.136781316467745117e+12 -9.892857110975304688e+12 2.399452286084430847e+11 -1.273663310209791797e+13 8.621259018123832031e+12 9.503765872579660156e+12 -7.077681441009986328e+12 -7.235721640228880859e+12
-4.308899783388340000e+14 -8.948392050900756250e+14 6.825938949841866250e+14 4.444428929771447500e+15 2.408192432615959000e+15 -2.839229807316501000e+15 -1.740988382003840250e+15 -1.294888635191017750e+15 1.076556575469477500e+15 -3.696753988698945500e+15 6.499172494719467000e+15 -7.816891233633945000e+15 6.243523366870733000e+15 -3.450595340613547500e+15 6.185054915738983750e+14 -2.156493914954281750e+15 6.917117025107643000e+15 -6.987767338230608000e+15 2.950269913823774000e+15 -2.149720672382681250e+14 1.338253563527265430e+13 -3.115386463245748828e+13 -1.485343108873427539e+13 9.772855073654965625e+13 1.433431665012926250e+14 -3.715365921636428906e+13 -1.260408110999652500e+14 5.048638815963392969e+13 1.534436218382310000e+14 -2.198354329889578438e+14 1.134405989674560625e+14 2.168950060156925000e+13 -2.246922111565647188e+14 1.927634791916340000e+14 -2.521339861003005312e+14 2.605629222377178125e+14 -1.140463767375659688e+14 -3.304060605963460156e+13 -4.066634076302377344e+13 9.300882052441265625e+13 5.548584848522286133e+12 -1.985736069887535547e+13 -1.410364729373103125e+13 5.034581079520946875e+13 6.382654304588628125e+13 -2.891162157742641602e+12 -5.804071974470325000e+13 1.182289962097507812e+12 4.264453003154139062e+13 -2.925444033396302734e+13 -3.707686760827805469e+13 5.728047009883460938e+13 -5.725179611716696875e+13 -1.749032083351540234e+13 1.702686383020337305e+13 1.824769796688756641e+13 -3.090642332614945312e+13 1.293525389971145703e+13 -1.361581055133919531e+13 2.395023783137509766e+13 2.300405086239085449e+12 -2.082058186756320312e+13 -1.849634561275794141e+13 3.799987753437899219e+13 4.957792040415388281e+13 -3.044772570796268921e+11 -4.068124420313224219e+13 -5.055020094184485352e+12 3.321452366568663281e+13 -8.828149369818548828e+12 -3.405747339035117969e+13 3.108839289299809766e+13 -2.611650611936174219e+13 -1.564515934574056445e+13 2.985616977618315625e+13 -8.653259760717560547e+12 -9.240464676265115234e+12 3.382286559335397949e+12 -7.986264495252942383e+12 1.418965749256842773e+13 5.857626715034443000e+15 2.869629094322958000e+16 1.085654771087071000e+16 -1.417789045730170800e+16 2.951614634586924000e+15 4.073699942575106500e+15 -2.102461279358882000e+16 7.532551771446593000e+15 -1.087026135178043625e+15 -3.252268394889696500e+15 -7.737745220454214000e+15 1.276933379553563200e+16 -1.540888108433022600e+16 7.808331978885746000e+15 -4.349701081279122000e+15 3.400140539244366000e+15 -6.191541259535243000e+15 8.534297959401675000e+15 -4.600757112548106000e+15 2.460929442709640500e+15 5.358364288655062500e+13 3.104367958381174375e+14 4.901093450098043125e+14 5.587125163417562500e+14 4.636284496852184375e+14 -1.045549054281845938e+14 -6.287400277294267500e+14 -3.266005986744510625e+14 -1.622313400314200938e+14 -9.451870019410214062e+13 -1.513402447292103125e+14 5.571547874497991406e+13 -5.511415357247496875e+13 -2.993733994134152500e+14 8.699867724479139062e+13 -2.412888140869862812e+14 -7.955479267499879688e+13 2.962645607513805000e+14 -3.069605772395051875e+14 -4.381213563099579688e+13 1.785201632474406641e+13 9.833258236450892188e+13 1.658043724910670938e+14 2.047531012769586875e+14 1.472625154258768750e+14 -5.269754446938841797e+12 -1.759323110754476250e+14 -1.200135277083833594e+14 -7.730500333384442188e+13 -1.506631816776091406e+13 -1.437010810074535352e+13 -2.442999822842333203e+13 -3.462771075964848438e+13 -7.017867444663064844e+13 -2.086886039183627734e+13 -7.157614157002845312e+13 1.236679373977241016e+13 7.610176366884432812e+13 -8.332108296404328125e+13 -4.892389943901083984e+12 1.145579869346146484e+13 5.576948738949875781e+13 9.787068108392837500e+13 1.259498558765837500e+14 8.253706378947295312e+13 1.351476570951177344e+13 -6.957960279450785938e+13 -7.969816319816645312e+13 -5.022147124457403125e+13 2.900580217724300781e+13 -1.839323543494593359e+13 -5.055568758811572266e+12 -2.722057903683413672e+13 -4.271497619968546094e+13 -2.279047431005699219e+12 -4.316134910531389062e+13 1.114668525571541992e+13 4.839401089128464062e+13 -4.106305879491207031e+13 -1.248006247805636719e+13
1.198179599336803000e+15 2.150368985337104750e+15 2.445591722475955000e+15 6.972534132819232500e+14 -2.458449162575950500e+15 -6.176661566952754000e+15 -1.975521011427431500e+15 3.136520023745499000e+15 3.776848446585249000e+15 -2.750715256777842500e+15 -3.140971021636600625e+14 -8.504992922276906000e+15 1.297656316692910200e+16 -6.975409753379439062e+13 -1.577507507548875400e+16 1.456155848323059000e+16 -3.023592680286596000e+15 -1.330576273778205500e+15 3.855610873495295000e+15 -2.278951758120349000e+15 2.781676723817448828e+13 -4.598761655341226562e+13 -2.538261736861273047e+13 1.513030854976553438e+14 2.202370069361992500e+14 -5.544302134442009375e+13 -1.751602547809253125e+14 1.162544411960066875e+14 2.329983318506222188e+14 -3.782897816976445625e+14 8.231557746074115625e+13 8.681460590160581250e+13 -2.977300448472240000e+14 2.651668533075002812e+14 -3.358890511721821875e+14 2.635802183613141250e+14 -1.409678073884885625e+14 -1.077618992729300171e+12 -3.699644133508723438e+13 1.190248396753660938e+14 1.231165584419143359e+13 -2.837793651954593750e+13 -2.226555131932316797e+13 7.782928378194532812e+13 9.328671218564659375e+13 -6.074217644998820312e+12 -8.317039589966245312e+13 2.246132186494969141e+13 6.401361167337565625e+13 -6.637745092453436719e+13 -9.456467184253429688e+13 1.156014516839548125e+14 -7.160092533257082812e+13 -3.822518057876846094e+13 5.978001148945739844e+13 -3.470069583154403906e+13 -4.398291183461850781e+13 4.025568013099282031e+13 1.224357382742477539e+12 2.125842254053112500e+13 5.770689107670478516e+12 -3.070601994640625000e+13 -2.946988321680195312e+13 5.639858071737338281e+13 7.048046461394881250e+13 -1.899310985195110596e+12 -5.472194592285833594e+13 6.640322825981134766e+12 4.407915964795988281e+13 -2.482535451254331641e+13 -6.667996398858817188e+13 6.309092107096166406e+13 -2.696066657210423438e+13 -4.147112911259257031e+13 7.303884525565575000e+13 -5.621279082289417969e+13 -8.336930580373144531e+12 1.407244786236996484e+13 5.371697676584663086e+12 1.013715515976164258e+13 -1.666886069501682250e+15 1.085654771091526400e+16 2.765256049247138000e+16 1.498898749633335400e+16 -1.592882459257795200e+16 -1.188640442233091800e+16 -1.385679402575717400e+16 -1.206130466500253600e+16 8.574881463658235000e+15 -1.898084087775837000e+15 3.998628008091430500e+15 5.848452008576002500e+14 -1.573437172208402600e+16 1.438334016452241000e+16 6.353304810596215000e+15 -1.211273610637762200e+16 4.295724473163662000e+15 2.556719242431378000e+15 -1.939343287188835750e+15 7.815464598976342000e+15 6.695515179756482812e+13 4.829014322449147500e+14 8.445608648018186250e+14 9.687428268898157500e+14 7.017051238630020000e+14 -2.162188098894109375e+14 -1.011216868499276750e+15 -5.461554371168208125e+14 -1.799369885162913125e+14 -1.934814189929873438e+14 -1.953297141771319688e+14 -1.094741539853389062e+14 -5.620578829091927344e+13 -4.636736950584876250e+14 1.497446609557765312e+14 -2.874893363487474375e+14 -2.894846118345773125e+14 4.738100133074921250e+14 -4.541880075118068125e+14 -6.030862113944365234e+11 1.792691371191660156e+13 1.455678441096302500e+14 2.945212112588633125e+14 3.628644737399471250e+14 2.164474621357945312e+14 -3.327434709693190625e+13 -2.799189890356036875e+14 -2.169421659981685312e+14 -8.698502189448915625e+13 -2.658196073484537500e+13 -1.421271659006556641e+13 -1.106040252211380156e+14 -4.614907980578155469e+13 -1.025551029532743906e+14 -2.495972629197610547e+13 -6.624388384500321875e+13 -3.779809927271592188e+13 1.077150092006702656e+14 -1.279417039514712031e+14 3.145347821536867578e+13 1.020930856018181055e+13 7.901571448390321875e+13 1.764144144470090938e+14 2.250025655358803438e+14 1.198686986928696406e+14 1.861667272600830322e+12 -1.124831757157049844e+14 -1.384457060849002031e+14 -5.095867945725810156e+13 4.229660171709650000e+13 -2.725693590289632031e+13 -3.950307448348135938e+13 -3.567158206659843750e+13 -5.457700790979014844e+13 -6.998516560025480469e+12 -4.056128434018553125e+13 -1.790466001474366406e+13 7.090479041198256250e+13 -6.541407191680688281e+13 7.182638880028557617e+12
1.965955185487894750e+15 4.658250612740197000e+15 5.827892765552093000e+15 -2.224497866420855250e+15 -4.408737185473771000e+15 -9.854872431851278000e+15 -8.461817058703426000e+15 7.615137072066935000e+15 1.064946687058290000e+16 -3.712405579584696500e+15 -5.252410959954448000e+15 9.867747622087991250e+14 -2.162500824126804250e+15 7.225139688210638000e+15 -1.108453703835583400e+16 1.519414688341637000e+16 -1.420635460906861400e+16 7.448275496363347000e+15 3.618262663378340000e+15 -3.680039227319140500e+15 3.266805412417034766e+13 -5.220932365670760938e+13 -2.928312322922601172e+13 1.727232261088504062e+14 2.511992080308149062e+14 -6.302476737612721875e+13 -1.973877561346137188e+14 1.376136402689102188e+14 2.653971114324167188e+14 -4.367262525727141875e+14 8.196327073679381250e+13 1.059543568580777656e+14 -3.334291754560462500e+14 2.984263494919288125e+14 -3.764337673416116875e+14 2.829057074514868125e+14 -1.563446009301482500e+14 5.212665159010800781e+12 -3.889360772928638281e+13 1.326624752815595469e+14 1.453342640978808398e+13 -3.209112326734655859e+13 -2.547307535410230859e+13 8.883273829646159375e+13 1.057819922507839062e+14 -7.139769349011153320e+12 -9.408441490559140625e+13 2.829560655784002344e+13 7.281766602481401562e+13 -7.848751837157215625e+13 -1.127336755336213125e+14 1.354308504508932188e+14 -7.954564151712903125e+13 -4.507091747259497656e+13 7.254289299708126562e+13 -4.771280159672271094e+13 -4.971217038318171875e+13 4.855746766751623438e+13 4.267407563281911133e+12 2.223240494260621094e+13 6.871892744184524414e+12 -3.485646371904776562e+13 -3.374925605758525391e+13 6.406998874152722656e+13 7.965098499135810938e+13 -2.351917603916161621e+12 -6.140615915803660156e+13 9.441686787888425781e+12 4.937466770316920312e+13 -2.977546979811401172e+13 -7.791504450048254688e+13 7.394754705196464062e+13 -2.904407563313570312e+13 -4.956157404258912500e+13 8.682917976053878125e+13 -6.967966369859159375e+13 -8.749198832674987305e+12 1.720155632878442969e+13 8.414123948508196289e+12 1.005005367053279102e+13 -3.062674518474480500e+15 -1.417789045723099000e+16 1.498898749637284400e+16 4.173690762255750400e+16 -1.314069533414879400e+16 -1.763557387776519000e+16 -1.393267200071132000e+16 -2.951470628632431600e+16 9.767997194818795000e+14 1.096286912628693400e+16 9.694755129422154000e+15 -1.176578028232232000e+16 6.012956443713414000e+15 -6.090199373712903000e+15 1.045841784024375400e+16 -6.628613783547659000e+15 1.028872623264885000e+16 -1.051895130974467400e+16 3.175482745307513500e+15 7.182126737213024000e+15 7.437510030827696875e+13 5.515601709841402500e+14 9.751622132400891250e+14 1.119236895554179625e+15 7.989769737944658750e+14 -2.538215513401164062e+14 -1.159239760365544000e+15 -6.286877627150643750e+14 -1.962463816147430000e+14 -2.269389206945862188e+14 -2.179681728859843750e+14 -1.501558734955830938e+14 -6.041603678756059375e+13 -5.293402272643165000e+14 1.728809913759505938e+14 -3.171151459219368750e+14 -3.518660647722166250e+14 5.428349755315603125e+14 -5.157798733171872500e+14 7.961056544695908203e+12 1.921534190727410938e+13 1.653178136254863125e+14 3.410833164651723125e+14 4.201368285783283125e+14 2.456048917599129375e+14 -4.121647008965136719e+13 -3.205176672284043125e+14 -2.516611166712620625e+14 -9.509254835415651562e+13 -3.076416225570271875e+13 -1.519102130491927734e+13 -1.356265727937460938e+14 -5.172244907359342188e+13 -1.162897019491680469e+14 -2.754771471719874609e+13 -6.988762584167596875e+13 -5.047578443312622656e+13 1.216641403685444531e+14 -1.459187100441710625e+14 4.092778086992268750e+13 1.068627368531620898e+13 8.925941782253207812e+13 2.045921530846321875e+14 2.607172212918998438e+14 1.358202844476879531e+14 -3.273098116884205322e+11 -1.290199986881646094e+14 -1.599829039625292188e+14 -5.472557806459630469e+13 4.794875610989202344e+13 -3.095883655200006250e+13 -4.917106984669101562e+13 -3.988904285861103906e+13 -6.081694736218985156e+13 -8.435773890838900391e+12 -4.292479806623180469e+13 -2.496344324245915234e+13 8.042580535293067188e+13 -7.491159557646401562e+13 1.160957903788212891e+13
-1.312876253203149250e+15 9.682857664781190000e+14 5.750868826359500000e+15 6.417807011645350000e+15 -2.211826048894257500e+15 -5.536559350374218750e+12 -8.163442080052600000e+15 4.892065926060780000e+15 -1.271744409773533000e+16 5.737750417149146000e+15 -1.273335892909027000e+15 1.058095778133523400e+16 -1.683124163494494400e+16 2.905510038172070500e+15 1.356357700050588000e+16 -1.531708848581906000e+16 1.385036073457289200e+16 -1.220258695008638400e+16 4.844904830153608000e+15 5.864798028077032500e+14 1.865013281779375391e+13 -4.923057053869389062e+13 -2.240114515364606641e+13 1.522532081679581875e+14 2.238395444613253750e+14 -5.852617735580350000e+13 -2.025494560214120000e+14 6.685386898222542188e+13 2.404662135772970938e+14 -3.307326334476313750e+14 2.056374207959602812e+14 1.729956407126000586e+13 -3.655838765541548125e+14 3.106159355090116875e+14 -4.096761291851893125e+14 4.492497637279955000e+14 -1.887026340226366562e+14 -6.698688278250525000e+13 -7.139762800752310938e+13 1.526357245665203750e+14 7.491461938351609375e+12 -3.166884369847951172e+13 -2.183904265140466797e+13 7.847064072727053125e+13 1.011494798207402344e+14 -4.009135173357507812e+12 -9.249457700052226562e+13 -4.549052565025143555e+12 6.705894196505492188e+13 -3.904418315354266406e+13 -4.625075471168139844e+13 8.089918915543920312e+13 -9.447108380144023438e+13 -2.379552282959090625e+13 1.617404922153506055e+13 4.792939465005782031e+13 -4.934741536948372656e+13 1.388551047845641602e+13 -2.812168421456325391e+13 4.221359539685220312e+13 2.899485683444197754e+12 -3.291023559196407031e+13 -2.855749710724418750e+13 5.995434946825487500e+13 7.918254292080906250e+13 -3.201523558420734406e+10 -6.593705351853820312e+13 -1.235668953043973633e+13 5.402038651385058594e+13 -1.029717338056300977e+13 -4.873671832264226562e+13 4.379897408558639844e+13 -4.486097755335755469e+13 -1.903046443365357031e+13 3.820667098922561719e+13 -2.177524922216425476e+11 -1.624499512391967773e+13 2.532147111511582520e+12 -1.793615159523994922e+13 2.577137869293129297e+13 2.112641176625345000e+15 2.951614634491199500e+15 -1.592882459252480000e+16 -1.314069533418469000e+16 6.352067645624879200e+16 -1.885374528149944000e+16 -4.027396919296007200e+16 3.647133542642245000e+15 5.871770155685013000e+15 -2.597883998512503600e+16 4.943400057190340000e+15 -7.375150389489682000e+15 1.854438936542060800e+16 -2.041492087498268000e+16 1.340934279041551500e+15 7.043955740197548000e+15 -1.114752615441988400e+16 1.862595228249594000e+16 -1.138587706373851400e+16 -1.570528690537379375e+14 8.843631758807801562e+13 4.829279873420416875e+14 7.369798579718073750e+14 8.382911721702225000e+14 7.272779706002551250e+14 -1.460526532365300938e+14 -9.678157698652421250e+14 -4.962673806355120625e+14 -2.748084508333030625e+14 -1.326472440105443906e+14 -2.478493955791154375e+14 1.474335697474588125e+14 -9.488465262655142188e+13 -4.663424575716551250e+14 1.308737031273342188e+14 -4.025720185263441250e+14 -7.241856464511004688e+13 4.568681631909119375e+14 -4.847398794252328750e+14 -8.908102608326676562e+13 3.082040465387707422e+13 1.552605727102854375e+14 2.465930889069952500e+14 3.047805577785411875e+14 2.329991843090632500e+14 -4.295978644176226196e+11 -2.717523292268565000e+14 -1.773257371023339062e+14 -1.305641486692045000e+14 -2.246337505647351172e+13 -2.487653909221585547e+13 -1.551396944710957617e+13 -5.625856157919136719e+13 -1.112209132046527188e+14 -3.478866762501806250e+13 -1.253166234203885625e+14 3.690647107239297656e+13 1.216908727764414375e+14 -1.301345889459703906e+14 -1.971185420283883203e+13 2.017875118962379688e+13 8.915393118263326562e+13 1.447639078742178125e+14 1.869241702186116562e+14 1.310379641306757656e+14 2.695982645199239062e+13 -1.069248132581365938e+14 -1.194989478766663125e+14 -8.654117260327390625e+13 4.599725116017138281e+13 -2.903292570081398047e+13 1.936318836267471680e+12 -4.441210654551967188e+13 -7.012570990671875781e+13 -2.475617645428282227e+12 -7.537693913727412500e+13 2.825796766926392578e+13 7.663886455726546875e+13 -6.340283965801573438e+13 -2.765331526777745703e+13
-9.304464521881980000e+14 -3.270914150114660500e+15 -4.183409863500997500e+15 1.107560310231404000e+16 2.276004330427630800e+16 -3.112513915821887000e+15 -2.133177700732774000e+16 -4.602757249259767000e+15 3.818745490974725500e+15 -5.386960232205386000e+15 9.903065204588284000e+15 1.670134800280589750e+15 -8.987148867707056000e+15 2.727108176938500500e+15 9.379348112586510000e+15 -9.173112041726822000e+15 -5.874553688131269000e+15 1.419034102735928000e+16 -1.221294198218032400e+16 3.484144457769283500e+15 -1.072013770417422656e+13 8.848573579662640625e+12 7.185477651948030273e+12 -3.380086663456494141e+13 -4.812996889547573438e+13 1.106661619323650391e+13 2.644951305678393750e+13 -5.015226583358939844e+13 -4.915498613629580469e+13 1.085950678499069531e+14 4.084756069818036719e+13 -5.318879489552008594e+13 3.468398895515148047e+13 -3.811803945087396875e+13 4.046224742269636719e+13 2.987857270493330859e+13 8.893402659893093750e+12 -3.154827676838610938e+13 -8.216896586037383789e+12 -1.073779866147607422e+13 -5.112786649219311523e+12 4.838127550134939453e+12 5.247264406612799805e+12 -1.731331875324475977e+13 -1.732995326399515234e+13 2.371491971425924805e+12 1.433440934563024414e+13 -1.811470248687901953e+13 -1.302548553233109961e+13 2.821427697308167578e+13 4.471694935455806250e+13 -4.291448026903993750e+13 5.180670745873472656e+12 1.561557902568407227e+13 -3.456979611725572266e+13 4.771499987460173438e+13 7.371294149354702148e+12 -2.183502129431749219e+13 -1.443271264800160547e+13 5.294537904431123047e+12 -2.691608664592777832e+12 5.889450744547113281e+12 7.112893245823163086e+12 -1.105501045010198438e+13 -1.176113872370053516e+13 1.330772993045522705e+12 6.980783142088103516e+12 -1.066703632242586523e+13 -5.185436522592696289e+12 1.262901739650734766e+13 2.375335807184353906e+13 -2.359126473077265234e+13 -2.529836882350066406e+12 2.021477890860741406e+13 -3.333979932071085938e+13 3.973812984688922656e+13 -1.926858070264263184e+12 -8.753018888298232422e+12 -1.245917542114614844e+13 5.246062010756749023e+12 1.413915476000013250e+15 4.073699942820661000e+15 -1.188640442210398200e+16 -1.763557387781539000e+16 -1.885374528255776000e+16 8.406358029771566400e+16 3.866632674693124800e+16 -8.249871298490811200e+16 -3.421453275845736500e+15 -3.355667703800022500e+15 -1.680058340696369600e+16 6.034070618371643000e+15 6.895296771759157000e+15 -1.006262085908739000e+16 -3.320734359856310500e+15 1.033509719654560000e+16 -7.147748470056629000e+15 -9.822319376095690000e+15 1.058530025525824800e+16 -6.036823679578827000e+15 -4.798735622944439453e+12 -1.093293323976752500e+14 -2.431250110580572188e+14 -2.822752026440251875e+14 -1.465498738807447188e+14 8.280352721248809375e+13 2.499024026442349062e+14 1.477288071476972812e+14 -5.019936016304787109e+12 7.315374068956976562e+13 1.889438620533580078e+13 1.487110907271481562e+14 -5.930776636261346680e+12 1.037011416326491094e+14 -4.300898198820299219e+13 9.583695558754863281e+12 1.702521887381949062e+14 -1.154557408501295938e+14 8.810350112900878125e+13 -4.254204984842307812e+13 2.160215063689587646e+12 -2.828512959735073047e+13 -8.980650632628603125e+13 -1.101800902722281250e+14 -4.102568793301707031e+13 2.337736286887226562e+13 6.732065031110690625e+13 6.823121804232796875e+13 -1.325221006482882080e+12 8.005538415120909180e+12 -1.925694943354715820e+12 7.091184302995335938e+13 5.572961218028630859e+12 1.904121815488969141e+13 9.104324839805701904e+11 -1.349514820835990625e+13 4.459334814703459375e+13 -1.764817649358167578e+13 2.791174501681726953e+13 -3.180226370470113672e+13 2.497236087591025879e+12 -1.300101270134750781e+13 -5.521214334829979688e+13 -6.931441904801889844e+13 -2.175390857095608594e+13 1.168492547531459570e+13 2.815043584022256641e+13 4.048714991098065625e+13 -5.625284925665608398e+12 -7.792051082662331055e+12 5.315042696969251953e+12 2.893346857145571484e+13 3.860907239938366699e+12 4.857593566887311523e+12 3.766341176436728516e+12 -7.609642982872194336e+12 2.632131274774539844e+13 -1.328887805736501562e+13 1.578168821776255078e+13 -1.842996930960437500e+13
-1.140584238695437500e+15 -7.856600636474403000e+15 -1.442647955881058800e+16 3.104114029062262000e+15 2.488980370638616400e+16 2.560463002758338000e+16 -9.439834418248672000e+15 -3.675046778616788800e+16 1.613658081157121600e+16 2.271692085072910000e+15 -1.416145024130329250e+15 -1.269482396793498000e+16 1.354287141276537000e+16 1.074187207336353000e+16 -1.698372752600201600e+16 1.527547501556542000e+16 -1.026321126422123400e+16 8.326349824088015000e+14 -7.260044904141020000e+15 5.579694773687312000e+15 -2.936867803891450000e+13 6.020746508667917188e+13 3.020867513523020703e+13 -1.919306403703845625e+14 -2.807805362642981562e+14 7.206297410826195312e+13 2.388471789205276562e+14 -1.157148906862493906e+14 -2.993662952248031250e+14 4.482367454651018750e+14 -1.822112417106874688e+14 -6.574526539642784375e+13 4.194744407262722500e+14 -3.641043908072173750e+14 4.714865172798181250e+14 -4.509226121963601875e+14 2.084976873592983438e+14 4.311382483349620312e+13 6.857537864914917188e+13 -1.718029251630077812e+14 -1.251516040998262305e+13 3.796970063758017969e+13 2.788549776640486719e+13 -9.882450318376184375e+13 -1.229455382220917812e+14 6.372935750182807617e+12 1.110788084363412656e+14 -1.129314424590336719e+13 -8.287686707018582812e+13 6.662229472462700781e+13 8.897567184413214062e+13 -1.242000078649916562e+14 1.050296383509652031e+14 3.919659401858092188e+13 -4.797140354798163281e+13 -8.462762124508232422e+12 5.901636248487240625e+13 -3.420036208697111719e+13 1.704140665412322461e+13 -4.015646478773041406e+13 -5.478462682293363281e+12 4.022527463664758594e+13 3.668787632520725781e+13 -7.357069968988442188e+13 -9.463780179325154688e+13 1.218890345480107178e+12 7.630244281052907812e+13 3.636963127722561035e+12 -6.203725506181229688e+13 2.218956787285638672e+13 7.295307339964703125e+13 -6.756023013656889844e+13 4.543203449657465625e+13 3.822654459857092969e+13 -7.029560512501287500e+13 3.561248132608665625e+13 1.555185299478867578e+13 -1.048480790373992578e+13 7.971953637235734375e+12 -2.272255078833395703e+13 -1.350725383947661500e+15 -2.102461279378704400e+16 -1.385679402590596200e+16 -1.393267200027934400e+16 -4.027396919298756000e+16 3.866632674619444800e+16 1.774488715374312640e+17 -7.323411511300088000e+16 -5.819605477279084000e+16 2.746912214890490400e+16 -2.375217992399398400e+16 8.127523814815941000e+15 -1.920872842115349200e+16 5.471971146055822000e+15 1.750763314628210400e+16 -1.303914346518114800e+16 1.931736880266230800e+16 -6.735541143077449000e+15 -9.452314019221496000e+15 -4.921029395195278000e+15 -9.827499477174015625e+13 -6.106648991924881250e+14 -9.998321487887567500e+14 -1.142377454301659250e+15 -9.035335245883237500e+14 2.289695686498803125e+14 1.251230945049740000e+15 6.590330051174617500e+14 2.876351218168848750e+14 2.061287075464976875e+14 2.802715066185758438e+14 -2.430731412164120703e+13 9.557611090562701562e+13 5.880244101450773750e+14 -1.774040189067703750e+14 4.364424219847461250e+14 2.285613272458150312e+14 -5.884195675266001250e+14 5.936923146677303750e+14 5.681019853313161719e+13 -3.083685562066587109e+13 -1.902163243277915938e+14 -3.420730612284423125e+14 -4.220625088182661250e+14 -2.841913468818623750e+14 2.127077649255141016e+13 3.487954176134595625e+14 2.492364324213433750e+14 1.376018174824290156e+14 3.100496946108100781e+13 2.472769337420573828e+13 7.962708147427162500e+13 6.476133943240216406e+13 1.351744879996610000e+14 3.778884407131705469e+13 1.211884706004926094e+14 4.745575791234076538e+11 -1.450631182764564688e+14 1.631764889933355000e+14 -7.362788626767605469e+12 -1.922535793734766797e+13 -1.063407085007448594e+14 -2.030335973581780312e+14 -2.604034132015161875e+14 -1.586540648321979688e+14 -1.825292637107758203e+13 1.387184322300952188e+14 1.630680192377685625e+14 8.697949580051485938e+13 -5.582996204019616406e+13 3.559250070813493750e+13 2.370285506187752344e+13 5.064494056182203906e+13 7.886433840975767188e+13 5.984809722777455078e+12 7.334581484789471875e+13 -6.601198252545274414e+12 -9.329425797918392188e+13 8.144465391704279688e+13 1.298458341975878516e+13
-3.189302848748073000e+15 -5.352350595418775000e+15 -1.088868979865098000e+16 -2.292793293278865200e+16 -1.375642963205681400e+16 4.944611920793667200e+16 1.230516995792023680e+17 -1.105624293197355840e+17 -5.670095917083163200e+16 4.834064503219176800e+16 7.579427708506102000e+15 -3.085207722230274500e+15 1.595976238491933800e+16 -3.315899087991095600e+16 1.841610792589400000e+16 -1.554583196249843400e+16 2.508781898694172400e+16 -1.717025264107735800e+16 -1.398398605476863000e+15 5.440330705646935000e+15 -1.458305627933407227e+13 2.902533708513734375e+13 1.474537751070322656e+13 -9.289856901931942188e+13 -1.358163985430233594e+14 3.477230010269214844e+13 1.145715810306190938e+14 -5.798333960235471094e+13 -1.446631746312551875e+14 2.189232653828719062e+14 -8.335653456694729688e+13 -3.458199563343728516e+13 2.004353541922116562e+14 -1.745096024765285312e+14 2.253860388590746875e+14 -2.110073756129387500e+14 9.907182779686065625e+13 1.827191425028067188e+13 3.184594485435915625e+13 -8.186172605024765625e+13 -6.250535369442155273e+12 1.825553527771491406e+13 1.351949297322950977e+13 -4.782717883165310156e+13 -5.922163152770006250e+13 3.167488684884082031e+12 5.341780316739243750e+13 -6.535698806329135742e+12 -4.001005463329518750e+13 3.333977974470585547e+13 4.499277221281362500e+13 -6.151110362837071094e+13 4.995338662901618750e+13 1.954989030269564453e+13 -2.495176130640478906e+13 -8.325154581000607910e+11 2.836474525702510156e+13 -1.760247436081367188e+13 7.092074993239297852e+12 -1.861636446664349609e+13 -2.766227264526667969e+12 1.939066472359615234e+13 1.780095400929856641e+13 -3.548368496087900781e+13 -4.548137119636356250e+13 6.639982636358328857e+11 3.650376449702498438e+13 1.010379404374829712e+12 -2.964665407173017188e+13 1.131867934507658789e+13 3.603419505266820312e+13 -3.347618856010252344e+13 2.129160704520385156e+13 1.939673964518653125e+13 -3.541480386720214062e+13 1.945693175142625000e+13 7.217971108554745117e+12 -5.532962052914208984e+12 2.939100065620558105e+12 -1.038483170889679492e+13 -1.173422247666819750e+15 7.532551771120389000e+15 -1.206130466645219800e+16 -2.951470628706417600e+16 3.647133546522940500e+15 -8.249871298644083200e+16 -7.323411511371014400e+16 4.599743038055880320e+17 -1.913773151774716160e+17 -8.279935364083955200e+16 1.480808962960587000e+16 8.904737591706896000e+15 1.440128617896599000e+15 2.716026473608356800e+16 -4.419955908649221600e+16 1.928210369182437200e+16 -1.034601658807410200e+16 8.357186216565549000e+15 7.628008144412688000e+15 -1.331928679434558200e+16 -4.673757004860770312e+13 -2.956933907898261875e+14 -4.883871900758090000e+14 -5.583138553768788750e+14 -4.364959006549073125e+14 1.136437615303365469e+14 6.075826175236548750e+14 3.210865415967743750e+14 1.355288033660858438e+14 1.022150478808925781e+14 1.336368868769968906e+14 -1.617826172855929688e+12 4.475113370155775781e+13 2.846260665245522500e+14 -8.664780796855671875e+13 2.067852053899810312e+14 1.192511207861045781e+14 -2.855923543205753750e+14 2.862686997874207500e+14 2.401208977992315234e+13 -1.442222312200323438e+13 -9.172298574369770312e+13 -1.675316314027613438e+14 -2.066652226753140312e+14 -1.369562562364984844e+14 1.159759919476199414e+13 1.692154550010819375e+14 1.222500802372553281e+14 6.490705341290692969e+13 1.517590351760237500e+13 1.155216398264615820e+13 4.231447434134507031e+13 3.095906321942802734e+13 6.511135198235219531e+13 1.790960636037992578e+13 5.634715543827516406e+13 3.181895943513610352e+12 -6.968977114250929688e+13 7.892620158963404688e+13 -5.587089592152057617e+12 -8.915286186894152344e+12 -5.109136734306507812e+13 -9.956309100252626562e+13 -1.275965523233351562e+14 -7.638164991577207812e+13 -7.846576605725808594e+12 6.738950058495845312e+13 7.970905448099925000e+13 4.071085573419866406e+13 -2.688757958627195703e+13 1.716432074437214844e+13 1.311489342141343945e+13 2.417774657774344922e+13 3.757303094795801562e+13 3.076681210213457520e+12 3.413949437498988281e+13 -1.372204284753610352e+12 -4.494808983195876562e+13 3.951637922793081250e+13 4.910745236404993164e+12
-4.957778171606390625e+14 -7.726623787692297000e+15 -1.217272689391393000e+16 -2.112182252276867600e+16 -2.515626287061956000e+16 -1.490597048363869200e+16 2.493845165973275200e+16 2.107302263940828800e+17 -1.461654327555078720e+17 -5.805603003934671200e+16 9.086505976465158400e+16 -2.698973550113574800e+16 -2.727013748971275600e+16 1.075948289958618000e+16 3.084274725303284000e+15 -2.764859967903459600e+16 2.066636483463766000e+16 1.043250062367599800e+16 3.253420790598816875e+14 -2.530003792421061000e+15 1.007235506165957422e+13 1.151630314821284375e+13 -9.490750614197624512e+11 -2.300823611224167578e+13 -3.688913639979982031e+13 1.261857764905043555e+13 6.688730081964207812e+13 5.907589767479509375e+13 -4.462516913591812500e+13 -1.892586347937340625e+13 -2.005426458013235312e+14 9.406668070141356250e+13 1.463025840376883125e+14 -1.073602314100477188e+14 1.608227556928555625e+14 -3.218240750400982500e+14 9.316743601059387500e+13 1.010663910308070312e+14 5.794148541857377344e+13 -6.841661579220394531e+13 5.626314226309548828e+12 9.081178057419722656e+12 2.518762242926556641e+12 -1.206895424670225195e+13 -2.532752067609093750e+13 -2.296534824366636719e+12 2.612397341774016797e+13 3.815559878092913281e+13 -1.378157233174203906e+13 -3.239401675220590234e+13 -6.050185574126075000e+13 3.666447956463489844e+13 4.521595918649108594e+13 -1.664780095618662695e+13 5.824875335540264062e+13 -1.215707342848682031e+14 1.447900086755734570e+13 3.464052946354700391e+13 4.475695552134345312e+13 -3.511252889483039062e+13 3.574015686927573730e+12 7.749000163848196289e+12 2.801117127274152344e+12 -1.347831831379581055e+13 -2.336377313255062500e+13 -2.588429974167376953e+12 2.496659980124550781e+13 2.814017120890474609e+13 -2.150009925311214062e+13 -1.870747262557421484e+13 -1.797396225577735547e+13 2.055020815742051953e+13 3.124756693019123047e+13 -2.845096987600191016e+13 4.292655901030306250e+13 -7.772567704360687500e+13 1.329556047625988867e+13 1.566456019163113867e+13 3.492115579094478125e+13 -2.538143566902564453e+13 -2.010726885038317750e+15 -1.087026134254709875e+15 8.574881466375120000e+15 9.767997203239296250e+14 5.871770148272795000e+15 -3.421453269921169000e+15 -5.819605476790129600e+16 -1.913773151789606720e+17 6.245520426012140800e+17 -2.653347978258298240e+17 -1.959266354605175600e+16 5.832837152504720000e+16 -9.900947283162122000e+15 -1.993346987788305600e+16 -9.463621340062594000e+15 8.116480056498059000e+15 -5.526536862532596800e+16 4.116398999460306400e+16 -3.502650462338173000e+15 1.308189414026250400e+16 -4.242748703659994531e+13 -6.883119961220237500e+13 4.440613974113721875e+13 6.173307843241550000e+13 -1.391139637580651719e+14 -7.662964730667529688e+13 7.759950772653496875e+13 1.418218775990176270e+12 1.708890662828145000e+14 -6.558052812813705469e+13 1.082374590789388125e+14 -3.777534533928284375e+14 6.722740558752864062e+13 7.013759889405171875e+13 7.561595589638265625e+12 2.171552938332813125e+14 -2.911093816059568750e+14 -4.155598719355709375e+13 1.114778424986423125e+14 1.355534252363286406e+14 -2.229480352144282031e+13 -3.557693097296699219e+13 3.142687393430073438e+13 3.724061494713704688e+13 -5.617563654634987500e+13 -4.554818434057208594e+13 2.737129985997726953e+13 -2.975227991661367969e+13 7.911472839795995312e+13 -2.519245616841845703e+12 1.835186974079644531e+13 -1.298353957782745781e+14 2.205254975986411328e+13 2.787735177056030078e+13 1.860454659961826562e+13 9.988217543873225000e+13 -1.089948306121804531e+14 -3.674255831720825000e+13 2.158312581099957422e+13 7.385799450506573438e+13 -1.671843596646250195e+13 -2.677849201225336719e+13 2.332902732031075391e+13 2.624918430546034375e+13 -3.417672960777178125e+13 -3.869269178007745312e+13 7.513169351267551758e+12 -9.287206679097130859e+12 6.173913218553899219e+13 -1.169129989877400195e+13 6.602032122091220703e+12 -5.782004892260310938e+13 1.846402531529326562e+13 3.158106543069064062e+13 -5.928005734610943359e+12 5.908389330284767969e+13 -6.812848184035485156e+13 -1.887993824566235156e+13 6.239028120053763672e+12 5.231372596680141406e+13
1.226036009230735750e+15 -3.301770592035486500e+15 -3.030678343545803000e+15 -5.957872422222607000e+15 -8.473474491087081000e+15 -3.113083144167829200e+16 -7.188201375779259200e+16 3.540359764591514000e+16 3.170411629183806080e+17 -2.592331820043488320e+17 -4.644400190680487200e+16 1.067208590534037920e+17 -3.332108589492773200e+16 8.176380234142375000e+15 -2.545664277536383600e+16 4.026844534595820000e+16 -1.931054433379298000e+16 -5.119365378009419000e+15 1.256408856718259600e+16 -7.946611235475496000e+15 -1.734427037585320508e+13 2.025121397728047266e+13 1.336203183637443164e+13 -7.107802451473431250e+13 -1.024451138007904844e+14 2.479344778400621484e+13 7.024948847562939062e+13 -7.756432576727181250e+13 -1.067071158576383906e+14 2.005707529038078750e+14 1.755398111842991602e+13 -7.285865559723176562e+13 1.096559354928432188e+14 -1.045225430866695938e+14 1.249752728771515625e+14 -3.957573765767064844e+13 4.477371727288909375e+13 -2.966578888323872266e+13 1.736433832578966797e+12 -4.086877363211963281e+13 -8.025894491264507812e+12 1.190608727400814258e+13 1.071902189010400391e+13 -3.649218066432853125e+13 -4.049192754580948438e+13 3.816416949092097168e+12 3.504139674238346094e+13 -2.298240368668171875e+13 -2.886162017237368750e+13 4.388708099386064062e+13 6.681521518316855469e+13 -7.052639877516364062e+13 2.337138608325618750e+13 2.467334127998617578e+13 -4.821891674107389062e+13 5.423159087925093750e+13 1.833239268277519922e+13 -3.109975690421575000e+13 -1.401413820806048828e+13 -4.538679678091410522e+11 -4.042019755855864746e+12 1.350397024168148828e+13 1.434658284865137109e+13 -2.502871457050777344e+13 -2.932835576965425000e+13 1.752600448198655762e+12 2.072959757698564453e+13 -1.183589364295589453e+13 -1.628252553763671875e+13 1.838503918689161719e+13 3.973104442749250000e+13 -3.865215413742810938e+13 4.547611218088352539e+12 2.987520318021151562e+13 -5.046878617917868750e+13 5.220495014657100781e+13 3.198918227513117065e+11 -1.193478191214206641e+13 -1.320991361162155273e+13 2.366489956234676758e+12 3.211876684972130000e+15 -3.252268395836725500e+15 -1.898084089831520000e+15 1.096286912666872400e+16 -2.597883997161774400e+16 -3.355667714996363500e+15 2.746912213593404000e+16 -8.279935364936976000e+16 -2.653347978058595200e+17 7.904465922804614400e+17 -3.662827647062234240e+17 -3.205652318827207000e+15 2.091127614572775600e+16 1.247889707762845600e+16 1.827822236644864062e+14 -4.424692960271040800e+16 7.833976928543193600e+16 -4.510509647818734400e+16 -6.481084904745127500e+14 1.349534015005118000e+16 -2.181149684284919531e+13 -2.282299803609678125e+14 -4.484331846971385625e+14 -5.175983057494955625e+14 -3.199511723607416250e+14 1.343193271519955469e+14 4.978193498368848125e+14 2.809791522797950938e+14 4.161191392868625000e+13 1.193000854735293906e+14 6.827709503207124219e+13 1.693623287243109062e+14 8.857245885078119141e+12 2.179323549408614688e+14 -7.941606988267193750e+13 8.319297732248210938e+13 2.362031553970093438e+14 -2.317015655408123125e+14 2.006833011088555000e+14 -4.022266167334468750e+13 -2.570104868223759277e+12 -6.436466595289128125e+13 -1.611475557972578750e+14 -1.980994362405727812e+14 -9.472549775006578125e+13 3.076429284376608984e+13 1.360419285165021094e+14 1.206746918488130625e+14 2.116148265458745312e+13 1.444951592402645703e+13 1.835415707581533447e+12 9.581161955612253125e+13 1.718384499191145117e+13 4.450495752477265625e+13 7.297183249149993164e+12 4.264828941679857422e+12 5.206704380399442969e+13 -4.451267874132395312e+13 5.946735795859294531e+13 -3.829134473673721875e+13 -2.611105732130190125e+11 -3.270501367599964453e+13 -9.787232315888753125e+13 -1.237802596131315625e+14 -5.154203071372122656e+13 1.061073429896391406e+13 5.570966018025908594e+13 7.411037518731500000e+13 7.794823196793988281e+12 -1.829710921779662500e+13 1.206980844970101562e+13 3.764315108421736719e+13 1.285843199118688672e+13 1.867704026309535938e+13 5.378548052652985352e+12 3.231590558686944824e+12 2.959715239183170312e+13 -3.088774940237196094e+13 3.183859527856701172e+13 -1.934374270769738281e+13
7.893838086740650000e+14 -6.171574480431920000e+14 -5.016441568534785000e+15 -3.272477100034311000e+15 -1.429388398519585200e+16 -5.657203371996235000e+15 -1.745971171562392600e+16 -4.714401235500972800e+16 -5.879442242547742400e+16 4.502619563493824000e+17 -3.763723408655271040e+17 -1.055003758814323400e+16 1.626371916675339200e+17 -8.439848595018345600e+16 2.469918338076115200e+16 -1.822725948019079600e+16 1.570860702802471000e+16 -1.089715733195078800e+16 -9.652803856460498000e+15 5.535050864601453000e+15 5.824263200262803711e+12 9.714348668042822266e+12 3.451162803025834351e+11 -2.174195208881948047e+13 -3.398124240928646094e+13 1.084263475188826367e+13 5.281077808365182812e+13 3.600187711217775000e+13 -3.979476638455428125e+13 1.860147092827277832e+12 -1.409459577526231875e+14 6.118636851569344531e+13 1.121591656345263750e+14 -8.413849409436325000e+13 1.236288324139735312e+14 -2.313490916010564062e+14 6.951458900905819531e+13 6.944488267029607812e+13 4.124153582241896094e+13 -5.165634603470775781e+13 3.380088407594668945e+12 7.350558838308965820e+12 2.604077735051603516e+12 -1.134438095679221875e+13 -2.105613214178631250e+13 -1.338482840913441162e+12 2.120577316613841797e+13 2.531941710777829688e+13 -1.197787554003168750e+13 -1.963818598187352344e+13 -3.783296320657358594e+13 2.063759083698258594e+13 3.386190632279658203e+13 -9.930865043326992188e+12 3.765182633291647656e+13 -8.212015335329993750e+13 1.167011749194464062e+13 2.220677919869169141e+13 3.068664133816839062e+13 -2.494675402747476953e+13 2.227653667896148438e+12 6.527178642303202148e+12 3.080906454263444336e+12 -1.147054304204869922e+13 -1.881195082778198438e+13 -1.702887755542459961e+12 1.929372674579691797e+13 1.906314185037734375e+13 -1.649528947563068555e+13 -1.187150700928831250e+13 -9.724041105382968750e+12 1.163410091195164648e+13 2.251662437255110156e+13 -1.790865511538430078e+13 2.660931752162650781e+13 -5.116678039780484375e+13 9.457513260042605469e+12 1.020422717056547656e+13 2.376948937538076172e+13 -1.782761800156761719e+13 -2.475647976121396000e+15 -7.737745220835392000e+15 3.998628010566592500e+15 9.694755130200176000e+15 4.943400041420310000e+15 -1.680058340351490000e+16 -2.375217991770884800e+16 1.480808965834979200e+16 -1.959266355199658000e+16 -3.662827647211347200e+17 9.327616194695198720e+17 -4.867460864763960320e+17 1.380148746414590600e+16 8.187930058599150400e+16 -1.288193421436512400e+16 2.229230509885145200e+16 -3.301138332173010000e+16 1.683239260047511000e+16 1.420795622371207800e+16 -3.982805314581458400e+16 -3.176460586663812109e+13 -6.623159848940034375e+13 -2.674693358825361816e+12 4.346751472078769531e+12 -1.230880656843467031e+14 -4.413019087325044531e+13 9.300141327506693750e+13 2.242310106472448828e+13 1.244166564953331250e+14 -3.743572666101124219e+13 8.199814684214200000e+13 -2.551049361944743438e+14 4.837261366377789062e+13 6.637359048663644531e+13 -6.883827364654447021e+11 1.604117372047686562e+14 -1.885366729332882188e+14 -4.714457430513329688e+13 9.438950197475390625e+13 9.310858872995073438e+13 -1.601394785795067969e+13 -3.014767476372375781e+13 1.001416382660903906e+13 1.132242625089586133e+13 -4.707652163489781250e+13 -2.997127717019361328e+13 2.978922974263423828e+13 -1.191097150705454883e+13 5.774446329271307812e+13 -6.860404970659254150e+11 1.316047207437616016e+13 -8.481457440095529688e+13 1.695597741223410156e+13 2.317110611704439062e+13 1.375604803868193750e+13 7.119095812867153125e+13 -7.336260328339851562e+13 -2.946151245688207031e+13 1.984585377074225391e+13 4.948321359390510156e+13 -1.188154637286320312e+13 -2.149205382275903125e+13 9.091767124713498047e+12 9.188840345526746094e+12 -2.817686570028360156e+13 -2.664348938651635547e+13 9.576875940617433594e+12 -9.403548898097988281e+11 4.439771592655825000e+13 -9.689542660267740234e+12 5.604090382643026367e+12 -3.815377025849366406e+13 1.408021805094417383e+13 2.383021515871806641e+13 -3.795917254695140625e+12 4.216603114123582812e+13 -4.608083926428393750e+13 -1.574955605440103711e+13 6.853369521843480469e+12 3.564189285819758594e+13
-1.239740340289475250e+15 -4.418809626804170500e+15 -5.214963704274326000e+15 -7.118777686133532000e+15 -1.566689729222557500e+15 3.430632777283949000e+15 1.925406819704400800e+16 -2.040963318434115600e+16 -2.859323140511241600e+16 -1.504693014879869440e+17 5.744259006496816640e+17 -4.681625907739918720e+17 3.296860474902408400e+16 1.145071658455134560e+17 -8.347586571027028800e+16 2.844585129146933200e+16 6.366723303302200000e+15 -1.386517552870040000e+15 -1.953310512932156800e+16 1.655124885122893200e+16 -1.055489140111535938e+13 -2.509057999768458594e+13 -2.815784513813218750e+12 6.007596594485267969e+13 9.257885972181150000e+13 -2.833812217406969141e+13 -1.303367795189442031e+14 -6.975637650457810938e+13 1.063982821429411094e+14 -3.474430277971391797e+13 3.166434669749203750e+14 -1.275285113563172656e+14 -2.707898366186905625e+14 2.065271413201271562e+14 -2.991064065073442500e+14 5.301492989258785000e+14 -1.643017224275105312e+14 -1.528129554601499688e+14 -9.369770742280654688e+13 1.232492024197731094e+14 -6.435978471495866211e+12 -1.846511021573203516e+13 -7.531187181814521484e+12 3.125557677341150781e+13 5.386654211056610156e+13 2.451432729279097168e+12 -5.337588243529170312e+13 -5.386327387978147656e+13 3.152922735339735156e+13 3.781037045719079688e+13 7.554085370739456250e+13 -3.601955196149568750e+13 -8.027221810342467188e+13 1.874286493795013281e+13 -7.796115982151364062e+13 1.777896738107595312e+14 -2.922932742421278906e+13 -4.557595385818371875e+13 -6.738792542376819531e+13 5.658637551837405469e+13 -4.431527223006997070e+12 -1.684295312042707031e+13 -9.163625738173925781e+12 2.979647812533289844e+13 4.708303551889122656e+13 3.591154924507074707e+12 -4.686564220203026562e+13 -4.138626593857131250e+13 3.984881084776147656e+13 2.409661891135992188e+13 1.598228358739364258e+13 -2.047379743893980078e+13 -5.170399607544910938e+13 3.602487929593098438e+13 -5.260170836080852344e+13 1.079727784890979688e+14 -2.147484730755423438e+13 -2.130118580571587500e+13 -5.183941893325933594e+13 4.002855111805744531e+13 3.598160628757451500e+15 1.276933379741915200e+16 5.848452004659436250e+14 -1.176578028347770000e+16 -7.375150385130314000e+15 6.034070623036120000e+15 8.127523813328245000e+15 8.904737579678987000e+15 5.832837152910055200e+16 -3.205652331074967500e+15 -4.867460864690991360e+17 9.811106822209397760e+17 -5.110198367411835520e+17 4.325454463026425600e+16 1.470571403714604600e+16 -4.723700662979140000e+16 -2.341541420990101000e+15 8.351809090499380000e+15 -1.203988199377966600e+16 -7.643650606603154000e+15 7.528330696991610938e+13 1.847890430183775625e+14 7.431823914805318750e+13 6.893906890204064844e+13 3.275597446925678125e+14 7.953215949155492188e+13 -2.864723009634281250e+14 -9.356940621540692188e+13 -2.882020271742166875e+14 6.665189220166787500e+13 -1.961610609123306875e+14 5.521648818421370625e+14 -1.109371921407511094e+14 -1.835432406977871250e+14 1.364790395423645703e+13 -3.760787686928328125e+14 3.911790999421231875e+14 1.420755170089407188e+14 -2.443882043186256562e+14 -2.048165454249804688e+14 3.667107908135585156e+13 7.809739122440482812e+13 1.841968548506975098e+12 4.502743863908740234e+12 1.210713830152080156e+14 6.321761898491099219e+13 -8.819574764477289062e+13 8.615902519197512695e+12 -1.340421596657288125e+14 -6.452585957761367188e+11 -3.009463075242957031e+13 1.775647769412216875e+14 -4.102969644233301562e+13 -5.926889303661213281e+13 -3.227530306664588672e+13 -1.619334898447914062e+14 1.582787737136431562e+14 7.352109329162585938e+13 -5.401299650967296094e+13 -1.062764983758535781e+14 2.695758878556666016e+13 5.366883491683071875e+13 -5.699826721942775391e+12 -1.976148168475387939e+12 7.168068526153942188e+13 5.874615280198656250e+13 -3.017647094049726172e+13 -9.150382062396746094e+12 -1.017702843437338125e+14 2.473692844741241016e+13 -1.453337193317600586e+13 8.070813923901651562e+13 -3.385625052435416406e+13 -5.683068707884960156e+13 7.781019731755663086e+12 -9.601975635786395312e+13 9.989175980882457812e+13 4.038249296787598438e+13 -2.037276630059301172e+13 -7.780288298686501562e+13
-9.567167920466323750e+14 -2.468524320877859688e+14 7.695574442693806250e+14 -2.321609012158876875e+14 8.901972676685735000e+14 -6.130439132637705000e+15 -3.120432528474327200e+16 2.852292874625168000e+16 -2.884389485017945200e+16 -3.128603897673568800e+16 -1.946465482675543360e+17 6.575106045360152320e+17 -5.007562194340432000e+17 2.873853119736248400e+16 1.477415115292412800e+17 -6.221296749724671200e+16 -5.828433912891205600e+16 4.383035417263275200e+16 2.016511390344132800e+16 -1.700467446955465400e+16 2.590269938624893066e+12 2.862963000318040039e+12 -2.729338356376241760e+11 -5.644517864944167969e+12 -9.078199189706396484e+12 3.130577819395861328e+12 1.674482527406532031e+13 1.513287619777667969e+13 -1.102438558373927148e+13 -5.280491466041339844e+12 -5.076615428961709375e+13 2.397144801468283203e+13 3.673424232761735938e+13 -2.689723998832495312e+13 4.036911162199518750e+13 -8.130111556303068750e+13 2.345452222827203125e+13 2.563558778166233594e+13 1.465078285230481250e+13 -1.720394139916241602e+13 1.442807043835527100e+12 2.267588956059688965e+12 6.106876056556268311e+11 -2.962781551398015137e+12 -6.306409020459110352e+12 -5.902466130139133301e+11 6.521271866334712891e+12 9.707187013827589844e+12 -3.414707040378516113e+12 -8.301395585842725586e+12 -1.546706884560493164e+13 9.447060045995818359e+12 1.137888363365728320e+13 -4.271415014970679199e+12 1.485143303219692578e+13 -3.088217272166439844e+13 3.617036588053738770e+12 8.838116787263552734e+12 1.135479987333421289e+13 -8.879844151571105469e+12 9.139183216585843506e+11 1.926710167684366211e+12 6.731746627375859375e+11 -3.347456704381290527e+12 -5.837190562618244141e+12 -6.590016140383712158e+11 6.263749357771731445e+12 7.146583386394167969e+12 -5.397911237244206055e+12 -4.776898885133284180e+12 -4.643916660821211914e+12 5.292864142399163086e+12 7.892210666916979492e+12 -7.269586521233799805e+12 1.098155357899808203e+13 -1.978751510218181250e+13 3.362036783499190430e+12 3.991387396622837891e+12 8.865066821075197266e+12 -6.425514151716161133e+12 -3.155980841790063000e+15 -1.540888108586801800e+16 -1.573437172411138000e+16 6.012956443195459000e+15 1.854438936652512000e+16 6.895296777913524000e+15 -1.920872841295514000e+16 1.440128586848987500e+15 -9.900947276197352000e+15 2.091127617229517600e+16 1.380148743167497800e+16 -5.110198367256772480e+17 1.029976888176463744e+18 -5.167647744641692800e+17 4.768699599028832800e+16 6.654881080156016800e+16 3.664606229883437600e+16 -8.951229518137265600e+16 2.310724653406654800e+16 2.740320938101976800e+16 -1.067744709518017969e+13 -1.684771356624872852e+13 1.233515537021280664e+13 1.688784373901518750e+13 -3.439851452674482812e+13 -1.971237577048189844e+13 1.840202828354691797e+13 -3.327852121564141235e+11 4.312035064423764844e+13 -1.688079809961523047e+13 2.720831870094477734e+13 -9.596142356875495312e+13 1.698192703309370898e+13 1.720348382201555664e+13 2.107980267301641602e+12 5.472005295389906250e+13 -7.421117635464920312e+13 -9.940487096456345703e+12 2.770206178076661328e+13 3.438432251154473047e+13 -5.632668494763000977e+12 -8.840025247240544922e+12 8.345331084651375977e+12 9.906730049439560547e+12 -1.397530957599848633e+13 -1.159615177562584766e+13 6.588187707799648438e+12 -7.822165203017327148e+12 1.995829371911100391e+13 -6.727311324161224365e+11 4.637182400389685547e+12 -3.307486481450858984e+13 5.535438180493703125e+12 6.941446356076183594e+12 4.687673078348849609e+12 2.525255598270909375e+13 -2.769603976509573047e+13 -9.183701744930888672e+12 5.312644672273472656e+12 1.877503048502721875e+13 -4.227928004883553711e+12 -6.692562100213670898e+12 6.141436917008192383e+12 6.943787635857520508e+12 -8.517431990921257812e+12 -9.812601541573677734e+12 1.763199385924616699e+12 -2.531380530805702637e+12 1.559639978289107031e+13 -2.912014689436562500e+12 1.640141467859903809e+12 -1.471699352445407617e+13 4.638441881088792969e+12 7.941790158819253906e+12 -1.512598883382924072e+12 1.493604947950370312e+13 -1.730447344560110352e+13 -4.699265645025570312e+12 1.499676669406165283e+12 1.327923995242352539e+13
-2.151714941973498125e+14 -2.691994711395824500e+15 -6.283854293527839000e+15 -7.787186978729780000e+15 -3.901877771927611500e+15 -3.350746695819895500e+15 1.739855461825847600e+16 -3.067810375223648400e+16 1.057580546824328400e+16 2.152322399658484000e+16 -3.327475841732121600e+16 -2.119046122941296320e+17 6.181849902099927040e+17 -4.427777842585617920e+17 1.814115945497992000e+16 6.282130610232728000e+16 2.618842106303538400e+16 -6.331208981100047200e+16 3.941378138660856800e+16 -7.621035426365899000e+15 -2.296445854980490625e+13 4.711833277573838281e+13 2.363295246549043750e+13 -1.501878320469440938e+14 -2.197178523897697188e+14 5.639500812709692188e+13 1.869479678780952188e+14 -9.045772234599095312e+13 -2.342682460608500938e+14 3.506600864518253125e+14 -1.428039127663559375e+14 -5.131994053495868750e+13 3.283623867248660000e+14 -2.849946629367958750e+14 3.690726974563883125e+14 -3.531839242765956875e+14 1.632362669590711250e+14 3.385595073013205469e+13 5.372264201210157031e+13 -1.344969738580877812e+14 -9.784413317811628906e+12 2.971732314106280469e+13 2.181968496345034375e+13 -7.733153164702406250e+13 -9.621936112995650000e+13 4.983096137939553711e+12 8.693626746843689062e+13 -8.788018254104256836e+12 -6.485683285761397656e+13 5.208261737354103125e+13 6.953618061718719531e+13 -9.712394188187109375e+13 8.222730540200262500e+13 3.064529275173598438e+13 -3.745879211838021094e+13 -6.771691688232897461e+12 4.619013303661722656e+13 -2.671412298349905469e+13 1.338805467162607617e+13 -3.146044547682500781e+13 -4.281711243490012695e+12 3.148034823244809375e+13 2.870668601171550391e+13 -5.757565873075542969e+13 -7.407002401985867188e+13 9.504043169417475586e+11 5.972712044713860938e+13 2.880318127464449219e+12 -4.856227577169777344e+13 1.733708193426436328e+13 5.705346001139807812e+13 -5.283110647309222656e+13 3.558305945074574219e+13 2.987173436328992578e+13 -5.494340661619449219e+13 2.776548182118340234e+13 1.218367370434955664e+13 -8.183495911113193359e+12 6.280257960520416016e+12 -1.780874053137213672e+13 -6.511942048227053750e+14 7.808331979134459000e+15 1.438334016710386000e+16 -6.090199371937693000e+15 -2.041492087511162400e+16 -1.006262087203177400e+16 5.471971139000289000e+15 2.716026477333395600e+16 -1.993346989435634000e+16 1.247889705669194400e+16 8.187930062709243200e+16 4.325454460325083200e+16 -5.167647744590535680e+17 9.610401176677909760e+17 -4.519928478895253760e+17 1.090182873877102400e+16 -5.922416410422242000e+15 5.033569723068224000e+16 -4.010522554142355200e+16 1.339618822978839200e+16 -7.693926391930092188e+13 -4.778465654168618125e+14 -7.821759499168166250e+14 -8.936765419459706250e+14 -7.070630947551283750e+14 1.790421472121544062e+14 9.790121893089021250e+14 5.156043648751754375e+14 2.252467578366645000e+14 1.611860322495615938e+14 2.194080852983401250e+14 -1.948557283785475781e+13 7.485854647983825000e+13 4.601350891231000000e+14 -1.387848192689892031e+14 3.417253676689715625e+14 1.784568051445443438e+14 -4.604088339466646875e+14 4.646207333188536250e+14 4.461424529154194531e+13 -2.415323958535167188e+13 -1.488622025420007188e+14 -2.675861093989317500e+14 -3.301596313204024375e+14 -2.224102619869716562e+14 1.658497645545618945e+13 2.729183427223792188e+14 1.949563002974503750e+14 1.077525764036136875e+14 2.425399364066555859e+13 1.936878116454792578e+13 6.213622664333682031e+13 5.069417479258735156e+13 1.057900003472852031e+14 2.958763620467228516e+13 9.493714680693631250e+13 2.361242533377458191e+11 -1.135374794274719688e+14 1.276898995060392188e+14 -5.668784215649587891e+12 -1.506192649785236328e+13 -8.323016917866754688e+13 -1.588169115780270938e+14 -2.036972743089427812e+14 -1.241673421219642969e+14 -1.432838043513052734e+13 1.085373897609275312e+14 1.275667636152339688e+14 6.812604357391172656e+13 -4.369376113428557812e+13 2.785441281765476562e+13 1.847253905381382031e+13 3.964558045014870312e+13 6.173964669835508594e+13 4.674943433051015625e+12 5.745626660609720312e+13 -5.249011037707850586e+12 -7.301332130620350000e+13 6.372696482410273438e+13 1.022351762892686133e+13
1.046828648503542625e+15 2.614953275732322000e+15 3.440302666436524500e+15 6.305942873273157000e+15 1.249884335076091250e+15 -5.335754900469338000e+15 -2.806929208177364400e+16 6.382077707637172000e+15 -2.867983285651908750e+14 6.737956468689461000e+15 -2.242183844164704000e+16 -1.616394501827823750e+15 -1.947745797481551040e+17 5.831856611118481920e+17 -4.600283666997514880e+17 6.503415134389377600e+16 6.718387209418385600e+16 -2.110140750340062800e+16 -1.962310256420462400e+16 9.472677525479254000e+15 1.532789181717655859e+13 -4.320043265563493750e+13 -1.921229471463808984e+13 1.326976179946311562e+14 1.953095260441207500e+14 -5.128035582637914062e+13 -1.791420267808570625e+14 5.329336803318747656e+13 2.101762013488657500e+14 -2.832988774029275625e+14 1.914091834517194062e+14 8.126550533109370117e+12 -3.251744155454600625e+14 2.750640348034787188e+14 -3.641683063768885000e+14 4.098044992805965000e+14 -1.691136058869524375e+14 -6.492149927436725000e+13 -6.561728583668542969e+13 1.362915439630160000e+14 6.043344337357109375e+12 -2.791008435697395312e+13 -1.897782100795184375e+13 6.840691778472256250e+13 8.887969982572534375e+13 -3.285524813641658203e+12 -8.148774388535403125e+13 -6.658582189707017578e+12 5.870806185654714062e+13 -3.127608178360434766e+13 -3.545787705296609375e+13 6.699339593778858594e+13 -8.456154756565032812e+13 -1.928374927108447266e+13 9.733041375170787109e+12 4.999302007528246875e+13 -4.351400631461410938e+13 9.460650459769888672e+12 -2.742202325710137891e+13 3.885744610849305469e+13 2.238611442928176270e+12 -2.888276384285160938e+13 -2.478065345358668359e+13 5.257138721187833594e+13 6.983170349914128906e+13 1.585421369942981262e+11 -5.854663352819768750e+13 -1.265850494296281250e+13 4.804080615220302344e+13 -7.517715609841028320e+12 -4.065514726559849219e+13 3.622003618260048438e+13 -4.085815749216192188e+13 -1.433388827988400586e+13 2.979799148307891016e+13 5.400770113853625977e+12 -1.493787101613161133e+13 1.053179807167691040e+12 -1.794823821921698438e+13 2.400610046544340625e+13 -2.944057337288509000e+15 -4.349701081542510000e+15 6.353304808527350000e+15 1.045841783947818600e+16 1.340934279673454500e+15 -3.320734351596012000e+15 1.750763314747552400e+16 -4.419955911086194400e+16 -9.463621326551290000e+15 1.827822389038490625e+14 -1.288193423568336600e+16 1.470571406548280800e+16 4.768699597352307200e+16 -4.519928478802007040e+17 8.600682173731665920e+17 -4.159329014708995200e+17 2.286757220375566000e+15 4.131566005265737600e+16 -4.568478638911177000e+15 -1.001853070442240400e+16 7.916698078196167188e+13 4.206018962247052500e+14 6.311214551176307500e+14 7.170737458653875000e+14 6.359655116807110000e+14 -1.201972440946920000e+14 -8.385722810686183750e+14 -4.272362855477185625e+14 -2.488122490345900000e+14 -1.094536925326038438e+14 -2.211043454667563750e+14 1.540542879841665312e+14 -8.650007274788370312e+13 -4.064207359258258750e+14 1.120985296832401094e+14 -3.621039409763330000e+14 -4.140054064430389844e+13 3.962113761086696250e+14 -4.252275119408040625e+14 -8.641728884638943750e+13 2.812984893882655078e+13 1.361896824004627031e+14 2.099816994964147188e+14 2.596453140278896875e+14 2.045798032412710938e+14 2.904995502933222168e+12 -2.358634751219395625e+14 -1.504841097260682188e+14 -1.180638233916849531e+14 -1.915297221674044141e+13 -2.273052043025703516e+13 -4.018089083737354004e+12 -5.000690015050205469e+13 -9.773144318341340625e+13 -3.127999562911849609e+13 -1.150404110039581094e+14 3.960149629317322656e+13 1.073802497290374062e+14 -1.135577958237972812e+14 -2.227598998123595312e+13 1.856972229976869141e+13 7.865952199764845312e+13 1.229201475150936250e+14 1.589972816185353125e+14 1.152407608778629062e+14 2.598601962639011328e+13 -9.256970783900756250e+13 -1.021843101632509688e+14 -7.892428319234587500e+13 4.043012162689466406e+13 -2.546311572567639062e+13 5.823610917496334961e+12 -3.955271728791707812e+13 -6.262733600356654688e+13 -1.704549492455284912e+12 -6.912438622622346094e+13 2.921964750696808594e+13 6.732000258410064062e+13 -5.501900200987212500e+13 -2.756220364390163672e+13
-3.745130473855619375e+14 4.094621334010425000e+14 3.358722645518590000e+14 -1.949892187845608250e+15 4.593229497027844375e+14 8.437551847347216000e+15 7.289235533540558000e+15 -1.603650815298952800e+16 -1.923877641578897200e+16 4.966049468287671000e+15 -1.516635621298637750e+15 1.136115165993219400e+16 -1.147956643488588000e+16 -2.167372107888935680e+17 5.620020803804341120e+17 -3.836241413159221120e+17 -8.530891179477175000e+15 7.426539097665672000e+16 -8.651031894651844000e+15 -2.367615639063386000e+15 -3.094738689084791016e+12 3.136348668844810938e+13 1.050370589402487109e+13 -8.932204358288831250e+13 -1.331838450201226094e+14 3.663281198983453125e+13 1.409121792364809375e+14 2.888651876684923340e+12 -1.461177352675946562e+14 1.520867713365428438e+14 -2.237968657456970625e+14 4.870142097251872656e+13 2.699029114068304688e+14 -2.190068013177382812e+14 3.005530607871983750e+14 -4.181322051804308125e+14 1.500593623145174375e+14 9.465706719665904688e+13 7.058849465349092188e+13 -1.171517227502861406e+14 -2.810989230054519653e+11 2.119375795157035938e+13 1.233654808542824805e+13 -4.616439397617648438e+13 -6.545377929912514062e+13 5.853197210389532471e+11 6.165717503372541406e+13 2.547594953982956641e+13 -4.156172455418338281e+13 -4.040894720084295044e+11 -1.394862902951956055e+13 -1.770129420792377344e+13 7.425635222886743750e+13 1.637543772136427734e+12 2.745549352840748828e+13 -9.771085248404390625e+13 3.322470749403923438e+13 1.421707585285709570e+13 4.115518671784254688e+13 -4.225554161127296094e+13 7.412127178306844482e+11 2.099694220302682031e+13 1.583190859110277930e+13 -3.786263118478579688e+13 -5.339180662562918750e+13 -1.559761828660162354e+12 4.781517469637952344e+13 2.324177074338751953e+13 -3.981013727549695312e+13 -6.293582515899196289e+12 1.316822940643373633e+13 -9.157441123555138672e+12 4.121252336582905469e+13 -7.904333508523229492e+12 7.229637769584095703e+12 -4.720453634300415625e+13 1.612920295747295898e+13 8.282541711925050781e+12 3.012946439924023438e+13 -2.819849523912747656e+13 3.607557482635056500e+15 3.400140539279742500e+15 -1.211273610474609400e+16 -6.628613782833492000e+15 7.043955737224524000e+15 1.033509719603334600e+16 -1.303914346143360800e+16 1.928210369591858000e+16 8.116480055641558000e+15 -4.424692961170887200e+16 2.229230510164606400e+16 -4.723700664024337600e+16 6.654881081177965600e+16 1.090182872729263400e+16 -4.159329014600206080e+17 7.816999151106264320e+17 -3.302211918183251200e+17 -3.322834403490342400e+16 3.168841579496700000e+15 8.194767489137010000e+15 -6.957371094767903906e+13 -2.807933375585563438e+14 -3.375394337597700625e+14 -3.771091503050963750e+14 -4.444502866443376875e+14 2.560436046590000781e+13 5.259953854399096250e+14 2.463572395061658750e+14 2.399640407610706562e+14 2.569864659561679688e+13 1.884913741449637812e+14 -3.028742111760011250e+14 8.785950639113726562e+13 2.733840057657897812e+14 -6.013790554310881250e+13 3.313288719757133125e+14 -1.413765934189968438e+14 -2.512993934208213750e+14 3.076490061179113125e+14 1.265791568631300000e+14 -2.881729337604036328e+13 -9.846040021549331250e+13 -1.028550795043508281e+14 -1.281004323397285938e+14 -1.494548016652119688e+14 -2.751304076371250781e+13 1.510918024839360938e+14 6.960918596974345312e+13 1.127453641739188594e+14 9.578717482684671875e+12 2.347688981487346094e+13 -7.135742119002079688e+13 4.125361129007047656e+13 7.198802139083379688e+13 2.853403627845232812e+13 1.227908244155567969e+14 -8.460296920897139062e+13 -8.256363848500473438e+13 7.751290987923384375e+13 5.470904579721082031e+13 -2.015869065450864844e+13 -6.040302947701185156e+13 -5.741136199736176562e+13 -7.648971252551462500e+13 -8.562562618966735938e+13 -3.688906791413681250e+13 5.746698632493717188e+13 5.346064605145906250e+13 8.039137340931870312e+13 -2.987054164475494531e+13 1.838073181580675000e+13 -3.615338849913956250e+13 3.320901271638807422e+13 5.391350472101040625e+13 -2.383784483849938477e+12 7.325237598573876562e+13 -5.544903875126011719e+13 -4.940415237107638281e+13 3.516191716736850781e+13 4.552335900364324219e+13
6.657312646859065000e+14 -1.649200890539746250e+15 -1.198590269229564750e+15 4.768159178402411000e+15 6.179068760533242000e+15 -9.373719789328372000e+15 -2.361976753758574400e+16 3.665277075040379500e+15 2.934488377174802400e+16 -3.578640590700327200e+16 -8.669313277154792000e+15 3.616347094912249600e+16 -7.475802402496820800e+16 2.503829535594711600e+16 -1.448481424287328960e+17 4.911412092180492160e+17 -3.660549443641104000e+17 3.409660123919608000e+16 5.533646444258468000e+16 -2.216639188956906800e+16 -2.874719880090826172e+13 1.490480731026743945e+13 1.668689389452565820e+13 -6.627182188738175781e+13 -9.252986410285189062e+13 1.943496086911337109e+13 3.010743591935427734e+13 -1.398077749767898438e+14 -9.140781894689407812e+13 2.542301641230040000e+14 1.816929374260526562e+14 -1.622504864744430625e+14 1.341002949468006445e+13 -3.851082272537905469e+13 2.002846474839654297e+13 2.108293432689494062e+14 -2.132502002153593750e+13 -1.163809542759463750e+14 -4.438075539262995312e+13 6.137092977472964844e+12 -1.407645303488664062e+13 6.910540864029370117e+12 1.075663457528274023e+13 -3.381916430986616797e+13 -2.795731783992344922e+13 6.389822271143022461e+12 2.082240413894040625e+13 -5.798092136213336719e+13 -2.335144550097373047e+13 7.827801057795770312e+13 1.281392384413251875e+14 -1.134526526944307344e+14 -8.392552951836152344e+12 4.275400990279167188e+13 -1.041682395328825625e+14 1.620984948043323438e+14 1.024265265875053320e+13 -6.483794427923712500e+13 -5.258392995491057812e+13 2.760797148632482031e+13 -7.682841438444403320e+12 9.883012954772863281e+12 1.485391872846538086e+13 -1.902614425751100000e+13 -1.622588388332857031e+13 4.163996407174183105e+12 4.692177889579880859e+12 -3.666640658495254688e+13 -2.170800769756668457e+12 3.691028264149584375e+13 6.176425530948510938e+13 -6.254366869477428906e+13 -1.963022909190346875e+13 5.841637887118305469e+13 -9.456636824455884375e+13 1.245333586295957500e+14 -1.027747555093950586e+13 -2.678284699660726562e+13 -4.374023940507753906e+13 2.316831909963565234e+13 -1.034197138805364375e+15 -6.191541259210461000e+15 4.295724471835082000e+15 1.028872623084947200e+16 -1.114752615288495200e+16 -7.147748469248277000e+15 1.931736880014914800e+16 -1.034601658762664600e+16 -5.526536861843552800e+16 7.833976928340721600e+16 -3.301138333034495200e+16 -2.341541415758230500e+15 3.664606230204719200e+16 -5.922416414371574000e+15 2.286757220378899500e+15 -3.302211918168519040e+17 7.603034850328968960e+17 -3.469949138831347200e+17 4.853535303209560000e+16 9.620358471154350000e+15 8.016319790108360352e+12 -2.168440119431944062e+14 -5.700812909464117500e+14 -6.664089485663670000e+14 -2.698212278694093125e+14 2.215257867723891250e+14 5.311348152652540000e+14 3.337585623329983125e+14 -8.740120379476109375e+13 1.947667506846750000e+14 -5.392934396100572266e+12 5.046973306266513750e+14 -4.333787616220192188e+13 2.035230929448153750e+14 -1.007169946926909219e+14 -7.493187152660659375e+13 5.149034666288318125e+14 -2.428476782853155000e+14 1.498226072126531250e+14 -1.566110346810880312e+14 1.480997019353393359e+13 -4.819420679657350781e+13 -2.172639718509418438e+14 -2.659672011602816875e+14 -6.786737780559471875e+13 7.318253472376345312e+13 1.402037058255036094e+14 1.676823891380396562e+14 -3.820238779357632812e+13 1.924180068487605469e+13 -1.252470096617027539e+13 2.182828344525667500e+14 2.802154612070161621e+12 3.069625234766076562e+13 -6.217434920990373047e+12 -7.499010713171478125e+13 1.494367778365314688e+14 -2.359841802711967969e+13 5.357569015405492969e+13 -1.048492804345852031e+14 1.309158219705960156e+13 -1.751297699843183008e+13 -1.353551537601107500e+14 -1.685755222681312500e+14 -3.403357808606499219e+13 4.366586934163967969e+13 6.037650773452244531e+13 9.577656751556020312e+13 -4.020432868704053125e+13 -1.243547015030274219e+13 9.093175430679216797e+12 9.121944518945601562e+13 5.236019410470573730e+11 -3.056900842509097168e+12 1.116296657536376562e+13 -4.351453884670917188e+13 8.989355247596709375e+13 -2.167909228618217969e+13 3.294633076035261328e+13 -6.499430897480067969e+13
-1.684473703637023750e+15 -7.630751744059535000e+14 -9.957563153624081250e+14 -3.069001607521661500e+15 -2.842596669713835000e+15 1.083626493386548200e+16 1.005393311272690200e+16 4.109690216719284500e+15 -3.108945464176601000e+15 -1.623296795232847000e+16 2.036939183915560400e+16 -8.105402639079092800e+16 8.068716162084508800e+16 -2.261306785827027600e+16 -5.363040504521365600e+16 -1.286853485431524320e+17 4.694612959747454720e+17 -3.409980296200180480e+17 3.012100055127827200e+16 2.981966039030577600e+16 1.775441227509895312e+13 -3.440325223456431250e+13 -1.767869706377381250e+13 1.105210758470542031e+14 1.614840251370031875e+14 -4.124988570553847656e+13 -1.351655562665191406e+14 7.115598692819700000e+13 1.718449244884628125e+14 -2.626170762304037188e+14 9.384456474195840625e+13 4.417963598148608594e+13 -2.355963482492359062e+14 2.057150911732131250e+14 -2.650332245679332812e+14 2.430564948959251875e+14 -1.158341514363513594e+14 -1.888074408869535156e+13 -3.640556424727791406e+13 9.596574968547439062e+13 7.648576175356678711e+12 -2.158358539018464062e+13 -1.610864203517267188e+13 5.689319695489048438e+13 7.014024685502418750e+13 -3.859540076577442871e+12 -6.316934391916808594e+13 8.952685796340205078e+12 4.748521658254098438e+13 -4.086736257902101562e+13 -5.564819076048918750e+13 7.471556756620117188e+13 -5.845729182986169531e+13 -2.389444587936209766e+13 3.159187962744552734e+13 -2.601537415678425781e+12 -3.352482213438464453e+13 2.209586841293999609e+13 -7.164744331707992188e+12 2.124506751795155859e+13 3.417025894587476074e+12 -2.298179505210777734e+13 -2.122531065496690234e+13 4.207599531417741406e+13 5.375091410920939062e+13 -8.714327927651682129e+11 -4.295704825659553125e+13 -3.765889917148733521e+11 3.485150591322088672e+13 -1.410244157548697461e+13 -4.366585454023214062e+13 4.068009666678039844e+13 -2.456179094219049609e+13 -2.406046249358902344e+13 4.366293910985583594e+13 -2.559088006110012500e+13 -8.246599984116709961e+12 7.086721281895426758e+12 -2.484632262126356445e+12 1.167971303218470898e+13 2.183508301566642250e+15 8.534297958949819000e+15 2.556719243015838000e+15 -1.051895130759114800e+16 1.862595228376196400e+16 -9.822319379137296000e+15 -6.735541146440201000e+15 8.357186218575369000e+15 4.116398998305172000e+16 -4.510509646800465600e+16 1.683239261480251400e+16 8.351809073189723000e+15 -8.951229516639572800e+16 5.033569722550295200e+16 4.131566005020704800e+16 -3.322834403228188000e+16 -3.469949138802405120e+17 7.032160182802179840e+17 -3.164696294642868480e+17 2.173336401155967600e+16 5.469039550987872656e+13 3.519156307395803125e+14 5.859266473994810000e+14 6.701435351743116250e+14 5.183798221839374375e+14 -1.383025624642373438e+14 -7.249957594122682500e+14 -3.843070902232928750e+14 -1.571738561306470625e+14 -1.242950728148985781e+14 -1.567634003437539688e+14 -9.243681261457609375e+12 -5.157857320985495312e+13 -3.386290830775343125e+14 1.039435026970891875e+14 -2.411002839777771562e+14 -1.513626042977058125e+14 3.406316847426925625e+14 -3.393718356134459375e+14 -2.473118129142303516e+13 1.660393119261787305e+13 1.087418804642344062e+14 2.014699204675010938e+14 2.484859317315469375e+14 1.622776525172060938e+14 -1.523070812908680469e+13 -2.017452753424702188e+14 -1.472171545476224062e+14 -7.535392712589273438e+13 -1.824050407566251953e+13 -1.328509600654816211e+13 -5.449424207711882812e+13 -3.640612917526023438e+13 -7.711494439424879688e+13 -2.088763080933448047e+13 -6.449286415875551562e+13 -7.034688691878390625e+12 8.233304172876076562e+13 -9.383796495105353125e+13 8.873842633696085938e+12 1.017702374012966406e+13 6.036516311774259375e+13 1.198701118318042500e+14 1.535133334619098438e+14 9.041933626463290625e+13 8.247386107089143555e+12 -8.044464756701493750e+13 -9.568871879698350000e+13 -4.690469609465667969e+13 3.183913678843155859e+13 -2.035074684531025000e+13 -1.741015235669530664e+13 -2.839493350374947656e+13 -4.404121474476033594e+13 -3.858317599861297363e+12 -3.911719008518517969e+13 -3.738075872698943481e+11 5.324526736668617969e+13 -4.711749523273575781e+13 -4.329981800737854980e+12
1.016792930867167250e+15 -3.271978169982853750e+14 -1.517945486800272250e+15 4.220445806079125500e+15 4.817072616973110000e+15 -7.204742432305586000e+15 -1.679596588416311250e+15 -1.816962229753634750e+15 -6.300482120277166000e+15 1.762095341698064000e+16 -2.310574377199213200e+16 4.660709700343925600e+16 -8.285495860264188800e+16 3.415388701583645200e+16 -1.203435212242289600e+16 2.393427627254150000e+15 -1.357464261310063040e+17 4.157131836864143360e+17 -3.118892074705687680e+17 5.554279535093306400e+16 -7.189599899045976562e+12 2.948079610604745703e+13 1.170857827167652344e+13 -8.769894799202070312e+13 -1.297774056097204062e+14 3.475176831045493359e+13 1.266691926136525625e+14 -1.944090275397684375e+13 -1.407942087126956562e+14 1.715122742979093438e+14 -1.651580705647591562e+14 1.668304932835293555e+13 2.356763541821178125e+14 -1.955704533079695000e+14 2.632394116553587812e+14 -3.287618272734018750e+14 1.265135444190612969e+14 6.365124694949260938e+13 5.412183480804358594e+13 -1.004190474794477656e+14 -2.452347212777483398e+12 1.942541455859757812e+13 1.236404118796729102e+13 -4.525770650185633594e+13 -6.103065842602377344e+13 1.509319794643683350e+12 5.662539193662332812e+13 1.294745513063925000e+13 -3.963184887130653125e+13 1.193485625247277148e+13 8.038486339874708984e+12 -3.312324280182487891e+13 6.294378008429039062e+13 8.126705869004740234e+12 7.412143120009834961e+12 -5.911929541480125781e+13 3.035982933508742188e+13 2.128011202990488525e+12 2.736311962781456250e+13 -3.223495721830779688e+13 -5.642661311218171387e+11 1.972157677910148828e+13 1.603190654099382812e+13 -3.575188497222417969e+13 -4.875125114713028125e+13 -6.963286760288630371e+11 4.211523572900575781e+13 1.435899920648079492e+13 -3.479204424212680469e+13 3.460968589014202881e+11 2.108863996460035156e+13 -1.774005345217721094e+13 3.258431795515899609e+13 2.327223047745332031e+12 -8.584290069814892578e+12 -2.130680717962827344e+13 1.234519173850929297e+13 2.964482577603932617e+12 1.920943128361566016e+13 -2.076683703126164062e+13 -5.258836481123256000e+15 -4.600757111659806000e+15 -1.939343287781592500e+15 3.175482742906907500e+15 -1.138587706432165800e+16 1.058530025894028800e+16 -9.452314015710588000e+15 7.628008142609828000e+15 -3.502650455555588500e+15 -6.481085023073657500e+14 1.420795621968546000e+16 -1.203988198180445000e+16 2.310724651742191200e+16 -4.010522553463628800e+16 -4.568478637949092000e+15 3.168841577942864500e+15 4.853535302754266400e+16 -3.164696294608225920e+17 6.137321755493399040e+17 -2.606130011359952000e+17 -5.895049755351596875e+13 -2.770267119795001875e+14 -3.815695780446094375e+14 -4.309300652659066875e+14 -4.269681107926614375e+14 5.692293042612461719e+13 5.385458023739526250e+14 2.655739596111189062e+14 1.939466828073078125e+14 5.280508530909035156e+13 1.622726153901208125e+14 -1.829003221806984375e+14 6.923168323472140625e+13 2.685242320236467188e+14 -6.784888926087533594e+13 2.749699679208698125e+14 -4.153988541197062500e+13 -2.555837679989420000e+14 2.897494008923112500e+14 8.496286689714451562e+13 -2.261405653216899219e+13 -9.277020040760848438e+13 -1.231062616566145781e+14 -1.525966251145656875e+14 -1.399877584238357812e+14 -1.232467553943591992e+13 1.527564982244600625e+14 8.655445553678071875e+13 9.157365608511189062e+13 1.130904893688502344e+13 1.835115016140231250e+13 -2.749595295819467969e+13 3.614029916923358594e+13 6.711518023829410156e+13 2.371739047352142969e+13 9.449364809237262500e+13 -4.976290227239678906e+13 -7.515333096800770312e+13 7.548695167970237500e+13 3.089026647964082031e+13 -1.539064536941874219e+13 -5.502069937295692969e+13 -7.092527947992637500e+13 -9.264896604897698438e+13 -7.944079224855692188e+13 -2.507080848413826172e+13 5.920665490730257031e+13 6.129509756143982031e+13 6.326058678726215625e+13 -2.780128757205232422e+13 1.733358252447348828e+13 -1.697135068991119727e+13 2.882099265087477344e+13 4.617657921123500000e+13 -3.110460930818501587e+11 5.656307600495087500e+13 -3.387772763467964062e+13 -4.615616602444269531e+13 3.559927182344147656e+13 2.919568081042163281e+13
1.490876661576704062e+14 1.621350334134644375e+14 1.225517117798719250e+15 -1.163362077742877000e+15 5.744652493556385000e+14 -3.250688492042671500e+15 -2.026315308811042750e+15 1.116996552345610800e+16 1.169627023089595500e+15 -2.724675353029974400e+16 4.067628306652398000e+15 2.536416163760476500e+15 2.563973831380475600e+16 -3.022705345367023600e+16 9.481249141922522000e+15 -1.301942565976238600e+16 -1.510878053606434000e+16 -1.370111956766181600e+17 2.849438171417937920e+17 -1.128089535774819840e+17 3.932553331487101562e+12 1.082877210070031445e+13 1.482294117220972168e+12 -2.647197466005701172e+13 -4.062341747664611719e+13 1.227663056187693750e+13 5.541010470606479688e+13 2.688238979482917578e+13 -4.642173989777974219e+13 1.914974592532800391e+13 -1.300822807935254688e+14 5.080655883088424219e+13 1.142469252626182344e+14 -8.763736517653348438e+13 1.262865265582745625e+14 -2.194546660397755938e+14 6.879531925862971875e+13 6.226767663748368750e+13 3.865943801085812500e+13 -5.178144549471542188e+13 2.459329162312337402e+12 7.897121647902517578e+12 3.362107387565097656e+12 -1.376077038418461523e+13 -2.317622361812589062e+13 -9.184621811265758057e+11 2.284274117655561719e+13 2.164639090153329297e+13 -1.368980547823173242e+13 -1.452677026993395117e+13 -2.952531497386550391e+13 1.314719331970264062e+13 3.364708548787976172e+13 -7.130751074093618164e+12 3.097065370283442969e+13 -7.197030495025276562e+13 1.248835386059038867e+13 1.803528729967098828e+13 2.743654781270253516e+13 -2.333307193825597656e+13 1.729125565895930420e+12 7.267025038939334961e+12 4.122271762057767578e+12 -1.288335667858295508e+13 -2.011156914198299609e+13 -1.437896148017862305e+12 1.981490954085945312e+13 1.677238623112014453e+13 -1.681582894560779492e+13 -9.488731161180746094e+12 -5.630371411590813477e+12 7.507536852287334961e+12 2.141937256322504297e+13 -1.412829041053240625e+13 2.046454841939805469e+13 -4.324399262987456250e+13 8.858587311498445312e+12 8.491914718244810547e+12 2.104757770157452734e+13 -1.644082918923718555e+13 7.076455180088257500e+14 2.460929442345217500e+15 7.815464599313040000e+15 7.182126738256604000e+15 -1.570528687184766562e+14 -6.036823681285349000e+15 -4.921029396493687000e+15 -1.331928679456746600e+16 1.308189413755288400e+16 1.349534015681059000e+16 -3.982805314853470400e+16 -7.643650607564499000e+15 2.740320938500021200e+16 1.339618822951904000e+16 -1.001853070465758600e+16 8.194767488039273000e+15 9.620358473281958000e+15 2.173336401006094000e+16 -2.606130011351415360e+17 3.451453666111421440e+17 -3.155333593274521875e+13 -8.165690747703620312e+13 -4.142882543726871094e+13 -4.087732070015491406e+13 -1.427087095646530625e+14 -2.954481064372201562e+13 1.300576138675427656e+14 4.533085967777920312e+13 1.197848368144805000e+14 -2.459785215714626562e+13 8.249216015818800000e+13 -2.234970992245288125e+14 4.593618255888499219e+13 8.089547830697903125e+13 -7.537377585980094727e+12 1.570046367684190625e+14 -1.555370494041345000e+14 -6.413607640494884375e+13 1.055574343624112500e+14 8.344680512833165625e+13 -1.517591823815696680e+13 -3.373786307554530078e+13 -4.639675597619879883e+12 -6.626135556070834961e+12 -5.218074770330614062e+13 -2.531439799335340234e+13 3.962593384441107031e+13 -6.451612821136883545e+11 5.575521538782335156e+13 6.138992678285277100e+11 1.244773779133817969e+13 -7.087635112197893750e+13 1.732423134295561328e+13 2.549944544905805078e+13 1.347802108063411719e+13 6.684378208489851562e+13 -6.398098734535812500e+13 -3.137369241779460156e+13 2.369352172647552734e+13 4.287991300833175000e+13 -1.111689008087245508e+13 -2.290722562828098047e+13 -7.619184502603116989e+09 -2.166213283278771240e+12 -3.078443563564501172e+13 -2.395678486191174219e+13 1.377878276271372266e+13 5.555948678521541992e+12 4.213245461626682812e+13 -1.063596596719174414e+13 6.280592722661729492e+12 -3.235748882961167969e+13 1.426353055135987695e+13 2.387258770128637891e+13 -3.077441280619608398e+12 3.965247841442982812e+13 -4.045779675727116406e+13 -1.738748393373366406e+13 9.163348361181148438e+12 3.160074514463803516e+13
1.495703897451951294e+11 -6.826226557257799805e+12 -4.667095197006093750e+12 1.411963450436002734e+13 2.220398907636499609e+13 -6.011618850143317383e+12 -2.400455112715155078e+13 3.531831851889552734e+12 1.974656495301573047e+13 -4.266699424081757812e+13 8.099376539601751562e+13 -2.686028970163555469e+13 -6.258119742671292188e+13 9.270054934492090625e+13 -1.029403427529335938e+14 1.009453426670099375e+14 -2.917681312492253906e+13 -3.601960228672185156e+13 -9.043799572085792969e+12 2.655025086072084766e+13 -4.333023443629658594e+13 -3.986359991858171875e+13 8.546239391722629688e+13 1.097832124891585781e+14 1.266105231575680000e+14 -1.186786203314451250e+14 -2.434446654249485625e+14 -6.884384195962635742e+12 2.685925390982652188e+14 1.052197778478364688e+14 1.768949840100090938e+14 -7.225639068528932500e+14 5.742491204866006250e+14 -4.441433683217731250e+14 4.061324500300006250e+14 -1.369360198272365781e+14 1.026039086999815625e+14 -3.472508413969243125e+14 1.603777816363140625e+14 1.805166902721508984e+13 -8.432543194043289185e+10 -1.326915432059073242e+12 -7.232963099378209229e+11 2.753521098186869629e+12 4.049768769535409180e+12 8.533270764627190590e+09 -3.855046514416323242e+12 -2.078139692459889648e+12 2.530706979233116211e+12 5.967694516463125000e+11 1.840365634384614258e+12 3.234515692101120605e+11 -4.886733349328436523e+12 2.051861518580240479e+11 -2.543406090636508789e+12 7.531176764127487305e+12 -2.084464304551817383e+12 -1.396455123499395020e+12 -3.057724005297563965e+12 2.947199804426166016e+12 -1.041623567422282104e+11 -1.292461215325197510e+12 -9.205811575609456787e+11 2.321844317918911133e+12 3.351420369163338379e+12 1.317097932354594574e+11 -3.073081860514679199e+12 -1.777605679221790283e+12 2.571248864853550781e+12 6.780014639029313965e+11 -4.055866115081809692e+11 1.392639107423749084e+11 -2.821274736148051270e+12 9.394178779102999268e+11 -1.159043048016340820e+12 3.975227943909495605e+12 -1.123064768227043945e+12 -7.334429712565310059e+11 -2.276759929987213867e+12 2.001342142804268555e+12 1.269352254740902148e+13 5.358364287258161719e+13 6.695515179685050781e+13 7.437510034435412500e+13 8.843631763302867188e+13 -4.798735657197313477e+12 -9.827499485002625000e+13 -4.673757017940344531e+13 -4.242748693909842969e+13 -2.181149676001917969e+13 -3.176460566961570703e+13 7.528330669352075000e+13 -1.067744686833115820e+13 -7.693926411234634375e+13 7.916698083347079688e+13 -6.957371087167114844e+13 8.016319761007774414e+12 5.469039551065052344e+13 -5.895049758478790625e+13 -3.155333589955140234e+13 6.077803469854973750e+14 8.918422940960476250e+14 -2.265899976982817500e+14 -4.718484447251501875e+14 2.902194827436959375e+14 1.896222490427135625e+14 -3.121943594063569375e+14 -7.259147538871175000e+13 -3.328330382085543125e+14 1.951103083128056250e+14 4.174553763324687500e+13 3.857386450977575000e+14 -6.222354188162583750e+14 1.083966707180674844e+14 -3.244161247201994375e+14 2.497033310991235312e+14 1.015412308823951172e+13 8.918686240174789062e+13 -4.842205009002329375e+14 -4.729115177742192383e+12 1.980637152161644043e+12 6.047220042684036133e+12 5.100586449160472656e+12 6.386200148766462891e+12 9.217719876193154297e+12 2.321313864260382812e+12 -8.796895517713007812e+12 -3.301457822978865723e+12 -7.605211220199560547e+12 -4.822360745336021118e+11 -1.616934217209906982e+12 6.228078141809977539e+12 -2.660452265135340332e+12 -4.454436262997770508e+12 -1.899604756756843750e+12 -8.526136687690319336e+12 6.587076206175933594e+12 5.193425567314089844e+12 -4.646721088105794922e+12 -4.319447607761996582e+12 1.405431831669897949e+12 3.797665616468971680e+12 2.744388062854572754e+12 3.742080631996723633e+12 5.316355536928645508e+12 2.715492247617479980e+12 -3.294465979312338867e+12 -2.776108129332496094e+12 -5.517270704736944336e+12 1.850510694864399414e+12 -1.128202971549715332e+12 3.014266922612673828e+12 -2.154279605123224609e+12 -3.525860404366630371e+12 2.362691308997887268e+11 -5.077467172013107422e+12 4.258535192559286133e+12 3.052537434604831055e+12 -2.044884100411621582e+12 -3.432040661064759277e+12
6.417073277931781250e+12 -4.045367083156285938e+13 -3.477660781731856250e+13 6.525977997025053906e+13 1.177938916859835469e+14 -2.851135234684091797e+13 -9.803633549228629688e+13 1.038237398471139688e+14 1.017983136436299062e+14 -2.644972005421807500e+14 3.588954175467697500e+14 -1.277912038345790469e+14 -2.791952474019647812e+14 4.230581536301001250e+14 -4.907385480136676250e+14 3.696235948850739375e+14 -8.221108352761451562e+13 -1.425522411966028125e+14 -1.041050670536446680e+13 1.133983675685905312e+14 -4.589694342433938281e+13 2.392602399968602734e+13 3.943153716001980000e+14 6.937207674824842500e+14 -9.067510504407359375e+12 -5.953599833546863750e+14 -2.745691696967621484e+13 -3.925956049140254375e+14 4.702916628304283750e+14 -5.893004710197283750e+14 4.787402337109822500e+14 -3.421612202889790000e+14 -1.561349098487743125e+14 2.534982200621499688e+14 -2.177831960086454062e+14 -2.786661504046530938e+14 6.520550938496072500e+14 -4.206133185631026875e+14 2.618345572134803125e+14 -1.302071433803665000e+14 1.435041780328354980e+12 -5.983779440676951172e+12 -4.135863528975719238e+12 1.485313041532176953e+13 1.912128255147019922e+13 -7.661820232489726562e+11 -1.747771168417805273e+13 -7.669095943411602783e+11 1.268437703105807227e+13 -7.486903467454763672e+12 -8.924418850446068359e+12 1.543624446952798828e+13 -1.780460563371880859e+13 -4.555123630933495117e+12 3.214129998539010742e+12 8.785158872332527344e+12 -9.323292871628154297e+12 2.720724378773235352e+12 -5.221319977145917969e+12 7.918363571310376953e+12 5.589266230427960205e+11 -6.222581776657506836e+12 -5.409437862729074219e+12 1.133761723555187305e+13 1.495976661950798828e+13 -1.257837222703566170e+10 -1.244347571353918945e+13 -2.272952915016384766e+12 1.019196428445036523e+13 -2.000079354448212891e+12 -9.289033839012117188e+12 8.358971426846268555e+12 -8.430205321284415039e+12 -3.681006029476406250e+12 7.354527438533708984e+12 -2.366674175967784424e+11 -3.047756789416579590e+12 5.196438113583790894e+11 -3.314160485399603027e+12 4.824240444190039062e+12 5.569212648711418750e+13 3.104367957875206875e+14 4.829014322162088750e+14 5.515601710673650000e+14 4.829279875347004375e+14 -1.093293326148684688e+14 -6.106648995311077500e+14 -2.956933905314943125e+14 -6.883119964409043750e+13 -2.282299807017069688e+14 -6.623159728861639844e+13 1.847890419211129375e+14 -1.684771260082866406e+13 -4.778465661968662500e+14 4.206018966132121875e+14 -2.807933375992782812e+14 -2.168440117957083125e+14 3.519156306186547500e+14 -2.770267120688826875e+14 -8.165690737265568750e+13 8.918422940942140000e+14 4.371792331996860000e+15 1.582385177744643250e+15 -2.237998135110815750e+15 4.474392831121043125e+14 5.510968903453476250e+14 -3.374067872783093500e+15 1.161434631692004500e+15 -9.244434204137068750e+14 -2.096212885341482500e+14 -1.219773903700363750e+15 1.327569445734752500e+15 -1.692852167852905250e+15 4.838852032797148125e+14 -5.939813933593268750e+14 3.907302038857460625e+14 -4.774340154461643750e+14 2.096422578207854062e+14 1.974197164704185938e+14 1.033469463134980625e+14 5.789643672056885742e+12 2.935872967611471484e+13 4.685011442088317969e+13 5.790110000615226562e+13 4.405157689969051562e+13 -1.959686088418295593e+11 -5.147425687877453906e+13 -3.370801956099282422e+13 -2.456514374206456641e+13 -4.266943771529926758e+12 -4.672185611831732422e+12 -3.268868883200821289e+12 -1.061508835703401367e+13 -2.102511423708442188e+13 -6.551576757444166016e+12 -2.351765015567877344e+13 6.726059483102959961e+12 2.298866059058823828e+13 -2.462827756905259766e+13 -3.553087437274318848e+12 3.785265840863678223e+12 1.684244894252540430e+13 2.751589760672205078e+13 3.551974211956178125e+13 2.476796559866080469e+13 5.016194162155267578e+12 -2.026146237066485547e+13 -2.268861736180750000e+13 -1.625901437891293359e+13 8.694876835098768555e+12 -5.490058818914059570e+12 2.219275354198598938e+11 -8.377200243066238281e+12 -1.322130948580650195e+13 -4.844486627651453857e+11 -1.414817664236035156e+13 5.188423501826810547e+12 1.448857916892143359e+13 -1.200988590067924219e+13 -5.113490604198585938e+12
1.493212664194903711e+13 -6.465077817590964062e+13 -6.159730684894200781e+13 8.872187583007132812e+13 1.765893939477054375e+14 -3.954901437248375781e+13 -1.192841549958605938e+14 2.360194585067102500e+14 1.498149657602456250e+14 -4.325502295651249375e+14 4.711726118941409375e+14 -1.776866740349056562e+14 -3.686748343676901250e+14 5.693048120898528750e+14 -6.833846030666417500e+14 3.974086029123881875e+14 -5.469225979282370312e+13 -1.678598622076825938e+14 1.987951286028979688e+13 1.440679992594612500e+14 2.409182912217035625e+14 5.891732463909277500e+14 7.229341393730216250e+14 1.340046642524474844e+14 -8.302124646393976250e+14 -9.753982282217515000e+14 -2.074767763880551562e+14 3.651624586820433125e+14 9.841657542929167500e+14 -1.343563563825389000e+15 -1.728559344886778438e+14 2.300088432794173750e+14 -1.105023748835996680e+13 8.134578101323902500e+14 -2.123194894173844750e+15 2.022723119382195500e+15 -8.305578673708968750e+14 4.713147429167619375e+14 2.509751838850847188e+14 -2.582220459343960000e+14 3.929436697483713379e+12 -7.973386567285436523e+12 -6.482404558331700195e+12 2.249879071465587500e+13 2.643331396502062500e+13 -1.915110364027840576e+12 -2.339264373165037891e+13 8.539796756801493164e+12 1.831548500177864453e+13 -2.128655250480599219e+13 -3.103134356539193359e+13 3.610127541608907812e+13 -1.902152328235901562e+13 -1.215975561225498633e+13 2.059994915792275781e+13 -1.627141928932136719e+13 -1.233807395748233398e+13 1.364662167181301367e+13 2.563251383972967285e+12 4.581474617069022461e+12 1.887846522968238037e+12 -8.729613203652856445e+12 -8.606058357314418945e+12 1.607100345704226562e+13 1.976320317428926562e+13 -6.907593836564555664e+11 -1.500884940662505273e+13 3.353392438884093750e+12 1.202151664775440234e+13 -8.285255841521444336e+12 -2.066750516908995312e+13 1.972926560297239062e+13 -6.463314685542612305e+12 -1.370300515021149414e+13 2.378071184065667188e+13 -2.049891990161550000e+13 -1.820046097008453125e+12 4.945285497677855469e+12 3.310302437040933105e+12 1.760105371860864014e+12 7.248752913377889062e+13 4.901093450093563750e+14 8.445608647719511250e+14 9.751622131246395000e+14 7.369798577706886250e+14 -2.431250111072994062e+14 -9.998321485921623750e+14 -4.883871884973794375e+14 4.440613863108854688e+13 -4.484331850953445625e+14 -2.674693632178354004e+12 7.431823930301496875e+13 1.233515546229915234e+13 -7.821759493010657500e+14 6.311214545531156250e+14 -3.375394335679945000e+14 -5.700812907696210000e+14 5.859266470838545000e+14 -3.815695779873876250e+14 -4.142882538576547656e+13 -2.265899976998697500e+14 1.582385177737928750e+15 4.052081486271390000e+15 2.225191985605632000e+15 -2.487269883680109500e+15 -1.775234667740337250e+15 -2.121634513039453000e+15 -2.403059476453089000e+15 4.865691956848192500e+14 5.235314223336123750e+14 -7.655011860173653750e+14 -3.441962190497827500e+14 -1.126815367028305500e+15 9.101696002212341250e+14 4.609686662798758750e+14 -1.053224294122216750e+15 6.530719484029145000e+14 1.550558599794429062e+14 -1.794651590055288438e+14 1.123099996232637750e+15 4.223054962340887207e+12 4.144137990597228906e+13 8.892950095409753125e+13 1.094927854496396875e+14 6.145892648133485156e+13 -1.211140825300302344e+13 -8.170684176723059375e+13 -6.582940528278396094e+13 -2.191974080773937891e+13 -8.010725735244034180e+12 -3.314859252023525391e+12 -3.919825655687627344e+13 -1.260850746566799414e+13 -2.905792123204514062e+13 -6.491087912137695312e+12 -1.474502038717146875e+13 -1.657226622178374609e+13 3.015311007624133203e+13 -3.689953775540664062e+13 1.296269475875476758e+13 2.207334380031074219e+12 2.212777344958478906e+13 5.348905203839146875e+13 6.804874355042224219e+13 3.388524272361023438e+13 -1.349541735557393066e+12 -3.300457102008418750e+13 -4.153348607493199219e+13 -1.208476784181634766e+13 1.197477208117291797e+13 -7.762645396939720703e+12 -1.456268865765618750e+13 -9.676214306410919922e+12 -1.464071846854293945e+13 -2.367852206794716797e+12 -9.130365203751710938e+12 -8.661117824790125977e+12 2.010949919600531641e+13 -1.910174876157592969e+13 4.702524856147625000e+12
1.737074396624219531e+13 -7.375716491328137500e+13 -7.070522034884746875e+13 1.001021354646237656e+14 2.006266408757456250e+14 -4.468828780991566406e+13 -1.334046693141877812e+14 2.742902086776865000e+14 1.699940491703047188e+14 -4.941831061646444375e+14 5.301973182767235000e+14 -2.008114948498504688e+14 -4.150458817691487500e+14 6.418357683074387500e+14 -7.724085448785446250e+14 4.395244770637370625e+14 -5.689654554613754688e+13 -1.872042975149516875e+14 2.529815590575706250e+13 1.616961590911386250e+14 3.652458728030341250e+14 9.775103315851127500e+14 1.253404910909591250e+15 -2.409213035015047500e+14 -8.943619763427860000e+14 -1.808879167227922750e+15 -1.536789668055142250e+15 1.234373164728175500e+15 1.602000185171394000e+15 -8.845982335526280000e+14 -6.435711323710897500e+14 8.356172209945575000e+13 -2.390105245589581250e+14 9.105521157886621250e+14 -1.311630545916580500e+15 2.155993462445932000e+15 -2.109946641807508750e+15 1.396697717391150250e+15 -6.959273661518460156e+13 -1.816066872443472812e+14 4.600232188903265625e+12 -8.982496512687697266e+12 -7.386355562261409180e+12 2.557903913979392969e+13 2.986077135357816406e+13 -2.234386855843905762e+12 -2.636212022228817969e+13 1.044291639850624805e+13 2.075505693443375000e+13 -2.495327751578681250e+13 -3.660470247952328125e+13 4.200606793068585156e+13 -2.102440553655520703e+13 -1.422244800180817969e+13 2.461037826454187891e+13 -2.073685860132785938e+13 -1.389224903772400781e+13 1.623558253790541992e+13 3.706451422803469238e+12 4.647895146530874023e+12 2.225078786225344727e+12 -9.872101807312460938e+12 -9.815468288532804688e+12 1.818781974723426562e+13 2.224975009133777734e+13 -8.361469756827095947e+11 -1.677316371867429688e+13 4.326670478617204590e+12 1.340885624916056641e+13 -9.817180110716214844e+12 -2.399612433328011328e+13 2.296503414741284375e+13 -6.871086678345749023e+12 -1.619390501518010547e+13 2.799276969941221875e+13 -2.482908420864137500e+13 -1.857652576618562744e+12 5.936913976382387695e+12 4.393740973548108398e+12 1.581389925925004883e+12 8.151341843859032812e+13 5.587125163948330625e+14 9.687428268357706250e+14 1.119236895294818250e+15 8.382911718612667500e+14 -2.822752024956912500e+14 -1.142377453799212250e+15 -5.583138537834273750e+14 6.173307712292684375e+13 -5.175983059355607500e+14 4.346750036888741699e+12 6.893906990457958594e+13 1.688784337845737891e+13 -8.936765404929815000e+14 7.170737446090195000e+14 -3.771091498894883750e+14 -6.664089484779758750e+14 6.701435350494616250e+14 -4.309300655078366250e+14 -4.087732056378139844e+13 -4.718484447252162500e+14 -2.237998135123079500e+15 2.225191985609480750e+15 6.427152288334015000e+15 -2.243692325307697500e+15 -2.494815002587765000e+15 -2.480149338073704500e+15 -5.059717940273596000e+15 -2.046738896970148438e+14 1.320466063796099750e+15 8.532809962362260000e+14 -1.568121353256670250e+15 2.885680909052895625e+14 -1.771972808499709062e+14 6.307547216041397500e+14 -6.019032757471218750e+14 1.440192902862957750e+15 -1.012981472695302750e+15 2.349779550426626250e+14 9.614863589742535000e+14 4.457235435867562500e+12 4.688579069978217188e+13 1.024635977673213281e+14 1.261314328773856719e+14 6.947453615644170312e+13 -1.466337256310593555e+13 -9.317576186671301562e+13 -7.595935853804093750e+13 -2.376393203292833984e+13 -9.224517748416972656e+12 -3.484050013265905273e+12 -4.715570102130144531e+13 -1.407212995012420312e+13 -3.282509492545080078e+13 -7.120049690238095703e+12 -1.518418065180689258e+13 -2.086568623206329688e+13 3.392806154242540234e+13 -4.192062533334056250e+13 1.612524296483698633e+13 2.242746731608114746e+12 2.490118664207733203e+13 6.170552099226495312e+13 7.844282416585889062e+13 3.824959856550354688e+13 -2.211246590220720703e+12 -3.769816436204676562e+13 -4.776185419707801562e+13 -1.279028244591123438e+13 1.352373830177684570e+13 -8.783539254229669922e+12 -1.768359108054848047e+13 -1.077299983426861328e+13 -1.623764434128386523e+13 -2.815650284338731934e+12 -9.449784028449978516e+12 -1.109672094636747656e+13 2.272365239833810156e+13 -2.178574516347397656e+13 6.288095549802500000e+12
8.444688025075607422e+12 -6.023049054645600781e+13 -5.034999188572278906e+13 1.008582605767389062e+14 1.781472831743965938e+14 -4.387719059131737500e+13 -1.548350531135115625e+14 1.379510305675429062e+14 1.546192086735262188e+14 -3.914676191616488125e+14 5.586432970860687500e+14 -1.965622392190323750e+14 -4.340782340324715000e+14 6.552196709683707500e+14 -7.545836297396606250e+14 5.961841185845290000e+14 -1.405972195561972656e+14 -2.264676789767744062e+14 -2.416348926974717578e+13 1.776519057328664062e+14 -2.540024748471953125e+14 3.063432356615187500e+14 1.337414607458337750e+15 9.297819697923593750e+14 -7.370592985688545000e+14 -4.375743921698990625e+14 -1.015947198600042625e+15 6.297468468907628750e+14 -1.802580531025631000e+15 9.542120665213400000e+14 -8.117605917272578750e+14 2.082657751597172500e+15 -1.126249881051253250e+15 -7.000388593555400000e+14 2.131479261462579250e+15 -2.445138114843350500e+15 1.984969884047815250e+15 -2.166761194144012000e+15 1.200211929385307500e+15 -1.709070326392393750e+14 1.748455309829595703e+12 -9.286220453626472656e+12 -6.187988523410168945e+12 2.240833063360852734e+13 2.944791478528255078e+13 -9.768973500234757080e+11 -2.709906368914852344e+13 -3.458650085168301758e+12 1.934951058845446875e+13 -8.935596221771292969e+12 -9.308998625331339844e+12 2.027045932659872656e+13 -2.874674459015241016e+13 -5.624246209204821289e+12 1.116821150654717773e+12 2.027128227174067578e+13 -1.448902413885102734e+13 1.844778659183320557e+12 -1.036170593149080859e+13 1.370480183146921094e+13 5.962063490527957764e+11 -9.552898049892666016e+12 -8.063233682675194336e+12 1.736621756523769141e+13 2.325653945610548828e+13 1.403836077650513306e+11 -1.968398734021592578e+13 -5.041525251652704102e+12 1.618683075540870312e+13 -1.770559376490096924e+12 -1.244889623298596875e+13 1.093410623538786328e+13 -1.421447735167816406e+13 -3.625236784755653320e+12 8.096582678021083984e+12 4.421199732094665039e+12 -5.261501469253961914e+12 -2.025425235050869141e+11 -6.976310008344405273e+12 8.594247226456146484e+12 8.683714115805520312e+13 4.636284496932810000e+14 7.017051236757385000e+14 7.989769737216322500e+14 7.272779713506081250e+14 -1.465498739461364375e+14 -9.035335253776262500e+14 -4.364959019006720625e+14 -1.391139628661162812e+14 -3.199511725934444375e+14 -1.230880631532430469e+14 3.275597411569888750e+14 -3.439851193898702344e+13 -7.070630965079643750e+14 6.359655127066551250e+14 -4.444502862593410625e+14 -2.698212288909164062e+14 5.183798229225881250e+14 -4.269681115150930625e+14 -1.427087091985046562e+14 2.902194827380225000e+14 4.474392831110574375e+14 -2.487269883625487000e+15 -2.243692325244669250e+15 9.748066376768684000e+15 -2.951007302115682000e+15 -6.314810590102589000e+15 8.264875326049875000e+14 6.898593030139157500e+14 -4.371688023646443500e+15 1.090058753560508000e+15 -2.692086216756274500e+15 3.925322778152504000e+15 -2.427802797247726500e+15 3.982412290001756250e+14 2.269110494607258750e+14 -1.050774913300754000e+15 1.860236824882715750e+15 -1.927034134603529250e+15 -1.379130103086547852e+13 9.813322817217322266e+12 4.501115976095827344e+13 6.641919230786687500e+13 8.218419440551304688e+13 6.770874336127714844e+13 2.507316881962317871e+12 -7.677078147999464062e+13 -4.734978544146611719e+13 -4.068804223482495312e+13 -6.070261024235326172e+12 -7.941343006717036133e+12 3.193312677724640625e+12 -1.683797883355425195e+13 -3.238164942013678125e+13 -1.069855340269193945e+13 -4.043347106671094531e+13 1.649619742303140430e+13 3.578978406359468750e+13 -3.725206999819300781e+13 -9.712631190910068359e+12 6.547307770173409180e+12 2.621246025030431250e+13 3.871042322469034375e+13 5.020760671977607812e+13 3.822814303257881250e+13 9.690576258289044922e+12 -3.001879577883353516e+13 -3.252933754580394531e+13 -2.750525635571755859e+13 1.340131637323004883e+13 -8.413933760764125000e+12 3.869518218338629395e+12 -1.335321263124321484e+13 -2.122434216081428906e+13 -3.431993133008417969e+11 -2.426307104977331641e+13 1.174695319408549219e+13 2.229418958845469141e+13 -1.790300138543758594e+13 -1.066781307766632812e+13
-5.291753223261449219e+12 1.413571289257865234e+13 1.607683334267306250e+13 -1.264963305430053320e+13 -3.355640986607026953e+13 6.039858169485092773e+12 9.875504609737357422e+12 -8.198374128581545312e+13 -2.717732462310525000e+13 9.884302272525573438e+13 -5.864322636114573438e+13 2.734741525595426562e+13 4.701296610673322656e+13 -7.818866823871717188e+13 1.056962286521386875e+14 -3.115000633280306152e+12 -2.128028265698965625e+13 1.071589249079041992e+13 -2.017302257994830078e+13 -1.539545207613332422e+13 -1.492576848130210000e+14 -7.451075620232888750e+14 -9.993212764523286250e+14 2.472154541712513500e+15 4.863919915669180000e+15 -4.229475790717808750e+14 -4.261225585632293500e+15 -1.463255332039201500e+15 2.124193065092460312e+14 2.942551647958751875e+14 2.346833179114106000e+15 -2.133017476398743000e+15 -6.194097468841512500e+14 5.979161332935043750e+14 1.278268595676624750e+15 -1.592637635840922750e+15 1.552632455296574688e+14 1.497525301968361250e+15 -2.001541235404395750e+15 6.676844725960198750e+14 -1.568215419486989746e+12 1.054448567406377563e+12 1.362188261115707031e+12 -4.382470517686491211e+12 -3.991695563140089355e+12 7.180566261908529053e+11 3.147431504072418945e+12 -6.099526745771270508e+12 -3.156915205998425781e+12 8.694131193422375977e+12 1.405251063256110547e+13 -1.284803015871617578e+13 7.084125035017030334e+10 4.773687892169039062e+12 -1.120589987081517383e+13 1.669460909564903125e+13 1.587366551029187500e+12 -7.013760016712219727e+12 -5.287818822961383789e+12 2.497191720543304688e+12 -8.438313785478287354e+11 1.382140679177705566e+12 1.864787954796818359e+12 -2.626219631562521973e+12 -2.524881869983244629e+12 4.416946877771730957e+11 1.167691823962785156e+12 -3.760890467451567871e+12 -7.792849330406584473e+11 4.017046101775528809e+12 7.042267370797983398e+12 -7.074684773266057617e+12 -1.624663775916270996e+12 6.385401021326564453e+12 -1.041212525113775391e+13 1.320231428538719141e+13 -9.242245448164774170e+11 -2.864630991947974121e+12 -4.453967841632486328e+12 2.193760870527323486e+12 -8.690969753073535156e+12 -1.045549054348625469e+14 -2.162188097820842500e+14 -2.538215510998264688e+14 -1.460526530453278125e+14 8.280352737175885938e+13 2.289695688539718750e+14 1.136437591446655312e+14 -7.662964558701070312e+13 1.343193272917467812e+14 -4.413019368864014062e+13 7.953216444122100000e+13 -1.971237810127812109e+13 1.790421482621125625e+14 -1.201972465920920781e+14 2.560436214841441016e+13 2.215257864929398750e+14 -1.383025626725537969e+14 5.692293053980032812e+13 -2.954481060119115234e+13 1.896222490598039688e+14 5.510968903774605625e+14 -1.775234667747841000e+15 -2.494815002608776000e+15 -2.951007302339073000e+15 1.331903217850773800e+16 6.886400278479291000e+15 -1.292915507962603600e+16 -1.369885817136436750e+15 -2.047631958690952000e+15 -2.801636632334793500e+15 3.576264337923557500e+15 -2.744467253742922000e+15 -8.574595027176658750e+14 -9.561600910290340000e+14 2.036679048427262500e+15 -2.275640492073138000e+15 -8.764536232890350000e+14 2.085188770773079750e+15 -1.282866679108001000e+15 1.256475134682252197e+12 -6.686845520019135742e+12 -2.553616509845611719e+13 -3.129008946063133594e+13 -9.562447973987099609e+12 7.761460283217810547e+12 1.762382272983683984e+13 1.957649643793578125e+13 -2.721961113021270508e+12 2.267932285671729004e+12 -1.074671644560025391e+12 2.329493648308169922e+13 8.689619138591810303e+11 4.384402577616517090e+12 -3.053544370426587524e+11 -6.674681360538063477e+12 1.546457390980440430e+13 -3.738497810542973633e+12 7.001825170230675781e+12 -1.091326035957094922e+13 1.182518401879667725e+12 -2.762681435095624512e+12 -1.581888895329237891e+13 -1.976874640323351953e+13 -4.939613759955397461e+12 4.354347371272213379e+12 7.486730322937058594e+12 1.136684622786558398e+13 -3.381714934512953125e+12 -1.785738758810335938e+12 1.259003604185582520e+12 9.649257178929632812e+12 5.070068769541834106e+11 3.889003986940489502e+11 1.208402952490461182e+12 -3.846082731402837891e+12 9.241122692036978516e+12 -3.077042753191805664e+12 4.136769101728508301e+12 -6.608037248626747070e+12
-1.493526193025151758e+13 8.224882764902506250e+13 7.313685189992553125e+13 -1.263958861981523281e+14 -2.347851206198394688e+14 5.553900171944173438e+13 1.842259012254107812e+14 -2.393923019263842812e+14 -2.017744862182375000e+14 5.417408028536878750e+14 -6.883486603807153750e+14 2.491032317693151875e+14 5.363489635140206250e+14 -8.170215833445912500e+14 9.570157463647772500e+14 -6.734543935299298750e+14 1.361821142316895156e+14 2.656219970616042188e+14 6.421777364343717773e+12 -2.155535105653454688e+14 -3.061436734072291875e+14 -2.103491826562183500e+15 -3.676090303493827500e+15 1.374368335601098250e+15 6.542568050756572000e+15 5.298233545501890000e+15 -3.325803631161786000e+15 -5.793287154627886000e+15 1.722057848747601250e+15 2.619862590903031562e+14 1.549958210801447250e+15 -3.983011983271043000e+15 2.779591982629856000e+15 1.055262667276214250e+15 -1.984093423060652000e+15 2.343048081242915000e+15 -1.255488173223473750e+15 -6.436513067575151250e+14 -4.100210125670281250e+14 4.328506571025781250e+14 -3.578251961218068359e+12 1.152417405003827344e+13 8.357477118148679688e+12 -2.969867849860032031e+13 -3.721099880387696875e+13 1.836631004815383057e+12 3.370219105682310547e+13 -2.383731590306332031e+12 -2.499962141719847656e+13 1.898578186159591406e+13 2.491552914964265234e+13 -3.600023835854967969e+13 3.239095193704548438e+13 1.123170117998771680e+13 -1.277845908258637109e+13 -5.622830849129669922e+12 1.792134273299988281e+13 -9.286128588288035156e+12 6.211597168257365234e+12 -1.283959141944638086e+13 -1.537977731606323975e+12 1.216094411901657031e+13 1.098251099249219922e+13 -2.222422527037180859e+13 -2.874212893017345312e+13 2.963649589717548828e+11 2.333015732132307812e+13 1.800584299887293945e+12 -1.899913731902732031e+13 6.121204851804397461e+12 2.123696699448880469e+13 -1.956732167004543750e+13 1.430979704287675586e+13 1.064164900133315820e+13 -1.980912539559123828e+13 8.605308620741725586e+12 4.964797348193907227e+12 -2.717959472508644043e+12 3.263054083646340332e+12 -7.406139390492793945e+12 -1.065622029726417812e+14 -6.287400276178541250e+14 -1.011216868172866875e+15 -1.159239759983654000e+15 -9.678157701019120000e+14 2.499024030474101562e+14 1.251230945136057000e+15 6.075826131516163750e+14 7.759951223662270312e+13 4.978193524839064375e+14 9.300140602666020312e+13 -2.864722928554807500e+14 1.840202493332743750e+13 9.790121889750162500e+14 -8.385722830899816250e+14 5.259953875320704375e+14 5.311348144619950625e+14 -7.249957605945607500e+14 5.385458049322785625e+14 1.300576128750082500e+14 -3.121943593744006250e+14 -3.374067872705355500e+15 -2.121634513162450000e+15 -2.480149338268723500e+15 -6.314810589928010000e+15 6.886400278026701000e+15 3.001100645786275200e+16 -1.122583219888428600e+16 -7.852813812951606000e+15 2.989181113557280500e+15 -5.092735532763848000e+15 2.873824353280215500e+15 -4.409287372435209000e+15 4.404342467087129688e+13 2.880895435320914000e+15 -1.493068337556207750e+15 1.938534091740924000e+15 -2.210928670095998125e+14 -2.289518972724488500e+15 -6.308398411348477500e+14 -9.740466681233835938e+12 -5.747913904715898438e+13 -1.009293302106624219e+14 -1.245695929244991562e+14 -8.595351222213593750e+13 5.162200157406885742e+12 1.044307883418532344e+14 7.336257359404146875e+13 4.294397807227796875e+13 9.156488368601541016e+12 7.822867523584516602e+12 2.036386145314760156e+13 1.982339484703935938e+13 4.091302287333410938e+13 1.171369982686261328e+13 3.859324556114869531e+13 -2.643577024969563477e+12 -4.408039276584662500e+13 4.907998570612204688e+13 -3.026880042206918945e+11 -6.144745834151244141e+12 -3.230980641854080078e+13 -5.978599629009885156e+13 -7.677312655882354688e+13 -4.805677499679167188e+13 -6.416966305765295898e+12 4.144670537429923438e+13 4.825901954983790625e+13 2.744500657383801562e+13 -1.690248761099663281e+13 1.075385998369488867e+13 5.571964006481719727e+12 1.553350164922241406e+13 2.426105781766785547e+13 1.628422934480732422e+12 2.332252289582142969e+13 -3.703807363523892090e+12 -2.822800170689494922e+13 2.438097619086960156e+13 5.198169287864265625e+12
-8.977932423925615234e+12 4.292344725742328125e+13 3.969156210156777344e+13 -6.202136434210108594e+13 -1.195764767057612969e+14 2.746167572893247266e+13 8.667907540062015625e+13 -1.426723980622306250e+14 -1.020425665921092656e+14 2.852117566526251250e+14 -3.333159703741951250e+14 1.232827861289222969e+14 2.602868803449959062e+14 -3.993510160699081875e+14 4.739076595331149375e+14 -3.025350319088970625e+14 5.165974014194499219e+13 1.234460327731225625e+14 -5.890657936081363281e+12 -1.030871039240027188e+14 -6.687695192034705000e+14 -1.140473533977379750e+15 -2.031845808511745500e+15 -5.000049911570051000e+15 -2.967202870476487500e+15 8.183954537251518000e+15 2.254913650686750800e+16 -1.712571473907720800e+16 -1.129186294076152400e+16 9.403507432776470000e+15 -7.846904237181812500e+14 1.430602466253308000e+15 3.642203481018063500e+15 -5.652980624437620000e+15 1.514544144761678750e+15 -2.868007431494839500e+15 4.523624794804550000e+15 -2.472162014124651500e+15 2.724710440422964062e+14 5.280858960922853125e+14 -2.281453615273783203e+12 5.611859675713731445e+12 4.329324377452048340e+12 -1.518545432787222266e+13 -1.837536902868087891e+13 1.133281591013087402e+12 1.643943639795014844e+13 -3.715520773077900879e+12 -1.255159220285580664e+13 1.226730179942361328e+13 1.724673603675999609e+13 -2.168084313359506250e+13 1.451663979981070898e+13 7.096595703943094727e+12 -1.058231020892320117e+13 4.737036929032329102e+12 8.704282856306449219e+12 -7.199521926389313477e+12 4.810653909953468628e+11 -4.657405249864667969e+12 -1.054350981017121460e+12 6.038975216625752930e+12 5.721605206168490234e+12 -1.107986647788097852e+13 -1.395078079065939648e+13 3.244012865850896606e+11 1.094091871608080078e+13 -8.283703585711799316e+11 -8.835287659716191406e+12 4.482419248718001953e+12 1.255654860468448047e+13 -1.182393372504741992e+13 5.693910976758679688e+12 7.532796252002778320e+12 -1.338176924046155078e+13 9.583183786818306641e+12 1.818896791683726562e+12 -2.459841086020638672e+12 -4.753791045256635742e+11 -2.359261238095530273e+12 -5.143181848442859375e+13 -3.266005988048223125e+14 -5.461554368204510000e+14 -6.286877620705140000e+14 -4.962673805919500000e+14 1.477288059561079375e+14 6.590330031169307500e+14 3.210865411521821250e+14 1.418220249666700439e+12 2.809791556916914375e+14 2.242310973341809375e+13 -9.356941915092996875e+13 -3.327808680253517456e+11 5.156043591793578125e+14 -4.272362738445348750e+14 2.463572289220045625e+14 3.337585681208788125e+14 -3.843070906452065625e+14 2.655739611586242500e+14 4.533085793789677344e+13 -7.259147541572578125e+13 1.161434631651684000e+15 -2.403059476409231500e+15 -5.059717939967208000e+15 8.264875340187681250e+14 -1.292915508087503000e+16 -1.122583220186695000e+16 7.278008983711304000e+16 -2.664486435571644400e+16 -1.247746388794348000e+16 3.701615439588847500e+15 -1.073785985343348250e+15 2.825239495548324500e+15 5.058709595099418000e+15 -4.438640579755347000e+15 3.971828158626465000e+14 -2.248465603193008750e+15 2.471726692216539500e+15 -3.595304679127063750e+14 -2.395118024504900312e+14 -3.810349126873967773e+12 -2.861037620882050781e+13 -5.622977488663211719e+13 -6.930150820028242188e+13 -4.259375570574176562e+13 5.680000949199118164e+12 5.435879317356137500e+13 4.131266742938641406e+13 1.802303605258421484e+13 5.080093089719878906e+12 3.031730226324610352e+12 1.922579615667841797e+13 9.242860475192359375e+12 2.020156762415339453e+13 5.105959079045328125e+12 1.436035830638200586e+13 5.535124159293299805e+12 -2.133751412004704297e+13 2.499092876760170312e+13 -4.875786669622764648e+12 -2.234397239082279785e+12 -1.564961011277301953e+13 -3.360875554166948438e+13 -4.292144168938029688e+13 -2.363756175422275781e+13 -9.783854346558376465e+11 2.178780724040256250e+13 2.651982572081718750e+13 1.080502289372112500e+13 -8.334800159534321289e+12 5.356216470719722656e+12 6.683256693181567383e+12 7.167117637114172852e+12 1.101894561702584961e+13 1.253160557309813477e+12 8.759654404683373047e+12 2.357674096392942383e+12 -1.396069671832550195e+13 1.270054774513938086e+13 -5.456258815978341064e+11
8.780624042092926025e+11 2.045005055937460547e+13 1.227486198934721094e+13 -4.671550891583276562e+13 -6.982580282710489844e+13 1.971562115702082812e+13 8.251596013104129688e+13 9.295472065181851562e+12 -6.280729569478681250e+13 1.250301646379242812e+14 -2.716767529317441875e+14 8.799458526411010938e+13 2.094627290748291562e+14 -3.079982406087406875e+14 3.369969030494129375e+14 -3.572263074885700625e+14 1.091553512125092344e+14 1.249099448526327969e+14 3.744834815970800000e+13 -9.007629729825698438e+13 -2.561803595712356250e+14 -1.652120418243568750e+15 -2.580026914255390500e+15 -3.859423712702191000e+15 -3.871997948569764000e+15 -2.408800006157747500e+15 3.157678429661141000e+15 3.568591993329002400e+16 -2.150664831396922400e+16 -8.926914387415227000e+15 1.049987651987258400e+16 -2.371316446600052000e+15 -4.400999047746852500e+15 1.436279246997492000e+15 1.100814630005810750e+15 -1.878438111694561750e+15 1.940960211203501250e+14 1.315798414139559750e+15 1.013301552885647750e+15 -5.101049355024003125e+14 7.165416453896010742e+11 4.425919875083960938e+12 2.202952557495394043e+12 -8.600249253206636719e+12 -1.330208798723557031e+13 -2.214041083970430298e+11 1.283613394784524609e+13 8.994820478922388672e+12 -8.136148249807891602e+12 -4.431011135526466797e+12 -1.026840668040106641e+13 2.272675950356506836e+12 1.731450332157452344e+13 -1.998492116889245850e+12 1.200437850275144727e+13 -3.115713691978953125e+13 6.971109800000680664e+12 6.820225286311410156e+12 1.225336258610589648e+13 -1.111850424538849609e+13 5.940827139097161865e+11 4.216483636765931641e+12 2.768942549812321777e+12 -7.536571933608891602e+12 -1.121547786254058398e+13 -5.847509329988256836e+11 1.058946766735261523e+13 7.306307670624255859e+12 -8.912844540297509766e+12 -3.474170689425273438e+12 -4.359286958335955811e+11 1.389211261670355225e+12 1.043959015263101953e+13 -5.031842988798767578e+12 6.882717486738626953e+12 -1.761450110754125000e+13 4.229552648001354980e+12 3.364064963276636719e+12 9.261305537462576172e+12 -7.682756135378128906e+12 -4.271080207532631250e+13 -1.622313404575794062e+14 -1.799369885807295625e+14 -1.962463821903880312e+14 -2.748084536078682500e+14 -5.019934198196721680e+12 2.876351275737580000e+14 1.355288095291226094e+14 1.708890520290468438e+14 4.161191046480065625e+13 1.244166636166105469e+14 -2.882020306357210000e+14 4.312034233607379688e+13 2.252467715318171250e+14 -2.488122585186127500e+14 2.399640452535611875e+14 -8.740120522642137500e+13 -1.571738555420792188e+14 1.939466816606261250e+14 1.197848375735113906e+14 -3.328330382833656250e+14 -9.244434207776740000e+14 4.865691958593483125e+14 -2.046738895030648438e+14 6.898593006455183750e+14 -1.369885814376264500e+15 -7.852813808138760000e+15 -2.664486436081165200e+16 9.497269629811700800e+16 -3.449044960639344800e+16 -2.047148452852418750e+15 6.331648056849653000e+15 -1.362624027807204250e+15 -1.774393668152505500e+15 -2.636886763568612500e+15 4.577324747350121250e+14 -2.887154354999159500e+15 2.947692951323511000e+15 -3.761766981466101875e+14 2.814148411459784000e+15 -7.359822465996335938e+12 -1.966968339471019922e+13 -1.129452118092931250e+13 -1.432300664946296680e+13 -3.015007391361175781e+13 -1.029974763392020312e+13 2.651157399774729297e+13 6.499351237173639648e+12 2.770040731348257031e+13 1.106810108779867920e+12 6.021369541594840820e+12 -2.829193045408388281e+13 9.205375378113632812e+12 1.463292376124311719e+13 6.819222010840899414e+12 3.201911430143582031e+13 -2.748097229975508594e+13 -1.742606272430032031e+13 1.461823783436593750e+13 1.822614086501988672e+13 -5.299869517060273438e+12 -1.273501976030419336e+13 -5.523636145561743164e+12 -8.011076861448482422e+12 -1.754237809949037500e+13 -1.079098189153928125e+13 9.692679842141671875e+12 6.821219306524289062e+12 2.047005406610964062e+13 -6.088465468971792969e+12 3.666631469256737305e+12 -1.326017426969209766e+13 7.506320981930320312e+12 1.240278886249914453e+13 -1.159712263821893311e+12 1.903366832517000781e+13 -1.756498378918697461e+13 -1.000835445089359570e+13 6.152100061056029297e+12 1.393249693314951758e+13
-4.667959455744219727e+12 1.275992075120404492e+13 1.437213189582090820e+13 -1.178063571982365430e+13 -3.056166700588251953e+13 5.591927582748971680e+12 9.783937111752703125e+12 -7.237433443220660938e+13 -2.483165837814713281e+13 8.899393154033712500e+13 -5.531689615509184375e+13 2.530300890221627344e+13 4.424012509807839062e+13 -7.306260321838895312e+13 9.775532439607421875e+13 -7.307304963712288086e+12 -1.742555175801828125e+13 1.106735710232017188e+13 -1.736038956361189258e+13 -1.476122632894689453e+13 2.438480104979076875e+14 -9.505957630591382500e+14 -1.443624318105359250e+15 -2.021929463084211500e+15 -2.574276062242612500e+15 -4.444408035965655000e+15 -1.015307959966584800e+16 5.006795258880731000e+15 5.370302111198532800e+16 -4.201136136921924800e+16 -5.490550177611622000e+15 1.477122247430770200e+16 -8.991795545885363000e+15 4.502021793310923000e+15 -2.813501664852158000e+15 7.776784084709991000e+15 -5.424965320717096000e+15 2.359014034652823125e+14 1.215671890888506000e+15 -9.935513916236010000e+14 -1.377537395499958252e+12 9.887887781766882324e+11 1.232570886172414307e+12 -3.984740755981585938e+12 -3.699130310102950195e+12 6.321071770495635986e+11 2.946659731575197266e+12 -5.278763838773038086e+12 -2.895152066428945312e+12 7.631173629914247070e+12 1.229483984247207227e+13 -1.133169773614633594e+13 2.833074032097435913e+11 4.195593751670146973e+12 -9.755644820153470703e+12 1.436484386385174609e+13 1.492449998412125000e+12 -6.114880814476233398e+12 -4.519499806765178711e+12 2.066395163525009277e+12 -7.385729682087816162e+11 1.275875884153834961e+12 1.684200217915915527e+12 -2.418247353782993652e+12 -2.375528977212884766e+12 3.831065159657045288e+11 1.167474691498683105e+12 -3.232383104442887207e+12 -8.026679969199520264e+11 3.507728101970379395e+12 6.221460630076061523e+12 -6.237971317603206055e+12 -1.303530886419360840e+12 5.582057905565778320e+12 -9.119035227386111328e+12 1.144943983200000977e+13 -7.633261470552437744e+11 -2.490128356078825195e+12 -3.820314634611747070e+12 1.841880582906970947e+12 -8.229209871874330078e+12 -9.451869947465110938e+13 -1.934814186918440000e+14 -2.269389206369888438e+14 -1.326472429280159688e+14 7.315373988472089062e+13 2.061287035588144688e+14 1.022150494368014375e+14 -6.558051747654632812e+13 1.193000769029070625e+14 -3.743574117784188281e+13 6.665191306024892969e+13 -1.688079392337015234e+13 1.611860180383370625e+14 -1.094536893877072656e+14 2.569864549707826562e+13 1.947667518519328750e+14 -1.242950742104957031e+14 5.280508544042870312e+13 -2.459785147274317188e+13 1.951103083582871562e+14 -2.096212881632275625e+14 5.235314219638833125e+14 1.320466063028784750e+15 -4.371688022548721500e+15 -2.047631960717964750e+15 2.989181110825148500e+15 -1.247746387907893600e+16 -3.449044960942350400e+16 1.202559564683176320e+17 -4.723829280179846400e+16 7.447428427914980000e+14 2.605746478441280500e+15 -9.058171464501733750e+14 4.651746744244733125e+14 -3.890911503847730000e+15 1.373542866588490200e+16 -8.837859403008960000e+15 2.727414936933570500e+15 -6.633970972259973750e+14 1.017216193496116577e+12 -6.163431741000687500e+12 -2.272390358703096875e+13 -2.785031899777978906e+13 -8.839711879542476562e+12 6.731678565548982422e+12 1.592148313588566797e+13 1.739303782056795312e+13 -2.053801615518682129e+12 2.019489956394846191e+12 -8.735230639208612061e+11 2.023759722163175781e+13 8.856965085324403076e+11 4.063329758372102051e+12 -1.830881876341558228e+11 -5.493894270613587891e+12 1.332405896039249414e+13 -3.527808636932152344e+12 6.377567096109949219e+12 -9.417583877845417969e+12 9.780756144885976562e+11 -2.605167714281000000e+12 -1.405800387509274023e+13 -1.758230597172086133e+13 -4.591356396595107422e+12 3.712731321575200684e+12 6.743559107991990234e+12 1.013788848778948438e+13 -2.729332928040109375e+12 -1.656606759557379150e+12 1.159980737771962402e+12 8.363201857214962891e+12 5.439851972789733276e+11 5.019542705675526733e+11 1.053728929401194336e+12 -3.158249750328825195e+12 7.947450580599544922e+12 -2.848386445913226562e+12 3.736283569477954102e+12 -5.665481286956841797e+12
-7.860631016974674072e+11 1.933916487142090234e+13 1.368853150022133008e+13 -3.879542876380426562e+13 -6.200191263337320312e+13 1.656523280907406641e+13 6.510966849207889062e+13 -1.543635714468975781e+13 -5.494600799394331250e+13 1.216412675348397344e+14 -2.215280824563800000e+14 7.404073829479900000e+13 1.712911272914789688e+14 -2.543525992765019688e+14 2.838210240818709375e+14 -2.710092331075670625e+14 7.671825965460192188e+13 9.740077145428576562e+13 2.279260728326710156e+13 -7.233985134325434375e+13 1.768905224505023125e+14 -7.867132504919727500e+14 -1.622225475011992000e+15 -7.883170787167110000e+14 -2.603117681261556000e+15 -1.735077787886123500e+15 -2.254512314553582000e+15 -4.873492760078358000e+15 -1.058596923661596200e+16 6.911880274356829600e+16 -5.550567951092478400e+16 -1.343587809224948500e+15 2.538534813971446000e+16 -1.518088946613631000e+16 3.361033223647506000e+15 -3.410796928546860500e+15 3.722389061441697500e+15 -7.406204064956106250e+14 -8.309402181498331250e+14 1.125454489663290312e+14 1.121509390740097656e+11 3.636094047362379395e+12 2.039285541939249023e+12 -7.704951374333597656e+12 -1.115367512656624023e+13 2.933035456806122971e+10 1.056994099252591211e+13 5.130950349855841797e+12 -7.018126417889354492e+12 -9.685356607406998291e+11 -3.914737919473357422e+12 -1.802036075083701660e+12 1.311366301907448828e+13 -2.032360202197278137e+11 6.007650124359966797e+12 -1.898801828016326172e+13 5.706951996760488281e+12 3.235866610909564453e+12 7.817688704436913086e+12 -7.724160720431064453e+12 2.180440960719671631e+11 3.567503156229898926e+12 2.605047046833623047e+12 -6.419268135934856445e+12 -9.173703280302765625e+12 -3.211823166534112549e+11 8.328368393290695312e+12 4.494853901125400391e+12 -6.953966034196349609e+12 -1.526576674041253174e+12 1.600129073076173096e+12 -8.880842688901883545e+11 7.449825684568978516e+12 -2.055574707007227783e+12 2.351867126556327148e+12 -9.703277965466693359e+12 2.945371757233758789e+12 1.759105237813337891e+12 5.783419598620450195e+12 -5.208994705955941406e+12 -3.468202979616530859e+13 -1.513402448263197500e+14 -1.953297137490391250e+14 -2.179681726336686875e+14 -2.478493970455517812e+14 1.889438559964503906e+13 2.802715092448199375e+14 1.336368855819618125e+14 1.082374519836222969e+14 6.827710875924743750e+13 8.199815216042389062e+13 -1.961610710796927500e+14 2.720830893758717969e+13 2.194080925704329375e+14 -2.211043313225622812e+14 1.884913656861053125e+14 -5.392935629400056641e+12 -1.567633963102098750e+14 1.622726110865844688e+14 8.249216123568365625e+13 4.174553764855091406e+13 -1.219773903635407000e+15 -7.655011859108890000e+14 8.532809963038222500e+14 1.090058754090359125e+15 -2.801636630684220000e+15 -5.092735533421212000e+15 3.701615429253457000e+15 -2.047148440413107750e+15 -4.723829280374120000e+16 1.333857306699845440e+17 -6.391971804413438400e+16 2.053996912180951000e+15 1.444320071063920200e+16 -3.623035322004563500e+15 1.935534223157848500e+15 -3.608337084598149500e+15 3.832527738332117500e+15 1.647559501785968750e+15 -2.000493230816059750e+15 -5.221618732857297852e+12 -1.670778122027610742e+13 -1.553929392262412695e+13 -1.940636974777000391e+13 -2.542167717707101953e+13 -5.662393959292458984e+12 2.487909702140465234e+13 1.027976627390703320e+13 2.020278523834772656e+13 1.458519459542011475e+12 4.259216364376765137e+12 -1.501247987937746289e+13 7.199770091201668945e+12 1.226774405556287305e+13 5.073423830108463867e+12 2.238567188373567578e+13 -1.654495374245566992e+13 -1.420308379515791797e+13 1.297389384656581250e+13 1.079310908877216016e+13 -3.684027321844906738e+12 -1.038803601174858008e+13 -8.512172203593211914e+12 -1.147570683667829492e+13 -1.462019262151981641e+13 -6.967550258811203125e+12 9.381779005405021484e+12 8.273486291996161133e+12 1.455396748246434570e+13 -5.093807673909373047e+12 3.117930225187039062e+12 -7.383924614459623047e+12 5.815657585721715820e+12 9.486290617871136719e+12 -5.459000878602617798e+11 1.334043583423754297e+13 -1.075132132673838086e+13 -8.412114134671214844e+12 5.786185404370891602e+12 8.725767682840118164e+12
-1.030865239503050000e+13 -5.389896294347526367e+12 9.734935227356556641e+12 4.586785254755777344e+13 4.353277917671032812e+13 -1.815986396242196094e+13 -1.023191341046758438e+14 -1.534863540921672188e+14 4.429280596591332031e+13 -1.173830169430085547e+13 2.922386372777950625e+14 -8.038396183251493750e+13 -2.222425508518969062e+14 3.113121988167627500e+14 -3.062058907690516250e+14 5.106741606607673125e+14 -1.940243654216950625e+14 -1.621194159959688125e+14 -8.855551258435323438e+13 1.038094572956046406e+14 -4.870818615513248125e+14 -6.056886984609105000e+14 -7.298835791115105000e+14 -1.225976470153946750e+15 8.604390248854590000e+14 4.222327262369719375e+14 -3.294872075564246875e+14 -2.814444166950349500e+15 -1.123427509861625750e+15 -2.051096230358851200e+16 8.091158212017521600e+16 -6.768331702136993600e+16 4.046057702916966500e+15 1.667722370860349600e+16 -9.044251686344846000e+15 2.666606245837394000e+15 -9.326100629001560000e+14 2.858719385938740000e+15 -5.301527590784956000e+15 2.759977157366621500e+15 -3.714119625464321289e+12 -4.591622525151917969e+12 -8.549197872641248779e+11 4.935703494611735352e+12 1.239487118214811328e+13 1.546524601114868164e+12 -1.316415063412133594e+13 -2.341289585218155078e+13 6.359048593737892578e+12 2.125327780611548047e+13 3.883925503200943750e+13 -2.523211262788601562e+13 -2.488891410319949609e+13 1.104199918307903125e+13 -3.648368243562741406e+13 7.352570583171676562e+13 -7.357592019417442383e+12 -2.183365871443714844e+13 -2.673299121693327344e+13 2.032628749363761719e+13 -2.299709351635170898e+12 -3.729277821850836914e+12 -8.138298711041593018e+11 6.399620916128144531e+12 1.188674155980608594e+13 1.599224941857069336e+12 -1.330110430320431055e+13 -1.697862823539493945e+13 1.154284354320247266e+13 1.188091507542312891e+13 1.266056003682296094e+13 -1.409290984595741797e+13 -1.785501831830326953e+13 1.817695019476916797e+13 -2.772962953405564844e+13 4.799786970217756250e+13 -7.688308879453729492e+12 -9.753107886004964844e+12 -2.098657648179781250e+13 1.484514305190339062e+13 4.684615206047029688e+13 5.571547782694556250e+13 -1.094741547937537812e+14 -1.501558730925187812e+14 1.474335700665189375e+14 1.487110920545479688e+14 -2.430731319355360547e+13 -1.617824439669990479e+12 -3.777534593570352500e+14 1.693623245879643125e+14 -2.551049289384994375e+14 5.521648680994171875e+14 -9.596140673651484375e+13 -1.948557227198544141e+13 1.540542657039725000e+14 -3.028741940198013750e+14 5.046973308901939375e+14 -9.243688175570890625e+12 -1.829003168012423125e+14 -2.234970999719631875e+14 3.857386449929602500e+14 1.327569445011064250e+15 -3.441962187555370625e+14 -1.568121352388433750e+15 -2.692086218294584000e+15 3.576264335908693000e+15 2.873824356429546500e+15 -1.073785978609991625e+15 6.331648043291430000e+15 7.447428497488966250e+14 -6.391971804423557600e+16 1.373538574068798400e+17 -7.182981308836364000e+16 4.726868322135661000e+15 1.914312135250419000e+15 -3.316084934086958000e+15 -4.085167254694678125e+14 -2.799584210164502500e+15 3.987908414904197000e+15 -4.836282415539081000e+15 1.277743933155317969e+13 1.698820171266098242e+13 -2.731113936322798047e+13 -3.276654016206096484e+13 2.721398150225947656e+13 2.813701541392610156e+13 -8.186440216149400391e+12 2.405613923407204688e+13 -4.466202927958492969e+13 2.275764010758116699e+12 -1.053351586777387500e+13 8.066294112851195312e+13 -1.181219983346557617e+13 -1.364629568214832422e+13 -1.037169607506371289e+13 -5.765292917990416406e+13 6.611429687576492188e+13 1.878430933929884766e+13 -9.153532715291740234e+12 -4.497077612609055469e+13 9.675592879271791016e+12 1.367539392703499023e+13 -1.904608014109327734e+13 -2.220095893946345703e+13 1.690035575748727734e+13 2.302592804933257422e+13 -1.210409934664398438e+12 9.565992658293164062e+12 -3.534523708050308594e+13 5.743763206476954102e+12 -3.145410835889029297e+12 3.563828099712396094e+13 -9.976349269399572266e+12 -1.725082473048716602e+13 3.739558821244967773e+12 -3.406377178843868750e+13 4.115911730969635938e+13 9.199809920671787109e+12 -1.819223419287782959e+12 -3.141385423797405469e+13
5.859698766890671387e+11 6.900456212757404297e+12 3.769057695356894531e+12 -1.672780421736804883e+13 -2.428368554819744531e+13 7.025293494172671875e+12 3.015948283921263672e+13 7.478344297212364258e+12 -2.199046379331016016e+13 4.157904317022048438e+13 -9.801429382748323438e+13 3.133603789322160938e+13 7.548069183824025000e+13 -1.105433827891584531e+14 1.199618777321343281e+14 -1.325123627468876250e+14 4.158277792008922656e+13 4.586231289059404688e+13 1.489812448403367188e+13 -3.269611843443844141e+13 3.233347936823490723e+12 5.385208302486331250e+13 2.729526556650656250e+14 -5.846069710636378750e+14 -1.734650947229426750e+15 -1.023324366426526875e+15 -1.834599450461472750e+15 1.128319950142424250e+15 -4.279439966347326500e+15 -5.516100691205587000e+15 -2.655258661012933600e+16 9.686047231768427200e+16 -6.819861758517535200e+16 9.820435640761472500e+14 1.856079808654516400e+16 -1.064171289985259600e+16 -1.782289393585521000e+15 3.173129880246869000e+15 2.793746034797435000e+15 -2.065137379517380500e+15 3.431216631842733154e+11 1.591897327359428467e+12 7.512273220720128174e+11 -2.978703452332394043e+12 -4.744045071214530273e+12 -1.174900116235939941e+11 4.612458848430440430e+12 3.640013308107241211e+12 -2.866531828926115234e+12 -2.072541917697729736e+12 -4.503562458564542969e+12 1.474985081594319824e+12 6.426711950057822266e+12 -9.766238840828327637e+11 5.008459985159468750e+12 -1.239088907634274219e+13 2.510945792232578125e+12 2.877316672592386719e+12 4.810291738062037109e+12 -4.251784773028309570e+12 2.620688826173009949e+11 1.498024467533429199e+12 9.367392682668187256e+11 -2.669929806670421387e+12 -4.041164498873739258e+12 -2.388533409761211548e+11 3.875333372659171875e+12 2.898081476654425293e+12 -3.271743497159915039e+12 -1.487504482801210449e+12 -5.077394479855815430e+11 8.633590178503666992e+11 3.956801984794353027e+12 -2.182293072625625977e+12 3.067415719313517578e+12 -7.189970978868027344e+12 1.616143718971963623e+12 1.390014668211321289e+12 3.658163360423298340e+12 -2.960928265464658203e+12 -1.543495952970806250e+13 -5.511415252806398438e+13 -5.620578849896994531e+13 -6.041603838027039062e+13 -9.488465147269309375e+13 -5.930776693410273438e+12 9.557610923670245312e+13 4.475113524875787500e+13 6.722740953957441406e+13 8.857236873203017578e+12 4.837261188679738281e+13 -1.109371775051785781e+14 1.698191849538093555e+13 7.485854389677410938e+13 -8.650006429091773438e+13 8.785949918551971875e+13 -4.333787793851328125e+13 -5.157856884663025000e+13 6.923168038988991406e+13 4.593618247579674219e+13 -6.222354187531302500e+14 -1.692852167343409250e+15 -1.126815367528436000e+15 2.885680898232633750e+14 3.925322779170626000e+15 -2.744467251122419000e+15 -4.409287373428123000e+15 2.825239489549038500e+15 -1.362624016016132000e+15 2.605746469161422000e+15 2.053996912084115000e+15 -7.182981308485008000e+16 1.499790089657520960e+17 -6.604320760457227200e+16 7.875316068391112000e+15 6.768091097362026000e+15 9.781374619100282500e+14 -4.931578926882004000e+15 3.208981392545165625e+14 4.275166805296864500e+15 -2.794968160796205566e+12 -6.976460078783359375e+12 -2.940432694929831055e+12 -3.782563989882949219e+12 -1.072740628713955469e+13 -4.206246362509263672e+12 8.980259115696445312e+12 1.452294331214453613e+12 1.042094781896536914e+13 2.996679261479821777e+11 2.288972809495687500e+12 -1.165096600777499414e+13 3.375982566704143066e+12 5.218996669061501953e+12 2.547496334402604980e+12 1.221892787371082031e+13 -1.096524125483441602e+13 -6.288029165858043945e+12 5.085006154506038086e+12 7.304705095806633789e+12 -2.026318796283182373e+12 -4.593807341570250000e+12 -1.274480182305394043e+12 -2.004278990271088623e+12 -6.272236930592377930e+12 -4.221355971849248535e+12 3.231958092462550293e+12 1.975014019129164062e+12 7.768163026170779297e+12 -2.173410108447064697e+12 1.299866630123075684e+12 -5.398387633118460938e+12 2.762769387141003418e+12 4.587001215494815430e+12 -4.900331089845113525e+11 7.257530409044551758e+12 -6.977047375097916016e+12 -3.565750135240090820e+12 2.081585196720538818e+12 5.498718547689631836e+12
-6.070470851463944336e+12 3.899272959135300781e+13 3.337285628989662109e+13 -6.328544776889989844e+13 -1.138263055308693906e+14 2.762945303849030859e+13 9.541417890022273438e+13 -9.835278830353560938e+13 -9.843814228633120312e+13 2.547033798168544688e+14 -3.484490397960992500e+14 1.238280180501949375e+14 2.710162346418182812e+14 -4.104028674007893125e+14 4.754937554421841875e+14 -3.610224487924985000e+14 8.112565091787301562e+13 1.388766866640422500e+14 1.093137627994052344e+13 -1.102157108900082812e+14 -1.883600662563602812e+14 -7.662405517019600000e+14 -1.571624357470164250e+15 -1.527687936907718000e+15 -1.926945337985907500e+14 -4.087022645298076875e+14 1.273553471196856500e+15 -1.948118121354362500e+15 -4.372552483146313500e+15 8.896980615077828000e+15 -7.802575676978474000e+15 -2.534511141192875200e+16 8.456503591269032000e+16 -6.067313652236496000e+16 2.301164946731952000e+15 1.086975104212729200e+16 7.835120283485817500e+14 -9.482114533332068000e+15 7.524170581226478000e+15 -1.973666726482251750e+15 -1.343036755458679443e+12 5.806720326956193359e+12 3.989627597687954102e+12 -1.434714794463303516e+13 -1.853205414477972266e+13 7.215518017893096924e+11 1.695801146652104883e+13 9.790435501240085449e+11 -1.227433421340054492e+13 6.987592150554637695e+12 8.190293834530235352e+12 -1.459802080106054297e+13 1.739327766550468359e+13 4.270767598170923340e+12 -2.718285055735488281e+12 -9.212321785430324219e+12 9.049512137367271484e+12 -2.394103770549010254e+12 5.300644203391856445e+12 -7.830673835841671875e+12 -5.143148822360125122e+11 6.027698711137928711e+12 5.215039533786358398e+12 -1.097847220049463281e+13 -1.452130037415288477e+13 -4.347346258912801743e+09 1.211388239368607812e+13 2.362439410754829590e+12 -9.928682636089464844e+12 1.802873155809603271e+12 8.810576444843183594e+12 -7.900641387770899414e+12 8.297902197492986328e+12 3.356011257854810547e+12 -6.793547864929161133e+12 -2.660320054420809326e+11 3.012613430641709473e+12 -3.998187779280021362e+11 3.405850764511185547e+12 -4.796140018772881836e+12 -5.408650260001269531e+13 -2.993733998279111250e+14 -4.636736935898570000e+14 -5.293402250521066875e+14 -4.663424593411777500e+14 1.037011406922372656e+14 5.880244103726201250e+14 2.846260632023550625e+14 7.013760241800094531e+13 2.179323582231552188e+14 6.637359449610490625e+13 -1.835432470599960000e+14 1.720347839216992969e+13 4.601350939635638750e+14 -4.064207336790581250e+14 2.733840034782464062e+14 2.035230938854446250e+14 -3.386290810935810000e+14 2.685242310351375938e+14 8.089547834981173438e+13 1.083966707579337344e+14 4.838852037896185000e+14 9.101696005719533750e+14 -1.771972806142026250e+14 -2.427802796417503000e+15 -8.574595039020192500e+14 4.404342134033121094e+13 5.058709598883557000e+15 -1.774393670710840250e+15 -9.058171473641692500e+14 1.444320071099704400e+16 4.726868316542983000e+15 -6.604320759597867200e+16 1.361091370250905760e+17 -6.294538284848307200e+16 3.014075328857153000e+15 1.283882832324411250e+15 5.963504445281772000e+15 -7.399345621332071000e+15 4.595798718815262000e+15 -5.704081850247580078e+12 -2.843301030953956641e+13 -4.481296066220153906e+13 -5.539357603664382812e+13 -4.268030962566189844e+13 -1.008667939384958496e+11 4.962898574581846875e+13 3.219698776214617969e+13 2.410383758162514453e+13 4.083580674187998047e+12 4.605421929026254883e+12 2.316435228200050781e+12 1.033871485063417969e+13 2.037739731583800781e+13 6.412700095911245117e+12 2.322926294957934766e+13 -7.154155369949327148e+12 -2.232019879032286719e+13 2.379926927573835156e+13 3.882584893692731934e+12 -3.742924013473784668e+12 -1.635181498119558203e+13 -2.628851643163569531e+13 -3.395987983816147266e+13 -2.401342599653235547e+13 -5.065066349613078125e+12 1.951442174767010547e+13 2.173971935199960547e+13 1.601320225694917188e+13 -8.428048615688269531e+12 5.316630902057358398e+12 -5.802761591805860596e+11 8.165827310669033203e+12 1.290319637287853125e+13 4.278156072574243774e+11 1.396830279419147852e+13 -5.417403916702520508e+12 -1.404013289933958203e+13 1.157841750922657812e+13 5.245015223379635742e+12
2.640518791361512695e+12 -1.147443197752822266e+13 -1.092002576953364453e+13 1.577889767351712500e+13 3.136581220254594531e+13 -7.031750454354817383e+12 -2.124837364684399219e+13 4.174435182731742969e+13 2.661633421931164844e+13 -7.675007417961879688e+13 8.383731570649015625e+13 -3.159137576153826172e+13 -6.559415203157846875e+13 1.012632553803226094e+14 -1.214982664384831094e+14 7.093369896877578125e+13 -9.865788221383398438e+12 -2.991649174412077734e+13 3.452660816784381348e+12 2.564661547306348828e+13 2.693984852342610938e+13 4.319800884102571875e+14 6.191618881942456250e+14 6.865985318780997500e+14 4.181100646766950000e+14 -5.985830948475660000e+14 -3.754893767245336000e+15 -4.116355481616857500e+14 1.951889372552994000e+15 -3.255812462618855500e+15 1.023143703273301875e+14 -2.444972894076717500e+15 -2.461193927223022800e+16 8.043123121590867200e+16 -6.278339194624627200e+16 6.708987162581454000e+15 9.029708715299060000e+15 -1.466544067149337250e+15 -2.163540858432284750e+15 8.205362315906487500e+14 6.940211892983070068e+11 -1.418434662286285645e+12 -1.150781857578116943e+12 3.995725703696104004e+12 4.700016240345260742e+12 -3.384702526433521729e+11 -4.161208292190452148e+12 1.495449497150070801e+12 3.254742504437277832e+12 -3.758700384793477539e+12 -5.472821028058639648e+12 6.383699593711912109e+12 -3.395538362975781738e+12 -2.148045623917869385e+12 3.624123081925424316e+12 -2.825133212292716797e+12 -2.195107803082528076e+12 2.402791373236199219e+12 4.323456233509774170e+11 8.298539842355205078e+11 3.330015670488375854e+11 -1.551876654962785400e+12 -1.527512491431371582e+12 2.856575900405856934e+12 3.516221175213484863e+12 -1.212090227276542358e+11 -2.673919743273096680e+12 5.807030072985856934e+11 2.142454922570909668e+12 -1.459956327018962402e+12 -3.656080116775574219e+12 3.488422448634485352e+12 -1.161644832806633301e+12 -2.415860995454860840e+12 4.195773083737405273e+12 -3.596548557388043945e+12 -3.293447724420264893e+11 8.691835620003981934e+11 5.696998148701936035e+11 3.247105719900233765e+11 1.289953005250538672e+13 8.699867732199221875e+13 1.497446595965450000e+14 1.728809897324086875e+14 1.308737042736699531e+14 -4.300898102268701562e+13 -1.774040192801624688e+14 -8.664780575857534375e+13 7.561594655499391602e+12 -7.941607185416762500e+13 -6.883854598450340576e+11 1.364790886627350586e+13 2.107984546582779053e+12 -1.387848258430261719e+14 1.120985326657538438e+14 -6.013790477516549219e+13 -1.007169961131612812e+14 1.039434982002503125e+14 -6.784888466108734375e+13 -7.537378895474512695e+12 -3.244161247558793125e+14 -5.939813940462362500e+14 4.609686660461629375e+14 6.307547217409633750e+14 3.982412278438120000e+14 -9.561600911293137500e+14 2.880895437487062000e+15 -4.438640580280528000e+15 -2.636886762424956000e+15 4.651746768878577500e+14 -3.623035318840369000e+15 1.914312138285267250e+15 7.875316057486114000e+15 -6.294538283979837600e+16 1.233272929130790080e+17 -5.656380063618864800e+16 4.180976007313996250e+14 5.260538650048811000e+15 2.172692076341369375e+14 -1.778311777830596000e+15 7.599376860051296387e+11 7.366497502105458984e+12 1.575439195535762109e+13 1.939802180395995703e+13 1.092645180139615430e+13 -2.125139309131893066e+12 -1.450275210978378711e+13 -1.165885535443259766e+13 -3.926299587398366699e+12 -1.419302275291311035e+12 -5.969276941532316895e+11 -6.886680568023458008e+12 -2.246819489085534180e+12 -5.166706514637911133e+12 -1.160298133289729980e+12 -2.664294699672023438e+12 -2.884719823281823242e+12 5.365311963446440430e+12 -6.554145998274201172e+12 2.262058027916789062e+12 3.997215534818973389e+11 3.937227682853728516e+12 9.473709507292228516e+12 1.205414931953235547e+13 6.025863539196609375e+12 -2.201246550097382812e+11 -5.856468508674509766e+12 -7.360577576518674805e+12 -2.173628610857039307e+12 2.129299705513437744e+12 -1.379833821739524658e+12 -2.553741914880176758e+12 -1.725054387353826172e+12 -2.611918704841801270e+12 -4.169556690704978638e+11 -1.648402867737847412e+12 -1.502096787298085938e+12 3.575407993605544922e+12 -3.390432179158171387e+12 8.079577858345167236e+11
1.451702813529075012e+11 3.060508757281598047e+13 1.987476814029675000e+13 -6.602110383222434375e+13 -1.015848476157677656e+14 2.800224390612008984e+13 1.141456567518693438e+14 -3.608241320209569824e+12 -9.077838866638543750e+13 1.895782380297366875e+14 -3.809926286533118125e+14 1.250566813105852656e+14 2.941017844755400625e+14 -4.342485365241960000e+14 4.791261353695955625e+14 -4.863019751481548125e+14 1.441905432200045938e+14 1.719510111589439375e+14 4.691715653228441406e+13 -1.255185315879391875e+14 2.354449365175023750e+14 1.702647120626426250e+14 -3.372157115955914062e+13 -3.097308602113077500e+14 -1.001964456539662875e+15 2.130193693855795312e+14 2.012020750375975250e+15 -3.776639943047450500e+15 -1.740080668557353500e+15 1.117206400009740000e+15 -1.416762462602901750e+15 1.069671033471210250e+15 -5.729997133431982500e+14 -2.928541245702632800e+16 7.933749716823291200e+16 -5.460754440772956800e+16 7.197344035349706250e+14 1.007726097282759400e+16 -2.277906945890793000e+15 2.513624254785023438e+14 6.634437498697850342e+11 6.226433629753204102e+12 3.265071998156569824e+12 -1.256134926999492773e+13 -1.887652989329087109e+13 -1.587278548648558655e+11 1.807571853613828906e+13 1.102063685167345117e+13 -1.168749420474872461e+13 -4.301530001558462402e+12 -1.117619502057970898e+13 5.438976539648618164e+11 2.355482378891409766e+13 -1.771167985204020996e+12 1.410052382571622266e+13 -3.905292946501412500e+13 9.792475777070023438e+12 7.882890405302939453e+12 1.561180246224003125e+13 -1.462185533868396875e+13 6.404962233999456787e+11 6.006620668947933594e+12 4.134188410957452148e+12 -1.076714515345466406e+13 -1.574890062099297461e+13 -7.074982944970019531e+11 1.462883256462674805e+13 9.188370910307666016e+12 -1.227232523810853125e+13 -3.927440668600105957e+12 8.028449155004555664e+11 4.868142579095815430e+11 1.387170781159188477e+13 -5.575924569539097656e+12 7.294414971826323242e+12 -2.133242302001945312e+13 5.567348011166651367e+12 4.006109768620326660e+12 1.170904345578100781e+13 -1.001074342274183789e+13 -5.979183337399366406e+13 -2.412888139324613125e+14 -2.874893360845648125e+14 -3.171151458644148750e+14 -4.025720183706855000e+14 9.583695078168378906e+12 4.364424230046600000e+14 2.067852057493186250e+14 2.171552894264475625e+14 8.319297999282056250e+13 1.604117418762383750e+14 -3.760787765536148750e+14 5.472005359820972656e+13 3.417253721741410000e+14 -3.621039439101321250e+14 3.313288723219384375e+14 -7.493187196888553125e+13 -2.411002784589737188e+14 2.749699614989796562e+14 1.570046391235181250e+14 2.497033310970910938e+14 3.907302041022593750e+14 -1.053224294045812875e+15 -6.019032757396535000e+14 2.269110499890404375e+14 2.036679049123486000e+15 -1.493068337155887500e+15 3.971828134093493750e+14 4.577324731271231250e+14 -3.890911502179484000e+15 1.935534218430076000e+15 -3.316084934018319000e+15 6.768091103341130000e+15 3.014075320430720000e+15 -5.656380063181622400e+16 1.139582551947800000e+17 -4.711915271328630400e+16 -3.254901229200704500e+15 2.443917743394469000e+15 1.786643530454228000e+15 -9.757420682066210938e+12 -2.806799244399982422e+13 -2.041641035177193359e+13 -2.567416716397932812e+13 -4.288697152908075000e+13 -1.246547914143069336e+13 3.953755274194105469e+13 1.271590056481437695e+13 3.712206620838752344e+13 1.954244681108927979e+12 7.973681456776984375e+12 -3.384944135201843359e+13 1.268782739590388672e+13 2.076375015621088672e+13 9.210899853750318359e+12 4.221047926632005469e+13 -3.429856801743882422e+13 -2.443330867392587109e+13 2.126246813157756641e+13 2.261762066236194922e+13 -6.971365475172029297e+12 -1.786199449559578516e+13 -1.064469050668732422e+13 -1.480933890476140820e+13 -2.482946963183336328e+13 -1.380853187293392188e+13 1.466177678192183398e+13 1.152664502808126953e+13 2.716093351221531641e+13 -8.631744916933421875e+12 5.234641065433631836e+12 -1.611637693742838477e+13 1.030606343201673047e+13 1.693988991718016406e+13 -1.337279301687776855e+12 2.511600356858462500e+13 -2.205007022366391406e+13 -1.421711720546684570e+13 9.184156651132691406e+12 1.763313049059086328e+13
-1.132803166055570508e+13 1.194745422680690234e+13 2.241157332536155469e+13 1.213600484656830273e+13 -1.126655044516137500e+13 -3.714126125673105469e+12 -4.646501354491357031e+13 -1.720412769899503750e+14 -4.099512315234096680e+12 9.797425532596315625e+13 1.005309076360497188e+14 -1.579321051597655469e+13 -7.389790746101271875e+13 9.047425096211890625e+13 -5.855170925462819531e+13 2.807240664408883750e+14 -1.304076972081961719e+14 -7.883514492372807812e+13 -7.057929585670421875e+13 4.145786884175008594e+13 -5.459702403392382031e+13 -7.188145028520531250e+14 -6.790914652179426250e+14 1.711598555577588125e+14 9.010337111379926250e+14 -1.475699632218905000e+15 -3.580386281257545000e+15 4.572393568157023000e+15 4.582321695722582000e+15 -7.407849475201405000e+15 -2.250591656512373828e+13 2.276011909262409000e+15 -8.225567363637150000e+15 3.176657069668963500e+15 -1.994202074330827200e+16 6.973465587225852800e+16 -5.374254280052912800e+16 6.381987284957109000e+15 6.391142526783746000e+15 -2.755130218877220000e+15 -3.723661069975302734e+12 -1.438859267360771240e+12 9.647125565611290283e+11 -1.888356264572062256e+12 2.673297776869632812e+12 1.619288799259761719e+12 -3.993750353583695801e+12 -1.947013433404888281e+13 1.989838492777413330e+11 2.101220726301679688e+13 3.645805264278621094e+13 -2.761683323743200391e+13 -1.376736627450514453e+13 1.118816623582853516e+13 -3.213836894284123047e+13 5.854271118159950000e+13 -2.413754584175009277e+12 -1.955840622570008203e+13 -2.045846062158466797e+13 1.394488172898543945e+13 -2.171158628858751465e+12 -6.128010871708282471e+11 1.518942510780602295e+12 7.826298963714196777e+11 3.941496705454458496e+12 1.356414111961790771e+12 -6.163012352156487305e+12 -1.341909861113769336e+13 5.595781770708465820e+12 1.085476743755062305e+13 1.448682131157108203e+13 -1.531771231758661523e+13 -1.164796895086325977e+13 1.686034762303827344e+13 -2.643047246483416016e+13 4.065284471708792969e+13 -5.253088611053550781e+12 -8.452961900932838867e+12 -1.638092854561203711e+13 1.057567398664976367e+13 1.686543193011891797e+13 -7.955479268629626562e+13 -2.894846116250093750e+14 -3.518660644011891250e+14 -7.241856512230532812e+13 1.702521889809231875e+14 2.285613262209586875e+14 1.192511203354924062e+14 -2.911093781184756875e+14 2.362031533087969688e+14 -1.885366788378922188e+14 3.911791070267780625e+14 -7.421117566449798438e+13 1.784568029991169688e+14 -4.140054173015797656e+13 -1.413765936876430625e+14 5.149034692415646875e+14 -1.513626073418418750e+14 -4.153988317785453906e+13 -1.555370501915329688e+14 1.015412311418626758e+13 -4.774340154024812500e+14 6.530719482117200000e+14 1.440192902436047000e+15 -1.050774913279784750e+15 -2.275640492380658500e+15 1.938534091613446750e+15 -2.248465601354755750e+15 -2.887154353333695500e+15 1.373542866285923600e+16 -3.608337081409025500e+15 -4.085167269935861875e+14 9.781374624525323750e+14 1.283882834136089750e+15 4.180975992166770625e+14 -4.711915271281722400e+16 1.089723393377733600e+17 -5.117121328529156800e+16 6.613968418540452000e+15 1.883320314722194375e+14 8.434742536759832031e+12 2.378460538843864746e+12 -4.218774994198696875e+13 -5.130522293153285938e+13 5.025391810215358398e+12 2.385460525621678906e+13 1.407995924244325391e+13 3.407652611281701172e+13 -2.771712911359854688e+13 3.663484531325490723e+12 -6.994544318586857422e+12 6.949042431872112500e+13 -5.650776989627604492e+12 -2.954102323317500488e+12 -6.091174988477434570e+12 -3.912122202622310938e+13 5.312030353056835156e+13 6.494553319712866211e+12 2.311897640944588379e+12 -3.654916736294008594e+13 6.631422722534929688e+12 4.684861048844405273e+12 -2.731736333453859375e+13 -3.324800851331873438e+13 4.176880028213691895e+12 1.740981302967853516e+13 7.242229897848620117e+12 1.733793954819965234e+13 -2.323301657169400000e+13 1.306473539081192139e+12 -4.182665631818341675e+11 3.002241466659066797e+13 -5.012427307611283203e+12 -9.183080950058281250e+12 3.357394964658448242e+12 -2.301127271127905078e+13 3.266138684499905469e+13 1.863350828096032715e+12 3.361853977208692383e+12 -2.445759067215782812e+13
6.881017988860268555e+12 -3.873039501136507031e+13 -3.424413365606455078e+13 6.002470631213311719e+13 1.109374309006140781e+14 -2.634832152792396094e+13 -8.796511056221503125e+13 1.104516123057257969e+14 9.543229337349106250e+13 -2.547821553030695625e+14 3.274641083387740625e+14 -1.181629974966537969e+14 -2.550806472527150312e+14 3.881984945073708125e+14 -4.539285952677871250e+14 3.234030839239810625e+14 -6.661805011678067188e+13 -1.270268970155980938e+14 -4.209980023072002930e+12 1.027094895602532500e+14 -1.526887122752374375e+14 2.706874628168284688e+14 4.825437958788178125e+13 -6.310535868913163750e+14 -9.646720278265662500e+14 2.161730549606337500e+15 2.136022169712831250e+15 -2.702806729431231500e+15 -2.797156193108293750e+13 -8.524925622940148750e+14 1.252645277498024750e+15 -7.960088892792355000e+15 1.047872922267703600e+16 -4.840420502765478000e+15 -7.035645030243349000e+15 -1.874395936554657600e+16 6.561827441077808800e+16 -4.831752037561781600e+16 8.379693209257203000e+15 1.923943184050134500e+15 1.631838156407386719e+12 -5.478278531287626953e+12 -3.939611668680665039e+12 1.402512815333541211e+13 1.765637879477914844e+13 -8.424260787325277100e+11 -1.601755147068194531e+13 8.053178852330354004e+11 1.183567297822494922e+13 -8.637529009863824219e+12 -1.118792560844442383e+13 1.658097215765242383e+13 -1.555903350690015820e+13 -5.130435039589521484e+12 5.515065397046617188e+12 3.632211714818743164e+12 -8.522239844694123047e+12 4.070773234652229004e+12 -3.279259651370876953e+12 6.308277116451232422e+12 6.919199734177033691e+11 -5.765963182512973633e+12 -5.172853992036686523e+12 1.053175159780450586e+13 1.366907805300822852e+13 -1.177742696235189209e+11 -1.114442358865892969e+13 -1.074773333044417969e+12 9.085135320293851562e+12 -2.717153565580708008e+12 -9.811241838550906250e+12 9.007212907683693359e+12 -6.966033538748057617e+12 -4.757090733606999023e+12 8.937358336285972656e+12 -3.398695016321270508e+12 -2.436969244540307129e+12 1.146225412531247559e+12 -1.816083014837547363e+12 3.680735560959668457e+12 5.071581934677149219e+13 2.962645607086648750e+14 4.738100132664081250e+14 5.428349755995683750e+14 4.568681632202602500e+14 -1.154557407441382500e+14 -5.884195672536978750e+14 -2.855923554991403750e+14 -4.155598769378389062e+13 -2.317015623855792812e+14 -4.714457324555622656e+13 1.420755156226318750e+14 -9.940489011596158203e+12 -4.604088347050836250e+14 3.962113797808916250e+14 -2.512993947298168438e+14 -2.428476794794115000e+14 3.406316848643954375e+14 -2.555837668420802188e+14 -6.413607683996241406e+13 8.918686238112250000e+13 2.096422577823410312e+14 1.550558601923985938e+14 -1.012981472388202250e+15 1.860236824571954250e+15 -8.764536230835417500e+14 -2.210928670335965000e+14 2.471726690884669500e+15 2.947692951919782000e+15 -8.837859401110952000e+15 3.832527736111004000e+15 -2.799584209562710500e+15 -4.931578927343620000e+15 5.963504446412560000e+15 5.260538648557177000e+15 -3.254901229232661500e+15 -5.117121328493053600e+16 9.872626628647188800e+16 -4.546009028866685600e+16 7.347957985889117000e+15 4.750070845610577148e+12 2.724444149784843359e+13 4.707038871301882031e+13 5.810816317559993750e+13 4.076531979138344531e+13 -2.047657996804701904e+12 -4.919379600669164844e+13 -3.415750789116774609e+13 -2.078515445070266406e+13 -4.273026671899888184e+12 -3.818582988527739746e+12 -8.485779832492339844e+12 -9.476168252177808594e+12 -1.941321143475880078e+13 -5.645139250591782227e+12 -1.891507733657537891e+13 2.132195450750622314e+12 2.097105144513224219e+13 -2.319131642036635547e+13 -4.628948218806910400e+11 3.018301163637307617e+12 1.536999514955234375e+13 2.784378491688380469e+13 3.578547084375607031e+13 2.281464304875501562e+13 3.325900530311707031e+12 -1.949670032733190625e+13 -2.255354891763212500e+13 -1.337509223449185938e+13 8.021648033743245117e+12 -5.096757973202622070e+12 -2.139310042472570068e+12 -7.435168933701208008e+12 -1.163510731680908008e+13 -7.150544024289259033e+11 -1.142023329073506445e+13 2.294698757658514160e+12 1.339127528770895312e+13 -1.148381142282001758e+13 -2.865926252673762207e+12
-4.983478556327077148e+12 3.977842152862015625e+13 3.248883909299153906e+13 -6.858740830312002344e+13 -1.191354828167478750e+14 2.974185301797764453e+13 1.070055928629865781e+14 -8.220956602106606250e+13 -1.037504350469191406e+14 2.572896493835657188e+14 -3.819472242507833750e+14 1.331863711823703906e+14 2.965221097096466250e+14 -4.462895216832938125e+14 5.111619906122552500e+14 -4.182813315527480625e+14 1.025915880785672812e+14 1.571792601256971875e+14 2.059422864846727344e+13 -1.220450849223273594e+14 1.994390071443181562e+14 -2.609372430791599062e+14 -5.035315339055033750e+14 9.929763013167150000e+14 9.108395490291250000e+14 -2.108668369942953750e+15 -1.280413910039782250e+15 9.846979398810043750e+14 -7.866207260854490000e+14 2.993529901762174000e+15 -3.580259257324710000e+14 2.660731766896982500e+15 -1.132979888970446200e+16 5.652561582039988000e+15 1.044548097008205500e+15 -2.538873735877333500e+15 -1.891781823558054000e+16 5.848197256834421600e+16 -4.474715108909431200e+16 8.469105871015590000e+15 -9.470520078007620850e+11 6.334751106204848633e+12 4.102934494458490234e+12 -1.495652607420862500e+13 -1.997217409764581250e+13 5.575028652330301514e+11 1.847346397099782812e+13 3.523925823723413574e+12 -1.302743348849326758e+13 4.718058486247011719e+12 4.019225683020442871e+12 -1.193608856719033789e+13 2.018288233246372266e+13 3.094947757332087891e+12 1.225453006758049561e+12 -1.723587681881512305e+13 9.894309368113943359e+12 -3.792767857563124847e+10 8.227961515618950195e+12 -1.007603393834375000e+13 -2.674934253843813477e+11 6.463321700040213867e+12 5.330205800822197266e+12 -1.172929376033606445e+13 -1.588562731420890820e+13 -1.778531436628945618e+11 1.361923126854723047e+13 4.216455827128544922e+12 -1.123202620898254102e+13 5.233201446300059204e+11 7.482576953989649414e+12 -6.412568303521043945e+12 1.027758865777049023e+13 1.401473726261829346e+12 -3.820455964591881348e+12 -5.474211859634059570e+12 3.862170559700901855e+12 6.561363034754415283e+11 5.700031052926215820e+12 -6.431263530773794922e+12 -5.944716984744011719e+13 -3.069605771811872500e+14 -4.541880075296081250e+14 -5.157798734921886875e+14 -4.847398795298278750e+14 8.810350132491343750e+13 5.936923154224800000e+14 2.862687004526990000e+14 1.114778412856196250e+14 2.006833000064465938e+14 9.438950110354853125e+13 -2.443882031996234688e+14 2.770206221541171875e+13 4.646207347995249375e+14 -4.252275151491703125e+14 3.076490073866571875e+14 1.498226079396428125e+14 -3.393718356144748750e+14 2.897494000798370000e+14 1.055574347023671719e+14 -4.842205009026788125e+14 1.974197163644191250e+14 -1.794651591277450625e+14 2.349779550587236562e+14 -1.927034134365776250e+15 2.085188770346023500e+15 -2.289518972630219500e+15 -3.595304667636336875e+14 -3.761766997472063750e+14 2.727414936934399500e+15 1.647559502591408750e+15 3.987908415636183000e+15 3.208981376005395625e+14 -7.399345621730459000e+15 2.172692094293404688e+14 2.443917742839624000e+15 6.613968418547984000e+15 -4.546009028852522400e+16 8.559049011234300800e+16 -3.726854675611906400e+16 -7.119580935224308594e+12 -3.042245266739108203e+13 -4.208124321040293750e+13 -5.212459534005692969e+13 -4.585248346829313281e+13 -3.153689381059685059e+12 5.077287148754362500e+13 2.975333629324457031e+13 2.907301825251286719e+13 3.857758376598261719e+12 5.771840929455716797e+12 -6.421943012668273438e+12 1.167339453012132227e+13 2.196278362022396875e+13 7.570878875847365234e+12 2.960319121451585547e+13 -1.436311054790850977e+13 -2.447297560489963281e+13 2.491492276355389062e+13 8.781027626162374023e+12 -4.811825737843697266e+12 -1.791960914689914844e+13 -2.435790557341039062e+13 -3.172657130641070703e+13 -2.597055704733095703e+13 -7.589027925762333984e+12 1.974631625484747656e+13 2.081406293608348828e+13 1.992999406292348047e+13 -9.094572872543802734e+12 5.685245314143594727e+12 -4.449305590009826172e+12 9.290151785467904297e+12 1.484107983737413281e+13 2.435215275897949982e+10 1.773554251888805078e+13 -9.910269708735447266e+12 -1.511049924350129102e+13 1.183544817061693945e+13 8.679826518418809570e+12
3.041157949534770996e+12 5.065072796312245117e+12 -5.940464130146391602e+11 -2.097284379323718359e+13 -2.433577540818419922e+13 8.515603264109562500e+12 4.301385666004845312e+13 4.462331102882120312e+13 -2.332871996791834375e+13 2.502292808618611328e+13 -1.291116084495271250e+14 3.781988140207746094e+13 9.868384594099139062e+13 -1.407698020654794375e+14 1.443797896082232812e+14 -2.051890666143133438e+14 7.334071880315231250e+13 6.713942031956837500e+13 3.132320136919698438e+13 -4.474565626499128906e+13 -3.878201192218101562e+13 -7.864157409524079688e+13 -8.216968224409089844e+12 -6.347906935633060000e+14 -1.802849587969691562e+14 4.574197061481335156e+13 4.391407615283692500e+14 1.627296759179172250e+15 -8.463723990615180000e+14 -2.832493174941554000e+15 -1.567741426974040000e+15 1.837002168395242500e+15 3.778448692084534000e+15 -4.104733259390936500e+15 2.013608491954343125e+14 -1.422914586742387250e+15 4.630464953116606875e+14 -2.056380237321689600e+16 3.940957598195548000e+16 -1.563678025407650600e+16 1.165266596955950439e+12 2.055942163488739990e+12 6.224878922810272217e+11 -2.877972840528391113e+12 -5.785375412169421875e+12 -4.718282416552990112e+11 5.919935416412493164e+12 8.123942895572132812e+12 -3.196126164025534668e+12 -6.725489700394150391e+12 -1.266785770990826758e+13 7.465196735351831055e+12 9.983727783536099609e+12 -3.441408294021937988e+12 1.230957809066861914e+13 -2.601819687254743359e+13 3.273404690106328613e+12 7.303428230497842773e+12 9.620675270912105469e+12 -7.628220406958077148e+12 7.476562637986129150e+11 1.777903599598197998e+12 7.093594885163756104e+11 -3.103270454604612305e+12 -5.280282240241939453e+12 -5.497561101330393066e+11 5.567773789967208008e+12 6.027525633009664062e+12 -4.783658591954849609e+12 -3.932989162277018066e+12 -3.623317432019296387e+12 4.190375016299551758e+12 6.817746232054374023e+12 -5.967932614177863281e+12 8.966366413840941406e+12 -1.651109838002357031e+13 2.889511846803839844e+12 3.317630565338671875e+12 7.490401803786006836e+12 -5.495150747603731445e+12 -2.055083528320385156e+13 -4.381213564933477344e+13 -6.030861498030239258e+11 7.961056610512722656e+12 -8.908102615129220312e+13 -4.254205002446205469e+13 5.681019840434510938e+13 2.401209005271121875e+13 1.355534251752292188e+14 -4.022266148702742969e+13 9.310858922308728125e+13 -2.048165458226500000e+14 3.438432183254309375e+13 4.461424516124517969e+13 -8.641728727290757812e+13 1.265791558759945312e+14 -1.566110348044652188e+14 -2.473118085345659375e+13 8.496286672291256250e+13 8.344680513242706250e+13 -4.729115167574075195e+12 1.033469464002457344e+14 1.123099996298486000e+15 9.614863589623053750e+14 -1.379130115038366602e+13 -1.282866678729338000e+15 -6.308398411504317500e+14 -2.395118034752040000e+14 2.814148412525813000e+15 -6.633970975671075000e+14 -2.000493231162216250e+15 -4.836282415755946000e+15 4.275166806062756000e+15 4.595798718649150000e+15 -1.778311778469391000e+15 1.786643530855274750e+15 1.883320314840552812e+14 7.347957985654046000e+15 -3.726854675597954400e+16 4.774271050303863200e+16 -4.859636802684880859e+12 -8.179314306665000000e+12 5.689380521153149414e+12 6.691568363503587891e+12 -1.286640973352833789e+13 -9.674494712967466797e+12 6.902341156928630859e+12 -5.610851849080858398e+12 1.732960016010010352e+13 -4.452829286415151367e+11 3.998218153218821777e+12 -2.752002478446226172e+13 4.909984011064673828e+12 6.367366781759014648e+12 4.091565039914335449e+12 2.172041783535255078e+13 -2.330246817080290625e+13 -8.292585381005657227e+12 5.105923129227314453e+12 1.576921491503182422e+13 -3.632408382694234863e+12 -6.045609921200269531e+12 4.376622335116959473e+12 4.828243912851497070e+12 -7.784913102491494141e+12 -8.327737694135021484e+12 2.024025894512318359e+12 -1.494707291595652344e+12 1.346215708397241992e+13 -2.667774661170629395e+12 1.518722913006504150e+12 -1.229098694445707617e+13 4.100226515579105957e+12 6.989708853238031250e+12 -1.249430958107645020e+12 1.285340025500302148e+13 -1.458624480304942383e+13 -4.317561297389805664e+12 1.579164492284676514e+12 1.122415322340991797e+13
-2.060851102562218628e+11 -2.232467659400448242e+12 -1.198134077079063721e+12 5.466830332330349609e+12 7.897539446577401367e+12 -2.294094207673208496e+12 -9.889334006251882812e+12 -2.666868273829841309e+12 7.159898148434124023e+12 -1.341708731039142969e+13 3.207150560809626172e+13 -1.023168233451625977e+13 -2.469350932504194141e+13 3.614053048215612500e+13 -3.916676347876682031e+13 4.355339963012281250e+13 -1.372378778584851172e+13 -1.504925401105588086e+13 -4.948819703256423828e+12 1.070917627864590625e+13 -1.693077141838502808e+11 -7.290737926794799805e+11 -1.407296137526043701e+11 1.865667476907782959e+12 2.837394880442125977e+12 -8.336450385773140869e+11 -3.601628118215763184e+12 -1.315825182934976807e+12 3.202342854725284180e+12 -1.926100032782900635e+12 7.750013809386378906e+12 -2.771839862084580078e+12 -7.289990117295648438e+12 5.670932227662807617e+12 -8.072772220207359375e+12 1.334204459043146680e+13 -4.307606005205101074e+12 -3.627587566741675781e+12 -2.330118480226093750e+12 3.269990407560250488e+12 -1.000045085925966992e+13 -1.794883827744759033e+12 3.364216196260859375e+13 2.999950057314265234e+13 1.610687425132159570e+13 -3.307262043590011719e+13 -5.738994351704497656e+13 1.491056124481034375e+13 4.839881817429221875e+13 1.544835618030458203e+13 2.069746745317006348e+12 -9.594885035529035938e+13 1.051176375559915938e+14 -7.825279119140945312e+13 3.483296726771534375e+13 1.323039414450923047e+13 -6.958553601139786133e+12 -4.442368480447545312e+13 4.804345987512817383e+12 1.362467784182551367e+13 -8.829677398589991760e+10 -4.889367811133807373e+11 -3.031958772090523071e+11 8.710181868404140625e+11 1.322047270320580811e+12 7.964271019056390381e+10 -1.270983753094048584e+12 -9.622631677130241699e+11 1.073552843729297485e+12 4.992076242720212402e+11 1.848198840141203308e+11 -3.018061471213654785e+11 -1.304867073723812012e+12 7.336323586375148926e+11 -1.034842461003722534e+12 2.397161966733081055e+12 -5.336317626504360352e+11 -4.642301910951489258e+11 -1.213888987381555420e+12 9.789365855750859375e+11 5.051895486119214844e+12 1.785201631661971875e+13 1.792691370893494922e+13 1.921534191192264062e+13 3.082040465779597266e+13 2.160215066779464600e+12 -3.083685562396037500e+13 -1.442222317363822266e+13 -2.229480343667605078e+13 -2.570104908700923828e+12 -1.601394778451741016e+13 3.667107893295808594e+13 -5.632668389579291016e+12 -2.415323956535054688e+13 2.812984887615898438e+13 -2.881729334996658203e+13 1.480997019867540820e+13 1.660393117415268164e+13 -2.261405651513715625e+13 -1.517591823361646094e+13 1.980637151797037109e+12 5.789643670834509766e+12 4.223054963311024902e+12 4.457235438642378906e+12 9.813322819488632812e+12 1.256475128515000244e+12 -9.740466689758910156e+12 -3.810349136001435059e+12 -7.359822437043515625e+12 1.017216200755550049e+12 -5.221618764510187500e+12 1.277743934257816992e+13 -2.794968153724512207e+12 -5.704081857250200195e+12 7.599376798560004883e+11 -9.757420675484517578e+12 8.434742543359390625e+12 4.750070834959748047e+12 -7.119580932844790039e+12 -4.859636800868259766e+12 1.270557287893269375e+14 1.979514071629944375e+14 -4.227432113248666406e+13 -1.035608054215123281e+14 8.290962414054457812e+13 3.381318561227088672e+13 -1.101498517660880781e+14 -3.445377396595999609e+13 -5.730813533015734375e+13 7.214109827124460938e+12 3.742723580837740625e+13 -5.610135401953787109e+12 -7.834127504463364062e+13 2.671675779142035156e+13 -4.727553940379276562e+13 -1.422128858279227344e+13 2.139948376218341797e+13 1.531192486513176025e+12 -7.040197056135510938e+13 -2.503043339907198438e+13 6.691270703747735596e+11 1.503115375156551270e+12 3.787377744204997559e+11 6.086029103018215332e+11 2.049336257467862305e+12 1.398776319130695557e+12 -1.043415701055342285e+12 -6.203480085056340332e+11 -2.562260178761920410e+12 7.099336601167546387e+11 -4.241099146773721924e+11 1.799171967340424561e+12 -9.069271305890518799e+11 -1.506914418974374512e+12 1.641639063210175476e+11 -2.395578384392207520e+12 2.317093314209078613e+12 1.164358665585469727e+12 -6.737685164473725586e+11 -1.824420027590382568e+12
1.600629563238877441e+12 -1.274341406535325000e+13 -1.041342947751769336e+13 2.195893352045874609e+13 3.815596023746689062e+13 -9.522796149174716797e+12 -3.424734878116833203e+13 2.639844072070676953e+13 3.322614056868642578e+13 -8.243398621233878125e+13 1.222703460289014531e+14 -4.264418662719542188e+13 -9.492548388893145312e+13 1.428791554032895000e+14 -1.636669134063459062e+14 1.338302045876740312e+14 -3.279863601678908594e+13 -5.030109094009074219e+13 -6.565377454855434570e+12 3.906560552860529688e+13 8.474138790983551025e+11 -3.094104649585880371e+12 -1.268660705146937500e+12 9.285376431334376953e+12 1.372007315006513867e+13 -3.654206264114714844e+12 -1.316888526904843555e+13 2.520927933647249023e+12 1.485158134445697656e+13 -1.862009083384998047e+13 1.635343115086482812e+13 -1.119903462263328613e+12 -2.434405437982982031e+13 2.030257452424258203e+13 -2.720983501014653125e+13 3.311065251171626953e+13 -1.296269017701041602e+13 -6.131159658559245117e+12 -5.415019621978566406e+12 1.032891443717192773e+13 -1.391136124936082275e+12 6.162684106342982031e+13 1.779355537032400625e+14 1.275646139310528750e+14 -1.445906830517750625e+14 -1.390360085753523594e+14 5.756322126592567188e+13 -3.652344561323158594e+13 -2.244929441180784766e+13 -3.141215191698471484e+13 3.607808153698287500e+13 4.367871262659571094e+13 -2.076876877404106250e+14 7.738245926152250000e+13 2.000535571827091797e+13 -5.893106312974141406e+13 2.015717679081168359e+13 6.842479738683926562e+13 -5.519623574893326562e+13 3.696052096229340332e+12 8.657091260889085388e+10 -2.069518593191408203e+12 -1.707550208981030518e+12 3.755790875676205078e+12 5.085465709330583008e+12 5.638589833582949066e+10 -4.358757101401304688e+12 -1.344625849420942627e+12 3.594530807099145996e+12 -1.721367752374999695e+11 -2.402250290808942383e+12 2.059945667020004150e+12 -3.286349423758620605e+12 -4.558694769514067993e+11 1.234522769944374023e+12 1.735982504843822510e+12 -1.234595776530820312e+12 -2.065727280691905823e+11 -1.818475049655200439e+12 2.055074863178528076e+12 1.902993490857409766e+13 9.833258235326200000e+13 1.455678440804126250e+14 1.653178136018159375e+14 1.552605727309023125e+14 -2.828512950600096484e+13 -1.902163242579839688e+14 -9.172298595533789062e+13 -3.557693081478203125e+13 -6.436466618713553125e+13 -3.014767471104371875e+13 7.809739104654781250e+13 -8.840025029948804688e+12 -1.488622023462436562e+14 1.361896820744510000e+14 -9.846040001128859375e+13 -4.819420683114182812e+13 1.087418803764367656e+14 -9.277020043592393750e+13 -3.373786299175505078e+13 6.047220042216958984e+12 2.935872967094767969e+13 4.144137990033832031e+13 4.688579070133178906e+13 4.501115979157587500e+13 -6.686845550228278320e+12 -5.747913906741400000e+13 -2.861037624347591016e+13 -1.966968337383523438e+13 -6.163431596987309570e+12 -1.670778142931533594e+13 1.698820176135265430e+13 -6.976460023990569336e+12 -2.843301038575848828e+13 7.366497514578145508e+12 -2.806799242794731250e+13 2.378460541725606934e+12 2.724444149269455078e+13 -3.042245267859664453e+13 -8.179314308161887695e+12 1.979514071637855312e+14 9.935749134210186250e+14 3.530821919338476250e+14 -5.097116614742622500e+14 1.898017140769623438e+14 6.265002595853919531e+13 -9.819947128167301250e+14 2.863260759448596875e+14 -2.217333699462611875e+14 -1.581742286723539375e+14 -1.667692378995360312e+14 8.691370415396187500e+12 -1.145956315407603125e+14 -1.178848770813456562e+14 -1.961872366775312188e+14 7.568947859537412500e+13 -5.322983196357238281e+13 -5.556679854541670312e+13 1.371342822046873438e+14 -2.820040213846888672e+13 1.538129674785433594e+12 5.736504264152431641e+12 7.811685035768359375e+12 1.017386939043971875e+13 8.314904790165468750e+12 2.422964743207857910e+12 -6.326479298698379883e+12 -6.672641427122364258e+12 -6.372520471280968750e+12 2.911844143448354004e+12 -1.820434013706495605e+12 1.412230296630804199e+12 -2.972921070478689941e+12 -4.748768037899180664e+12 -9.206251210504261017e+09 -5.669875315702040039e+12 3.159910152059256836e+12 4.838114763144907227e+12 -3.791523060335187500e+12 -2.769320299026585449e+12
5.566050376605653320e+12 -2.195538276298000000e+13 -2.155566224475973828e+13 2.848131014407526172e+13 5.873507434333809375e+13 -1.279391966399753906e+13 -3.655032453317287500e+13 8.757271242569712500e+13 4.951426305906635938e+13 -1.479362374521317812e+14 1.491700520295208750e+14 -5.753244119888345312e+13 -1.169952062791584844e+14 1.820289456556396250e+14 -2.213967913294816250e+14 1.144956422680100000e+14 -1.045431852046903711e+13 -5.065753170379157812e+13 1.061697901654133984e+13 4.499158773845846094e+13 3.294328009395732422e+12 -4.251113617671223145e+12 -2.656349381181856445e+12 1.461793406793060156e+13 2.113369739619111328e+13 -5.178872464486045898e+12 -1.521500113975159766e+13 1.448844928933995508e+13 2.212071288132103125e+13 -3.979176587150651562e+13 -2.511331223196952057e+10 1.293887163309858398e+13 -2.447816115606180078e+13 2.277433484820264453e+13 -2.779495808360458203e+13 1.351109680666191211e+13 -1.057586187314057617e+13 4.177185949154882324e+12 -1.354608235360413574e+12 9.364470941816408203e+12 6.454278329757171094e+13 1.774361504042720000e+14 2.202437400742397812e+14 2.829275466559940625e+13 -2.894170440856351250e+14 -2.483436396269905625e+14 2.556139490472447656e+13 7.274917289427440625e+13 1.241113125473444219e+14 -2.846873030645316250e+14 -2.493251465853065918e+12 2.151481181688620312e+14 -2.695887482372831562e+14 1.724543434413920312e+14 -2.313095991962627812e+14 3.045168461566700000e+14 -2.028012644431729375e+14 1.778852858810999688e+14 -3.816773005245403125e+13 4.169714128468165527e+12 7.464063831217452393e+11 -2.835950317079090820e+12 -2.918485775628528320e+12 5.240879599171186523e+12 6.272800035433370117e+12 -3.055813522333344116e+11 -4.580627663630002930e+12 1.878378881198329102e+12 3.630804823229982422e+12 -3.352404929828415527e+12 -7.635060076817580078e+12 7.374462930420320312e+12 -1.452887158099223633e+12 -5.481431190892627930e+12 9.349183251424337891e+12 -9.091520594244826172e+12 -2.951213315438201904e+11 2.115036242185819824e+12 2.035344590155534424e+12 -3.214140598988672638e+10 2.286820848960977734e+13 1.658043725153994062e+14 2.945212112591743750e+14 3.410833164344415000e+14 2.465930888483147812e+14 -8.980650630623054688e+13 -3.420730611221427500e+14 -1.675316311061821562e+14 3.142687341688666016e+13 -1.611475556714120938e+14 1.001416336558821875e+13 1.841969316438567139e+12 8.345330444722847656e+12 -2.675861091213529688e+14 2.099816995374045625e+14 -1.028550796061889062e+14 -2.172639715588078750e+14 2.014699201687349688e+14 -1.231062616345784844e+14 -4.639675565153602539e+12 5.100586450613228516e+12 4.685011441858766406e+13 8.892950093369306250e+13 1.024635977377149688e+14 6.641919230808827344e+13 -2.553616505307461719e+13 -1.009293301253246875e+14 -5.622977490427731250e+13 -1.129452120039302148e+13 -2.272390365603537500e+13 -1.553929397352606641e+13 -2.731113922074544141e+13 -2.940432826875344238e+12 -4.481296072519514062e+13 1.575439203567530859e+13 -2.041641038107718359e+13 -4.218774997678869531e+13 4.707038872855348438e+13 -4.208124319441296094e+13 5.689380487711001953e+12 -4.227432113320517188e+13 3.530821919346036875e+14 8.947807468840946250e+14 5.148607556925356875e+14 -5.233520287885666250e+14 -4.335746410476158125e+14 -5.882351563253545000e+14 -5.811488442228240000e+14 9.137285736158781250e+13 -1.767911470123154688e+13 -1.809841267657576562e+14 -1.670495813338078438e+14 6.381337700876756836e+12 2.594335663775272266e+13 -1.228465791247897031e+14 3.721473699888841406e+13 9.557634565569612500e+13 7.849785459210332031e+12 3.328722905261385156e+13 1.854783061651511562e+14 3.428666068461350098e+11 7.007605664748533203e+12 1.917214556075910156e+13 2.430382493880171484e+13 1.090424382843783203e+13 -1.449858402184800781e+12 -1.127438496423628711e+13 -1.466307504471223828e+13 -2.632503654698922852e+12 3.863272203301106934e+12 -2.529134277028565918e+12 -6.524723378605236328e+12 -2.893091035683764648e+12 -4.285037206545777832e+12 -9.728332127954543457e+11 -1.673549203180614014e+12 -4.736052760190949219e+12 6.506782590613294922e+12 -6.477231774746948242e+12 2.959958256833564453e+12
6.824358974061756836e+12 -2.710484174129136719e+13 -2.655066650131566797e+13 3.531842024602992188e+13 7.262852595623714062e+13 -1.585530350322698828e+13 -4.550000127711263281e+13 1.074053021661031719e+14 6.125726151977116406e+13 -1.825342025145832500e+14 1.851893137016300312e+14 -7.129388430190576562e+13 -1.452172627877563750e+14 2.257994637755291250e+14 -2.743410516817783750e+14 1.432991027834691250e+14 -1.367972856846057031e+13 -6.314352637130109375e+13 1.273883895943893555e+13 5.591874455938239062e+13 4.036180178901521484e+12 -5.266310183147217773e+12 -3.271471557180347656e+12 1.806962346678092578e+13 2.613249498835269141e+13 -6.412292671741492188e+12 -1.890906704834916016e+13 1.771621950556560156e+13 2.736717047481976953e+13 -4.899509678224400781e+13 4.425931539300455322e+11 1.572387984934577930e+13 -3.051260650097691016e+13 2.832083829453232812e+13 -3.463454768138428125e+13 1.741114192628998242e+13 -1.325379914539152734e+13 4.909358574289351562e+12 -1.806250974377471436e+12 1.170242408568262305e+13 8.394698507416275000e+13 2.385253807764026562e+14 3.100721733243178750e+14 6.788054101513074219e+12 -1.762374823152943125e+14 -4.826778251410801875e+14 -3.336367421369449375e+14 1.868450495445357500e+14 3.513300077832159375e+14 -2.421706492013951250e+14 -7.112655227187604688e+13 2.658104977545135547e+13 -1.170707974200398438e+13 1.198226354273071875e+14 -2.123087022582250312e+14 3.230117260887965000e+14 -2.420811747391002812e+14 1.434906212928411250e+14 -5.024479794767940521e+10 1.355030624105351367e+13 9.114396388199490967e+11 -3.513352450285375488e+12 -3.603386525026415527e+12 6.490740989878433594e+12 7.785833088445189453e+12 -3.704895558143001709e+11 -5.704166975880170898e+12 2.248485937018831055e+12 4.525410044948209961e+12 -4.087364620801599121e+12 -9.367085338201337891e+12 9.039839440608314453e+12 -1.864338373047766113e+12 -6.688191354201710938e+12 1.142066792859331641e+13 -1.102095034263987695e+13 -3.951054967757147827e+11 2.569603821264507812e+12 2.425920241664783203e+12 2.032198131428998184e+10 2.839832925968428906e+13 2.047531013161892500e+14 3.628644737580408125e+14 4.201368285516594375e+14 3.047805576966622500e+14 -1.101800902626570156e+14 -4.220625087523080000e+14 -2.066652224090159375e+14 3.724061468050897656e+13 -1.980994359315425938e+14 1.132242536203197461e+13 4.502744997436185547e+12 9.906729297609679688e+12 -3.301596312779278125e+14 2.596453144663383125e+14 -1.281004328938012969e+14 -2.659672004083138750e+14 2.484859311564514062e+14 -1.525966248240915312e+14 -6.626135649240807617e+12 6.386200150995088867e+12 5.790110000990736719e+13 1.094927854290630625e+14 1.261314328362731406e+14 8.218419437956282812e+13 -3.129008935333339453e+13 -1.245695927991435938e+14 -6.930150824203596094e+13 -1.432300656773323633e+13 -2.785031933649520312e+13 -1.940636969231924609e+13 -3.276653993086005078e+13 -3.782564225011164062e+12 -5.539357611974055469e+13 1.939802186884222656e+13 -2.567416714164963672e+13 -5.130522300842432812e+13 5.810816316792213281e+13 -5.212459527930137500e+13 6.691568313368866211e+12 -1.035608054235667500e+14 -5.097116614803046875e+14 5.148607556963234375e+14 1.493658008130873750e+15 -5.390459139377202500e+14 -5.073836718849630000e+14 -5.260538931352063750e+14 -1.318053841497582500e+15 -4.501577831373419531e+13 2.945043255385874609e+13 1.060608056662673750e+14 -2.071990272413828438e+14 -8.318729101555306250e+13 1.477849294224230938e+14 -3.280376756689008984e+13 3.395390540285405078e+13 1.398224141333739688e+14 -2.591736573782250781e+13 -4.047026468204585156e+13 2.370356305540314375e+14 4.620297442927135620e+11 8.699478364595058594e+12 2.357286460405418359e+13 2.989030427372666016e+13 1.351920530865952344e+13 -1.695455225748958740e+12 -1.391241018769116016e+13 -1.804899631984344531e+13 -3.390109958715268066e+12 4.788743548353867188e+12 -3.132520832245360840e+12 -7.904605928233948242e+12 -3.609074713409104004e+12 -5.355497030374777344e+12 -1.184931980289427734e+12 -2.202014627042186035e+12 -5.675888398958124023e+12 8.063607896306559570e+12 -7.997340066336803711e+12 3.524354536529149414e+12
2.306274988161642578e+12 -1.906966668389542188e+13 -1.546850227991455273e+13 3.315629583546042188e+13 5.731967835132323438e+13 -1.436466729241347266e+13 -5.196013194411435156e+13 3.817017512791276562e+13 4.996557253231841406e+13 -1.231696623804535312e+14 1.849171183515879688e+14 -6.431905095148321094e+13 -1.435242016612447188e+14 2.158406920777817812e+14 -2.468356326364590312e+14 2.039449385773035938e+14 -5.053980816340759375e+13 -7.641275406307121875e+13 -1.051927054431535742e+13 5.916589795076327344e+13 1.209992090450872070e+12 -4.664320983801121094e+12 -1.883558818175598145e+12 1.393864829642670703e+13 2.061050206254541406e+13 -5.503654946088892578e+12 -1.994309113335821484e+13 3.451031709791555176e+12 2.233421590664158203e+13 -2.761944236573985547e+13 2.536510952462535156e+13 -2.146843676032927490e+12 -3.698244745928114062e+13 3.076804948031262500e+13 -4.132223225262505469e+13 5.092691988609140625e+13 -1.977023424952083984e+13 -9.641802244965636719e+12 -8.355832711398461914e+12 1.572359830707290820e+13 -7.017296990989584375e+13 1.178952753134017500e+14 4.310494925780180000e+14 1.537624579633232500e+14 -2.193562135521490938e+14 -2.595941534941029062e+14 -1.837616835074110312e+14 1.655853638135681562e+14 -2.473919691658365000e+14 1.018865587047278750e+14 -1.427739901166135312e+14 3.393177881262998750e+14 -8.462901876572320312e+13 -8.749316921517834375e+13 2.320230862433759688e+14 -4.239932675881655625e+14 3.689753498454220625e+14 -4.183162594458245625e+14 2.559376137448810312e+14 -3.013919494331744531e+13 1.106283645749590149e+11 -3.120007099852485352e+12 -2.555976506413269531e+12 5.659249312846416016e+12 7.688898543481488281e+12 9.713485940651411438e+10 -6.615369915991682617e+12 -2.145027742100225830e+12 5.460135459545164062e+12 -1.607915078260689697e+11 -3.484055419907057129e+12 2.961392778474593750e+12 -5.051133294469293945e+12 -5.334225938646049194e+11 1.618602060264854492e+12 2.980515396923822266e+12 -1.905520195301398682e+12 -3.873939907973126831e+11 -2.884944040747853027e+12 3.188457092087736816e+12 2.879119959671616797e+13 1.472625154049310000e+14 2.164474621434633750e+14 2.456048918337750938e+14 2.329991843883093750e+14 -4.102568755492948438e+13 -2.841913468186906250e+14 -1.369562579395922812e+14 -5.617563517076911719e+13 -9.472549754113679688e+13 -4.707652250105565625e+13 1.210713824799283594e+14 -1.397530818240984961e+13 -2.224102622326433750e+14 2.045798031937185625e+14 -1.494548019163626875e+14 -6.786737784739884375e+13 1.622776524905172500e+14 -1.399877581996015781e+14 -5.218074764360000781e+13 9.217719869194238281e+12 4.405157687859571875e+13 6.145892649895116406e+13 6.947453620365491406e+13 6.770874339222651562e+13 -9.562448065662527344e+12 -8.595351230618325000e+13 -4.259375563275275781e+13 -3.015007371945581250e+13 -8.839712050065017578e+12 -2.542167730619689844e+13 2.721398153517566797e+13 -1.072740620576571094e+13 -4.268030981182443750e+13 1.092645182712325586e+13 -4.288697142354197656e+13 5.025391716532895508e+12 4.076531984000071875e+13 -4.585248349135285156e+13 -1.286640972378484766e+13 8.290962414452425000e+13 1.898017140674063125e+14 -5.233520287867860625e+14 -5.390459139144041875e+14 2.216768607904584500e+15 -6.333162191866903750e+14 -1.597265790474082000e+15 8.844305463825489062e+13 1.496305507293146875e+14 -8.424555983663903750e+14 4.416885039928891406e+13 -6.111257580801032500e+14 7.547610615889668750e+14 -5.309651085675578125e+14 3.030106428228659375e+14 -1.368425584230296875e+14 -1.630079690949918438e+14 2.259260032943937188e+14 -4.157235776456205625e+14 3.860332603817450000e+13 2.374791519157575684e+12 8.675388475860921875e+12 1.150867658397139258e+13 1.500988919139445898e+13 1.255107656449309180e+13 3.803966520113202637e+12 -9.455286305610666016e+12 -9.884843729972835938e+12 -9.800444940344976562e+12 4.393918466155373535e+12 -2.743393834274300293e+12 2.397065259480821289e+12 -4.519382553577899414e+12 -7.229643593795132812e+12 1.653743681029067230e+10 -8.741012983106037109e+12 5.051071659920489258e+12 7.297843123612015625e+12 -5.675506404462563477e+12 -4.389002207378404297e+12
-1.574144881300795898e+12 9.258578668688098145e+11 2.632941530304201660e+12 3.258983488936936523e+12 8.632177090178426514e+11 -1.183542408469649658e+12 -9.167834308148660156e+12 -2.376809025216247266e+13 1.598945592138866699e+12 9.058301591493474609e+12 2.303535084181181250e+13 -5.175564739952944336e+12 -1.726802859139059766e+13 2.291245975043521875e+13 -1.955773298244543359e+13 5.053418009991115625e+13 -2.152416600246173828e+13 -1.503620835551622852e+13 -1.090627662667418164e+13 8.745102452629412109e+12 -1.013794066801436279e+12 -3.356663454165061035e+11 3.364664150797463989e+11 4.158152060474391174e+10 3.032243010449204102e+11 -3.142992525339743652e+11 -2.922774550338477051e+12 -5.449649412054942383e+12 7.206300779588765869e+11 5.355993339942239258e+12 1.345089735622079102e+13 -7.636970712919933594e+12 -7.296958651580426758e+12 4.860490579316819336e+12 -7.930021859147881836e+12 2.019374360181819922e+13 -5.161575943695878906e+12 -7.206496078567842773e+12 -3.746409269873200684e+12 3.626211024714323730e+12 -3.575746560063742188e+13 -2.085863900022140938e+14 -2.741056693729183125e+14 6.815741971757268750e+14 1.246399507099549500e+15 4.271723307799561719e+13 -1.229425873766161750e+15 -3.927824057469851250e+14 -7.129920596899148438e+13 2.882233151608280000e+14 6.153636034495970000e+14 -8.839440292370497500e+14 2.474727974858675312e+14 -6.186243187161700781e+13 3.052404892271775000e+14 -3.920182952750383750e+14 2.540368422045004062e+14 -3.783611185864069531e+13 -1.230855374164068438e+14 -5.057024126716067383e+12 -3.163322490311626587e+11 -2.283774153717071228e+11 1.119026596860536652e+11 3.655839017138419800e+11 9.225149670125461426e+11 2.049643428988875732e+11 -1.203795236620240234e+12 -2.079989803585846436e+12 1.068884731023117432e+12 1.598827434617268555e+12 1.989489596989107910e+12 -2.135486844921493164e+12 -1.946231475348985596e+12 2.470884793450402832e+12 -3.838851912947327148e+12 6.146005000363262695e+12 -8.612847759625677490e+11 -1.267685646283420898e+12 -2.550841328331710449e+12 1.705371103193970947e+12 3.766012041005678223e+12 -5.269754505413846680e+12 -3.327434711994514844e+13 -4.121647013950125781e+13 -4.295979053984058228e+11 2.337736238115258984e+13 2.127077616740018750e+13 1.159760039494736328e+13 -4.554818297151890625e+13 3.076429182108923828e+13 -2.997127730018101562e+13 6.321761921899050781e+13 -1.159615128295058398e+13 1.658497592183660156e+13 2.904994078671923340e+12 -2.751303961250390625e+13 7.318253484420231250e+13 -1.523070819719162500e+13 -1.232467530010738867e+13 -2.531439820039058203e+13 2.321313864141275879e+12 -1.959685690301150208e+11 -1.211140824556922070e+13 -1.466337259284734961e+13 2.507316966574199707e+12 7.761460187431204102e+12 5.162199838026393555e+12 5.680000978948190430e+12 -1.029974708141736914e+13 6.731678312101744141e+12 -5.662393693138300781e+12 2.813701497986010547e+13 -4.206245711812315918e+12 -1.008670239375448456e+11 -2.125139183956334961e+12 -1.246547917776599609e+13 2.385460537619827734e+13 -2.047658143175555176e+12 -3.153689357413588379e+12 -9.674494660424712891e+12 3.381318560795496094e+13 6.265002596328763281e+13 -4.335746410252516875e+14 -5.073836718673036875e+14 -6.333162192351697500e+14 3.004669223263982000e+15 1.772658302582145000e+15 -2.696126175251477000e+15 -8.094483279228323750e+14 -7.504345052247667500e+14 -4.626795745335583125e+14 1.048726236528751500e+15 -1.083971478755285000e+15 -1.730503816880849023e+13 -3.060727065102464375e+14 4.248463500733744375e+14 -6.529056247603766250e+14 5.134740714517478906e+13 1.372611146638398281e+14 -1.508063133015537188e+14 1.085918044406483887e+12 1.076036480592356567e+12 -3.533520885283971191e+12 -4.256397253645151367e+12 1.171953504078686279e+12 2.743626292068204102e+12 6.541106054382292480e+11 2.128775437109342773e+12 -3.869830965947642090e+12 3.872339513825446167e+11 -1.829731507435912781e+11 4.547516076004952148e+12 -9.410538881457395020e+11 -1.677718196572395264e+12 4.974449776263463745e+11 -3.790261753957755859e+12 5.055090019408384766e+12 5.977998127989520264e+11 2.468603324932453918e+11 -3.812143730041770996e+12
-4.001699421149392090e+12 2.298567994376896094e+13 2.021758474046964844e+13 -3.589658989416382031e+13 -6.604362914143756250e+13 1.574271678772468750e+13 5.286139931374646875e+13 -6.432110183877494531e+13 -5.686290347158808594e+13 1.510351750552565625e+14 -1.961393446827951562e+14 7.059287842659490625e+13 1.527449124784786562e+14 -2.322612724576174062e+14 2.711669158071293750e+14 -1.953239717108383438e+14 4.088180113226535156e+13 7.643963385802660938e+13 3.139130500789631836e+12 -6.160779116923841406e+13 -2.256526666833160645e+12 5.152428690912098633e+12 2.475095223013885254e+12 -1.620074553881037695e+13 -2.375336902932603125e+13 6.147924431027459961e+12 2.078702457131816406e+13 -8.573549765947851562e+12 -2.541232754148830078e+13 3.664622924022486719e+13 -1.830495925751868750e+13 -3.881019213297039551e+12 3.697899913967628906e+13 -3.177654525223119531e+13 4.150490211396127344e+13 -4.244443076481592188e+13 1.871489113907228125e+13 5.208690677348105469e+12 6.602142625114374023e+12 -1.528442667076511914e+13 -9.617753149059978125e+13 -7.086709919140061250e+14 -1.165795775762776000e+15 5.285443377738134375e+14 2.017138259931462250e+15 1.425150904067384250e+15 -1.029755023299291375e+15 -1.572745232780535750e+15 5.430452433445011875e+14 5.086852405365678906e+13 3.846705314321052500e+14 -9.572109866049362500e+14 8.165572479242721250e+14 -4.236970700283539062e+13 -2.301046597326129375e+14 4.596628307416249375e+14 -2.715882839157930000e+14 -3.590971863831108750e+14 2.157972140819591250e+14 -9.963714548453803125e+13 -3.931923527589788208e+11 3.443292010999505371e+12 3.070664822229361816e+12 -6.286303837745496094e+12 -8.185019172865360352e+12 5.813185632094354248e+10 6.699548224319361328e+12 7.604035237053054199e+11 -5.466685569838809570e+12 1.523304181335681152e+12 5.720628096682481445e+12 -5.233838749582620117e+12 4.257155998564617188e+12 2.686048475906259766e+12 -5.093150585985499023e+12 1.664088625410308594e+12 1.499807492150312012e+12 -6.080771118034948730e+11 1.228791401831755127e+12 -2.288812069005650391e+12 -3.038851770610575391e+13 -1.759323111366317812e+14 -2.799189889139474062e+14 -3.205176671020115000e+14 -2.717523292453099062e+14 6.732064920039814062e+13 3.487954165460830000e+14 1.692154570774409688e+14 2.737130157156814453e+13 1.360419267670149688e+14 2.978923166686669922e+13 -8.819574729103490625e+13 6.588186694282630859e+12 2.729183419055211250e+14 -2.358634759918020312e+14 1.510918038739868750e+14 1.402037049182180156e+14 -2.017452744275131562e+14 1.527564981836291875e+14 3.962593326804135938e+13 -8.796895522426781250e+12 -5.147425685104773438e+13 -8.170684174363871875e+13 -9.317576187567771875e+13 -7.677078142075287500e+13 1.762382254583639844e+13 1.044307879397873125e+14 5.435879332006864844e+13 2.651157471676639844e+13 1.592148263969964453e+13 2.487909816158887891e+13 -8.186441399943376953e+12 8.980260190102535156e+12 4.962898569412700000e+13 -1.450275196899930859e+13 3.953755247634862500e+13 1.407995959330126172e+13 -4.919379622812271094e+13 5.077287148741895312e+13 6.902341285012636719e+12 -1.101498517742657344e+14 -9.819947128110903750e+14 -5.882351563175707500e+14 -5.260538931649205625e+14 -1.597265790587452250e+15 1.772658302670926250e+15 7.691571605997861000e+15 -2.250600269529028000e+15 -2.195811510080079500e+15 5.913843371794417500e+14 -1.025610183979417125e+15 9.226514951506283750e+14 -1.161752503339575250e+15 2.846036783847463125e+14 4.430475453012660000e+14 -3.582883840870230000e+14 3.507278147007386250e+14 -5.856266435106803125e+13 -5.605033827560991250e+14 -1.825162378810760625e+14 -1.858697707720376465e+12 -9.205779401608300781e+12 -1.635779373870760156e+13 -2.103999634211152344e+13 -1.363996229500660352e+13 -2.138156979636506592e+12 1.155994092198684375e+13 1.329254477762477148e+13 8.181667117695860352e+12 -4.794377655496523438e+12 3.042560888208108887e+12 1.007947188618026123e+12 4.477731646154552734e+12 7.019022220308583008e+12 3.964138634866896973e+11 7.014149687942143555e+12 -1.659252086182773438e+12 -8.000864091180261719e+12 6.817012007509546875e+12 1.926719101805231934e+12
-4.248546369641197754e+12 1.592773559755612109e+13 1.590881686244185352e+13 -1.996075857610144141e+13 -4.208472806288450781e+13 9.010543315596134766e+12 2.483191881838935156e+13 -6.668693498409616406e+13 -3.534086162011023438e+13 1.077650901002595156e+14 -1.036057736451131094e+14 4.054219892145082031e+13 8.138438784065560938e+13 -1.272450123916240000e+14 1.560712218151179375e+14 -7.435704277924734375e+13 4.130523237008726074e+12 3.404988138891979297e+13 -9.346630061754234375e+12 -3.096621444371387500e+13 -2.527460712855171875e+12 3.003044670691883301e+12 1.962364796689578857e+12 -1.050125213018472266e+13 -1.514383034953947266e+13 3.673304307051285645e+12 1.047741842963957422e+13 -1.127158546358666406e+13 -1.578769974864006641e+13 2.944561158253063672e+13 2.132996798460651855e+12 -1.050163071778383984e+13 1.644827754006116992e+13 -1.560661170690457227e+13 1.873294146159201562e+13 -6.537014388990663086e+12 6.790655820925098633e+12 -4.135789382298135742e+12 3.846674427130524902e+11 -6.161285722310453125e+12 -1.726220480619524688e+14 -3.427997461332850000e+14 -6.021620470484538750e+14 -1.310174296045299250e+15 -6.652283846000380000e+14 1.902614098755277750e+15 5.346034868212655000e+15 -3.475115724312333500e+15 -2.843630228898597000e+15 2.506294449586480000e+15 -9.772610489445523750e+14 1.063089494963961750e+15 1.186851820010941875e+14 -4.708676570557788125e+14 -4.997298201603708125e+14 -8.991331799171178125e+13 4.776623333858812500e+14 2.496275080731348438e+14 -3.311610722179846250e+14 1.302418581879537812e+14 -5.862765758354737549e+11 2.002653865791362061e+12 2.115486359269349609e+12 -3.709812628843340820e+12 -4.364018380311187012e+12 2.518880186993786011e+11 3.103409006834308105e+12 -1.677276915087760010e+12 -2.441862596704339355e+12 2.661196698999589355e+12 5.801114491361488281e+12 -5.636746745518211914e+12 7.383630547501790771e+11 4.328717245635864746e+12 -7.324059907594202148e+12 7.501608465981886719e+12 7.671809101709571838e+10 -1.719672332706694336e+12 -1.864143681513165039e+12 2.912468851309564209e+11 -1.584617835081083398e+13 -1.200135275806391875e+14 -2.169421662541045625e+14 -2.516611169913726250e+14 -1.773257363791977812e+14 6.823121882601801562e+13 2.492364321198100312e+14 1.222500774344952031e+14 -2.975227793971456250e+13 1.206746901242316250e+14 -1.191096800108420508e+13 8.615900315814433594e+12 -7.822163924837833008e+12 1.949563002386625938e+14 -1.504841092253907812e+14 6.960918634953557812e+13 1.676823870043239688e+14 -1.472171527241239375e+14 8.655445335768525000e+13 -6.451603666896320801e+11 -3.301457815683908203e+12 -3.370801960824717969e+13 -6.582940523323039062e+13 -7.595935836943190625e+13 -4.734978549339495312e+13 1.957649631163290625e+13 7.336257376606204688e+13 4.131266715905585938e+13 6.499349533722008789e+12 1.739304040122765820e+13 1.027976531897830078e+13 2.405613906325673047e+13 1.452294397033708740e+12 3.219698823227615625e+13 -1.165885596136555273e+13 1.271590070745790430e+13 3.407652625086907031e+13 -3.415750775105961328e+13 2.975333606169264844e+13 -5.610851786052723633e+12 -3.445377395831263281e+13 2.863260759180885000e+14 -5.811488443225951250e+14 -1.318053841544885500e+15 8.844305484192460938e+13 -2.696126175069486500e+15 -2.250600269352245750e+15 1.586691805650293200e+16 -4.777604863307038000e+15 -2.209397669632362750e+15 1.040192890270187875e+15 -1.141568471471663250e+15 1.057927074962990750e+15 6.994566130017477500e+14 -3.243248233402013125e+14 -8.834382117995965000e+14 2.984588283052036328e+13 6.934563754697947656e+13 4.044945791670090000e+14 -4.603782430320189844e+13 -7.571880965525762939e+10 -4.868078122244185547e+12 -1.433707894838313672e+13 -1.813953842530693359e+13 -7.654011901273039062e+12 1.473591462697508057e+12 8.207199182547303711e+12 1.087495599995075586e+13 1.283850303349413818e+12 -2.716145099022164551e+12 1.789246842037206543e+12 5.405181460775262695e+12 1.931671375327156982e+12 2.816413033685309082e+12 7.775156083154948730e+11 6.070361623974284668e+11 4.199244273238541992e+12 -4.583267523217707031e+12 4.694834965596518555e+12 -2.727102530182410645e+12
3.457747338037355347e+11 9.756526438038718750e+12 5.950358055900860352e+12 -2.204398752307412891e+13 -3.313084855695738672e+13 9.312050620407156250e+12 3.878281649236417188e+13 3.338546625765530762e+12 -2.976343434905546484e+13 5.980469158282138281e+13 -1.280130520897620312e+14 4.156628369513971094e+13 9.872035447178103125e+13 -1.452727381155481250e+14 1.592002619798809688e+14 -1.674061875599783750e+14 5.087756849220621875e+13 5.865564077390239844e+13 1.729515494104632031e+13 -4.239341513375485938e+13 3.774945978936867065e+11 2.972942143169529785e+12 7.080092358258143311e+11 -7.880908958018883789e+12 -1.190541988854729883e+13 3.422593271815226074e+12 1.426354869763890820e+13 3.746039331131622559e+12 -1.331018545097456445e+13 9.941268003246689453e+12 -2.829799783142518359e+13 9.176043004872994141e+12 2.840886719130341797e+13 -2.237222553546656250e+13 3.150964869236901953e+13 -4.970698772901559375e+13 1.650246412948821680e+13 1.294117811401901367e+13 8.607618686810201172e+12 -1.262499531230009180e+13 -1.081405226527724688e+14 -4.284174982758359375e+14 -6.520940241875618750e+14 -1.083788630420040500e+15 -9.644563862481985000e+14 -7.854655664352842500e+14 8.324018038666177500e+14 8.576399428969625000e+15 -4.557908483420715000e+15 -2.344584383205165000e+15 1.938220940105075750e+15 -7.739839518393353125e+13 -1.061196121969278875e+15 3.266636138586891250e+14 3.864962100881610625e+14 1.295896171083193438e+14 -6.099522736860071250e+14 5.105687933789855000e+14 1.735389844715469375e+14 -1.698584361507014062e+14 2.678763914389028625e+11 1.992642908545863770e+12 1.320425857251342773e+12 -3.563595537731318848e+12 -5.285978310518442383e+12 -2.684904377263648682e+11 4.975852837369713867e+12 3.376515766969501465e+12 -4.185506290768646484e+12 -1.577910347294243896e+12 -1.169157057801654205e+11 5.631469005375062256e+11 4.871008868706932617e+12 -2.278340886182182129e+12 3.095582948614595215e+12 -8.089038416139879883e+12 1.970168456678658691e+12 1.540611069240467041e+12 4.283876946839147949e+12 -3.572321030364953125e+12 -2.011861541474679688e+13 -7.730500339859632812e+13 -8.698502178131706250e+13 -9.509254807091421875e+13 -1.305641490278324062e+14 -1.325221428309562500e+12 1.376018190232298125e+14 6.490705635733973438e+13 7.911471799805851562e+13 2.116149189165185547e+13 5.774445727894823438e+13 -1.340421625904893438e+14 1.995829786282533984e+13 1.077525764720183281e+14 -1.180638218939321250e+14 1.127453621189131094e+14 -3.820238734965437500e+13 -7.535392560939379688e+13 9.157365330294506250e+13 5.575521779453254688e+13 -7.605211223366662109e+12 -2.456514373789650000e+13 -2.191974071126804297e+13 -2.376393189840972656e+13 -4.068804266307191406e+13 -2.721961019420300781e+12 4.294397828567782812e+13 1.802303744888600781e+13 2.770040509630304688e+13 -2.053801350762698975e+12 2.020278526314470703e+13 -4.466202763443071094e+13 1.042094517607211328e+13 2.410383912789139062e+13 -3.926299728891888672e+12 3.712206617470913281e+13 -2.771712984574929688e+13 -2.078515359434268359e+13 2.907301800826958203e+13 1.732960006420175586e+13 -5.730813530794955469e+13 -2.217333698304010312e+14 9.137285741480629688e+13 -4.501577833404573438e+13 1.496305508829308125e+14 -8.094483279749657500e+14 -2.195811510392714250e+15 -4.777604863363447000e+15 2.072230921382773600e+16 -5.906084071809147000e+15 -5.370894344260853750e+14 1.023067923165040250e+15 1.623163642322971875e+14 -2.713645047419878125e+14 -4.129131127220983750e+14 1.746204185538826562e+14 7.226454263881661250e+14 -1.920602785693499062e+14 4.056858904399299375e+14 3.329663152279460000e+14 -2.468430682715117188e+12 -6.000863481168844727e+12 -2.784078225672893066e+12 -3.998469375152892578e+12 -8.280198771324898438e+12 -5.001795465885577148e+12 4.634044525398648438e+12 3.336819167256100098e+12 9.548691724916675781e+12 -2.874708099370008301e+12 1.733495906770101318e+12 -6.093001409849448242e+12 3.523143202339419922e+12 5.815772399599122070e+12 -5.283634730180459595e+11 8.869958161075720703e+12 -8.114955255621017578e+12 -4.727265415718160156e+12 2.933674080736839355e+12 6.445712855544452148e+12
-4.952233889872393799e+11 1.993320432670693848e+12 1.944010316347103271e+12 -2.619491994974217285e+12 -5.357762380428838867e+12 1.174568720231774414e+12 3.399275433764307617e+12 -7.799080438293165039e+12 -4.523218904179812500e+12 1.340976286206282812e+13 -1.376456375550750000e+13 5.280765898715541016e+12 1.078961419588619922e+13 -1.675734551717823438e+13 2.031873881473650391e+13 -1.081312886485754883e+13 1.115033052683439941e+12 4.728866357520154297e+12 -8.849226238297990723e+11 -4.165143433419405273e+12 -2.924832030520385132e+11 3.898460104138768921e+11 2.394740826404598083e+11 -1.332126801938028320e+12 -1.927742231274532471e+12 4.742106845310326538e+11 1.408288465066017090e+12 -1.278860463113468018e+12 -2.020815576559741211e+12 3.584895896930637695e+12 -9.929367594622479248e+10 -1.121157992771258545e+12 2.285264229537788574e+12 -2.111633224029494873e+12 2.592236634937290039e+12 -1.383481720781578613e+12 1.002528959452676514e+12 -3.261492951536463623e+11 1.517100812999700012e+11 -8.805653769155716553e+11 2.706966789174332812e+13 -3.494005989672926875e+14 -5.034917024709295625e+14 -7.403332462661252500e+14 -7.922164313329816250e+14 -7.612126722010676250e+14 -1.800024784290948250e+15 1.018457210484143375e+15 1.213560245671895400e+16 -9.165745731472014000e+15 -1.413977877000798000e+15 3.219000927972689500e+15 -2.157343138253161000e+15 1.175575072088839250e+15 1.314380194832715625e+14 8.785219708381376250e+14 -8.557098109281327500e+14 1.744041267119119062e+14 -4.201416302967077500e+14 2.524548758339639688e+14 -6.561465696487039185e+10 2.601023421542369080e+11 2.650520050510862732e+11 -4.802469055802180786e+11 -5.784687448072128906e+11 2.629303068541418076e+10 4.264223079443148193e+11 -1.554269717373457947e+11 -3.388672208028394775e+11 2.933565383884785156e+11 6.805891754487847900e+11 -6.557443918951313477e+11 1.470680181868229065e+11 4.807421373496522217e+11 -8.227940555745594482e+11 7.818942567451597900e+11 3.339277869891452026e+10 -1.831231805100995789e+11 -1.661712559281222839e+11 -9.951286059862716675e+09 -2.111920770986555176e+12 -1.506631812905372070e+13 -2.658196022531691016e+13 -3.076416164423932422e+13 -2.246337526903303125e+13 8.005538434751780273e+12 3.100496864367019141e+13 1.517590247105853125e+13 -2.519246547718934570e+12 1.444951039562189648e+13 -6.860295495756357422e+11 -6.452592719913911133e+11 -6.727409134560330811e+11 2.425399655334799609e+13 -1.915296574025363281e+13 9.578713041339603516e+12 1.924180173449837891e+13 -1.824050622489644531e+13 1.130905251652912305e+13 6.138968940609409180e+11 -4.822360560647244263e+11 -4.266943751129613281e+12 -8.010725891942743164e+12 -9.224517994666582031e+12 -6.070260845110367188e+12 2.267932838961677246e+12 9.156488898019982422e+12 5.080091823490145508e+12 1.106810996303949707e+12 2.019489107112148438e+12 1.458518753968223877e+12 2.275764356440125977e+12 2.996683062065123901e+11 4.083580275115836426e+12 -1.419302866529626221e+12 1.954245131950257324e+12 3.663484944956972656e+12 -4.273027417888854492e+12 3.857758731542024902e+12 -4.452829828402967529e+11 7.214109813573453125e+12 -1.581742285934417500e+14 -1.767911469401679688e+13 2.945043240713705469e+13 -8.424555984937183750e+14 -7.504345058004791250e+14 5.913843366024608750e+14 -2.209397666907338250e+15 -5.906084072127443000e+15 2.579654528569198400e+16 -9.319834651282486000e+15 3.530178784275028750e+14 6.451548927648418750e+14 -3.434236894728373125e+14 4.216196562342506250e+14 2.198182959514855625e+14 1.999445182635927750e+15 -1.357629688270814250e+15 7.525319884753955000e+14 -6.293600113719777500e+14 -3.943915786791463470e+10 -6.465763438713756104e+11 -1.720051056993834717e+12 -2.182128796913812744e+12 -1.002315989063464600e+12 1.113737970501195831e+11 1.022249282605645142e+12 1.319846059956842285e+12 2.690673541739485474e+11 -3.548985081626923828e+11 2.318067541087484741e+11 5.601099200584714355e+11 2.706917976600026245e+11 4.030717130576113892e+11 8.487676760530952454e+10 1.810991028344969482e+11 3.933147372577363892e+11 -5.973349193471666260e+11 5.882634116807768555e+11 -2.408852618073014832e+11
1.786086327556975098e+11 1.794965130085314209e+12 9.467161762426929932e+11 -4.438468639523090820e+12 -6.382029727040578125e+12 1.861123551925981934e+12 8.054513231407124023e+12 2.337717177824973633e+12 -5.792264732268772461e+12 1.076051565687821875e+13 -2.606902754892564453e+13 8.299811290638570312e+12 2.006826652063105078e+13 -2.935281981476923828e+13 3.176965460695942188e+13 -3.555174909360782031e+13 1.124601794242419336e+13 1.226552985865601172e+13 4.079793596253207520e+12 -8.713049090013496094e+12 1.445604354129522400e+11 5.911585473208327637e+11 1.109870758040535278e+11 -1.506389113709767334e+12 -2.292853733851875000e+12 6.754073858447200928e+11 2.930158116232952637e+12 1.104606268662489258e+12 -2.590717157348255371e+12 1.513190841070987061e+12 -6.360866184798315430e+12 2.296991344925847168e+12 5.941630603557813477e+12 -4.615687084208387695e+12 6.578460198876801758e+12 -1.092750237068211328e+13 3.517482475980750000e+12 2.984444696785286621e+12 1.910139614106424805e+12 -2.667920234345045898e+12 4.346169644618427344e+13 -2.855798198623953750e+14 -5.638899878400028750e+14 -1.087433779000861875e+14 -3.619081634386541875e+14 -3.273486115137718750e+14 -4.917342532402137500e+14 -8.034121943261173750e+14 -2.530879947773168000e+15 1.468330315753634000e+16 -1.154498954298780000e+16 6.507307533404006836e+12 5.119145613844691000e+15 -3.578871382540348000e+15 6.025300026768245000e+14 -3.330183456230498750e+14 2.888472628377790000e+14 2.638613048740192812e+14 3.426337250177407812e+13 -1.428505686164619688e+14 7.373868250880677795e+10 3.964729375556711426e+11 2.438859704984508057e+11 -7.059773679953387451e+11 -1.074405053974168457e+12 -6.588618954375034332e+10 1.035373294210786499e+12 7.929702110583022461e+11 -8.749469242330058594e+11 -4.154214014570355835e+11 -1.646755793089366455e+11 2.602478892445627441e+11 1.068498846410328735e+12 -6.114499199038122559e+11 8.652440613663161621e+11 -1.982928751414880127e+12 4.374763066352786255e+11 3.846131369577377319e+11 9.997596366614069824e+11 -8.035164160191115723e+11 -4.107456615057228027e+12 -1.437010837719455273e+13 -1.421271722216928125e+13 -1.519102206539816211e+13 -2.487653901427313672e+13 -1.925694443736472168e+12 2.472769578176270312e+13 1.155216502330321484e+13 1.835186743237817969e+13 1.835414992267468994e+12 1.316047452056107617e+13 -3.009463841020802734e+13 4.637190820500981445e+12 1.936877936562596875e+13 -2.273052525683673047e+13 2.347689257004278125e+13 -1.252470025162894141e+13 -1.328509631110865234e+13 1.835115087503569531e+13 1.244773712820788477e+13 -1.616934228796447754e+12 -4.672185687553783203e+12 -3.314859181587372559e+12 -3.484049930007013672e+12 -7.941343424375653320e+12 -1.074671622188094482e+12 7.822867934359822266e+12 3.031729991940725098e+12 6.021369943019777344e+12 -8.735228743255074463e+11 4.259217877706274902e+12 -1.053351675467784961e+13 2.288971656482065918e+12 4.605423082576852539e+12 -5.969269347869410400e+11 7.973680436551144531e+12 -6.994544013225000000e+12 -3.818583055504606445e+12 5.771841192744911133e+12 3.998218136770967773e+12 3.742723581982307812e+13 -1.667692380505061250e+14 -1.809841269601430312e+14 1.060608055784173906e+14 4.416885048862169531e+13 -4.626795740784696875e+14 -1.025610183091262250e+15 1.040192888727742625e+15 -5.370894344353125625e+14 -9.319834651024344000e+15 2.751095082741270000e+16 -1.274956997609784800e+16 5.094118708946979375e+14 3.307376862731516000e+15 -1.531836261476758000e+15 -9.555803624325765625e+13 -1.205778910898937812e+14 1.635257069659780625e+14 4.890768162621370625e+14 1.421979032073345000e+14 -5.486027276580126343e+11 -1.221765655492548828e+12 -2.782495033346580811e+11 -4.581857627560778198e+11 -1.663450124242346924e+12 -1.150511423666278564e+12 8.372104796695681152e+11 4.842210505230163574e+11 2.098498054849990967e+12 -5.761115792144260254e+11 3.437905277071666260e+11 -1.487766388129279053e+12 7.394421481608198242e+11 1.229513731468798096e+12 -1.363926238688422089e+11 1.963324580880072998e+12 -1.909806347810574463e+12 -9.445831497996033936e+11 5.419817432071759033e+11 1.502424913185508301e+12
-4.747023678856485352e+12 3.875887679424720215e+12 8.650416013602671875e+12 7.506895979828074219e+12 -9.815805431049007568e+11 -2.584053810797905762e+12 -2.364544258328246094e+13 -7.188036275960776562e+13 1.621110365089895996e+12 3.404097482916058203e+13 5.608590943306464844e+13 -1.120792762355384375e+13 -4.174369592230357812e+13 5.383416891236953906e+13 -4.212177954037003906e+13 1.353824537011357031e+14 -5.988664820645174219e+13 -3.931991262649387500e+13 -3.126780451545983984e+13 2.196763029588289062e+13 -3.040371750196885742e+12 -6.967451384732364502e+11 1.099745219969598145e+12 -7.312252201461613770e+11 -3.739098538842637939e+11 -5.828679358582746582e+11 -7.331659118072015625e+12 -1.615669432350176172e+13 7.419365820711088867e+11 1.736149701369966992e+13 3.780489366456922656e+13 -2.221420810508635547e+13 -1.908777826284694922e+13 1.233899314546394336e+13 -2.067456147299181250e+13 5.597017686820040625e+13 -1.389291084235787305e+13 -2.049603828814208203e+13 -1.045060658468059766e+13 9.648083836583992188e+12 -1.109066853343696250e+14 -1.148719596364094375e+14 -1.147772170914399688e+14 -2.165564262169602812e+14 1.649322712191799375e+14 -1.256877626345836523e+13 -6.007635565981473750e+14 -7.315819075099050000e+14 2.973921463381664375e+14 -4.702449215392314000e+15 1.737110365337664400e+16 -1.438741558880005400e+16 1.432753099661706250e+15 2.807486878514689000e+15 -7.987354827172826250e+14 -1.412935747409147812e+14 1.022306843569905625e+14 2.211783580294006250e+14 -8.832107136793923750e+14 3.907747171678540625e+14 -9.323487458005714111e+11 -4.773161799759929199e+11 4.838216448742213135e+11 7.234056726524445801e+11 2.228778668637588379e+12 5.937755319187923584e+11 -3.117486744232792480e+12 -5.954738304335588867e+12 2.793426636485963867e+12 4.687962598026512695e+12 6.034380550296511719e+12 -6.429582895101726562e+12 -5.385545358531723633e+12 7.262380378464536133e+12 -1.133141623978234180e+13 1.780066843200100391e+13 -2.403499288309748047e+12 -3.685509474597108398e+12 -7.287164931874645508e+12 4.794770707643147461e+12 9.257544331435593750e+12 -2.442999814899216016e+13 -1.106040250374854375e+14 -1.356265725505461094e+14 -1.551396976190628125e+13 7.091184190918703125e+13 7.962707990621776562e+13 4.231447692818216406e+13 -1.298353955872947969e+14 9.581162200602646875e+13 -8.481457545187168750e+13 1.775647830143290312e+14 -3.307487351676633984e+13 6.213623028671075781e+13 -4.018087801008454590e+12 -7.135742201696851562e+13 2.182828348723963438e+14 -5.449424298167339844e+13 -2.749595342225644922e+13 -7.087635071576164062e+13 6.228078145964742188e+12 -3.268868892621020996e+12 -3.919825656933553125e+13 -4.715570095737503125e+13 3.193312710938875488e+12 2.329493670910614453e+13 2.036386152609814062e+13 1.922579567081532812e+13 -2.829193080864069141e+13 2.023759733542152734e+13 -1.501248086724681836e+13 8.066294229672853125e+13 -1.165096593870163086e+13 2.316435218632921875e+12 -6.886681546638774414e+12 -3.384944076918871094e+13 6.949042417844506250e+13 -8.485779749281039062e+12 -6.421943212835784180e+12 -2.752002480932861719e+13 -5.610135435882409180e+12 8.691370379900528320e+12 -1.670495810452940312e+14 -2.071990268538824375e+14 -6.111257582649567500e+14 1.048726236024279000e+15 9.226514946516047500e+14 -1.141568471328593000e+15 1.023067923919647125e+15 3.530178785121763125e+14 -1.274956997742169800e+16 2.888013087790168000e+16 -1.486037247049339000e+16 1.504174203212575250e+15 4.471745565510448125e+14 4.894133358220093125e+14 -2.761023207371546250e+14 -2.899916781616473750e+14 6.619127849693033750e+14 -1.039101858742025375e+15 3.032055480025056641e+12 2.617615267758142578e+12 -1.104318925882807227e+13 -1.337254109149623438e+13 2.661116573814367676e+12 7.795015345482987305e+12 2.492469242556506348e+12 6.833578810605366211e+12 -1.072333871530793945e+13 8.641763423460302734e+11 -3.675109380819243164e+11 1.315923642581670703e+13 -2.476963518422324219e+12 -4.466582371029500000e+12 1.454498145117182861e+12 -1.055534890449802344e+13 1.448198585809148633e+13 1.302598383497816406e+12 1.069584499255171997e+12 -1.088566956407847852e+13
-2.649446992787391357e+11 4.438824325169427734e+12 3.250650218543525879e+12 -8.623077243988161133e+12 -1.402022306120776953e+13 3.693404441907921875e+12 1.426850691179083984e+13 -4.809862993079112305e+12 -1.237882106419076172e+13 2.809766997276930859e+13 -4.899567282402009375e+13 1.651450944680136523e+13 3.791459448625633594e+13 -5.645004322187288281e+13 6.332072485887525000e+13 -5.870982188693203906e+13 1.622268100171142773e+13 2.127226749442302344e+13 4.571498318156262695e+12 -1.593223307975242969e+13 -1.040617584833887329e+11 1.190232956246972656e+12 3.928735660796845093e+11 -3.378051471325689941e+12 -5.039934829162645508e+12 1.389209047264557861e+12 5.365651372814877930e+12 1.788854715363561401e+11 -5.534331865899794922e+12 5.682363405608690430e+12 -8.634332584340633789e+12 1.939160063857640625e+12 1.029906963800832617e+13 -8.343397718499207031e+12 1.146613048783108594e+13 -1.606889645406372266e+13 5.740150301216382812e+12 3.671370193615940430e+12 2.717041153588304199e+12 -4.476192187589487305e+12 -7.228094257904795898e+12 5.260529497301678125e+13 9.229120311279739062e+13 -3.348489043109829375e+14 -5.540264921041446875e+14 -2.895158780619337500e+14 1.602944682230210938e+14 -8.739761650708968750e+13 -1.037718925585161625e+15 -7.833289066418177500e+14 -5.580411956116402000e+15 1.987838899027852400e+16 -1.395713019540893000e+16 6.228352060876128750e+14 2.817300612156180000e+15 -1.955474222161464750e+15 4.128888726558439375e+14 7.372545623848503750e+14 -1.024497966421615469e+14 -6.742850831698303906e+13 3.207088117147235107e+10 7.968732318545992432e+11 5.972189362436883545e+11 -1.436366806340500732e+12 -2.030687993944123291e+12 -6.159868939284277344e+10 1.823415095771187256e+12 9.054250058652250977e+11 -1.518996799311051514e+12 -2.584158463721641846e+11 4.724972796753792114e+11 -3.189721542683845215e+11 1.583240439401149658e+12 -3.304689648680360718e+11 3.224434546871046143e+11 -1.863500302651577637e+12 6.209007671096774902e+11 3.293908797662070312e+11 1.171887202944689697e+12 -1.088064410550106567e+12 -7.661890851109172852e+12 -3.462771039196924609e+13 -4.614907964365811719e+13 -5.172244927890386719e+13 -5.625856147066228125e+13 5.572963074418055664e+12 6.476134041762880469e+13 3.095905793409074609e+13 2.205255208680329297e+13 1.718384323160705859e+13 1.695597321592224219e+13 -4.102969372933245312e+13 5.535440220201465820e+12 5.069417348976142188e+13 -5.000689979855378125e+13 4.125361033402506250e+13 2.802153881359890137e+12 -3.640612684942556250e+13 3.614029847526104688e+13 1.732423130311218164e+13 -2.660452277605827637e+12 -1.061508832749670312e+13 -1.260850752871839648e+13 -1.407213011178635156e+13 -1.683797847153378125e+13 8.689613770438797607e+11 1.982339425961662891e+13 9.242861652610019531e+12 9.205376282472800781e+12 8.856956495966715088e+11 7.199770330505697266e+12 -1.181220093641502148e+13 3.375984131336120605e+12 1.033871327066031641e+13 -2.246818055271780762e+12 1.268782690844036133e+13 -5.650777068012571289e+12 -9.476168027205246094e+12 1.167339449595197852e+13 4.909984089053089844e+12 -7.834127502445609375e+13 -1.145956314839741094e+14 6.381337528303349609e+12 -8.318729127341640625e+13 7.547610618061378750e+14 -1.083971478628704500e+15 -1.161752503454604250e+15 1.057927075231189125e+15 1.623163644423625312e+14 6.451548921101562500e+14 5.094118720473316250e+14 -1.486037247083930600e+16 3.117650205034878800e+16 -1.317181225575882400e+16 1.911218153659134250e+15 8.859379444014612500e+14 -5.513163567842535000e+14 3.901521605176733750e+14 4.082448094744345000e+14 5.271360271776171250e+14 -7.761382871764210205e+11 -2.297764598722076660e+12 -2.125718764195780273e+12 -2.837885219852647461e+12 -3.252728640205059082e+12 -1.429951294711032959e+12 2.164628520141958496e+12 1.994288015999136719e+12 3.089292667821033691e+12 -1.134439715412707764e+12 6.973672669216726074e+11 -1.425192007683617920e+12 1.267755856574013184e+12 2.060067792379135986e+12 -9.649548596934199524e+10 2.818329706261749023e+12 -2.161303640119071777e+12 -1.875752648936043213e+12 1.326416400805709473e+12 1.770096949393728516e+12
-1.064359999456125244e+12 9.082078765610578125e+12 7.323207701553903320e+12 -1.590423132491566602e+13 -2.738378533362220703e+13 6.885052125818035156e+12 2.501843449373440625e+13 -1.766894363924541016e+13 -2.389013777008961719e+13 5.858889493310077344e+13 -8.881310990770615625e+13 3.082553462616646484e+13 6.891845966467650000e+13 -1.035727823098041562e+14 1.182913180834602500e+14 -9.853658497284001562e+13 2.462789336523525781e+13 3.682835428363882031e+13 5.275532222683734375e+12 -2.844854070327804297e+13 -5.540466083092563477e+11 2.234498991971762695e+12 8.913588490706640625e+11 -6.655104179884913086e+12 -9.846251372448119141e+12 2.634689164207892578e+12 9.588587461719191406e+12 -1.520675415762547607e+12 -1.067885026866191211e+13 1.306056021965543945e+13 -1.242195671686828906e+13 1.202567019054337402e+12 1.782474646239824219e+13 -1.480137808469214062e+13 1.991123333645641016e+13 -2.478173930763570312e+13 9.558161089632166016e+12 4.770555470677487305e+12 4.076140429446753418e+12 -7.590623476256717773e+12 -3.916496608834890625e+13 -2.391350864419130625e+14 -4.798414379026044375e+14 -3.346242786983932500e+14 -3.079012150996032031e+13 1.611074697042064844e+13 3.085621961225547500e+14 -5.932446945829370000e+14 -7.859789604936656250e+14 1.824821882883763500e+15 -1.359526474944552250e+15 -4.925200812363978000e+15 1.671715961526557400e+16 -1.237310242046424800e+16 6.249209975732345000e+14 2.917840148593349000e+15 -5.774853017887911250e+14 -1.689558125310629750e+15 1.378372438448492000e+15 -4.068132270875906875e+14 -4.545219065347171783e+10 1.494766697693889404e+12 1.217588089608125732e+12 -2.710161743318741211e+12 -3.692049922333624512e+12 -5.114017494971636200e+10 3.186106529612222656e+12 1.072404953521256958e+12 -2.631472699891684082e+12 3.955998000362078094e+10 1.616953954457210205e+12 -1.364044246884994873e+12 2.456632848129689941e+12 1.971567918121253967e+11 -6.833787146527337646e+11 -1.565864589886567627e+12 9.297118049572231445e+11 2.144331656442157898e+11 1.436588595490275635e+12 -1.561809754262816895e+12 -1.383218648665324805e+13 -7.017867489867411719e+13 -1.025551032589910625e+14 -1.162897019353731875e+14 -1.112209131058093438e+14 1.904121707710424609e+13 1.351744876656409375e+14 6.511135518695228125e+13 2.787735099163769531e+13 4.450495665865398438e+13 2.317111215426488281e+13 -5.926890009032556250e+13 6.941448241692754883e+12 1.057900017042637031e+14 -9.773144492431668750e+13 7.198802263540134375e+13 3.069625233951393750e+13 -7.711494466051464062e+13 6.711517928401481250e+13 2.549944619779421875e+13 -4.454436250681339844e+12 -2.102511424430345703e+13 -2.905792116563636328e+13 -3.282509481680828516e+13 -3.238164967450284375e+13 4.384402750659662598e+12 4.091302319079870312e+13 2.020156683821069141e+13 1.463292273588303516e+13 4.063331587724377930e+12 1.226774431771060352e+13 -1.364629579932914258e+13 5.218995817431798828e+12 2.037739847273935547e+13 -5.166706841392490234e+12 2.076374965915208203e+13 -2.954101596476857422e+12 -1.941321186967139453e+13 2.196278375290217578e+13 6.367366790271964844e+12 2.671675778044771094e+13 -1.178848771163344844e+14 2.594335670005844922e+13 1.477849295188495000e+14 -5.309651087572895625e+14 -1.730503791945280078e+13 2.846036787756160625e+14 6.994566124019176250e+14 -2.713645053536773750e+14 -3.434236886456207500e+14 3.307376861537508500e+15 1.504174203553496250e+15 -1.317181225564498600e+16 2.733361913565652800e+16 -1.283333273641914400e+16 6.976289736963780000e+14 1.298895926622939750e+15 7.520134799314623750e+14 -1.487839085895124250e+15 7.842643308991396250e+14 -1.158962727270552246e+12 -4.166559183611890137e+12 -5.411881628108324219e+12 -7.066497214028401367e+12 -6.018996103610988281e+12 -1.879804740076709229e+12 4.498615184098963867e+12 4.669370725634555664e+12 4.768651959331010742e+12 -2.106613870214053223e+12 1.313919155259615479e+12 -1.250138943947895020e+12 2.179393114665380859e+12 3.490378762078926758e+12 -1.946965367475421524e+10 4.261041800581033203e+12 -2.528939315341650391e+12 -3.497808659232312988e+12 2.703672033632949219e+12 2.183954877808649902e+12
7.003523427990923882e+09 2.647913973813768066e+12 1.726691893531284424e+12 -5.693561380690488281e+12 -8.775138034817129883e+12 2.415569944895203613e+12 9.831312073117648438e+12 -3.954523946252636108e+11 -7.838742941510311523e+12 1.641377146241807617e+13 -3.284135206668559766e+13 1.078821458894319727e+13 2.535321478142905859e+13 -3.744374585431430469e+13 4.133353079650087500e+13 -4.184457456374482031e+13 1.238406568355297852e+13 1.480574820753299219e+13 4.015828535863800781e+12 -1.081555759782006445e+13 4.573094428233216095e+10 7.734694478120092773e+11 2.067052576252030945e+11 -2.096211372925617432e+12 -3.153683899629573730e+12 8.943528257942491455e+11 3.640025961256551758e+12 7.029641368877687988e+11 -3.505172127838178711e+12 2.936506383920843750e+12 -6.808059477259538086e+12 2.030620411713333496e+12 7.170129971414200195e+12 -5.694413518706752930e+12 7.961569734719255859e+12 -1.214426927648802734e+13 4.115199157798844238e+12 3.056424572993540039e+12 2.089505428146217773e+12 -3.165711801137929688e+12 -2.259117186407572266e+13 6.770047849084266406e+13 1.260002396655070469e+14 3.086445803245089453e+13 1.481873896090723438e+14 -9.856554493382670312e+13 -7.602590882375150000e+14 -8.447748823956324219e+12 3.527401750752597500e+14 -1.125502462291464625e+15 3.837234344375513750e+14 -6.733506193756687500e+14 -4.894466750941501000e+15 1.628336014969369800e+16 -1.213835454960733000e+16 7.620958834995421250e+14 1.888029689389828250e+15 -4.025331545899623750e+14 7.252263097390378125e+13 -5.335319392199871094e+13 5.423321373967122650e+10 5.182414296266563721e+11 3.576379852825059204e+11 -9.291261691878389893e+11 -1.357650139883301514e+12 -6.041495525022377014e+10 1.259872190251945801e+12 7.866667597817257080e+11 -1.056715767284297729e+12 -3.337521317887700195e+11 7.637850389384286499e+10 3.455003538416240692e+10 1.191834920434583984e+12 -4.731309637283070068e+11 6.168146755976801758e+11 -1.821749479538635986e+12 4.780555599578347168e+11 3.417146691383090820e+11 1.002826151971821289e+12 -8.590481639053510742e+11 -5.153491057399830078e+12 -2.086886021687113281e+13 -2.495972591513691797e+13 -2.754771432745089062e+13 -3.478866784438179688e+13 9.104330344235502930e+11 3.778884405981065625e+13 1.790960328120554688e+13 1.860454891598417969e+13 7.297183548935305664e+12 1.375604454627498828e+13 -3.227529629847564062e+13 4.687669418352526367e+12 2.958763577881293750e+13 -3.127999367302840625e+13 2.853403390185737891e+13 -6.217434301927712891e+12 -2.088763108376635938e+13 2.371739184340158594e+13 1.347802016321108008e+13 -1.899604759579127197e+12 -6.551576753892497070e+12 -6.491087920740424805e+12 -7.120049713750750977e+12 -1.069855332240758008e+13 -3.053544590122991943e+11 1.171369981852813281e+13 5.105959341466479492e+12 6.819222311016673828e+12 -1.830890994963386841e+11 5.073423914489950195e+12 -1.037169586689415820e+13 2.547496109246534668e+12 6.412700184509307617e+12 -1.160298595125610107e+12 9.210900299601791016e+12 -6.091175497777926758e+12 -5.645138968899774414e+12 7.570878741840706055e+12 4.091565033803500000e+12 -4.727553940547174219e+13 -1.961872366772605000e+14 -1.228465790969565312e+14 -3.280376754396000391e+13 3.030106427411349375e+14 -3.060727067891955000e+14 4.430475451317507500e+14 -3.243248224077600000e+14 -4.129131127744804375e+14 4.216196557097340000e+14 -1.531836260119119250e+15 4.471745560531821875e+14 1.911218153571858000e+15 -1.283333273630749400e+16 2.560370976047686800e+16 -1.102266170878601200e+16 7.713157842617583984e+12 9.639459219706862500e+14 -3.777044513834496094e+13 1.410768160734312500e+14 -5.985890298794328613e+11 -1.539707707256599609e+12 -9.322697312308991699e+11 -1.294690940718000244e+12 -2.141445434213270752e+12 -1.183568332523293945e+12 1.269260641340175049e+12 1.003535641258639648e+12 2.333416385721947754e+12 -7.445244014286203613e+11 4.516931555642700806e+11 -1.376645961738961914e+12 8.872580830685617676e+11 1.457908398641733154e+12 -1.138063550871283722e+11 2.156989322362428467e+12 -1.887602800665472168e+12 -1.226428905748490723e+12 7.944925867564473877e+11 1.510300108009536621e+12
1.155383290700790527e+12 8.897174532680703125e+12 4.345027017084620605e+12 -2.289961791838008594e+13 -3.230752823982266016e+13 9.572521156366775391e+12 4.208343269249615625e+13 1.563528465313400586e+13 -2.945427933783509766e+13 5.276855855465967969e+13 -1.351303655087669062e+14 4.267279185554387500e+13 1.039496335377317500e+14 -1.516618142073101250e+14 1.632997856911814062e+14 -1.873834829866873750e+14 6.017237551633909375e+13 6.425952618850098438e+13 2.233123117453556641e+13 -4.533414410782418750e+13 8.929499955627272949e+11 3.034045716647048828e+12 5.048786130226798706e+11 -7.599460465946311523e+12 -1.160592333655473828e+13 3.455227571334943359e+12 1.524274650517643555e+13 6.450826697577446289e+12 -1.317485582822877539e+13 6.758879767868797852e+12 -3.424102466395583203e+13 1.281538761135586719e+13 3.113055026848090234e+13 -2.405244024861719141e+13 3.444298953755147266e+13 -5.835132795820847656e+13 1.856589794737880078e+13 1.621063505809269922e+13 1.023497324205936914e+13 -1.403496126131252734e+13 9.925013921661093750e+13 9.340563414257473438e+13 2.820146955879306250e+13 -8.098992174962650000e+13 -5.143226004626801875e+14 -2.203621244428818750e+14 3.283176943522563750e+14 -6.235440995238757500e+14 2.246562260808008750e+14 -4.249674798859855000e+14 3.519207398912593750e+14 -3.516959723451243750e+14 -5.603066724518372803e+11 -5.477265283379930000e+15 1.554003529375467000e+16 -1.129705502777308200e+16 1.018436860696638125e+15 1.752508539924048250e+15 -2.113250086484552500e+14 -1.641064300101783438e+14 4.229389087474440308e+11 2.035372238221699463e+12 1.211128969890691406e+12 -3.617615881185786621e+12 -5.564882029247339844e+12 -3.653097718023636475e+11 5.413731282659352539e+12 4.333966616809879395e+12 -4.583262474718994141e+12 -2.353017465925760742e+12 -1.152463104112781494e+12 1.657847692158445312e+12 5.701041186900710938e+12 -3.482388333159970215e+12 4.983317874250181641e+12 -1.099077288512401758e+13 2.344625522857915039e+12 2.144045921783345459e+12 5.452567260218329102e+12 -4.326401619662909180e+12 -2.131337674576204297e+13 -7.157614158945093750e+13 -6.624388411925969531e+13 -6.988762620496796875e+13 -1.253166236220892969e+14 -1.349514814479485547e+13 1.211884711030891406e+14 5.634715737195692969e+13 9.988217325293992188e+13 4.264830682311834961e+12 7.119095617952650000e+13 -1.619334907138727188e+14 2.525255813154656250e+13 9.493714605845479688e+13 -1.150404129437166250e+14 1.227908276559298125e+14 -7.499010736761026562e+13 -6.449286548719299219e+13 9.449364807940950000e+13 6.684378250187592969e+13 -8.526136692187783203e+12 -2.351765015359943750e+13 -1.474502042166600781e+13 -1.518418070947817969e+13 -4.043347104077209375e+13 -6.674681399189090820e+12 3.859324550391658594e+13 1.436035848526561719e+13 3.201911439868058594e+13 -5.493894156972013672e+12 2.238567158213996094e+13 -5.765292933915260156e+13 1.221892851782287891e+13 2.322926211348678516e+13 -2.664293952890524414e+12 4.221047917064969531e+13 -3.912122196253514844e+13 -1.891507747285191406e+13 2.960319133281298828e+13 2.172041780715080469e+13 -1.422128858854975195e+13 7.568947856442200000e+13 3.721473700971807812e+13 3.395390546307591797e+13 -1.368425583129082656e+14 4.248463502205567500e+14 -3.582883840943546250e+14 -8.834382129447270000e+14 1.746204194312738438e+14 2.198182961361689688e+14 -9.555803736033459375e+13 4.894133361435435000e+14 8.859379445958377500e+14 6.976289734843103750e+14 -1.102266170878068000e+16 2.332546375352809600e+16 -1.031159965143572600e+16 3.923977842423671875e+14 5.648507743838147500e+14 7.985078676703407500e+14 -2.941149506180309570e+12 -6.332520075195464844e+12 -8.297637636569151611e+11 -1.619539956620512451e+12 -8.574308839098068359e+12 -6.243648575231576172e+12 4.113819786034511719e+12 2.095594867321228760e+12 1.120436215555902734e+13 -2.966548283655050781e+12 1.762463550654360107e+12 -8.235893788743211914e+12 3.879558206961630371e+12 6.469089710920787109e+12 -7.680852467610189209e+11 1.051014533347122461e+13 -1.044539841532892383e+13 -4.857911771208459961e+12 2.691761784479262207e+12 8.190602118604862305e+12
-3.076862808020932617e+12 -1.067628398542175171e+12 3.260323086873276855e+12 1.253160845724052734e+13 1.120371743198800195e+13 -4.928449739388617188e+12 -2.854193920826776172e+13 -4.591392166489627344e+13 1.162228986867983984e+13 -1.463237204302895203e+11 8.054562078244748438e+13 -2.179600804237104688e+13 -6.117623829200828906e+13 8.529939658842745312e+13 -8.297859255479429688e+13 1.439308654743640000e+14 -5.540391392578974219e+13 -4.538111983541715625e+13 -2.562202176363219922e+13 2.878556212952252734e+13 -2.026309344289745361e+12 -1.493660096045266602e+12 4.317759988540625610e+11 2.355368383128373535e+12 4.012827858326669434e+12 -1.583151111204875244e+12 -9.648078177591136719e+12 -1.138840464082608789e+13 5.208038759026440430e+12 7.257129319478905273e+12 3.361295641681638281e+13 -1.709367369492860352e+13 -2.200685591215720312e+13 1.565515090631424219e+13 -2.409987724585497656e+13 5.254969115181367188e+13 -1.452883138293374805e+13 -1.736729020242064453e+13 -9.571757607144404297e+12 1.050502965415494141e+13 -4.723894197450297656e+13 -2.941495012620425000e+14 -3.327020318088410625e+14 -1.103572185045296680e+13 3.004162650063293125e+14 -2.399693010130095312e+14 -5.420738003938690000e+14 1.608011684014321500e+15 8.700235138133510938e+13 -1.003900766032917875e+15 -3.077357741602545625e+14 2.711585884809882188e+14 -7.114362031003606250e+14 -4.091388006910020312e+13 -4.147011692422808000e+15 1.440701082674404800e+16 -1.104971938208208600e+16 1.472374421174163250e+15 7.027453913378017500e+14 -1.932854863534935938e+14 -6.756244969511564941e+11 -1.007558244822475220e+12 -1.698336690735467529e+11 1.720874159588046387e+12 3.271706346648229980e+12 4.651862846915222778e+11 -3.714061496385916016e+12 -4.909055768122695312e+12 3.230597313095427246e+12 3.479495109896771973e+12 3.796236180207834473e+12 -4.201253767197187988e+12 -5.087843140771416016e+12 5.331050413352223633e+12 -8.154199923211666016e+12 1.395998113364766992e+13 -2.197999472193354492e+12 -2.842475493052110352e+12 -6.061644796869856445e+12 4.257156407920792969e+12 1.293426197829395508e+13 1.236679372437789844e+13 -3.779809926112788281e+13 -5.047578440339048438e+13 3.690647145468434375e+13 4.459334799576923438e+13 4.745573576909412231e+11 3.181895837751852539e+12 -1.089948314529490938e+14 5.206704210300550000e+13 -7.336259866997996875e+13 1.582787699414949062e+14 -2.769603877204132422e+13 2.361240653055395508e+11 3.960149809760787500e+13 -8.460297118533551562e+13 1.494367778756363438e+14 -7.034688170138677734e+12 -4.976290189389875000e+13 -6.398098782214343750e+13 6.587076212490062500e+12 6.726059476463668945e+12 -1.657226620570219531e+13 -2.086568620326621094e+13 1.649619734579536328e+13 1.546457398603511133e+13 -2.643576875776293945e+12 5.535124056744378906e+12 -2.748097270120371094e+13 1.332405918546914062e+13 -1.654495360635121875e+13 6.611429709820842188e+13 -1.096524201436989062e+13 -7.154154196050646484e+12 -2.884720690239752930e+12 -3.429856787051684766e+13 5.312030363940644531e+13 2.132195485985805420e+12 -1.436311063732317969e+13 -2.330246811620340234e+13 2.139948377268284766e+13 -5.322983190300710938e+13 9.557634562386426562e+13 1.398224140139850312e+14 -1.630079691153762812e+14 -6.529056248605526250e+14 3.507278145775868125e+14 2.984588364259540234e+13 7.226454260101186250e+14 1.999445182742945500e+15 -1.205778904705195625e+14 -2.761023210975499375e+14 -5.513163568082560000e+14 1.298895926814378000e+15 7.713157842754169922e+12 -1.031159965147833000e+16 2.235978306928855200e+16 -1.040851085249388200e+16 1.208331623849281750e+15 -4.513979600896018750e+14 2.766762138777001465e+12 3.768565326835899902e+12 -5.878181920593197266e+12 -6.894434433181390625e+12 4.608441689084969727e+12 6.633634344469042969e+12 -1.017046337128196411e+11 3.061890752699196289e+12 -1.007703627570111328e+13 1.562803381724129883e+12 -8.468272771106126709e+11 1.036033475404175781e+13 -2.797499284981143555e+12 -4.852974771718643555e+12 1.093391525422355347e+12 -9.730477739502269531e+12 1.190436559033422656e+13 2.496207368583529297e+12 -3.806601870851528931e+11 -9.071515377793515625e+12
9.499398603779895020e+11 -9.815270086268917969e+12 -7.656546612192595703e+12 1.785528641149785938e+13 3.009405884100008594e+13 -7.698606495394193359e+12 -2.863999169259058594e+13 1.609258173417886133e+13 2.637026638890910938e+13 -6.289696802430637500e+13 1.003693838618227188e+14 -3.445110269845272266e+13 -7.780303973316776562e+13 1.165094705382025938e+14 -1.321627654423217344e+14 1.147722827623154531e+14 -2.990152746419691406e+13 -4.237007008644314062e+13 -7.265771955593214844e+12 3.233702243155352344e+13 4.679145753928444214e+11 -2.491910627435811523e+12 -9.297454022872067871e+11 7.290791372000799805e+12 1.081979301453283398e+13 -2.927064233961318359e+12 -1.089581802806675586e+13 9.196945052812434082e+11 1.178825686222804297e+13 -1.356479028718619727e+13 1.543654895534610352e+13 -2.360349494426187012e+12 -2.050957039540287109e+13 1.686694563210815234e+13 -2.288011494134877344e+13 2.988807511789144531e+13 -1.116854237333468359e+13 -6.207249211732200195e+12 -4.974122025106233398e+12 8.804871590552855469e+12 9.159681782878322266e+12 1.753110489512320938e+14 1.497962019449724375e+14 -1.766803800102654062e+14 -3.567307802942770000e+14 3.466948732480290625e+14 4.001210710096805000e+14 -1.218048747835347250e+15 5.053359632107116250e+14 -4.580283651942314375e+14 4.984470036500412500e+14 -8.730157688642635000e+14 1.414297368705325750e+15 -7.367791392450876250e+14 -1.029225370554980000e+15 -3.982245059849098000e+15 1.248900673707849600e+16 -9.364933826958936000e+15 2.104045876200198000e+15 1.406844415944270625e+14 6.513983190710388184e+09 -1.667485874941354004e+12 -1.317553584152451416e+12 3.016691305526876465e+12 4.167658802488586914e+12 8.399876508596110535e+10 -3.652268986639123535e+12 -1.458249500070187744e+12 3.026690226338628418e+12 1.752474771614639893e+11 -1.498068644865850098e+12 1.201260548348150146e+12 -2.955228645008088379e+12 1.219361857076096649e+11 2.233194783431564941e+11 2.554223862724709961e+12 -1.135455689361917969e+12 -4.080187159986400146e+11 -1.921269676930654053e+12 1.942773445282476562e+12 1.565639979102507031e+13 7.610176373048784375e+13 1.077150093556237344e+14 1.216641404927781719e+14 1.216908725541494062e+14 -1.764817646894238281e+13 -1.450631184264582500e+14 -6.968977171146567188e+13 -3.674255680062595312e+13 -4.451267811257413281e+13 -2.946151492144266016e+13 7.352109638489426562e+13 -9.183704171573683594e+12 -1.135374778787112031e+14 1.073802485205221406e+14 -8.256363830185685938e+13 -2.359841782326699219e+13 8.233304200948856250e+13 -7.515333158167259375e+13 -3.137369196474691406e+13 5.193425567079762695e+12 2.298866059811766797e+13 3.015311007952380859e+13 3.392806154464153125e+13 3.578978411079736719e+13 -3.738497885342374512e+12 -4.408039281433681250e+13 -2.133751397683878516e+13 -1.742606280089128906e+13 -3.527808741922556641e+12 -1.420308376875399219e+13 1.878430930619556250e+13 -6.288029111468435547e+12 -2.232019930969750781e+13 5.365312473535474609e+12 -2.443330890015368750e+13 6.494553285623435547e+12 2.097105149383704688e+13 -2.447297558146795312e+13 -8.292585447470060547e+12 1.531192483186394287e+12 -5.556679857612978125e+13 7.849785458962809570e+12 -2.591736569339336328e+13 2.259260032873556250e+14 5.134740718341290625e+13 -5.856266421087259375e+13 6.934563754239350000e+13 -1.920602788799850000e+14 -1.357629688389314750e+15 1.635257067516637812e+14 -2.899916781362777500e+14 3.901521605277772500e+14 7.520134798998670000e+14 9.639459220775847500e+14 3.923977841075685000e+14 -1.040851085246527600e+16 1.870802619789228000e+16 -8.847482142562182000e+15 1.666907087264092750e+15 1.417114946584442139e+12 4.708073723228156250e+12 5.441181241471545898e+12 7.153616864027473633e+12 6.748982241420187500e+12 2.432795012367402832e+12 -4.835062147827509766e+12 -4.820401142583352539e+12 -5.749061747747182617e+12 2.358967059210856445e+12 -1.463312762081318115e+12 1.990105972338380859e+12 -2.514341735018714844e+12 -4.050129366104884766e+12 8.931050723659814453e+10 -5.182520667678566406e+12 3.459345084520297363e+12 3.910643818994851074e+12 -2.925869778694872070e+12 -2.911798710859235352e+12
-1.624833467821786133e+12 1.084183074198242188e+13 9.198094961891671875e+12 -1.780629025641262500e+13 -3.180633377328876953e+13 7.763401980763620117e+12 2.703374394607628125e+13 -2.640182156817931250e+13 -2.754402131145401953e+13 7.068690518163520312e+13 -9.826572372417398438e+13 3.478788007446003516e+13 7.640039799771370312e+13 -1.155512697668175000e+14 1.335698637293796719e+14 -1.029872494846348125e+14 2.359065856644299609e+13 3.942260492632371094e+13 3.531718020885302734e+12 -3.114612998626194531e+13 -8.927792514833323975e+11 2.531270820806930664e+12 1.123429632059728516e+12 -7.770575404953048828e+12 -1.143817612477657422e+13 3.004306470169729492e+12 1.050379797992070312e+13 -3.095025279814396973e+12 -1.231069011752956836e+13 1.656390610982976758e+13 -1.127172876061573828e+13 -4.398847737790931396e+11 1.907563084538591797e+13 -1.612983654304552148e+13 2.136198168133282812e+13 -2.409208390221572266e+13 9.927111347216830078e+12 3.835565529471817383e+12 3.860005346883841797e+12 -7.997914388587842773e+12 1.859721589153380469e+13 -1.467323756865724062e+14 -2.653909045604140000e+14 1.932139748539011250e+14 2.503640640919698438e+14 -3.928270210651297500e+14 -3.598496105640930625e+14 6.965424368635107500e+14 -5.506192859330027500e+14 8.107341723276160000e+14 -1.620594117625908750e+14 5.249616420466865625e+14 -2.067214795087431250e+15 7.441398010019503750e+14 6.280092169451813750e+14 -7.895982602755480000e+14 -3.670693224839564500e+15 1.171536094560347800e+16 -8.976817789948179000e+15 1.691703161493380250e+15 -1.295959887741036682e+11 1.692365159870448486e+12 1.450554448922077148e+12 -3.080147087296331543e+12 -4.093484329456129883e+12 -1.024955020400479507e+10 3.433988689950739258e+12 7.510454476005797119e+11 -2.818163648922890137e+12 4.326825223587013550e+11 2.371270084266515625e+12 -2.110875483373875244e+12 2.401702288214713867e+12 8.277081763916114502e+11 -1.726794872923090820e+12 -3.452108003081677246e+11 8.787754010648472900e+11 -5.569809238256576538e+10 1.063014348911200439e+12 -1.413761261422162354e+12 -1.526127011085279688e+13 -8.332108296115396875e+13 -1.279417040517392344e+14 -1.459187101604319375e+14 -1.301345887666707969e+14 2.791174495521873047e+13 1.631764890699966875e+14 7.892620224632779688e+13 2.158312474312420312e+13 5.946735754036889062e+13 1.984585452148516406e+13 -5.401299786876425781e+13 5.312646004013749023e+12 1.276898987664917188e+14 -1.135577956048897969e+14 7.751291033453367188e+13 5.357568986444300781e+13 -9.383796494414629688e+13 7.548695186119406250e+13 2.369352161490195312e+13 -4.646721090366012695e+12 -2.462827757929558203e+13 -3.689953777092270312e+13 -4.192062534343207812e+13 -3.725207002389400000e+13 7.001825259882930664e+12 4.907998575172805469e+13 2.499092862143673828e+13 1.461823805093292578e+13 6.377567048312204102e+12 1.297389368332786914e+13 -9.153532596424578125e+12 5.085006343771891602e+12 2.379926921272703906e+13 -6.554146077189617188e+12 2.126246815858115234e+13 2.311897703861947754e+12 -2.319131651748563672e+13 2.491492280814576953e+13 5.105923151593024414e+12 -7.040197056104112500e+13 1.371342822165976875e+14 3.328722906667188281e+13 -4.047026467077748438e+13 -4.157235776355283125e+14 1.372611146370713594e+14 -5.605033828704891875e+14 4.044945790333279375e+14 4.056858905873728750e+14 7.525319886275190000e+14 4.890768163397045625e+14 6.619127851441257500e+14 4.082448093590295000e+14 -1.487839085880891250e+15 -3.777044534507308594e+13 5.648507746476295000e+14 1.208331623748840250e+15 -8.847482142530675000e+15 1.692468546214009200e+16 -7.241063263729886000e+15 -1.092504394979954102e+12 -4.611138458190626953e+12 -7.181190855972541016e+12 -9.290354983861275391e+12 -6.753679276503125000e+12 -1.534591518444050537e+12 5.417525584094481445e+12 5.973580023669485352e+12 4.639805791864935547e+12 -2.369292688773500977e+12 1.491907621180129395e+12 -3.624410736415031128e+11 2.320524568447822754e+12 3.675175849487210449e+12 9.746968407445219421e+10 4.065577471913789062e+12 -1.734833647964854980e+12 -3.944876641531055664e+12 3.220586716723152832e+12 1.631922509241317871e+12
2.181318252164664062e+12 2.650071363886542053e+11 -2.633807872618301270e+12 -7.830876868479421875e+12 -6.315953590409987305e+12 3.046940938240418457e+12 1.841871516073782812e+13 3.264327988997773438e+13 -6.786980665049770508e+12 -2.948045033271446777e+12 -5.103003325617750000e+13 1.345546525003436523e+13 3.868234286095431250e+13 -5.354646610316708594e+13 5.117693288603148438e+13 -9.431935366064071875e+13 3.699903370529570312e+13 2.943894046240110938e+13 1.742870863057760352e+13 -1.840852813934715234e+13 1.428891179734476562e+12 9.157382433255240479e+11 -3.447202068382155762e+11 -1.281064431642398926e+12 -2.260191102565519531e+12 9.567442260376748047e+11 6.167217423470549805e+12 7.947835834441311523e+12 -3.042677512041698730e+12 -5.693947130779749023e+12 -2.257803962637241797e+13 1.174810779544535547e+13 1.427774857798495703e+13 -1.004645111089322266e+13 1.561531164308711523e+13 -3.501893132004824609e+13 9.541104969661662109e+12 1.175146992672379883e+13 6.401369172277245117e+12 -6.863299010485314453e+12 -1.115986399437872461e+13 6.803142516351504883e+12 3.167050672940161328e+13 -1.571839059328547812e+14 -1.456116043704320117e+13 8.349880943608943750e+13 1.762297802790570000e+14 1.834467018665465625e+13 -3.490517571134058750e+14 -1.667569604164734688e+14 -5.479062111494265000e+14 2.951009323909398750e+14 6.141300696589123750e+14 -3.168914014592061875e+14 -2.732951129334657715e+12 -6.630874054601131250e+14 3.935608242864571250e+14 -4.117500757241795500e+15 7.830387508576096000e+15 -3.118335181764337000e+15 4.691810577486177979e+11 6.183693926487993164e+11 5.397774602084989166e+10 -1.047974583975028442e+12 -2.068405103865917480e+12 -3.187540199066894531e+11 2.400377101956833496e+12 3.336048047769061035e+12 -2.095196834376088135e+12 -2.406179254594836426e+12 -2.707119820983904785e+12 2.973800398999625000e+12 3.387540537853094727e+12 -3.693693531454290527e+12 5.669623085787594727e+12 -9.564008090970207031e+12 1.470299267293926270e+12 1.952818482244612061e+12 4.113464394004360840e+12 -2.860155484583967773e+12 -8.216921053357390625e+12 -4.892389963142075195e+12 3.145347822528704297e+13 4.092778088406787500e+13 -1.971185428142762109e+13 -3.180226364048921875e+13 -7.362788495967749023e+12 -5.587089936081352539e+12 7.385799479717303125e+13 -3.829134431985424219e+13 4.948321301705646875e+13 -1.062764979076165312e+14 1.877503028316542188e+13 -5.668784027704573242e+12 -2.227599006777589453e+13 5.470904551369445312e+13 -1.048492801237003906e+14 8.873842556182845703e+12 3.089026631754466406e+13 4.287991310903959375e+13 -4.319447605770918457e+12 -3.553087427759886719e+12 1.296269476428051562e+13 1.612524295940750586e+13 -9.712631193284724609e+12 -1.091326039893022070e+13 -3.026880254694166870e+11 -4.875786531795054688e+12 1.822614062136123047e+13 -9.417583742453554688e+12 1.079310926155252344e+13 -4.497077633055300781e+13 7.304705074203851562e+12 3.882584979121951172e+12 2.262058038294256836e+12 2.261762069414644531e+13 -3.654916743053585938e+13 -4.628947390179487305e+11 8.781027583647847656e+12 1.576921491453639648e+13 -2.503043339895472266e+13 -2.820040214313532812e+13 1.854783061533018438e+14 2.370356305372187812e+14 3.860332604210895312e+13 -1.508063132744932500e+14 -1.825162378173715000e+14 -4.603782429649473438e+13 3.329663152295970000e+14 -6.293600114930052500e+14 1.421979032764421250e+14 -1.039101858911148875e+15 5.271360272618338125e+14 7.842643308931665000e+14 1.410768161756122188e+14 7.985078675351777500e+14 -4.513979600614103750e+14 1.666907087272727250e+15 -7.241063263730560000e+15 9.373306914616116000e+15 -1.851348868168018066e+12 -2.387009515031720703e+12 4.343118301757413574e+12 5.131398453973201172e+12 -2.870906713980625000e+12 -4.485608314520755859e+12 -1.638501145070439758e+11 -2.358588867848335938e+12 6.714445415674560547e+12 -9.701675791380235596e+11 5.167252925930878296e+11 -7.093301646169022461e+12 1.819479899630527588e+12 3.171461248239001953e+12 -7.544542640720668945e+11 6.501412516810824219e+12 -8.093581004931338867e+12 -1.542691216034446777e+12 1.223057307230256653e+11 6.154207214563611328e+12
-2.078856408577207642e+11 -1.420249041755999268e+12 -6.634078974877028809e+11 3.733541453129020996e+12 5.215708805019815430e+12 -1.558224019172853516e+12 -6.905258062559361328e+12 -2.847355521146706543e+12 4.766321336415371094e+12 -8.374030264109610352e+12 2.208423703092650781e+13 -6.944926892890905273e+12 -1.698214085471153125e+13 2.474525003797233594e+13 -2.657333874448653125e+13 3.088125028990205859e+13 -9.989866843014562500e+12 -1.055837928356802148e+13 -3.747841621864701172e+12 7.422997498524974609e+12 -1.578595221790823364e+11 -4.933386187423330078e+11 -7.666336512533750916e+10 1.224617528492632324e+12 1.873558375234639404e+12 -5.608824971916567383e+11 -2.495598468072769531e+12 -1.114463247370380371e+12 2.132043080554708252e+12 -1.014515196698676270e+12 5.701369031968617188e+12 -2.169876793007337402e+12 -5.115185839145999023e+12 3.941393177240109375e+12 -5.657481560558687500e+12 9.678136234764742188e+12 -3.061845561850444336e+12 -2.710789061977434570e+12 -1.700398924510051758e+12 2.310797701378668457e+12 -1.011544300778767242e+11 -3.573094265616884155e+11 -1.569930384417697144e+11 6.361925521069204102e+11 1.053407060529567627e+12 3.707080525252379608e+10 -1.034051558791711914e+12 -9.314374444506026611e+11 6.264934836838282471e+11 6.005350108346585693e+11 1.239877589118305176e+12 -5.169351751159373779e+11 -1.498787685448725586e+12 2.920847825551148682e+11 -1.319431074082520752e+12 3.115988528621898438e+12 -5.646146945577604980e+11 -7.657458710151750488e+11 -1.193622027046809570e+12 1.025770752503501221e+12 -4.285468103240816895e+12 9.495281550439735107e+11 1.915014459196251172e+13 1.670334662611787695e+13 3.247578206470958008e+12 -1.854907615859887109e+13 -2.576073281052997656e+13 7.133438926724194336e+12 2.352464579711962109e+13 -7.347221320550102539e+12 -1.415975980275664307e+12 -2.038063536015702734e+13 5.161681341854052344e+13 -5.400497392414207812e+13 1.239446387284894531e+13 1.417720098582472852e+13 9.030605634500144531e+12 -3.221099504665800781e+13 -3.976217036845239258e+12 1.080866691234752539e+13 3.485064171296749023e+12 1.145579869055693750e+13 1.020930855702143750e+13 1.068627368447947656e+13 2.017875118463923438e+13 2.497236104101366211e+12 -1.922535794389407031e+13 -8.915286206301935547e+12 -1.671843591748337891e+13 -2.611105900646211853e+11 -1.188154632335718945e+13 2.695758860780839453e+13 -4.227927750495410156e+12 -1.506192664943177930e+13 1.856972228331000391e+13 -2.015869056839871484e+13 1.309158217093220508e+13 1.017702368663266406e+13 -1.539064529858846289e+13 -1.111689009618236523e+13 1.405431831358041016e+12 3.785265839255540039e+12 2.207334380984463379e+12 2.242746734653612793e+12 6.547307761745742188e+12 1.182518403858176514e+12 -6.144745833834008789e+12 -2.234397226339659668e+12 -5.299869520397388672e+12 9.780755810097900391e+11 -3.684027259491583008e+12 9.675592847380490234e+12 -2.026318798229096924e+12 -3.742923996903037598e+12 3.997215504286229248e+11 -6.971365486500138672e+12 6.631422729808206055e+12 3.018301161179879395e+12 -4.811825735391375977e+12 -3.632408382024480469e+12 6.691270701949132080e+11 1.538129674024492188e+12 3.428666044781469116e+11 4.620297410882750854e+11 2.374791518674362305e+12 1.085918045570503784e+12 -1.858697701396420898e+12 -7.571878967018212891e+10 -2.468430681310851562e+12 -3.943917392905700684e+10 -5.486027319988150024e+11 3.032055465738112305e+12 -7.761382778297542725e+11 -1.158962726217741211e+12 -5.985890453116390381e+11 -2.941149494790155273e+12 2.766762136570553711e+12 1.417114941425771484e+12 -1.092504390936801636e+12 -1.851348867094687744e+12 6.255834139730653906e+13 1.024721046612394062e+14 -1.633918974296799805e+13 -5.209316052877815625e+13 4.608275264858165625e+13 1.103389517709787109e+13 -6.539656026629385938e+13 -1.831502630980553516e+13 -3.524864688757604688e+13 3.254049126394963867e+12 2.390034178189458984e+13 -3.733847463876390625e+13 8.625800595635549316e+11 1.881444083314996094e+13 -3.324293548922039062e+13 -1.091474795685023047e+13 -1.646648402737876709e+12 2.563111236737578516e+13 -3.995503136713049219e+13 -1.972310209101414844e+13
7.007676561149040527e+11 -7.193657636301791992e+12 -5.617378161765068359e+12 1.307106499967836523e+13 2.204472525643079688e+13 -5.636488827801562500e+12 -2.095398742256526562e+13 1.186255842076445898e+13 1.931436116497537500e+13 -4.610706732826582031e+13 7.346152291223240625e+13 -2.522353623396456641e+13 -5.694676015771928906e+13 8.528637925808532812e+13 -9.676451037141051562e+13 8.392898562987196875e+13 -2.184031774986609766e+13 -3.099486024982270703e+13 -5.289572859454797852e+12 2.366378566850601953e+13 3.459102186323742676e+11 -1.824582983646181885e+12 -6.821776704720125732e+11 5.341218903579773438e+12 7.925817680051472656e+12 -2.143448781881675781e+12 -7.973481875641153320e+12 6.904929495756224365e+11 8.634050541209296875e+12 -9.954199628399748047e+12 1.126780726347990430e+13 -1.705808471171462646e+12 -1.500325402793336523e+13 1.234208108959506641e+13 -1.673800846575280664e+13 2.183454226040192969e+13 -8.166419050759480469e+12 -4.525428118376860352e+12 -3.632630551475526855e+12 6.439465370732592773e+12 1.011417905705486450e+11 -1.213730567308012695e+12 -7.474443874381960449e+11 2.757878989462376465e+12 3.788654544112161133e+12 -7.121730708062283325e+10 -3.535368907092631348e+12 -1.055858277196486206e+12 2.439762318629229980e+12 -4.536803419944828491e+11 -8.078708500020122528e+09 1.668547817151720947e+12 -4.054259979304477051e+12 -3.505259054306228638e+11 -8.844263775460852051e+11 4.416242734879298828e+12 -1.899130249603007568e+12 -3.917078557496312866e+11 -1.955512007855752441e+12 2.168228353118335205e+12 1.300241162226982422e+12 4.454964876671260156e+13 1.088002418706669062e+14 5.453875529658055469e+13 -9.152218066751284375e+13 -6.949826508564374219e+13 3.473769069840075000e+13 -1.989283560793935547e+13 -4.966650336825327344e+13 1.602199953604624023e+13 -1.815990620265747656e+13 7.739847253820207812e+13 -7.862126790704054688e+13 -5.581327468684382812e+13 6.465652927272293750e+13 -5.168000656978890625e+13 3.146544692172543359e+13 4.667442514456605469e+13 -7.753992385768779688e+13 2.768091365495513281e+13 1.145857207752801172e+13 5.576948736984334375e+13 7.901571444106898438e+13 8.925941777613817188e+13 8.915393111749573438e+13 -1.300101257906390625e+13 -1.063407084350442969e+14 -5.109136718852036719e+13 -2.677849184942458594e+13 -3.270501382944424219e+13 -2.149205413943871094e+13 5.366883445520900781e+13 -6.692560827022576172e+12 -8.323016995670973438e+13 7.865952185930598438e+13 -6.040302888775395312e+13 -1.751297729277550391e+13 6.036516298923957031e+13 -5.502069896154947656e+13 -2.290722578242989453e+13 3.797665614477197754e+12 1.684244893453809570e+13 2.212777344752229297e+13 2.490118664440312891e+13 2.621246021332475781e+13 -2.762681417825450684e+12 -3.230980639978143750e+13 -1.564961006421644336e+13 -1.273501970701889648e+13 -2.605167846058716797e+12 -1.038803582176812109e+13 1.367539371855561914e+13 -4.593807225222634766e+12 -1.635181495825307227e+13 3.937227688686869629e+12 -1.786199453137345703e+13 4.684861064471875977e+12 1.536999517821754883e+13 -1.791960916091277344e+13 -6.045609899447790039e+12 1.503115373707592285e+12 5.736504258391156250e+12 7.007605663425704102e+12 8.699478362449275391e+12 8.675388479340162109e+12 1.076036449200671875e+12 -9.205779394541246094e+12 -4.868078070557168945e+12 -6.000863498457806641e+12 -6.465762875451636963e+11 -1.221765694830591797e+12 2.617615130752688965e+12 -2.297764499418288574e+12 -4.166559226162738770e+12 -1.539707721015769531e+12 -6.332520051919635742e+12 3.768565324704020508e+12 4.708073721212572266e+12 -4.611138471584252930e+12 -2.387009501784024902e+12 1.024721046609950312e+14 5.214869019164366875e+14 1.814328259745656250e+14 -2.712681168736296562e+14 1.335906165427060000e+14 2.009661112223231641e+13 -5.649200279505040000e+14 1.475008071372601250e+14 -1.161966879304854062e+14 -1.360126775734537188e+14 -2.229101570883107422e+13 -1.286510767004217656e+14 5.928135965497196094e+13 -7.181785386567006250e+13 -1.518440270693212188e+14 6.957457881805157812e+13 -8.753836578915114062e+13 4.293846934455273438e+13 5.625770802438890625e+13 -5.147763621430562500e+13
3.435387413181049805e+12 -1.298424155010055859e+13 -1.293276246146821875e+13 1.636523310446600195e+13 3.437720174386575000e+13 -7.381405842818095703e+12 -2.046689487029316797e+13 5.394311037524910156e+13 2.888687774366864453e+13 -8.779079367128246875e+13 8.507246511702379688e+13 -3.320886361417019141e+13 -6.680865949819375781e+13 1.043695110281437344e+14 -1.278331104454254062e+14 6.177356197689153125e+13 -3.826598692077251465e+12 -2.811652545279765234e+13 7.400599839891195312e+12 2.546615259336632422e+13 2.042079993963976074e+12 -2.458842473319793945e+12 -1.595018864841892822e+12 8.574351607729015625e+12 1.237018648953145312e+13 -3.005607342869354492e+12 -8.615710710807444336e+12 9.087359732101986328e+12 1.290466383791086328e+13 -2.392704495171149609e+13 -1.457502481164710449e+12 8.412575905512631836e+12 -1.358279012904675000e+13 1.284420665674821289e+13 -1.546141152890823828e+13 5.763230543993953125e+12 -5.653006245467007812e+12 3.224440835834398926e+12 -3.931316948837966919e+11 5.106764145830085938e+12 9.418627675718845215e+11 -1.452997631033221191e+12 -1.290023387168140381e+12 4.402979714950641602e+12 4.923774989361413086e+12 -4.490805279467362061e+11 -4.274458416001978027e+12 2.626493551725947754e+12 3.495871994209930176e+12 -5.145068498351264648e+12 -7.797235067285973633e+12 8.317379244814800781e+12 -2.939871625363983887e+12 -2.897567007795976074e+12 5.580386477849055664e+12 -6.096801983667294922e+12 -2.238840276976206543e+12 3.608554569286326660e+12 1.532788156211128174e+12 1.666695955236146545e+11 3.233024569687942969e+13 9.758239010768315625e+13 1.216743196200225000e+14 9.492893705660218750e+12 -1.471432005829341875e+14 -1.224332704724758750e+14 2.186051306068610547e+13 1.532582788294496680e+13 1.617899504042502930e+13 -9.079397307061017188e+13 -6.591927280095624023e+12 9.814907723144421875e+13 -8.790020534181014062e+13 -2.531796570830767578e+12 -1.563100311274686133e+13 8.045519952570148438e+13 -8.440478392251015625e+13 9.892455337810071875e+13 -4.985510529193251562e+13 2.522038680410710547e+13 1.301669324488667383e+13 9.787068102235535938e+13 1.764144143217931250e+14 2.045921529141346250e+14 1.447639077505303750e+14 -5.521214310564156250e+13 -2.030335968978920625e+14 -9.956309076623425000e+13 2.332902755626446484e+13 -9.787232408635239062e+13 9.091766889644335938e+12 -5.699826872967293945e+12 6.141438031621642578e+12 -1.588169117786455000e+14 1.229201467570076406e+14 -5.741136127197643750e+13 -1.353551541617242344e+14 1.198701116000654062e+14 -7.092527913436551562e+13 -7.619270418309206963e+09 2.744388060493774414e+12 2.751589760764634766e+13 5.348905203815542188e+13 6.170552098970642969e+13 3.871042323403035156e+13 -1.581888894757584766e+13 -5.978599632222422656e+13 -3.360875562564895312e+13 -5.523636036168536133e+12 -1.405800381111397070e+13 -8.512172402650013672e+12 -1.904608033335787891e+13 -1.274479850599008057e+12 -2.628851669278307031e+13 9.473709616298808594e+12 -1.064469051985354883e+13 -2.731736330082081250e+13 2.784378493759889844e+13 -2.435790560295634375e+13 4.376622366773807617e+12 3.787377716502788086e+11 7.811685023986106445e+12 1.917214555636652734e+13 2.357286459737054688e+13 1.150867656430242188e+13 -3.533520913202592285e+12 -1.635779371320380859e+13 -1.433707887022448242e+13 -2.784078237944615723e+12 -1.720051087764908936e+12 -2.782493535053616333e+11 -1.104318944480476562e+13 -2.125718669854794922e+12 -5.411881686816354492e+12 -9.322696819450933838e+11 -8.297637485446092529e+11 -5.878181994150098633e+12 5.441181271612050781e+12 -7.181190877655913086e+12 4.343118322005753906e+12 -1.633918974471288281e+13 1.814328259741346562e+14 4.448746943064830625e+14 2.650909062069141875e+14 -2.470319133710887500e+14 -2.239056359339480625e+14 -3.129446162171105000e+14 -3.092033385508300000e+14 6.458184123818189844e+13 -1.183061240676137500e+14 -3.816208178965800000e+13 -1.293821261763180156e+14 4.334426616183896875e+13 1.072175222849551953e+13 -1.054208218946025625e+14 6.893590143314181250e+13 1.058209358689270508e+13 1.775858706251949219e+13 1.665203654771634570e+13 6.417308872140452344e+13
4.302668193578296875e+12 -1.669011658769881445e+13 -1.647821639423841406e+13 2.141310468850619141e+13 4.447125546748588281e+13 -9.633811042639337891e+12 -2.721368652919176562e+13 6.764219505226747656e+13 3.744324255608056250e+13 -1.126090851122744844e+14 1.118322523275510469e+14 -4.332970165872790625e+13 -8.775349739820076562e+13 1.367436772362204688e+14 -1.667608527123374688e+14 8.408446407014778125e+13 -6.775511259973107422e+12 -3.759297769271230469e+13 8.628744935276078125e+12 3.363415535735731250e+13 2.550961932782026367e+12 -3.204157374263099609e+12 -2.031285329695300293e+12 1.107720927824079102e+13 1.600176995198426562e+13 -3.908477206715500000e+12 -1.137605469483892188e+13 1.127198971261608789e+13 1.672759699954037500e+13 -3.044523462564664844e+13 -7.365493141514582520e+11 1.021419050838062305e+13 -1.816358375049923047e+13 1.700216543515730078e+13 -2.064372665833502344e+13 9.163316633268480469e+12 -7.740468332619345703e+12 3.550449101063644043e+12 -8.268574523787341309e+11 6.904215512141836914e+12 1.171074194883220703e+12 -1.906185864858357178e+12 -1.661295145592915527e+12 5.689636490747187500e+12 6.428958785067067383e+12 -5.605335031562009277e+11 -5.604341804224492188e+12 3.139706455715320801e+12 4.540995059577295898e+12 -6.387866418710744141e+12 -9.616692190172279297e+12 1.041449989154291211e+13 -4.007319931594950684e+12 -3.606424944581274414e+12 6.798733000694040039e+12 -7.103065720769301758e+12 -2.939858878621064453e+12 4.413365015954028320e+12 1.706189223684843750e+12 4.096933978292451782e+11 4.177784924273021875e+13 1.223821542458796719e+14 1.594206289224858750e+14 2.023140903122000000e+13 -7.685027579541089062e+13 -2.565472299198016562e+14 -1.600730408224302500e+14 5.848193426304028906e+13 1.764866433718103750e+14 -1.301109926690927031e+14 2.591215086279192578e+13 -4.906844297532382031e+13 2.661862941377053516e+13 5.025744576509114844e+13 -6.780169760624968750e+13 1.023490757051320781e+14 -8.987214086474018750e+13 3.538522432445851562e+13 1.592644601637330273e+13 2.037252714364414453e+13 1.713169813255469336e+13 1.259498557860812500e+14 2.250025653808648750e+14 2.607172210804185938e+14 1.869241700762861562e+14 -6.931441881556092188e+13 -2.604034125041349375e+14 -1.275965521865507344e+14 2.624918457898117578e+13 -1.237802608037480938e+14 9.188840329774154297e+12 -1.976148200223687744e+12 6.943788813371125000e+12 -2.036972746189718125e+14 1.589972809787600312e+14 -7.648971211476489062e+13 -1.685755223286542188e+14 1.535133330554699062e+14 -9.264896603966303125e+13 -2.166213127343495605e+12 3.742080629218966309e+12 3.551974212769550000e+13 6.804874355967214062e+13 7.844282417249196875e+13 5.020760675277920312e+13 -1.976874644435439062e+13 -7.677312667368060938e+13 -4.292144176752258594e+13 -8.011076781972141602e+12 -1.758230571438225781e+13 -1.147570723524250000e+13 -2.220095915391396484e+13 -2.004278526193529785e+12 -3.395988028088200000e+13 1.205414944601858008e+13 -1.480933889274309375e+13 -3.324800843521212891e+13 3.578547080457425781e+13 -3.172657129980467578e+13 4.828243928965826172e+12 6.086029065900125732e+11 1.017386937542192773e+13 2.430382491981111328e+13 2.989030424600964453e+13 1.500988914467397070e+13 -4.256397248488432129e+12 -2.103999628228537500e+13 -1.813953822248993750e+13 -3.998469361105022461e+12 -2.182129036778449951e+12 -4.581854692472105103e+11 -1.337254125905676367e+13 -2.837885185771081055e+12 -7.066497243263445312e+12 -1.294690893418273926e+12 -1.619539937967457275e+12 -6.894434540586125977e+12 7.153616884873211914e+12 -9.290354979275923828e+12 5.131398473974013672e+12 -5.209316053098256250e+13 -2.712681168708822500e+14 2.650909062179538438e+14 7.804485937560621250e+14 -2.796926096651039375e+14 -2.573097434089707812e+14 -2.189518747244599688e+14 -7.225418365433696250e+14 -4.302985352910311719e+13 -4.388500057512683594e+13 7.092875585763772461e+12 -1.587409820415958496e+12 -1.207758422628350781e+14 8.756684617746382812e+13 -1.132340052161308984e+13 2.772609473003037109e+13 6.630147276264350781e+13 -3.735527556411113281e+13 -4.444309926651564844e+13 1.177327228017417031e+14
1.208190588701829834e+12 -1.067430635900845508e+13 -8.552032382246291992e+12 1.883489791659930078e+13 3.229123274166320703e+13 -8.147124476714908203e+12 -2.974649662054939453e+13 2.012556536639250391e+13 2.819618185576964453e+13 -6.877038958632370312e+13 1.053197914693869375e+14 -3.647245275234888281e+13 -8.170982195001896875e+13 1.227073793417756875e+14 -1.399521987006330312e+14 1.175793041478060000e+14 -2.964689043563447656e+13 -4.383325186970579688e+13 -6.534359965604830078e+12 3.377582187670899219e+13 6.232443916807017822e+11 -2.642682796637309082e+12 -1.040460691815134888e+12 7.842857076028700195e+12 1.161058947663952930e+13 -3.113600063569865723e+12 -1.138342822548358008e+13 1.632777059991079834e+12 1.260380405427178320e+13 -1.523283271138667773e+13 1.502917685513432617e+13 -1.639829543224084961e+12 -2.121564776711780469e+13 1.758214613737754297e+13 -2.369261021972331250e+13 2.978934358794531641e+13 -1.141290525098390039e+13 -5.831387431536275391e+12 -4.912198832250690430e+12 9.049771631378556641e+12 2.089745951786524353e+11 -1.743771565258944580e+12 -1.104512444503783936e+12 4.047687891448513184e+12 5.473289576662370117e+12 -1.305381281221356659e+11 -5.082547795033793945e+12 -1.215190648994794434e+12 3.549827675589933105e+12 -1.008753316425038452e+12 -6.156472200771458740e+11 2.887411064332439941e+12 -5.676342108440854492e+12 -6.958028598130357666e+11 -7.556938974453444824e+11 5.461864903240191406e+12 -2.725798669231625488e+12 -2.464994466110635376e+11 -2.509021878598840332e+12 2.926698426141125977e+12 -3.770446667100984375e+13 6.864820007432306250e+13 2.474418988854976562e+14 6.493997904239065625e+13 -1.047859035423973438e+14 -1.863465119970093750e+14 -1.134229605749424531e+14 1.032417092653030625e+14 -7.295297630655442188e+13 1.068873727791266406e+13 -3.511750381828150781e+13 1.633525263017227812e+14 -8.659368955270731250e+13 8.504931651925714111e+11 1.041219473921898594e+14 -2.095184407271240625e+14 1.391697577448300625e+14 -1.526966317320900938e+14 1.292249552359058438e+14 -2.766198439624591016e+13 1.640822296445709766e+13 8.253706379592737500e+13 1.198686986445950000e+14 1.358202843676208750e+14 1.310379640958955781e+14 -2.175390864197143750e+13 -1.586540647105411562e+14 -7.638164915908148438e+13 -3.417673066290228125e+13 -5.154202955802953125e+13 -2.817686679481017578e+13 7.168068520844343750e+13 -8.517430868635031250e+12 -1.241673429732259219e+14 1.152407614113032031e+14 -8.562562636785482812e+13 -3.403357796668085938e+13 9.041933659653556250e+13 -7.944079241670607812e+13 -3.078443550572229297e+13 5.316355532692942383e+12 2.476796556814084766e+13 3.388524273354328125e+13 3.824959862051836719e+13 3.822814297070753906e+13 -4.939613715707249023e+12 -4.805677496916847656e+13 -2.363756198750345312e+13 -1.754237800124743359e+13 -4.591356469242791016e+12 -1.462019205120417578e+13 1.690035521073321484e+13 -6.272236755714828125e+12 -2.401342585565836719e+13 6.025863483892797852e+12 -2.482946966121523438e+13 4.176880108860213379e+12 2.281464297249551562e+13 -2.597055696006369531e+13 -7.784913124872758789e+12 2.049336256746629395e+12 8.314904785379114258e+12 1.090424380148571680e+13 1.351920526254150781e+13 1.255107657610966016e+13 1.171953482575047363e+12 -1.363996224170606836e+13 -7.654011672582809570e+12 -8.280198770904420898e+12 -1.002316015366467041e+12 -1.663450260401972168e+12 2.661116455228284180e+12 -3.252728578183504883e+12 -6.018996097653775391e+12 -2.141445496264867920e+12 -8.574308822887158203e+12 4.608441716475060547e+12 6.748982235975282227e+12 -6.753679314934638672e+12 -2.870906677663114746e+12 4.608275264776339062e+13 1.335906165330293594e+14 -2.470319133821026250e+14 -2.796926096746571875e+14 1.136872459275254750e+15 -2.994756698968275625e+14 -8.945912650538782500e+14 1.165520405701904102e+13 2.434302327279683594e+13 -3.201925426602686875e+14 -5.619611686647335938e+13 -2.194313569773802812e+14 2.914479098248485000e+14 -2.385586931559785938e+14 9.592515701626737500e+13 1.118776791136183984e+13 -8.896658919226614062e+13 2.927036131526167969e+13 -1.560316089171249062e+14 3.708962590929431250e+13
-8.402035280321384277e+11 -1.578406804215232666e+12 4.676023317713932037e+10 6.177723510130471680e+12 7.315585549351563477e+12 -2.515391174572978516e+12 -1.254472802051255273e+13 -1.229458108904300781e+13 6.973918688080149414e+12 -8.024097489022833984e+12 3.788086140373685938e+13 -1.117554955818226953e+13 -2.897055842124425391e+13 4.141250884371691406e+13 -4.267347821453875781e+13 5.949891012255075000e+13 -2.109198540585899609e+13 -1.954414460395562500e+13 -8.921731874676380859e+12 1.308975939197752344e+13 -5.733290184119416504e+11 -7.824683141411938477e+11 1.687802310598940277e+10 1.660256176070092529e+12 2.625422160342944824e+12 -8.656091936921228027e+11 -4.394584985773442871e+12 -3.439189002445084961e+12 3.121456424679759277e+12 5.452456341967498779e+11 1.245323252412947852e+13 -5.636642076770252930e+12 -9.472914135489529297e+12 7.027630808072874023e+12 -1.042712888955064844e+13 2.019909128538248828e+13 -5.953118207035140625e+12 -6.210048339558146484e+12 -3.619594147362389160e+12 4.396920188069727539e+12 -3.255210226455992432e+11 -6.041468351194407959e+11 -1.910571090639959717e+11 8.683786371509595947e+11 1.708048495238860107e+12 1.311587251828964386e+11 -1.740464400003714355e+12 -2.307160741369335938e+12 9.510358312385668945e+11 1.881571530851906494e+12 3.562181190143641113e+12 -2.063571992351233154e+12 -2.894363561713247070e+12 9.602592542367116699e+11 -3.480540218081082031e+12 7.411199435430540039e+12 -9.611891300270480957e+11 -2.062199698356047852e+12 -2.747325161971229492e+12 2.191578190235146240e+12 -2.184540502466255469e+13 -1.224761600532743594e+14 -1.495288458293514062e+14 3.602340537985840000e+14 6.323264898444337500e+14 6.307205504625714062e+13 -6.608038703022870000e+14 -2.098837086942989062e+14 -2.861860925789642578e+13 1.820252095432664688e+14 2.657896088505015938e+14 -4.377086528155311250e+14 1.744247404505452500e+14 -4.127580442382578906e+13 9.949479636355775000e+13 -1.669214480690385625e+14 1.676595679137783125e+14 -1.124828514986088125e+14 2.062719915843507031e+13 -3.450498540880355078e+13 6.024519016302651367e+12 1.351476572805644531e+13 1.861667408068429443e+12 -3.273096180113197021e+11 2.695982666739651172e+13 1.168492521460057812e+13 -1.825292700861614062e+13 -7.846577198276074219e+12 -3.869269115680518750e+13 1.061073343839299023e+13 -2.664348529838291797e+13 5.874614899753055469e+13 -9.812599759267300781e+12 -1.432838162577791992e+13 2.598602103834532422e+13 -3.688906856025664844e+13 4.366586952557334375e+13 8.247386239537474609e+12 -2.507080945602375000e+13 -2.395678441164305078e+13 2.715492244895702637e+12 5.016194183842265625e+12 -1.349541711301375244e+12 -2.211246613538590820e+12 9.690576147590128906e+12 4.354347275960857422e+12 -6.416966372246629883e+12 -9.783845231565405273e+11 -1.079098210149812109e+13 3.712730762987529785e+12 -6.967550386815860352e+12 2.302592892308621875e+13 -4.221356499281461914e+12 -5.065066354572403320e+12 -2.201246729846742859e+11 -1.380853183522130664e+13 1.740981282820584180e+13 3.325900535371210938e+12 -7.589027891231592773e+12 -8.327737732839777344e+12 1.398776318761975830e+12 2.422964750393906738e+12 -1.449858404754555664e+12 -1.695455234764243164e+12 3.803966437522099121e+12 2.743626395692476562e+12 -2.138156899446885742e+12 1.473591685472010742e+12 -5.001795642227583008e+12 1.113735240649408112e+11 -1.150511221979317383e+12 7.795015460514820312e+12 -1.429951295123507812e+12 -1.879804567068436035e+12 -1.183568639461588867e+12 -6.243648485413944336e+12 6.633634405902091797e+12 2.432794893665588379e+12 -1.534591381438334961e+12 -4.485608372613517578e+12 1.103389518007530078e+13 2.009661115404385156e+13 -2.239056358654815000e+14 -2.573097433208776562e+14 -2.994756698878181875e+14 1.495358503113812750e+15 9.401351441322933750e+14 -1.271517243799669500e+15 -5.185573971604064375e+14 -3.768803653597375625e+14 -1.916383511021246250e+14 4.981437313327245000e+14 -5.614297326305953125e+14 8.245253859903251562e+13 -1.641906368860915625e+14 1.874033886109890000e+14 -3.318980634605797500e+14 1.002696192095747188e+14 -3.911712196846628906e+13 -2.626831501944628516e+13
-1.686509794976952148e+12 9.107577748793810547e+12 8.140675390306674805e+12 -1.388719083455629688e+13 -2.591668928148596484e+13 6.107882298505359375e+12 2.013827099062428516e+13 -2.699847251102611719e+13 -2.225288776637082422e+13 6.005688820105692969e+13 -7.550632067640248438e+13 2.739812549350832031e+13 5.884900590566114844e+13 -8.972370525517195312e+13 1.052669070211668125e+14 -7.322143524616164062e+13 1.454350292825188477e+13 2.899363984715899219e+13 4.557799365580985107e+11 -2.360886850065986328e+13 -9.600198674044665527e+11 2.002738495623760254e+12 9.976141378312316895e+11 -6.369613606082680664e+12 -9.321758598943171875e+12 2.395845297649069336e+12 7.967837846721011719e+12 -3.761670449839376465e+12 -9.944498951369367188e+12 1.479740424868753906e+13 -6.239524205550466797e+12 -2.072089444368419922e+12 1.402453929774548828e+13 -1.215217595050874219e+13 1.575958987739212109e+13 -1.525319578057244727e+13 6.992851819417990234e+12 1.534107662508728027e+12 2.329366744136798828e+12 -5.753139859156645508e+12 -4.076657097746807861e+11 1.264981241707358398e+12 9.245502029024880371e+11 -3.279934012704378906e+12 -4.091605942083559082e+12 2.082025515367098389e+11 3.700173474818278320e+12 -3.322323184359295654e+11 -2.754580870434855469e+12 2.167503755820633301e+12 2.876191448935049316e+12 -4.066308585980589355e+12 3.520763388008908203e+12 1.277829284342332520e+12 -1.523099650770855713e+12 -4.106988856027048340e+11 1.966554362799858643e+12 -1.093284304625448730e+12 6.115591780139101562e+11 -1.365308075682617676e+12 -5.768170041086396875e+13 -4.130923716842858125e+14 -6.535222531915918750e+14 3.074264053052046875e+14 1.079305988978182625e+15 7.822557657383918750e+14 -5.286212738872836875e+14 -8.679645882118648750e+14 3.733227132001731875e+14 -2.362799638622316406e+13 1.563910387306251875e+14 -4.221546528499189375e+14 3.902167751709046875e+14 -4.520153324234342188e+13 -8.375967891091718750e+13 2.125635884428477188e+14 -1.052497728501280156e+14 -2.695140842877311250e+14 1.991733941900146875e+14 -8.588156907135870312e+13 -1.168436811085897461e+13 -6.957960252481444531e+13 -1.124831753968126719e+14 -1.290199983644581875e+14 -1.069248125532691094e+14 2.815043510938653125e+13 1.387184305859742656e+14 6.738949989445594531e+13 7.513168381277475586e+12 5.570966160948750000e+13 9.576881013037134766e+12 -3.017647439801576953e+13 1.763196174005538818e+12 1.085373928034892656e+14 -9.256970714439379688e+13 5.746698445225156250e+13 6.037650846397906250e+13 -8.044464646527335938e+13 5.920665229523717188e+13 1.377878378161216797e+13 -3.294465978262345703e+12 -2.026146234392406641e+13 -3.300457100006565234e+13 -3.769816439623263281e+13 -3.001879578254489844e+13 7.486730255599749023e+12 4.144670539510549219e+13 2.178780795267448438e+13 9.692679446515896484e+12 6.743558538801142578e+12 9.381778688063642578e+12 -1.210408374647230469e+12 3.231956854309589844e+12 1.951442199099117969e+13 -5.856468440865549805e+12 1.466177683017115234e+13 7.242229540330963867e+12 -1.949670034365557422e+13 1.974631623841235938e+13 2.024025824125352295e+12 -1.043415690760628296e+12 -6.326479227206338867e+12 -1.127438492200514062e+13 -1.391241015091641797e+13 -9.455286302700917969e+12 6.541107556741643066e+11 1.155994077287502148e+13 8.207199071457992188e+12 4.634044190705575195e+12 1.022249176069172852e+12 8.372104047322034912e+11 2.492469987586178711e+12 2.164628489230431885e+12 4.498615285463227539e+12 1.269260378645574707e+12 4.113819796583193848e+12 -1.017044901759227448e+11 -4.835062302815759766e+12 5.417525797700299805e+12 -1.638502528975787048e+11 -6.539656026326898438e+13 -5.649200279263437500e+14 -3.129446161529411250e+14 -2.189518746262181250e+14 -8.945912651279638750e+14 9.401351443199246250e+14 4.092226147893466500e+15 -1.076713149180706000e+15 -1.106355331945725000e+15 2.926571037291593750e+14 -4.742607536023694375e+14 4.943119119017774375e+14 -6.060242563193511250e+14 2.374699657817738125e+14 1.511229254498467500e+14 -2.112514934303893438e+14 1.527757434501393125e+14 2.593493633212242676e+12 -2.806268543932416562e+14 -7.685312677987982812e+13
-2.492961995187955566e+12 1.052363541287420703e+13 1.010686485993140039e+13 -1.423419747731525977e+13 -2.858911913899483203e+13 6.357431672912401367e+12 1.891807544369305078e+13 -3.935310781656809375e+13 -2.421471067052296875e+13 7.054034651774195312e+13 -7.533053431963412500e+13 2.856931143866337109e+13 5.897798699778809375e+13 -9.124537882916960938e+13 1.098937973434996406e+14 -6.211127211281833594e+13 7.879976226158377930e+12 2.652414848321962109e+13 -3.722848922397062500e+12 -2.295541477694191016e+13 -1.464760792867842773e+12 2.104899595818107422e+12 1.243921817590533447e+12 -7.092604903849507812e+12 -1.028579953688930859e+13 2.551912698749914551e+12 7.758416073782021484e+12 -6.312578322799909180e+12 -1.081885442085607812e+13 1.859255190514793359e+13 -1.744753160670083008e+12 -5.275592854655286133e+12 1.282079221174179297e+13 -1.167648566206023047e+13 1.451155604167852930e+13 -9.188208709284781250e+12 5.801659692189126953e+12 -1.083918082189349609e+12 1.146098013646356689e+12 -5.013798172508326172e+12 -6.614358544482432861e+11 1.276685451380102539e+12 1.053486617135157471e+12 -3.645760591884707031e+12 -4.247718324685583496e+12 3.209439500043209839e+11 3.747246645196182617e+12 -1.520292584455871826e+12 -2.955252783336355469e+12 3.589249602167490723e+12 5.274775841192492188e+12 -6.028879046165042969e+12 2.970479250122758301e+12 2.044395642018370361e+12 -3.559383150722793945e+12 3.052788355646083984e+12 1.974188683295163574e+12 -2.345340244485173340e+12 -5.626834950376080322e+11 -6.381064411524853516e+11 -9.101857509823134375e+13 -1.902088815316441875e+14 -3.411992371431517500e+14 -6.981548476497377500e+14 -3.504941726918163750e+14 9.236637731151545000e+14 2.793821080076599000e+15 -1.584760755209928000e+15 -1.495772999434990500e+15 1.291145552697439000e+15 -6.100644038658645000e+14 5.663384552725116250e+14 -1.159475495919537812e+14 -3.272087034126233984e+13 -3.728133810596971875e+14 9.481266358250753125e+13 1.894777201597257500e+14 2.148805745537685625e+14 -2.752561192374964375e+14 8.810815756211035938e+13 -1.157903921869511328e+13 -7.969816255788056250e+13 -1.384457057380265312e+14 -1.599829036500079062e+14 -1.194989474389675469e+14 4.048714943610359375e+13 1.630680171986355938e+14 7.970905547120700000e+13 -9.287210677513207031e+12 7.411038390668956250e+13 -9.403644746923054199e+11 -9.150371907351720703e+12 -2.531390755324872070e+12 1.275667667300283594e+14 -1.021843091628143594e+14 5.346064356161632031e+13 9.577657069101740625e+13 -9.568871777830129688e+13 6.129509687423740625e+13 5.555948374836817383e+12 -2.776108115390084473e+12 -2.268861736726167578e+13 -4.153348623649603906e+13 -4.776185439855758594e+13 -3.252933729126609766e+13 1.136684620949005664e+13 4.825901987116332031e+13 2.651982609332645703e+13 6.821218948021865234e+12 1.013788902300689258e+13 8.273487080118463867e+12 9.565991332145375000e+12 1.975014489615840088e+12 2.173972045442560156e+13 -7.360578102510885742e+12 1.152664505425984961e+13 1.733793964373945703e+13 -2.255354893377005859e+13 2.081406291920851953e+13 -1.494707254767819824e+12 -6.203480006925694580e+11 -6.672641373078152344e+12 -1.466307487219101172e+13 -1.804899606505211719e+13 -9.884843514392136719e+12 2.128775256493313965e+12 1.329254432110009180e+13 1.087495455509270898e+13 3.336819211257749512e+12 1.319847885492177734e+12 4.842189533867337036e+11 6.833579958571412109e+12 1.994287664523775635e+12 4.669369996649797852e+12 1.003536642202464600e+12 2.095594314885286865e+12 3.061891133578284668e+12 -4.820401092250734375e+12 5.973579937886333008e+12 -2.358588967584692871e+12 -1.831502630625063672e+13 1.475008070510888438e+14 -3.092033387534789375e+14 -7.225418367320101250e+14 1.165520399983667188e+13 -1.271517243495934250e+15 -1.076713148426461875e+15 7.894142920084123000e+15 -1.999658891861732500e+15 -1.118533926771311750e+15 6.438709885515357500e+14 -8.127229989591595000e+14 6.348118621803150000e+14 6.002135911833385938e+13 5.779464289836439062e+13 -5.516381353006365000e+14 1.197243807303778438e+14 1.108046534282597031e+14 2.099230233640997500e+14 -8.089838111255698438e+13
5.489976703545567017e+11 6.285421360570020508e+12 3.413488235983755859e+12 -1.528765998842441602e+13 -2.215733302464706641e+13 6.418757883615010742e+12 2.759335101299349609e+13 7.040444672970954102e+12 -2.007244660498358984e+13 3.784099125080190625e+13 -8.961231442823996875e+13 2.862965277898048047e+13 6.900597231997350000e+13 -1.010390655693335312e+14 1.095988063117664688e+14 -1.213321305567350781e+14 3.812668588868786719e+13 4.197021064093175781e+13 1.368937513289729297e+13 -2.990313741235626562e+13 4.562827106005186157e+11 2.040672963318731201e+12 4.014516910135563965e+11 -5.237370515856381836e+12 -7.960724185848194336e+12 2.334674225390421875e+12 1.005713952028642578e+13 3.591847511132220215e+12 -8.977518970567703125e+12 5.508602200868971680e+12 -2.150628298314786719e+13 7.638674426478142578e+12 2.033048928981555078e+13 -1.583057302076373633e+13 2.251635751667319922e+13 -3.707991261328289844e+13 1.199715696574658203e+13 1.004942320180939062e+13 6.471680272730753906e+12 -9.112778603916269531e+12 3.178759799892255859e+11 1.455196975817239258e+12 6.846856000031860352e+11 -2.717254166652117188e+12 -4.334667864200151855e+12 -1.092692350472733459e+11 4.216164687509642578e+12 3.347431016089442871e+12 -2.617423270797505371e+12 -1.918221398368381592e+12 -4.156859125819488770e+12 1.380810385534926514e+12 5.884673623791337891e+12 -9.054999133885479736e+11 4.612499842876975586e+12 -1.138536915643211328e+13 2.295504793470613770e+12 2.651192637449799316e+12 4.417132639302391602e+12 -3.899159182234976074e+12 -6.482746564916242188e+13 -2.285175655142392812e+14 -3.443378825931643125e+14 -5.810648004086038750e+14 -4.725104788303891875e+14 -3.677174680473744375e+14 4.563877476999980625e+14 4.351554795810348500e+15 -2.226882073798336250e+15 -1.338883567218675000e+15 8.764215898712915000e+14 2.568135358257537812e+14 -7.125987372982670000e+14 3.018442320340251250e+14 -1.121592363447656094e+14 3.466460433354927500e+14 -4.173962728610694375e+14 3.520124561971600000e+14 3.292660084805509375e+13 -1.091869699066639844e+14 -1.411312435407740039e+13 -5.022147143960682812e+13 -5.095867935469852344e+13 -5.472557801190328125e+13 -8.654117280779943750e+13 -5.625285067862784180e+12 8.697949547096085938e+13 4.071085734889643750e+13 6.173913496513726562e+13 7.794814433207719727e+12 4.439771994055328906e+13 -1.017702829485719531e+14 1.559639911273472070e+13 6.812604404560653906e+13 -7.892428179315331250e+13 8.039137204792146875e+13 -4.020433157375725781e+13 -4.690469645418306250e+13 6.326059164383408594e+13 4.213245161538396094e+13 -5.517270685166189453e+12 -1.625901436990322070e+13 -1.208476782086309180e+13 -1.279028236383683984e+13 -2.750525639139996094e+13 -3.381714468464102051e+12 2.744500678583942969e+13 1.080502080698848047e+13 2.047005548218501953e+13 -2.729333152298251465e+12 1.455396574340008789e+13 -3.534523399321025000e+13 7.768161186932260742e+12 1.601320242898594727e+13 -2.173628825925206543e+12 2.716093376004558984e+13 -2.323301669440538281e+13 -1.337509213943315234e+13 1.992999423203098438e+13 1.346215685998190625e+13 -2.562260174433738281e+12 -6.372520602228356445e+12 -2.632503752662484863e+12 -3.390109997427338867e+12 -9.800445108216455078e+12 -3.869830668357912109e+12 8.181668026294254883e+12 1.283849456883797119e+12 9.548691648285943359e+12 2.690674517009229126e+11 2.098499618269121338e+12 -1.072333971140956250e+13 3.089291727045508301e+12 4.768653182623095703e+12 2.333416057053134766e+12 1.120436234861720117e+13 -1.007703656868535352e+13 -5.749061392853459961e+12 4.639805375106416992e+12 6.714445565818438477e+12 -3.524864687932633594e+13 -1.161966879097397969e+14 6.458184116333257031e+13 -4.302985364498432812e+13 2.434302345828418750e+13 -5.185573971706168750e+14 -1.106355331949258000e+15 -1.999658891386460000e+15 1.010002808251224600e+16 -2.513568376914414500e+15 -4.535709546255094375e+14 2.222820263805799688e+14 4.552590652272111250e+14 -2.961390507745048750e+14 1.049024069534185938e+13 -1.874733244018585000e+14 5.733305050886827500e+14 -2.377321355076208125e+14 3.593960704166766250e+14 1.351585906422770469e+14
4.346079683718788452e+11 -3.752880817607367188e+12 -3.019384092157503906e+12 6.589251344504788086e+12 1.132846145025646484e+13 -2.851724942580193359e+12 -1.037969274312821289e+13 7.223121269696182617e+12 9.886164729227642578e+12 -2.419903181500001172e+13 3.681313365171597656e+13 -1.276719283378841016e+13 -2.856464720949349609e+13 4.291703048407369531e+13 -4.899241252967817969e+13 4.093224972510984375e+13 -1.026204913298361719e+13 -1.528487829123222656e+13 -2.220588211187617676e+12 1.179681191708283984e+13 2.255424608424778442e+11 -9.253363822581281738e+11 -3.674528484198626709e+11 2.752567938068455566e+12 4.073292266821499023e+12 -1.090773425730559692e+12 -3.976033706367203613e+12 6.095735318993752441e+11 4.419118620972783203e+12 -5.382569525380994141e+12 5.185246105453350586e+12 -5.244795647075486450e+11 -7.397878566348833008e+12 6.138819358160685547e+12 -8.263054402707329102e+12 1.032095281185918945e+13 -3.971398476885976074e+12 -1.998599217712829102e+12 -1.699115916868420166e+12 3.152209734638053223e+12 7.691077698671060181e+10 -6.097346918374736328e+11 -3.880574432218123779e+11 1.420485126367855713e+12 1.915630844220591797e+12 -4.734638306828439331e+10 -1.777383695796874268e+12 -4.067074731316303101e+11 1.243939291368816406e+12 -3.742563135523880615e+11 -2.517005329481963806e+11 1.039191215233570435e+12 -1.975864084374654541e+12 -2.548889318443168030e+11 -2.331798161425949402e+11 1.856564906968120117e+12 -9.529527884842570801e+11 -6.711685065247134399e+10 -8.591931946614877930e+11 1.011999053645987793e+12 3.272246107119065918e+12 -2.104626221826326875e+14 -2.923564031641066250e+14 -4.155406347250488750e+14 -4.038028493184620625e+14 -3.368809722005468750e+14 -8.349532685547935000e+14 5.571962148489777500e+14 6.006150385770665000e+15 -4.504656490745308000e+15 -7.897638595610495000e+14 1.632798175678677500e+15 -1.117517936074516125e+15 7.357197182488876250e+14 5.342269077964279688e+13 2.390080329800349062e+14 -3.662160961266190625e+14 2.517557758909332812e+14 -3.558400908237676250e+14 1.776744959669736875e+14 5.734093686318375977e+12 2.900580165257670312e+13 4.229660190391597656e+13 4.794875679210960156e+13 4.599725138844053125e+13 -7.792051156464715820e+12 -5.582996280348958594e+13 -2.688758591675758594e+13 -1.169128493267271094e+13 -1.829711777257130469e+13 -9.689544139325595703e+12 2.473692967995941016e+13 -2.912010999591387207e+12 -4.369376704616600781e+13 4.043011914277478906e+13 -2.987053485895130469e+13 -1.243547321608867578e+13 3.183913186792166406e+13 -2.780128166892120312e+13 -1.063596753175066797e+13 1.850510700492471191e+12 8.694876788643928711e+12 1.197477240605136328e+13 1.352373891849278320e+13 1.340131655637241797e+13 -1.785738918406959961e+12 -1.690248817023938867e+13 -8.334803072972900391e+12 -6.088464965163916992e+12 -1.656606720497645020e+12 -5.093806185504778320e+12 5.743762763506077148e+12 -2.173411020169154053e+12 -8.428048939803551758e+12 2.129300069088708984e+12 -8.631744958309684570e+12 1.306473731985437988e+12 8.021648454966584961e+12 -9.094573462159580078e+12 -2.667774466507628418e+12 7.099336887354355469e+11 2.911844307829726562e+12 3.863272163320407227e+12 4.788743478791854492e+12 4.393919058714153809e+12 3.872336677528531494e+11 -4.794378985377618164e+12 -2.716144858105472168e+12 -2.874707144754270508e+12 -3.548996447765417480e+11 -5.761111039561339111e+11 8.641757479725250244e+11 -1.134438902799244629e+12 -2.106613798264794922e+12 -7.445251137498345947e+11 -2.966547675691218750e+12 1.562803263619366455e+12 2.358966937161423828e+12 -2.369292552223809570e+12 -9.701675041130859375e+11 3.254049116564096191e+12 -1.360126775549316094e+14 -1.183061238284756094e+14 -4.388500028764471094e+13 -3.201925429003259375e+14 -3.768803653084868125e+14 2.926571034633406250e+14 -1.118533928148005250e+15 -2.513568375509372500e+15 1.265883535201991800e+16 -4.409592058965521000e+15 1.660045471738459375e+14 4.396413081533518125e+14 -3.731427368341803125e+14 6.206665883129230000e+14 -8.918899667606119141e+12 7.966356105655651250e+14 -6.286475687401310000e+14 5.564882141222091250e+14 -3.672801058586475000e+14
-3.010522203615893555e+11 2.383942303906356934e+12 1.950150149232497070e+12 -4.102521957520263672e+12 -7.133894463962655273e+12 1.779369934341433350e+12 6.393795467635248047e+12 -4.962686289304237305e+12 -6.211234705447728516e+12 1.542453114166945312e+13 -2.283796746998298828e+13 7.968363662033943359e+12 1.773110962943811719e+13 -2.669178400497603516e+13 3.058264958582648828e+13 -2.496903615473860156e+13 6.109175855051639648e+12 9.389194443811964844e+12 1.215562006232829102e+12 -7.295236957013302734e+12 -1.595852013817501221e+11 5.781989296376375732e+11 2.376018638299292603e+11 -1.736243143951982666e+12 -2.565203047963240723e+12 6.829594758847382812e+11 2.459231338638898926e+12 -4.774487020692142334e+11 -2.776326686790951172e+12 3.487756224823517090e+12 -3.043025349437126953e+12 2.009325321261125793e+11 4.544041006305806641e+12 -3.791020717094880371e+12 5.079209335595964844e+12 -6.168997236216657227e+12 2.418186644095757812e+12 1.138473352815399414e+12 1.008404692251927612e+12 -1.927395606675896240e+12 -5.759334590919313812e+10 3.788325887458187256e+11 2.458259392303488770e+11 -8.957192461852663574e+11 -1.194834461922455078e+12 3.376405453167497253e+10 1.104805693758404053e+12 2.061982936460549927e+11 -7.797414702289023438e+11 2.875218617000839844e+11 2.494411448177737122e+11 -7.211768129809796143e+11 1.204749629341198730e+12 1.879761796448057556e+11 6.553977044863122559e+10 -1.017465514441942139e+12 5.916620007554912109e+11 -7.024583937506043434e+09 4.875317911825526123e+11 -5.997363766231057129e+11 1.251837958700183594e+13 -1.464061659958920000e+14 -3.059999324980221875e+14 -4.909266724986921094e+13 -1.262592891444030469e+14 -1.320956005723116250e+14 -2.049538215310870000e+14 -5.190672619873184375e+14 -1.257538745828439250e+15 7.333216736568356000e+15 -5.635068799137830000e+15 -5.012039668819409375e+13 2.517530633451824000e+15 -1.935544892957812500e+15 3.814938315615582500e+14 -1.759987927995921562e+14 2.858301925052928750e+14 -4.659080324623922656e+13 1.555206875773388438e+14 -1.084455604433266250e+14 -3.554259707075085449e+12 -1.839323544545009375e+13 -2.725693580458005859e+13 -3.095883600461759375e+13 -2.903292722374178906e+13 5.315043806819624023e+12 3.559250342853747656e+13 1.716431835834662695e+13 6.602021750515204102e+12 1.206982195022826367e+13 5.604088686000036133e+12 -1.453337259807911719e+13 1.640134609766132568e+12 2.785442280684109766e+13 -2.546312448657109375e+13 1.838073447654582812e+13 9.093180012845052734e+12 -2.035074875599116016e+13 1.733357984291754102e+13 6.280594907232768555e+12 -1.128202957219482910e+12 -5.490058787058583984e+12 -7.762645645064811523e+12 -8.783539675606136719e+12 -8.413933554843204102e+12 1.259003649231197998e+12 1.075386032959983203e+13 5.356217368000767578e+12 3.666630795147546387e+12 1.159979868036760742e+12 3.117933975102960938e+12 -3.145414609785255859e+12 1.299868607533478271e+12 5.316631718728889648e+12 -1.379834269585071289e+12 5.234640892232071289e+12 -4.182663167006667480e+11 -5.096758452609914062e+12 5.685245491632615234e+12 1.518722941561565674e+12 -4.241099357456680908e+11 -1.820434094990425293e+12 -2.529134210423069336e+12 -3.132520701700318848e+12 -2.743393950786243652e+12 -1.829729312504439087e+11 3.042561015075468750e+12 1.789245448509008789e+12 1.733498521592634033e+12 2.318054442673777161e+11 3.437899517907286377e+11 -3.675103052812750854e+11 6.973672669380780029e+11 1.313918705928287598e+12 4.516935632792903442e+11 1.762463406560411377e+12 -8.468271367127264404e+11 -1.463312965618517334e+12 1.491907729942322510e+12 5.167253528547221069e+11 2.390034178531676953e+13 -2.229101579382258203e+13 -3.816208202087260938e+13 7.092875345844362305e+12 -5.619611683533455469e+13 -1.916383511602030000e+14 -4.742607532110434375e+14 6.438709893339142500e+14 -4.535709550923640000e+14 -4.409592057847979000e+15 1.332173286736403400e+16 -6.185211323607087000e+15 3.860461909178896250e+14 1.672589882209640000e+15 -1.108687102136067875e+15 6.930886902634127344e+13 -1.811007489248014062e+14 2.412694118862997500e+14 1.978062247967404688e+14 1.289204305052062500e+14
-1.953120929545407959e+12 9.605238617451217041e+11 3.143435061064219238e+12 4.446669363276271484e+12 1.693601869229224365e+12 -1.639557011184048340e+12 -1.206989753782036523e+13 -2.945469300319056641e+13 2.539751365735288574e+12 1.007123538693712109e+13 3.090483828476818359e+13 -7.185675364607350586e+12 -2.321935412670695703e+13 3.107905621485060547e+13 -2.719382964465751953e+13 6.565436282283184375e+13 -2.757831022532345312e+13 -1.970230471372774609e+13 -1.381355617165032227e+13 1.161538761730233789e+13 -1.260791005781455078e+12 -4.712707762929020996e+11 4.026935415293254395e+11 2.003633568883042297e+11 5.999702987737447510e+11 -4.533463268487767334e+11 -3.883872265168049316e+12 -6.809829381088282227e+12 1.142687587139976074e+12 6.435328245182813477e+12 1.716818080293710742e+13 -9.617292617857015625e+12 -9.560318784053652344e+12 6.433296947656466797e+12 -1.040176521282884766e+13 2.591098739352915234e+13 -6.694684433897006836e+12 -9.156123176270525391e+12 -4.795483803513960938e+12 4.722771672779702148e+12 -6.640223896831861572e+11 -4.699738439829577026e+11 4.918490862930458832e+10 1.242657771427323761e+11 1.134397481238948730e+12 2.841212788277843018e+11 -1.332835328795785400e+12 -3.741931497187019043e+12 4.519638979333196411e+11 3.766939276979824219e+12 6.668683842532690430e+12 -4.768343203581263672e+12 -3.209314489900912109e+12 1.987187241840201660e+12 -6.030407023419993164e+12 1.146269020330395898e+13 -7.650748843564346924e+11 -3.644960029771307617e+12 -4.075985779919952637e+12 2.920547939420160645e+12 -2.276694871936543750e+13 -1.810147151139053906e+13 -2.639292723518236328e+12 -5.724342312172801562e+13 -1.058269985584262109e+13 -1.033402253233372070e+13 -3.810672719948719375e+14 -4.512982059285630625e+14 1.757097923970058125e+14 -2.357360504671813500e+15 8.355879702716075000e+15 -6.721095744087021000e+15 7.891503098252403750e+14 1.276105041768240250e+15 -3.296085512162250000e+14 -1.112552851100247969e+14 2.157748476265037354e+12 5.266810554100892188e+13 -3.421697278270651250e+14 1.204860871408078594e+14 5.037272726653269531e+12 -5.055569113906360352e+12 -3.950307479684600781e+13 -4.917107043000843750e+13 1.936319186178621826e+12 2.893346885741864453e+13 2.370285648668025391e+13 1.311489126919991602e+13 -5.782004389390075000e+13 3.764314481899370312e+13 -3.815376571331250000e+13 8.070813660154965625e+13 -1.471698798992380859e+13 1.847253138671863672e+13 5.823620948326900391e+12 -3.615339501983004688e+13 9.121944399164184375e+13 -1.741014918896046484e+13 -1.697135180605694727e+13 -3.235748953502582031e+13 3.014266906884434570e+12 2.219275695573285217e+11 -1.456268880942086328e+13 -1.768359139709579688e+13 3.869518005577725586e+12 9.649257046358726562e+12 5.571964144432347656e+12 6.683259338439993164e+12 -1.326017502626616602e+13 8.363204239220348633e+12 -7.383931088461051758e+12 3.563828538040542969e+13 -5.398388573796750977e+12 -5.802776476113453369e+11 -2.553740868800363281e+12 -1.611637740150538281e+13 3.002241454398321484e+13 -2.139309718495751709e+12 -4.449305622017744141e+12 -1.229098686655751172e+13 1.799171952183464600e+12 1.412230262219607178e+12 -6.524723452512935547e+12 -7.904606113569725586e+12 2.397064847507015625e+12 4.547515927508511719e+12 1.007947855044252686e+12 5.405184005559982422e+12 -6.093004324130314453e+12 5.601107469126334229e+11 -1.487765059681806641e+12 1.315923554030138867e+13 -1.425192032404417480e+12 -1.250138340336790527e+12 -1.376646115729207031e+12 -8.235894058932768555e+12 1.036033474241706836e+13 1.990106008266044434e+12 -3.624409734060131226e+11 -7.093301756780085938e+12 -3.733847462404129688e+13 -1.286510765624621562e+14 -1.293821260054489688e+14 -1.587409605606351074e+12 -2.194313567848380938e+14 4.981437313761066875e+14 4.943119111344109375e+14 -8.127229994565596250e+14 2.222820260832682188e+14 1.660045460226863750e+14 -6.185211323426007000e+15 1.391185201911685400e+16 -7.021766039067710000e+15 7.646317784151302500e+14 4.993229387807557500e+14 2.975707400442712500e+14 -1.437179317479416875e+14 -1.576844282870425625e+14 8.406978239679112500e+13 -3.730699759721690625e+14
-1.728716094555624084e+11 3.483548136401180664e+12 2.505962212434279297e+12 -6.884036685114603516e+12 -1.109035588935129492e+13 2.943644494866656738e+12 1.147806519291594922e+13 -3.249334890917416504e+12 -9.811275337970929688e+12 2.197698005461362500e+13 -3.921884549747193750e+13 1.315938681573987109e+13 3.033606553131325781e+13 -4.510201277588927344e+13 5.044971203504064062e+13 -4.752383770889986719e+13 1.330626825700561133e+13 1.714370454511696289e+13 3.861384744480958496e+12 -1.278199565699006445e+13 -5.877012151157011414e+10 9.475608561117987061e+11 3.024501004460465088e+11 -2.668285082166933594e+12 -3.986554979387108398e+12 1.104177683901552002e+12 4.304197170863210449e+12 2.670303409488252869e+11 -4.386575413924750000e+12 4.363216571409191406e+12 -7.128149427487114258e+12 1.707425689240224609e+12 8.300603480374047852e+12 -6.700164366835029297e+12 9.236731001789201172e+12 -1.315413313541775586e+13 4.651574221442356445e+12 3.065252221406456543e+12 2.231852683840967773e+12 -3.618112626933413086e+12 9.259669469171072006e+09 6.443355074540416260e+11 3.664834396121773682e+11 -1.379602118873330078e+12 -1.981512098425374268e+12 9.902542954696826935e+09 1.873595463851953369e+12 8.589193505169365234e+11 -1.251086063352644775e+12 -1.121167458939200287e+11 -5.930093755225485840e+11 -4.010558923445468750e+11 2.299064905932713379e+12 -3.969912671463656425e+09 9.787320867015814209e+11 -3.217569675306623535e+12 1.010854392684511475e+12 5.206841472489632568e+11 1.335241937897476074e+12 -1.337352072664546387e+12 -3.996359114414326562e+13 -2.348104323404492969e+13 -2.207006069994984766e+13 -2.149197357438253750e+14 -1.682687227622656562e+14 -1.759958303921136250e+14 1.433264392398486133e+13 1.204395595090162031e+14 -5.542802746487304375e+14 -2.960050418128102500e+14 -2.631435496470182500e+15 9.277007232149478000e+15 -6.643294010377172000e+15 5.165473814114718750e+14 1.250797434834114000e+15 -7.874694384317208750e+14 -1.009549877251889258e+13 5.548005145322011250e+14 -1.283748157426702344e+14 -9.080598251740310547e+12 -6.136781277977833008e+12 -2.722057866088878125e+13 -3.567158212821429688e+13 -3.988904326070000781e+13 -4.441210603922812500e+13 3.860905395571932617e+12 5.064493830640678125e+13 2.417775487740245703e+13 1.846402117533098828e+13 1.285843364127495508e+13 1.408021308034926758e+13 -3.385624787113744531e+13 4.638440375691214844e+12 3.964558358348325000e+13 -3.955272222331415625e+13 3.320901773687330469e+13 5.235988003297576904e+11 -2.839493263090439062e+13 2.882099331174537109e+13 1.426353027231323047e+13 -2.154279604992001221e+12 -8.377200273167457031e+12 -9.676214112979781250e+12 -1.077299947848203516e+13 -1.335321246555166406e+13 5.070068626537266235e+11 1.553350104554702539e+13 7.167115270257841797e+12 7.506323217172082031e+12 5.439824422313906860e+11 5.815661341460360352e+12 -9.976350720075865234e+12 2.762769013318506348e+12 8.165827460753230469e+12 -1.725054241754923096e+12 1.030606367466963867e+13 -5.012427461970921875e+12 -7.435168753301106445e+12 9.290151681342488281e+12 4.100226400939837891e+12 -9.069271011138768311e+11 -2.972920993728766113e+12 -2.893091060267090820e+12 -3.609074726008118164e+12 -4.519382078178610352e+12 -9.410538634913830566e+11 4.477731206732863281e+12 1.931669812931293701e+12 3.523143779189422852e+12 2.706924696343863220e+11 7.394416546321280518e+11 -2.476963608997849121e+12 1.267756340050479492e+12 2.179392471278907959e+12 8.872582653808875732e+11 3.879558632468992676e+12 -2.797499296419565918e+12 -2.514341632975884766e+12 2.320524352160379883e+12 1.819479964258196533e+12 8.625800533531027832e+11 5.928135959876610156e+13 4.334426612519751562e+13 -1.207758423563606562e+14 2.914479096425053750e+14 -5.614297325488993125e+14 -6.060242557884330000e+14 6.348118622423890000e+14 4.552590656267080000e+14 4.396413077860618125e+14 3.860461921100149375e+14 -7.021766040199679000e+15 1.479188608663402200e+16 -6.114746775830887000e+15 8.571119367382512500e+14 6.154656451231556250e+14 -1.292520765226550625e+14 3.787184579842500781e+13 5.155153529912494375e+14 1.800089147843304375e+14
-1.895065913915843506e+11 5.453095481180236328e+12 3.818409923719905273e+12 -1.104623144211971484e+13 -1.756292597166564844e+13 4.712270896477453125e+12 1.861605080267478125e+13 -3.870887697507968750e+12 -1.558169079536050391e+13 3.423172615807247656e+13 -6.316833422637410938e+13 2.105979358792089062e+13 4.883198902867837500e+13 -7.245421974331990625e+13 8.072281670419214062e+13 -7.774538866698335938e+13 2.215944258797698047e+13 2.787632110932727734e+13 6.677833124706329102e+12 -2.065315912950849609e+13 -3.902316134956983185e+10 1.514477195300477295e+12 4.598592896387955322e+11 -4.216738018688996094e+12 -6.312818032821638672e+12 1.760721936684648682e+12 6.953558361350025391e+12 7.109819935653225098e+11 -6.966789946139291016e+12 6.607400951526260742e+12 -1.197269980252854883e+13 3.102167995851913086e+12 1.349798412104079492e+13 -1.084079867282026758e+13 1.501018668517565234e+13 -2.184854165988415625e+13 7.621050353930631836e+12 5.223997504210564453e+12 3.724017185208348633e+12 -5.907223084534929688e+12 4.286709784298062897e+10 1.036199626094879639e+12 5.758955623507412109e+11 -2.181090137338437500e+12 -3.173370699824008789e+12 3.523879875955663204e+09 3.011619106161279785e+12 1.513896337792235352e+12 -1.992356253431343750e+12 -3.371594509047426758e+11 -1.219090555477035156e+12 -4.295559144022597656e+11 3.762507465976016602e+12 -9.084512706557493591e+10 1.800259079262681396e+12 -5.562397845323889648e+12 1.626804959355283936e+12 9.763270242017277832e+11 2.279329319666008789e+12 -2.233477263277480469e+12 5.859122918933876953e+12 -9.608195362712320312e+13 -2.135874889910746562e+14 -8.781760884997664062e+13 -6.907162268754292188e+13 3.433657475528977734e+13 1.933123570339905938e+14 -6.123029115575957500e+14 -1.068269910167417188e+14 6.968493723090370000e+14 -4.366408736807615625e+14 -2.468753120109541500e+15 7.821342836255251000e+15 -5.935071841767660000e+15 4.885803523065970625e+14 1.405320981289501250e+15 -2.490528857694026875e+14 -7.658050157402261250e+14 5.438347303340613750e+14 -1.636324003846290312e+14 -9.892857127993601562e+12 -4.271497638634286719e+13 -5.457700740498551562e+13 -6.081694634411396875e+13 -7.012571063504540625e+13 4.857594152668212891e+12 7.886433894198610938e+13 3.757302630333748438e+13 3.158106481228480859e+13 1.867704455166350781e+13 2.383021715781903906e+13 -5.683068986766910938e+13 7.941788552579169922e+12 6.173964923380412500e+13 -6.262733700148648438e+13 5.391350259796098438e+13 -3.056897121601135254e+12 -4.404121749868382031e+13 4.617658043735492969e+13 2.387258771707691797e+13 -3.525860401919653809e+12 -1.322130949634188672e+13 -1.464071867940933984e+13 -1.623764467638724219e+13 -2.122434208953633203e+13 3.889003336062772827e+11 2.426105846617245312e+13 1.101894740886642578e+13 1.240278682717750195e+13 5.019549238917844849e+11 9.486291003465570312e+12 -1.725082593786003320e+13 4.587002349394719727e+12 1.290319664388084180e+13 -2.611919266597808594e+12 1.693988989684878711e+13 -9.183080772827144531e+12 -1.163510753793075195e+13 1.484107988984929883e+13 6.989708865648999023e+12 -1.506914436828715820e+12 -4.748768059729825195e+12 -4.285037150926531250e+12 -5.355496980118205078e+12 -7.229643779172233398e+12 -1.677718312751180420e+12 7.019022119621526367e+12 2.816413415856675293e+12 5.815773301299459961e+12 4.030715191584829712e+11 1.229513243296345947e+12 -4.466581749981886719e+12 2.060067211553435547e+12 3.490378878423597168e+12 1.457908573466016602e+12 6.469089502470001953e+12 -4.852974971848432617e+12 -4.050129302195064453e+12 3.675176036675248535e+12 3.171461182290551758e+12 1.881444082575765625e+13 -7.181785393019179688e+13 1.072175214646702344e+13 8.756684615473189062e+13 -2.385586930995010938e+14 8.245253844667185938e+13 2.374699658345515938e+14 6.002135977182769531e+13 -2.961390513006606875e+14 -3.731427362194481875e+14 1.672589881108739500e+15 7.646317793780233750e+14 -6.114746776704570000e+15 1.253379507662346800e+16 -5.915754503832008000e+15 3.409863569681416875e+14 7.779186629679921250e+14 4.900735436336852500e+14 -6.474806603647792500e+14 2.529231844943060625e+14
-2.488842624934577637e+11 3.299197411130216064e+11 5.365945529410126953e+11 1.222488165108080444e+11 -4.705385250802603760e+11 -2.032109414046630096e+10 -7.719493318465914307e+11 -3.792598825595994141e+12 -2.891849662655073853e+11 2.570896872921679199e+12 1.376356358245750977e+12 -7.328659070779785156e+10 -9.809437886099034424e+11 1.038380056540497559e+12 -2.377481179944602661e+11 5.109528528320334961e+12 -2.552716982358123535e+12 -1.357330487668451416e+12 -1.449806219028568604e+12 6.368649719257928467e+11 -1.574358242408436890e+11 3.535595033491739631e+08 6.760668711446516418e+10 -1.384818535718494873e+11 -1.702163523697017517e+11 1.210402025797116470e+10 -2.111037365993611755e+11 -8.146588950983724365e+11 -1.284192193350604553e+11 1.051695831098856934e+12 1.659674530357954102e+12 -1.069284391545645142e+12 -6.597385404978741455e+11 3.758915875016328735e+11 -7.052534292896308594e+11 2.358551369348703613e+12 -5.328791752782725220e+11 -9.300993388752757568e+11 -4.488839462096016235e+11 3.553635040252860718e+11 -8.046150095945556641e+10 -1.800390748759123611e+10 2.837986454230384064e+10 -6.907766254923695374e+10 1.742926944761199188e+10 3.527428866855522156e+10 -4.823323114092559814e+10 -4.041587516599023438e+11 -2.124367157382563782e+10 4.528120467682349854e+11 7.775307846418325195e+11 -6.063418726063891602e+11 -2.512296320702235107e+11 2.422428253311664124e+11 -6.760926138456184082e+11 1.202255290257063477e+12 -3.163275006229075241e+10 -4.129797227072706909e+11 -4.158368119864079590e+11 2.747163915928392639e+11 -1.704406975924659766e+13 -4.758765218452740234e+12 2.733287802861478516e+12 -5.700733592946308594e+13 8.199835363285364062e+13 -5.633370760476638281e+13 -3.423380336827993750e+14 2.384966622358911250e+14 4.351369670845620312e+13 -5.870892067942703750e+14 2.812590695374995000e+14 -2.230355586177913438e+14 -2.444242817763299000e+15 7.648358173148771000e+15 -5.781466003850201000e+15 5.137057421644787500e+14 8.269781436838635000e+14 -1.932787600016201250e+14 1.199865512812870781e+14 -9.473605151933512500e+13 2.399452785181112976e+11 -2.279047306754631348e+12 -6.998517049755554688e+12 -8.435774538817458984e+12 -2.475616690739385742e+12 3.766342172753090820e+12 5.984809903800851562e+12 3.076679436216070312e+12 -5.928002946873802734e+12 5.378544400975006836e+12 -3.795919404214330566e+12 7.781022774876395508e+12 -1.512597603847332275e+12 4.674939950762475586e+12 -1.704546349054703125e+12 -2.383785670710224609e+12 1.116296569950068750e+13 -3.858315196659740234e+12 -3.110476354317484131e+11 -3.077440929963346680e+12 2.362691468008470764e+11 -4.844486161938520508e+11 -2.367852036802329102e+12 -2.815650026889736328e+12 -3.431992825340601196e+11 1.208403067390012695e+12 1.628422636655154541e+12 1.253158938244757568e+12 -1.159711710735677002e+12 1.053729336212182007e+12 -5.459003671982644043e+11 3.739559680258425781e+12 -4.900342233049396973e+11 4.278153036803864746e+11 -4.169551119151376343e+11 -1.337279324560034180e+12 3.357394816131979004e+12 -7.150541799379281006e+11 2.435207875380663681e+10 -1.249430924506776367e+12 1.641639157863817139e+11 -9.206238977680288315e+09 -9.728332233143638916e+11 -1.184931951476762695e+12 1.653749519375593567e+10 4.974451325372814331e+11 3.964139189262789917e+11 7.775155604899316406e+11 -5.283644041567800293e+11 8.487642483225584412e+10 -1.363920154638605804e+11 1.454497470769930908e+12 -9.649492760165145874e+10 -1.946959181314358902e+10 -1.138065848482912140e+11 -7.680852767360537109e+11 1.093391648393386597e+12 8.931047198043376160e+10 9.746947505115661621e+10 -7.544541561836348877e+11 -3.324293548660664844e+13 -1.518440270088367500e+14 -1.054208218397440469e+14 -1.132340053025079297e+13 9.592515700001706250e+13 -1.641906369245783125e+14 1.511229251649864062e+14 5.779464278667353125e+13 1.049024130016284570e+13 6.206665878612602500e+14 -1.108687101426039875e+15 4.993229385108373750e+14 8.571119373565142500e+14 -5.915754504130942000e+15 1.195677809723781200e+16 -5.428609948151706000e+15 3.620331750940379375e+14 1.975666472666558750e+14 6.111794986482550781e+13 2.232162506470712812e+14
6.607567791384285889e+11 5.370981020847152344e+12 2.670230950439682617e+12 -1.370161442967307227e+13 -1.941161339757548828e+13 5.731436437433876953e+12 2.511105852073510938e+13 8.888293142650894531e+12 -1.767968159504041797e+13 3.193223568264262109e+13 -8.077061976621626562e+13 2.555201670122279688e+13 6.214295535554567969e+13 -9.071559101968925000e+13 9.778756814275470312e+13 -1.116006808207055781e+14 3.572230943944528125e+13 3.832098443860408594e+13 1.319406243578084961e+13 -2.707525201399856641e+13 5.150673778827856445e+11 1.817454875520808594e+12 3.109339499794961548e+11 -4.569548407059064453e+12 -6.973436194164136719e+12 2.071224060812432617e+12 9.103920483641095703e+12 3.761549128935063965e+12 -7.907972932025625977e+12 4.180970411564666992e+12 -2.030168139028945312e+13 7.541910529125172852e+12 1.856433997082393359e+13 -1.436023597908455469e+13 2.054277980525319922e+13 -3.465592714105476562e+13 1.105400942588685938e+13 9.593199745909017578e+12 6.074310557937773438e+12 -8.362294945797016602e+12 3.386666615108073120e+11 1.308619000500040527e+12 5.902898143974984131e+11 -2.372686081404079590e+12 -3.873068470084348145e+12 -1.216711698576055603e+11 3.788769978194360840e+12 3.260568768867894043e+12 -2.316770759510939453e+12 -2.021097100954180420e+12 -4.239204201835467285e+12 1.648350859987089844e+12 5.415048383148550781e+12 -9.737226812844847412e+11 4.575061101899731445e+12 -1.097097823841942969e+13 2.066515349814283936e+12 2.646491554820658203e+12 4.221448406371723145e+12 -3.662689351638364746e+12 4.794647503730231250e+13 6.098136828137700781e+13 6.332416847786638281e+13 1.895966565812526562e+13 -2.474774720018959688e+14 -9.741792704205068750e+13 2.216466652513933203e+13 -4.722440029638441875e+14 2.793770488773167188e+14 -2.907417671633714375e+14 3.554874834449300625e+14 -2.017581334381958438e+14 -3.698449082932830469e+13 -2.631748497062191500e+15 7.289982201736707000e+15 -5.263388043164592000e+15 5.309174603535601875e+14 7.699978532047542500e+14 -4.520545494506225781e+13 -1.074473119347902500e+14 -1.273663314799226562e+13 -4.316134921817260938e+13 -4.056128425377578906e+13 -4.292479810373085156e+13 -7.537693972638507812e+13 -7.609643336340752930e+12 7.334581571653375000e+13 3.413949559978461328e+13 5.908389175698676562e+13 3.231591310036100586e+12 4.216603329737350000e+13 -9.601975959600306250e+13 1.493605124385209570e+13 5.745626638738577344e+13 -6.912438650807496094e+13 7.325237636401498438e+13 -4.351453831998692969e+13 -3.911719140314620312e+13 5.656307662673682031e+13 3.965247839040050781e+13 -5.077467186277932617e+12 -1.414817665786361914e+13 -9.130365270842482422e+12 -9.449784154470298828e+12 -2.426307114170583984e+13 -3.846082917063402832e+12 2.332252284015032812e+13 8.759655535920432617e+12 1.903366808271697266e+13 -3.158249480947432129e+12 1.334043539659359570e+13 -3.406377201832919922e+13 7.257531291164502930e+12 1.396830270797075195e+13 -1.648403107559826660e+12 2.511600371849537109e+13 -2.301127254712286328e+13 -1.142023351235621875e+13 1.773554257452606250e+13 1.285340023357480469e+13 -2.395578388434454102e+12 -5.669875309815993164e+12 -1.673549226327921387e+12 -2.202014730708142090e+12 -8.741012986240068359e+12 -3.790261947938919922e+12 7.014149606688703125e+12 6.070365195139843750e+11 8.869958859551876953e+12 1.810991858891418762e+11 1.963324280839257080e+12 -1.055534861182846094e+13 2.818329620591390625e+12 4.261041691481274902e+12 2.156989400398937744e+12 1.051014538425414453e+13 -9.730477751830855469e+12 -5.182520705220079102e+12 4.065577572193696777e+12 6.501412486601685547e+12 -1.091474795083595703e+13 6.957457882158240625e+13 6.893590145853193750e+13 2.772609480833635547e+13 1.118776794412505469e+13 1.874033887093236875e+14 -2.112514934508454375e+14 -5.516381357939621250e+14 -1.874733245563102500e+14 -8.918899343224902344e+12 6.930886870166585156e+13 2.975707398200961875e+14 6.154656452154026250e+14 3.409863570499662500e+14 -5.428609948255504000e+15 1.096307541114947200e+16 -4.914433617397894000e+15 3.870592047106865625e+14 2.193055652722203750e+14 4.202015105938555625e+14
-1.828842168895251709e+12 -1.116445968947386230e+12 1.622027209482850342e+12 8.480466729851313477e+12 8.253034274668782227e+12 -3.367340780109845703e+12 -1.874381032451754297e+13 -2.719949487094593359e+13 8.331094503000191406e+12 -3.076609734940011230e+12 5.382365056170571875e+13 -1.491121669495012305e+13 -4.095487468785347656e+13 5.748556196748669531e+13 -5.681557811118432812e+13 9.311252892603020312e+13 -3.516400714340732031e+13 -2.965185930333441406e+13 -1.595019712839389453e+13 1.906778817662508203e+13 -1.211898135053271240e+12 -1.028074301807965942e+12 2.188120919414537964e+11 1.780835406911159912e+12 2.957931533952822754e+12 -1.103248216887927002e+12 -6.393690951009622070e+12 -6.892419498106809570e+12 3.731873804841787109e+12 3.775649946063150391e+12 2.120517180985159766e+13 -1.052301105687135938e+13 -1.437743635525753711e+13 1.033591374074018359e+13 -1.576478628441328320e+13 3.342500401257234375e+13 -9.379266433106972656e+12 -1.087237623833836133e+13 -6.065938233876085938e+12 6.816300737740422852e+12 -6.621238105970487061e+11 -8.469327014290106201e+11 -1.687433931984330444e+11 9.411991568186591797e+11 2.297112580572149902e+12 2.750848221426710815e+11 -2.429329670579882324e+12 -4.209756810566761719e+12 1.189021245830891602e+12 3.791516906711442383e+12 6.946200406253076172e+12 -4.477380458064903320e+12 -4.537292483373074219e+12 1.967424755068773193e+12 -6.543824373415707031e+12 1.324361757676592188e+13 -1.356151364241844727e+12 -3.913235236253764648e+12 -4.822621619739394531e+12 3.681295913195532715e+12 -2.608427559874716406e+13 -1.308576902097737031e+14 -1.738415379725900312e+14 -5.016147382665572656e+13 1.476916455275391875e+14 -1.094710667363212812e+14 -1.992933917258745312e+14 7.878952198143445000e+14 -1.154302917417828438e+14 -4.797238583783111875e+14 -1.357699630201818750e+14 2.055384597616158125e+14 -8.640259897930007812e+13 -1.273773428408901562e+14 -2.030897677077617750e+15 6.385076012097308000e+15 -4.734784664864421000e+15 6.129727092165315000e+14 3.155677323034347500e+14 -8.210550612669598438e+13 8.621258991913223633e+12 1.114668517983990625e+13 -1.790465987989720312e+13 -2.496344291876410156e+13 2.825796748561102734e+13 2.632131267856742578e+13 -6.601198934647008789e+12 -1.372204725703648438e+12 -6.812847960394167969e+13 2.959715263093854688e+13 -4.608084283467833594e+13 9.989176319908493750e+13 -1.730447518533266406e+13 -5.249009901906018555e+12 2.921964620791625000e+13 -5.544903830921625781e+13 8.989355191255887500e+13 -3.738083726587862549e+11 -3.387772626968943359e+13 -4.045779731394853906e+13 4.258535201259612305e+12 5.188423493784600586e+12 -8.661117787877411133e+12 -1.109672084418658984e+13 1.174695328407919922e+13 9.241122808101701172e+12 -3.703807344245448730e+12 2.357673248257806641e+12 -1.756498340321381250e+13 7.947450018348709961e+12 -1.075132117174986914e+13 4.115911793152759375e+13 -6.977048374955260742e+12 -5.417403704849396484e+12 -1.502096811095496826e+12 -2.205007025403783594e+13 3.266138674586633594e+13 2.294698890400144531e+12 -9.910269760997083984e+12 -1.458624483397363867e+13 2.317093318015052246e+12 3.159910146394806152e+12 -4.736052751020043945e+12 -5.675888328750799805e+12 5.051071693010156250e+12 5.055090179967329102e+12 -1.659252003580963623e+12 4.199243768995107910e+12 -8.114955725417204102e+12 3.933147195488291016e+11 -1.909805874688906250e+12 1.448198558334106641e+13 -2.161303557584153564e+12 -2.528939339228294434e+12 -1.887602765853824707e+12 -1.044539838728572852e+13 1.190436552875922656e+13 3.459345103695661133e+12 -1.734833606090996582e+12 -8.093581034892844727e+12 -1.646648405706745605e+12 -8.753836576959235938e+13 1.058209358659397461e+13 6.630147270968273438e+13 -8.896658915475228125e+13 -3.318980636281876250e+14 1.527757433048352188e+14 1.197243812666781719e+14 5.733305051563638750e+14 7.966356100076471250e+14 -1.811007487815292812e+14 -1.437179314190582188e+14 -1.292520767270747344e+14 7.779186630918785000e+14 3.620331750825888125e+14 -4.914433617415212000e+15 9.835386222045786000e+15 -4.427675267032830000e+15 5.128142928909497500e+14 -1.752135852314625312e+14
7.447475063107480469e+11 -6.264605627901641602e+12 -5.064990538914005859e+12 1.093514882242811523e+13 1.886232053205099219e+13 -4.735541856080804688e+12 -1.717256665795948047e+13 1.234614311648250391e+13 1.644974841441778906e+13 -4.043551570804407812e+13 6.102963507463519531e+13 -2.120271014348356250e+13 -4.736302094391311719e+13 7.120053898038206250e+13 -8.136642751570137500e+13 6.753106811019189062e+13 -1.681429934618854883e+13 -2.526773682845720703e+13 -3.556353770412401367e+12 1.953910158829503125e+13 3.890767039819785156e+11 -1.537239002979002441e+12 -6.166108231583815918e+11 4.585339541282025391e+12 6.782282952260908203e+12 -1.813140403946746338e+12 -6.585838364039138672e+12 1.087135941598650513e+12 7.352960373828392578e+12 -9.037908643870400391e+12 8.462170246667146484e+12 -7.735084699635827637e+11 -1.222932073049902344e+13 1.016367947406468750e+13 -1.366242830607976562e+13 1.692990605211643359e+13 -6.548716113464044922e+12 -3.235102760146594727e+12 -2.781592216500503906e+12 5.204082274035471680e+12 1.351250019835662384e+11 -1.011269854284927002e+12 -6.472523079030740967e+11 2.366084034790851074e+12 3.180729651445931641e+12 -8.187957618014700317e+10 -2.948250401416283691e+12 -6.386824947170810547e+11 2.068424947999904785e+12 -6.631337349579132080e+11 -4.892371808460381470e+11 1.781791862465686523e+12 -3.259409133569832520e+12 -4.455848409471940918e+11 -3.255432968536652222e+11 2.974261298379416504e+12 -1.580190592608545898e+12 -7.373268739882148743e+10 -1.389300627863366943e+12 1.656052364039273193e+12 1.157706580377146484e+13 6.081181343240801562e+13 4.399961047027243750e+13 -6.872879104388939062e+13 -1.775497992605932812e+14 1.646187355683546562e+14 2.574994832452681250e+14 -6.558607290136108750e+14 2.091127045688118125e+14 -1.672811500067685938e+13 7.146770254469029688e+13 -4.476530700249882500e+14 7.150709451828248750e+14 -4.097847071193582500e+14 -3.040027628639759375e+14 -1.700914291159203250e+15 5.534751440372955000e+15 -4.384760875947863500e+15 1.110850326163317875e+15 4.375556979886507812e+12 9.503765900555314453e+12 4.839401092312199219e+13 7.090479026062940625e+13 8.042580514524931250e+13 7.663886476537289062e+13 -1.328887780391517188e+13 -9.329425762205064062e+13 -4.494808983715760938e+13 -1.887993940526049609e+13 -3.088775006534721875e+13 -1.574955371178896289e+13 4.038249155463703125e+13 -4.699264971907999023e+12 -7.301332161275954688e+13 6.732000267118900781e+13 -4.940415227595230469e+13 -2.167909223754529688e+13 5.324526798175288281e+13 -4.615616691146038281e+13 -1.738748354626309766e+13 3.052537439963945312e+12 1.448857921008621484e+13 2.010949915961087500e+13 2.272365229354725781e+13 2.229418964097265234e+13 -3.077042820797172852e+12 -2.822800173912053906e+13 -1.396069621930320703e+13 -1.000835485536265820e+13 -2.848386022676155762e+12 -8.412114212453893555e+12 9.199809497566273438e+12 -3.565749662184786621e+12 -1.404013288813773633e+13 3.575407879007943359e+12 -1.421711720168242969e+13 1.863350924419051270e+12 1.339127527348044531e+13 -1.511049926813286133e+13 -4.317561274973756836e+12 1.164358659380490967e+12 4.838114759344831055e+12 6.506782592375941406e+12 8.063607859583277344e+12 7.297843090096267578e+12 5.977996885170231934e+11 -8.000864131616574219e+12 -4.583267110554340820e+12 -4.727265089609440430e+12 -5.973349919366275635e+11 -9.445833883292312012e+11 1.302598411948915039e+12 -1.875752684216359131e+12 -3.497808627442123047e+12 -1.226428901135174316e+12 -4.857911845902104492e+12 2.496207402857818848e+12 3.910643828416629395e+12 -3.944876697165952637e+12 -1.542691164589950684e+12 2.563111236748995312e+13 4.293846931452773438e+13 1.775858706004423828e+13 -3.735527550252095312e+13 2.927036132214475000e+13 1.002696193324098750e+14 2.593493777381541016e+12 1.108046529276304688e+14 -2.377321356046720312e+14 -6.286475683181843750e+14 2.412694117364079688e+14 -1.576844285627709062e+14 3.787184593270147656e+13 4.900735434070506875e+14 1.975666473357323438e+14 3.870592047373917500e+14 -4.427675267074363500e+15 8.309380328399843000e+15 -4.079159312874299000e+15 7.552285281855688750e+14
-9.386960939532652588e+11 5.365682754167426758e+12 4.725373617182273438e+12 -8.364382614579105469e+12 -1.540559297276303125e+13 3.669054552791965820e+12 1.230332228024569727e+13 -1.508313501716725000e+13 -1.326130133302846484e+13 3.526662020909442969e+13 -4.568621642275530469e+13 1.645305769665137109e+13 3.558062812991342969e+13 -5.411407590318747656e+13 6.320181432329639062e+13 -4.540732156008136719e+13 9.468570043070531250e+12 1.778534558873232422e+13 6.972132906617076416e+11 -1.434527196035358789e+13 -5.297300290460615845e+11 1.201010375294063721e+12 5.785395380998255615e+11 -3.779597437610481445e+12 -5.540826302899134766e+12 1.433334304387277588e+12 4.840314115205298828e+12 -2.017831898566598633e+12 -5.926525545009311523e+12 8.567054964564325195e+12 -4.227287116345682129e+12 -9.300899432238518066e+11 8.603896836659532227e+12 -7.397988360293164062e+12 9.657774836491443359e+12 -9.837430382895832031e+12 4.349654025771647949e+12 1.191983156533979980e+12 1.528240179405095459e+12 -3.554256858833312500e+12 -2.209678847604318237e+11 7.639178024113045654e+11 5.461884062375957031e+11 -1.946897406208988525e+12 -2.458977076322178711e+12 1.145536729973050842e+11 2.233227166849462891e+12 -8.109131305947714233e+10 -1.645810707843406494e+12 1.167546737061956055e+12 1.497633621313480225e+12 -2.261438698526141602e+12 2.184976608209656982e+12 6.955370199590048828e+11 -7.157941023257702637e+11 -5.978025628718642578e+11 1.188660668187431641e+12 -5.349424982902047119e+11 4.883480048394265747e+11 -8.991400281875488281e+11 -4.053124005511557129e+12 -8.104294764461557812e+13 -1.425548144867840312e+14 5.315070408686878125e+13 8.898260255711500000e+13 -1.331056776805055938e+14 -1.865002638573493125e+14 4.341375217158580625e+14 -2.591232879228505312e+14 2.966648296948486875e+14 -1.816962478795717812e+14 4.496641975133129375e+14 -9.502199492729225000e+14 3.550135727987595625e+14 1.925839951959854062e+14 -3.431731610740772500e+14 -1.757572193633224000e+15 5.359681237222773000e+15 -3.981270907200263500e+15 7.367684162255812500e+14 -7.077681453201725586e+12 -4.106305878974977344e+13 -6.541407179206909375e+13 -7.491159543879023438e+13 -6.340283982847160938e+13 1.578168804200759570e+13 8.144465387383148438e+13 3.951637940990746875e+13 6.239028040917503906e+12 3.183859599241878125e+13 6.853368294967991211e+12 -2.037276610602316016e+13 1.499676264992867432e+12 6.372696523192767969e+13 -5.501900209503418750e+13 3.516191721591515625e+13 3.294633110659967578e+13 -4.711749573288299219e+13 3.559927235970742188e+13 9.163348060268962891e+12 -2.044884109455802734e+12 -1.200988593082112891e+13 -1.910174873975376953e+13 -2.178574510127132812e+13 -1.790300143623187109e+13 4.136769104214452148e+12 2.438097613792737891e+13 1.270054764439664062e+13 6.152100385058753906e+12 3.736283155199862793e+12 5.786185570551178711e+12 -1.819223371755209961e+12 2.081585284244533203e+12 1.157841718426157031e+13 -3.390431880757939941e+12 9.184156544010091797e+12 3.361853926689142578e+12 -1.148381142835754297e+13 1.183544822927127344e+13 1.579164472181570068e+12 -6.737685089883654785e+11 -3.791523047177991699e+12 -6.477231770978643555e+12 -7.997340039170988281e+12 -5.675506361576751953e+12 2.468603855336826172e+11 6.817011934733098633e+12 4.694834642253119141e+12 2.933674022113923828e+12 5.882634338824022217e+11 5.419820210646016846e+11 1.069584453660724487e+12 1.326416349212696777e+12 2.703672073936160156e+12 7.944925644528814697e+11 2.691761844120390625e+12 -3.806601752013528442e+11 -2.925869800076665039e+12 3.220586739202106445e+12 1.223056973010715179e+11 -3.995503136532544531e+13 5.625770804756741406e+13 1.665203655601198047e+13 -4.444309929341010156e+13 -1.560316089395636875e+14 -3.911712201330099219e+13 -2.806268544811459062e+14 2.099230236205772500e+14 3.593960704934472500e+14 5.564882138240531250e+14 1.978062249157424062e+14 8.406978254560690625e+13 5.155153529308791250e+14 -6.474806602183271250e+14 6.111794974137788281e+13 2.193055652754510312e+14 5.128142929167440625e+14 -4.079159312875528000e+15 7.604339096340657000e+15 -3.106534861216545000e+15
1.295995663679334717e+12 1.372671170286672607e+12 -7.682584456774468994e+11 -7.254865764109041016e+12 -7.771730336157035156e+12 2.914748007860712402e+12 1.542942762914634961e+13 1.916482388748847656e+13 -7.621003879897627930e+12 5.788091005228569336e+12 -4.532037025121220312e+13 1.292720240450518945e+13 3.456471209046291016e+13 -4.892464174087967969e+13 4.930604730274309375e+13 -7.510945334986104688e+13 2.761316679925159375e+13 2.424435389095585547e+13 1.217289924496358398e+13 -1.587523911646746094e+13 8.678411212459813232e+11 8.978081218676491699e+11 -1.094072051254537201e+11 -1.721570640840977051e+12 -2.787327262067573242e+12 9.776063980605129395e+11 5.326137400507131836e+12 5.033085408934401367e+12 -3.412440247253058594e+12 -2.026475007383854980e+12 -1.650656701258803711e+13 7.894856849999084961e+12 1.175353814791108984e+13 -8.568340296643357422e+12 1.290959480591514648e+13 -2.632955286333179688e+13 7.543850625753511719e+12 8.367780583639826172e+12 4.753092692834554688e+12 -5.520928175735202148e+12 4.808500060456765137e+11 7.175401307834505615e+11 1.815415326722704163e+11 -9.049144222311418457e+11 -1.984061275001464355e+12 -1.975455637850912476e+11 2.062295949006267090e+12 3.186850681848092285e+12 -1.063504974153166260e+12 -2.763063708098376953e+12 -5.124836784537122070e+12 3.176454716728081543e+12 3.657307579351877930e+12 -1.424975852264591797e+12 4.896029275729084961e+12 -1.010913807919242578e+13 1.145577085775611084e+12 2.917379754269539551e+12 3.707713254399093262e+12 -2.881783502098917480e+12 -4.124821882573309082e+12 4.084356551161297363e+12 1.218763634842969336e+13 -6.089780324578076562e+13 2.032507085573980078e+13 -1.456749044435203516e+13 6.220486739133612500e+13 2.719504322066699219e+11 -2.060504041595403125e+14 -6.678959829714338867e+12 -2.146677898612504688e+14 8.935650748068926562e+13 1.960865788522186562e+14 -4.325702003366004688e+13 2.787261429179737305e+12 -3.001517269652850000e+14 1.879915071679329688e+14 -1.780961554110405000e+15 3.436654217437651500e+15 -1.369130257362370000e+15 -7.235721635659249023e+12 -1.248006246112874023e+13 7.182638861465942383e+12 1.160957902884046680e+13 -2.765331520908701562e+13 -1.842996930884003125e+13 1.298458327633839062e+13 4.910745495302419922e+12 5.231372577882184375e+13 -1.934374316172550391e+13 3.564189321554110156e+13 -7.780288267654368750e+13 1.327923985394086719e+13 1.022351738496414258e+13 -2.756220355170532422e+13 4.552335893244329688e+13 -6.499430888753163281e+13 -4.329981963111896973e+12 2.919568082538314844e+13 3.160074521441376953e+13 -3.432040653504600098e+12 -5.113490584458097656e+12 4.702524845960211914e+12 6.288095524965886719e+12 -1.066781303242317773e+13 -6.608037220624324219e+12 5.198169309207330078e+12 -5.456259792861623535e+11 1.393249684725307617e+13 -5.665481286405168945e+12 8.725767844537499023e+12 -3.141385425457902344e+13 5.498718443766150391e+12 5.245015375903230469e+12 8.079575788486799316e+11 1.763313064732191016e+13 -2.445759067960464844e+13 -2.865926277697588379e+12 8.679826528198128906e+12 1.122415319925395508e+13 -1.824420030717962158e+12 -2.769320313411738770e+12 2.959958255949124023e+12 3.524354537762142578e+12 -4.389002241932386230e+12 -3.812143710538657715e+12 1.926719189358206543e+12 -2.727102542229474609e+12 6.445712878195553711e+12 -2.408852322842303467e+11 1.502424843555467285e+12 -1.088566959159036328e+13 1.770096966936682617e+12 2.183954894651968506e+12 1.510300129060447021e+12 8.190602082327194336e+12 -9.071515379175933594e+12 -2.911798699802024414e+12 1.631922485647654785e+12 6.154207237053632812e+12 -1.972310209269972656e+13 -5.147763622886801562e+13 6.417308870054504688e+13 1.177327227831327500e+14 3.708962591158747656e+13 -2.626831503169581250e+13 -7.685312673706359375e+13 -8.089838100497950000e+13 1.351585906503901719e+14 -3.672801058736096875e+14 1.289204306082137500e+14 -3.730699760827320000e+14 1.800089147444297812e+14 2.529231845686193125e+14 2.232162506488986562e+14 4.202015105627325000e+14 -1.752135852228044062e+14 7.552285282038516250e+14 -3.106534861227386000e+15 4.132921178011871000e+15
