# cosmological_parameters--omega_m cosmological_parameters--s_8 cosmological_parameters--omega_b baryons--bacco_M_c baryons--bacco_M1_z0_cen baryons--bacco_beta baryons--bacco_eta baryons--bacco_theta_inn
3.099999999999999978e-01 7.500000000000000000e-01 5.000000000000000278e-02 1.300000000000000000e+01 1.100000000000000000e+01 -1.500000000000000222e-01 -2.500000000000000000e-01 -1.000000000000000000e+00
4.050000000000000266e-01 6.250000000000000000e-01 6.000000000000000472e-02 1.150000000000000000e+01 1.200000000000000000e+01 -5.749999999999999556e-01 -2.500000000000002220e-02 -1.500000000000000000e+00
2.149999999999999967e-01 8.750000000000000000e-01 4.000000000000000083e-02 1.450000000000000000e+01 1.000000000000000000e+01 2.749999999999999112e-01 -4.749999999999999778e-01 -5.000000000000000000e-01
2.625000000000000111e-01 6.875000000000000000e-01 5.500000000000000722e-02 1.075000000000000000e+01 1.250000000000000000e+01 4.875000000000000444e-01 -5.874999999999999112e-01 -7.500000000000000000e-01
4.525000000000000133e-01 9.375000000000000000e-01 3.500000000000000333e-02 1.375000000000000000e+01 1.050000000000000000e+01 -3.625000000000000444e-01 -1.374999999999999556e-01 -1.750000000000000000e+00
3.574999999999999845e-01 5.625000000000000000e-01 4.499999999999999833e-02 1.225000000000000000e+01 9.500000000000000000e+00 6.250000000000000000e-02 8.749999999999991118e-02 -2.500000000000000000e-01
1.674999999999999822e-01 8.125000000000000000e-01 6.500000000000000222e-02 1.525000000000000000e+01 1.150000000000000000e+01 -7.874999999999999778e-01 -3.624999999999999889e-01 -1.250000000000000000e+00
1.912500000000000033e-01 6.562500000000000000e-01 4.250000000000000305e-02 1.412500000000000000e+01 1.125000000000000000e+01 -6.812500000000000222e-01 -6.437499999999999334e-01 -1.250000000000000000e-01
3.812499999999999778e-01 9.062500000000000000e-01 6.250000000000000000e-02 1.112500000000000000e+01 9.250000000000000000e+00 1.687499999999999556e-01 -1.937499999999999778e-01 -1.125000000000000000e+00
4.762500000000000067e-01 5.312500000000000000e-01 5.250000000000000500e-02 1.562500000000000000e+01 1.025000000000000000e+01 -2.562499999999999778e-01 3.125000000000000000e-02 -6.250000000000000000e-01
2.862500000000000044e-01 7.812500000000000000e-01 3.250000000000000111e-02 1.262500000000000000e+01 1.225000000000000000e+01 5.937500000000000000e-01 -4.187499999999999556e-01 -1.625000000000000000e+00
2.387499999999999900e-01 5.937500000000000000e-01 6.750000000000000444e-02 1.337500000000000000e+01 1.075000000000000000e+01 3.812499999999998668e-01 -5.312500000000000000e-01 -1.375000000000000000e+00
4.287500000000000200e-01 8.437500000000000000e-01 4.750000000000000056e-02 1.037500000000000000e+01 1.275000000000000000e+01 -4.687500000000000000e-01 -8.125000000000004441e-02 -3.750000000000000000e-01
3.337499999999999911e-01 7.187500000000000000e-01 3.749999999999999861e-02 1.487500000000000000e+01 1.175000000000000000e+01 -4.375000000000006661e-02 1.437499999999999334e-01 -1.875000000000000000e+00
1.437499999999999889e-01 9.687500000000000000e-01 5.750000000000000250e-02 1.187500000000000000e+01 9.750000000000000000e+00 -8.937500000000000444e-01 -3.062500000000000222e-01 -8.750000000000000000e-01
1.556250000000000133e-01 7.343750000000000000e-01 6.375000000000000111e-02 1.243750000000000000e+01 1.012500000000000000e+01 -4.156250000000000222e-01 -2.218749999999999889e-01 -3.125000000000000000e-01
3.456249999999999600e-01 9.843750000000000000e-01 4.374999999999999722e-02 1.543750000000000000e+01 1.212500000000000000e+01 4.343749999999999556e-01 -6.718750000000000000e-01 -1.312500000000000000e+00
4.406249999999999889e-01 6.093750000000000000e-01 3.375000000000000222e-02 1.093750000000000000e+01 1.112500000000000000e+01 -8.406249999999999556e-01 -4.468749999999999667e-01 -8.125000000000000000e-01
2.506249999999999867e-01 8.593750000000000000e-01 5.375000000000000611e-02 1.393750000000000000e+01 9.125000000000000000e+00 9.374999999999911182e-03 3.124999999999933387e-03 -1.812500000000000000e+00
2.981249999999999734e-01 5.468750000000000000e-01 4.875000000000000167e-02 1.168750000000000000e+01 1.162500000000000000e+01 2.218750000000000444e-01 -1.093750000000000000e-01 -1.062500000000000000e+00
4.881249999999999756e-01 7.968750000000000000e-01 6.875000000000000555e-02 1.468750000000000000e+01 9.625000000000000000e+00 -6.281250000000000444e-01 -5.593749999999999556e-01 -6.250000000000000000e-02
3.931250000000000022e-01 6.718750000000000000e-01 5.875000000000000361e-02 1.018750000000000000e+01 1.062500000000000000e+01 6.468749999999998668e-01 -3.343749999999999778e-01 -1.562500000000000000e+00
2.031250000000000000e-01 9.218750000000000000e-01 3.874999999999999972e-02 1.318750000000000000e+01 1.262500000000000000e+01 -2.031250000000000000e-01 1.156249999999999778e-01 -5.625000000000000000e-01
1.793750000000000067e-01 5.781250000000000000e-01 5.125000000000000389e-02 1.506250000000000000e+01 1.237500000000000000e+01 -3.093750000000000666e-01 -1.656250000000000222e-01 -1.687500000000000000e+00
3.693750000000000089e-01 8.281250000000000000e-01 3.125000000000000000e-02 1.206250000000000000e+01 1.037500000000000000e+01 5.406249999999999112e-01 -6.156249999999999778e-01 -6.875000000000000000e-01
4.643749999999999822e-01 7.031250000000000000e-01 4.125000000000000194e-02 1.356250000000000000e+01 9.375000000000000000e+00 -7.343750000000000000e-01 -3.906250000000000000e-01 -1.187500000000000000e+00
2.743750000000000355e-01 9.531250000000000000e-01 6.125000000000000583e-02 1.056250000000000000e+01 1.137500000000000000e+01 1.156249999999998668e-01 5.937499999999995559e-02 -1.875000000000000000e-01
2.268749999999999933e-01 6.406250000000000000e-01 3.624999999999999750e-02 1.581250000000000000e+01 9.875000000000000000e+00 -9.687500000000004441e-02 -5.312499999999997780e-02 -9.375000000000000000e-01
4.168749999999999956e-01 8.906250000000000000e-01 5.625000000000000833e-02 1.281250000000000000e+01 1.187500000000000000e+01 -9.468750000000000222e-01 -5.031250000000000444e-01 -1.937500000000000000e+00
3.218750000000000222e-01 5.156250000000000000e-01 6.625000000000000333e-02 1.431250000000000000e+01 1.287500000000000000e+01 3.281250000000000000e-01 -2.781250000000000111e-01 -4.375000000000000000e-01
1.318749999999999922e-01 7.656250000000000000e-01 4.624999999999999944e-02 1.131250000000000000e+01 1.087500000000000000e+01 -5.218750000000000888e-01 1.718750000000000000e-01 -1.437500000000000000e+00
1.378125000000000044e-01 6.328125000000000000e-01 5.437500000000000666e-02 1.346875000000000000e+01 1.181250000000000000e+01 8.906250000000004441e-02 -4.609375000000000000e-01 -6.562500000000000000e-01
3.278125000000000067e-01 8.828125000000000000e-01 3.437500000000000278e-02 1.046875000000000000e+01 9.812500000000000000e+00 -7.609375000000000444e-01 -1.093750000000004441e-02 -1.656250000000000000e+00
4.228124999999999800e-01 5.078125000000000000e-01 4.437499999999999778e-02 1.496875000000000000e+01 1.081250000000000000e+01 5.140624999999998668e-01 -2.359375000000000222e-01 -1.562500000000000000e-01
2.328124999999999778e-01 7.578125000000000000e-01 6.437500000000001554e-02 1.196875000000000000e+01 1.281250000000000000e+01 -3.359375000000000000e-01 -6.859374999999999778e-01 -1.156250000000000000e+00
2.803124999999999645e-01 5.703125000000000000e-01 3.937500000000000028e-02 1.421875000000000000e+01 1.031250000000000000e+01 -5.484375000000000222e-01 -3.484375000000000111e-01 -1.906250000000000000e+00
4.703125000000000222e-01 8.203125000000000000e-01 5.937500000000000416e-02 1.121875000000000000e+01 1.231250000000000000e+01 3.015624999999999556e-01 1.015625000000000000e-01 -9.062500000000000000e-01
3.753124999999999933e-01 6.953125000000000000e-01 6.937500000000000611e-02 1.571875000000000000e+01 1.131250000000000000e+01 -9.734374999999999556e-01 -1.234374999999999778e-01 -1.406250000000000000e+00
1.853124999999999911e-01 9.453125000000000000e-01 4.937500000000000222e-02 1.271875000000000000e+01 9.312500000000000000e+00 -1.234374999999999778e-01 -5.734374999999999334e-01 -4.062500000000000000e-01
2.090624999999999845e-01 5.390625000000000000e-01 6.187500000000000638e-02 1.084375000000000000e+01 9.562500000000000000e+00 -1.718750000000002220e-02 -4.046874999999999778e-01 -1.281250000000000000e+00
3.990624999999999867e-01 7.890625000000000000e-01 4.187500000000000250e-02 1.384375000000000000e+01 1.156250000000000000e+01 -8.671875000000000000e-01 4.531249999999997780e-02 -2.812500000000000000e-01
4.940625000000000155e-01 6.640625000000000000e-01 3.187500000000000056e-02 1.234375000000000000e+01 1.256250000000000000e+01 4.078124999999999112e-01 -1.796875000000000000e-01 -1.781250000000000000e+00
3.040625000000000133e-01 9.140625000000000000e-01 5.187500000000000444e-02 1.534375000000000000e+01 1.056250000000000000e+01 -4.421875000000000666e-01 -6.296874999999999556e-01 -7.812500000000000000e-01
2.565625000000000266e-01 7.265625000000000000e-01 4.687500000000000000e-02 1.009375000000000000e+01 1.206250000000000000e+01 -2.296875000000000444e-01 -2.921874999999999889e-01 -3.125000000000000000e-02
4.465624999999999734e-01 9.765625000000000000e-01 6.687500000000000389e-02 1.309375000000000000e+01 1.006250000000000000e+01 6.203125000000000444e-01 1.578124999999999112e-01 -1.031250000000000000e+00
3.515625000000000000e-01 6.015625000000000000e-01 5.687500000000000888e-02 1.159375000000000000e+01 9.062500000000000000e+00 -6.546875000000000888e-01 -6.718750000000006661e-02 -5.312500000000000000e-01
1.615624999999999978e-01 8.515625000000000000e-01 3.687499999999999806e-02 1.459375000000000000e+01 1.106250000000000000e+01 1.953125000000000000e-01 -5.171874999999999112e-01 -1.531250000000000000e+00
1.496875000000000011e-01 6.171875000000000000e-01 4.062500000000000139e-02 1.590625000000000000e+01 1.293750000000000000e+01 6.734374999999999112e-01 1.718750000000002220e-02 -1.093750000000000000e+00
3.396875000000000311e-01 8.671875000000000000e-01 6.062500000000000527e-02 1.290625000000000000e+01 1.093750000000000000e+01 -1.765625000000000666e-01 -4.328124999999999889e-01 -9.375000000000000000e-02
4.346875000000000044e-01 7.421875000000000000e-01 5.062500000000000333e-02 1.440625000000000000e+01 9.937500000000000000e+00 2.484374999999998668e-01 -6.578124999999999112e-01 -1.593750000000000000e+00
2.446875000000000022e-01 9.921875000000000000e-01 3.062499999999999944e-02 1.140625000000000000e+01 1.193750000000000000e+01 -6.015625000000000000e-01 -2.078125000000000111e-01 -5.937500000000000000e-01
2.921874999999999889e-01 6.796875000000000000e-01 6.562500000000000278e-02 1.515625000000000000e+01 9.437500000000000000e+00 -8.140625000000000222e-01 1.296874999999999556e-01 -3.437500000000000000e-01
4.821874999999999911e-01 9.296875000000000000e-01 4.562499999999999889e-02 1.215625000000000000e+01 1.143750000000000000e+01 3.593749999999995559e-02 -3.203125000000000000e-01 -1.343750000000000000e+00
3.871875000000000178e-01 5.546875000000000000e-01 3.562500000000000389e-02 1.365625000000000000e+01 1.243750000000000000e+01 -3.890624999999999778e-01 -5.453124999999999778e-01 -8.437500000000000000e-01
1.971875000000000155e-01 8.046875000000000000e-01 5.562500000000000777e-02 1.065625000000000000e+01 1.043750000000000000e+01 4.609375000000000000e-01 -9.531250000000002220e-02 -1.843750000000000000e+00
1.734374999999999944e-01 7.109375000000000000e-01 3.312500000000000167e-02 1.178125000000000000e+01 1.068750000000000000e+01 3.546875000000000444e-01 7.343749999999993339e-02 -9.687500000000000000e-01
3.634374999999999689e-01 9.609375000000000000e-01 5.312500000000000555e-02 1.478125000000000000e+01 1.268750000000000000e+01 -4.953125000000000444e-01 -3.765624999999999667e-01 -1.968750000000000000e+00
4.584374999999999978e-01 5.859375000000000000e-01 6.312500000000001443e-02 1.028125000000000000e+01 1.168750000000000000e+01 -7.031250000000000000e-02 -6.015625000000000000e-01 -4.687500000000000000e-01
2.684374999999999956e-01 8.359375000000000000e-01 4.312500000000000361e-02 1.328125000000000000e+01 9.687500000000000000e+00 -9.203124999999999778e-01 -1.515625000000000444e-01 -1.468750000000000000e+00
2.209375000000000089e-01 5.234375000000000000e-01 5.812500000000000305e-02 1.253125000000000000e+01 1.118750000000000000e+01 -7.078124999999999556e-01 1.859374999999999778e-01 -1.718750000000000000e+00
4.109375000000000111e-01 7.734375000000000000e-01 3.812499999999999917e-02 1.553125000000000000e+01 9.187500000000000000e+00 1.421874999999999112e-01 -2.640624999999999778e-01 -7.187500000000000000e-01
3.159374999999999822e-01 6.484375000000000000e-01 4.812500000000000111e-02 1.103125000000000000e+01 1.018750000000000000e+01 -2.828125000000000222e-01 -4.890624999999999556e-01 -1.218750000000000000e+00
1.259375000000000078e-01 8.984375000000000000e-01 6.812500000000000500e-02 1.403125000000000000e+01 1.218750000000000000e+01 5.671874999999999556e-01 -3.906250000000000000e-02 -2.187500000000000000e-01
1.289062500000000000e-01 6.992187500000000000e-01 4.781250000000000083e-02 1.482812500000000000e+01 9.843750000000000000e+00 4.742187499999999112e-01 -3.414062499999999667e-01 -6.093750000000000000e-01
3.189062500000000022e-01 9.492187500000000000e-01 6.781249999999999778e-02 1.182812500000000000e+01 1.184375000000000000e+01 -3.757812500000000666e-01 1.085937499999999334e-01 -1.609375000000000000e+00
4.139062499999999756e-01 5.742187500000000000e-01 5.781250000000000278e-02 1.332812500000000000e+01 1.284375000000000000e+01 4.921874999999986677e-02 -1.164062500000000444e-01 -1.093750000000000000e-01
2.239062500000000011e-01 8.242187500000000000e-01 3.781249999999999889e-02 1.032812500000000000e+01 1.084375000000000000e+01 -8.007812500000000000e-01 -5.664062500000000000e-01 -1.109375000000000000e+00
2.714062499999999600e-01 5.117187500000000000e-01 6.281250000000000722e-02 1.557812500000000000e+01 1.234375000000000000e+01 -5.882812500000000888e-01 -4.539062499999999556e-01 -1.859375000000000000e+00
4.614062500000000178e-01 7.617187500000000000e-01 4.281250000000000333e-02 1.257812500000000000e+01 1.034375000000000000e+01 2.617187500000000000e-01 -3.906250000000000000e-03 -8.593750000000000000e-01
3.664062499999999889e-01 6.367187500000000000e-01 3.281250000000000139e-02 1.407812500000000000e+01 9.343750000000000000e+00 -1.632812500000000444e-01 -2.289062499999999778e-01 -1.359375000000000000e+00
1.764062499999999867e-01 8.867187500000000000e-01 5.281249999999999833e-02 1.107812500000000000e+01 1.134375000000000000e+01 6.867187500000000444e-01 -6.789062499999999334e-01 -3.593750000000000000e-01
2.001562499999999800e-01 6.054687500000000000e-01 3.531249999999999667e-02 1.295312500000000000e+01 1.159375000000000000e+01 5.804687499999998668e-01 -2.851562500000000000e-01 -1.484375000000000000e+00
3.901562499999999822e-01 8.554687500000000000e-01 5.531250000000000056e-02 1.595312500000000000e+01 9.593750000000000000e+00 -2.695312500000000000e-01 1.648437499999999556e-01 -4.843750000000000000e-01
4.851562500000000111e-01 7.304687500000000000e-01 6.531249999999999556e-02 1.145312500000000000e+01 1.059375000000000000e+01 1.554687500000000444e-01 -6.015625000000002220e-02 -1.984375000000000000e+00
2.951562500000000089e-01 9.804687500000000000e-01 4.531250000000000555e-02 1.445312500000000000e+01 1.259375000000000000e+01 -6.945312500000000444e-01 -5.101562499999999778e-01 -9.843750000000000000e-01
2.476562499999999944e-01 6.679687500000000000e-01 5.031250000000000305e-02 1.220312500000000000e+01 1.009375000000000000e+01 -9.070312499999999556e-01 -3.976562499999999889e-01 -2.343750000000000000e-01
4.376562500000000244e-01 9.179687500000000000e-01 3.031249999999999917e-02 1.520312500000000000e+01 1.209375000000000000e+01 -5.703124999999997780e-02 5.234375000000002220e-02 -1.234375000000000000e+00
3.426562499999999956e-01 5.429687500000000000e-01 4.031250000000000111e-02 1.070312500000000000e+01 1.109375000000000000e+01 -4.820312500000000222e-01 -1.726562499999999556e-01 -7.343750000000000000e-01
1.526562499999999933e-01 7.929687500000000000e-01 6.031250000000000500e-02 1.370312500000000000e+01 9.093750000000000000e+00 3.679687499999999556e-01 -6.226562499999999112e-01 -1.734375000000000000e+00
1.645312499999999900e-01 5.585937500000000000e-01 5.656250000000000167e-02 1.389062500000000000e+01 1.096875000000000000e+01 -1.101562500000000666e-01 1.367187500000000000e-01 -1.171875000000000000e+00
3.545312499999999645e-01 8.085937500000000000e-01 3.656249999999999778e-02 1.089062500000000000e+01 1.296875000000000000e+01 -9.601562500000000444e-01 -3.132812500000000111e-01 -1.718750000000000000e-01
4.495312499999999933e-01 6.835937500000000000e-01 4.656250000000000666e-02 1.539062500000000000e+01 1.196875000000000000e+01 3.148437499999998668e-01 -5.382812499999999334e-01 -1.671875000000000000e+00
2.595312499999999911e-01 9.335937500000000000e-01 6.656249999999999667e-02 1.239062500000000000e+01 9.968750000000000000e+00 -5.351562500000000000e-01 -8.828124999999997780e-02 -6.718750000000000000e-01
3.070312499999999778e-01 7.460937500000000000e-01 3.156250000000000028e-02 1.314062500000000000e+01 1.146875000000000000e+01 -3.226562499999999778e-01 2.421874999999995559e-02 -4.218750000000000000e-01
4.970312499999999800e-01 9.960937500000000000e-01 5.156250000000000416e-02 1.014062500000000000e+01 9.468750000000000000e+00 5.273437500000000000e-01 -4.257812500000000000e-01 -1.421875000000000000e+00
4.020312500000000067e-01 6.210937500000000000e-01 6.156250000000000611e-02 1.464062500000000000e+01 1.046875000000000000e+01 -7.476562500000000222e-01 -6.507812499999999778e-01 -9.218750000000000000e-01
2.120312500000000044e-01 8.710937500000000000e-01 4.156250000000000222e-02 1.164062500000000000e+01 1.246875000000000000e+01 1.023437499999999556e-01 -2.007812500000000222e-01 -1.921875000000000000e+00
1.882812500000000111e-01 6.523437500000000000e-01 6.906249999999999889e-02 1.051562500000000000e+01 1.271875000000000000e+01 2.085937499999999112e-01 1.929687499999999112e-01 -7.968750000000000000e-01
3.782812500000000133e-01 9.023437500000000000e-01 4.906250000000000194e-02 1.351562500000000000e+01 1.071875000000000000e+01 -6.414062499999999556e-01 -2.570312499999999889e-01 -1.796875000000000000e+00
4.732812499999999867e-01 5.273437500000000000e-01 3.906250000000000000e-02 1.201562500000000000e+01 9.718750000000000000e+00 6.335937499999999556e-01 -4.820312499999999667e-01 -2.968750000000000000e-01
2.832812499999999845e-01 7.773437500000000000e-01 5.906250000000000389e-02 1.501562500000000000e+01 1.171875000000000000e+01 -2.164062500000000222e-01 -3.203125000000006661e-02 -1.296875000000000000e+00
2.357812499999999978e-01 5.898437500000000000e-01 4.406250000000000444e-02 1.126562500000000000e+01 9.218750000000000000e+00 -4.289062500000000444e-01 8.046874999999997780e-02 -1.546875000000000000e+00
4.257812500000000000e-01 8.398437500000000000e-01 6.406250000000000833e-02 1.426562500000000000e+01 1.121875000000000000e+01 4.210937500000000444e-01 -3.695312499999999778e-01 -5.468750000000000000e-01
3.307812500000000266e-01 7.148437500000000000e-01 5.406249999999999944e-02 1.276562500000000000e+01 1.221875000000000000e+01 -8.539062499999999778e-01 -5.945312499999999556e-01 -1.046875000000000000e+00
1.407812499999999967e-01 9.648437500000000000e-01 3.406250000000000250e-02 1.576562500000000000e+01 1.021875000000000000e+01 -3.906250000000000000e-03 -1.445312500000000000e-01 -4.687500000000000000e-02
1.348437499999999845e-01 5.664062500000000000e-01 6.718750000000001110e-02 1.210937500000000000e+01 1.103125000000000000e+01 -1.898437499999999778e-01 -5.804687499999999778e-01 -1.765625000000000000e+00
3.248437499999999867e-01 8.164062500000000000e-01 4.718750000000000722e-02 1.510937500000000000e+01 9.031250000000000000e+00 6.601562500000000000e-01 -1.304687500000000222e-01 -7.656250000000000000e-01
4.198437500000000155e-01 6.914062500000000000e-01 3.718749999999999833e-02 1.060937500000000000e+01 1.003125000000000000e+01 -6.148437500000000222e-01 9.453124999999995559e-02 -1.265625000000000000e+00
2.298437500000000133e-01 9.414062500000000000e-01 5.718750000000000222e-02 1.360937500000000000e+01 1.203125000000000000e+01 2.351562499999999556e-01 -3.554687500000000000e-01 -2.656250000000000000e-01
2.773437500000000000e-01 6.289062500000000000e-01 4.218750000000000278e-02 1.285937500000000000e+01 1.053125000000000000e+01 2.265625000000004441e-02 -6.929687499999999112e-01 -5.156250000000000000e-01
4.673437500000000022e-01 8.789062500000000000e-01 6.218750000000000666e-02 1.585937500000000000e+01 1.253125000000000000e+01 -8.273437500000000444e-01 -2.429687500000000111e-01 -1.515625000000000000e+00
3.723437499999999734e-01 5.039062500000000000e-01 5.218750000000000472e-02 1.135937500000000000e+01 1.153125000000000000e+01 4.476562499999998668e-01 -1.796874999999997780e-02 -1.562500000000000000e-02
1.823437499999999989e-01 7.539062500000000000e-01 3.218750000000000083e-02 1.435937500000000000e+01 9.531250000000000000e+00 -4.023437500000000000e-01 -4.679687499999999889e-01 -1.015625000000000000e+00
2.060937499999999922e-01 7.226562500000000000e-01 5.968750000000000444e-02 1.548437500000000000e+01 9.281250000000000000e+00 -5.085937499999999556e-01 -5.242187499999999556e-01 -1.406250000000000000e-01
3.960937500000000222e-01 9.726562500000000000e-01 3.968750000000000056e-02 1.248437500000000000e+01 1.128125000000000000e+01 3.414062499999999112e-01 -7.421875000000000000e-02 -1.140625000000000000e+00
4.910937499999999956e-01 5.976562500000000000e-01 4.968750000000000250e-02 1.398437500000000000e+01 1.228125000000000000e+01 -9.335937500000000000e-01 1.507812499999999778e-01 -6.406250000000000000e-01
3.010937499999999933e-01 8.476562500000000000e-01 6.968750000000001332e-02 1.098437500000000000e+01 1.028125000000000000e+01 -8.359375000000002220e-02 -2.992187499999999778e-01 -1.640625000000000000e+00
2.535937500000000067e-01 5.351562500000000000e-01 3.468749999999999611e-02 1.473437500000000000e+01 1.278125000000000000e+01 1.289062500000000000e-01 -6.367187500000000000e-01 -1.390625000000000000e+00
4.435937500000000089e-01 7.851562500000000000e-01 5.468750000000000000e-02 1.173437500000000000e+01 1.078125000000000000e+01 -7.210937500000000888e-01 -1.867187500000000444e-01 -3.906250000000000000e-01
3.485937500000000355e-01 6.601562500000000000e-01 6.468750000000000888e-02 1.323437500000000000e+01 9.781250000000000000e+00 5.539062500000000444e-01 3.828124999999993339e-02 -1.890625000000000000e+00
1.585937500000000056e-01 9.101562500000000000e-01 4.468750000000000500e-02 1.023437500000000000e+01 1.178125000000000000e+01 -2.960937500000000444e-01 -4.117187499999999667e-01 -8.906250000000000000e-01
1.467187500000000089e-01 6.757812500000000000e-01 3.843749999999999944e-02 1.117187500000000000e+01 1.215625000000000000e+01 -7.742187499999999556e-01 -1.023437500000000666e-01 -4.531250000000000000e-01
3.367187500000000111e-01 9.257812500000000000e-01 5.843750000000000333e-02 1.417187500000000000e+01 1.015625000000000000e+01 7.578124999999991118e-02 -5.523437499999999112e-01 -1.453125000000000000e+00
4.317187499999999845e-01 5.507812500000000000e-01 6.843750000000001221e-02 1.267187500000000000e+01 9.156250000000000000e+00 -3.492187500000000222e-01 -3.273437499999999889e-01 -9.531250000000000000e-01
2.417187499999999822e-01 8.007812500000000000e-01 4.843750000000000139e-02 1.567187500000000000e+01 1.115625000000000000e+01 5.007812499999999556e-01 1.226562499999999112e-01 -1.953125000000000000e+00
2.892187499999999689e-01 6.132812500000000000e-01 5.343749999999999889e-02 1.042187500000000000e+01 9.656250000000000000e+00 2.882812500000000444e-01 -2.148437500000000000e-01 -1.203125000000000000e+00
4.792187500000000266e-01 8.632812500000000000e-01 3.343750000000000194e-02 1.342187500000000000e+01 1.165625000000000000e+01 -5.617187500000000444e-01 -6.648437499999999556e-01 -2.031250000000000000e-01
3.842187499999999978e-01 7.382812500000000000e-01 4.343750000000000389e-02 1.192187500000000000e+01 1.265625000000000000e+01 -1.367187500000000000e-01 -4.398437499999999778e-01 -1.703125000000000000e+00
1.942187499999999956e-01 9.882812500000000000e-01 6.343750000000000777e-02 1.492187500000000000e+01 1.065625000000000000e+01 -9.867187499999999778e-01 1.015624999999997780e-02 -7.031250000000000000e-01
1.704687500000000022e-01 5.195312500000000000e-01 4.593750000000000611e-02 1.304687500000000000e+01 1.040625000000000000e+01 -8.804687500000000222e-01 -4.609375000000004441e-02 -1.578125000000000000e+00
3.604687500000000044e-01 7.695312500000000000e-01 6.593750000000000999e-02 1.004687500000000000e+01 1.240625000000000000e+01 -3.046875000000004441e-02 -4.960937500000000000e-01 -5.781250000000000000e-01
4.554687499999999778e-01 6.445312500000000000e-01 5.593750000000000111e-02 1.454687500000000000e+01 1.140625000000000000e+01 -4.554687499999999778e-01 -2.710937500000000222e-01 -1.078125000000000000e+00
2.654687500000000311e-01 8.945312500000000000e-01 3.593749999999999722e-02 1.154687500000000000e+01 9.406250000000000000e+00 3.945312500000000000e-01 1.789062499999999334e-01 -7.812500000000000000e-02
2.179687499999999889e-01 7.070312500000000000e-01 6.093750000000000555e-02 1.379687500000000000e+01 1.190625000000000000e+01 6.070312499999999112e-01 -1.585937499999999778e-01 -8.281250000000000000e-01
4.079687499999999911e-01 9.570312500000000000e-01 4.093750000000000167e-02 1.079687500000000000e+01 9.906250000000000000e+00 -2.429687500000000666e-01 -6.085937499999999334e-01 -1.828125000000000000e+00
3.129687500000000178e-01 5.820312500000000000e-01 3.093749999999999972e-02 1.529687500000000000e+01 1.090625000000000000e+01 1.820312499999998668e-01 -3.835937500000000111e-01 -3.281250000000000000e-01
1.229687500000000017e-01 8.320312500000000000e-01 5.093750000000000361e-02 1.229687500000000000e+01 1.290625000000000000e+01 -6.679687500000000000e-01 6.640625000000000000e-02 -1.328125000000000000e+00
1.244531249999999978e-01 6.660156250000000000e-01 6.140625000000000250e-02 1.564843750000000000e+01 1.085937500000000000e+01 -2.894531249999999778e-01 -2.816406249999999778e-01 -1.023437500000000000e+00
3.144531250000000000e-01 9.160156250000000000e-01 4.140624999999999861e-02 1.264843750000000000e+01 1.285937500000000000e+01 5.605468750000000000e-01 1.683593749999999778e-01 -2.343750000000000000e-02
4.094531249999999734e-01 5.410156250000000000e-01 3.140624999999999667e-02 1.414843750000000000e+01 1.185937500000000000e+01 -7.144531250000000222e-01 -5.664062500000000000e-02 -1.523437500000000000e+00
2.194531249999999989e-01 7.910156250000000000e-01 5.140625000000000056e-02 1.114843750000000000e+01 9.859375000000000000e+00 1.355468749999999556e-01 -5.066406249999999556e-01 -5.234375000000000000e-01
2.669531250000000133e-01 6.035156250000000000e-01 4.640625000000000305e-02 1.489843750000000000e+01 1.135937500000000000e+01 -7.695312500000006661e-02 -3.941406249999999667e-01 -2.734375000000000000e-01
4.569531250000000155e-01 8.535156250000000000e-01 6.640625000000000000e-02 1.189843750000000000e+01 9.359375000000000000e+00 -9.269531250000000444e-01 5.585937499999993339e-02 -1.273437500000000000e+00
3.619531249999999867e-01 7.285156250000000000e-01 5.640625000000000500e-02 1.339843750000000000e+01 1.035937500000000000e+01 3.480468749999998668e-01 -1.691406250000000444e-01 -7.734375000000000000e-01
1.719531249999999845e-01 9.785156250000000000e-01 3.640625000000000111e-02 1.039843750000000000e+01 1.235937500000000000e+01 -5.019531250000000000e-01 -6.191406250000000000e-01 -1.773437500000000000e+00
1.957031249999999778e-01 5.097656250000000000e-01 5.390625000000000278e-02 1.152343750000000000e+01 1.260937500000000000e+01 -3.957031250000000444e-01 -3.378906250000000000e-01 -8.984375000000000000e-01
3.857031249999999800e-01 7.597656250000000000e-01 3.390624999999999889e-02 1.452343750000000000e+01 1.060937500000000000e+01 4.542968750000000444e-01 1.121093749999999556e-01 -1.898437500000000000e+00
4.807031250000000089e-01 6.347656250000000000e-01 4.390625000000000083e-02 1.002343750000000000e+01 9.609375000000000000e+00 -8.207031249999999778e-01 -1.128906250000000222e-01 -3.984375000000000000e-01
2.907031250000000067e-01 8.847656250000000000e-01 6.390624999999999778e-02 1.302343750000000000e+01 1.160937500000000000e+01 2.929687500000000000e-02 -5.628906249999999778e-01 -1.398437500000000000e+00
2.432031249999999922e-01 6.972656250000000000e-01 3.890625000000000333e-02 1.227343750000000000e+01 9.109375000000000000e+00 2.417968749999999112e-01 -4.503906249999999889e-01 -1.648437500000000000e+00
4.332031250000000222e-01 9.472656250000000000e-01 5.890625000000000722e-02 1.527343750000000000e+01 1.110937500000000000e+01 -6.082031249999999556e-01 -3.906249999999777955e-04 -6.484375000000000000e-01
3.382031249999999933e-01 5.722656250000000000e-01 6.890625000000000222e-02 1.077343750000000000e+01 1.210937500000000000e+01 6.667968749999999556e-01 -2.253906250000000111e-01 -1.148437500000000000e+00
1.482031249999999911e-01 8.222656250000000000e-01 4.890624999999999833e-02 1.377343750000000000e+01 1.010937500000000000e+01 -1.832031250000000222e-01 -6.753906249999999112e-01 -1.484375000000000000e-01
1.600781249999999878e-01 5.878906250000000000e-01 3.265624999999999778e-02 1.358593750000000000e+01 9.984375000000000000e+00 -6.613281250000000444e-01 1.964843749999999334e-01 -7.109375000000000000e-01
3.500781250000000178e-01 8.378906250000000000e-01 5.265625000000000167e-02 1.058593750000000000e+01 1.198437500000000000e+01 1.886718750000000444e-01 -2.535156250000000222e-01 -1.710937500000000000e+00
4.450781249999999911e-01 7.128906250000000000e-01 6.265624999999999667e-02 1.508593750000000000e+01 1.298437500000000000e+01 -2.363281250000000000e-01 -4.785156250000000000e-01 -2.109375000000000000e-01
2.550781249999999889e-01 9.628906250000000000e-01 4.265624999999999972e-02 1.208593750000000000e+01 1.098437500000000000e+01 6.136718749999998668e-01 -2.851562500000004441e-02 -1.210937500000000000e+00
3.025781250000000311e-01 6.503906250000000000e-01 5.765625000000000611e-02 1.433593750000000000e+01 1.248437500000000000e+01 4.011718749999999556e-01 8.398437500000000000e-02 -1.960937500000000000e+00
4.925781249999999778e-01 9.003906250000000000e-01 3.765625000000000222e-02 1.133593750000000000e+01 1.048437500000000000e+01 -4.488281250000000222e-01 -3.660156250000000111e-01 -9.609375000000000000e-01
3.975781250000000044e-01 5.253906250000000000e-01 4.765624999999999722e-02 1.583593750000000000e+01 9.484375000000000000e+00 -2.382812499999997780e-02 -5.910156249999999334e-01 -1.460937500000000000e+00
2.075781250000000022e-01 7.753906250000000000e-01 6.765625000000000111e-02 1.283593750000000000e+01 1.148437500000000000e+01 -8.738281249999999556e-01 -1.410156249999999778e-01 -4.609375000000000000e-01
1.838281250000000089e-01 7.441406250000000000e-01 4.015625000000000444e-02 1.096093750000000000e+01 1.173437500000000000e+01 -9.800781250000000222e-01 1.402343749999999112e-01 -1.335937500000000000e+00
3.738281250000000111e-01 9.941406250000000000e-01 6.015625000000000833e-02 1.396093750000000000e+01 9.734375000000000000e+00 -1.300781250000000444e-01 -3.097656249999999889e-01 -3.359375000000000000e-01
4.688281249999999845e-01 6.191406250000000000e-01 5.015624999999999944e-02 1.246093750000000000e+01 1.073437500000000000e+01 -5.550781250000000888e-01 -5.347656249999999112e-01 -1.835937500000000000e+00
2.788281249999999822e-01 8.691406250000000000e-01 3.015624999999999903e-02 1.546093750000000000e+01 1.273437500000000000e+01 2.949218750000000000e-01 -8.476562500000006661e-02 -8.359375000000000000e-01
2.313281249999999956e-01 5.566406250000000000e-01 6.515624999999999889e-02 1.021093750000000000e+01 1.023437500000000000e+01 5.074218749999999112e-01 2.773437499999997780e-02 -8.593750000000000000e-02
4.213281249999999978e-01 8.066406250000000000e-01 4.515625000000000194e-02 1.321093750000000000e+01 1.223437500000000000e+01 -3.425781250000000666e-01 -4.222656249999999778e-01 -1.085937500000000000e+00
3.263281249999999689e-01 6.816406250000000000e-01 3.515625000000000000e-02 1.171093750000000000e+01 1.123437500000000000e+01 8.242187499999986677e-02 -6.472656249999999556e-01 -5.859375000000000000e-01
1.363281249999999944e-01 9.316406250000000000e-01 5.515625000000000389e-02 1.471093750000000000e+01 9.234375000000000000e+00 -7.675781250000000000e-01 -1.972656250000000000e-01 -1.585937500000000000e+00
1.422656250000000067e-01 5.332031250000000000e-01 4.328125000000000028e-02 1.236718750000000000e+01 1.204687500000000000e+01 3.746093749999999112e-01 -5.207031249999999334e-01 -3.671875000000000000e-01
3.322656250000000089e-01 7.832031250000000000e-01 6.328125000000001110e-02 1.536718750000000000e+01 1.004687500000000000e+01 -4.753906250000000666e-01 -7.070312499999997780e-02 -1.367187500000000000e+00
4.272656249999999822e-01 6.582031250000000000e-01 5.328125000000000222e-02 1.086718750000000000e+01 9.046875000000000000e+00 -5.039062500000002220e-02 1.542968750000000000e-01 -8.671875000000000000e-01
2.372656249999999800e-01 9.082031250000000000e-01 3.328124999999999833e-02 1.386718750000000000e+01 1.104687500000000000e+01 -9.003906250000000000e-01 -2.957031250000000111e-01 -1.867187500000000000e+00
2.847656250000000222e-01 7.207031250000000000e-01 6.828125000000001554e-02 1.161718750000000000e+01 9.546875000000000000e+00 -6.878906250000000888e-01 -6.332031249999999778e-01 -1.117187500000000000e+00
4.747656250000000244e-01 9.707031250000000000e-01 4.828124999999999778e-02 1.461718750000000000e+01 1.154687500000000000e+01 1.621093750000000000e-01 -1.832031250000000222e-01 -1.171875000000000000e-01
3.797656249999999956e-01 5.957031250000000000e-01 3.828125000000000278e-02 1.011718750000000000e+01 1.254687500000000000e+01 -2.628906250000000444e-01 4.179687499999995559e-02 -1.617187500000000000e+00
1.897656249999999933e-01 8.457031250000000000e-01 5.828125000000000666e-02 1.311718750000000000e+01 1.054687500000000000e+01 5.871093750000000444e-01 -4.082031250000000000e-01 -6.171875000000000000e-01
2.135156249999999867e-01 6.269531250000000000e-01 3.078124999999999958e-02 1.499218750000000000e+01 1.029687500000000000e+01 6.933593750000000000e-01 -5.769531249999999556e-01 -1.742187500000000000e+00
4.035156249999999889e-01 8.769531250000000000e-01 5.078125000000000000e-02 1.199218750000000000e+01 1.229687500000000000e+01 -1.566406249999999778e-01 -1.269531250000000000e-01 -7.421875000000000000e-01
4.985156250000000178e-01 5.019531250000000000e-01 6.078125000000000888e-02 1.349218750000000000e+01 1.129687500000000000e+01 2.683593749999999556e-01 9.804687499999997780e-02 -1.242187500000000000e+00
3.085156249999999600e-01 7.519531250000000000e-01 4.078125000000000500e-02 1.049218750000000000e+01 9.296875000000000000e+00 -5.816406250000000222e-01 -3.519531249999999778e-01 -2.421875000000000000e-01
2.610156249999999734e-01 5.644531250000000000e-01 5.578125000000000444e-02 1.574218750000000000e+01 1.179687500000000000e+01 -7.941406250000000444e-01 -6.894531250000000000e-01 -9.921875000000000000e-01
4.510156249999999756e-01 8.144531250000000000e-01 3.578125000000000056e-02 1.274218750000000000e+01 9.796875000000000000e+00 5.585937500000004441e-02 -2.394531249999999889e-01 -1.992187500000000000e+00
3.560156250000000022e-01 6.894531250000000000e-01 4.578125000000000250e-02 1.424218750000000000e+01 1.079687500000000000e+01 -3.691406250000000000e-01 -1.445312500000006661e-02 -4.921875000000000000e-01
1.660156250000000000e-01 9.394531250000000000e-01 6.578125000000001332e-02 1.124218750000000000e+01 1.279687500000000000e+01 4.808593749999998668e-01 -4.644531249999999667e-01 -1.492187500000000000e+00
1.541406250000000033e-01 7.050781250000000000e-01 5.203125000000000111e-02 1.030468750000000000e+01 1.117187500000000000e+01 2.734374999999955591e-03 -4.257812500000002220e-02 -1.929687500000000000e+00
3.441406249999999778e-01 9.550781250000000000e-01 3.203124999999999722e-02 1.330468750000000000e+01 9.171875000000000000e+00 -8.472656250000000222e-01 -4.925781249999999778e-01 -9.296875000000000000e-01
4.391406250000000067e-01 5.800781250000000000e-01 4.203124999999999917e-02 1.180468750000000000e+01 1.017187500000000000e+01 4.277343750000000000e-01 -2.675781250000000000e-01 -1.429687500000000000e+00
2.491406250000000044e-01 8.300781250000000000e-01 6.203125000000000305e-02 1.480468750000000000e+01 1.217187500000000000e+01 -4.222656249999999778e-01 1.824218749999999556e-01 -4.296875000000000000e-01
2.966406249999999911e-01 5.175781250000000000e-01 3.703125000000000167e-02 1.105468750000000000e+01 1.067187500000000000e+01 -2.097656250000000666e-01 -1.550781249999999556e-01 -6.796875000000000000e-01
4.866406249999999933e-01 7.675781250000000000e-01 5.703125000000000555e-02 1.405468750000000000e+01 1.267187500000000000e+01 6.402343749999999112e-01 -6.050781249999999112e-01 -1.679687500000000000e+00
3.916406250000000200e-01 6.425781250000000000e-01 6.703125000000001443e-02 1.255468750000000000e+01 1.167187500000000000e+01 -6.347656250000000000e-01 -3.800781249999999889e-01 -1.796875000000000000e-01
2.016406249999999900e-01 8.925781250000000000e-01 4.703125000000000361e-02 1.555468750000000000e+01 9.671875000000000000e+00 2.152343749999998668e-01 6.992187500000002220e-02 -1.179687500000000000e+00
1.778906249999999967e-01 6.113281250000000000e-01 6.453125000000001221e-02 1.442968750000000000e+01 9.421875000000000000e+00 1.089843749999999112e-01 -9.882812500000004441e-02 -5.468750000000000000e-02
3.678906250000000266e-01 8.613281250000000000e-01 4.453125000000000139e-02 1.142968750000000000e+01 1.142187500000000000e+01 -7.410156249999999556e-01 -5.488281250000000000e-01 -1.054687500000000000e+00
4.628906250000000000e-01 7.363281250000000000e-01 3.453124999999999944e-02 1.592968750000000000e+01 1.242187500000000000e+01 5.339843749999999556e-01 -3.238281249999999667e-01 -5.546875000000000000e-01
2.728906249999999978e-01 9.863281250000000000e-01 5.453125000000000333e-02 1.292968750000000000e+01 1.042187500000000000e+01 -3.160156250000000222e-01 1.261718749999999334e-01 -1.554687500000000000e+00
2.253906250000000111e-01 6.738281250000000000e-01 4.953124999999999889e-02 1.367968750000000000e+01 1.292187500000000000e+01 -5.285156250000000444e-01 -2.113281249999999778e-01 -1.304687500000000000e+00
4.153906250000000133e-01 9.238281250000000000e-01 6.953125000000001665e-02 1.067968750000000000e+01 1.092187500000000000e+01 3.214843750000000444e-01 -6.613281249999999334e-01 -3.046875000000000000e-01
3.203906249999999845e-01 5.488281250000000000e-01 5.953125000000000777e-02 1.517968750000000000e+01 9.921875000000000000e+00 -9.535156249999999778e-01 -4.363281249999999556e-01 -1.804687500000000000e+00
1.303906249999999822e-01 7.988281250000000000e-01 3.953125000000000389e-02 1.217968750000000000e+01 1.192187500000000000e+01 -1.035156250000000000e-01 1.367187500000000000e-02 -8.046875000000000000e-01
1.274218749999999900e-01 5.996093750000000000e-01 5.921875000000000056e-02 1.147656250000000000e+01 1.001562500000000000e+01 2.019531249999999556e-01 -6.402343749999999112e-01 -3.828125000000000000e-01
3.174218749999999645e-01 8.496093750000000000e-01 3.921874999999999667e-02 1.447656250000000000e+01 1.201562500000000000e+01 -6.480468750000000222e-01 -1.902343749999999556e-01 -1.382812500000000000e+00
4.124218749999999933e-01 7.246093750000000000e-01 4.921875000000000555e-02 1.297656250000000000e+01 1.101562500000000000e+01 6.269531250000000000e-01 3.476562500000002220e-02 -8.828125000000000000e-01
2.224218749999999911e-01 9.746093750000000000e-01 6.921875000000000944e-02 1.597656250000000000e+01 9.015625000000000000e+00 -2.230468749999999778e-01 -4.152343749999999889e-01 -1.882812500000000000e+00
2.699218749999999778e-01 6.621093750000000000e-01 3.421874999999999917e-02 1.072656250000000000e+01 1.151562500000000000e+01 -4.355468750000000000e-01 -5.277343749999999778e-01 -1.132812500000000000e+00
4.599218749999999800e-01 9.121093750000000000e-01 5.421875000000000305e-02 1.372656250000000000e+01 9.515625000000000000e+00 4.144531249999998668e-01 -7.773437500000002220e-02 -1.328125000000000000e-01
3.649218750000000067e-01 5.371093750000000000e-01 6.421875000000000500e-02 1.222656250000000000e+01 1.051562500000000000e+01 -8.605468750000000444e-01 1.472656249999999556e-01 -1.632812500000000000e+00
1.749218750000000044e-01 7.871093750000000000e-01 4.421875000000000111e-02 1.522656250000000000e+01 1.251562500000000000e+01 -1.054687500000006661e-02 -3.027343750000000000e-01 -6.328125000000000000e-01
1.986718749999999978e-01 6.933593750000000000e-01 6.671875000000000722e-02 1.335156250000000000e+01 1.226562500000000000e+01 -1.167968750000000222e-01 -6.964843749999999334e-01 -1.507812500000000000e+00
3.886718750000000000e-01 9.433593750000000000e-01 4.671875000000000333e-02 1.035156250000000000e+01 1.026562500000000000e+01 -9.667968750000000000e-01 -2.464843749999999778e-01 -5.078125000000000000e-01
4.836718749999999734e-01 5.683593750000000000e-01 3.671875000000000139e-02 1.485156250000000000e+01 9.265625000000000000e+00 3.082031249999999112e-01 -2.148437500000000000e-02 -1.007812500000000000e+00
2.936718750000000266e-01 8.183593750000000000e-01 5.671875000000000527e-02 1.185156250000000000e+01 1.126562500000000000e+01 -5.417968749999999556e-01 -4.714843749999999556e-01 -7.812500000000000000e-03
2.461718749999999845e-01 5.058593750000000000e-01 4.171874999999999889e-02 1.410156250000000000e+01 9.765625000000000000e+00 -3.292968750000000444e-01 -5.839843750000000000e-01 -7.578125000000000000e-01
4.361718749999999867e-01 7.558593750000000000e-01 6.171875000000000278e-02 1.110156250000000000e+01 1.176562500000000000e+01 5.207031250000000444e-01 -1.339843750000000444e-01 -1.757812500000000000e+00
3.411718750000000133e-01 6.308593750000000000e-01 5.171875000000000777e-02 1.560156250000000000e+01 1.276562500000000000e+01 -7.542968749999999778e-01 9.101562499999993339e-02 -2.578125000000000000e-01
1.511718750000000111e-01 8.808593750000000000e-01 3.171874999999999695e-02 1.260156250000000000e+01 1.076562500000000000e+01 9.570312500000000000e-02 -3.589843749999999667e-01 -1.257812500000000000e+00
1.630468749999999800e-01 6.464843750000000000e-01 4.546875000000000222e-02 1.203906250000000000e+01 9.140625000000000000e+00 5.738281249999999112e-01 -1.621093750000000000e-01 -1.820312500000000000e+00
3.530468749999999822e-01 8.964843750000000000e-01 6.546875000000000611e-02 1.503906250000000000e+01 1.114062500000000000e+01 -2.761718750000000666e-01 -6.121093749999999556e-01 -8.203125000000000000e-01
4.480468750000000111e-01 5.214843750000000000e-01 5.546875000000000416e-02 1.053906250000000000e+01 1.214062500000000000e+01 1.488281249999998668e-01 -3.871093749999999778e-01 -1.320312500000000000e+00
2.580468750000000089e-01 7.714843750000000000e-01 3.546875000000000028e-02 1.353906250000000000e+01 1.014062500000000000e+01 -7.011718750000000000e-01 6.289062499999997780e-02 -3.203125000000000000e-01
3.055468749999999956e-01 5.839843750000000000e-01 6.046875000000000167e-02 1.278906250000000000e+01 1.264062500000000000e+01 -9.136718750000000222e-01 -4.960937500000006661e-02 -5.703125000000000000e-01
4.955468749999999978e-01 8.339843750000000000e-01 4.046874999999999778e-02 1.578906250000000000e+01 1.064062500000000000e+01 -6.367187500000004441e-02 -4.996093749999999667e-01 -1.570312500000000000e+00
4.005468750000000244e-01 7.089843750000000000e-01 3.046874999999999931e-02 1.128906250000000000e+01 9.640625000000000000e+00 -4.886718749999999778e-01 -2.746093749999999889e-01 -7.031250000000000000e-02
2.105468749999999944e-01 9.589843750000000000e-01 5.046875000000000666e-02 1.428906250000000000e+01 1.164062500000000000e+01 3.613281250000000000e-01 1.753906249999999112e-01 -1.070312500000000000e+00
1.867968750000000011e-01 5.527343750000000000e-01 3.796875000000000250e-02 1.541406250000000000e+01 1.139062500000000000e+01 4.675781249999999556e-01 -2.183593750000000222e-01 -1.953125000000000000e-01
3.767968749999999756e-01 8.027343750000000000e-01 5.796874999999999944e-02 1.241406250000000000e+01 9.390625000000000000e+00 -3.824218750000000222e-01 -6.683593749999999778e-01 -1.195312500000000000e+00
4.717968750000000044e-01 6.777343750000000000e-01 6.796875000000000833e-02 1.391406250000000000e+01 1.039062500000000000e+01 4.257812499999991118e-02 -4.433593750000000000e-01 -6.953125000000000000e-01
2.817968750000000022e-01 9.277343750000000000e-01 4.796875000000000444e-02 1.091406250000000000e+01 1.239062500000000000e+01 -8.074218749999999556e-01 6.640624999999955591e-03 -1.695312500000000000e+00
2.342968750000000155e-01 7.402343750000000000e-01 5.296875000000000194e-02 1.466406250000000000e+01 1.089062500000000000e+01 -5.949218750000000444e-01 -1.058593749999999778e-01 -1.445312500000000000e+00
4.242968750000000178e-01 9.902343750000000000e-01 3.296874999999999806e-02 1.166406250000000000e+01 1.289062500000000000e+01 2.550781250000000444e-01 -5.558593749999999334e-01 -4.453125000000000000e-01
3.292968749999999889e-01 6.152343750000000000e-01 4.296875000000000000e-02 1.316406250000000000e+01 1.189062500000000000e+01 -1.699218750000000000e-01 -3.308593750000000111e-01 -1.945312500000000000e+00
1.392968749999999867e-01 8.652343750000000000e-01 6.296875000000000389e-02 1.016406250000000000e+01 9.890625000000000000e+00 6.800781249999998668e-01 1.191406250000000000e-01 -9.453125000000000000e-01
1.333593750000000022e-01 7.324218750000000000e-01 3.609375000000000083e-02 1.400781250000000000e+01 1.282812500000000000e+01 -8.871093749999999778e-01 -4.011718750000000111e-01 -1.226562500000000000e+00
3.233593750000000044e-01 9.824218750000000000e-01 5.609375000000000472e-02 1.100781250000000000e+01 1.082812500000000000e+01 -3.710937500000000000e-02 4.882812500000000000e-02 -2.265625000000000000e-01
4.183593749999999778e-01 6.074218750000000000e-01 6.609375000000000666e-02 1.550781250000000000e+01 9.828125000000000000e+00 -4.621093750000000444e-01 -1.761718749999999778e-01 -1.726562500000000000e+00
2.283593750000000033e-01 8.574218750000000000e-01 4.609375000000000278e-02 1.250781250000000000e+01 1.182812500000000000e+01 3.878906250000000444e-01 -6.261718749999999334e-01 -7.265625000000000000e-01
2.758593750000000178e-01 5.449218750000000000e-01 5.109375000000000722e-02 1.325781250000000000e+01 9.328125000000000000e+00 6.003906249999999556e-01 -2.886718750000000222e-01 -4.765625000000000000e-01
4.658593750000000200e-01 7.949218750000000000e-01 3.109374999999999986e-02 1.025781250000000000e+01 1.132812500000000000e+01 -2.496093750000000222e-01 1.613281249999999334e-01 -1.476562500000000000e+00
3.708593749999999911e-01 6.699218750000000000e-01 4.109374999999999833e-02 1.475781250000000000e+01 1.232812500000000000e+01 1.753906249999999112e-01 -6.367187500000004441e-02 -9.765625000000000000e-01
1.808593749999999889e-01 9.199218750000000000e-01 6.109375000000000222e-02 1.175781250000000000e+01 1.032812500000000000e+01 -6.746093749999999556e-01 -5.136718750000000000e-01 -1.976562500000000000e+00
2.046093749999999822e-01 5.761718750000000000e-01 4.859375000000000500e-02 1.063281250000000000e+01 1.057812500000000000e+01 -7.808593750000000222e-01 -4.574218749999999778e-01 -8.515625000000000000e-01
3.946093749999999845e-01 8.261718750000000000e-01 6.859375000000000888e-02 1.363281250000000000e+01 1.257812500000000000e+01 6.914062499999995559e-02 -7.421875000000022204e-03 -1.851562500000000000e+00
4.896093750000000133e-01 7.011718750000000000e-01 5.859375000000000000e-02 1.213281250000000000e+01 1.157812500000000000e+01 -3.558593749999999778e-01 -2.324218750000000000e-01 -3.515625000000000000e-01
2.996093750000000111e-01 9.511718750000000000e-01 3.859375000000000305e-02 1.513281250000000000e+01 9.578125000000000000e+00 4.941406250000000000e-01 -6.824218749999999556e-01 -1.351562500000000000e+00
2.521093749999999689e-01 6.386718750000000000e-01 6.359375000000000444e-02 1.138281250000000000e+01 1.107812500000000000e+01 2.816406249999998668e-01 -3.449218749999999889e-01 -1.601562500000000000e+00
4.421093750000000266e-01 8.886718750000000000e-01 4.359375000000000056e-02 1.438281250000000000e+01 9.078125000000000000e+00 -5.683593750000000000e-01 1.050781249999999112e-01 -6.015625000000000000e-01
3.471093749999999978e-01 5.136718750000000000e-01 3.359374999999999861e-02 1.288281250000000000e+01 1.007812500000000000e+01 -1.433593750000000666e-01 -1.199218750000000666e-01 -1.101562500000000000e+00
1.571093749999999956e-01 7.636718750000000000e-01 5.359375000000000250e-02 1.588281250000000000e+01 1.207812500000000000e+01 -9.933593750000000444e-01 -5.699218749999999112e-01 -1.015625000000000000e-01
1.452343749999999989e-01 5.292968750000000000e-01 6.984375000000000999e-02 1.457031250000000000e+01 1.195312500000000000e+01 -5.152343750000000222e-01 7.695312499999995559e-02 -5.390625000000000000e-01
3.352343749999999734e-01 7.792968750000000000e-01 4.984375000000000611e-02 1.157031250000000000e+01 9.953125000000000000e+00 3.347656249999999556e-01 -3.730468750000000000e-01 -1.539062500000000000e+00
4.302343750000000022e-01 6.542968750000000000e-01 3.984374999999999722e-02 1.307031250000000000e+01 1.095312500000000000e+01 -9.402343749999999556e-01 -5.980468749999999778e-01 -3.906250000000000000e-02
2.402343750000000000e-01 9.042968750000000000e-01 5.984375000000000111e-02 1.007031250000000000e+01 1.295312500000000000e+01 -9.023437499999997780e-02 -1.480468750000000222e-01 -1.039062500000000000e+00
2.877343749999999867e-01 7.167968750000000000e-01 4.484375000000000167e-02 1.532031250000000000e+01 1.045312500000000000e+01 1.222656250000000444e-01 1.894531250000000000e-01 -1.789062500000000000e+00
4.777343749999999889e-01 9.667968750000000000e-01 6.484375000000000555e-02 1.232031250000000000e+01 1.245312500000000000e+01 -7.277343750000000444e-01 -2.605468750000000111e-01 -7.890625000000000000e-01
3.827343750000000155e-01 5.917968750000000000e-01 5.484375000000000361e-02 1.382031250000000000e+01 1.145312500000000000e+01 5.472656249999998668e-01 -4.855468749999999889e-01 -1.289062500000000000e+00
1.927343750000000133e-01 8.417968750000000000e-01 3.484374999999999972e-02 1.082031250000000000e+01 9.453125000000000000e+00 -3.027343750000000000e-01 -3.554687499999997780e-02 -2.890625000000000000e-01
1.689843749999999922e-01 6.855468750000000000e-01 5.734375000000000583e-02 1.269531250000000000e+01 9.703125000000000000e+00 -1.964843750000000444e-01 2.070312499999993339e-02 -1.414062500000000000e+00
3.589843750000000222e-01 9.355468750000000000e-01 3.734375000000000194e-02 1.569531250000000000e+01 1.170312500000000000e+01 6.535156250000000444e-01 -4.292968749999999667e-01 -4.140625000000000000e-01
4.539843749999999956e-01 5.605468750000000000e-01 4.734375000000000389e-02 1.119531250000000000e+01 1.270312500000000000e+01 -6.214843750000000888e-01 -6.542968750000000000e-01 -1.914062500000000000e+00
2.639843749999999933e-01 8.105468750000000000e-01 6.734375000000000777e-02 1.419531250000000000e+01 1.070312500000000000e+01 2.285156250000000000e-01 -2.042968749999999889e-01 -9.140625000000000000e-01
2.164843750000000067e-01 6.230468750000000000e-01 3.234374999999999750e-02 1.194531250000000000e+01 1.220312500000000000e+01 1.601562499999986677e-02 1.332031249999999778e-01 -1.640625000000000000e-01
4.064843750000000089e-01 8.730468750000000000e-01 5.234375000000000833e-02 1.494531250000000000e+01 1.020312500000000000e+01 -8.339843750000000000e-01 -3.167968749999999778e-01 -1.164062500000000000e+00
3.114843750000000355e-01 7.480468750000000000e-01 6.234375000000000333e-02 1.044531250000000000e+01 9.203125000000000000e+00 4.410156249999999112e-01 -5.417968749999999556e-01 -6.640625000000000000e-01
1.214843749999999917e-01 9.980468750000000000e-01 4.234374999999999944e-02 1.344531250000000000e+01 1.120312500000000000e+01 -4.089843750000000666e-01 -9.179687500000000000e-02 -1.664062500000000000e+00
1.222265624999999967e-01 7.490234375000000000e-01 5.617187500000000305e-02 1.169921875000000000e+01 1.233593750000000000e+01 6.568359374999999112e-01 1.701171874999999334e-01 -1.285156250000000000e+00
3.122265625000000266e-01 9.990234375000000000e-01 3.617187499999999917e-02 1.469921875000000000e+01 1.033593750000000000e+01 -1.931640625000000666e-01 -2.798828125000000222e-01 -2.851562500000000000e-01
4.072265625000000000e-01 6.240234375000000000e-01 4.617187500000000111e-02 1.019921875000000000e+01 9.335937500000000000e+00 2.318359374999998668e-01 -5.048828125000000000e-01 -1.785156250000000000e+00
2.172265624999999978e-01 8.740234375000000000e-01 6.617187500000000500e-02 1.319921875000000000e+01 1.133593750000000000e+01 -6.181640625000000000e-01 -5.488281250000004441e-02 -7.851562500000000000e-01
2.647265624999999845e-01 5.615234375000000000e-01 3.117187499999999820e-02 1.244921875000000000e+01 9.835937500000000000e+00 -8.306640625000000222e-01 5.761718750000000000e-02 -3.515625000000000000e-02
4.547265624999999867e-01 8.115234375000000000e-01 5.117187500000000555e-02 1.544921875000000000e+01 1.183593750000000000e+01 1.933593749999995559e-02 -3.923828125000000111e-01 -1.035156250000000000e+00
3.597265625000000133e-01 6.865234375000000000e-01 6.117187500000000056e-02 1.094921875000000000e+01 1.283593750000000000e+01 -4.056640624999999778e-01 -6.173828124999999334e-01 -5.351562500000000000e-01
1.697265625000000111e-01 9.365234375000000000e-01 4.117187500000000361e-02 1.394921875000000000e+01 1.083593750000000000e+01 4.443359375000000000e-01 -1.673828124999999778e-01 -1.535156250000000000e+00
1.934765625000000044e-01 5.927734375000000000e-01 6.867187500000000722e-02 1.582421875000000000e+01 1.008593750000000000e+01 3.380859375000000444e-01 1.138671874999999112e-01 -6.601562500000000000e-01
3.834765625000000067e-01 8.427734375000000000e-01 4.867187500000000333e-02 1.282421875000000000e+01 1.208593750000000000e+01 -5.119140625000000444e-01 -3.361328124999999889e-01 -1.660156250000000000e+00
4.784765624999999800e-01 7.177734375000000000e-01 3.867187500000000139e-02 1.432421875000000000e+01 1.108593750000000000e+01 -8.691406250000000000e-02 -5.611328124999999112e-01 -1.601562500000000000e-01
2.884765624999999778e-01 9.677734375000000000e-01 5.867187500000000527e-02 1.132421875000000000e+01 9.085937500000000000e+00 -9.369140624999999778e-01 -1.111328125000000666e-01 -1.160156250000000000e+00
2.409765624999999911e-01 6.552734375000000000e-01 4.367187499999999889e-02 1.507421875000000000e+01 1.158593750000000000e+01 -7.244140624999999556e-01 1.367187499999977796e-03 -1.910156250000000000e+00
4.309765624999999933e-01 9.052734375000000000e-01 6.367187500000000278e-02 1.207421875000000000e+01 9.585937500000000000e+00 1.255859374999999112e-01 -4.486328124999999778e-01 -9.101562500000000000e-01
3.359765624999999645e-01 5.302734375000000000e-01 5.367187500000000777e-02 1.357421875000000000e+01 1.058593750000000000e+01 -2.994140625000000222e-01 -6.736328124999999556e-01 -1.410156250000000000e+00
1.459765624999999900e-01 7.802734375000000000e-01 3.367187499999999695e-02 1.057421875000000000e+01 1.258593750000000000e+01 5.505859374999999556e-01 -2.236328125000000000e-01 -4.101562500000000000e-01
1.578515624999999867e-01 5.146484375000000000e-01 4.992187500000000444e-02 1.076171875000000000e+01 1.146093750000000000e+01 7.246093750000004441e-02 -2.517578125000000111e-01 -9.726562500000000000e-01
3.478515624999999889e-01 7.646484375000000000e-01 6.992187500000000833e-02 1.376171875000000000e+01 9.460937500000000000e+00 -7.775390625000000444e-01 1.982421875000000000e-01 -1.972656250000000000e+00
4.428515625000000178e-01 6.396484375000000000e-01 5.992187500000000638e-02 1.226171875000000000e+01 1.046093750000000000e+01 4.974609374999998668e-01 -2.675781249999997780e-02 -4.726562500000000000e-01
2.528515624999999600e-01 8.896484375000000000e-01 3.992187500000000250e-02 1.526171875000000000e+01 1.246093750000000000e+01 -3.525390625000000000e-01 -4.767578124999999889e-01 -1.472656250000000000e+00
3.003515625000000022e-01 7.021484375000000000e-01 6.492187500000000389e-02 1.001171875000000000e+01 1.096093750000000000e+01 -5.650390625000000222e-01 -3.642578125000000000e-01 -1.722656250000000000e+00
4.903515625000000044e-01 9.521484375000000000e-01 4.492187500000000000e-02 1.301171875000000000e+01 1.296093750000000000e+01 2.849609374999999556e-01 8.574218749999995559e-02 -7.226562500000000000e-01
3.953515624999999756e-01 5.771484375000000000e-01 3.492187499999999806e-02 1.151171875000000000e+01 1.196093750000000000e+01 -9.900390624999999556e-01 -1.392578125000000222e-01 -1.222656250000000000e+00
2.053515625000000011e-01 8.271484375000000000e-01 5.492187500000000888e-02 1.451171875000000000e+01 9.960937500000000000e+00 -1.400390624999999778e-01 -5.892578124999999778e-01 -2.226562500000000000e-01
1.816015624999999800e-01 6.708984375000000000e-01 3.742187500000000028e-02 1.338671875000000000e+01 9.210937500000000000e+00 -3.378906250000002220e-02 -3.080078124999999778e-01 -1.097656250000000000e+00
3.716015624999999822e-01 9.208984375000000000e-01 5.742187500000000416e-02 1.038671875000000000e+01 1.121093750000000000e+01 -8.837890625000000000e-01 1.419921874999999778e-01 -9.765625000000000000e-02
4.666015625000000111e-01 5.458984375000000000e-01 6.742187500000000611e-02 1.488671875000000000e+01 1.221093750000000000e+01 3.912109374999999112e-01 -8.300781250000000000e-02 -1.597656250000000000e+00
2.766015625000000089e-01 7.958984375000000000e-01 4.742187500000000222e-02 1.188671875000000000e+01 1.021093750000000000e+01 -4.587890625000000666e-01 -5.330078124999999556e-01 -5.976562500000000000e-01
2.291015624999999944e-01 6.083984375000000000e-01 5.242187500000000666e-02 1.413671875000000000e+01 1.271093750000000000e+01 -2.462890625000000444e-01 -4.205078124999999667e-01 -3.476562500000000000e-01
4.191015625000000244e-01 8.583984375000000000e-01 3.242187500000000278e-02 1.113671875000000000e+01 1.071093750000000000e+01 6.037109375000000444e-01 2.949218749999993339e-02 -1.347656250000000000e+00
3.241015624999999956e-01 7.333984375000000000e-01 4.242187499999999778e-02 1.563671875000000000e+01 9.710937500000000000e+00 -6.712890625000000888e-01 -1.955078125000000444e-01 -8.476562500000000000e-01
1.341015624999999933e-01 9.833984375000000000e-01 6.242187500000000860e-02 1.263671875000000000e+01 1.171093750000000000e+01 1.787109375000000000e-01 -6.455078125000000000e-01 -1.847656250000000000e+00
1.400390625000000056e-01 6.162109375000000000e-01 3.929687500000000194e-02 1.516796875000000000e+01 1.052343750000000000e+01 -3.791015625000000444e-01 -6.894531250000002220e-02 -6.640625000000000000e-02
3.300390625000000355e-01 8.662109375000000000e-01 5.929687500000000583e-02 1.216796875000000000e+01 1.252343750000000000e+01 4.708984375000000444e-01 -5.189453124999999778e-01 -1.066406250000000000e+00
4.250390625000000089e-01 7.412109375000000000e-01 6.929687500000000777e-02 1.366796875000000000e+01 1.152343750000000000e+01 -8.041015624999999778e-01 -2.939453125000000000e-01 -5.664062500000000000e-01
2.350390625000000067e-01 9.912109375000000000e-01 4.929687500000000389e-02 1.066796875000000000e+01 9.523437500000000000e+00 4.589843750000000000e-02 1.560546874999999556e-01 -1.566406250000000000e+00
2.825390624999999933e-01 6.787109375000000000e-01 5.429687500000000833e-02 1.591796875000000000e+01 1.102343750000000000e+01 2.583984374999999112e-01 -1.814453124999999556e-01 -1.316406250000000000e+00
4.725390624999999956e-01 9.287109375000000000e-01 3.429687499999999750e-02 1.291796875000000000e+01 9.023437500000000000e+00 -5.916015624999999556e-01 -6.314453124999999112e-01 -3.164062500000000000e-01
3.775390625000000222e-01 5.537109375000000000e-01 4.429687499999999944e-02 1.441796875000000000e+01 1.002343750000000000e+01 6.833984374999999556e-01 -4.064453124999999889e-01 -1.816406250000000000e+00
1.875390624999999922e-01 8.037109375000000000e-01 6.429687500000000333e-02 1.141796875000000000e+01 1.202343750000000000e+01 -1.666015625000000222e-01 4.355468750000002220e-02 -8.164062500000000000e-01
2.112890625000000133e-01 7.099609375000000000e-01 4.679687500000000167e-02 1.254296875000000000e+01 1.277343750000000000e+01 -2.728515624999999778e-01 -1.251953125000000444e-01 -1.941406250000000000e+00
4.012890625000000155e-01 9.599609375000000000e-01 6.679687500000000555e-02 1.554296875000000000e+01 1.077343750000000000e+01 5.771484375000000000e-01 -5.751953125000000000e-01 -9.414062500000000000e-01
4.962890624999999889e-01 5.849609375000000000e-01 5.679687500000000361e-02 1.104296875000000000e+01 9.773437500000000000e+00 -6.978515625000000222e-01 -3.501953124999999667e-01 -1.441406250000000000e+00
3.062890624999999867e-01 8.349609375000000000e-01 3.679687499999999972e-02 1.404296875000000000e+01 1.177343750000000000e+01 1.521484374999999556e-01 9.980468749999993339e-02 -4.414062500000000000e-01
2.587890625000000000e-01 5.224609375000000000e-01 6.179687500000000805e-02 1.179296875000000000e+01 9.273437500000000000e+00 -6.035156250000006661e-02 -2.376953124999999778e-01 -6.914062500000000000e-01
4.487890625000000022e-01 7.724609375000000000e-01 4.179687499999999722e-02 1.479296875000000000e+01 1.127343750000000000e+01 -9.103515625000000444e-01 -6.876953124999999334e-01 -1.691406250000000000e+00
3.537890624999999734e-01 6.474609375000000000e-01 3.179687500000000222e-02 1.029296875000000000e+01 1.227343750000000000e+01 3.646484374999998668e-01 -4.626953124999999556e-01 -1.914062500000000000e-01
1.637890624999999989e-01 8.974609375000000000e-01 5.179687500000000611e-02 1.329296875000000000e+01 1.027343750000000000e+01 -4.853515625000000000e-01 -1.269531250000000000e-02 -1.191406250000000000e+00
1.519140625000000022e-01 6.318359375000000000e-01 6.554687500000000444e-02 1.423046875000000000e+01 9.648437500000000000e+00 -9.634765625000000222e-01 -4.908203124999999667e-01 -1.628906250000000000e+00
3.419140625000000044e-01 8.818359375000000000e-01 4.554687500000000056e-02 1.123046875000000000e+01 1.164843750000000000e+01 -1.134765625000000444e-01 -4.082031250000006661e-02 -6.289062500000000000e-01
4.369140624999999778e-01 5.068359375000000000e-01 3.554687499999999861e-02 1.573046875000000000e+01 1.264843750000000000e+01 -5.384765625000000888e-01 1.841796874999999112e-01 -1.128906250000000000e+00
2.469140625000000033e-01 7.568359375000000000e-01 5.554687500000000250e-02 1.273046875000000000e+01 1.064843750000000000e+01 3.115234375000000000e-01 -2.658203124999999889e-01 -1.289062500000000000e-01
2.944140625000000178e-01 5.693359375000000000e-01 4.054687500000000305e-02 1.348046875000000000e+01 1.214843750000000000e+01 5.240234374999999112e-01 -6.033203124999999556e-01 -8.789062500000000000e-01
4.844140625000000200e-01 8.193359375000000000e-01 6.054687500000000000e-02 1.048046875000000000e+01 1.014843750000000000e+01 -3.259765625000000666e-01 -1.533203125000000000e-01 -1.878906250000000000e+00
3.894140624999999911e-01 6.943359375000000000e-01 5.054687500000000500e-02 1.498046875000000000e+01 9.148437500000000000e+00 9.902343749999986677e-02 7.167968749999997780e-02 -3.789062500000000000e-01
1.994140624999999889e-01 9.443359375000000000e-01 3.054687499999999764e-02 1.198046875000000000e+01 1.114843750000000000e+01 -7.509765625000000000e-01 -3.783203124999999778e-01 -1.378906250000000000e+00
1.756640624999999956e-01 5.380859375000000000e-01 5.804687500000000472e-02 1.010546875000000000e+01 1.189843750000000000e+01 -6.447265625000000444e-01 -5.470703124999999334e-01 -2.539062500000000000e-01
3.656640624999999978e-01 7.880859375000000000e-01 3.804687500000000083e-02 1.310546875000000000e+01 9.898437500000000000e+00 2.052734375000000444e-01 -9.707031249999997780e-02 -1.253906250000000000e+00
4.606640625000000266e-01 6.630859375000000000e-01 4.804687500000000278e-02 1.160546875000000000e+01 1.089843750000000000e+01 -2.197265625000000000e-01 1.279296875000000000e-01 -7.539062500000000000e-01
2.706640624999999689e-01 9.130859375000000000e-01 6.804687500000000666e-02 1.460546875000000000e+01 1.289843750000000000e+01 6.302734374999998668e-01 -3.220703125000000111e-01 -1.753906250000000000e+00
2.231640624999999822e-01 7.255859375000000000e-01 3.304687499999999639e-02 1.085546875000000000e+01 1.039843750000000000e+01 4.177734374999999556e-01 -6.595703124999999778e-01 -1.003906250000000000e+00
4.131640624999999845e-01 9.755859375000000000e-01 5.304687500000000722e-02 1.385546875000000000e+01 1.239843750000000000e+01 -4.322265625000000222e-01 -2.095703125000000222e-01 -3.906250000000000000e-03
3.181640625000000111e-01 6.005859375000000000e-01 6.304687500000000222e-02 1.235546875000000000e+01 1.139843750000000000e+01 -7.226562499999977796e-03 1.542968749999995559e-02 -1.503906250000000000e+00
1.281640625000000089e-01 8.505859375000000000e-01 4.304687499999999833e-02 1.535546875000000000e+01 9.398437500000000000e+00 -8.572265624999999556e-01 -4.345703125000000000e-01 -5.039062500000000000e-01
1.311328125000000011e-01 5.498046875000000000e-01 6.335937499999999556e-02 1.315234375000000000e+01 1.255468750000000000e+01 -7.376953125000000888e-01 -1.884765625000000000e-01 -1.757812500000000000e-01
3.211328125000000311e-01 7.998046875000000000e-01 4.335937500000000555e-02 1.015234375000000000e+01 1.055468750000000000e+01 1.123046875000000000e-01 -6.384765624999999556e-01 -1.175781250000000000e+00
4.161328125000000044e-01 6.748046875000000000e-01 3.335937499999999667e-02 1.465234375000000000e+01 9.554687500000000000e+00 -3.126953125000000444e-01 -4.134765624999999778e-01 -6.757812500000000000e-01
2.261328125000000022e-01 9.248046875000000000e-01 5.335937500000000056e-02 1.165234375000000000e+01 1.155468750000000000e+01 5.373046875000000444e-01 3.652343749999997780e-02 -1.675781250000000000e+00
2.736328124999999889e-01 7.373046875000000000e-01 4.835937500000000305e-02 1.390234375000000000e+01 9.054687500000000000e+00 3.248046874999999112e-01 -7.597656250000006661e-02 -1.425781250000000000e+00
4.636328124999999911e-01 9.873046875000000000e-01 6.835937500000000000e-02 1.090234375000000000e+01 1.105468750000000000e+01 -5.251953124999999556e-01 -5.259765624999999112e-01 -4.257812500000000000e-01
3.686328125000000178e-01 6.123046875000000000e-01 5.835937500000000500e-02 1.540234375000000000e+01 1.205468750000000000e+01 -1.001953125000000222e-01 -3.009765624999999889e-01 -1.925781250000000000e+00
1.786328124999999878e-01 8.623046875000000000e-01 3.835937500000000111e-02 1.240234375000000000e+01 1.005468750000000000e+01 -9.501953125000000000e-01 1.490234374999999112e-01 -9.257812500000000000e-01
2.023828125000000089e-01 6.435546875000000000e-01 5.085937499999999833e-02 1.127734375000000000e+01 1.080468750000000000e+01 -8.439453125000000444e-01 -2.447265625000000222e-01 -1.800781250000000000e+00
3.923828125000000111e-01 8.935546875000000000e-01 3.085937499999999792e-02 1.427734375000000000e+01 1.280468750000000000e+01 6.054687500000044409e-03 -6.947265624999999778e-01 -8.007812500000000000e-01
4.873828124999999845e-01 5.185546875000000000e-01 4.085937500000000333e-02 1.277734375000000000e+01 1.180468750000000000e+01 -4.189453125000000000e-01 -4.697265625000000000e-01 -1.300781250000000000e+00
2.973828124999999822e-01 7.685546875000000000e-01 6.085937500000000722e-02 1.577734375000000000e+01 9.804687500000000000e+00 4.310546874999998668e-01 -1.972656250000004441e-02 -3.007812500000000000e-01
2.498828124999999956e-01 5.810546875000000000e-01 3.585937499999999889e-02 1.052734375000000000e+01 1.130468750000000000e+01 6.435546875000000000e-01 -1.322265624999999778e-01 -5.507812500000000000e-01
4.398828124999999978e-01 8.310546875000000000e-01 5.585937500000000278e-02 1.352734375000000000e+01 9.304687500000000000e+00 -2.064453124999999778e-01 -5.822265624999999334e-01 -1.550781250000000000e+00
3.448828124999999689e-01 7.060546875000000000e-01 6.585937499999999778e-02 1.202734375000000000e+01 1.030468750000000000e+01 2.185546874999999556e-01 -3.572265625000000111e-01 -5.078125000000000000e-02
1.548828124999999944e-01 9.560546875000000000e-01 4.585937500000000083e-02 1.502734375000000000e+01 1.230468750000000000e+01 -6.314453125000000222e-01 9.277343750000000000e-02 -1.050781250000000000e+00
1.667578124999999911e-01 6.904296875000000000e-01 3.210937500000000250e-02 1.558984375000000000e+01 1.167968750000000000e+01 -1.533203125000000000e-01 -6.103515625000000000e-01 -1.613281250000000000e+00
3.567578124999999933e-01 9.404296875000000000e-01 5.210937499999999944e-02 1.258984375000000000e+01 9.679687500000000000e+00 6.966796874999998668e-01 -1.603515625000000444e-01 -6.132812500000000000e-01
4.517578125000000222e-01 5.654296875000000000e-01 6.210937500000000833e-02 1.408984375000000000e+01 1.067968750000000000e+01 -5.783203125000000444e-01 6.464843749999993339e-02 -1.113281250000000000e+00
2.617578124999999645e-01 8.154296875000000000e-01 4.210937500000000444e-02 1.108984375000000000e+01 1.267968750000000000e+01 2.716796875000000444e-01 -3.853515624999999667e-01 -1.132812500000000000e-01
3.092578125000000067e-01 5.029296875000000000e-01 5.710937500000000389e-02 1.483984375000000000e+01 1.017968750000000000e+01 5.917968749999991118e-02 -4.978515624999999556e-01 -8.632812500000000000e-01
4.992578125000000089e-01 7.529296875000000000e-01 3.710937500000000000e-02 1.183984375000000000e+01 1.217968750000000000e+01 -7.908203124999999556e-01 -4.785156250000000000e-02 -1.863281250000000000e+00
4.042578124999999800e-01 6.279296875000000000e-01 4.710937500000000194e-02 1.333984375000000000e+01 1.117968750000000000e+01 4.841796874999999556e-01 1.771484374999999778e-01 -3.632812500000000000e-01
2.142578124999999778e-01 8.779296875000000000e-01 6.710937499999999889e-02 1.033984375000000000e+01 9.179687500000000000e+00 -3.658203125000000222e-01 -2.728515624999999778e-01 -1.363281250000000000e+00
1.905078124999999845e-01 5.966796875000000000e-01 4.460937499999999972e-02 1.221484375000000000e+01 9.929687500000000000e+00 -4.720703124999999778e-01 -6.666015624999999112e-01 -4.882812500000000000e-01
3.805078124999999867e-01 8.466796875000000000e-01 6.460937499999999667e-02 1.521484375000000000e+01 1.192968750000000000e+01 3.779296875000000000e-01 -2.166015625000000111e-01 -1.488281250000000000e+00
4.755078125000000155e-01 7.216796875000000000e-01 5.460937500000000167e-02 1.071484375000000000e+01 1.292968750000000000e+01 -8.970703125000000222e-01 8.398437500000022204e-03 -9.882812500000000000e-01
2.855078125000000133e-01 9.716796875000000000e-01 3.460937499999999778e-02 1.371484375000000000e+01 1.092968750000000000e+01 -4.707031250000004441e-02 -4.416015624999999889e-01 -1.988281250000000000e+00
2.380078124999999989e-01 6.591796875000000000e-01 6.960937500000000111e-02 1.296484375000000000e+01 1.242968750000000000e+01 1.654296874999998668e-01 -5.541015624999999778e-01 -1.238281250000000000e+00
4.280078124999999734e-01 9.091796875000000000e-01 4.960937500000000416e-02 1.596484375000000000e+01 1.042968750000000000e+01 -6.845703125000000000e-01 -1.041015625000000222e-01 -2.382812500000000000e-01
3.330078125000000000e-01 5.341796875000000000e-01 3.960937500000000222e-02 1.146484375000000000e+01 9.429687500000000000e+00 5.904296874999999112e-01 1.208984374999999556e-01 -1.738281250000000000e+00
1.430078124999999978e-01 7.841796875000000000e-01 5.960937500000000611e-02 1.446484375000000000e+01 1.142968750000000000e+01 -2.595703125000000666e-01 -3.291015625000000000e-01 -7.382812500000000000e-01
1.370703124999999856e-01 6.826171875000000000e-01 4.148437500000000389e-02 1.043359375000000000e+01 1.036718750000000000e+01 -1.267578125000000666e-01 5.058593749999995559e-02 -1.457031250000000000e+00
3.270703124999999600e-01 9.326171875000000000e-01 6.148437500000000777e-02 1.343359375000000000e+01 1.236718750000000000e+01 -9.767578125000000444e-01 -3.994140625000000000e-01 -4.570312500000000000e-01
4.220703124999999889e-01 5.576171875000000000e-01 5.148437499999999889e-02 1.193359375000000000e+01 1.136718750000000000e+01 2.982421874999998668e-01 -6.244140624999999778e-01 -1.957031250000000000e+00
2.320703124999999867e-01 8.076171875000000000e-01 3.148437500000000194e-02 1.493359375000000000e+01 9.367187500000000000e+00 -5.517578125000000000e-01 -1.744140625000000222e-01 -9.570312500000000000e-01
2.795703124999999734e-01 6.201171875000000000e-01 6.648437500000001221e-02 1.118359375000000000e+01 1.186718750000000000e+01 -3.392578124999999778e-01 1.630859375000000000e-01 -2.070312500000000000e-01
4.695703124999999756e-01 8.701171875000000000e-01 4.648437500000000139e-02 1.418359375000000000e+01 9.867187500000000000e+00 5.107421875000000000e-01 -2.869140625000000111e-01 -1.207031250000000000e+00
3.745703125000000022e-01 7.451171875000000000e-01 3.648437499999999944e-02 1.268359375000000000e+01 1.086718750000000000e+01 -7.642578125000000222e-01 -5.119140624999999334e-01 -7.070312500000000000e-01
1.845703125000000000e-01 9.951171875000000000e-01 5.648437500000000333e-02 1.568359375000000000e+01 1.286718750000000000e+01 8.574218749999995559e-02 -6.191406249999997780e-02 -1.707031250000000000e+00
2.083203124999999933e-01 5.263671875000000000e-01 3.398437499999999722e-02 1.380859375000000000e+01 1.211718750000000000e+01 1.919921874999999112e-01 -5.664062500000066613e-03 -5.820312500000000000e-01
3.983203124999999956e-01 7.763671875000000000e-01 5.398437500000000111e-02 1.080859375000000000e+01 1.011718750000000000e+01 -6.580078124999999556e-01 -4.556640624999999667e-01 -1.582031250000000000e+00
4.933203125000000244e-01 6.513671875000000000e-01 6.398437500000000999e-02 1.530859375000000000e+01 9.117187500000000000e+00 6.169921874999999556e-01 -6.806640625000000000e-01 -8.203125000000000000e-02
3.033203125000000222e-01 9.013671875000000000e-01 4.398437499999999917e-02 1.230859375000000000e+01 1.111718750000000000e+01 -2.330078125000000222e-01 -2.306640624999999889e-01 -1.082031250000000000e+00
2.558203125000000355e-01 7.138671875000000000e-01 5.898437500000000555e-02 1.305859375000000000e+01 9.617187500000000000e+00 -4.455078125000000444e-01 1.068359374999999778e-01 -1.832031250000000000e+00
4.458203124999999822e-01 9.638671875000000000e-01 3.898437500000000167e-02 1.005859375000000000e+01 1.161718750000000000e+01 4.044921875000000444e-01 -3.431640624999999778e-01 -8.320312500000000000e-01
3.508203125000000089e-01 5.888671875000000000e-01 4.898437500000000361e-02 1.455859375000000000e+01 1.261718750000000000e+01 -8.705078124999999778e-01 -5.681640624999999556e-01 -1.332031250000000000e+00
1.608203125000000067e-01 8.388671875000000000e-01 6.898437500000001443e-02 1.155859375000000000e+01 1.061718750000000000e+01 -2.050781250000000000e-02 -1.181640625000000000e-01 -3.320312500000000000e-01
1.489453124999999822e-01 5.732421875000000000e-01 5.273437500000000000e-02 1.287109375000000000e+01 9.492187500000000000e+00 4.576171874999999112e-01 -3.712890624999999889e-01 -7.695312500000000000e-01
3.389453124999999845e-01 8.232421875000000000e-01 3.273437499999999611e-02 1.587109375000000000e+01 1.149218750000000000e+01 -3.923828125000000666e-01 7.871093750000002220e-02 -1.769531250000000000e+00
4.339453125000000133e-01 6.982421875000000000e-01 4.273437500000000500e-02 1.137109375000000000e+01 1.249218750000000000e+01 3.261718749999986677e-02 -1.462890624999999556e-01 -2.695312500000000000e-01
2.439453125000000111e-01 9.482421875000000000e-01 6.273437500000000888e-02 1.437109375000000000e+01 1.049218750000000000e+01 -8.173828125000000000e-01 -5.962890624999999112e-01 -1.269531250000000000e+00
2.914453124999999978e-01 6.357421875000000000e-01 3.773437500000000056e-02 1.212109375000000000e+01 1.299218750000000000e+01 -6.048828125000000888e-01 -2.587890625000000000e-01 -1.519531250000000000e+00
4.814453125000000000e-01 8.857421875000000000e-01 5.773437500000000444e-02 1.512109375000000000e+01 1.099218750000000000e+01 2.451171875000000000e-01 1.912109374999999556e-01 -5.195312500000000000e-01
3.864453124999999711e-01 5.107421875000000000e-01 6.773437500000001332e-02 1.062109375000000000e+01 9.992187500000000000e+00 -1.798828125000000444e-01 -3.378906250000002220e-02 -1.019531250000000000e+00
1.964453124999999967e-01 7.607421875000000000e-01 4.773437500000000250e-02 1.362109375000000000e+01 1.199218750000000000e+01 6.701171875000000444e-01 -4.837890624999999778e-01 -1.953125000000000000e-02
1.726953125000000033e-01 7.294921875000000000e-01 6.023437500000000666e-02 1.474609375000000000e+01 1.124218750000000000e+01 5.638671874999998668e-01 -4.275390624999999556e-01 -1.144531250000000000e+00
3.626953124999999778e-01 9.794921875000000000e-01 4.023437500000000278e-02 1.174609375000000000e+01 9.242187500000000000e+00 -2.861328125000000000e-01 2.246093750000000000e-02 -1.445312500000000000e-01
4.576953125000000067e-01 6.044921875000000000e-01 3.023437499999999736e-02 1.324609375000000000e+01 1.024218750000000000e+01 1.388671875000000444e-01 -2.025390624999999778e-01 -1.644531250000000000e+00
2.676953125000000044e-01 8.544921875000000000e-01 5.023437499999999778e-02 1.024609375000000000e+01 1.224218750000000000e+01 -7.111328125000000444e-01 -6.525390624999999334e-01 -6.445312500000000000e-01
2.201953124999999900e-01 5.419921875000000000e-01 4.523437500000000028e-02 1.549609375000000000e+01 1.074218750000000000e+01 -9.236328124999999556e-01 -3.150390624999999667e-01 -3.945312500000000000e-01
4.101953125000000200e-01 7.919921875000000000e-01 6.523437500000001110e-02 1.249609375000000000e+01 1.274218750000000000e+01 -7.363281249999997780e-02 1.349609374999999334e-01 -1.394531250000000000e+00
3.151953124999999911e-01 6.669921875000000000e-01 5.523437500000000222e-02 1.399609375000000000e+01 1.174218750000000000e+01 -4.986328125000000222e-01 -9.003906250000004441e-02 -8.945312500000000000e-01
1.251953124999999889e-01 9.169921875000000000e-01 3.523437499999999833e-02 1.099609375000000000e+01 9.742187500000000000e+00 3.513671874999999556e-01 -5.400390625000000000e-01 -1.894531250000000000e+00
1.237109374999999928e-01 5.830078125000000000e-01 4.726562500000000555e-02 1.434765625000000000e+01 1.153906250000000000e+01 -2.714843750000006661e-02 -2.482421874999999889e-01 -1.699218750000000000e+00
3.137109375000000089e-01 8.330078125000000000e-01 6.726562500000000944e-02 1.134765625000000000e+01 9.539062500000000000e+00 -8.771484375000000444e-01 -6.982421875000000000e-01 -6.992187500000000000e-01
4.087109374999999822e-01 7.080078125000000000e-01 5.726562500000000056e-02 1.584765625000000000e+01 1.053906250000000000e+01 3.978515624999998668e-01 -4.732421874999999667e-01 -1.199218750000000000e+00
2.187109374999999800e-01 9.580078125000000000e-01 3.726562499999999667e-02 1.284765625000000000e+01 1.253906250000000000e+01 -4.521484375000000000e-01 -2.324218750000006661e-02 -1.992187500000000000e-01
2.662109375000000222e-01 6.455078125000000000e-01 6.226562500000000500e-02 1.359765625000000000e+01 1.003906250000000000e+01 -2.396484374999999778e-01 -1.357421875000000000e-01 -9.492187500000000000e-01
4.562109375000000244e-01 8.955078125000000000e-01 4.226562500000000111e-02 1.059765625000000000e+01 1.203906250000000000e+01 6.103515625000000000e-01 -5.857421874999999556e-01 -1.949218750000000000e+00
3.612109374999999956e-01 5.205078125000000000e-01 3.226562499999999917e-02 1.509765625000000000e+01 1.103906250000000000e+01 -6.646484375000000222e-01 -3.607421874999999778e-01 -4.492187500000000000e-01
1.712109374999999933e-01 7.705078125000000000e-01 5.226562500000000305e-02 1.209765625000000000e+01 9.039062500000000000e+00 1.853515624999999556e-01 8.925781249999997780e-02 -1.449218750000000000e+00
1.949609374999999867e-01 7.392578125000000000e-01 3.976562499999999889e-02 1.022265625000000000e+01 9.789062500000000000e+00 7.910156250000000000e-02 -1.919921875000000222e-01 -3.242187500000000000e-01
3.849609374999999889e-01 9.892578125000000000e-01 5.976562500000000278e-02 1.322265625000000000e+01 1.178906250000000000e+01 -7.708984374999999778e-01 -6.419921874999999778e-01 -1.324218750000000000e+00
4.799609375000000178e-01 6.142578125000000000e-01 6.976562499999999778e-02 1.172265625000000000e+01 1.278906250000000000e+01 5.041015625000000444e-01 -4.169921875000000000e-01 -8.242187500000000000e-01
2.899609374999999600e-01 8.642578125000000000e-01 4.976562500000000777e-02 1.472265625000000000e+01 1.078906250000000000e+01 -3.458984375000000444e-01 3.300781249999995559e-02 -1.824218750000000000e+00
2.424609375000000011e-01 5.517578125000000000e-01 5.476562500000000527e-02 1.097265625000000000e+01 1.228906250000000000e+01 -5.583984374999999556e-01 -7.949218749999997780e-02 -1.074218750000000000e+00
4.324609374999999756e-01 8.017578125000000000e-01 3.476562500000000139e-02 1.397265625000000000e+01 1.028906250000000000e+01 2.916015624999999112e-01 -5.294921874999999334e-01 -7.421875000000000000e-02
3.374609375000000022e-01 6.767578125000000000e-01 4.476562500000000333e-02 1.247265625000000000e+01 9.289062500000000000e+00 -9.833984375000000000e-01 -3.044921875000000111e-01 -1.574218750000000000e+00
1.474609375000000000e-01 9.267578125000000000e-01 6.476562500000000722e-02 1.547265625000000000e+01 1.128906250000000000e+01 -1.333984375000000222e-01 1.455078125000000000e-01 -5.742187500000000000e-01
1.593359374999999967e-01 6.611328125000000000e-01 5.851562500000000167e-02 1.491015625000000000e+01 1.266406250000000000e+01 3.447265625000000000e-01 -6.701171874999999334e-01 -1.171875000000000000e-02
3.493359375000000266e-01 9.111328125000000000e-01 3.851562499999999778e-02 1.191015625000000000e+01 1.066406250000000000e+01 -5.052734375000000888e-01 -2.201171874999999778e-01 -1.011718750000000000e+00
4.443359375000000000e-01 5.361328125000000000e-01 4.851562500000000666e-02 1.341015625000000000e+01 9.664062500000000000e+00 -8.027343750000004441e-02 4.882812500000000000e-03 -5.117187500000000000e-01
2.543359374999999978e-01 7.861328125000000000e-01 6.851562499999999667e-02 1.041015625000000000e+01 1.166406250000000000e+01 -9.302734375000000222e-01 -4.451171874999999556e-01 -1.511718750000000000e+00
3.018359374999999845e-01 5.986328125000000000e-01 3.351562500000000028e-02 1.566015625000000000e+01 9.164062500000000000e+00 -7.177734375000000000e-01 -5.576171875000000000e-01 -1.261718750000000000e+00
4.918359374999999867e-01 8.486328125000000000e-01 5.351562500000000416e-02 1.266015625000000000e+01 1.116406250000000000e+01 1.322265624999998668e-01 -1.076171875000000444e-01 -2.617187500000000000e-01
3.968359375000000133e-01 7.236328125000000000e-01 6.351562500000000611e-02 1.416015625000000000e+01 1.216406250000000000e+01 -2.927734375000000666e-01 1.173828124999999334e-01 -1.761718750000000000e+00
2.068359375000000111e-01 9.736328125000000000e-01 4.351562500000000222e-02 1.116015625000000000e+01 1.016406250000000000e+01 5.572265624999999112e-01 -3.326171874999999667e-01 -7.617187500000000000e-01
1.830859374999999900e-01 5.048828125000000000e-01 6.601562500000000833e-02 1.228515625000000000e+01 1.091406250000000000e+01 6.634765624999998668e-01 -6.138671874999999112e-01 -1.886718750000000000e+00
3.730859375000000200e-01 7.548828125000000000e-01 4.601562500000000444e-02 1.528515625000000000e+01 1.291406250000000000e+01 -1.865234375000000000e-01 -1.638671874999999556e-01 -8.867187500000000000e-01
4.680859374999999933e-01 6.298828125000000000e-01 3.601562500000000250e-02 1.078515625000000000e+01 1.191406250000000000e+01 2.384765625000000444e-01 6.113281250000002220e-02 -1.386718750000000000e+00
2.780859374999999911e-01 8.798828125000000000e-01 5.601562499999999944e-02 1.378515625000000000e+01 9.914062500000000000e+00 -6.115234375000000444e-01 -3.888671874999999889e-01 -3.867187500000000000e-01
2.305859375000000044e-01 6.923828125000000000e-01 4.101562500000000000e-02 1.153515625000000000e+01 1.141406250000000000e+01 -8.240234374999999556e-01 -5.013671874999999778e-01 -6.367187500000000000e-01
4.205859375000000067e-01 9.423828125000000000e-01 6.101562500000000389e-02 1.453515625000000000e+01 9.414062500000000000e+00 2.597656249999991118e-02 -5.136718750000002220e-02 -1.636718750000000000e+00
3.255859374999999778e-01 5.673828125000000000e-01 5.101562500000000194e-02 1.003515625000000000e+01 1.041406250000000000e+01 -3.990234375000000222e-01 1.736328124999999556e-01 -1.367187500000000000e-01
1.355859375000000033e-01 8.173828125000000000e-01 3.101562499999999806e-02 1.303515625000000000e+01 1.241406250000000000e+01 4.509765624999999556e-01 -2.763671875000000000e-01 -1.136718750000000000e+00
1.415234374999999878e-01 7.158203125000000000e-01 6.789062500000000999e-02 1.106640625000000000e+01 9.351562500000000000e+00 -6.380859375000000888e-01 -9.179687499999977796e-03 -9.179687500000000000e-01
3.315234375000000178e-01 9.658203125000000000e-01 4.789062500000000611e-02 1.406640625000000000e+01 1.135156250000000000e+01 2.119140625000000000e-01 -4.591796874999999889e-01 -1.917968750000000000e+00
4.265234374999999911e-01 5.908203125000000000e-01 3.789062499999999722e-02 1.256640625000000000e+01 1.235156250000000000e+01 -2.130859375000000444e-01 -6.841796874999999112e-01 -4.179687500000000000e-01
2.365234374999999889e-01 8.408203125000000000e-01 5.789062500000000111e-02 1.556640625000000000e+01 1.035156250000000000e+01 6.369140625000000444e-01 -2.341796875000000111e-01 -1.417968750000000000e+00
2.840234375000000311e-01 5.283203125000000000e-01 4.289062500000000167e-02 1.031640625000000000e+01 1.285156250000000000e+01 4.244140624999999112e-01 1.033203124999999556e-01 -1.667968750000000000e+00
4.740234374999999778e-01 7.783203125000000000e-01 6.289062500000000555e-02 1.331640625000000000e+01 1.085156250000000000e+01 -4.255859375000000666e-01 -3.466796875000000000e-01 -6.679687500000000000e-01
3.790234375000000044e-01 6.533203125000000000e-01 5.289062500000000361e-02 1.181640625000000000e+01 9.851562500000000000e+00 -5.859375000000222045e-04 -5.716796874999999778e-01 -1.167968750000000000e+00
1.890234375000000022e-01 9.033203125000000000e-01 3.289062499999999972e-02 1.481640625000000000e+01 1.185156250000000000e+01 -8.505859375000000000e-01 -1.216796875000000222e-01 -1.679687500000000000e-01
2.127734374999999956e-01 6.220703125000000000e-01 5.539062499999999889e-02 1.369140625000000000e+01 1.110156250000000000e+01 -9.568359374999999556e-01 4.707031249999993339e-02 -1.042968750000000000e+00
4.027734374999999978e-01 8.720703125000000000e-01 3.539062500000000194e-02 1.069140625000000000e+01 9.101562500000000000e+00 -1.068359374999999778e-01 -4.029296874999999667e-01 -4.296875000000000000e-02
4.977734375000000266e-01 7.470703125000000000e-01 4.539062500000000389e-02 1.519140625000000000e+01 1.010156250000000000e+01 -5.318359375000000222e-01 -6.279296875000000000e-01 -1.542968750000000000e+00
3.077734374999999689e-01 9.970703125000000000e-01 6.539062500000000777e-02 1.219140625000000000e+01 1.210156250000000000e+01 3.181640624999999556e-01 -1.779296875000000444e-01 -5.429687500000000000e-01
2.602734374999999822e-01 6.845703125000000000e-01 3.039062499999999750e-02 1.444140625000000000e+01 1.060156250000000000e+01 5.306640624999998668e-01 1.595703124999999778e-01 -2.929687500000000000e-01
4.502734374999999845e-01 9.345703125000000000e-01 5.039062500000000139e-02 1.144140625000000000e+01 1.260156250000000000e+01 -3.193359375000000000e-01 -2.904296874999999778e-01 -1.292968750000000000e+00
3.552734375000000111e-01 5.595703125000000000e-01 6.039062500000000333e-02 1.594140625000000000e+01 1.160156250000000000e+01 1.056640625000000444e-01 -5.154296874999999556e-01 -7.929687500000000000e-01
1.652734375000000089e-01 8.095703125000000000e-01 4.039062499999999944e-02 1.294140625000000000e+01 9.601562500000000000e+00 -7.443359375000000444e-01 -6.542968750000000000e-02 -1.792968750000000000e+00
1.533984374999999845e-01 5.439453125000000000e-01 3.664062500000000305e-02 1.162890625000000000e+01 1.047656250000000000e+01 -2.662109375000000222e-01 -4.310546874999999778e-01 -1.355468750000000000e+00
3.433984374999999867e-01 7.939453125000000000e-01 5.664062500000000000e-02 1.462890625000000000e+01 1.247656250000000000e+01 5.837890624999999556e-01 1.894531249999997780e-02 -3.554687500000000000e-01
4.383984375000000155e-01 6.689453125000000000e-01 6.664062500000000888e-02 1.012890625000000000e+01 1.147656250000000000e+01 -6.912109374999999556e-01 -2.060546875000000000e-01 -1.855468750000000000e+00
2.483984374999999856e-01 9.189453125000000000e-01 4.664062500000000500e-02 1.312890625000000000e+01 9.476562500000000000e+00 1.587890624999999112e-01 -6.560546874999999556e-01 -8.554687500000000000e-01
2.958984375000000000e-01 7.314453125000000000e-01 5.164062500000000250e-02 1.237890625000000000e+01 1.197656250000000000e+01 -5.371093750000000000e-02 -3.185546874999999889e-01 -1.054687500000000000e-01
4.858984375000000022e-01 9.814453125000000000e-01 3.164062499999999861e-02 1.537890625000000000e+01 9.976562500000000000e+00 -9.037109374999999778e-01 1.314453124999999112e-01 -1.105468750000000000e+00
3.908984374999999734e-01 6.064453125000000000e-01 4.164062500000000056e-02 1.087890625000000000e+01 1.097656250000000000e+01 3.712890625000000444e-01 -9.355468750000006661e-02 -6.054687500000000000e-01
2.008984374999999989e-01 8.564453125000000000e-01 6.164062500000000444e-02 1.387890625000000000e+01 1.297656250000000000e+01 -4.787109375000000444e-01 -5.435546874999999112e-01 -1.605468750000000000e+00
1.771484375000000056e-01 6.376953125000000000e-01 4.914062500000000722e-02 1.575390625000000000e+01 1.222656250000000000e+01 -3.724609374999999778e-01 -3.748046875000000111e-01 -7.304687500000000000e-01
3.671484375000000355e-01 8.876953125000000000e-01 6.914062500000001110e-02 1.275390625000000000e+01 1.022656250000000000e+01 4.775390625000000000e-01 7.519531250000000000e-02 -1.730468750000000000e+00
4.621484375000000089e-01 5.126953125000000000e-01 5.914062500000000222e-02 1.425390625000000000e+01 9.226562500000000000e+00 -7.974609375000000222e-01 -1.498046874999999778e-01 -2.304687500000000000e-01
2.721484375000000067e-01 7.626953125000000000e-01 3.914062499999999833e-02 1.125390625000000000e+01 1.122656250000000000e+01 5.253906249999995559e-02 -5.998046874999999334e-01 -1.230468750000000000e+00
2.246484374999999922e-01 5.751953125000000000e-01 6.414062500000000666e-02 1.500390625000000000e+01 9.726562500000000000e+00 2.650390624999998668e-01 -2.623046875000000222e-01 -1.980468750000000000e+00
4.146484375000000222e-01 8.251953125000000000e-01 4.414062500000000278e-02 1.200390625000000000e+01 1.172656250000000000e+01 -5.849609375000000000e-01 1.876953124999999334e-01 -9.804687500000000000e-01
3.196484374999999933e-01 7.001953125000000000e-01 3.414062500000000083e-02 1.350390625000000000e+01 1.272656250000000000e+01 6.900390624999999112e-01 -3.730468750000004441e-02 -1.480468750000000000e+00
1.296484374999999911e-01 9.501953125000000000e-01 5.414062500000000472e-02 1.050390625000000000e+01 1.072656250000000000e+01 -1.599609375000000666e-01 -4.873046875000000000e-01 -4.804687500000000000e-01
1.266796874999999989e-01 6.494140625000000000e-01 3.445312500000000111e-02 1.280078125000000000e+01 1.132031250000000000e+01 -4.919921875000000666e-01 1.103515625000000000e-01 -8.398437500000000000e-01
3.166796874999999734e-01 8.994140625000000000e-01 5.445312500000000500e-02 1.580078125000000000e+01 9.320312500000000000e+00 3.580078124999999112e-01 -3.396484375000000111e-01 -1.839843750000000000e+00
4.116796875000000022e-01 5.244140625000000000e-01 6.445312500000000000e-02 1.130078125000000000e+01 1.032031250000000000e+01 -9.169921875000000000e-01 -5.646484374999999334e-01 -3.398437500000000000e-01
2.216796875000000000e-01 7.744140625000000000e-01 4.445312500000000305e-02 1.430078125000000000e+01 1.232031250000000000e+01 -6.699218750000002220e-02 -1.146484374999999778e-01 -1.339843750000000000e+00
2.691796874999999867e-01 5.869140625000000000e-01 5.945312500000000944e-02 1.205078125000000000e+01 1.082031250000000000e+01 1.455078125000000000e-01 -2.148437500000044409e-03 -1.589843750000000000e+00
4.591796874999999889e-01 8.369140625000000000e-01 3.945312499999999861e-02 1.505078125000000000e+01 1.282031250000000000e+01 -7.044921875000000888e-01 -4.521484375000000000e-01 -5.898437500000000000e-01
3.641796874999999600e-01 7.119140625000000000e-01 4.945312500000000056e-02 1.055078125000000000e+01 1.182031250000000000e+01 5.705078125000000444e-01 -6.771484374999999778e-01 -1.089843750000000000e+00
1.741796875000000133e-01 9.619140625000000000e-01 6.945312500000000444e-02 1.355078125000000000e+01 9.820312500000000000e+00 -2.794921875000000444e-01 -2.271484375000000222e-01 -8.984375000000000000e-02
1.979296875000000067e-01 5.556640625000000000e-01 4.195312500000000083e-02 1.467578125000000000e+01 9.070312500000000000e+00 -1.732421874999999778e-01 1.666015624999999112e-01 -1.214843750000000000e+00
3.879296875000000089e-01 8.056640625000000000e-01 6.195312500000000472e-02 1.167578125000000000e+01 1.107031250000000000e+01 6.767578125000000000e-01 -2.833984374999999889e-01 -2.148437500000000000e-01
4.829296874999999822e-01 6.806640625000000000e-01 5.195312500000000278e-02 1.317578125000000000e+01 1.207031250000000000e+01 -5.982421875000000222e-01 -5.083984374999999112e-01 -1.714843750000000000e+00
2.929296875000000355e-01 9.306640625000000000e-01 3.195312499999999889e-02 1.017578125000000000e+01 1.007031250000000000e+01 2.517578124999999556e-01 -5.839843750000006661e-02 -7.148437500000000000e-01
2.454296874999999933e-01 7.431640625000000000e-01 6.695312500000000222e-02 1.542578125000000000e+01 1.257031250000000000e+01 3.925781250000004441e-02 5.410156249999997780e-02 -4.648437500000000000e-01
4.354296874999999956e-01 9.931640625000000000e-01 4.695312499999999833e-02 1.242578125000000000e+01 1.057031250000000000e+01 -8.107421875000000444e-01 -3.958984374999999778e-01 -1.464843750000000000e+00
3.404296875000000222e-01 6.181640625000000000e-01 3.695312500000000333e-02 1.392578125000000000e+01 9.570312500000000000e+00 4.642578124999998668e-01 -6.208984374999999556e-01 -9.648437500000000000e-01
1.504296874999999922e-01 8.681640625000000000e-01 5.695312500000000722e-02 1.092578125000000000e+01 1.157031250000000000e+01 -3.857421875000000000e-01 -1.708984375000000000e-01 -1.964843750000000000e+00
1.623046874999999889e-01 6.025390625000000000e-01 6.070312500000000361e-02 1.073828125000000000e+01 1.244531250000000000e+01 -8.638671875000000222e-01 -3.115234375000000000e-01 -1.402343750000000000e+00
3.523046874999999911e-01 8.525390625000000000e-01 4.070312499999999972e-02 1.373828125000000000e+01 1.044531250000000000e+01 -1.386718750000004441e-02 1.384765624999999556e-01 -4.023437500000000000e-01
4.473046875000000200e-01 7.275390625000000000e-01 3.070312499999999778e-02 1.223828125000000000e+01 9.445312500000000000e+00 -4.388671874999999778e-01 -8.652343750000002220e-02 -1.902343750000000000e+00
2.573046875000000178e-01 9.775390625000000000e-01 5.070312500000000167e-02 1.523828125000000000e+01 1.144531250000000000e+01 4.111328125000000000e-01 -5.365234374999999778e-01 -9.023437500000000000e-01
3.048046875000000044e-01 6.650390625000000000e-01 4.570312499999999722e-02 1.148828125000000000e+01 9.945312500000000000e+00 6.236328124999999112e-01 -4.240234374999999889e-01 -1.523437500000000000e-01
4.948046875000000067e-01 9.150390625000000000e-01 6.570312500000000111e-02 1.448828125000000000e+01 1.194531250000000000e+01 -2.263671875000000666e-01 2.597656250000002220e-02 -1.152343750000000000e+00
3.998046874999999778e-01 5.400390625000000000e-01 5.570312500000000611e-02 1.298828125000000000e+01 1.294531250000000000e+01 1.986328124999998668e-01 -1.990234374999999556e-01 -6.523437500000000000e-01
2.098046875000000033e-01 7.900390625000000000e-01 3.570312500000000222e-02 1.598828125000000000e+01 1.094531250000000000e+01 -6.513671875000000000e-01 -6.490234374999999112e-01 -1.652343750000000000e+00
1.860546874999999822e-01 6.962890625000000000e-01 5.320312500000000389e-02 1.411328125000000000e+01 1.019531250000000000e+01 -7.576171874999999556e-01 -2.552734374999999778e-01 -5.273437500000000000e-01
3.760546874999999845e-01 9.462890625000000000e-01 3.320312500000000000e-02 1.111328125000000000e+01 1.219531250000000000e+01 9.238281249999991118e-02 1.947265624999999778e-01 -1.527343750000000000e+00
4.710546875000000133e-01 5.712890625000000000e-01 4.320312500000000194e-02 1.561328125000000000e+01 1.119531250000000000e+01 -3.326171875000000222e-01 -3.027343750000000000e-02 -2.734375000000000000e-02
2.810546875000000111e-01 8.212890625000000000e-01 6.320312499999999889e-02 1.261328125000000000e+01 9.195312500000000000e+00 5.173828124999999556e-01 -4.802734374999999556e-01 -1.027343750000000000e+00
2.335546874999999967e-01 5.087890625000000000e-01 3.820312500000000444e-02 1.336328125000000000e+01 1.169531250000000000e+01 3.048828125000000444e-01 -3.677734374999999667e-01 -1.777343750000000000e+00
4.235546875000000266e-01 7.587890625000000000e-01 5.820312500000000833e-02 1.036328125000000000e+01 9.695312500000000000e+00 -5.451171875000000444e-01 8.222656249999993339e-02 -7.773437500000000000e-01
3.285546874999999978e-01 6.337890625000000000e-01 6.820312500000000333e-02 1.486328125000000000e+01 1.069531250000000000e+01 -1.201171875000000000e-01 -1.427734375000000444e-01 -1.277343750000000000e+00
1.385546874999999956e-01 8.837890625000000000e-01 4.820312499999999944e-02 1.186328125000000000e+01 1.269531250000000000e+01 -9.701171874999999778e-01 -5.927734375000000000e-01 -2.773437500000000000e-01
1.326171874999999833e-01 5.166015625000000000e-01 5.007812500000000111e-02 1.533203125000000000e+01 9.507812500000000000e+00 5.439453125000000000e-01 -1.287109375000000666e-01 -1.558593750000000000e+00
3.226171875000000133e-01 7.666015625000000000e-01 3.007812499999999722e-02 1.233203125000000000e+01 1.150781250000000000e+01 -3.060546874999999778e-01 -5.787109374999999112e-01 -5.585937500000000000e-01
4.176171874999999867e-01 6.416015625000000000e-01 4.007812499999999917e-02 1.383203125000000000e+01 1.250781250000000000e+01 1.189453124999999556e-01 -3.537109374999999889e-01 -1.058593750000000000e+00
2.276171874999999845e-01 8.916015625000000000e-01 6.007812500000000305e-02 1.083203125000000000e+01 1.050781250000000000e+01 -7.310546875000000222e-01 9.628906249999991118e-02 -5.859375000000000000e-02
2.751171875000000266e-01 7.041015625000000000e-01 3.507812500000000167e-02 1.458203125000000000e+01 1.200781250000000000e+01 -9.435546875000000444e-01 -2.412109375000000000e-01 -8.085937500000000000e-01
4.651171874999999734e-01 9.541015625000000000e-01 5.507812500000000555e-02 1.158203125000000000e+01 1.000781250000000000e+01 -9.355468750000006661e-02 -6.912109374999999556e-01 -1.808593750000000000e+00
3.701171875000000000e-01 5.791015625000000000e-01 6.507812500000001443e-02 1.308203125000000000e+01 9.007812500000000000e+00 -5.185546875000000000e-01 -4.662109374999999778e-01 -3.085937500000000000e-01
1.801171874999999978e-01 8.291015625000000000e-01 4.507812500000000361e-02 1.008203125000000000e+01 1.100781250000000000e+01 3.314453124999998668e-01 -1.621093750000002220e-02 -1.308593750000000000e+00
2.038671874999999911e-01 6.728515625000000000e-01 6.257812500000001221e-02 1.195703125000000000e+01 1.175781250000000000e+01 4.376953125000000444e-01 -7.246093750000004441e-02 -4.335937500000000000e-01
3.938671874999999933e-01 9.228515625000000000e-01 4.257812500000000139e-02 1.495703125000000000e+01 9.757812500000000000e+00 -4.123046875000000444e-01 -5.224609375000000000e-01 -1.433593750000000000e+00
4.888671875000000222e-01 5.478515625000000000e-01 3.257812499999999944e-02 1.045703125000000000e+01 1.075781250000000000e+01 1.269531250000000000e-02 -2.974609375000000222e-01 -9.335937500000000000e-01
2.988671874999999645e-01 7.978515625000000000e-01 5.257812500000000333e-02 1.345703125000000000e+01 1.275781250000000000e+01 -8.373046874999999778e-01 1.525390624999999334e-01 -1.933593750000000000e+00
2.513671874999999778e-01 6.103515625000000000e-01 4.757812499999999889e-02 1.270703125000000000e+01 1.025781250000000000e+01 -6.248046874999999556e-01 -1.849609374999999778e-01 -1.183593750000000000e+00
4.413671874999999800e-01 8.603515625000000000e-01 6.757812500000000278e-02 1.570703125000000000e+01 1.225781250000000000e+01 2.251953124999999112e-01 -6.349609374999999334e-01 -1.835937500000000000e-01
3.463671875000000067e-01 7.353515625000000000e-01 5.757812500000000777e-02 1.120703125000000000e+01 1.125781250000000000e+01 -1.998046875000000222e-01 -4.099609375000000111e-01 -1.683593750000000000e+00
1.563671875000000044e-01 9.853515625000000000e-01 3.757812500000000389e-02 1.420703125000000000e+01 9.257812500000000000e+00 6.501953124999999556e-01 4.003906250000000000e-02 -6.835937500000000000e-01
1.444921875000000078e-01 7.197265625000000000e-01 4.382812500000000250e-02 1.326953125000000000e+01 1.063281250000000000e+01 1.720703125000000444e-01 -5.505859374999999556e-01 -2.460937500000000000e-01
3.344921874999999822e-01 9.697265625000000000e-01 6.382812500000001332e-02 1.026953125000000000e+01 1.263281250000000000e+01 -6.779296875000000444e-01 -1.005859375000000000e-01 -1.246093750000000000e+00
4.294921875000000111e-01 5.947265625000000000e-01 5.382812500000000444e-02 1.476953125000000000e+01 1.163281250000000000e+01 5.970703124999998668e-01 1.244140624999999778e-01 -7.460937500000000000e-01
2.394921875000000089e-01 8.447265625000000000e-01 3.382812500000000056e-02 1.176953125000000000e+01 9.632812500000000000e+00 -2.529296875000000000e-01 -3.255859374999999778e-01 -1.746093750000000000e+00
2.869921874999999956e-01 5.322265625000000000e-01 6.882812500000000389e-02 1.401953125000000000e+01 1.113281250000000000e+01 -4.654296875000000222e-01 -6.630859375000000000e-01 -1.496093750000000000e+00
4.769921874999999978e-01 7.822265625000000000e-01 4.882812500000000000e-02 1.101953125000000000e+01 9.132812500000000000e+00 3.845703124999999556e-01 -2.130859374999999889e-01 -4.960937500000000000e-01
3.819921875000000244e-01 6.572265625000000000e-01 3.882812499999999806e-02 1.551953125000000000e+01 1.013281250000000000e+01 -8.904296874999999556e-01 1.191406249999993339e-02 -1.996093750000000000e+00
1.919921874999999944e-01 9.072265625000000000e-01 5.882812500000000888e-02 1.251953125000000000e+01 1.213281250000000000e+01 -4.042968749999997780e-02 -4.380859374999999667e-01 -9.960937500000000000e-01
1.682421875000000011e-01 5.634765625000000000e-01 3.132812499999999833e-02 1.139453125000000000e+01 1.288281250000000000e+01 -1.466796875000000444e-01 -4.943359374999999889e-01 -1.871093750000000000e+00
3.582421875000000311e-01 8.134765625000000000e-01 5.132812500000000222e-02 1.439453125000000000e+01 1.088281250000000000e+01 -9.966796875000000222e-01 -4.433593749999997780e-02 -8.710937500000000000e-01
4.532421875000000044e-01 6.884765625000000000e-01 6.132812500000000416e-02 1.289453125000000000e+01 9.882812500000000000e+00 2.783203125000000000e-01 1.806640625000000000e-01 -1.371093750000000000e+00
2.632421875000000022e-01 9.384765625000000000e-01 4.132812500000000028e-02 1.589453125000000000e+01 1.188281250000000000e+01 -5.716796875000000888e-01 -2.693359375000000111e-01 -3.710937500000000000e-01
2.157421875000000155e-01 6.259765625000000000e-01 5.632812500000000666e-02 1.064453125000000000e+01 9.382812500000000000e+00 -3.591796875000000666e-01 -6.068359374999999778e-01 -6.210937500000000000e-01
4.057421875000000178e-01 8.759765625000000000e-01 3.632812500000000278e-02 1.364453125000000000e+01 1.138281250000000000e+01 4.908203124999999112e-01 -1.568359375000000222e-01 -1.621093750000000000e+00
3.107421874999999889e-01 5.009765625000000000e-01 4.632812499999999778e-02 1.214453125000000000e+01 1.238281250000000000e+01 -7.841796875000000000e-01 6.816406249999995559e-02 -1.210937500000000000e-01
1.207421875000000006e-01 7.509765625000000000e-01 6.632812500000001554e-02 1.514453125000000000e+01 1.038281250000000000e+01 6.582031249999986677e-02 -3.818359375000000000e-01 -1.121093750000000000e+00
1.211132812499999961e-01 6.254882812500000000e-01 4.449218750000000222e-02 1.090820312500000000e+01 1.258203125000000000e+01 -2.545898437500000444e-01 -5.400390625000006661e-02 -1.150390625000000000e+00
3.111132812499999845e-01 8.754882812500000000e-01 6.449218750000000611e-02 1.390820312500000000e+01 1.058203125000000000e+01 5.954101562500000444e-01 -5.040039062499999112e-01 -1.503906250000000000e-01
4.061132812500000133e-01 5.004882812500000000e-01 5.449218750000000416e-02 1.240820312500000000e+01 9.582031250000000000e+00 -6.795898437500000888e-01 -2.790039062499999889e-01 -1.650390625000000000e+00
2.161132812500000111e-01 7.504882812500000000e-01 3.449218750000000028e-02 1.540820312500000000e+01 1.158203125000000000e+01 1.704101562500000000e-01 1.709960937499999112e-01 -6.503906250000000000e-01
2.636132812499999978e-01 5.629882812500000000e-01 6.949218749999999667e-02 1.015820312500000000e+01 9.082031250000000000e+00 -4.208984375000002220e-02 -1.665039062500000000e-01 -4.003906250000000000e-01
4.536132812500000000e-01 8.129882812500000000e-01 4.949218750000000666e-02 1.315820312500000000e+01 1.108203125000000000e+01 -8.920898437500000000e-01 -6.165039062499999556e-01 -1.400390625000000000e+00
3.586132812500000266e-01 6.879882812500000000e-01 3.949218749999999778e-02 1.165820312500000000e+01 1.208203125000000000e+01 3.829101562499999112e-01 -3.915039062499999778e-01 -9.003906250000000000e-01
1.686132812499999967e-01 9.379882812500000000e-01 5.949218750000000167e-02 1.465820312500000000e+01 1.008203125000000000e+01 -4.670898437500000666e-01 5.849609374999997780e-02 -1.900390625000000000e+00
1.923632812499999900e-01 5.317382812500000000e-01 3.199218749999999806e-02 1.353320312500000000e+01 1.083203125000000000e+01 -5.733398437500000222e-01 -1.102539062499999778e-01 -7.753906250000000000e-01
3.823632812500000200e-01 7.817382812500000000e-01 5.199218750000000194e-02 1.053320312500000000e+01 1.283203125000000000e+01 2.766601562499999556e-01 -5.602539062499999334e-01 -1.775390625000000000e+00
4.773632812499999933e-01 6.567382812500000000e-01 6.199218750000000389e-02 1.503320312500000000e+01 1.183203125000000000e+01 -9.983398437499999556e-01 -3.352539062500000111e-01 -2.753906250000000000e-01
2.873632812499999911e-01 9.067382812500000000e-01 4.199218750000000000e-02 1.203320312500000000e+01 9.832031250000000000e+00 -1.483398437499999778e-01 1.147460937500000000e-01 -1.275390625000000000e+00
2.398632812500000044e-01 7.192382812500000000e-01 5.699218749999999944e-02 1.428320312500000000e+01 1.133203125000000000e+01 6.416015625000004441e-02 -2.227539062500000222e-01 -1.525390625000000000e+00
4.298632812500000067e-01 9.692382812500000000e-01 3.699218750000000250e-02 1.128320312500000000e+01 9.332031250000000000e+00 -7.858398437500000444e-01 -6.727539062499999778e-01 -5.253906250000000000e-01
3.348632812499999778e-01 5.942382812500000000e-01 4.699218750000000444e-02 1.578320312500000000e+01 1.033203125000000000e+01 4.891601562499998668e-01 -4.477539062500000000e-01 -1.025390625000000000e+00
1.448632812500000033e-01 8.442382812500000000e-01 6.699218750000000833e-02 1.278320312500000000e+01 1.233203125000000000e+01 -3.608398437500000000e-01 2.246093749999955591e-03 -2.539062500000000000e-02
1.567382812500000000e-01 6.098632812500000000e-01 5.074218750000000777e-02 1.184570312500000000e+01 1.170703125000000000e+01 -7.327148437499999556e-01 -4.758789062499999556e-01 -5.878906250000000000e-01
3.467382812500000022e-01 8.598632812500000000e-01 3.074218750000000042e-02 1.484570312500000000e+01 9.707031250000000000e+00 1.172851562499999112e-01 -2.587890625000000000e-02 -1.587890625000000000e+00
4.417382812499999756e-01 7.348632812500000000e-01 4.074218749999999889e-02 1.034570312500000000e+01 1.070703125000000000e+01 -3.077148437500000222e-01 1.991210937499999778e-01 -8.789062500000000000e-02
2.517382812499999734e-01 9.848632812500000000e-01 6.074218750000000278e-02 1.334570312500000000e+01 1.270703125000000000e+01 5.422851562499999556e-01 -2.508789062499999778e-01 -1.087890625000000000e+00
2.992382812499999600e-01 6.723632812500000000e-01 3.574218750000000139e-02 1.259570312500000000e+01 1.020703125000000000e+01 3.297851562500000444e-01 -5.883789062500000000e-01 -1.837890625000000000e+00
4.892382812500000178e-01 9.223632812500000000e-01 5.574218750000000527e-02 1.559570312500000000e+01 1.220703125000000000e+01 -5.202148437500000444e-01 -1.383789062500000444e-01 -8.378906250000000000e-01
3.942382812499999889e-01 5.473632812500000000e-01 6.574218750000000722e-02 1.109570312500000000e+01 1.120703125000000000e+01 -9.521484375000000000e-02 8.662109374999993339e-02 -1.337890625000000000e+00
2.042382812499999867e-01 7.973632812500000000e-01 4.574218750000000333e-02 1.409570312500000000e+01 9.207031250000000000e+00 -9.452148437499999778e-01 -3.633789062499999667e-01 -3.378906250000000000e-01
1.804882812499999933e-01 7.036132812500000000e-01 6.324218750000000500e-02 1.597070312500000000e+01 9.957031250000000000e+00 -8.389648437500000222e-01 -5.321289062499999778e-01 -1.462890625000000000e+00
3.704882812499999956e-01 9.536132812500000000e-01 4.324218750000000111e-02 1.297070312500000000e+01 1.195703125000000000e+01 1.103515624999995559e-02 -8.212890625000002220e-02 -4.628906250000000000e-01
4.654882812500000244e-01 5.786132812500000000e-01 3.324218749999999917e-02 1.447070312500000000e+01 1.295703125000000000e+01 -4.139648437499999778e-01 1.428710937499999556e-01 -1.962890625000000000e+00
2.754882812500000222e-01 8.286132812500000000e-01 5.324218750000000305e-02 1.147070312500000000e+01 1.095703125000000000e+01 4.360351562500000000e-01 -3.071289062500000000e-01 -9.628906250000000000e-01
2.279882812499999800e-01 5.161132812500000000e-01 4.824218750000000555e-02 1.522070312500000000e+01 1.245703125000000000e+01 6.485351562499999112e-01 -6.446289062499999112e-01 -2.128906250000000000e-01
4.179882812499999822e-01 7.661132812500000000e-01 6.824218750000000944e-02 1.222070312500000000e+01 1.045703125000000000e+01 -2.014648437500000666e-01 -1.946289062499999556e-01 -1.212890625000000000e+00
3.229882812500000089e-01 6.411132812500000000e-01 5.824218750000000056e-02 1.372070312500000000e+01 9.457031250000000000e+00 2.235351562499998668e-01 3.037109375000002220e-02 -7.128906250000000000e-01
1.329882812500000067e-01 8.911132812500000000e-01 3.824218749999999667e-02 1.072070312500000000e+01 1.145703125000000000e+01 -6.264648437500000000e-01 -4.196289062499999889e-01 -1.712890625000000000e+00
1.389257812499999911e-01 5.083007812500000000e-01 6.011718750000000222e-02 1.418945312500000000e+01 1.026953125000000000e+01 4.094726562499999556e-01 1.569335937499999334e-01 -4.941406250000000000e-01
3.289257812499999933e-01 7.583007812500000000e-01 4.011718749999999833e-02 1.118945312500000000e+01 1.226953125000000000e+01 -4.405273437500000222e-01 -2.930664062500000222e-01 -1.494140625000000000e+00
4.239257812500000222e-01 6.333007812500000000e-01 3.011718749999999986e-02 1.568945312500000000e+01 1.126953125000000000e+01 -1.552734374999997780e-02 -5.180664062500000000e-01 -9.941406250000000000e-01
2.339257812499999922e-01 8.833007812500000000e-01 5.011718750000000722e-02 1.268945312500000000e+01 9.269531250000000000e+00 -8.655273437499999556e-01 -6.806640625000004441e-02 -1.994140625000000000e+00
2.814257812500000067e-01 6.958007812500000000e-01 4.511718750000000278e-02 1.343945312500000000e+01 1.176953125000000000e+01 -6.530273437500000444e-01 4.443359375000000000e-02 -1.244140625000000000e+00
4.714257812500000089e-01 9.458007812500000000e-01 6.511718750000000666e-02 1.043945312500000000e+01 9.769531250000000000e+00 1.969726562500000444e-01 -4.055664062500000111e-01 -2.441406250000000000e-01
3.764257812499999800e-01 5.708007812500000000e-01 5.511718750000000472e-02 1.493945312500000000e+01 1.076953125000000000e+01 -2.280273437500000000e-01 -6.305664062499999334e-01 -1.744140625000000000e+00
1.864257812499999778e-01 8.208007812500000000e-01 3.511718750000000083e-02 1.193945312500000000e+01 1.276953125000000000e+01 6.219726562499998668e-01 -1.805664062499999778e-01 -7.441406250000000000e-01
2.101757812499999989e-01 6.645507812500000000e-01 5.261718750000000250e-02 1.006445312500000000e+01 1.201953125000000000e+01 5.157226562499999112e-01 1.006835937499999112e-01 -1.619140625000000000e+00
4.001757812499999734e-01 9.145507812500000000e-01 3.261718749999999861e-02 1.306445312500000000e+01 1.001953125000000000e+01 -3.342773437500000666e-01 -3.493164062499999889e-01 -6.191406250000000000e-01
4.951757812500000022e-01 5.395507812500000000e-01 4.261718750000000056e-02 1.156445312500000000e+01 9.019531250000000000e+00 9.072265624999986677e-02 -5.743164062499999112e-01 -1.119140625000000000e+00
3.051757812500000000e-01 7.895507812500000000e-01 6.261718750000000444e-02 1.456445312500000000e+01 1.101953125000000000e+01 -7.592773437500000000e-01 -1.243164062500000666e-01 -1.191406250000000000e-01
2.576757812500000133e-01 6.020507812500000000e-01 3.761718750000000305e-02 1.081445312500000000e+01 9.519531250000000000e+00 -9.717773437500000222e-01 -1.181640625000002220e-02 -8.691406250000000000e-01
4.476757812500000155e-01 8.520507812500000000e-01 5.761718750000000000e-02 1.381445312500000000e+01 1.151953125000000000e+01 -1.217773437500000444e-01 -4.618164062499999778e-01 -1.869140625000000000e+00
3.526757812499999867e-01 7.270507812500000000e-01 6.761718750000000888e-02 1.231445312500000000e+01 1.251953125000000000e+01 -5.467773437500000888e-01 -6.868164062499999556e-01 -3.691406250000000000e-01
1.626757812499999845e-01 9.770507812500000000e-01 4.761718750000000500e-02 1.531445312500000000e+01 1.051953125000000000e+01 3.032226562500000000e-01 -2.368164062500000000e-01 -1.369140625000000000e+00
1.508007812499999878e-01 7.426757812500000000e-01 3.386718749999999972e-02 1.512695312500000000e+01 9.394531250000000000e+00 -6.865234375000006661e-02 -2.649414062500000111e-01 -1.806640625000000000e+00
3.408007812500000178e-01 9.926757812500000000e-01 5.386718750000000361e-02 1.212695312500000000e+01 1.139453125000000000e+01 -9.186523437500000444e-01 1.850585937500000000e-01 -8.066406250000000000e-01
4.358007812499999911e-01 6.176757812500000000e-01 6.386718750000000555e-02 1.362695312500000000e+01 1.239453125000000000e+01 3.563476562499998668e-01 -3.994140624999997780e-02 -1.306640625000000000e+00
2.458007812499999889e-01 8.676757812500000000e-01 4.386718750000000167e-02 1.062695312500000000e+01 1.039453125000000000e+01 -4.936523437500000000e-01 -4.899414062499999889e-01 -3.066406250000000000e-01
2.933007812500000311e-01 5.551757812500000000e-01 5.886718750000000111e-02 1.587695312500000000e+01 1.289453125000000000e+01 -2.811523437499999778e-01 -3.774414062500000000e-01 -5.566406250000000000e-01
4.833007812499999778e-01 8.051757812500000000e-01 3.886718749999999722e-02 1.287695312500000000e+01 1.089453125000000000e+01 5.688476562500000000e-01 7.255859374999995559e-02 -1.556640625000000000e+00
3.883007812500000044e-01 6.801757812500000000e-01 4.886718750000000611e-02 1.437695312500000000e+01 9.894531250000000000e+00 -7.061523437500000222e-01 -1.524414062500000222e-01 -5.664062500000000000e-02
1.983007812500000022e-01 9.301757812500000000e-01 6.886718750000000999e-02 1.137695312500000000e+01 1.189453125000000000e+01 1.438476562499999556e-01 -6.024414062499999778e-01 -1.056640625000000000e+00
1.745507812500000089e-01 5.864257812500000000e-01 4.136718749999999944e-02 1.250195312500000000e+01 1.114453125000000000e+01 2.500976562499999112e-01 -3.211914062499999778e-01 -1.816406250000000000e-01
3.645507812500000111e-01 8.364257812500000000e-01 6.136718750000000333e-02 1.550195312500000000e+01 9.144531250000000000e+00 -5.999023437499999556e-01 1.288085937499999778e-01 -1.181640625000000000e+00
4.595507812499999845e-01 7.114257812500000000e-01 5.136718750000000139e-02 1.100195312500000000e+01 1.014453125000000000e+01 6.750976562499999556e-01 -9.619140625000000000e-02 -6.816406250000000000e-01
2.695507812499999822e-01 9.614257812500000000e-01 3.136718749999999750e-02 1.400195312500000000e+01 1.214453125000000000e+01 -1.749023437500000222e-01 -5.461914062499999556e-01 -1.681640625000000000e+00
2.220507812499999956e-01 6.489257812500000000e-01 6.636718750000000777e-02 1.175195312500000000e+01 1.064453125000000000e+01 -3.874023437500000444e-01 -4.336914062499999667e-01 -1.431640625000000000e+00
4.120507812499999978e-01 8.989257812500000000e-01 4.636718750000000389e-02 1.475195312500000000e+01 1.264453125000000000e+01 4.625976562500000444e-01 1.630859374999993339e-02 -4.316406250000000000e-01
3.170507812499999689e-01 5.239257812500000000e-01 3.636718750000000194e-02 1.025195312500000000e+01 1.164453125000000000e+01 -8.124023437499999778e-01 -2.086914062499999889e-01 -1.931640625000000000e+00
1.270507812499999944e-01 7.739257812500000000e-01 5.636718749999999889e-02 1.325195312500000000e+01 9.644531250000000000e+00 3.759765625000000000e-02 -6.586914062500000000e-01 -9.316406250000000000e-01
1.300195312499999867e-01 5.747070312500000000e-01 3.730468750000000278e-02 1.545507812500000000e+01 1.230078125000000000e+01 1.571289062499998668e-01 3.740234374999995559e-02 -2.597656250000000000e-01
3.200195312499999889e-01 8.247070312500000000e-01 5.730468750000000666e-02 1.245507812500000000e+01 1.030078125000000000e+01 -6.928710937500000000e-01 -4.125976562500000000e-01 -1.259765625000000000e+00
4.150195312500000178e-01 6.997070312500000000e-01 6.730468750000001554e-02 1.395507812500000000e+01 9.300781250000000000e+00 5.821289062499999112e-01 -6.375976562499999778e-01 -7.597656250000000000e-01
2.250195312500000155e-01 9.497070312500000000e-01 4.730468749999999778e-02 1.095507812500000000e+01 1.130078125000000000e+01 -2.678710937500000666e-01 -1.875976562500000222e-01 -1.759765625000000000e+00
2.725195312500000022e-01 6.372070312500000000e-01 5.230468750000000222e-02 1.470507812500000000e+01 9.800781250000000000e+00 -4.803710937499999778e-01 1.499023437500000000e-01 -1.009765625000000000e+00
4.625195312500000044e-01 8.872070312500000000e-01 3.230468749999999833e-02 1.170507812500000000e+01 1.180078125000000000e+01 3.696289062500000000e-01 -3.000976562500000111e-01 -9.765625000000000000e-03
3.675195312500000311e-01 5.122070312500000000e-01 4.230468750000000028e-02 1.320507812500000000e+01 1.280078125000000000e+01 -9.053710937500000222e-01 -5.250976562499999334e-01 -1.509765625000000000e+00
1.775195312500000011e-01 7.622070312500000000e-01 6.230468750000000416e-02 1.020507812500000000e+01 1.080078125000000000e+01 -5.537109375000004441e-02 -7.509765624999997780e-02 -5.097656250000000000e-01
2.012695312499999944e-01 7.309570312500000000e-01 4.980468750000000000e-02 1.208007812500000000e+01 1.005078125000000000e+01 5.087890624999991118e-02 -1.884765625000006661e-02 -1.634765625000000000e+00
3.912695312500000244e-01 9.809570312500000000e-01 6.980468750000000389e-02 1.508007812500000000e+01 1.205078125000000000e+01 -7.991210937499999556e-01 -4.688476562499999667e-01 -6.347656250000000000e-01
4.862695312499999978e-01 6.059570312500000000e-01 5.980468750000000888e-02 1.058007812500000000e+01 1.105078125000000000e+01 4.758789062499999556e-01 -6.938476562500000000e-01 -1.134765625000000000e+00
2.962695312499999956e-01 8.559570312500000000e-01 3.980468750000000500e-02 1.358007812500000000e+01 9.050781250000000000e+00 -3.741210937500000222e-01 -2.438476562499999889e-01 -1.347656250000000000e-01
2.487695312500000089e-01 5.434570312500000000e-01 6.480468750000001332e-02 1.283007812500000000e+01 1.155078125000000000e+01 -1.616210937500000000e-01 9.365234374999997780e-02 -8.847656250000000000e-01
4.387695312500000111e-01 7.934570312500000000e-01 4.480468750000000250e-02 1.583007812500000000e+01 9.550781250000000000e+00 6.883789062499998668e-01 -3.563476562499999778e-01 -1.884765625000000000e+00
3.437695312499999822e-01 6.684570312500000000e-01 3.480468750000000056e-02 1.133007812500000000e+01 1.055078125000000000e+01 -5.866210937500000444e-01 -5.813476562499999556e-01 -3.847656250000000000e-01
1.537695312499999800e-01 9.184570312500000000e-01 5.480468750000000444e-02 1.433007812500000000e+01 1.255078125000000000e+01 2.633789062500000444e-01 -1.313476562500000000e-01 -1.384765625000000000e+00
1.656445312500000044e-01 6.840820312500000000e-01 6.855468750000001665e-02 1.301757812500000000e+01 1.142578125000000000e+01 6.352539062500000000e-01 -3.844726562499999889e-01 -1.947265625000000000e+00
3.556445312500000067e-01 9.340820312500000000e-01 4.855468749999999889e-02 1.001757812500000000e+01 9.425781250000000000e+00 -2.147460937499999778e-01 6.552734375000002220e-02 -9.472656250000000000e-01
4.506445312499999800e-01 5.590820312500000000e-01 3.855468750000000389e-02 1.451757812500000000e+01 1.042578125000000000e+01 2.102539062499999556e-01 -1.594726562499999556e-01 -1.447265625000000000e+00
2.606445312499999778e-01 8.090820312500000000e-01 5.855468750000000777e-02 1.151757812500000000e+01 1.242578125000000000e+01 -6.397460937500000222e-01 -6.094726562499999112e-01 -4.472656250000000000e-01
3.081445312499999645e-01 6.215820312500000000e-01 4.355468750000000139e-02 1.376757812500000000e+01 1.092578125000000000e+01 -8.522460937500000444e-01 -2.719726562500000000e-01 -6.972656250000000000e-01
4.981445312500000222e-01 8.715820312500000000e-01 6.355468750000001221e-02 1.076757812500000000e+01 1.292578125000000000e+01 -2.246093750000066613e-03 1.780273437499999556e-01 -1.697265625000000000e+00
4.031445312499999933e-01 7.465820312500000000e-01 5.355468750000000333e-02 1.526757812500000000e+01 1.192578125000000000e+01 -4.272460937500000000e-01 -4.697265625000002220e-02 -1.972656250000000000e-01
2.131445312499999911e-01 9.965820312500000000e-01 3.355468749999999944e-02 1.226757812500000000e+01 9.925781250000000000e+00 4.227539062499998668e-01 -4.969726562499999778e-01 -1.197265625000000000e+00
1.893945312499999978e-01 5.278320312500000000e-01 5.605468750000000555e-02 1.114257812500000000e+01 9.175781250000000000e+00 3.165039062499999112e-01 -4.407226562499999556e-01 -7.226562500000000000e-02
3.793945312500000000e-01 7.778320312500000000e-01 3.605468750000000167e-02 1.414257812500000000e+01 1.117578125000000000e+01 -5.334960937499999556e-01 9.277343750000000000e-03 -1.072265625000000000e+00
4.743945312499999734e-01 6.528320312500000000e-01 4.605468750000000361e-02 1.264257812500000000e+01 1.217578125000000000e+01 -1.084960937500000222e-01 -2.157226562499999778e-01 -5.722656250000000000e-01
2.843945312500000266e-01 9.028320312500000000e-01 6.605468750000001443e-02 1.564257812500000000e+01 1.017578125000000000e+01 -9.584960937500000000e-01 -6.657226562499999334e-01 -1.572265625000000000e+00
2.368945312499999845e-01 7.153320312500000000e-01 3.105468750000000069e-02 1.039257812500000000e+01 1.267578125000000000e+01 -7.459960937500000888e-01 -3.282226562499999667e-01 -1.322265625000000000e+00
4.268945312499999867e-01 9.653320312500000000e-01 5.105468750000000111e-02 1.339257812500000000e+01 1.067578125000000000e+01 1.040039062500000000e-01 1.217773437499999334e-01 -3.222656250000000000e-01
3.318945312500000133e-01 5.903320312500000000e-01 6.105468750000000999e-02 1.189257812500000000e+01 9.675781250000000000e+00 -3.209960937500000444e-01 -1.032226562500000444e-01 -1.822265625000000000e+00
1.418945312500000111e-01 8.403320312500000000e-01 4.105468749999999917e-02 1.489257812500000000e+01 1.167578125000000000e+01 5.290039062500000444e-01 -5.532226562500000000e-01 -8.222656250000000000e-01
1.359570312499999989e-01 6.918945312500000000e-01 5.792968750000000722e-02 1.292382812500000000e+01 1.061328125000000000e+01 -9.319335937499999556e-01 -1.735351562500000444e-01 -1.103515625000000000e+00
3.259570312499999734e-01 9.418945312500000000e-01 3.792968750000000333e-02 1.592382812500000000e+01 1.261328125000000000e+01 -8.193359374999997780e-02 -6.235351562500000000e-01 -1.035156250000000000e-01
4.209570312500000022e-01 5.668945312500000000e-01 4.792968749999999833e-02 1.142382812500000000e+01 1.161328125000000000e+01 -5.069335937500000222e-01 -3.985351562499999667e-01 -1.603515625000000000e+00
2.309570312500000000e-01 8.168945312500000000e-01 6.792968750000000222e-02 1.442382812500000000e+01 9.613281250000000000e+00 3.430664062499999556e-01 5.146484374999993339e-02 -6.035156250000000000e-01
2.784570312499999867e-01 5.043945312500000000e-01 3.292968749999999889e-02 1.217382812500000000e+01 1.111328125000000000e+01 5.555664062499998668e-01 -6.103515625000000000e-02 -3.535156250000000000e-01
4.684570312499999889e-01 7.543945312500000000e-01 5.292968750000000278e-02 1.517382812500000000e+01 9.113281250000000000e+00 -2.944335937500000000e-01 -5.110351562499999556e-01 -1.353515625000000000e+00
3.734570312500000155e-01 6.293945312500000000e-01 6.292968749999999778e-02 1.067382812500000000e+01 1.011328125000000000e+01 1.305664062500000444e-01 -2.860351562499999778e-01 -8.535156250000000000e-01
1.834570312500000133e-01 8.793945312500000000e-01 4.292968750000000083e-02 1.367382812500000000e+01 1.211328125000000000e+01 -7.194335937500000444e-01 1.639648437499999778e-01 -1.853515625000000000e+00
2.072070312500000067e-01 5.981445312500000000e-01 6.542968750000000000e-02 1.479882812500000000e+01 1.286328125000000000e+01 -6.131835937500000888e-01 -2.297851562500000111e-01 -9.785156250000000000e-01
3.972070312500000089e-01 8.481445312500000000e-01 4.542968750000000305e-02 1.179882812500000000e+01 1.086328125000000000e+01 2.368164062500000000e-01 -6.797851562499999112e-01 -1.978515625000000000e+00
4.922070312499999822e-01 7.231445312500000000e-01 3.542968750000000111e-02 1.329882812500000000e+01 9.863281250000000000e+00 -1.881835937500000444e-01 -4.547851562499999889e-01 -4.785156250000000000e-01
3.022070312500000355e-01 9.731445312500000000e-01 5.542968750000000500e-02 1.029882812500000000e+01 1.186328125000000000e+01 6.618164062500000444e-01 -4.785156249999977796e-03 -1.478515625000000000e+00
2.547070312499999933e-01 6.606445312500000000e-01 4.042968749999999861e-02 1.554882812500000000e+01 9.363281250000000000e+00 4.493164062499999112e-01 -1.172851562500000222e-01 -1.728515625000000000e+00
4.447070312499999956e-01 9.106445312500000000e-01 6.042968750000000944e-02 1.254882812500000000e+01 1.136328125000000000e+01 -4.006835937500000666e-01 -5.672851562499999778e-01 -7.285156250000000000e-01
3.497070312500000222e-01 5.356445312500000000e-01 5.042968750000000056e-02 1.404882812500000000e+01 1.236328125000000000e+01 2.431640624999986677e-02 -3.422851562500000000e-01 -1.228515625000000000e+00
1.597070312499999922e-01 7.856445312500000000e-01 3.042968750000000014e-02 1.104882812500000000e+01 1.036328125000000000e+01 -8.256835937500000000e-01 1.077148437499999556e-01 -2.285156250000000000e-01
1.478320312499999956e-01 5.512695312500000000e-01 4.667968749999999722e-02 1.048632812500000000e+01 9.738281250000000000e+00 -4.538085937500000444e-01 -5.954101562499999334e-01 -6.660156250000000000e-01
3.378320312499999978e-01 8.012695312500000000e-01 6.667968750000000111e-02 1.348632812500000000e+01 1.173828125000000000e+01 3.961914062500000444e-01 -1.454101562499999778e-01 -1.666015625000000000e+00
4.328320312500000266e-01 6.762695312500000000e-01 5.667968750000000611e-02 1.198632812500000000e+01 1.273828125000000000e+01 -8.788085937499999778e-01 7.958984375000000000e-02 -1.660156250000000000e-01
2.428320312499999967e-01 9.262695312500000000e-01 3.667968750000000222e-02 1.498632812500000000e+01 1.073828125000000000e+01 -2.880859375000000000e-02 -3.704101562500000111e-01 -1.166015625000000000e+00
2.903320312500000111e-01 7.387695312500000000e-01 6.167968750000000361e-02 1.123632812500000000e+01 1.223828125000000000e+01 1.836914062499999112e-01 -4.829101562500000000e-01 -1.916015625000000000e+00
4.803320312500000133e-01 9.887695312500000000e-01 4.167968749999999972e-02 1.423632812500000000e+01 1.023828125000000000e+01 -6.663085937499999556e-01 -3.291015625000004441e-02 -9.160156250000000000e-01
3.853320312499999845e-01 6.137695312500000000e-01 3.167968749999999778e-02 1.273632812500000000e+01 9.238281250000000000e+00 6.086914062499999556e-01 1.920898437499999334e-01 -1.416015625000000000e+00
1.953320312499999822e-01 8.637695312500000000e-01 5.167968750000000167e-02 1.573632812500000000e+01 1.123828125000000000e+01 -2.413085937500000222e-01 -2.579101562500000222e-01 -4.160156250000000000e-01
1.715820312499999889e-01 6.450195312500000000e-01 3.917968750000000444e-02 1.386132812500000000e+01 1.198828125000000000e+01 -3.475585937499999778e-01 -6.516601562499999556e-01 -1.291015625000000000e+00
3.615820312499999911e-01 8.950195312500000000e-01 5.917968750000000833e-02 1.086132812500000000e+01 9.988281250000000000e+00 5.024414062500000000e-01 -2.016601562500000000e-01 -2.910156250000000000e-01
4.565820312500000200e-01 5.200195312500000000e-01 6.917968750000000333e-02 1.536132812500000000e+01 1.098828125000000000e+01 -7.725585937500000222e-01 2.333984374999997780e-02 -1.791015625000000000e+00
2.665820312500000178e-01 7.700195312500000000e-01 4.917968749999999944e-02 1.236132812500000000e+01 1.298828125000000000e+01 7.744140624999995559e-02 -4.266601562499999778e-01 -7.910156250000000000e-01
2.190820312500000033e-01 5.825195312500000000e-01 5.417968750000000389e-02 1.311132812500000000e+01 1.048828125000000000e+01 -1.350585937500000666e-01 -5.391601562499999112e-01 -4.101562500000000000e-02
4.090820312499999778e-01 8.325195312500000000e-01 3.417968750000000000e-02 1.011132812500000000e+01 1.248828125000000000e+01 -9.850585937500000444e-01 -8.916015625000006661e-02 -1.041015625000000000e+00
3.140820312500000044e-01 7.075195312500000000e-01 4.417968750000000194e-02 1.461132812500000000e+01 1.148828125000000000e+01 2.899414062499998668e-01 1.358398437499999112e-01 -5.410156250000000000e-01
1.240820312500000022e-01 9.575195312500000000e-01 6.417968749999999889e-02 1.161132812500000000e+01 9.488281250000000000e+00 -5.600585937500000000e-01 -3.141601562499999889e-01 -1.541015625000000000e+00
1.255664062499999845e-01 5.415039062500000000e-01 5.339843750000000666e-02 1.505664062500000000e+01 1.128515625000000000e+01 -8.190429687500000444e-01 -2.236328124999997780e-02 -1.861328125000000000e+00
3.155664062499999867e-01 7.915039062500000000e-01 3.339843750000000278e-02 1.205664062500000000e+01 9.285156250000000000e+00 3.095703125000004441e-02 -4.723632812499999889e-01 -8.613281250000000000e-01
4.105664062500000155e-01 6.665039062500000000e-01 4.339843749999999778e-02 1.355664062500000000e+01 1.028515625000000000e+01 -3.940429687500000000e-01 -6.973632812499999112e-01 -1.361328125000000000e+00
2.205664062500000133e-01 9.165039062500000000e-01 6.339843750000001554e-02 1.055664062500000000e+01 1.228515625000000000e+01 4.559570312499998668e-01 -2.473632812500000111e-01 -3.613281250000000000e-01
2.680664062500000000e-01 7.290039062500000000e-01 3.839843750000000028e-02 1.580664062500000000e+01 1.078515625000000000e+01 6.684570312500000000e-01 9.013671874999995559e-02 -6.113281250000000000e-01
4.580664062500000022e-01 9.790039062500000000e-01 5.839843750000000416e-02 1.280664062500000000e+01 1.278515625000000000e+01 -1.815429687499999778e-01 -3.598632812500000000e-01 -1.611328125000000000e+00
3.630664062499999734e-01 6.040039062500000000e-01 6.839843750000000611e-02 1.430664062500000000e+01 1.178515625000000000e+01 2.434570312499999556e-01 -5.848632812499999778e-01 -1.113281250000000000e-01
1.730664062499999989e-01 8.540039062500000000e-01 4.839843750000000222e-02 1.130664062500000000e+01 9.785156250000000000e+00 -6.065429687500000222e-01 -1.348632812500000222e-01 -1.111328125000000000e+00
1.968164062499999922e-01 6.352539062500000000e-01 6.089843750000000638e-02 1.243164062500000000e+01 9.035156250000000000e+00 -7.127929687500000888e-01 3.388671874999993339e-02 -2.363281250000000000e-01
3.868164062500000222e-01 8.852539062500000000e-01 4.089843750000000250e-02 1.543164062500000000e+01 1.103515625000000000e+01 1.372070312500000000e-01 -4.161132812499999667e-01 -1.236328125000000000e+00
4.818164062499999956e-01 5.102539062500000000e-01 3.089843750000000056e-02 1.093164062500000000e+01 1.203515625000000000e+01 -2.877929687500000444e-01 -6.411132812500000000e-01 -7.363281250000000000e-01
2.918164062499999933e-01 7.602539062500000000e-01 5.089843750000000444e-02 1.393164062500000000e+01 1.003515625000000000e+01 5.622070312500000444e-01 -1.911132812500000444e-01 -1.736328125000000000e+00
2.443164062500000067e-01 5.727539062500000000e-01 4.589843750000000000e-02 1.168164062500000000e+01 1.253515625000000000e+01 3.497070312499999112e-01 1.463867187499999778e-01 -1.486328125000000000e+00
4.343164062500000089e-01 8.227539062500000000e-01 6.589843750000000389e-02 1.468164062500000000e+01 1.053515625000000000e+01 -5.002929687499999556e-01 -3.036132812499999778e-01 -4.863281250000000000e-01
3.393164062500000355e-01 6.977539062500000000e-01 5.589843750000000888e-02 1.018164062500000000e+01 9.535156250000000000e+00 -7.529296875000002220e-02 -5.286132812499999556e-01 -1.986328125000000000e+00
1.493164062500000056e-01 9.477539062500000000e-01 3.589843749999999806e-02 1.318164062500000000e+01 1.153515625000000000e+01 -9.252929687500000000e-01 -7.861328125000000000e-02 -9.863281250000000000e-01
1.611914062500000022e-01 7.133789062500000000e-01 4.214843750000000361e-02 1.449414062500000000e+01 1.241015625000000000e+01 -5.534179687500000444e-01 -4.442382812499999778e-01 -4.238281250000000000e-01
3.511914062500000044e-01 9.633789062500000000e-01 6.214843750000000749e-02 1.149414062500000000e+01 1.041015625000000000e+01 2.965820312500000444e-01 5.761718749999977796e-03 -1.423828125000000000e+00
4.461914062499999778e-01 5.883789062500000000e-01 5.214843750000000555e-02 1.599414062500000000e+01 9.410156250000000000e+00 -9.784179687499999778e-01 -2.192382812500000000e-01 -9.238281250000000000e-01
2.561914062500000311e-01 8.383789062500000000e-01 3.214843750000000167e-02 1.299414062500000000e+01 1.141015625000000000e+01 -1.284179687500000000e-01 -6.692382812499999556e-01 -1.923828125000000000e+00
3.036914062500000178e-01 5.258789062500000000e-01 6.714843750000000500e-02 1.374414062500000000e+01 9.910156250000000000e+00 8.408203124999991118e-02 -3.317382812499999889e-01 -1.173828125000000000e+00
4.936914062500000200e-01 7.758789062500000000e-01 4.714843750000000111e-02 1.074414062500000000e+01 1.191015625000000000e+01 -7.659179687499999556e-01 1.182617187499999112e-01 -1.738281250000000000e-01
3.986914062499999911e-01 6.508789062500000000e-01 3.714843749999999917e-02 1.524414062500000000e+01 1.291015625000000000e+01 5.090820312499999556e-01 -1.067382812500000666e-01 -1.673828125000000000e+00
2.086914062499999889e-01 9.008789062500000000e-01 5.714843750000000305e-02 1.224414062500000000e+01 1.091015625000000000e+01 -3.409179687500000222e-01 -5.567382812499999112e-01 -6.738281250000000000e-01
1.849414062499999956e-01 6.196289062500000000e-01 3.464843749999999695e-02 1.036914062500000000e+01 1.016015625000000000e+01 -2.346679687500000666e-01 -3.879882812500000111e-01 -1.548828125000000000e+00
3.749414062499999978e-01 8.696289062500000000e-01 5.464843750000000777e-02 1.336914062500000000e+01 1.216015625000000000e+01 6.153320312499999112e-01 6.201171875000000000e-02 -5.488281250000000000e-01
4.699414062500000266e-01 7.446289062500000000e-01 6.464843750000000278e-02 1.186914062500000000e+01 1.116015625000000000e+01 -6.596679687500000000e-01 -1.629882812499999778e-01 -1.048828125000000000e+00
2.799414062499999689e-01 9.946289062500000000e-01 4.464843749999999889e-02 1.486914062500000000e+01 9.160156250000000000e+00 1.903320312499998668e-01 -6.129882812499999334e-01 -4.882812500000000000e-02
2.324414062499999822e-01 6.821289062500000000e-01 5.964843750000000527e-02 1.111914062500000000e+01 1.166015625000000000e+01 -2.216796875000004441e-02 -2.754882812500000222e-01 -7.988281250000000000e-01
4.224414062499999845e-01 9.321289062500000000e-01 3.964843750000000139e-02 1.411914062500000000e+01 9.660156250000000000e+00 -8.721679687500000222e-01 1.745117187499999334e-01 -1.798828125000000000e+00
3.274414062500000111e-01 5.571289062500000000e-01 4.964843750000000333e-02 1.261914062500000000e+01 1.066015625000000000e+01 4.028320312500000000e-01 -5.048828125000004441e-02 -2.988281250000000000e-01
1.374414062500000089e-01 8.071289062500000000e-01 6.964843750000000722e-02 1.561914062500000000e+01 1.266015625000000000e+01 -4.471679687499999778e-01 -5.004882812500000000e-01 -1.298828125000000000e+00
1.433789062499999933e-01 6.586914062500000000e-01 3.152343750000000111e-02 1.158789062500000000e+01 9.597656250000000000e+00 2.700195312500000000e-01 -2.333007812499999778e-01 -5.175781250000000000e-01
3.333789062499999956e-01 9.086914062500000000e-01 5.152343750000000500e-02 1.458789062500000000e+01 1.159765625000000000e+01 -5.799804687500000888e-01 -6.833007812499999334e-01 -1.517578125000000000e+00
4.283789062500000244e-01 5.336914062500000000e-01 6.152343750000000694e-02 1.008789062500000000e+01 1.259765625000000000e+01 6.950195312500000444e-01 -4.583007812499999556e-01 -1.757812500000000000e-02
2.383789062499999944e-01 7.836914062500000000e-01 4.152343750000000305e-02 1.308789062500000000e+01 1.059765625000000000e+01 -1.549804687500000444e-01 -8.300781250000000000e-03 -1.017578125000000000e+00
2.858789062500000089e-01 5.961914062500000000e-01 5.652343750000000250e-02 1.233789062500000000e+01 1.209765625000000000e+01 -3.674804687500000666e-01 -1.208007812500000444e-01 -1.767578125000000000e+00
4.758789062500000111e-01 8.461914062500000000e-01 3.652343749999999861e-02 1.533789062500000000e+01 1.009765625000000000e+01 4.825195312499999112e-01 -5.708007812500000000e-01 -7.675781250000000000e-01
3.808789062499999822e-01 7.211914062500000000e-01 4.652343750000000056e-02 1.083789062500000000e+01 9.097656250000000000e+00 -7.924804687500000000e-01 -3.458007812499999667e-01 -1.267578125000000000e+00
1.908789062499999800e-01 9.711914062500000000e-01 6.652343750000000444e-02 1.383789062500000000e+01 1.109765625000000000e+01 5.751953124999986677e-02 1.041992187499999334e-01 -2.675781250000000000e-01
2.146289062500000011e-01 5.024414062500000000e-01 4.402343749999999833e-02 1.571289062500000000e+01 1.184765625000000000e+01 -4.873046874999997780e-02 -1.770507812499999556e-01 -1.392578125000000000e+00
4.046289062499999756e-01 7.524414062500000000e-01 6.402343750000000222e-02 1.271289062500000000e+01 9.847656250000000000e+00 -8.987304687499999556e-01 -6.270507812499999112e-01 -3.925781250000000000e-01
4.996289062500000044e-01 6.274414062500000000e-01 5.402343750000000722e-02 1.421289062500000000e+01 1.084765625000000000e+01 3.762695312499999556e-01 -4.020507812499999889e-01 -1.892578125000000000e+00
3.096289062500000022e-01 8.774414062500000000e-01 3.402343750000000333e-02 1.121289062500000000e+01 1.284765625000000000e+01 -4.737304687500000222e-01 4.794921875000002220e-02 -8.925781250000000000e-01
2.621289062499999600e-01 6.899414062500000000e-01 6.902343750000000666e-02 1.496289062500000000e+01 1.034765625000000000e+01 -2.612304687500000000e-01 -6.455078125000002220e-02 -1.425781250000000000e-01
4.521289062500000178e-01 9.399414062500000000e-01 4.902343750000000278e-02 1.196289062500000000e+01 1.234765625000000000e+01 5.887695312499998668e-01 -5.145507812499999778e-01 -1.142578125000000000e+00
3.571289062499999889e-01 5.649414062500000000e-01 3.902343750000000083e-02 1.346289062500000000e+01 1.134765625000000000e+01 -6.862304687500000444e-01 -2.895507812500000000e-01 -6.425781250000000000e-01
1.671289062499999867e-01 8.149414062500000000e-01 5.902343750000000472e-02 1.046289062500000000e+01 9.347656250000000000e+00 1.637695312500000444e-01 1.604492187499999556e-01 -1.642578125000000000e+00
1.552539062499999900e-01 5.805664062500000000e-01 6.277343750000000111e-02 1.102539062500000000e+01 1.072265625000000000e+01 5.356445312500000000e-01 -6.551757812499999778e-01 -1.205078125000000000e+00
3.452539062499999645e-01 8.305664062500000000e-01 4.277343749999999722e-02 1.402539062500000000e+01 1.272265625000000000e+01 -3.143554687499999778e-01 -2.051757812500000222e-01 -2.050781250000000000e-01
4.402539062499999933e-01 7.055664062500000000e-01 3.277343750000000222e-02 1.252539062500000000e+01 1.172265625000000000e+01 1.106445312499999556e-01 1.982421874999995559e-02 -1.705078125000000000e+00
2.502539062499999911e-01 9.555664062500000000e-01 5.277343750000000611e-02 1.552539062500000000e+01 9.722656250000000000e+00 -7.393554687500000222e-01 -4.301757812500000000e-01 -7.050781250000000000e-01
2.977539062499999778e-01 6.430664062500000000e-01 4.777343750000000167e-02 1.027539062500000000e+01 1.122265625000000000e+01 -9.518554687500000444e-01 -5.426757812499999334e-01 -4.550781250000000000e-01
4.877539062499999800e-01 8.930664062500000000e-01 6.777343750000000555e-02 1.327539062500000000e+01 9.222656250000000000e+00 -1.018554687500000666e-01 -9.267578124999997780e-02 -1.455078125000000000e+00
3.927539062500000067e-01 5.180664062500000000e-01 5.777343750000000361e-02 1.177539062500000000e+01 1.022265625000000000e+01 -5.268554687500000000e-01 1.323242187500000000e-01 -9.550781250000000000e-01
2.027539062500000044e-01 7.680664062500000000e-01 3.777343749999999972e-02 1.477539062500000000e+01 1.222265625000000000e+01 3.231445312499998668e-01 -3.176757812500000111e-01 -1.955078125000000000e+00
1.790039062500000111e-01 7.368164062500000000e-01 5.027343750000000389e-02 1.365039062500000000e+01 1.297265625000000000e+01 4.293945312500000444e-01 -5.989257812499999556e-01 -8.300781250000000000e-01
3.690039062500000133e-01 9.868164062500000000e-01 3.027343750000000000e-02 1.065039062500000000e+01 1.097265625000000000e+01 -4.206054687500000444e-01 -1.489257812500000000e-01 -1.830078125000000000e+00
4.640039062499999867e-01 6.118164062500000000e-01 4.027343750000000194e-02 1.515039062500000000e+01 9.972656250000000000e+00 4.394531250000000000e-03 7.607421874999997780e-02 -3.300781250000000000e-01
2.740039062499999845e-01 8.618164062500000000e-01 6.027343750000000583e-02 1.215039062500000000e+01 1.197265625000000000e+01 -8.456054687499999778e-01 -3.739257812499999778e-01 -1.330078125000000000e+00
2.265039062499999978e-01 5.493164062500000000e-01 3.527343749999999750e-02 1.440039062500000000e+01 9.472656250000000000e+00 -6.331054687499999556e-01 -4.864257812499999667e-01 -1.580078125000000000e+00
4.165039062500000000e-01 7.993164062500000000e-01 5.527343750000000833e-02 1.140039062500000000e+01 1.147265625000000000e+01 2.168945312499999112e-01 -3.642578125000006661e-02 -5.800781250000000000e-01
3.215039062500000266e-01 6.743164062500000000e-01 6.527343750000000333e-02 1.590039062500000000e+01 1.247265625000000000e+01 -2.081054687500000222e-01 1.885742187499999112e-01 -1.080078125000000000e+00
1.315039062499999967e-01 9.243164062500000000e-01 4.527343749999999944e-02 1.290039062500000000e+01 1.047265625000000000e+01 6.418945312499999556e-01 -2.614257812499999889e-01 -8.007812500000000000e-02
1.285351562500000044e-01 7.250976562500000000e-01 6.621093750000001110e-02 1.060351562500000000e+01 1.156640625000000000e+01 3.098632812499999556e-01 -1.137695312500000000e-01 -7.207031250000000000e-01
3.185351562500000067e-01 9.750976562500000000e-01 4.621093750000000722e-02 1.360351562500000000e+01 9.566406250000000000e+00 -5.401367187500000222e-01 -5.637695312499999556e-01 -1.720703125000000000e+00
4.135351562499999800e-01 6.000976562500000000e-01 3.621093749999999833e-02 1.210351562500000000e+01 1.056640625000000000e+01 -1.151367187499999778e-01 -3.387695312499999778e-01 -2.207031250000000000e-01
2.235351562499999778e-01 8.500976562500000000e-01 5.621093750000000222e-02 1.510351562500000000e+01 1.256640625000000000e+01 -9.651367187499999556e-01 1.112304687499999778e-01 -1.220703125000000000e+00
2.710351562499999645e-01 5.375976562500000000e-01 4.121093750000000278e-02 1.135351562500000000e+01 1.006640625000000000e+01 -7.526367187500000444e-01 -2.262695312499999889e-01 -1.970703125000000000e+00
4.610351562500000222e-01 7.875976562500000000e-01 6.121093750000000666e-02 1.435351562500000000e+01 1.206640625000000000e+01 9.736328125000004441e-02 -6.762695312500000000e-01 -9.707031250000000000e-01
3.660351562499999933e-01 6.625976562500000000e-01 5.121093750000000472e-02 1.285351562500000000e+01 1.106640625000000000e+01 -3.276367187500000000e-01 -4.512695312499999667e-01 -1.470703125000000000e+00
1.760351562499999911e-01 9.125976562500000000e-01 3.121093750000000083e-02 1.585351562500000000e+01 9.066406250000000000e+00 5.223632812499998668e-01 -1.269531250000066613e-03 -4.707031250000000000e-01
1.997851562499999845e-01 5.688476562500000000e-01 5.871093750000000444e-02 1.397851562500000000e+01 9.816406250000000000e+00 6.286132812500000444e-01 -5.751953124999997780e-02 -1.345703125000000000e+00
3.897851562499999867e-01 8.188476562500000000e-01 3.871093750000000056e-02 1.097851562500000000e+01 1.181640625000000000e+01 -2.213867187500000444e-01 -5.075195312499999334e-01 -3.457031250000000000e-01
4.847851562500000155e-01 6.938476562500000000e-01 4.871093750000000250e-02 1.547851562500000000e+01 1.281640625000000000e+01 2.036132812500000000e-01 -2.825195312500000111e-01 -1.845703125000000000e+00
2.947851562500000133e-01 9.438476562500000000e-01 6.871093750000001332e-02 1.247851562500000000e+01 1.081640625000000000e+01 -6.463867187500000888e-01 1.674804687500000000e-01 -8.457031250000000000e-01
2.472851562499999989e-01 6.313476562500000000e-01 3.371093749999999611e-02 1.322851562500000000e+01 1.231640625000000000e+01 -8.588867187500000000e-01 -1.700195312500000222e-01 -9.570312500000000000e-02
4.372851562499999734e-01 8.813476562500000000e-01 5.371093750000000000e-02 1.022851562500000000e+01 1.031640625000000000e+01 -8.886718750000022204e-03 -6.200195312499999778e-01 -1.095703125000000000e+00
3.422851562500000000e-01 5.063476562500000000e-01 6.371093750000000888e-02 1.472851562500000000e+01 9.316406250000000000e+00 -4.338867187500000666e-01 -3.950195312500000000e-01 -5.957031250000000000e-01
1.522851562499999978e-01 7.563476562500000000e-01 4.371093750000000500e-02 1.172851562500000000e+01 1.131640625000000000e+01 4.161132812499999112e-01 5.498046874999995559e-02 -1.595703125000000000e+00
1.641601562499999944e-01 5.219726562500000000e-01 3.996093750000000167e-02 1.266601562500000000e+01 1.269140625000000000e+01 4.423828124999995559e-02 -5.356445312500000000e-01 -1.033203125000000000e+00
3.541601562499999689e-01 7.719726562500000000e-01 5.996093750000000555e-02 1.566601562500000000e+01 1.069140625000000000e+01 -8.057617187500000222e-01 -8.564453125000004441e-02 -3.320312500000000000e-02
4.491601562499999978e-01 6.469726562500000000e-01 6.996093750000001443e-02 1.116601562500000000e+01 9.691406250000000000e+00 4.692382812500000000e-01 1.393554687499999334e-01 -1.533203125000000000e+00
2.591601562499999956e-01 8.969726562500000000e-01 4.996093750000000361e-02 1.416601562500000000e+01 1.169140625000000000e+01 -3.807617187499999778e-01 -3.106445312499999667e-01 -5.332031250000000000e-01
3.066601562499999822e-01 7.094726562500000000e-01 5.496093750000000111e-02 1.191601562500000000e+01 9.191406250000000000e+00 -1.682617187500000666e-01 -6.481445312499999334e-01 -2.832031250000000000e-01
4.966601562499999845e-01 9.594726562500000000e-01 3.496093749999999722e-02 1.491601562500000000e+01 1.119140625000000000e+01 6.817382812499999112e-01 -1.981445312499999778e-01 -1.283203125000000000e+00
4.016601562500000111e-01 5.844726562500000000e-01 4.496093750000000611e-02 1.041601562500000000e+01 1.219140625000000000e+01 -5.932617187500000000e-01 2.685546875000000000e-02 -7.832031250000000000e-01
2.116601562500000089e-01 8.344726562500000000e-01 6.496093750000000999e-02 1.341601562500000000e+01 1.019140625000000000e+01 2.567382812499998668e-01 -4.231445312499999556e-01 -1.783203125000000000e+00
1.879101562500000155e-01 6.782226562500000000e-01 4.746093750000000139e-02 1.454101562500000000e+01 1.094140625000000000e+01 1.504882812499999112e-01 -4.793945312499999778e-01 -9.082031250000000000e-01
3.779101562500000178e-01 9.282226562500000000e-01 6.746093750000001221e-02 1.154101562500000000e+01 1.294140625000000000e+01 -6.995117187499999556e-01 -2.939453125000002220e-02 -1.908203125000000000e+00
4.729101562499999911e-01 5.532226562500000000e-01 5.746093750000000333e-02 1.304101562500000000e+01 1.194140625000000000e+01 5.754882812499999556e-01 1.956054687499999556e-01 -4.082031250000000000e-01
2.829101562499999889e-01 8.032226562500000000e-01 3.746093749999999944e-02 1.004101562500000000e+01 9.941406250000000000e+00 -2.745117187500000222e-01 -2.543945312500000000e-01 -1.408203125000000000e+00
2.354101562500000022e-01 6.157226562500000000e-01 6.246093750000000777e-02 1.529101562500000000e+01 1.144140625000000000e+01 -4.870117187500000444e-01 -5.918945312499999112e-01 -1.658203125000000000e+00
4.254101562500000044e-01 8.657226562500000000e-01 4.246093750000000389e-02 1.229101562500000000e+01 9.441406250000000000e+00 3.629882812500000444e-01 -1.418945312499999556e-01 -6.582031250000000000e-01
3.304101562500000311e-01 7.407226562500000000e-01 3.246093750000000194e-02 1.379101562500000000e+01 1.044140625000000000e+01 -9.120117187499999778e-01 8.310546875000002220e-02 -1.158203125000000000e+00
1.404101562500000011e-01 9.907226562500000000e-01 5.246093749999999889e-02 1.079101562500000000e+01 1.244140625000000000e+01 -6.201171875000000000e-02 -3.668945312499999889e-01 -1.582031250000000000e-01
1.344726562499999889e-01 6.079101562500000000e-01 4.933593750000000305e-02 1.332226562500000000e+01 9.253906250000000000e+00 -3.541992187500000444e-01 9.716796875000000000e-02 -1.876953125000000000e+00
3.244726562499999911e-01 8.579101562500000000e-01 6.933593750000000000e-02 1.032226562500000000e+01 1.125390625000000000e+01 4.958007812500000444e-01 -3.528320312500000111e-01 -8.769531250000000000e-01
4.194726562500000200e-01 7.329101562500000000e-01 5.933593750000000500e-02 1.482226562500000000e+01 1.225390625000000000e+01 -7.791992187499999778e-01 -5.778320312499999334e-01 -1.376953125000000000e+00
2.294726562499999900e-01 9.829101562500000000e-01 3.933593750000000111e-02 1.182226562500000000e+01 1.025390625000000000e+01 7.080078125000000000e-02 -1.278320312499999778e-01 -3.769531250000000000e-01
2.769726562500000044e-01 6.704101562500000000e-01 6.433593749999999556e-02 1.407226562500000000e+01 1.275390625000000000e+01 -1.416992187500000222e-01 -1.533203125000004441e-02 -6.269531250000000000e-01
4.669726562500000067e-01 9.204101562500000000e-01 4.433593750000000555e-02 1.107226562500000000e+01 1.075390625000000000e+01 -9.916992187500000000e-01 -4.653320312500000000e-01 -1.626953125000000000e+00
3.719726562499999778e-01 5.454101562500000000e-01 3.433593749999999667e-02 1.557226562500000000e+01 9.753906250000000000e+00 2.833007812499999112e-01 -6.903320312499999778e-01 -1.269531250000000000e-01
1.819726562500000033e-01 7.954101562500000000e-01 5.433593750000000056e-02 1.257226562500000000e+01 1.175390625000000000e+01 -5.666992187499999556e-01 -2.403320312500000222e-01 -1.126953125000000000e+00
2.057226562499999967e-01 7.016601562500000000e-01 3.683593749999999889e-02 1.144726562500000000e+01 1.100390625000000000e+01 -4.604492187500000000e-01 1.534179687499999112e-01 -1.953125000000000000e-03
3.957226562499999711e-01 9.516601562500000000e-01 5.683593750000000278e-02 1.444726562500000000e+01 9.003906250000000000e+00 3.895507812499998668e-01 -2.965820312499999889e-01 -1.001953125000000000e+00
4.907226562500000000e-01 5.766601562500000000e-01 6.683593749999999778e-02 1.294726562500000000e+01 1.000390625000000000e+01 -8.854492187500000444e-01 -5.215820312499999112e-01 -5.019531250000000000e-01
3.007226562499999978e-01 8.266601562500000000e-01 4.683593750000000083e-02 1.594726562500000000e+01 1.200390625000000000e+01 -3.544921875000006661e-02 -7.158203125000006661e-02 -1.501953125000000000e+00
2.532226562499999556e-01 5.141601562500000000e-01 5.183593749999999833e-02 1.069726562500000000e+01 1.050390625000000000e+01 1.770507812499999556e-01 4.091796874999997780e-02 -1.251953125000000000e+00
4.432226562500000133e-01 7.641601562500000000e-01 3.183593750000000139e-02 1.369726562500000000e+01 1.250390625000000000e+01 -6.729492187500000222e-01 -4.090820312499999778e-01 -2.519531250000000000e-01
3.482226562499999845e-01 6.391601562500000000e-01 4.183593750000000333e-02 1.219726562500000000e+01 1.150390625000000000e+01 6.020507812500000000e-01 -6.340820312499999556e-01 -1.751953125000000000e+00
1.582226562499999822e-01 8.891601562500000000e-01 6.183593750000000722e-02 1.519726562500000000e+01 9.503906250000000000e+00 -2.479492187499999778e-01 -1.840820312500000000e-01 -7.519531250000000000e-01
1.463476562499999856e-01 6.547851562500000000e-01 5.558593750000000167e-02 1.538476562500000000e+01 1.037890625000000000e+01 -6.198242187500000444e-01 -3.247070312500000000e-01 -3.144531250000000000e-01
3.363476562499999600e-01 9.047851562500000000e-01 3.558593749999999778e-02 1.238476562500000000e+01 1.237890625000000000e+01 2.301757812500000444e-01 1.252929687499999556e-01 -1.314453125000000000e+00
4.313476562499999889e-01 5.297851562500000000e-01 4.558593749999999972e-02 1.388476562500000000e+01 1.137890625000000000e+01 -1.948242187500000000e-01 -9.970703125000002220e-02 -8.144531250000000000e-01
2.413476562499999867e-01 7.797851562500000000e-01 6.558593749999999667e-02 1.088476562500000000e+01 9.378906250000000000e+00 6.551757812499998668e-01 -5.497070312499999778e-01 -1.814453125000000000e+00
2.888476562499999734e-01 5.922851562500000000e-01 3.058593750000000028e-02 1.463476562500000000e+01 1.187890625000000000e+01 4.426757812499999556e-01 -4.372070312499999889e-01 -1.064453125000000000e+00
4.788476562499999756e-01 8.422851562500000000e-01 5.058593750000000416e-02 1.163476562500000000e+01 9.878906250000000000e+00 -4.073242187500000222e-01 1.279296875000002220e-02 -6.445312500000000000e-02
3.838476562500000022e-01 7.172851562500000000e-01 6.058593750000000611e-02 1.313476562500000000e+01 1.087890625000000000e+01 1.767578124999991118e-02 -2.122070312500000111e-01 -1.564453125000000000e+00
1.938476562500000000e-01 9.672851562500000000e-01 4.058593750000000222e-02 1.013476562500000000e+01 1.287890625000000000e+01 -8.323242187499999556e-01 -6.622070312499999112e-01 -5.644531250000000000e-01
1.700976562500000067e-01 5.610351562500000000e-01 6.808593749999999889e-02 1.200976562500000000e+01 1.212890625000000000e+01 -9.385742187500000222e-01 -2.684570312499999778e-01 -1.689453125000000000e+00
3.600976562500000089e-01 8.110351562500000000e-01 4.808593750000000194e-02 1.500976562500000000e+01 1.012890625000000000e+01 -8.857421875000004441e-02 1.815429687499999778e-01 -6.894531250000000000e-01
4.550976562499999822e-01 6.860351562500000000e-01 3.808593750000000000e-02 1.050976562500000000e+01 9.128906250000000000e+00 -5.135742187500000888e-01 -4.345703125000000000e-02 -1.189453125000000000e+00
2.650976562500000355e-01 9.360351562500000000e-01 5.808593750000000389e-02 1.350976562500000000e+01 1.112890625000000000e+01 3.364257812500000000e-01 -4.934570312499999556e-01 -1.894531250000000000e-01
2.175976562499999933e-01 7.485351562500000000e-01 4.308593750000000444e-02 1.275976562500000000e+01 9.628906250000000000e+00 5.489257812499999112e-01 -3.809570312499999667e-01 -9.394531250000000000e-01
4.075976562499999956e-01 9.985351562500000000e-01 6.308593750000000833e-02 1.575976562500000000e+01 1.162890625000000000e+01 -3.010742187500000666e-01 6.904296874999993339e-02 -1.939453125000000000e+00
3.125976562500000222e-01 6.235351562500000000e-01 5.308593749999999944e-02 1.125976562500000000e+01 1.262890625000000000e+01 1.239257812499998668e-01 -1.559570312500000444e-01 -4.394531250000000000e-01
1.225976562499999922e-01 8.735351562500000000e-01 3.308593750000000250e-02 1.425976562500000000e+01 1.062890625000000000e+01 -7.260742187500000000e-01 -6.059570312500000000e-01 -1.439453125000000000e+00
1.218554687500000011e-01 6.245117187500000000e-01 6.925781250000001554e-02 1.258398437500000000e+01 9.761718750000000000e+00 -8.525390625000006661e-02 -4.741210937500000000e-01 -1.568359375000000000e+00
3.118554687500000311e-01 8.745117187500000000e-01 4.925781249999999778e-02 1.558398437500000000e+01 1.176171875000000000e+01 -9.352539062500000444e-01 -2.412109375000004441e-02 -5.683593750000000000e-01
4.068554687500000044e-01 7.495117187500000000e-01 3.925781250000000278e-02 1.108398437500000000e+01 1.276171875000000000e+01 3.397460937499998668e-01 -2.491210937500000222e-01 -1.068359375000000000e+00
2.168554687500000022e-01 9.995117187500000000e-01 5.925781250000000666e-02 1.408398437500000000e+01 1.076171875000000000e+01 -5.102539062500000000e-01 -6.991210937499999778e-01 -6.835937500000000000e-02
2.643554687499999889e-01 6.870117187500000000e-01 4.425781250000000028e-02 1.183398437500000000e+01 1.226171875000000000e+01 -2.977539062499999778e-01 -3.616210937500000111e-01 -8.183593750000000000e-01
4.543554687499999911e-01 9.370117187500000000e-01 6.425781250000001110e-02 1.483398437500000000e+01 1.026171875000000000e+01 5.522460937500000000e-01 8.837890625000000000e-02 -1.818359375000000000e+00
3.593554687500000178e-01 5.620117187500000000e-01 5.425781250000000222e-02 1.033398437500000000e+01 9.261718750000000000e+00 -7.227539062500000222e-01 -1.366210937499999778e-01 -3.183593750000000000e-01
1.693554687499999878e-01 8.120117187500000000e-01 3.425781249999999833e-02 1.333398437500000000e+01 1.126171875000000000e+01 1.272460937499999556e-01 -5.866210937499999334e-01 -1.318359375000000000e+00
1.931054687500000089e-01 7.182617187500000000e-01 5.675781250000000444e-02 1.520898437500000000e+01 1.151171875000000000e+01 2.334960937499999112e-01 -4.178710937499999778e-01 -4.433593750000000000e-01
3.831054687500000111e-01 9.682617187500000000e-01 3.675781250000000056e-02 1.220898437500000000e+01 9.511718750000000000e+00 -6.165039062499999556e-01 3.212890624999997780e-02 -1.443359375000000000e+00
4.781054687499999845e-01 5.932617187500000000e-01 4.675781250000000250e-02 1.370898437500000000e+01 1.051171875000000000e+01 6.584960937499999556e-01 -1.928710937500000000e-01 -9.433593750000000000e-01
2.881054687499999822e-01 8.432617187500000000e-01 6.675781250000001332e-02 1.070898437500000000e+01 1.251171875000000000e+01 -1.915039062500000222e-01 -6.428710937499999556e-01 -1.943359375000000000e+00
2.406054687499999956e-01 5.307617187500000000e-01 3.175781249999999611e-02 1.595898437500000000e+01 1.001171875000000000e+01 -4.040039062500000444e-01 -3.053710937499999889e-01 -1.193359375000000000e+00
4.306054687499999978e-01 7.807617187500000000e-01 5.175781250000000000e-02 1.295898437500000000e+01 1.201171875000000000e+01 4.459960937500000444e-01 1.446289062499999112e-01 -1.933593750000000000e-01
3.356054687499999689e-01 6.557617187500000000e-01 6.175781250000000194e-02 1.445898437500000000e+01 1.101171875000000000e+01 -8.290039062499999778e-01 -8.037109375000006661e-02 -1.693359375000000000e+00
1.456054687499999944e-01 9.057617187500000000e-01 4.175781250000000500e-02 1.145898437500000000e+01 9.011718750000000000e+00 2.099609375000000000e-02 -5.303710937499999112e-01 -6.933593750000000000e-01
1.574804687499999911e-01 6.401367187500000000e-01 3.550781249999999944e-02 1.014648437500000000e+01 1.088671875000000000e+01 3.928710937499999556e-01 4.003906250000022204e-03 -1.308593750000000000e-01
3.474804687499999933e-01 8.901367187500000000e-01 5.550781250000000333e-02 1.314648437500000000e+01 1.288671875000000000e+01 -4.571289062500000222e-01 -4.459960937499999889e-01 -1.130859375000000000e+00
4.424804687500000222e-01 5.151367187500000000e-01 6.550781250000001221e-02 1.164648437500000000e+01 1.188671875000000000e+01 -3.212890624999997780e-02 -6.709960937499999112e-01 -6.308593750000000000e-01
2.524804687499999645e-01 7.651367187500000000e-01 4.550781250000000139e-02 1.464648437500000000e+01 9.886718750000000000e+00 -8.821289062499999556e-01 -2.209960937500000111e-01 -1.630859375000000000e+00
2.999804687500000067e-01 5.776367187500000000e-01 5.050781249999999889e-02 1.089648437500000000e+01 1.138671875000000000e+01 -6.696289062500000444e-01 1.165039062499999556e-01 -1.380859375000000000e+00
4.899804687500000089e-01 8.276367187500000000e-01 3.050781249999999847e-02 1.389648437500000000e+01 9.386718750000000000e+00 1.803710937500000444e-01 -3.334960937500000000e-01 -3.808593750000000000e-01
3.949804687499999800e-01 7.026367187500000000e-01 4.050781250000000389e-02 1.239648437500000000e+01 1.038671875000000000e+01 -2.446289062500000000e-01 -5.584960937499999778e-01 -1.880859375000000000e+00
2.049804687499999778e-01 9.526367187500000000e-01 6.050781250000000777e-02 1.539648437500000000e+01 1.238671875000000000e+01 6.053710937499998668e-01 -1.084960937500000222e-01 -8.808593750000000000e-01
1.812304687499999845e-01 5.463867187500000000e-01 4.800781250000000361e-02 1.427148437500000000e+01 1.263671875000000000e+01 4.991210937499999112e-01 6.025390624999993339e-02 -1.755859375000000000e+00
3.712304687499999867e-01 7.963867187500000000e-01 6.800781250000001443e-02 1.127148437500000000e+01 1.063671875000000000e+01 -3.508789062500000666e-01 -3.897460937499999667e-01 -7.558593750000000000e-01
4.662304687500000155e-01 6.713867187500000000e-01 5.800781250000000555e-02 1.577148437500000000e+01 9.636718750000000000e+00 7.412109374999986677e-02 -6.147460937500000000e-01 -1.255859375000000000e+00
2.762304687500000133e-01 9.213867187500000000e-01 3.800781250000000167e-02 1.277148437500000000e+01 1.163671875000000000e+01 -7.758789062500000000e-01 -1.647460937500000444e-01 -2.558593750000000000e-01
2.287304687499999989e-01 7.338867187500000000e-01 6.300781250000000999e-02 1.352148437500000000e+01 9.136718750000000000e+00 -9.883789062500000222e-01 1.727539062499999778e-01 -5.058593750000000000e-01
4.187304687499999734e-01 9.838867187500000000e-01 4.300781249999999917e-02 1.052148437500000000e+01 1.113671875000000000e+01 -1.383789062500000444e-01 -2.772460937499999778e-01 -1.505859375000000000e+00
3.237304687500000000e-01 6.088867187500000000e-01 3.300781249999999722e-02 1.502148437500000000e+01 1.213671875000000000e+01 -5.633789062500000888e-01 -5.022460937499999556e-01 -5.859375000000000000e-03
1.337304687499999978e-01 8.588867187500000000e-01 5.300781250000000111e-02 1.202148437500000000e+01 1.013671875000000000e+01 2.866210937500000000e-01 -5.224609375000000000e-02 -1.005859375000000000e+00
1.396679687499999822e-01 7.416992187500000000e-01 4.613281250000000194e-02 1.586523437500000000e+01 1.107421875000000000e+01 -6.961914062500000888e-01 -6.850585937500000000e-01 -7.871093750000000000e-01
3.296679687499999845e-01 9.916992187500000000e-01 6.613281249999999889e-02 1.286523437500000000e+01 9.074218750000000000e+00 1.538085937500000000e-01 -2.350585937499999889e-01 -1.787109375000000000e+00
4.246679687500000133e-01 6.166992187500000000e-01 5.613281250000000389e-02 1.436523437500000000e+01 1.007421875000000000e+01 -2.711914062500000444e-01 -1.005859375000006661e-02 -2.871093750000000000e-01
2.346679687500000111e-01 8.666992187500000000e-01 3.613281250000000000e-02 1.136523437500000000e+01 1.207421875000000000e+01 5.788085937500000444e-01 -4.600585937499999667e-01 -1.287109375000000000e+00
2.821679687499999978e-01 5.541992187500000000e-01 6.113281250000000833e-02 1.511523437500000000e+01 1.057421875000000000e+01 3.663085937499999112e-01 -5.725585937499999556e-01 -1.537109375000000000e+00
4.721679687500000000e-01 8.041992187500000000e-01 4.113281250000000444e-02 1.211523437500000000e+01 1.257421875000000000e+01 -4.836914062500000666e-01 -1.225585937500000000e-01 -5.371093750000000000e-01
3.771679687499999711e-01 6.791992187500000000e-01 3.113281249999999903e-02 1.361523437500000000e+01 1.157421875000000000e+01 -5.869140625000002220e-02 1.024414062499999778e-01 -1.037109375000000000e+00
1.871679687499999967e-01 9.291992187500000000e-01 5.113281249999999944e-02 1.061523437500000000e+01 9.574218750000000000e+00 -9.086914062500000000e-01 -3.475585937499999778e-01 -3.710937500000000000e-02
2.109179687499999900e-01 5.854492187500000000e-01 3.863281250000000222e-02 1.174023437500000000e+01 9.324218750000000000e+00 -8.024414062500000444e-01 -6.288085937499999778e-01 -1.162109375000000000e+00
4.009179687500000200e-01 8.354492187500000000e-01 5.863281250000000611e-02 1.474023437500000000e+01 1.132421875000000000e+01 4.755859375000004441e-02 -1.788085937500000222e-01 -1.621093750000000000e-01
4.959179687499999933e-01 7.104492187500000000e-01 6.863281250000000111e-02 1.024023437500000000e+01 1.232421875000000000e+01 -3.774414062500000000e-01 4.619140624999995559e-02 -1.662109375000000000e+00
3.059179687499999911e-01 9.604492187500000000e-01 4.863281250000000416e-02 1.324023437500000000e+01 1.032421875000000000e+01 4.725585937499998668e-01 -4.038085937500000000e-01 -6.621093750000000000e-01
2.584179687500000044e-01 6.479492187500000000e-01 5.363281250000000167e-02 1.249023437500000000e+01 1.282421875000000000e+01 6.850585937500000000e-01 -5.163085937499999334e-01 -4.121093750000000000e-01
4.484179687500000067e-01 8.979492187500000000e-01 3.363281249999999778e-02 1.549023437500000000e+01 1.082421875000000000e+01 -1.649414062499999778e-01 -6.630859374999997780e-02 -1.412109375000000000e+00
3.534179687499999778e-01 5.229492187500000000e-01 4.363281249999999972e-02 1.099023437500000000e+01 9.824218750000000000e+00 2.600585937499999556e-01 1.586914062500000000e-01 -9.121093750000000000e-01
1.634179687500000033e-01 7.729492187500000000e-01 6.363281249999999667e-02 1.399023437500000000e+01 1.182421875000000000e+01 -5.899414062500000222e-01 -2.913085937500000111e-01 -1.912109375000000000e+00
1.515429687500000067e-01 5.073242187500000000e-01 5.988281250000000722e-02 1.342773437500000000e+01 1.219921875000000000e+01 -2.180664062500000666e-01 -2.069335937499999778e-01 -1.474609375000000000e+00
3.415429687500000089e-01 7.573242187500000000e-01 3.988281250000000333e-02 1.042773437500000000e+01 1.019921875000000000e+01 6.319335937499999112e-01 -6.569335937499999334e-01 -4.746093750000000000e-01
4.365429687499999822e-01 6.323242187500000000e-01 4.988281249999999833e-02 1.492773437500000000e+01 9.199218750000000000e+00 -6.430664062500000000e-01 -4.319335937499999556e-01 -1.974609375000000000e+00
2.465429687500000078e-01 8.823242187500000000e-01 6.988281250000000222e-02 1.192773437500000000e+01 1.119921875000000000e+01 2.069335937499998668e-01 1.806640625000000000e-02 -9.746093750000000000e-01
2.940429687500000222e-01 6.948242187500000000e-01 3.488281249999999889e-02 1.417773437500000000e+01 9.699218750000000000e+00 -5.566406250000044409e-03 -9.443359375000004441e-02 -2.246093750000000000e-01
4.840429687500000244e-01 9.448242187500000000e-01 5.488281250000000278e-02 1.117773437500000000e+01 1.169921875000000000e+01 -8.555664062500000222e-01 -5.444335937500000000e-01 -1.224609375000000000e+00
3.890429687499999956e-01 5.698242187500000000e-01 6.488281249999999778e-02 1.567773437500000000e+01 1.269921875000000000e+01 4.194335937500000000e-01 -3.194335937499999667e-01 -7.246093750000000000e-01
1.990429687499999933e-01 8.198242187500000000e-01 4.488281250000000083e-02 1.267773437500000000e+01 1.069921875000000000e+01 -4.305664062499999778e-01 1.305664062499999334e-01 -1.724609375000000000e+00
1.752929687500000000e-01 6.635742187500000000e-01 6.738281250000000000e-02 1.080273437500000000e+01 1.044921875000000000e+01 -5.368164062500000444e-01 -1.506835937499999556e-01 -5.996093750000000000e-01
3.652929687500000022e-01 9.135742187500000000e-01 4.738281250000000305e-02 1.380273437500000000e+01 1.244921875000000000e+01 3.131835937500000444e-01 -6.006835937499999112e-01 -1.599609375000000000e+00
4.602929687499999756e-01 5.385742187500000000e-01 3.738281250000000111e-02 1.230273437500000000e+01 1.144921875000000000e+01 -9.618164062499999778e-01 -3.756835937499999889e-01 -9.960937500000000000e-02
2.702929687499999734e-01 7.885742187500000000e-01 5.738281250000000500e-02 1.530273437500000000e+01 9.449218750000000000e+00 -1.118164062500000000e-01 7.431640625000002220e-02 -1.099609375000000000e+00
2.227929687499999867e-01 6.010742187500000000e-01 4.238281250000000555e-02 1.005273437500000000e+01 1.194921875000000000e+01 1.006835937499999112e-01 -3.818359375000002220e-02 -1.849609375000000000e+00
4.127929687499999889e-01 8.510742187500000000e-01 6.238281250000000250e-02 1.305273437500000000e+01 9.949218750000000000e+00 -7.493164062499999556e-01 -4.881835937499999778e-01 -8.496093750000000000e-01
3.177929687499999600e-01 7.260742187500000000e-01 5.238281250000000056e-02 1.155273437500000000e+01 1.094921875000000000e+01 5.256835937499999556e-01 -2.631835937500000000e-01 -1.349609375000000000e+00
1.277929687499999856e-01 9.760742187500000000e-01 3.238281249999999667e-02 1.455273437500000000e+01 1.294921875000000000e+01 -3.243164062500000222e-01 1.868164062499999556e-01 -3.496093750000000000e-01
1.307617187500000056e-01 6.752929687500000000e-01 5.144531250000000666e-02 1.375585937500000000e+01 9.105468750000000000e+00 -4.172851562500000666e-01 -5.655273437499999112e-01 -9.589843750000000000e-01
3.207617187500000355e-01 9.252929687500000000e-01 3.144531249999999584e-02 1.075585937500000000e+01 1.110546875000000000e+01 4.327148437499999112e-01 -1.155273437500000666e-01 -1.958984375000000000e+00
4.157617187500000089e-01 5.502929687500000000e-01 4.144531249999999778e-02 1.525585937500000000e+01 1.210546875000000000e+01 -8.422851562500000000e-01 1.094726562499999112e-01 -4.589843750000000000e-01
2.257617187500000067e-01 8.002929687500000000e-01 6.144531250000000167e-02 1.225585937500000000e+01 1.010546875000000000e+01 7.714843749999866773e-03 -3.405273437499999889e-01 -1.458984375000000000e+00
2.732617187499999933e-01 6.127929687500000000e-01 3.644531250000000028e-02 1.300585937500000000e+01 1.260546875000000000e+01 2.202148437500000000e-01 -6.780273437499999556e-01 -1.708984375000000000e+00
4.632617187499999956e-01 8.627929687500000000e-01 5.644531250000000416e-02 1.000585937500000000e+01 1.060546875000000000e+01 -6.297851562500000888e-01 -2.280273437500000000e-01 -7.089843750000000000e-01
3.682617187500000222e-01 7.377929687500000000e-01 6.644531250000000611e-02 1.450585937500000000e+01 9.605468750000000000e+00 6.452148437500000444e-01 -3.027343750000022204e-03 -1.208984375000000000e+00
1.782617187499999922e-01 9.877929687500000000e-01 4.644531250000000222e-02 1.150585937500000000e+01 1.160546875000000000e+01 -2.047851562500000444e-01 -4.530273437499999778e-01 -2.089843750000000000e-01
2.020117187500000133e-01 5.190429687500000000e-01 6.394531250000000389e-02 1.038085937500000000e+01 1.135546875000000000e+01 -3.110351562500000000e-01 -5.092773437500000000e-01 -1.083984375000000000e+00
3.920117187500000155e-01 7.690429687500000000e-01 4.394531250000000000e-02 1.338085937500000000e+01 9.355468750000000000e+00 5.389648437499998668e-01 -5.927734375000004441e-02 -8.398437500000000000e-02
4.870117187499999889e-01 6.440429687500000000e-01 3.394531249999999806e-02 1.188085937500000000e+01 1.035546875000000000e+01 -7.360351562500000444e-01 1.657226562499999334e-01 -1.583984375000000000e+00
2.970117187499999867e-01 8.940429687500000000e-01 5.394531250000000194e-02 1.488085937500000000e+01 1.235546875000000000e+01 1.139648437500000444e-01 -2.842773437500000222e-01 -5.839843750000000000e-01
2.495117187500000000e-01 7.065429687500000000e-01 4.894531250000000444e-02 1.113085937500000000e+01 1.085546875000000000e+01 -9.853515624999997780e-02 -6.217773437499999334e-01 -3.339843750000000000e-01
4.395117187500000022e-01 9.565429687500000000e-01 6.894531250000000833e-02 1.413085937500000000e+01 1.285546875000000000e+01 -9.485351562499999556e-01 -1.717773437499999778e-01 -1.333984375000000000e+00
3.445117187499999734e-01 5.815429687500000000e-01 5.894531249999999944e-02 1.263085937500000000e+01 1.185546875000000000e+01 3.264648437499999556e-01 5.322265625000000000e-02 -8.339843750000000000e-01
1.545117187499999989e-01 8.315429687500000000e-01 3.894531250000000250e-02 1.563085937500000000e+01 9.855468750000000000e+00 -5.235351562500000222e-01 -3.967773437500000111e-01 -1.833984375000000000e+00
1.663867187499999956e-01 5.659179687500000000e-01 4.269531249999999889e-02 1.469335937500000000e+01 1.023046875000000000e+01 -8.954101562499999778e-01 -8.740234375000000000e-02 -1.271484375000000000e+00
3.563867187499999978e-01 8.159179687500000000e-01 6.269531250000000278e-02 1.169335937500000000e+01 1.223046875000000000e+01 -4.541015625000000000e-02 -5.374023437499999556e-01 -2.714843750000000000e-01
4.513867187500000266e-01 6.909179687500000000e-01 5.269531250000000777e-02 1.319335937500000000e+01 1.123046875000000000e+01 -4.704101562500000444e-01 -3.124023437499999778e-01 -1.771484375000000000e+00
2.613867187499999689e-01 9.409179687500000000e-01 3.269531249999999695e-02 1.019335937500000000e+01 9.230468750000000000e+00 3.795898437500000444e-01 1.375976562499999778e-01 -7.714843750000000000e-01
3.088867187500000111e-01 6.284179687500000000e-01 6.769531250000000722e-02 1.544335937500000000e+01 1.173046875000000000e+01 5.920898437499999556e-01 -1.999023437500000444e-01 -2.148437500000000000e-02
4.988867187500000133e-01 8.784179687500000000e-01 4.769531250000000333e-02 1.244335937500000000e+01 9.730468750000000000e+00 -2.579101562500000222e-01 -6.499023437500000000e-01 -1.021484375000000000e+00
4.038867187499999845e-01 5.034179687500000000e-01 3.769531250000000139e-02 1.394335937500000000e+01 1.073046875000000000e+01 1.670898437499999112e-01 -4.249023437499999667e-01 -5.214843750000000000e-01
2.138867187499999822e-01 7.534179687500000000e-01 5.769531250000000527e-02 1.094335937500000000e+01 1.273046875000000000e+01 -6.829101562499999556e-01 2.509765624999993339e-02 -1.521484375000000000e+00
1.901367187499999889e-01 7.221679687500000000e-01 3.019531249999999820e-02 1.281835937500000000e+01 1.248046875000000000e+01 -5.766601562500000000e-01 -3.115234374999997780e-02 -6.464843750000000000e-01
3.801367187499999911e-01 9.721679687500000000e-01 5.019531250000000555e-02 1.581835937500000000e+01 1.048046875000000000e+01 2.733398437499998668e-01 -4.811523437499999889e-01 -1.646484375000000000e+00
4.751367187500000200e-01 5.971679687500000000e-01 6.019531250000000056e-02 1.131835937500000000e+01 9.480468750000000000e+00 -1.516601562500000666e-01 -2.561523437500000111e-01 -1.464843750000000000e-01
2.851367187500000178e-01 8.471679687500000000e-01 4.019531249999999667e-02 1.431835937500000000e+01 1.148046875000000000e+01 6.983398437499999112e-01 1.938476562500000000e-01 -1.146484375000000000e+00
2.376367187500000033e-01 5.346679687500000000e-01 5.519531250000000305e-02 1.206835937500000000e+01 9.980468750000000000e+00 4.858398437500000000e-01 -1.436523437500000222e-01 -1.896484375000000000e+00
4.276367187499999778e-01 7.846679687500000000e-01 3.519531249999999917e-02 1.506835937500000000e+01 1.198046875000000000e+01 -3.641601562499999778e-01 -5.936523437499999778e-01 -8.964843750000000000e-01
3.326367187500000044e-01 6.596679687500000000e-01 4.519531250000000111e-02 1.056835937500000000e+01 1.298046875000000000e+01 6.083984374999995559e-02 -3.686523437500000000e-01 -1.396484375000000000e+00
1.426367187500000022e-01 9.096679687500000000e-01 6.519531250000000500e-02 1.356835937500000000e+01 1.098046875000000000e+01 -7.891601562500000222e-01 8.134765624999995559e-02 -3.964843750000000000e-01
1.366992187499999900e-01 5.581054687500000000e-01 3.332031249999999750e-02 1.122460937500000000e+01 1.179296875000000000e+01 6.186523437500000000e-01 -3.545898437499999667e-01 -1.677734375000000000e+00
3.266992187499999645e-01 8.081054687500000000e-01 5.332031250000000833e-02 1.422460937500000000e+01 9.792968750000000000e+00 -2.313476562499999778e-01 9.541015624999993339e-02 -6.777343750000000000e-01
4.216992187499999933e-01 6.831054687500000000e-01 6.332031250000000333e-02 1.272460937500000000e+01 1.079296875000000000e+01 1.936523437499999556e-01 -1.295898437500000444e-01 -1.177734375000000000e+00
2.316992187499999911e-01 9.331054687500000000e-01 4.332031249999999944e-02 1.572460937500000000e+01 1.279296875000000000e+01 -6.563476562500000222e-01 -5.795898437500000000e-01 -1.777343750000000000e-01
2.791992187499999778e-01 7.456054687500000000e-01 5.832031250000000583e-02 1.047460937500000000e+01 1.029296875000000000e+01 -8.688476562500000444e-01 -4.670898437499999556e-01 -9.277343750000000000e-01
4.691992187499999800e-01 9.956054687500000000e-01 3.832031250000000194e-02 1.347460937500000000e+01 1.229296875000000000e+01 -1.884765625000006661e-02 -1.708984375000000000e-02 -1.927734375000000000e+00
3.741992187500000067e-01 6.206054687500000000e-01 4.832031250000000389e-02 1.197460937500000000e+01 1.129296875000000000e+01 -4.438476562500000000e-01 -2.420898437499999778e-01 -4.277343750000000000e-01
1.841992187500000044e-01 8.706054687500000000e-01 6.832031250000000777e-02 1.497460937500000000e+01 9.292968750000000000e+00 4.061523437499998668e-01 -6.920898437499999334e-01 -1.427734375000000000e+00
2.079492187499999978e-01 6.518554687500000000e-01 4.082031249999999722e-02 1.309960937500000000e+01 9.542968750000000000e+00 2.999023437499999112e-01 -2.983398437500000000e-01 -3.027343750000000000e-01
3.979492187500000000e-01 9.018554687500000000e-01 6.082031250000000111e-02 1.009960937500000000e+01 1.154296875000000000e+01 -5.500976562499999556e-01 1.516601562499999556e-01 -1.302734375000000000e+00
4.929492187499999734e-01 5.268554687500000000e-01 5.082031250000000611e-02 1.459960937500000000e+01 1.254296875000000000e+01 -1.250976562500000222e-01 -7.333984375000002220e-02 -8.027343750000000000e-01
3.029492187500000266e-01 7.768554687500000000e-01 3.082031249999999875e-02 1.159960937500000000e+01 1.054296875000000000e+01 -9.750976562500000000e-01 -5.233398437499999778e-01 -1.802734375000000000e+00
2.554492187499999845e-01 5.893554687500000000e-01 6.582031250000000555e-02 1.384960937500000000e+01 1.204296875000000000e+01 -7.625976562499999778e-01 -4.108398437499999889e-01 -1.052734375000000000e+00
4.454492187499999867e-01 8.393554687500000000e-01 4.582031250000000167e-02 1.084960937500000000e+01 1.004296875000000000e+01 8.740234375000000000e-02 3.916015625000002220e-02 -5.273437500000000000e-02
3.504492187500000133e-01 7.143554687500000000e-01 3.582031249999999972e-02 1.534960937500000000e+01 9.042968750000000000e+00 -3.375976562500000444e-01 -1.858398437499999556e-01 -1.552734375000000000e+00
1.604492187500000111e-01 9.643554687500000000e-01 5.582031250000000361e-02 1.234960937500000000e+01 1.104296875000000000e+01 5.124023437500000444e-01 -6.358398437499999112e-01 -5.527343750000000000e-01
1.485742187499999867e-01 6.987304687500000000e-01 6.207031250000000222e-02 1.216210937500000000e+01 1.291796875000000000e+01 1.405273437499998668e-01 1.235351562500000000e-01 -1.152343750000000000e-01
3.385742187499999889e-01 9.487304687500000000e-01 4.207031249999999833e-02 1.516210937500000000e+01 1.091796875000000000e+01 -7.094726562500000000e-01 -3.264648437500000111e-01 -1.115234375000000000e+00
4.335742187500000178e-01 5.737304687500000000e-01 3.207031249999999639e-02 1.066210937500000000e+01 9.917968750000000000e+00 5.655273437499999112e-01 -5.514648437499999334e-01 -6.152343750000000000e-01
2.435742187500000155e-01 8.237304687500000000e-01 5.207031250000000722e-02 1.366210937500000000e+01 1.191796875000000000e+01 -2.844726562500000666e-01 -1.014648437499999778e-01 -1.615234375000000000e+00
2.910742187500000022e-01 5.112304687500000000e-01 4.707031250000000278e-02 1.291210937500000000e+01 9.417968750000000000e+00 -4.969726562499999778e-01 1.103515624999995559e-02 -1.365234375000000000e+00
4.810742187500000044e-01 7.612304687500000000e-01 6.707031250000000666e-02 1.591210937500000000e+01 1.141796875000000000e+01 3.530273437500000000e-01 -4.389648437500000000e-01 -3.652343750000000000e-01
3.860742187499999756e-01 6.362304687500000000e-01 5.707031250000000472e-02 1.141210937500000000e+01 1.241796875000000000e+01 -9.219726562500000222e-01 -6.639648437499999778e-01 -1.865234375000000000e+00
1.960742187500000011e-01 8.862304687500000000e-01 3.707031250000000083e-02 1.441210937500000000e+01 1.041796875000000000e+01 -7.197265625000004441e-02 -2.139648437500000222e-01 -8.652343750000000000e-01
1.723242187499999800e-01 6.049804687500000000e-01 5.457031250000000250e-02 1.553710937500000000e+01 1.066796875000000000e+01 3.427734374999991118e-02 1.797851562499999112e-01 -1.990234375000000000e+00
3.623242187499999822e-01 8.549804687500000000e-01 3.457031249999999861e-02 1.253710937500000000e+01 1.266796875000000000e+01 -8.157226562499999556e-01 -2.702148437499999889e-01 -9.902343750000000000e-01
4.573242187500000111e-01 7.299804687500000000e-01 4.457031250000000056e-02 1.403710937500000000e+01 1.166796875000000000e+01 4.592773437499999556e-01 -4.952148437499999667e-01 -1.490234375000000000e+00
2.673242187500000089e-01 9.799804687500000000e-01 6.457031250000000444e-02 1.103710937500000000e+01 9.667968750000000000e+00 -3.907226562500000222e-01 -4.521484375000006661e-02 -4.902343750000000000e-01
2.198242187499999944e-01 6.674804687500000000e-01 3.957031250000000305e-02 1.478710937500000000e+01 1.116796875000000000e+01 -1.782226562500000000e-01 6.728515624999997780e-02 -7.402343750000000000e-01
4.098242187500000244e-01 9.174804687500000000e-01 5.957031250000000000e-02 1.178710937500000000e+01 9.167968750000000000e+00 6.717773437499998668e-01 -3.827148437499999778e-01 -1.740234375000000000e+00
3.148242187499999956e-01 5.424804687500000000e-01 6.957031250000000888e-02 1.328710937500000000e+01 1.016796875000000000e+01 -6.032226562500000444e-01 -6.077148437499999556e-01 -2.402343750000000000e-01
1.248242187499999933e-01 7.924804687500000000e-01 4.957031250000000500e-02 1.028710937500000000e+01 1.216796875000000000e+01 2.467773437500000444e-01 -1.577148437500000000e-01 -1.240234375000000000e+00
1.233398437499999972e-01 7.084960937500000000e-01 3.785156249999999806e-02 1.373242187500000000e+01 1.012109375000000000e+01 5.057617187499998668e-01 -5.057617187499999778e-01 -1.419921875000000000e+00
3.133398437500000133e-01 9.584960937500000000e-01 5.785156250000000888e-02 1.073242187500000000e+01 1.212109375000000000e+01 -3.442382812500000000e-01 -5.576171875000002220e-02 -4.199218750000000000e-01
4.083398437499999867e-01 5.834960937500000000e-01 6.785156250000000389e-02 1.523242187500000000e+01 1.112109375000000000e+01 8.076171875000004441e-02 1.692382812499999556e-01 -1.919921875000000000e+00
2.183398437499999845e-01 8.334960937500000000e-01 4.785156250000000000e-02 1.223242187500000000e+01 9.121093750000000000e+00 -7.692382812500000444e-01 -2.807617187500000000e-01 -9.199218750000000000e-01
2.658398437500000266e-01 5.209960937500000000e-01 5.285156250000000444e-02 1.448242187500000000e+01 1.162109375000000000e+01 -9.817382812499999556e-01 -6.182617187499999112e-01 -1.699218750000000000e-01
4.558398437499999734e-01 7.709960937500000000e-01 3.285156250000000056e-02 1.148242187500000000e+01 9.621093750000000000e+00 -1.317382812499999778e-01 -1.682617187499999556e-01 -1.169921875000000000e+00
3.608398437500000000e-01 6.459960937500000000e-01 4.285156250000000250e-02 1.598242187500000000e+01 1.062109375000000000e+01 -5.567382812500000222e-01 5.673828125000002220e-02 -6.699218750000000000e-01
1.708398437499999978e-01 8.959960937500000000e-01 6.285156250000001332e-02 1.298242187500000000e+01 1.262109375000000000e+01 2.932617187499999556e-01 -3.932617187499999889e-01 -1.669921875000000000e+00
1.945898437499999911e-01 6.147460937500000000e-01 4.535156249999999778e-02 1.110742187500000000e+01 1.237109375000000000e+01 3.995117187499999112e-01 -5.620117187500000000e-01 -5.449218750000000000e-01
3.845898437499999933e-01 8.647460937500000000e-01 6.535156250000001554e-02 1.410742187500000000e+01 1.037109375000000000e+01 -4.504882812500000666e-01 -1.120117187500000444e-01 -1.544921875000000000e+00
4.795898437500000222e-01 7.397460937500000000e-01 5.535156250000000666e-02 1.260742187500000000e+01 9.371093750000000000e+00 -2.548828125000002220e-02 1.129882812499999334e-01 -4.492187500000000000e-02
2.895898437499999645e-01 9.897460937500000000e-01 3.535156250000000278e-02 1.560742187500000000e+01 1.137109375000000000e+01 -8.754882812500000000e-01 -3.370117187499999667e-01 -1.044921875000000000e+00
2.420898437499999778e-01 6.772460937500000000e-01 6.035156250000000416e-02 1.035742187500000000e+01 9.871093750000000000e+00 -6.629882812500000888e-01 -6.745117187499999334e-01 -1.794921875000000000e+00
4.320898437499999800e-01 9.272460937500000000e-01 4.035156250000000028e-02 1.335742187500000000e+01 1.187109375000000000e+01 1.870117187500000000e-01 -2.245117187499999778e-01 -7.949218750000000000e-01
3.370898437500000067e-01 5.522460937500000000e-01 3.035156249999999833e-02 1.185742187500000000e+01 1.287109375000000000e+01 -2.379882812500000444e-01 4.882812500000000000e-04 -1.294921875000000000e+00
1.470898437500000044e-01 8.022460937500000000e-01 5.035156250000000222e-02 1.485742187500000000e+01 1.087109375000000000e+01 6.120117187500000444e-01 -4.495117187499999556e-01 -2.949218750000000000e-01
1.589648437500000011e-01 5.366210937500000000e-01 6.660156250000000278e-02 1.579492187500000000e+01 9.246093750000000000e+00 2.401367187499998668e-01 -2.763671875000006661e-02 -8.574218750000000000e-01
3.489648437500000311e-01 7.866210937500000000e-01 4.660156249999999889e-02 1.279492187500000000e+01 1.124609375000000000e+01 -6.098632812500000000e-01 -4.776367187499999667e-01 -1.857421875000000000e+00
4.439648437500000044e-01 6.616210937500000000e-01 3.660156250000000389e-02 1.429492187500000000e+01 1.224609375000000000e+01 6.651367187499999112e-01 -2.526367187499999889e-01 -3.574218750000000000e-01
2.539648437500000022e-01 9.116210937500000000e-01 5.660156250000000777e-02 1.129492187500000000e+01 1.024609375000000000e+01 -1.848632812500000666e-01 1.973632812499999112e-01 -1.357421875000000000e+00
3.014648437499999889e-01 7.241210937500000000e-01 4.160156250000000139e-02 1.504492187500000000e+01 1.274609375000000000e+01 -3.973632812499999778e-01 -1.401367187500000000e-01 -1.607421875000000000e+00
4.914648437499999911e-01 9.741210937500000000e-01 6.160156250000000527e-02 1.204492187500000000e+01 1.074609375000000000e+01 4.526367187500000000e-01 -5.901367187499999556e-01 -6.074218750000000000e-01
3.964648437500000178e-01 5.991210937500000000e-01 5.160156250000000333e-02 1.354492187500000000e+01 9.746093750000000000e+00 -8.223632812500000222e-01 -3.651367187499999778e-01 -1.107421875000000000e+00
2.064648437500000155e-01 8.491210937500000000e-01 3.160156249999999944e-02 1.054492187500000000e+01 1.174609375000000000e+01 2.763671874999995559e-02 8.486328124999997780e-02 -1.074218750000000000e-01
1.827148437499999944e-01 6.303710937500000000e-01 5.910156250000000305e-02 1.166992187500000000e+01 1.149609375000000000e+01 -7.861328125000000000e-02 -8.388671874999997780e-02 -1.232421875000000000e+00
3.727148437500000244e-01 8.803710937500000000e-01 3.910156249999999917e-02 1.466992187500000000e+01 9.496093750000000000e+00 -9.286132812499999778e-01 -5.338867187499999334e-01 -2.324218750000000000e-01
4.677148437499999978e-01 5.053710937500000000e-01 4.910156250000000111e-02 1.016992187500000000e+01 1.049609375000000000e+01 3.463867187500000444e-01 -3.088867187500000111e-01 -1.732421875000000000e+00
2.777148437499999956e-01 7.553710937500000000e-01 6.910156250000000500e-02 1.316992187500000000e+01 1.249609375000000000e+01 -5.036132812500000444e-01 1.411132812500000000e-01 -7.324218750000000000e-01
2.302148437500000089e-01 5.678710937500000000e-01 3.410156250000000167e-02 1.241992187500000000e+01 1.099609375000000000e+01 -2.911132812500000222e-01 -1.963867187500000222e-01 -4.824218750000000000e-01
4.202148437500000111e-01 8.178710937500000000e-01 5.410156250000000555e-02 1.541992187500000000e+01 1.299609375000000000e+01 5.588867187499999556e-01 -6.463867187499999778e-01 -1.482421875000000000e+00
3.252148437499999822e-01 6.928710937500000000e-01 6.410156250000001443e-02 1.091992187500000000e+01 1.199609375000000000e+01 -7.161132812499999556e-01 -4.213867187500000000e-01 -9.824218750000000000e-01
1.352148437500000078e-01 9.428710937500000000e-01 4.410156250000000361e-02 1.391992187500000000e+01 9.996093750000000000e+00 1.338867187499999112e-01 2.861328124999995559e-02 -1.982421875000000000e+00
1.411523437499999922e-01 5.913085937500000000e-01 5.722656250000000833e-02 1.026367187500000000e+01 1.280859375000000000e+01 -5.301757812500000888e-01 -2.948242187499999778e-01 -2.011718750000000000e-01
3.311523437500000222e-01 8.413085937500000000e-01 3.722656249999999750e-02 1.326367187500000000e+01 1.080859375000000000e+01 3.198242187500000000e-01 1.551757812499999778e-01 -1.201171875000000000e+00
4.261523437499999956e-01 7.163085937500000000e-01 4.722656249999999944e-02 1.176367187500000000e+01 9.808593750000000000e+00 -9.551757812500000222e-01 -6.982421875000000000e-02 -7.011718750000000000e-01
2.361523437499999933e-01 9.663085937500000000e-01 6.722656250000000333e-02 1.476367187500000000e+01 1.180859375000000000e+01 -1.051757812500000444e-01 -5.198242187499999556e-01 -1.701171875000000000e+00
2.836523437500000355e-01 6.538085937500000000e-01 3.222656250000000000e-02 1.101367187500000000e+01 9.308593750000000000e+00 1.073242187499998668e-01 -4.073242187499999667e-01 -1.451171875000000000e+00
4.736523437499999822e-01 9.038085937500000000e-01 5.222656250000000389e-02 1.401367187500000000e+01 1.130859375000000000e+01 -7.426757812500000000e-01 4.267578124999993339e-02 -4.511718750000000000e-01
3.786523437500000089e-01 5.288085937500000000e-01 6.222656250000000583e-02 1.251367187500000000e+01 1.230859375000000000e+01 5.323242187499999112e-01 -1.823242187500000444e-01 -1.951171875000000000e+00
1.886523437500000067e-01 7.788085937500000000e-01 4.222656250000000194e-02 1.551367187500000000e+01 1.030859375000000000e+01 -3.176757812500000666e-01 -6.323242187500000000e-01 -9.511718750000000000e-01
2.124023437500000000e-01 7.475585937500000000e-01 6.972656250000000555e-02 1.438867187500000000e+01 1.055859375000000000e+01 -2.114257812500000000e-01 -3.510742187500000000e-01 -1.826171875000000000e+00
4.024023437500000022e-01 9.975585937500000000e-01 4.972656250000000167e-02 1.138867187500000000e+01 1.255859375000000000e+01 6.385742187499998668e-01 9.892578124999995559e-02 -8.261718750000000000e-01
4.974023437499999756e-01 6.225585937500000000e-01 3.972656249999999972e-02 1.588867187500000000e+01 1.155859375000000000e+01 -6.364257812500000444e-01 -1.260742187500000222e-01 -1.326171875000000000e+00
3.074023437499999734e-01 8.725585937500000000e-01 5.972656250000000361e-02 1.288867187500000000e+01 9.558593750000000000e+00 2.135742187500000444e-01 -5.760742187499999778e-01 -3.261718750000000000e-01
2.599023437499999867e-01 5.600585937500000000e-01 4.472656250000000416e-02 1.363867187500000000e+01 1.105859375000000000e+01 1.074218749999911182e-03 -4.635742187499999889e-01 -5.761718750000000000e-01
4.499023437499999889e-01 8.100585937500000000e-01 6.472656250000000111e-02 1.063867187500000000e+01 9.058593750000000000e+00 -8.489257812499999556e-01 -1.357421874999997780e-02 -1.576171875000000000e+00
3.549023437499999600e-01 6.850585937500000000e-01 5.472656250000000611e-02 1.513867187500000000e+01 1.005859375000000000e+01 4.260742187499999556e-01 -2.385742187500000111e-01 -7.617187500000000000e-02
1.649023437500000133e-01 9.350585937500000000e-01 3.472656250000000222e-02 1.213867187500000000e+01 1.205859375000000000e+01 -4.239257812500000222e-01 -6.885742187499999112e-01 -1.076171875000000000e+00
1.530273437499999889e-01 6.694335937500000000e-01 4.847656250000000056e-02 1.232617187500000000e+01 1.193359375000000000e+01 -7.958007812499999778e-01 1.833007812499999334e-01 -1.513671875000000000e+00
3.430273437499999911e-01 9.194335937500000000e-01 6.847656250000000444e-02 1.532617187500000000e+01 9.933593750000000000e+00 5.419921875000000000e-02 -2.666992187500000222e-01 -5.136718750000000000e-01
4.380273437500000200e-01 5.444335937500000000e-01 5.847656250000000944e-02 1.082617187500000000e+01 1.093359375000000000e+01 -3.708007812500000444e-01 -4.916992187500000000e-01 -1.013671875000000000e+00
2.480273437499999900e-01 7.944335937500000000e-01 3.847656249999999861e-02 1.382617187500000000e+01 1.293359375000000000e+01 4.791992187500000444e-01 -4.169921875000004441e-02 -1.367187500000000000e-02
2.955273437500000044e-01 6.069335937500000000e-01 6.347656250000000000e-02 1.157617187500000000e+01 1.043359375000000000e+01 6.916992187499999556e-01 7.080078125000000000e-02 -7.636718750000000000e-01
4.855273437500000067e-01 8.569335937500000000e-01 4.347656250000000305e-02 1.457617187500000000e+01 1.243359375000000000e+01 -1.583007812500000222e-01 -3.791992187500000111e-01 -1.763671875000000000e+00
3.905273437499999778e-01 7.319335937500000000e-01 3.347656250000000111e-02 1.007617187500000000e+01 1.143359375000000000e+01 2.666992187499999112e-01 -6.041992187499999334e-01 -2.636718750000000000e-01
2.005273437500000033e-01 9.819335937500000000e-01 5.347656250000000500e-02 1.307617187500000000e+01 9.433593750000000000e+00 -5.833007812499999556e-01 -1.541992187499999778e-01 -1.263671875000000000e+00
1.767773437499999822e-01 5.131835937500000000e-01 3.597656250000000333e-02 1.495117187500000000e+01 9.683593750000000000e+00 -6.895507812500000222e-01 1.270507812499999112e-01 -3.886718750000000000e-01
3.667773437500000400e-01 7.631835937500000000e-01 5.597656250000000722e-02 1.195117187500000000e+01 1.168359375000000000e+01 1.604492187499999556e-01 -3.229492187499999889e-01 -1.388671875000000000e+00
4.617773437500000133e-01 6.381835937500000000e-01 6.597656250000000222e-02 1.345117187500000000e+01 1.268359375000000000e+01 -2.645507812499999778e-01 -5.479492187499999112e-01 -8.886718750000000000e-01
2.717773437500000111e-01 8.881835937500000000e-01 4.597656249999999833e-02 1.045117187500000000e+01 1.068359375000000000e+01 5.854492187500000000e-01 -9.794921875000006661e-02 -1.888671875000000000e+00
2.242773437499999967e-01 7.006835937500000000e-01 5.097656250000000278e-02 1.570117187500000000e+01 1.218359375000000000e+01 3.729492187499998668e-01 1.455078124999997780e-02 -1.138671875000000000e+00
4.142773437500000266e-01 9.506835937500000000e-01 3.097656249999999889e-02 1.270117187500000000e+01 1.018359375000000000e+01 -4.770507812500000000e-01 -4.354492187499999778e-01 -1.386718750000000000e-01
3.192773437499999978e-01 5.756835937500000000e-01 4.097656250000000083e-02 1.420117187500000000e+01 9.183593750000000000e+00 -5.205078125000006661e-02 -6.604492187499999556e-01 -1.638671875000000000e+00
1.292773437499999956e-01 8.256835937500000000e-01 6.097656250000000472e-02 1.120117187500000000e+01 1.118359375000000000e+01 -9.020507812500000444e-01 -2.104492187500000000e-01 -6.386718750000000000e-01
1.263085937500000033e-01 5.249023437500000000e-01 4.003906250000000000e-02 1.190429687500000000e+01 1.077734375000000000e+01 -5.965820312500000888e-01 -4.143554687500000111e-01 -6.054687500000000000e-02
3.163085937499999778e-01 7.749023437500000000e-01 6.003906250000000389e-02 1.490429687500000000e+01 1.277734375000000000e+01 2.534179687500000000e-01 3.564453125000000000e-02 -1.060546875000000000e+00
4.113085937500000067e-01 6.499023437500000000e-01 5.003906250000000194e-02 1.040429687500000000e+01 1.177734375000000000e+01 -1.715820312500000444e-01 -1.893554687499999778e-01 -5.605468750000000000e-01
2.213085937500000044e-01 8.999023437500000000e-01 3.003906249999999806e-02 1.340429687500000000e+01 9.777343750000000000e+00 6.784179687500000444e-01 -6.393554687499999334e-01 -1.560546875000000000e+00
2.688085937499999911e-01 7.124023437500000000e-01 6.503906250000000833e-02 1.265429687500000000e+01 1.127734375000000000e+01 4.659179687499999112e-01 -3.018554687500000222e-01 -1.310546875000000000e+00
4.588085937499999933e-01 9.624023437500000000e-01 4.503906250000000444e-02 1.565429687500000000e+01 9.277343750000000000e+00 -3.840820312500000666e-01 1.481445312499999334e-01 -3.105468750000000000e-01
3.638085937499999645e-01 5.874023437500000000e-01 3.503906250000000250e-02 1.115429687500000000e+01 1.027734375000000000e+01 4.091796874999986677e-02 -7.685546875000004441e-02 -1.810546875000000000e+00
1.738085937499999900e-01 8.374023437500000000e-01 5.503906249999999944e-02 1.415429687500000000e+01 1.227734375000000000e+01 -8.090820312500000000e-01 -5.268554687500000000e-01 -8.105468750000000000e-01
1.975585937500000111e-01 6.811523437500000000e-01 3.253906250000000028e-02 1.527929687500000000e+01 1.252734375000000000e+01 -9.153320312499999556e-01 -4.706054687499999778e-01 -1.935546875000000000e+00
3.875585937500000133e-01 9.311523437500000000e-01 5.253906250000000416e-02 1.227929687500000000e+01 1.052734375000000000e+01 -6.533203124999997780e-02 -2.060546875000002220e-02 -9.355468750000000000e-01
4.825585937499999867e-01 5.561523437500000000e-01 6.253906250000000611e-02 1.377929687500000000e+01 9.527343750000000000e+00 -4.903320312500000222e-01 -2.456054687500000000e-01 -1.435546875000000000e+00
2.925585937499999845e-01 8.061523437500000000e-01 4.253906250000000222e-02 1.077929687500000000e+01 1.152734375000000000e+01 3.596679687499999556e-01 -6.956054687499999556e-01 -4.355468750000000000e-01
2.450585937499999978e-01 6.186523437500000000e-01 5.753906250000000167e-02 1.452929687500000000e+01 9.027343750000000000e+00 5.721679687499998668e-01 -3.581054687499999889e-01 -6.855468750000000000e-01
4.350585937500000000e-01 8.686523437500000000e-01 3.753906249999999778e-02 1.152929687500000000e+01 1.102734375000000000e+01 -2.778320312500000000e-01 9.189453124999991118e-02 -1.685546875000000000e+00
3.400585937500000266e-01 7.436523437500000000e-01 4.753906250000000666e-02 1.302929687500000000e+01 1.202734375000000000e+01 1.471679687500000444e-01 -1.331054687500000666e-01 -1.855468750000000000e-01
1.500585937499999967e-01 9.936523437500000000e-01 6.753906249999999667e-02 1.002929687500000000e+01 1.002734375000000000e+01 -7.028320312500000444e-01 -5.831054687499999112e-01 -1.185546875000000000e+00
1.619335937499999933e-01 7.280273437500000000e-01 5.378906249999999833e-02 1.134179687500000000e+01 9.902343750000000000e+00 -3.309570312499999778e-01 6.376953124999995559e-02 -1.748046875000000000e+00
3.519335937499999956e-01 9.780273437500000000e-01 3.378906250000000139e-02 1.434179687500000000e+01 1.190234375000000000e+01 5.190429687500000000e-01 -3.862304687500000000e-01 -7.480468750000000000e-01
4.469335937500000244e-01 6.030273437500000000e-01 4.378906250000000333e-02 1.284179687500000000e+01 1.290234375000000000e+01 -7.559570312500000222e-01 -6.112304687499999778e-01 -1.248046875000000000e+00
2.569335937500000222e-01 8.530273437500000000e-01 6.378906250000000722e-02 1.584179687500000000e+01 1.090234375000000000e+01 9.404296874999995559e-02 -1.612304687500000222e-01 -2.480468750000000000e-01
3.044335937500000089e-01 5.405273437500000000e-01 3.878906249999999889e-02 1.059179687500000000e+01 1.240234375000000000e+01 -1.184570312500000666e-01 1.762695312500000000e-01 -9.980468750000000000e-01
4.944335937500000111e-01 7.905273437500000000e-01 5.878906250000000278e-02 1.359179687500000000e+01 1.040234375000000000e+01 -9.684570312500000444e-01 -2.737304687500000111e-01 -1.998046875000000000e+00
3.994335937499999822e-01 6.655273437500000000e-01 6.878906249999999778e-02 1.209179687500000000e+01 9.402343750000000000e+00 3.065429687499998668e-01 -4.987304687499999889e-01 -4.980468750000000000e-01
2.094335937499999800e-01 9.155273437500000000e-01 4.878906250000000083e-02 1.509179687500000000e+01 1.140234375000000000e+01 -5.434570312500000000e-01 -4.873046874999997780e-02 -1.498046875000000000e+00
1.856835937499999867e-01 5.717773437500000000e-01 6.128906250000000500e-02 1.321679687500000000e+01 1.165234375000000000e+01 -4.372070312500000444e-01 7.519531249999933387e-03 -3.730468750000000000e-01
3.756835937499999889e-01 8.217773437500000000e-01 4.128906250000000111e-02 1.021679687500000000e+01 9.652343750000000000e+00 4.127929687500000444e-01 -4.424804687499999667e-01 -1.373046875000000000e+00
4.706835937500000178e-01 6.967773437500000000e-01 3.128906249999999917e-02 1.471679687500000000e+01 1.065234375000000000e+01 -8.622070312499999778e-01 -6.674804687500000000e-01 -8.730468750000000000e-01
2.806835937499999600e-01 9.467773437500000000e-01 5.128906250000000305e-02 1.171679687500000000e+01 1.265234375000000000e+01 -1.220703125000000000e-02 -2.174804687499999889e-01 -1.873046875000000000e+00
2.331835937500000011e-01 6.342773437500000000e-01 4.628906250000000555e-02 1.396679687500000000e+01 1.015234375000000000e+01 2.002929687499999112e-01 1.200195312499999778e-01 -1.123046875000000000e+00
4.231835937499999756e-01 8.842773437500000000e-01 6.628906249999999556e-02 1.096679687500000000e+01 1.215234375000000000e+01 -6.497070312499999556e-01 -3.299804687499999778e-01 -1.230468750000000000e-01
3.281835937500000022e-01 5.092773437500000000e-01 5.628906250000000056e-02 1.546679687500000000e+01 1.115234375000000000e+01 6.252929687499999556e-01 -5.549804687499999556e-01 -1.623046875000000000e+00
1.381835937500000000e-01 7.592773437500000000e-01 3.628906249999999667e-02 1.246679687500000000e+01 9.152343750000000000e+00 -2.247070312500000222e-01 -1.049804687500000000e-01 -6.230468750000000000e-01
1.322460937499999878e-01 6.420898437500000000e-01 6.441406250000000777e-02 1.462304687500000000e+01 1.208984375000000000e+01 1.435546875000004441e-02 -6.252929687499999556e-01 -1.341796875000000000e+00
3.222460937500000178e-01 8.920898437500000000e-01 4.441406250000000389e-02 1.162304687500000000e+01 1.008984375000000000e+01 -8.356445312500000444e-01 -1.752929687500000000e-01 -3.417968750000000000e-01
4.172460937499999911e-01 5.170898437500000000e-01 3.441406250000000194e-02 1.312304687500000000e+01 9.089843750000000000e+00 4.393554687499998668e-01 4.970703124999997780e-02 -1.841796875000000000e+00
2.272460937499999889e-01 7.670898437500000000e-01 5.441406249999999889e-02 1.012304687500000000e+01 1.108984375000000000e+01 -4.106445312500000000e-01 -4.002929687499999778e-01 -8.417968750000000000e-01
2.747460937500000311e-01 5.795898437500000000e-01 4.941406250000000139e-02 1.537304687500000000e+01 9.589843750000000000e+00 -1.981445312499999778e-01 -5.127929687499999112e-01 -9.179687500000000000e-02
4.647460937499999778e-01 8.295898437500000000e-01 6.941406250000001221e-02 1.237304687500000000e+01 1.158984375000000000e+01 6.518554687500000000e-01 -6.279296875000006661e-02 -1.091796875000000000e+00
3.697460937500000044e-01 7.045898437500000000e-01 5.941406250000000333e-02 1.387304687500000000e+01 1.258984375000000000e+01 -6.231445312500000222e-01 1.622070312499999112e-01 -5.917968750000000000e-01
1.797460937500000022e-01 9.545898437500000000e-01 3.941406249999999944e-02 1.087304687500000000e+01 1.058984375000000000e+01 2.268554687499999556e-01 -2.877929687499999889e-01 -1.591796875000000000e+00
2.034960937499999956e-01 5.483398437500000000e-01 5.191406250000000361e-02 1.274804687500000000e+01 1.033984375000000000e+01 1.206054687500000000e-01 -6.815429687499999778e-01 -7.167968750000000000e-01
