# cosmological_parameters--omega_m cosmological_parameters--s_8 cosmological_parameters--h0 cosmological_parameters--omega_b cosmological_parameters--n_s cosmological_parameters--w
3.099999999999999978e-01 7.750000000000000222e-01 7.299999999999999822e-01 5.000000000000000278e-02 9.699999999999999734e-01 -1.250000000000000000e+00
4.050000000000000266e-01 7.125000000000000222e-01 8.200000000000000622e-01 4.000000000000000083e-02 1.020000000000000018e+00 -1.625000000000000000e+00
2.149999999999999967e-01 8.375000000000000222e-01 6.400000000000000133e-01 6.000000000000000472e-02 9.200000000000000400e-01 -8.750000000000000000e-01
2.625000000000000111e-01 7.437500000000000222e-01 7.750000000000000222e-01 3.500000000000000333e-02 1.044999999999999929e+00 -6.875000000000000000e-01
4.525000000000000133e-01 8.687500000000000222e-01 5.950000000000000844e-01 5.500000000000000722e-02 9.450000000000000622e-01 -1.437500000000000000e+00
3.574999999999999845e-01 6.812500000000000222e-01 6.850000000000000533e-01 4.499999999999999833e-02 8.950000000000000178e-01 -1.062500000000000000e+00
1.674999999999999822e-01 8.062500000000000222e-01 8.649999999999999911e-01 6.500000000000000222e-02 9.950000000000001066e-01 -1.812500000000000000e+00
1.912500000000000033e-01 7.281250000000000222e-01 6.625000000000000888e-01 5.750000000000000250e-02 9.825000000000000400e-01 -1.718750000000000000e+00
3.812499999999999778e-01 8.531250000000000222e-01 8.425000000000000266e-01 3.749999999999999861e-02 8.824999999999999512e-01 -9.687500000000000000e-01
4.762500000000000067e-01 6.656250000000000222e-01 7.525000000000000577e-01 6.750000000000000444e-02 9.324999999999999956e-01 -1.343750000000000000e+00
2.862500000000000044e-01 7.906250000000000222e-01 5.725000000000000089e-01 4.750000000000000056e-02 1.032499999999999973e+00 -5.937500000000000000e-01
2.387499999999999900e-01 6.968750000000000222e-01 8.874999999999999556e-01 5.250000000000000500e-02 9.575000000000000178e-01 -7.812500000000000000e-01
4.287500000000000200e-01 8.218750000000000222e-01 7.075000000000000178e-01 3.250000000000000111e-02 1.057500000000000107e+00 -1.531250000000000000e+00
3.337499999999999911e-01 7.593750000000000222e-01 6.175000000000000488e-01 6.250000000000000000e-02 1.007500000000000062e+00 -1.156250000000000000e+00
1.437499999999999889e-01 8.843750000000000222e-01 7.975000000000000977e-01 4.250000000000000305e-02 9.074999999999999734e-01 -1.906250000000000000e+00
1.556250000000000133e-01 7.671875000000000222e-01 8.537500000000000089e-01 4.624999999999999944e-02 9.262500000000000178e-01 -1.484375000000000000e+00
3.456249999999999600e-01 8.921875000000000222e-01 6.737500000000000711e-01 6.625000000000000333e-02 1.026250000000000107e+00 -7.343750000000000000e-01
4.406249999999999889e-01 7.046875000000000222e-01 5.837499999999999911e-01 3.624999999999999750e-02 9.762500000000000622e-01 -1.859375000000000000e+00
2.506249999999999867e-01 8.296875000000000222e-01 7.637500000000000400e-01 5.625000000000000833e-02 8.762499999999999734e-01 -1.109375000000000000e+00
2.981249999999999734e-01 6.734375000000000222e-01 7.187500000000000000e-01 4.125000000000000194e-02 1.001249999999999973e+00 -9.218750000000000000e-01
4.881249999999999756e-01 7.984375000000000222e-01 8.987500000000000488e-01 6.125000000000000583e-02 9.012499999999999956e-01 -1.671875000000000000e+00
3.931250000000000022e-01 7.359375000000000222e-01 8.087500000000000799e-01 3.125000000000000000e-02 9.512500000000000400e-01 -5.468750000000000000e-01
2.031250000000000000e-01 8.609375000000000222e-01 6.287500000000000311e-01 5.125000000000000389e-02 1.051250000000000018e+00 -1.296875000000000000e+00
1.793750000000000067e-01 6.890625000000000222e-01 7.412500000000000755e-01 6.375000000000000111e-02 1.038750000000000062e+00 -1.390625000000000000e+00
3.693750000000000089e-01 8.140625000000000222e-01 5.612500000000000266e-01 4.374999999999999722e-02 9.387499999999999734e-01 -6.406250000000000000e-01
4.643749999999999822e-01 7.515625000000000222e-01 6.512499999999999956e-01 5.375000000000000611e-02 8.887500000000000400e-01 -1.765625000000000000e+00
2.743750000000000355e-01 8.765625000000000222e-01 8.312500000000000444e-01 3.375000000000000222e-02 9.887500000000000178e-01 -1.015625000000000000e+00
2.268749999999999933e-01 7.203125000000000222e-01 6.062500000000000666e-01 6.875000000000000555e-02 9.137500000000000622e-01 -1.203125000000000000e+00
4.168749999999999956e-01 8.453125000000000222e-01 7.862500000000000044e-01 4.875000000000000167e-02 1.013749999999999929e+00 -1.953125000000000000e+00
3.218750000000000222e-01 6.578125000000000222e-01 8.762499999999999734e-01 5.875000000000000361e-02 1.063749999999999973e+00 -8.281250000000000000e-01
1.318749999999999922e-01 7.828125000000000222e-01 6.962500000000000355e-01 3.874999999999999972e-02 9.637499999999999956e-01 -1.578125000000000000e+00
1.378125000000000044e-01 7.164062500000000222e-01 7.693750000000000311e-01 5.312500000000000555e-02 1.010625000000000107e+00 -1.039062500000000000e+00
3.278125000000000067e-01 8.414062500000000222e-01 5.893750000000000933e-01 3.312500000000000167e-02 9.106250000000000178e-01 -1.789062500000000000e+00
4.228124999999999800e-01 6.539062500000000222e-01 6.793750000000000622e-01 6.312500000000001443e-02 9.606250000000000622e-01 -6.640625000000000000e-01
2.328124999999999778e-01 7.789062500000000222e-01 8.593750000000000000e-01 4.312500000000000361e-02 1.060625000000000151e+00 -1.414062500000000000e+00
2.803124999999999645e-01 6.851562500000000222e-01 6.343750000000000222e-01 5.812500000000000305e-02 9.356250000000000400e-01 -1.601562500000000000e+00
4.703125000000000222e-01 8.101562500000000222e-01 8.143750000000000711e-01 3.812499999999999917e-02 1.035625000000000018e+00 -8.515625000000000000e-01
3.753124999999999933e-01 7.476562500000000222e-01 9.043750000000000400e-01 6.812500000000000500e-02 9.856249999999999734e-01 -1.976562500000000000e+00
1.853124999999999911e-01 8.726562500000000222e-01 7.243749999999999911e-01 4.812500000000000111e-02 8.856249999999999956e-01 -1.226562500000000000e+00
2.090624999999999845e-01 6.695312500000000222e-01 8.368750000000000355e-01 3.562500000000000389e-02 8.981250000000000622e-01 -1.132812500000000000e+00
3.990624999999999867e-01 7.945312500000000222e-01 6.568750000000000977e-01 5.562500000000000777e-02 9.981250000000000400e-01 -1.882812500000000000e+00
4.940625000000000155e-01 7.320312500000000222e-01 5.668750000000000178e-01 4.562499999999999889e-02 1.048124999999999973e+00 -7.578125000000000000e-01
3.040625000000000133e-01 8.570312500000000222e-01 7.468750000000000666e-01 6.562500000000000278e-02 9.481249999999999956e-01 -1.507812500000000000e+00
2.565625000000000266e-01 7.632812500000000222e-01 7.018750000000000266e-01 3.062499999999999944e-02 1.023125000000000062e+00 -1.320312500000000000e+00
4.465624999999999734e-01 8.882812500000000222e-01 8.818749999999999645e-01 5.062500000000000333e-02 9.231249999999999734e-01 -5.703125000000000000e-01
3.515625000000000000e-01 7.007812500000000222e-01 7.918749999999999956e-01 4.062500000000000139e-02 8.731250000000000400e-01 -1.695312500000000000e+00
1.615624999999999978e-01 8.257812500000000222e-01 6.118750000000000577e-01 6.062500000000000527e-02 9.731250000000000178e-01 -9.453125000000000000e-01
1.496875000000000011e-01 7.085937500000000222e-01 6.456250000000000044e-01 6.937500000000000611e-02 1.066875000000000018e+00 -5.234375000000000000e-01
3.396875000000000311e-01 8.335937500000000222e-01 8.256250000000000533e-01 4.937500000000000222e-02 9.668750000000000400e-01 -1.273437500000000000e+00
4.346875000000000044e-01 7.710937500000000222e-01 7.356249999999999734e-01 5.937500000000000416e-02 9.168749999999999956e-01 -8.984375000000000000e-01
2.446875000000000022e-01 8.960937500000000222e-01 5.556250000000000355e-01 3.937500000000000028e-02 1.016874999999999973e+00 -1.648437500000000000e+00
2.921874999999999889e-01 7.398437500000000222e-01 8.706249999999999822e-01 6.437500000000001554e-02 8.918749999999999734e-01 -1.835937500000000000e+00
4.821874999999999911e-01 8.648437500000000222e-01 6.906250000000000444e-01 4.437499999999999778e-02 9.918750000000000622e-01 -1.085937500000000000e+00
3.871875000000000178e-01 6.773437500000000222e-01 6.006250000000000755e-01 5.437500000000000666e-02 1.041875000000000107e+00 -1.460937500000000000e+00
1.971875000000000155e-01 8.023437500000000222e-01 7.806250000000000133e-01 3.437500000000000278e-02 9.418750000000000178e-01 -7.109375000000000000e-01
1.734374999999999944e-01 7.554687500000000222e-01 5.781250000000000000e-01 4.187500000000000250e-02 9.543749999999999734e-01 -8.046875000000000000e-01
3.634374999999999689e-01 8.804687500000000222e-01 7.581250000000000488e-01 6.187500000000000638e-02 1.054375000000000062e+00 -1.554687500000000000e+00
4.584374999999999978e-01 6.929687500000000222e-01 8.481250000000000178e-01 3.187500000000000056e-02 1.004375000000000018e+00 -1.179687500000000000e+00
2.684374999999999956e-01 8.179687500000000222e-01 6.681250000000000799e-01 5.187500000000000444e-02 9.043750000000000400e-01 -1.929687500000000000e+00
2.209375000000000089e-01 6.617187500000000222e-01 8.031250000000000888e-01 4.687500000000000000e-02 9.793749999999999956e-01 -1.742187500000000000e+00
4.109375000000000111e-01 7.867187500000000222e-01 6.231250000000000400e-01 6.687500000000000389e-02 8.793750000000000178e-01 -9.921875000000000000e-01
3.159374999999999822e-01 7.242187500000000222e-01 7.131250000000000089e-01 3.687499999999999806e-02 9.293750000000000622e-01 -1.367187500000000000e+00
1.259375000000000078e-01 8.492187500000000222e-01 8.931250000000000577e-01 5.687500000000000888e-02 1.029374999999999929e+00 -6.171875000000000000e-01
1.289062500000000000e-01 7.496093750000000222e-01 7.103125000000000133e-01 6.218750000000000666e-02 9.121875000000000400e-01 -6.992187500000000000e-01
3.189062500000000022e-01 8.746093750000000222e-01 8.903125000000000622e-01 4.218750000000000278e-02 1.012187500000000018e+00 -1.449218750000000000e+00
4.139062499999999756e-01 6.871093750000000222e-01 8.003124999999999822e-01 5.218750000000000472e-02 1.062187500000000062e+00 -1.074218750000000000e+00
2.239062500000000011e-01 8.121093750000000222e-01 6.203125000000000444e-01 3.218750000000000083e-02 9.621874999999999734e-01 -1.824218750000000000e+00
2.714062499999999600e-01 6.558593750000000222e-01 8.453125000000000222e-01 6.718750000000001110e-02 1.037187499999999929e+00 -1.636718750000000000e+00
4.614062500000000178e-01 7.808593750000000222e-01 6.653125000000000844e-01 4.718750000000000722e-02 9.371875000000000622e-01 -8.867187500000000000e-01
3.664062499999999889e-01 7.183593750000000222e-01 5.753125000000000044e-01 5.718750000000000222e-02 8.871875000000000178e-01 -1.261718750000000000e+00
1.764062499999999867e-01 8.433593750000000222e-01 7.553125000000000533e-01 3.718749999999999833e-02 9.871874999999999956e-01 -5.117187500000000000e-01
2.001562499999999800e-01 7.027343750000000222e-01 5.978125000000000799e-01 4.968750000000000250e-02 9.996875000000000622e-01 -6.054687500000000000e-01
3.901562499999999822e-01 8.277343750000000222e-01 7.778125000000000178e-01 6.968750000000001332e-02 8.996874999999999734e-01 -1.355468750000000000e+00
4.851562500000000111e-01 7.652343750000000222e-01 8.678125000000000977e-01 3.968750000000000056e-02 9.496875000000000178e-01 -9.804687500000000000e-01
2.951562500000000089e-01 8.902343750000000222e-01 6.878125000000000488e-01 5.968750000000000444e-02 1.049687500000000107e+00 -1.730468750000000000e+00
2.476562499999999944e-01 7.339843750000000222e-01 7.328125000000000888e-01 4.468750000000000500e-02 9.246874999999999956e-01 -1.917968750000000000e+00
4.376562500000000244e-01 8.589843750000000222e-01 5.528125000000000400e-01 6.468750000000000888e-02 1.024687499999999973e+00 -1.167968750000000000e+00
3.426562499999999956e-01 6.714843750000000222e-01 6.428125000000000089e-01 3.468749999999999611e-02 9.746875000000000400e-01 -1.542968750000000000e+00
1.526562499999999933e-01 7.964843750000000222e-01 8.228125000000000577e-01 5.468750000000000000e-02 8.746874999999999512e-01 -7.929687500000000000e-01
1.645312499999999900e-01 6.792968750000000222e-01 7.890625000000000000e-01 5.593750000000000111e-02 9.684375000000000622e-01 -1.214843750000000000e+00
3.545312499999999645e-01 8.042968750000000222e-01 6.090625000000000622e-01 3.593749999999999722e-02 1.068437500000000151e+00 -1.964843750000000000e+00
4.495312499999999933e-01 7.417968750000000222e-01 6.990625000000000311e-01 6.593750000000000999e-02 1.018437500000000107e+00 -8.398437500000000000e-01
2.595312499999999911e-01 8.667968750000000222e-01 8.790625000000000799e-01 4.593750000000000611e-02 9.184375000000000178e-01 -1.589843750000000000e+00
3.070312499999999778e-01 7.730468750000000222e-01 5.640625000000000222e-01 5.093750000000000361e-02 9.934375000000000844e-01 -1.402343750000000000e+00
4.970312499999999800e-01 8.980468750000000222e-01 7.440625000000000711e-01 3.093749999999999972e-02 8.934374999999999956e-01 -6.523437500000000000e-01
4.020312500000000067e-01 7.105468750000000222e-01 8.340625000000000400e-01 6.093750000000000555e-02 9.434375000000000400e-01 -1.777343750000000000e+00
2.120312500000000044e-01 8.355468750000000222e-01 6.540624999999999911e-01 4.093750000000000167e-02 1.043437500000000018e+00 -1.027343750000000000e+00
1.882812500000000111e-01 7.261718750000000222e-01 9.015625000000000444e-01 3.343750000000000194e-02 1.055937499999999973e+00 -9.335937500000000000e-01
3.782812500000000133e-01 8.511718750000000222e-01 7.215625000000001066e-01 5.343749999999999889e-02 9.559374999999999956e-01 -1.683593750000000000e+00
4.732812499999999867e-01 6.636718750000000222e-01 6.315625000000000266e-01 4.343750000000000389e-02 9.059375000000000622e-01 -5.585937500000000000e-01
2.832812499999999845e-01 7.886718750000000222e-01 8.115624999999999645e-01 6.343750000000000777e-02 1.005937499999999929e+00 -1.308593750000000000e+00
2.357812499999999978e-01 6.949218750000000222e-01 6.765625000000000666e-01 3.843749999999999944e-02 8.809375000000000400e-01 -1.496093750000000000e+00
4.257812500000000000e-01 8.199218750000000222e-01 8.565625000000001155e-01 5.843750000000000333e-02 9.809375000000000178e-01 -7.460937500000000000e-01
3.307812500000000266e-01 7.574218750000000222e-01 7.665625000000000355e-01 4.843750000000000139e-02 1.030937500000000062e+00 -1.871093750000000000e+00
1.407812499999999967e-01 8.824218750000000222e-01 5.865625000000000977e-01 6.843750000000001221e-02 9.309374999999999734e-01 -1.121093750000000000e+00
1.348437499999999845e-01 6.832031250000000222e-01 8.846875000000000711e-01 4.406250000000000444e-02 9.715624999999999956e-01 -1.285156250000000000e+00
3.248437499999999867e-01 8.082031250000000222e-01 7.046875000000000222e-01 6.406250000000000833e-02 8.715625000000000178e-01 -5.351562500000000000e-01
4.198437500000000155e-01 7.457031250000000222e-01 6.146875000000000533e-01 3.406250000000000250e-02 9.215625000000000622e-01 -1.660156250000000000e+00
2.298437500000000133e-01 8.707031250000000222e-01 7.946874999999999911e-01 5.406249999999999944e-02 1.021562499999999929e+00 -9.101562500000000000e-01
2.773437500000000000e-01 7.144531250000000222e-01 6.596874999999999822e-01 4.906250000000000194e-02 9.465624999999999734e-01 -1.097656250000000000e+00
4.673437500000000022e-01 8.394531250000000222e-01 8.396875000000000311e-01 6.906249999999999889e-02 1.046562500000000062e+00 -1.847656250000000000e+00
3.723437499999999734e-01 6.519531250000000222e-01 7.496875000000000622e-01 3.906250000000000000e-02 9.965625000000000178e-01 -7.226562500000000000e-01
1.823437499999999989e-01 7.769531250000000222e-01 5.696875000000000133e-01 5.906250000000000389e-02 8.965625000000000400e-01 -1.472656250000000000e+00
2.060937499999999922e-01 7.613281250000000222e-01 8.171874999999999556e-01 6.656249999999999667e-02 8.840624999999999734e-01 -1.566406250000000000e+00
3.960937500000000222e-01 8.863281250000000222e-01 6.371875000000000178e-01 4.656250000000000666e-02 9.840625000000000622e-01 -8.164062500000000000e-01
4.910937499999999956e-01 6.988281250000000222e-01 7.271875000000000977e-01 5.656250000000000167e-02 1.034062500000000107e+00 -1.941406250000000000e+00
3.010937499999999933e-01 8.238281250000000222e-01 9.071875000000000355e-01 3.656249999999999778e-02 9.340625000000000178e-01 -1.191406250000000000e+00
2.535937500000000067e-01 6.675781250000000222e-01 5.921875000000000888e-01 6.156250000000000611e-02 1.059062500000000018e+00 -1.003906250000000000e+00
4.435937500000000089e-01 7.925781250000000222e-01 7.721875000000000266e-01 4.156250000000000222e-02 9.590625000000000400e-01 -1.753906250000000000e+00
3.485937500000000355e-01 7.300781250000000222e-01 8.621875000000001066e-01 5.156250000000000416e-02 9.090624999999999956e-01 -6.289062500000000000e-01
1.585937500000000056e-01 8.550781250000000222e-01 6.821875000000000577e-01 3.156250000000000028e-02 1.009062499999999973e+00 -1.378906250000000000e+00
1.467187500000000089e-01 7.378906250000000222e-01 6.259375000000000355e-01 3.781249999999999889e-02 1.027812500000000018e+00 -1.800781250000000000e+00
3.367187500000000111e-01 8.628906250000000222e-01 8.059374999999999734e-01 5.781250000000000278e-02 9.278125000000000400e-01 -1.050781250000000000e+00
4.317187499999999845e-01 6.753906250000000222e-01 8.959375000000000533e-01 4.781250000000000083e-02 8.778124999999999956e-01 -1.425781250000000000e+00
2.417187499999999822e-01 8.003906250000000222e-01 7.159375000000000044e-01 6.781249999999999778e-02 9.778124999999999734e-01 -6.757812500000000000e-01
2.892187499999999689e-01 7.066406250000000222e-01 7.609375000000000444e-01 3.281250000000000139e-02 9.028125000000000178e-01 -8.632812500000000000e-01
4.792187500000000266e-01 8.316406250000000222e-01 5.809374999999999956e-01 5.281249999999999833e-02 1.002812500000000107e+00 -1.613281250000000000e+00
3.842187499999999978e-01 7.691406250000000222e-01 6.709375000000000755e-01 4.281250000000000333e-02 1.052812500000000151e+00 -1.238281250000000000e+00
1.942187499999999956e-01 8.941406250000000222e-01 8.509375000000000133e-01 6.281250000000000722e-02 9.528125000000000622e-01 -1.988281250000000000e+00
1.704687500000000022e-01 6.597656250000000222e-01 6.934375000000000400e-01 5.031250000000000305e-02 9.403124999999999956e-01 -1.894531250000000000e+00
3.604687500000000044e-01 7.847656250000000222e-01 8.734375000000000888e-01 3.031249999999999917e-02 1.040312499999999973e+00 -1.144531250000000000e+00
4.554687499999999778e-01 7.222656250000000222e-01 7.834375000000000089e-01 6.031250000000000500e-02 9.903125000000000400e-01 -1.519531250000000000e+00
2.654687500000000311e-01 8.472656250000000222e-01 6.034375000000000711e-01 4.031250000000000111e-02 8.903124999999999512e-01 -7.695312500000000000e-01
2.179687499999999889e-01 7.535156250000000222e-01 8.284375000000000488e-01 5.531250000000000056e-02 1.015312500000000062e+00 -5.820312500000000000e-01
4.079687499999999911e-01 8.785156250000000222e-01 6.484375000000000000e-01 3.531249999999999667e-02 9.153124999999999734e-01 -1.332031250000000000e+00
3.129687500000000178e-01 6.910156250000000222e-01 5.584375000000000311e-01 6.531249999999999556e-02 9.653125000000000178e-01 -9.570312500000000000e-01
1.229687500000000017e-01 8.160156250000000222e-01 7.384375000000000799e-01 4.531250000000000555e-02 1.065312500000000107e+00 -1.707031250000000000e+00
1.244531249999999978e-01 7.330078125000000222e-01 8.326562500000000977e-01 6.765625000000000111e-02 9.629687500000000400e-01 -1.373046875000000000e+00
3.144531250000000000e-01 8.580078125000000222e-01 6.526562500000000488e-01 4.765624999999999722e-02 1.062968750000000018e+00 -6.230468750000000000e-01
4.094531249999999734e-01 6.705078125000000222e-01 5.626562500000000799e-01 5.765625000000000611e-02 1.012968749999999973e+00 -1.748046875000000000e+00
2.194531249999999989e-01 7.955078125000000222e-01 7.426562500000000178e-01 3.765625000000000222e-02 9.129687499999999956e-01 -9.980468750000000000e-01
2.669531250000000133e-01 7.017578125000000222e-01 6.976562500000000888e-01 6.265624999999999667e-02 9.879687500000000622e-01 -1.185546875000000000e+00
4.569531250000000155e-01 8.267578125000000222e-01 8.776562500000000266e-01 4.265624999999999972e-02 8.879687499999999734e-01 -1.935546875000000000e+00
3.619531249999999867e-01 7.642578125000000222e-01 7.876562500000000577e-01 5.265625000000000167e-02 9.379687500000000178e-01 -8.105468750000000000e-01
1.719531249999999845e-01 8.892578125000000222e-01 6.076562500000000089e-01 3.265624999999999778e-02 1.037968750000000107e+00 -1.560546875000000000e+00
1.957031249999999778e-01 6.548828125000000222e-01 7.651562499999999822e-01 4.015625000000000444e-02 1.050468750000000062e+00 -1.466796875000000000e+00
3.857031249999999800e-01 7.798828125000000222e-01 5.851562500000000444e-01 6.015625000000000833e-02 9.504687499999999734e-01 -7.167968750000000000e-01
4.807031250000000089e-01 7.173828125000000222e-01 6.751562500000000133e-01 3.015624999999999903e-02 9.004687500000000400e-01 -1.841796875000000000e+00
2.907031250000000067e-01 8.423828125000000222e-01 8.551562500000000622e-01 5.015624999999999944e-02 1.000468750000000018e+00 -1.091796875000000000e+00
2.432031249999999922e-01 7.486328125000000222e-01 6.301562500000000844e-01 4.515625000000000194e-02 8.754687500000000178e-01 -9.042968750000000000e-01
4.332031250000000222e-01 8.736328125000000222e-01 8.101562500000000222e-01 6.515624999999999889e-02 9.754687499999999956e-01 -1.654296875000000000e+00
3.382031249999999933e-01 6.861328125000000222e-01 9.001562499999999911e-01 3.515625000000000000e-02 1.025468749999999929e+00 -5.292968750000000000e-01
1.482031249999999911e-01 8.111328125000000222e-01 7.201562500000000533e-01 5.515625000000000389e-02 9.254687500000000622e-01 -1.279296875000000000e+00
1.600781249999999878e-01 6.939453125000000222e-01 5.739062500000000622e-01 5.390625000000000278e-02 9.192187499999999734e-01 -1.701171875000000000e+00
3.500781250000000178e-01 8.189453125000000222e-01 7.539062500000000000e-01 3.390624999999999889e-02 1.019218750000000062e+00 -9.511718750000000000e-01
4.450781249999999911e-01 7.564453125000000222e-01 8.439062500000000799e-01 6.390624999999999778e-02 1.069218750000000107e+00 -1.326171875000000000e+00
2.550781249999999889e-01 8.814453125000000222e-01 6.639062500000000311e-01 4.390625000000000083e-02 9.692187500000000178e-01 -5.761718750000000000e-01
3.025781250000000311e-01 7.251953125000000222e-01 7.989062500000000400e-01 5.890625000000000722e-02 1.044218749999999973e+00 -7.636718750000000000e-01
4.925781249999999778e-01 8.501953125000000222e-01 6.189062499999999911e-01 3.890625000000000333e-02 9.442187499999999956e-01 -1.513671875000000000e+00
3.975781250000000044e-01 6.626953125000000222e-01 7.089062500000000711e-01 6.890625000000000222e-02 8.942187499999999512e-01 -1.138671875000000000e+00
2.075781250000000022e-01 7.876953125000000222e-01 8.889062500000000089e-01 4.890624999999999833e-02 9.942187500000000400e-01 -1.888671875000000000e+00
1.838281250000000089e-01 7.720703125000000222e-01 6.414062500000000666e-01 3.640625000000000111e-02 1.006718750000000107e+00 -1.982421875000000000e+00
3.738281250000000111e-01 8.970703125000000222e-01 8.214062500000001155e-01 5.640625000000000500e-02 9.067187500000000178e-01 -1.232421875000000000e+00
4.688281249999999845e-01 7.095703125000000222e-01 7.314062500000000355e-01 4.640625000000000305e-02 9.567187500000000622e-01 -1.607421875000000000e+00
2.788281249999999822e-01 8.345703125000000222e-01 5.514062500000000977e-01 6.640625000000000000e-02 1.056718750000000151e+00 -8.574218750000000000e-01
2.313281249999999956e-01 6.783203125000000222e-01 8.664062500000000444e-01 3.140624999999999667e-02 9.317187500000000400e-01 -6.699218750000000000e-01
4.213281249999999978e-01 8.033203125000000222e-01 6.864062500000001066e-01 5.140625000000000056e-02 1.031718750000000018e+00 -1.419921875000000000e+00
3.263281249999999689e-01 7.408203125000000222e-01 5.964062500000000266e-01 4.140624999999999861e-02 9.817187499999999734e-01 -1.044921875000000000e+00
1.363281249999999944e-01 8.658203125000000222e-01 7.764062500000000755e-01 6.140625000000000250e-02 8.817187499999999956e-01 -1.794921875000000000e+00
1.422656250000000067e-01 6.666015625000000222e-01 6.695312500000000222e-01 4.578125000000000250e-02 1.022343750000000107e+00 -7.871093750000000000e-01
3.322656250000000089e-01 7.916015625000000222e-01 8.495312500000000711e-01 6.578125000000001332e-02 9.223437500000000178e-01 -1.537109375000000000e+00
4.272656249999999822e-01 7.291015625000000222e-01 7.595312499999999911e-01 3.578125000000000056e-02 8.723437499999999734e-01 -1.162109375000000000e+00
2.372656249999999800e-01 8.541015625000000222e-01 5.795312500000000533e-01 5.578125000000000444e-02 9.723437500000000622e-01 -1.912109375000000000e+00
2.847656250000000222e-01 7.603515625000000222e-01 8.945312500000000000e-01 4.078125000000000500e-02 8.973437499999999956e-01 -1.724609375000000000e+00
4.747656250000000244e-01 8.853515625000000222e-01 7.145312500000000622e-01 6.078125000000000888e-02 9.973437499999999734e-01 -9.746093750000000000e-01
3.797656249999999956e-01 6.978515625000000222e-01 6.245312499999999822e-01 3.078124999999999958e-02 1.047343750000000018e+00 -1.349609375000000000e+00
1.897656249999999933e-01 8.228515625000000222e-01 8.045312500000000311e-01 5.078125000000000000e-02 9.473437500000000400e-01 -5.996093750000000000e-01
2.135156249999999867e-01 7.134765625000000222e-01 5.570312500000000888e-01 6.328125000000001110e-02 9.348437499999999734e-01 -5.058593750000000000e-01
4.035156249999999889e-01 8.384765625000000222e-01 7.370312500000000266e-01 4.328125000000000028e-02 1.034843750000000062e+00 -1.255859375000000000e+00
4.985156250000000178e-01 6.509765625000000222e-01 8.270312500000001066e-01 5.328125000000000222e-02 9.848437500000000178e-01 -8.808593750000000000e-01
3.085156249999999600e-01 7.759765625000000222e-01 6.470312500000000577e-01 3.328124999999999833e-02 8.848437500000000400e-01 -1.630859375000000000e+00
2.610156249999999734e-01 6.822265625000000222e-01 7.820312500000000666e-01 6.828125000000001554e-02 1.009843749999999929e+00 -1.818359375000000000e+00
4.510156249999999756e-01 8.072265625000000222e-01 6.020312500000000178e-01 4.828124999999999778e-02 9.098437500000000622e-01 -1.068359375000000000e+00
3.560156250000000022e-01 7.447265625000000222e-01 6.920312500000000977e-01 5.828125000000000666e-02 9.598437499999999956e-01 -1.443359375000000000e+00
1.660156250000000000e-01 8.697265625000000222e-01 8.720312500000000355e-01 3.828125000000000278e-02 1.059843749999999973e+00 -6.933593750000000000e-01
1.541406250000000033e-01 7.525390625000000222e-01 7.482812500000000089e-01 3.203124999999999722e-02 9.785937500000000400e-01 -1.115234375000000000e+00
3.441406249999999778e-01 8.775390625000000222e-01 5.682812500000000711e-01 5.203125000000000111e-02 8.785937499999999512e-01 -1.865234375000000000e+00
4.391406250000000067e-01 6.900390625000000222e-01 6.582812500000000400e-01 4.203124999999999917e-02 9.285937499999999956e-01 -7.402343750000000000e-01
2.491406250000000044e-01 8.150390625000000222e-01 8.382812500000000888e-01 6.203125000000000305e-02 1.028593749999999973e+00 -1.490234375000000000e+00
2.966406249999999911e-01 6.587890625000000222e-01 6.132812500000000000e-01 3.703125000000000167e-02 9.535937500000000178e-01 -1.302734375000000000e+00
4.866406249999999933e-01 7.837890625000000222e-01 7.932812500000000488e-01 5.703125000000000555e-02 1.053593750000000107e+00 -5.527343750000000000e-01
3.916406250000000200e-01 7.212890625000000222e-01 8.832812500000000178e-01 4.703125000000000361e-02 1.003593750000000062e+00 -1.677734375000000000e+00
2.016406249999999900e-01 8.462890625000000222e-01 7.032812500000000799e-01 6.703125000000001443e-02 9.035937499999999734e-01 -9.277343750000000000e-01
1.778906249999999967e-01 7.056640625000000222e-01 8.607812500000000533e-01 5.953125000000000777e-02 8.910937500000000178e-01 -1.021484375000000000e+00
3.678906250000000266e-01 8.306640625000000222e-01 6.807812500000000044e-01 3.953125000000000389e-02 9.910937499999999956e-01 -1.771484375000000000e+00
4.628906250000000000e-01 7.681640625000000222e-01 5.907812500000000355e-01 6.953125000000001665e-02 1.041093749999999929e+00 -6.464843750000000000e-01
2.728906249999999978e-01 8.931640625000000222e-01 7.707812499999999734e-01 4.953124999999999889e-02 9.410937500000000622e-01 -1.396484375000000000e+00
2.253906250000000111e-01 7.369140625000000222e-01 7.257812500000000444e-01 5.453125000000000333e-02 1.066093750000000062e+00 -1.583984375000000000e+00
4.153906250000000133e-01 8.619140625000000222e-01 9.057812499999999822e-01 3.453124999999999944e-02 9.660937499999999734e-01 -8.339843750000000000e-01
3.203906249999999845e-01 6.744140625000000222e-01 8.157812500000000133e-01 6.453125000000001221e-02 9.160937500000000400e-01 -1.958984375000000000e+00
1.303906249999999822e-01 7.994140625000000222e-01 6.357812500000000755e-01 4.453125000000000139e-02 1.016093750000000018e+00 -1.208984375000000000e+00
1.274218749999999900e-01 6.998046875000000222e-01 8.129687500000000178e-01 3.984374999999999722e-02 9.207812499999999956e-01 -9.394531250000000000e-01
3.174218749999999645e-01 8.248046875000000222e-01 6.329687500000000799e-01 5.984375000000000111e-02 1.020781249999999973e+00 -1.689453125000000000e+00
4.124218749999999933e-01 7.623046875000000222e-01 7.229687500000000488e-01 4.984375000000000611e-02 9.707812500000000400e-01 -5.644531250000000000e-01
2.224218749999999911e-01 8.873046875000000222e-01 9.029687500000000977e-01 6.984375000000000999e-02 8.707812499999999512e-01 -1.314453125000000000e+00
2.699218749999999778e-01 7.310546875000000222e-01 5.879687500000000400e-01 3.484374999999999972e-02 9.957812500000000622e-01 -1.501953125000000000e+00
4.599218749999999800e-01 8.560546875000000222e-01 7.679687500000000888e-01 5.484375000000000361e-02 8.957812499999999734e-01 -7.519531250000000000e-01
3.649218750000000067e-01 6.685546875000000222e-01 8.579687500000000577e-01 4.484375000000000167e-02 9.457812500000000178e-01 -1.876953125000000000e+00
1.749218750000000044e-01 7.935546875000000222e-01 6.779687500000000089e-01 6.484375000000000555e-02 1.045781250000000107e+00 -1.126953125000000000e+00
1.986718749999999978e-01 7.466796875000000222e-01 8.804687500000000222e-01 5.234375000000000833e-02 1.033281249999999929e+00 -1.220703125000000000e+00
3.886718750000000000e-01 8.716796875000000222e-01 7.004687499999999734e-01 3.234374999999999750e-02 9.332812500000000622e-01 -1.970703125000000000e+00
4.836718749999999734e-01 6.841796875000000222e-01 6.104687500000000044e-01 6.234375000000000333e-02 8.832812500000000178e-01 -8.457031250000000000e-01
2.936718750000000266e-01 8.091796875000000222e-01 7.904687500000000533e-01 4.234374999999999944e-02 9.832812499999999956e-01 -1.595703125000000000e+00
2.461718749999999845e-01 6.529296875000000222e-01 6.554687500000000444e-01 5.734375000000000583e-02 9.082812500000000400e-01 -1.408203125000000000e+00
4.361718749999999867e-01 7.779296875000000222e-01 8.354687499999999822e-01 3.734375000000000194e-02 1.008281250000000018e+00 -6.582031250000000000e-01
3.411718750000000133e-01 7.154296875000000222e-01 7.454687500000000133e-01 6.734375000000000777e-02 1.058281250000000062e+00 -1.783203125000000000e+00
1.511718750000000111e-01 8.404296875000000222e-01 5.654687500000000755e-01 4.734375000000000389e-02 9.582812499999999734e-01 -1.033203125000000000e+00
1.630468749999999800e-01 7.232421875000000222e-01 6.892187499999999911e-01 4.359375000000000056e-02 8.770312500000000400e-01 -6.113281250000000000e-01
3.530468749999999822e-01 8.482421875000000222e-01 8.692187500000000400e-01 6.359375000000000444e-02 9.770312500000000178e-01 -1.361328125000000000e+00
4.480468750000000111e-01 6.607421875000000222e-01 7.792187500000000711e-01 3.359374999999999861e-02 1.027031250000000062e+00 -9.863281250000000000e-01
2.580468750000000089e-01 7.857421875000000222e-01 5.992187500000000222e-01 5.359375000000000250e-02 9.270312499999999734e-01 -1.736328125000000000e+00
3.055468749999999956e-01 6.919921875000000222e-01 8.242187500000000000e-01 4.859375000000000500e-02 1.052031249999999973e+00 -1.923828125000000000e+00
4.955468749999999978e-01 8.169921875000000222e-01 6.442187500000000622e-01 6.859375000000000888e-02 9.520312499999999956e-01 -1.173828125000000000e+00
4.005468750000000244e-01 7.544921875000000222e-01 5.542187500000000933e-01 3.859375000000000305e-02 9.020312500000000622e-01 -1.548828125000000000e+00
2.105468749999999944e-01 8.794921875000000222e-01 7.342187500000000311e-01 5.859375000000000000e-02 1.002031249999999929e+00 -7.988281250000000000e-01
1.867968750000000011e-01 6.763671875000000222e-01 6.217187500000000977e-01 6.609375000000000666e-02 9.895312499999999734e-01 -7.050781250000000000e-01
3.767968749999999756e-01 8.013671875000000222e-01 8.017187500000000355e-01 4.609375000000000278e-02 8.895312499999999956e-01 -1.455078125000000000e+00
4.717968750000000044e-01 7.388671875000000222e-01 8.917187500000000044e-01 5.609375000000000472e-02 9.395312500000000400e-01 -1.080078125000000000e+00
2.817968750000000022e-01 8.638671875000000222e-01 7.117187500000000666e-01 3.609375000000000083e-02 1.039531250000000018e+00 -1.830078125000000000e+00
2.342968750000000155e-01 7.701171875000000222e-01 7.567187499999999956e-01 6.109375000000000222e-02 9.645312500000000622e-01 -1.642578125000000000e+00
4.242968750000000178e-01 8.951171875000000222e-01 5.767187500000000577e-01 4.109374999999999833e-02 1.064531250000000151e+00 -8.925781250000000000e-01
3.292968749999999889e-01 7.076171875000000222e-01 6.667187500000000266e-01 5.109375000000000722e-02 1.014531250000000107e+00 -1.267578125000000000e+00
1.392968749999999867e-01 8.326171875000000222e-01 8.467187499999999645e-01 3.109374999999999986e-02 9.145312500000000178e-01 -5.175781250000000000e-01
1.333593750000000022e-01 7.662109375000000222e-01 6.048437500000000133e-01 5.671875000000000527e-02 1.061406250000000107e+00 -1.900390625000000000e+00
3.233593750000000044e-01 8.912109375000000222e-01 7.848437500000000622e-01 3.671875000000000139e-02 9.614062500000000178e-01 -1.150390625000000000e+00
4.183593749999999778e-01 7.037109375000000222e-01 8.748437500000000311e-01 6.671875000000000722e-02 9.114062499999999734e-01 -1.525390625000000000e+00
2.283593750000000033e-01 8.287109375000000222e-01 6.948437499999999822e-01 4.671875000000000333e-02 1.011406250000000062e+00 -7.753906250000000000e-01
2.758593750000000178e-01 6.724609375000000222e-01 7.398437500000000222e-01 5.171875000000000777e-02 8.864062499999999512e-01 -5.878906250000000000e-01
4.658593750000000200e-01 7.974609375000000222e-01 5.598437500000000844e-01 3.171874999999999695e-02 9.864062500000000400e-01 -1.337890625000000000e+00
3.708593749999999911e-01 7.349609375000000222e-01 6.498437500000000533e-01 6.171875000000000278e-02 1.036406249999999973e+00 -9.628906250000000000e-01
1.808593749999999889e-01 8.599609375000000222e-01 8.298437499999999911e-01 4.171874999999999889e-02 9.364062499999999956e-01 -1.712890625000000000e+00
2.046093749999999822e-01 6.880859375000000222e-01 7.173437500000000577e-01 3.421874999999999917e-02 9.489062500000000622e-01 -1.806640625000000000e+00
3.946093749999999845e-01 8.130859375000000222e-01 8.973437500000001066e-01 5.421875000000000305e-02 1.048906250000000151e+00 -1.056640625000000000e+00
4.896093750000000133e-01 7.505859375000000222e-01 8.073437500000000266e-01 4.421875000000000111e-02 9.989062500000001066e-01 -1.431640625000000000e+00
2.996093750000000111e-01 8.755859375000000222e-01 6.273437500000000888e-01 6.421875000000000500e-02 8.989062500000000178e-01 -6.816406250000000000e-01
2.521093749999999689e-01 7.193359375000000222e-01 8.523437499999999556e-01 3.921874999999999667e-02 9.739062499999999734e-01 -8.691406250000000000e-01
4.421093750000000266e-01 8.443359375000000222e-01 6.723437500000000178e-01 5.921875000000000056e-02 8.739062499999999956e-01 -1.619140625000000000e+00
3.471093749999999978e-01 6.568359375000000222e-01 5.823437500000000488e-01 4.921875000000000555e-02 9.239062500000000400e-01 -1.244140625000000000e+00
1.571093749999999956e-01 7.818359375000000222e-01 7.623437500000000977e-01 6.921875000000000944e-02 1.023906250000000018e+00 -1.994140625000000000e+00
1.452343749999999989e-01 6.646484375000000222e-01 9.085937500000000888e-01 6.046875000000000167e-02 1.017656249999999929e+00 -1.572265625000000000e+00
3.352343749999999734e-01 7.896484375000000222e-01 7.285937500000000400e-01 4.046874999999999778e-02 9.176562500000000622e-01 -8.222656250000000000e-01
4.302343750000000022e-01 7.271484375000000222e-01 6.385937500000000711e-01 5.046875000000000666e-02 9.676562499999999956e-01 -1.947265625000000000e+00
2.402343750000000000e-01 8.521484375000000222e-01 8.185937500000000089e-01 3.046874999999999931e-02 1.067656249999999973e+00 -1.197265625000000000e+00
2.877343749999999867e-01 7.583984375000000222e-01 6.835937500000000000e-01 6.546875000000000611e-02 9.426562499999999734e-01 -1.009765625000000000e+00
4.777343749999999889e-01 8.833984375000000222e-01 8.635937500000000488e-01 4.546875000000000222e-02 1.042656250000000062e+00 -1.759765625000000000e+00
3.827343750000000155e-01 6.958984375000000222e-01 7.735937500000000799e-01 5.546875000000000416e-02 9.926562500000000178e-01 -6.347656250000000000e-01
1.927343750000000133e-01 8.208984375000000222e-01 5.935937500000000311e-01 3.546875000000000028e-02 8.926562500000000400e-01 -1.384765625000000000e+00
1.689843749999999922e-01 7.427734375000000222e-01 7.960937500000000444e-01 4.796875000000000444e-02 9.051562499999999956e-01 -1.291015625000000000e+00
3.589843750000000222e-01 8.677734375000000222e-01 6.160937499999999956e-01 6.796875000000000833e-02 1.005156249999999973e+00 -5.410156250000000000e-01
4.539843749999999956e-01 6.802734375000000222e-01 7.060937500000000755e-01 3.796875000000000250e-02 1.055156250000000018e+00 -1.666015625000000000e+00
2.639843749999999933e-01 8.052734375000000222e-01 8.860937500000000133e-01 5.796874999999999944e-02 9.551562500000000400e-01 -9.160156250000000000e-01
2.164843750000000067e-01 7.115234375000000222e-01 5.710937500000000666e-01 4.296875000000000000e-02 1.030156250000000107e+00 -1.103515625000000000e+00
4.064843750000000089e-01 8.365234375000000222e-01 7.510937500000000044e-01 6.296875000000000389e-02 9.301562500000000178e-01 -1.853515625000000000e+00
3.114843750000000355e-01 7.740234375000000222e-01 8.410937499999999734e-01 3.296874999999999806e-02 8.801562499999999734e-01 -7.285156250000000000e-01
1.214843749999999917e-01 8.990234375000000222e-01 6.610937500000000355e-01 5.296875000000000194e-02 9.801562500000000622e-01 -1.478515625000000000e+00
1.222265624999999967e-01 7.745117187500000222e-01 7.855468750000000888e-01 4.132812500000000028e-02 1.036796875000000062e+00 -5.380859375000000000e-01
3.122265625000000266e-01 8.995117187500000222e-01 6.055468750000000400e-01 6.132812500000000416e-02 9.367968749999999734e-01 -1.288085937500000000e+00
4.072265625000000000e-01 7.120117187500000222e-01 6.955468750000000089e-01 3.132812499999999833e-02 8.867968750000000400e-01 -9.130859375000000000e-01
2.172265624999999978e-01 8.370117187500000222e-01 8.755468750000000577e-01 5.132812500000000222e-02 9.867968750000000178e-01 -1.663085937500000000e+00
2.647265624999999845e-01 6.807617187500000222e-01 5.605468750000000000e-01 4.632812499999999778e-02 9.117968750000000622e-01 -1.850585937500000000e+00
4.547265624999999867e-01 8.057617187500000222e-01 7.405468750000000488e-01 6.632812500000001554e-02 1.011796874999999929e+00 -1.100585937500000000e+00
3.597265625000000133e-01 7.432617187500000222e-01 8.305468750000000178e-01 3.632812500000000278e-02 1.061796874999999973e+00 -1.475585937500000000e+00
1.697265625000000111e-01 8.682617187500000222e-01 6.505468750000000799e-01 5.632812500000000666e-02 9.617968749999999956e-01 -7.255859375000000000e-01
1.934765625000000044e-01 6.963867187500000222e-01 8.980468750000000222e-01 6.882812500000000389e-02 9.242968750000000178e-01 -8.193359375000000000e-01
3.834765625000000067e-01 8.213867187500000222e-01 7.180468749999999734e-01 4.882812500000000000e-02 1.024296875000000107e+00 -1.569335937500000000e+00
4.784765624999999800e-01 7.588867187500000222e-01 6.280468750000000044e-01 5.882812500000000888e-02 9.742968750000000622e-01 -1.194335937500000000e+00
2.884765624999999778e-01 8.838867187500000222e-01 8.080468750000000533e-01 3.882812499999999806e-02 8.742968749999999734e-01 -1.944335937500000000e+00
2.409765624999999911e-01 7.276367187500000222e-01 6.730468750000000444e-01 6.382812500000001332e-02 9.992968749999999734e-01 -1.756835937500000000e+00
4.309765624999999933e-01 8.526367187500000222e-01 8.530468749999999822e-01 4.382812500000000250e-02 8.992968749999999956e-01 -1.006835937500000000e+00
3.359765624999999645e-01 6.651367187500000222e-01 7.630468750000000133e-01 5.382812500000000444e-02 9.492968750000000400e-01 -1.381835937500000000e+00
1.459765624999999900e-01 7.901367187500000222e-01 5.830468750000000755e-01 3.382812500000000056e-02 1.049296875000000018e+00 -6.318359375000000000e-01
1.578515624999999867e-01 6.573242187500000222e-01 7.292968750000000666e-01 3.507812500000000167e-02 9.930468749999999956e-01 -1.053710937500000000e+00
3.478515624999999889e-01 7.823242187500000222e-01 9.092968750000000044e-01 5.507812500000000555e-02 8.930468750000000178e-01 -1.803710937500000000e+00
4.428515625000000178e-01 7.198242187500000222e-01 8.192968750000000355e-01 4.507812500000000361e-02 9.430468750000000622e-01 -6.787109375000000000e-01
2.528515624999999600e-01 8.448242187500000222e-01 6.392968750000000977e-01 6.507812500000001443e-02 1.043046874999999929e+00 -1.428710937500000000e+00
3.003515625000000022e-01 7.510742187500000222e-01 8.642968749999999645e-01 3.007812499999999722e-02 9.680468749999999734e-01 -1.616210937500000000e+00
4.903515625000000044e-01 8.760742187500000222e-01 6.842968750000000266e-01 5.007812500000000111e-02 1.068046875000000062e+00 -8.662109375000000000e-01
3.953515624999999756e-01 6.885742187500000222e-01 5.942968750000000577e-01 4.007812499999999917e-02 1.018046875000000018e+00 -1.991210937500000000e+00
2.053515625000000011e-01 8.135742187500000222e-01 7.742968749999999956e-01 6.007812500000000305e-02 9.180468750000000400e-01 -1.241210937500000000e+00
1.816015624999999800e-01 7.354492187500000222e-01 6.167968750000000222e-01 5.257812500000000333e-02 8.805468749999999512e-01 -1.147460937500000000e+00
3.716015624999999822e-01 8.604492187500000222e-01 7.967968750000000711e-01 3.257812499999999944e-02 9.805468750000000400e-01 -1.897460937500000000e+00
4.666015625000000111e-01 6.729492187500000222e-01 8.867968750000000400e-01 6.257812500000001221e-02 1.030546874999999973e+00 -7.724609375000000000e-01
2.766015625000000089e-01 7.979492187500000222e-01 7.067968749999999911e-01 4.257812500000000139e-02 9.305468749999999956e-01 -1.522460937500000000e+00
2.291015624999999944e-01 7.041992187500000222e-01 7.517968750000000311e-01 5.757812500000000777e-02 1.055546875000000107e+00 -1.334960937500000000e+00
4.191015625000000244e-01 8.291992187500000222e-01 5.717968750000000933e-01 3.757812500000000389e-02 9.555468750000000178e-01 -5.849609375000000000e-01
3.241015624999999956e-01 7.666992187500000222e-01 6.617968750000000622e-01 6.757812500000000278e-02 9.055468749999999734e-01 -1.709960937500000000e+00
1.341015624999999933e-01 8.916992187500000222e-01 8.417968750000000000e-01 4.757812499999999889e-02 1.005546875000000062e+00 -9.599609375000000000e-01
1.400390625000000056e-01 7.081054687500000222e-01 6.336718749999999956e-01 6.445312500000000000e-02 9.461718749999999956e-01 -1.452148437500000000e+00
3.300390625000000355e-01 8.331054687500000222e-01 8.136718750000000444e-01 4.445312500000000305e-02 1.046171874999999973e+00 -7.021484375000000000e-01
4.250390625000000089e-01 7.706054687500000222e-01 9.036718750000000133e-01 5.445312500000000500e-02 9.961718750000000400e-01 -1.827148437500000000e+00
2.350390625000000067e-01 8.956054687500000222e-01 7.236718750000000755e-01 3.445312500000000111e-02 8.961718749999999512e-01 -1.077148437500000000e+00
2.825390624999999933e-01 7.393554687500000222e-01 7.686718750000000044e-01 6.945312500000000444e-02 9.711718750000000178e-01 -8.896484375000000000e-01
4.725390624999999956e-01 8.643554687500000222e-01 5.886718750000000666e-01 4.945312500000000056e-02 8.711718750000000400e-01 -1.639648437500000000e+00
3.775390625000000222e-01 6.768554687500000222e-01 6.786718750000000355e-01 5.945312500000000944e-02 9.211718749999999734e-01 -5.146484375000000000e-01
1.875390624999999922e-01 8.018554687500000222e-01 8.586718749999999734e-01 3.945312499999999861e-02 1.021171875000000062e+00 -1.264648437500000000e+00
2.112890625000000133e-01 7.549804687500000222e-01 7.011718750000000000e-01 4.695312499999999833e-02 1.058671875000000151e+00 -1.358398437500000000e+00
4.012890625000000155e-01 8.799804687500000222e-01 8.811718750000000488e-01 6.695312500000000222e-02 9.586718750000000622e-01 -6.083984375000000000e-01
4.962890624999999889e-01 6.924804687500000222e-01 7.911718750000000799e-01 3.695312500000000333e-02 9.086718750000000178e-01 -1.733398437500000000e+00
3.062890624999999867e-01 8.174804687500000222e-01 6.111718750000000311e-01 5.695312500000000722e-02 1.008671875000000107e+00 -9.833984375000000000e-01
2.587890625000000000e-01 6.612304687500000222e-01 8.361718750000000089e-01 4.195312500000000083e-02 8.836718749999999956e-01 -1.170898437500000000e+00
4.487890625000000022e-01 7.862304687500000222e-01 6.561718750000000711e-01 6.195312500000000472e-02 9.836718749999999734e-01 -1.920898437500000000e+00
3.537890624999999734e-01 7.237304687500000222e-01 5.661718749999999911e-01 3.195312499999999889e-02 1.033671875000000018e+00 -7.958984375000000000e-01
1.637890624999999989e-01 8.487304687500000222e-01 7.461718750000000400e-01 5.195312500000000278e-02 9.336718750000000400e-01 -1.545898437500000000e+00
1.519140625000000022e-01 7.159179687500000222e-01 8.699218749999999556e-01 5.820312500000000833e-02 9.024218750000000400e-01 -1.967773437500000000e+00
3.419140625000000044e-01 8.409179687500000222e-01 6.899218750000000178e-01 3.820312500000000444e-02 1.002421875000000018e+00 -1.217773437500000000e+00
4.369140624999999778e-01 6.534179687500000222e-01 5.999218750000000488e-01 6.820312500000000333e-02 1.052421875000000062e+00 -1.592773437500000000e+00
2.469140625000000033e-01 7.784179687500000222e-01 7.799218750000000977e-01 4.820312499999999944e-02 9.524218749999999734e-01 -8.427734375000000000e-01
2.944140625000000178e-01 6.846679687500000222e-01 6.449218750000000888e-01 5.320312500000000389e-02 1.027421874999999929e+00 -6.552734375000000000e-01
4.844140625000000200e-01 8.096679687500000222e-01 8.249218750000000266e-01 3.320312500000000000e-02 9.274218750000000622e-01 -1.405273437500000000e+00
3.894140624999999911e-01 7.471679687500000222e-01 7.349218750000000577e-01 6.320312499999999889e-02 8.774218750000000178e-01 -1.030273437500000000e+00
1.994140624999999889e-01 8.721679687500000222e-01 5.549218750000000089e-01 4.320312500000000194e-02 9.774218749999999956e-01 -1.780273437500000000e+00
1.756640624999999956e-01 6.690429687500000222e-01 8.024218750000000622e-01 3.070312499999999778e-02 1.014921874999999973e+00 -1.686523437500000000e+00
3.656640624999999978e-01 7.940429687500000222e-01 6.224218750000000133e-01 5.070312500000000167e-02 9.149218749999999956e-01 -9.365234375000000000e-01
4.606640625000000266e-01 7.315429687500000222e-01 7.124218749999999822e-01 4.070312499999999972e-02 9.649218750000000400e-01 -1.311523437500000000e+00
2.706640624999999689e-01 8.565429687500000222e-01 8.924218750000000311e-01 6.070312500000000361e-02 1.064921875000000018e+00 -5.615234375000000000e-01
2.231640624999999822e-01 7.627929687500000222e-01 5.774218750000000844e-01 3.570312500000000222e-02 9.399218750000000178e-01 -7.490234375000000000e-01
4.131640624999999845e-01 8.877929687500000222e-01 7.574218750000000222e-01 5.570312500000000611e-02 1.039921875000000107e+00 -1.499023437500000000e+00
3.181640625000000111e-01 7.002929687500000222e-01 8.474218749999999911e-01 4.570312499999999722e-02 9.899218750000000622e-01 -1.124023437500000000e+00
1.281640625000000089e-01 8.252929687500000222e-01 6.674218750000000533e-01 6.570312500000000111e-02 8.899218749999999734e-01 -1.874023437500000000e+00
1.311328125000000011e-01 6.749023437500000222e-01 8.502343750000000977e-01 5.101562500000000194e-02 1.047734375000000107e+00 -1.768554687500000000e+00
3.211328125000000311e-01 7.999023437500000222e-01 6.702343750000000488e-01 3.101562499999999806e-02 9.477343750000000178e-01 -1.018554687500000000e+00
4.161328125000000044e-01 7.374023437500000222e-01 5.802343750000000799e-01 6.101562500000000389e-02 8.977343749999999734e-01 -1.393554687500000000e+00
2.261328125000000022e-01 8.624023437500000222e-01 7.602343750000000178e-01 4.101562500000000000e-02 9.977343750000000622e-01 -6.435546875000000000e-01
2.736328124999999889e-01 7.686523437500000222e-01 7.152343750000000888e-01 5.601562499999999944e-02 8.727343749999999512e-01 -8.310546875000000000e-01
4.636328124999999911e-01 8.936523437500000222e-01 8.952343750000000266e-01 3.601562500000000250e-02 9.727343750000000400e-01 -1.581054687500000000e+00
3.686328125000000178e-01 7.061523437500000222e-01 8.052343750000000577e-01 6.601562500000000833e-02 1.022734374999999973e+00 -1.206054687500000000e+00
1.786328124999999878e-01 8.311523437500000222e-01 6.252343750000000089e-01 4.601562500000000444e-02 9.227343749999999956e-01 -1.956054687500000000e+00
2.023828125000000089e-01 7.217773437500000222e-01 7.377343750000000533e-01 3.851562499999999778e-02 9.602343749999999734e-01 -1.862304687500000000e+00
3.923828125000000111e-01 8.467773437500000222e-01 5.577343750000000044e-01 5.851562500000000167e-02 1.060234375000000062e+00 -1.112304687500000000e+00
4.873828124999999845e-01 6.592773437500000222e-01 6.477343750000000844e-01 4.851562500000000666e-02 1.010234375000000018e+00 -1.487304687500000000e+00
2.973828124999999822e-01 7.842773437500000222e-01 8.277343750000000222e-01 6.851562499999999667e-02 9.102343750000000400e-01 -7.373046875000000000e-01
2.498828124999999956e-01 6.905273437500000222e-01 6.027343750000000444e-01 3.351562500000000028e-02 9.852343749999999956e-01 -5.498046875000000000e-01
4.398828124999999978e-01 8.155273437500000222e-01 7.827343749999999822e-01 5.351562500000000416e-02 8.852343750000000178e-01 -1.299804687500000000e+00
3.448828124999999689e-01 7.530273437500000222e-01 8.727343750000000622e-01 4.351562500000000222e-02 9.352343750000000622e-01 -9.248046875000000000e-01
1.548828124999999944e-01 8.780273437500000222e-01 6.927343750000000133e-01 6.351562500000000611e-02 1.035234374999999929e+00 -1.674804687500000000e+00
1.667578124999999911e-01 7.452148437500000222e-01 5.689843750000000977e-01 6.726562500000000944e-02 1.003984374999999929e+00 -1.252929687500000000e+00
3.567578124999999933e-01 8.702148437500000222e-01 7.489843750000000355e-01 4.726562500000000555e-02 9.039843750000000622e-01 -5.029296875000000000e-01
4.517578125000000222e-01 6.827148437500000222e-01 8.389843750000001155e-01 5.726562500000000056e-02 9.539843749999999956e-01 -1.627929687500000000e+00
2.617578124999999645e-01 8.077148437500000222e-01 6.589843750000000666e-01 3.726562499999999667e-02 1.053984374999999973e+00 -8.779296875000000000e-01
3.092578125000000067e-01 6.514648437500000222e-01 7.939843750000000755e-01 6.226562500000000500e-02 9.289843749999999734e-01 -1.065429687500000000e+00
4.992578125000000089e-01 7.764648437500000222e-01 6.139843750000000266e-01 4.226562500000000111e-02 1.028984375000000062e+00 -1.815429687500000000e+00
4.042578124999999800e-01 7.139648437500000222e-01 7.039843750000001066e-01 5.226562500000000305e-02 9.789843750000000178e-01 -6.904296875000000000e-01
2.142578124999999778e-01 8.389648437500000222e-01 8.839843750000000444e-01 3.226562499999999917e-02 8.789843750000000400e-01 -1.440429687500000000e+00
1.905078124999999845e-01 6.983398437500000222e-01 6.814843750000000311e-01 4.476562500000000333e-02 9.164843750000000178e-01 -1.534179687500000000e+00
3.805078124999999867e-01 8.233398437500000222e-01 8.614843750000000799e-01 6.476562500000000722e-02 1.016484375000000107e+00 -7.841796875000000000e-01
4.755078125000000155e-01 7.608398437500000222e-01 7.714843750000000000e-01 3.476562500000000139e-02 1.066484375000000151e+00 -1.909179687500000000e+00
2.855078125000000133e-01 8.858398437500000222e-01 5.914843750000000622e-01 5.476562500000000527e-02 9.664843750000000622e-01 -1.159179687500000000e+00
2.380078124999999989e-01 7.295898437500000222e-01 9.064843750000000089e-01 4.976562500000000777e-02 1.041484375000000018e+00 -9.716796875000000000e-01
4.280078124999999734e-01 8.545898437500000222e-01 7.264843750000000711e-01 6.976562499999999778e-02 9.414843750000000400e-01 -1.721679687500000000e+00
3.330078125000000000e-01 6.670898437500000222e-01 6.364843749999999911e-01 3.976562499999999889e-02 8.914843749999999956e-01 -5.966796875000000000e-01
1.430078124999999978e-01 7.920898437500000222e-01 8.164843750000000400e-01 5.976562500000000278e-02 9.914843750000000844e-01 -1.346679687500000000e+00
1.370703124999999856e-01 7.413085937500000222e-01 6.533593750000000755e-01 3.289062499999999972e-02 9.383593749999999956e-01 -1.229492187500000000e+00
3.270703124999999600e-01 8.663085937500000222e-01 8.333593750000000133e-01 5.289062500000000361e-02 1.038359374999999973e+00 -1.979492187500000000e+00
4.220703124999999889e-01 6.788085937500000222e-01 7.433593750000000444e-01 4.289062500000000167e-02 9.883593750000000400e-01 -8.544921875000000000e-01
2.320703124999999867e-01 8.038085937500000222e-01 5.633593749999999956e-01 6.289062500000000555e-02 8.883593749999999512e-01 -1.604492187500000000e+00
2.795703124999999734e-01 7.100585937500000222e-01 8.783593750000000533e-01 3.789062499999999722e-02 1.013359375000000062e+00 -1.416992187500000000e+00
4.695703124999999756e-01 8.350585937500000222e-01 6.983593750000000044e-01 5.789062500000000111e-02 9.133593749999999734e-01 -6.669921875000000000e-01
3.745703125000000022e-01 7.725585937500000222e-01 6.083593750000000355e-01 4.789062500000000611e-02 9.633593750000000178e-01 -1.791992187500000000e+00
1.845703125000000000e-01 8.975585937500000222e-01 7.883593749999999734e-01 6.789062500000000999e-02 1.063359375000000107e+00 -1.041992187500000000e+00
2.083203124999999933e-01 6.631835937500000222e-01 5.858593750000000711e-01 5.539062499999999889e-02 1.025859375000000018e+00 -9.482421875000000000e-01
3.983203124999999956e-01 7.881835937500000222e-01 7.658593750000000089e-01 3.539062500000000194e-02 9.258593750000000400e-01 -1.698242187500000000e+00
4.933203125000000244e-01 7.256835937500000222e-01 8.558593750000000888e-01 6.539062500000000777e-02 8.758593749999999956e-01 -5.732421875000000000e-01
3.033203125000000222e-01 8.506835937500000222e-01 6.758593750000000400e-01 4.539062500000000389e-02 9.758593749999999734e-01 -1.323242187500000000e+00
2.558203125000000355e-01 7.569335937500000222e-01 8.108593750000000488e-01 5.039062500000000139e-02 9.008593750000000178e-01 -1.510742187500000000e+00
4.458203124999999822e-01 8.819335937500000222e-01 6.308593750000000000e-01 3.039062499999999750e-02 1.000859375000000107e+00 -7.607421875000000000e-01
3.508203125000000089e-01 6.944335937500000222e-01 7.208593750000000799e-01 6.039062500000000333e-02 1.050859375000000151e+00 -1.885742187500000000e+00
1.608203125000000067e-01 8.194335937500000222e-01 9.008593750000000178e-01 4.039062499999999944e-02 9.508593750000000622e-01 -1.135742187500000000e+00
1.489453124999999822e-01 6.866210937500000222e-01 7.546093750000000266e-01 4.914062500000000722e-02 8.946093750000000400e-01 -7.138671875000000000e-01
3.389453124999999845e-01 8.116210937500000222e-01 5.746093750000000888e-01 6.914062500000001110e-02 9.946093750000000178e-01 -1.463867187500000000e+00
4.339453125000000133e-01 7.491210937500000222e-01 6.646093750000000577e-01 3.914062499999999833e-02 1.044609375000000062e+00 -1.088867187500000000e+00
2.439453125000000111e-01 8.741210937500000222e-01 8.446093750000001066e-01 5.914062500000000222e-02 9.446093749999999734e-01 -1.838867187500000000e+00
2.914453124999999978e-01 7.178710937500000222e-01 6.196093750000000178e-01 4.414062500000000278e-02 1.069609374999999973e+00 -1.651367187500000000e+00
4.814453125000000000e-01 8.428710937500000222e-01 7.996093750000000666e-01 6.414062500000000666e-02 9.696093749999999956e-01 -9.013671875000000000e-01
3.864453124999999711e-01 6.553710937500000222e-01 8.896093750000000355e-01 3.414062500000000083e-02 9.196093750000000622e-01 -1.276367187500000000e+00
1.964453124999999967e-01 7.803710937500000222e-01 7.096093750000000977e-01 5.414062500000000472e-02 1.019609374999999929e+00 -5.263671875000000000e-01
1.726953125000000033e-01 7.647460937500000222e-01 8.221093750000000311e-01 6.164062500000000444e-02 9.821093750000000622e-01 -6.201171875000000000e-01
3.626953124999999778e-01 8.897460937500000222e-01 6.421093749999999822e-01 4.164062500000000056e-02 8.821093749999999734e-01 -1.370117187500000000e+00
4.576953125000000067e-01 7.022460937500000222e-01 5.521093750000000133e-01 5.164062500000000250e-02 9.321093750000000178e-01 -9.951171875000000000e-01
2.676953125000000044e-01 8.272460937500000222e-01 7.321093750000000622e-01 3.164062499999999861e-02 1.032109375000000107e+00 -1.745117187500000000e+00
2.201953124999999900e-01 6.709960937500000222e-01 6.871093750000000222e-01 6.664062500000000888e-02 9.571093750000000400e-01 -1.932617187500000000e+00
4.101953125000000200e-01 7.959960937500000222e-01 8.671093750000000711e-01 4.664062500000000500e-02 1.057109375000000018e+00 -1.182617187500000000e+00
3.151953124999999911e-01 7.334960937500000222e-01 7.771093749999999911e-01 5.664062500000000000e-02 1.007109374999999973e+00 -1.557617187500000000e+00
1.251953124999999889e-01 8.584960937500000222e-01 5.971093750000000533e-01 3.664062500000000305e-02 9.071093749999999956e-01 -8.076171875000000000e-01
1.237109374999999928e-01 6.915039062500000222e-01 7.053906250000000488e-01 5.898437500000000555e-02 9.969531250000001066e-01 -1.141601562500000000e+00
3.137109375000000089e-01 8.165039062500000222e-01 8.853906250000000977e-01 3.898437500000000167e-02 8.969531250000000178e-01 -1.891601562500000000e+00
4.087109374999999822e-01 7.540039062500000222e-01 7.953906250000000178e-01 6.898437500000001443e-02 9.469531250000000622e-01 -7.666015625000000000e-01
2.187109374999999800e-01 8.790039062500000222e-01 6.153906250000000799e-01 4.898437500000000361e-02 1.046953125000000151e+00 -1.516601562500000000e+00
2.662109375000000222e-01 7.227539062500000222e-01 8.403906250000000577e-01 5.398437500000000111e-02 9.219531250000000400e-01 -1.329101562500000000e+00
4.562109375000000244e-01 8.477539062500000222e-01 6.603906250000000089e-01 3.398437499999999722e-02 1.021953125000000018e+00 -5.791015625000000000e-01
3.612109374999999956e-01 6.602539062500000222e-01 5.703906250000000400e-01 6.398437500000000999e-02 9.719531249999999734e-01 -1.704101562500000000e+00
1.712109374999999933e-01 7.852539062500000222e-01 7.503906250000000888e-01 4.398437499999999917e-02 8.719531249999999956e-01 -9.541015625000000000e-01
1.949609374999999867e-01 7.696289062500000222e-01 6.378906250000000444e-01 3.148437500000000194e-02 9.094531249999999734e-01 -1.047851562500000000e+00
3.849609374999999889e-01 8.946289062500000222e-01 8.178906249999999822e-01 5.148437499999999889e-02 1.009453125000000062e+00 -1.797851562500000000e+00
4.799609375000000178e-01 7.071289062500000222e-01 9.078906250000000622e-01 4.148437500000000389e-02 1.059453125000000107e+00 -6.728515625000000000e-01
2.899609374999999600e-01 8.321289062500000222e-01 7.278906250000000133e-01 6.148437500000000777e-02 9.594531250000000178e-01 -1.422851562500000000e+00
2.424609375000000011e-01 6.758789062500000222e-01 7.728906250000000533e-01 3.648437499999999944e-02 1.034453124999999973e+00 -1.610351562500000000e+00
4.324609374999999756e-01 8.008789062500000222e-01 5.928906250000000044e-01 5.648437500000000333e-02 9.344531249999999956e-01 -8.603515625000000000e-01
3.374609375000000022e-01 7.383789062500000222e-01 6.828906249999999734e-01 4.648437500000000139e-02 8.844531249999999512e-01 -1.985351562500000000e+00
1.474609375000000000e-01 8.633789062500000222e-01 8.628906250000000222e-01 6.648437500000001221e-02 9.844531250000000400e-01 -1.235351562500000000e+00
1.593359374999999967e-01 7.305664062500000222e-01 8.066406250000000000e-01 6.273437500000000888e-02 1.053203125000000018e+00 -8.134765625000000000e-01
3.493359375000000266e-01 8.555664062500000222e-01 6.266406250000000622e-01 4.273437500000000500e-02 9.532031250000000400e-01 -1.563476562500000000e+00
4.443359375000000000e-01 6.680664062500000222e-01 7.166406250000000311e-01 5.273437500000000000e-02 9.032031249999999956e-01 -1.188476562500000000e+00
2.543359374999999978e-01 7.930664062500000222e-01 8.966406250000000799e-01 3.273437499999999611e-02 1.003203124999999973e+00 -1.938476562500000000e+00
3.018359374999999845e-01 6.993164062500000222e-01 5.816406250000000222e-01 6.773437500000001332e-02 8.782031249999999734e-01 -1.750976562500000000e+00
4.918359374999999867e-01 8.243164062500000222e-01 7.616406250000000711e-01 4.773437500000000250e-02 9.782031250000000622e-01 -1.000976562500000000e+00
3.968359375000000133e-01 7.618164062500000222e-01 8.516406250000000400e-01 5.773437500000000444e-02 1.028203125000000107e+00 -1.375976562500000000e+00
2.068359375000000111e-01 8.868164062500000222e-01 6.716406249999999911e-01 3.773437500000000056e-02 9.282031250000000178e-01 -6.259765625000000000e-01
1.830859374999999900e-01 6.524414062500000222e-01 8.741406250000001155e-01 4.523437500000000028e-02 9.657031249999999956e-01 -5.322265625000000000e-01
3.730859375000000200e-01 7.774414062500000222e-01 6.941406250000000666e-01 6.523437500000001110e-02 1.065703124999999973e+00 -1.282226562500000000e+00
4.680859374999999933e-01 7.149414062500000222e-01 6.041406250000000977e-01 3.523437499999999833e-02 1.015703124999999929e+00 -9.072265625000000000e-01
2.780859374999999911e-01 8.399414062500000222e-01 7.841406250000000355e-01 5.523437500000000222e-02 9.157031250000000622e-01 -1.657226562500000000e+00
2.305859375000000044e-01 7.461914062500000222e-01 6.491406250000000266e-01 4.023437500000000278e-02 9.907031250000000178e-01 -1.844726562500000000e+00
4.205859375000000067e-01 8.711914062500000222e-01 8.291406249999999645e-01 6.023437500000000666e-02 8.907031250000000400e-01 -1.094726562500000000e+00
3.255859374999999778e-01 6.836914062500000222e-01 7.391406250000001066e-01 3.023437499999999736e-02 9.407031249999999734e-01 -1.469726562500000000e+00
1.355859375000000033e-01 8.086914062500000222e-01 5.591406250000000577e-01 5.023437499999999778e-02 1.040703125000000062e+00 -7.197265625000000000e-01
1.415234374999999878e-01 7.579101562500000222e-01 8.910156250000000888e-01 3.710937500000000000e-02 8.875781249999999956e-01 -1.680664062500000000e+00
3.315234375000000178e-01 8.829101562500000222e-01 7.110156250000000400e-01 5.710937500000000389e-02 9.875781249999999734e-01 -9.306640625000000000e-01
4.265234374999999911e-01 6.954101562500000222e-01 6.210156250000000711e-01 4.710937500000000194e-02 1.037578125000000018e+00 -1.305664062500000000e+00
2.365234374999999889e-01 8.204101562500000222e-01 8.010156250000000089e-01 6.710937499999999889e-02 9.375781250000000400e-01 -5.556640625000000000e-01
2.840234375000000311e-01 6.641601562500000222e-01 6.660156250000000000e-01 3.210937500000000250e-02 1.062578125000000151e+00 -7.431640625000000000e-01
4.740234374999999778e-01 7.891601562500000222e-01 8.460156250000000488e-01 5.210937499999999944e-02 9.625781250000000622e-01 -1.493164062500000000e+00
3.790234375000000044e-01 7.266601562500000222e-01 7.560156250000000799e-01 4.210937500000000444e-02 9.125781250000000178e-01 -1.118164062500000000e+00
1.890234375000000022e-01 8.516601562500000222e-01 5.760156250000000311e-01 6.210937500000000833e-02 1.012578125000000107e+00 -1.868164062500000000e+00
2.127734374999999956e-01 7.110351562500000222e-01 7.785156250000000444e-01 5.460937500000000167e-02 9.750781250000000178e-01 -1.961914062500000000e+00
4.027734374999999978e-01 8.360351562500000222e-01 5.985156249999999956e-01 3.460937499999999778e-02 8.750781250000000400e-01 -1.211914062500000000e+00
4.977734375000000266e-01 7.735351562500000222e-01 6.885156250000000755e-01 6.460937499999999667e-02 9.250781249999999734e-01 -1.586914062500000000e+00
3.077734374999999689e-01 8.985351562500000222e-01 8.685156250000000133e-01 4.460937499999999972e-02 1.025078125000000062e+00 -8.369140625000000000e-01
2.602734374999999822e-01 7.422851562500000222e-01 5.535156250000000666e-01 5.960937500000000611e-02 9.500781249999999956e-01 -6.494140625000000000e-01
4.502734374999999845e-01 8.672851562500000222e-01 7.335156250000000044e-01 3.960937500000000222e-02 1.050078124999999973e+00 -1.399414062500000000e+00
3.552734375000000111e-01 6.797851562500000222e-01 8.235156249999999734e-01 6.960937500000000111e-02 1.000078124999999929e+00 -1.024414062500000000e+00
1.652734375000000089e-01 8.047851562500000222e-01 6.435156250000000355e-01 4.960937500000000416e-02 9.000781250000000622e-01 -1.774414062500000000e+00
1.533984374999999845e-01 6.719726562500000222e-01 6.097656250000000888e-01 4.085937500000000333e-02 9.438281250000000178e-01 -1.352539062500000000e+00
3.433984374999999867e-01 7.969726562500000222e-01 7.897656250000000266e-01 6.085937500000000722e-02 1.043828125000000107e+00 -6.025390625000000000e-01
4.383984375000000155e-01 7.344726562500000222e-01 8.797656250000001066e-01 3.085937499999999792e-02 9.938281250000000622e-01 -1.727539062500000000e+00
2.483984374999999856e-01 8.594726562500000222e-01 6.997656250000000577e-01 5.085937499999999833e-02 8.938281249999999734e-01 -9.775390625000000000e-01
2.958984375000000000e-01 7.657226562500000222e-01 7.447656250000000977e-01 4.585937500000000083e-02 1.018828124999999973e+00 -1.165039062500000000e+00
4.858984375000000022e-01 8.907226562500000222e-01 5.647656250000000488e-01 6.585937499999999778e-02 9.188281249999999956e-01 -1.915039062500000000e+00
3.908984374999999734e-01 7.032226562500000222e-01 6.547656250000000178e-01 3.585937499999999889e-02 9.688281250000000400e-01 -7.900390625000000000e-01
2.008984374999999989e-01 8.282226562500000222e-01 8.347656249999999556e-01 5.585937500000000278e-02 1.068828125000000018e+00 -1.540039062500000000e+00
1.771484375000000056e-01 7.188476562500000222e-01 7.222656250000000222e-01 6.835937500000000000e-02 1.031328124999999929e+00 -1.446289062500000000e+00
3.671484375000000355e-01 8.438476562500000222e-01 9.022656250000000711e-01 4.835937500000000305e-02 9.313281250000000622e-01 -6.962890625000000000e-01
4.621484375000000089e-01 6.563476562500000222e-01 8.122656249999999911e-01 5.835937500000000500e-02 8.813281250000000178e-01 -1.821289062500000000e+00
2.721484375000000067e-01 7.813476562500000222e-01 6.322656250000000533e-01 3.835937500000000111e-02 9.813281249999999956e-01 -1.071289062500000000e+00
2.246484374999999922e-01 6.875976562500000222e-01 8.572656250000000311e-01 6.335937499999999556e-02 9.063281250000000400e-01 -8.837890625000000000e-01
4.146484375000000222e-01 8.125976562500000222e-01 6.772656249999999822e-01 4.335937500000000555e-02 1.006328125000000018e+00 -1.633789062500000000e+00
3.196484374999999933e-01 7.500976562500000222e-01 5.872656250000000133e-01 5.335937500000000056e-02 1.056328125000000062e+00 -5.087890625000000000e-01
1.296484374999999911e-01 8.750976562500000222e-01 7.672656250000000622e-01 3.335937499999999667e-02 9.563281249999999734e-01 -1.258789062500000000e+00
1.266796874999999989e-01 7.247070312500000222e-01 5.900781250000000089e-01 4.867187500000000333e-02 9.860156250000000622e-01 -1.551757812500000000e+00
3.166796874999999734e-01 8.497070312500000222e-01 7.700781250000000577e-01 6.867187500000000722e-02 8.860156249999999734e-01 -8.017578125000000000e-01
4.116796875000000022e-01 6.622070312500000222e-01 8.600781250000000266e-01 3.867187500000000139e-02 9.360156250000000178e-01 -1.926757812500000000e+00
2.216796875000000000e-01 7.872070312500000222e-01 6.800781250000000888e-01 5.867187500000000527e-02 1.036015625000000107e+00 -1.176757812500000000e+00
2.691796874999999867e-01 6.934570312500000222e-01 8.150781250000000977e-01 4.367187499999999889e-02 9.610156250000000400e-01 -9.892578125000000000e-01
4.591796874999999889e-01 8.184570312500000222e-01 6.350781250000000488e-01 6.367187500000000278e-02 1.061015625000000018e+00 -1.739257812500000000e+00
3.641796874999999600e-01 7.559570312500000222e-01 7.250781250000000178e-01 3.367187499999999695e-02 1.011015624999999973e+00 -6.142578125000000000e-01
1.741796875000000133e-01 8.809570312500000222e-01 9.050781249999999556e-01 5.367187500000000777e-02 9.110156249999999956e-01 -1.364257812500000000e+00
1.979296875000000067e-01 6.778320312500000222e-01 6.575781250000000133e-01 6.117187500000000056e-02 8.735156250000000178e-01 -1.270507812500000000e+00
3.879296875000000089e-01 8.028320312500000222e-01 8.375781250000000622e-01 4.117187500000000361e-02 9.735156249999999956e-01 -5.205078125000000000e-01
4.829296874999999822e-01 7.403320312500000222e-01 7.475781249999999822e-01 5.117187500000000555e-02 1.023515624999999929e+00 -1.645507812500000000e+00
2.929296875000000355e-01 8.653320312500000222e-01 5.675781250000000444e-01 3.117187499999999820e-02 9.235156250000000622e-01 -8.955078125000000000e-01
2.454296874999999933e-01 7.715820312500000222e-01 8.825781249999999911e-01 6.617187500000000500e-02 1.048515625000000062e+00 -1.083007812500000000e+00
4.354296874999999956e-01 8.965820312500000222e-01 7.025781250000000533e-01 4.617187500000000111e-02 9.485156249999999734e-01 -1.833007812500000000e+00
3.404296875000000222e-01 7.090820312500000222e-01 6.125781250000000844e-01 5.617187500000000305e-02 8.985156250000000400e-01 -7.080078125000000000e-01
1.504296874999999922e-01 8.340820312500000222e-01 7.925781250000000222e-01 3.617187499999999917e-02 9.985156250000000178e-01 -1.458007812500000000e+00
1.623046874999999889e-01 7.012695312500000222e-01 8.263281250000000799e-01 3.492187499999999806e-02 1.042265624999999973e+00 -1.879882812500000000e+00
3.523046874999999911e-01 8.262695312500000222e-01 6.463281250000000311e-01 5.492187500000000888e-02 9.422656249999999956e-01 -1.129882812500000000e+00
4.473046875000000200e-01 7.637695312500000222e-01 5.563281250000000622e-01 4.492187500000000000e-02 8.922656249999999512e-01 -1.504882812500000000e+00
2.573046875000000178e-01 8.887695312500000222e-01 7.363281250000000000e-01 6.492187500000000389e-02 9.922656250000000400e-01 -7.548828125000000000e-01
3.048046875000000044e-01 7.325195312500000222e-01 6.913281250000000711e-01 3.992187500000000250e-02 9.172656249999999734e-01 -5.673828125000000000e-01
4.948046875000000067e-01 8.575195312500000222e-01 8.713281250000000089e-01 5.992187500000000638e-02 1.017265625000000062e+00 -1.317382812500000000e+00
3.998046874999999778e-01 6.700195312500000222e-01 7.813281250000000400e-01 4.992187500000000444e-02 1.067265625000000107e+00 -9.423828125000000000e-01
2.098046875000000033e-01 7.950195312500000222e-01 6.013281249999999911e-01 6.992187500000000833e-02 9.672656250000000178e-01 -1.692382812500000000e+00
1.860546874999999822e-01 7.481445312500000222e-01 7.588281250000000755e-01 5.742187500000000416e-02 9.297656250000000400e-01 -1.786132812500000000e+00
3.760546874999999845e-01 8.731445312500000222e-01 5.788281250000000266e-01 3.742187500000000028e-02 1.029765625000000018e+00 -1.036132812500000000e+00
4.710546875000000133e-01 6.856445312500000222e-01 6.688281249999999956e-01 6.742187500000000611e-02 9.797656249999999734e-01 -1.411132812500000000e+00
2.810546875000000111e-01 8.106445312500000222e-01 8.488281250000000444e-01 4.742187500000000222e-02 8.797656249999999956e-01 -6.611328125000000000e-01
2.335546874999999967e-01 6.543945312500000222e-01 6.238281250000000666e-01 5.242187500000000666e-02 1.004765625000000107e+00 -8.486328125000000000e-01
4.235546875000000266e-01 7.793945312500000222e-01 8.038281250000001155e-01 3.242187500000000278e-02 9.047656250000000178e-01 -1.598632812500000000e+00
3.285546874999999978e-01 7.168945312500000222e-01 8.938281249999999734e-01 6.242187500000000860e-02 9.547656250000000622e-01 -1.223632812500000000e+00
1.385546874999999956e-01 8.418945312500000222e-01 7.138281250000000355e-01 4.242187499999999778e-02 1.054765625000000151e+00 -1.973632812500000000e+00
1.326171874999999833e-01 6.583007812500000222e-01 7.307031250000000089e-01 6.554687500000000444e-02 8.953906249999999956e-01 -6.376953125000000000e-01
3.226171875000000133e-01 7.833007812500000222e-01 5.507031250000000711e-01 4.554687500000000056e-02 9.953906249999999734e-01 -1.387695312500000000e+00
4.176171874999999867e-01 7.208007812500000222e-01 6.407031250000000400e-01 5.554687500000000250e-02 1.045390625000000018e+00 -1.012695312500000000e+00
2.276171874999999845e-01 8.458007812500000222e-01 8.207031250000000888e-01 3.554687499999999861e-02 9.453906250000000400e-01 -1.762695312500000000e+00
2.751171875000000266e-01 7.520507812500000222e-01 5.957031250000000000e-01 6.054687500000000000e-02 1.020390625000000107e+00 -1.950195312500000000e+00
4.651171874999999734e-01 8.770507812500000222e-01 7.757031250000000488e-01 4.054687500000000305e-02 9.203906250000000178e-01 -1.200195312500000000e+00
3.701171875000000000e-01 6.895507812500000222e-01 8.657031250000000178e-01 5.054687500000000500e-02 8.703906249999999734e-01 -1.575195312500000000e+00
1.801171874999999978e-01 8.145507812500000222e-01 6.857031250000000799e-01 3.054687499999999764e-02 9.703906250000000622e-01 -8.251953125000000000e-01
2.038671874999999911e-01 7.364257812500000222e-01 8.432031250000000533e-01 4.304687499999999833e-02 1.007890624999999929e+00 -7.314453125000000000e-01
3.938671874999999933e-01 8.614257812500000222e-01 6.632031250000000044e-01 6.304687500000000222e-02 9.078906250000000622e-01 -1.481445312500000000e+00
4.888671875000000222e-01 6.739257812500000222e-01 5.732031250000000355e-01 3.304687499999999639e-02 9.578906249999999956e-01 -1.106445312500000000e+00
2.988671874999999645e-01 7.989257812500000222e-01 7.532031249999999734e-01 5.304687500000000722e-02 1.057890624999999973e+00 -1.856445312500000000e+00
2.513671874999999778e-01 7.051757812500000222e-01 7.082031250000000444e-01 4.804687500000000278e-02 9.328906249999999734e-01 -1.668945312500000000e+00
4.413671874999999800e-01 8.301757812500000222e-01 8.882031249999999822e-01 6.804687500000000666e-02 1.032890625000000062e+00 -9.189453125000000000e-01
3.463671875000000067e-01 7.676757812500000222e-01 7.982031250000000133e-01 3.804687500000000083e-02 9.828906250000000178e-01 -1.293945312500000000e+00
1.563671875000000044e-01 8.926757812500000222e-01 6.182031250000000755e-01 5.804687500000000472e-02 8.828906250000000400e-01 -5.439453125000000000e-01
1.444921875000000078e-01 7.598632812500000222e-01 6.744531250000000977e-01 5.179687500000000611e-02 9.516406250000000178e-01 -9.658203125000000000e-01
3.344921874999999822e-01 8.848632812500000222e-01 8.544531250000000355e-01 3.179687500000000222e-02 1.051640625000000107e+00 -1.715820312500000000e+00
4.294921875000000111e-01 6.973632812500000222e-01 7.644531250000000666e-01 6.179687500000000805e-02 1.001640625000000062e+00 -5.908203125000000000e-01
2.394921875000000089e-01 8.223632812500000222e-01 5.844531250000000178e-01 4.179687499999999722e-02 9.016406249999999734e-01 -1.340820312500000000e+00
2.869921874999999956e-01 6.661132812500000222e-01 8.994531249999999645e-01 5.679687500000000361e-02 9.766406250000000400e-01 -1.528320312500000000e+00
4.769921874999999978e-01 7.911132812500000222e-01 7.194531250000000266e-01 3.679687499999999972e-02 8.766406249999999512e-01 -7.783203125000000000e-01
3.819921875000000244e-01 7.286132812500000222e-01 6.294531250000000577e-01 6.679687500000000555e-02 9.266406249999999956e-01 -1.903320312500000000e+00
1.919921874999999944e-01 8.536132812500000222e-01 8.094531250000001066e-01 4.679687500000000167e-02 1.026640624999999973e+00 -1.153320312500000000e+00
1.682421875000000011e-01 6.817382812500000222e-01 5.619531250000000533e-01 3.929687500000000194e-02 1.064140625000000062e+00 -1.247070312500000000e+00
3.582421875000000311e-01 8.067382812500000222e-01 7.419531249999999911e-01 5.929687500000000583e-02 9.641406249999999734e-01 -1.997070312500000000e+00
4.532421875000000044e-01 7.442382812500000222e-01 8.319531250000000711e-01 4.929687500000000389e-02 9.141406250000000400e-01 -8.720703125000000000e-01
2.632421875000000022e-01 8.692382812500000222e-01 6.519531250000000222e-01 6.929687500000000777e-02 1.014140625000000018e+00 -1.622070312500000000e+00
2.157421875000000155e-01 7.129882812500000222e-01 7.869531250000000311e-01 3.429687499999999750e-02 8.891406250000000178e-01 -1.434570312500000000e+00
4.057421875000000178e-01 8.379882812500000222e-01 6.069531250000000933e-01 5.429687500000000833e-02 9.891406249999999956e-01 -6.845703125000000000e-01
3.107421874999999889e-01 6.504882812500000222e-01 6.969531250000000622e-01 4.429687499999999944e-02 1.039140624999999929e+00 -1.809570312500000000e+00
1.207421875000000006e-01 7.754882812500000222e-01 8.769531250000000000e-01 6.429687500000000333e-02 9.391406250000000622e-01 -1.059570312500000000e+00
1.211132812499999961e-01 7.127441406250000222e-01 6.804296874999999911e-01 3.605468750000000167e-02 1.049101562499999973e+00 -1.342285156250000000e+00
3.111132812499999845e-01 8.377441406250000222e-01 8.604296875000000400e-01 5.605468750000000555e-02 9.491015624999999956e-01 -5.922851562500000000e-01
4.061132812500000133e-01 6.502441406250000222e-01 7.704296875000000711e-01 4.605468750000000361e-02 8.991015625000000622e-01 -1.717285156250000000e+00
2.161132812500000111e-01 7.752441406250000222e-01 5.904296875000000222e-01 6.605468750000001443e-02 9.991015625000000400e-01 -9.672851562500000000e-01
2.636132812499999978e-01 6.814941406250000222e-01 9.054296875000000799e-01 3.105468750000000069e-02 8.741015625000000400e-01 -1.154785156250000000e+00
4.536132812500000000e-01 8.064941406250000222e-01 7.254296875000000311e-01 5.105468750000000111e-02 9.741015625000000178e-01 -1.904785156250000000e+00
3.586132812500000266e-01 7.439941406250000222e-01 6.354296875000000622e-01 4.105468749999999917e-02 1.024101562500000062e+00 -7.797851562500000000e-01
1.686132812499999967e-01 8.689941406250000222e-01 8.154296875000000000e-01 6.105468750000000999e-02 9.241015624999999734e-01 -1.529785156250000000e+00
1.923632812499999900e-01 6.658691406250000222e-01 5.679296875000000577e-01 5.355468750000000333e-02 9.616015625000000622e-01 -1.623535156250000000e+00
3.823632812500000200e-01 7.908691406250000222e-01 7.479296874999999956e-01 3.355468749999999944e-02 1.061601562500000151e+00 -8.735351562500000000e-01
4.773632812499999933e-01 7.283691406250000222e-01 8.379296874999999645e-01 6.355468750000001221e-02 1.011601562500000107e+00 -1.998535156250000000e+00
2.873632812499999911e-01 8.533691406250000222e-01 6.579296875000000266e-01 4.355468750000000139e-02 9.116015625000000178e-01 -1.248535156250000000e+00
2.398632812500000044e-01 7.596191406250000222e-01 7.929296875000000355e-01 5.855468750000000777e-02 9.866015624999999734e-01 -1.061035156250000000e+00
4.298632812500000067e-01 8.846191406250000222e-01 6.129296875000000977e-01 3.855468750000000389e-02 8.866015624999999956e-01 -1.811035156250000000e+00
3.348632812499999778e-01 6.971191406250000222e-01 7.029296875000000666e-01 6.855468750000001665e-02 9.366015625000000400e-01 -6.860351562500000000e-01
1.448632812500000033e-01 8.221191406250000222e-01 8.829296875000000044e-01 4.855468749999999889e-02 1.036601562500000018e+00 -1.436035156250000000e+00
1.567382812500000000e-01 7.049316406250000222e-01 7.366796875000000133e-01 4.230468750000000028e-02 1.005351562500000018e+00 -1.764160156250000000e+00
3.467382812500000022e-01 8.299316406250000222e-01 5.566796875000000755e-01 6.230468750000000416e-02 9.053515625000000400e-01 -1.014160156250000000e+00
4.417382812499999756e-01 7.674316406250000222e-01 6.466796875000000444e-01 3.230468749999999833e-02 9.553515624999999734e-01 -1.389160156250000000e+00
2.517382812499999734e-01 8.924316406250000222e-01 8.266796874999999822e-01 5.230468750000000222e-02 1.055351562500000062e+00 -6.391601562500000000e-01
2.992382812499999600e-01 7.361816406250000222e-01 6.016796875000000044e-01 4.730468749999999778e-02 9.303515625000000622e-01 -8.266601562500000000e-01
4.892382812500000178e-01 8.611816406250000222e-01 7.816796875000000533e-01 6.730468750000001554e-02 1.030351562499999929e+00 -1.576660156250000000e+00
3.942382812499999889e-01 6.736816406250000222e-01 8.716796875000000222e-01 3.730468750000000278e-02 9.803515624999999956e-01 -1.201660156250000000e+00
2.042382812499999867e-01 7.986816406250000222e-01 6.916796874999999734e-01 5.730468750000000666e-02 8.803515625000000178e-01 -1.951660156250000000e+00
1.804882812499999933e-01 7.518066406250000222e-01 8.491796875000000577e-01 6.980468750000000389e-02 9.178515624999999956e-01 -1.857910156250000000e+00
3.704882812499999956e-01 8.768066406250000222e-01 6.691796875000000089e-01 4.980468750000000000e-02 1.017851562499999973e+00 -1.107910156250000000e+00
4.654882812500000244e-01 6.893066406250000222e-01 5.791796875000000400e-01 5.980468750000000888e-02 1.067851562500000018e+00 -1.482910156250000000e+00
2.754882812500000222e-01 8.143066406250000222e-01 7.591796875000000888e-01 3.980468750000000500e-02 9.678515625000000400e-01 -7.329101562500000000e-01
2.279882812499999800e-01 6.580566406250000222e-01 7.141796875000000488e-01 6.480468750000001332e-02 1.042851562500000107e+00 -5.454101562500000000e-01
4.179882812499999822e-01 7.830566406250000222e-01 8.941796875000000977e-01 4.480468750000000250e-02 9.428515625000000178e-01 -1.295410156250000000e+00
3.229882812500000089e-01 7.205566406250000222e-01 8.041796875000000178e-01 5.480468750000000444e-02 8.928515624999999734e-01 -9.204101562500000000e-01
1.329882812500000067e-01 8.455566406250000222e-01 6.241796875000000799e-01 3.480468750000000056e-02 9.928515625000000622e-01 -1.670410156250000000e+00
1.389257812499999911e-01 6.541503906250000222e-01 8.210546874999999911e-01 5.792968750000000722e-02 9.334765624999999956e-01 -7.563476562500000000e-01
3.289257812499999933e-01 7.791503906250000222e-01 6.410546875000000533e-01 3.792968750000000333e-02 1.033476562499999973e+00 -1.506347656250000000e+00
4.239257812500000222e-01 7.166503906250000222e-01 5.510546875000000844e-01 6.792968750000000222e-02 9.834765625000000400e-01 -1.131347656250000000e+00
2.339257812499999922e-01 8.416503906250000222e-01 7.310546875000000222e-01 4.792968749999999833e-02 8.834765624999999512e-01 -1.881347656250000000e+00
2.814257812500000067e-01 7.479003906250000222e-01 6.860546874999999822e-01 5.292968750000000278e-02 1.008476562500000062e+00 -1.693847656250000000e+00
4.714257812500000089e-01 8.729003906250000222e-01 8.660546875000000311e-01 3.292968749999999889e-02 9.084765624999999734e-01 -9.438476562500000000e-01
3.764257812499999800e-01 6.854003906250000222e-01 7.760546875000000622e-01 6.292968749999999778e-02 9.584765625000000178e-01 -1.318847656250000000e+00
1.864257812499999778e-01 8.104003906250000222e-01 5.960546875000000133e-01 4.292968750000000083e-02 1.058476562500000107e+00 -5.688476562500000000e-01
2.101757812499999989e-01 7.322753906250000222e-01 7.535546875000000977e-01 3.042968750000000014e-02 1.020976562500000018e+00 -6.625976562500000000e-01
4.001757812499999734e-01 8.572753906250000222e-01 5.735546875000000488e-01 5.042968750000000056e-02 9.209765625000000400e-01 -1.412597656250000000e+00
4.951757812500000022e-01 6.697753906250000222e-01 6.635546875000000178e-01 4.042968749999999861e-02 8.709765624999999956e-01 -1.037597656250000000e+00
3.051757812500000000e-01 7.947753906250000222e-01 8.435546874999999556e-01 6.042968750000000944e-02 9.709765624999999734e-01 -1.787597656250000000e+00
2.576757812500000133e-01 7.010253906250000222e-01 6.185546875000000888e-01 3.542968750000000111e-02 8.959765625000000178e-01 -1.975097656250000000e+00
4.476757812500000155e-01 8.260253906250000222e-01 7.985546875000000266e-01 5.542968750000000500e-02 9.959765625000001066e-01 -1.225097656250000000e+00
3.526757812499999867e-01 7.635253906250000222e-01 8.885546875000001066e-01 4.542968750000000305e-02 1.045976562500000151e+00 -1.600097656250000000e+00
1.626757812499999845e-01 8.885253906250000222e-01 7.085546875000000577e-01 6.542968750000000000e-02 9.459765625000000622e-01 -8.500976562500000000e-01
1.508007812499999878e-01 7.713378906250000222e-01 5.848046875000000311e-01 6.417968749999999889e-02 8.897265625000000400e-01 -1.178222656250000000e+00
3.408007812500000178e-01 8.963378906250000222e-01 7.648046875000000799e-01 4.417968750000000194e-02 9.897265625000000178e-01 -1.928222656250000000e+00
4.358007812499999911e-01 7.088378906250000222e-01 8.548046875000000488e-01 5.417968750000000389e-02 1.039726562500000062e+00 -8.032226562500000000e-01
2.458007812499999889e-01 8.338378906250000222e-01 6.748046875000000000e-01 3.417968750000000000e-02 9.397265624999999734e-01 -1.553222656250000000e+00
2.933007812500000311e-01 6.775878906250000222e-01 8.098046875000000089e-01 6.917968750000000333e-02 1.064726562499999973e+00 -1.365722656250000000e+00
4.833007812499999778e-01 8.025878906250000222e-01 6.298046875000000711e-01 4.917968749999999944e-02 9.647265624999999956e-01 -6.157226562500000000e-01
3.883007812500000044e-01 7.400878906250000222e-01 7.198046875000000400e-01 5.917968750000000833e-02 9.147265625000000622e-01 -1.740722656250000000e+00
1.983007812500000022e-01 8.650878906250000222e-01 8.998046875000000888e-01 3.917968750000000444e-02 1.014726562499999929e+00 -9.907226562500000000e-01
1.745507812500000089e-01 6.932128906250000222e-01 6.523046875000000355e-01 4.667968749999999722e-02 9.772265625000000622e-01 -8.969726562500000000e-01
3.645507812500000111e-01 8.182128906250000222e-01 8.323046874999999734e-01 6.667968750000000111e-02 8.772265624999999734e-01 -1.646972656250000000e+00
4.595507812499999845e-01 7.557128906250000222e-01 7.423046875000000044e-01 3.667968750000000222e-02 9.272265625000000178e-01 -5.219726562500000000e-01
2.695507812499999822e-01 8.807128906250000222e-01 5.623046875000000666e-01 5.667968750000000611e-02 1.027226562500000107e+00 -1.271972656250000000e+00
2.220507812499999956e-01 7.244628906250000222e-01 8.773046875000000133e-01 4.167968749999999972e-02 9.522265625000000400e-01 -1.459472656250000000e+00
4.120507812499999978e-01 8.494628906250000222e-01 6.973046875000000755e-01 6.167968750000000361e-02 1.052226562500000018e+00 -7.094726562500000000e-01
3.170507812499999689e-01 6.619628906250000222e-01 6.073046874999999956e-01 3.167968749999999778e-02 1.002226562499999973e+00 -1.834472656250000000e+00
1.270507812499999944e-01 7.869628906250000222e-01 7.873046875000000444e-01 5.167968750000000167e-02 9.022265624999999956e-01 -1.084472656250000000e+00
1.300195312499999867e-01 6.873535156250000222e-01 6.157421874999999822e-01 6.636718750000000777e-02 1.035039062500000107e+00 -9.790039062500000000e-01
3.200195312499999889e-01 8.123535156250000222e-01 7.957421875000000311e-01 4.636718750000000389e-02 9.350390625000000178e-01 -1.729003906250000000e+00
4.150195312500000178e-01 7.498535156250000222e-01 8.857421875000000000e-01 5.636718749999999889e-02 8.850390624999999734e-01 -6.040039062500000000e-01
2.250195312500000155e-01 8.748535156250000222e-01 7.057421875000000622e-01 3.636718750000000194e-02 9.850390625000000622e-01 -1.354003906250000000e+00
2.725195312500000022e-01 7.186035156250000222e-01 7.507421874999999911e-01 6.136718750000000333e-02 9.100390624999999956e-01 -1.541503906250000000e+00
4.625195312500000044e-01 8.436035156250000222e-01 5.707421875000000533e-01 4.136718749999999944e-02 1.010039062499999973e+00 -7.915039062500000000e-01
3.675195312500000311e-01 6.561035156250000222e-01 6.607421875000000222e-01 5.136718750000000139e-02 1.060039062500000018e+00 -1.916503906250000000e+00
1.775195312500000011e-01 7.811035156250000222e-01 8.407421875000000711e-01 3.136718749999999750e-02 9.600390625000000400e-01 -1.166503906250000000e+00
2.012695312499999944e-01 7.654785156250000222e-01 7.282421875000000266e-01 4.386718750000000167e-02 9.225390625000000622e-01 -1.072753906250000000e+00
3.912695312500000244e-01 8.904785156250000222e-01 9.082421874999999645e-01 6.386718750000000555e-02 1.022539062499999929e+00 -1.822753906250000000e+00
4.862695312499999978e-01 7.029785156250000222e-01 8.182421875000001066e-01 3.386718749999999972e-02 9.725390624999999956e-01 -6.977539062500000000e-01
2.962695312499999956e-01 8.279785156250000222e-01 6.382421875000000577e-01 5.386718750000000361e-02 8.725390625000000178e-01 -1.447753906250000000e+00
2.487695312500000089e-01 6.717285156250000222e-01 8.632421875000000355e-01 4.886718750000000611e-02 9.975390625000000178e-01 -1.260253906250000000e+00
4.387695312500000111e-01 7.967285156250000222e-01 6.832421875000000977e-01 6.886718750000000999e-02 8.975390625000000400e-01 -5.102539062500000000e-01
3.437695312499999822e-01 7.342285156250000222e-01 5.932421875000000178e-01 3.886718749999999722e-02 9.475390624999999734e-01 -1.635253906250000000e+00
1.537695312499999800e-01 8.592285156250000222e-01 7.732421875000000666e-01 5.886718750000000111e-02 1.047539062500000062e+00 -8.852539062500000000e-01
1.656445312500000044e-01 7.420410156250000222e-01 8.969921874999999822e-01 5.011718750000000722e-02 9.912890625000000400e-01 -5.571289062500000000e-01
3.556445312500000067e-01 8.670410156250000222e-01 7.169921875000000444e-01 3.011718749999999986e-02 8.912890624999999512e-01 -1.307128906250000000e+00
4.506445312499999800e-01 6.795410156250000222e-01 6.269921875000000755e-01 6.011718750000000222e-02 9.412890624999999956e-01 -9.321289062500000000e-01
2.606445312499999778e-01 8.045410156250000222e-01 8.069921875000000133e-01 4.011718749999999833e-02 1.041289062499999973e+00 -1.682128906250000000e+00
3.081445312499999645e-01 7.107910156250000222e-01 6.719921875000000044e-01 5.511718750000000472e-02 9.662890625000000178e-01 -1.869628906250000000e+00
4.981445312500000222e-01 8.357910156250000222e-01 8.519921875000000533e-01 3.511718750000000083e-02 1.066289062500000107e+00 -1.119628906250000000e+00
4.031445312499999933e-01 7.732910156250000222e-01 7.619921874999999734e-01 6.511718750000000666e-02 1.016289062500000062e+00 -1.494628906250000000e+00
2.131445312499999911e-01 8.982910156250000222e-01 5.819921875000000355e-01 4.511718750000000278e-02 9.162890624999999734e-01 -7.446289062500000000e-01
1.893945312499999978e-01 6.639160156250000222e-01 7.844921875000000488e-01 3.761718750000000305e-02 8.787890624999999956e-01 -8.383789062500000000e-01
3.793945312500000000e-01 7.889160156250000222e-01 6.044921875000000000e-01 5.761718750000000000e-02 9.787890624999999734e-01 -1.588378906250000000e+00
4.743945312499999734e-01 7.264160156250000222e-01 6.944921875000000799e-01 4.761718750000000500e-02 1.028789062500000018e+00 -1.213378906250000000e+00
2.843945312500000266e-01 8.514160156250000222e-01 8.744921875000000178e-01 6.761718750000000888e-02 9.287890625000000400e-01 -1.963378906250000000e+00
2.368945312499999845e-01 7.576660156250000222e-01 5.594921875000000711e-01 3.261718749999999861e-02 1.053789062500000151e+00 -1.775878906250000000e+00
4.268945312499999867e-01 8.826660156250000222e-01 7.394921875000000089e-01 5.261718750000000250e-02 9.537890625000000622e-01 -1.025878906250000000e+00
3.318945312500000133e-01 6.951660156250000222e-01 8.294921875000000888e-01 4.261718750000000056e-02 9.037890625000000178e-01 -1.400878906250000000e+00
1.418945312500000111e-01 8.201660156250000222e-01 6.494921875000000400e-01 6.261718750000000444e-02 1.003789062500000107e+00 -6.508789062500000000e-01
1.359570312499999989e-01 7.459472656250000222e-01 8.013671875000000222e-01 4.949218750000000666e-02 9.506640625000000178e-01 -1.939941406250000000e+00
3.259570312499999734e-01 8.709472656250000222e-01 6.213671875000000844e-01 6.949218749999999667e-02 1.050664062500000107e+00 -1.189941406250000000e+00
4.209570312500000022e-01 6.834472656250000222e-01 7.113671875000000533e-01 3.949218749999999778e-02 1.000664062500000062e+00 -1.564941406250000000e+00
2.309570312500000000e-01 8.084472656250000222e-01 8.913671874999999911e-01 5.949218750000000167e-02 9.006640624999999734e-01 -8.149414062500000000e-01
2.784570312499999867e-01 6.521972656250000222e-01 5.763671875000000444e-01 4.449218750000000222e-02 9.756640625000000400e-01 -6.274414062500000000e-01
4.684570312499999889e-01 7.771972656250000222e-01 7.563671874999999822e-01 6.449218750000000611e-02 8.756640624999999512e-01 -1.377441406250000000e+00
3.734570312500000155e-01 7.146972656250000222e-01 8.463671875000000622e-01 3.449218750000000028e-02 9.256640624999999956e-01 -1.002441406250000000e+00
1.834570312500000133e-01 8.396972656250000222e-01 6.663671875000000133e-01 5.449218750000000416e-02 1.025664062499999973e+00 -1.752441406250000000e+00
2.072070312500000067e-01 6.990722656250000222e-01 8.688671875000000266e-01 6.199218750000000389e-02 1.063164062500000062e+00 -1.658691406250000000e+00
3.972070312500000089e-01 8.240722656250000222e-01 6.888671875000000888e-01 4.199218750000000000e-02 9.631640624999999734e-01 -9.086914062500000000e-01
4.922070312499999822e-01 7.615722656250000222e-01 5.988671875000000089e-01 5.199218750000000194e-02 9.131640625000000400e-01 -1.283691406250000000e+00
3.022070312500000355e-01 8.865722656250000222e-01 7.788671875000000577e-01 3.199218749999999806e-02 1.013164062500000018e+00 -5.336914062500000000e-01
2.547070312499999933e-01 7.303222656250000222e-01 6.438671875000000488e-01 6.699218750000000833e-02 8.881640625000000178e-01 -7.211914062500000000e-01
4.447070312499999956e-01 8.553222656250000222e-01 8.238671875000000977e-01 4.699218750000000444e-02 9.881640624999999956e-01 -1.471191406250000000e+00
3.497070312500000222e-01 6.678222656250000222e-01 7.338671875000000178e-01 5.699218749999999944e-02 1.038164062499999929e+00 -1.096191406250000000e+00
1.597070312499999922e-01 7.928222656250000222e-01 5.538671875000000799e-01 3.699218750000000250e-02 9.381640625000000622e-01 -1.846191406250000000e+00
1.478320312499999956e-01 6.756347656250000222e-01 7.001171875000000711e-01 3.324218749999999917e-02 9.069140625000000622e-01 -1.518066406250000000e+00
3.378320312499999978e-01 8.006347656250000222e-01 8.801171875000000089e-01 5.324218750000000305e-02 1.006914062499999929e+00 -7.680664062500000000e-01
4.328320312500000266e-01 7.381347656250000222e-01 7.901171875000000400e-01 4.324218750000000111e-02 1.056914062499999973e+00 -1.893066406250000000e+00
2.428320312499999967e-01 8.631347656250000222e-01 6.101171874999999911e-01 6.324218750000000500e-02 9.569140624999999956e-01 -1.143066406250000000e+00
2.903320312500000111e-01 7.693847656250000222e-01 8.351171875000000799e-01 3.824218749999999667e-02 1.031914062500000062e+00 -9.555664062500000000e-01
4.803320312500000133e-01 8.943847656250000222e-01 6.551171875000000311e-01 5.824218750000000056e-02 9.319140624999999734e-01 -1.705566406250000000e+00
3.853320312499999845e-01 7.068847656250000222e-01 5.651171875000000622e-01 4.824218750000000555e-02 8.819140625000000400e-01 -5.805664062500000000e-01
1.953320312499999822e-01 8.318847656250000222e-01 7.451171875000000000e-01 6.824218750000000944e-02 9.819140625000000178e-01 -1.330566406250000000e+00
1.715820312499999889e-01 7.225097656250000222e-01 6.326171875000000666e-01 5.574218750000000527e-02 1.019414062500000107e+00 -1.424316406250000000e+00
3.615820312499999911e-01 8.475097656250000222e-01 8.126171875000001155e-01 3.574218750000000139e-02 9.194140625000000178e-01 -6.743164062500000000e-01
4.565820312500000200e-01 6.600097656250000222e-01 9.026171874999999734e-01 6.574218750000000722e-02 9.694140625000000622e-01 -1.799316406250000000e+00
2.665820312500000178e-01 7.850097656250000222e-01 7.226171875000000355e-01 4.574218750000000333e-02 1.069414062500000151e+00 -1.049316406250000000e+00
2.190820312500000033e-01 6.912597656250000222e-01 7.676171875000000755e-01 5.074218750000000777e-02 9.444140625000000400e-01 -1.236816406250000000e+00
4.090820312499999778e-01 8.162597656250000222e-01 5.876171875000000266e-01 3.074218750000000042e-02 1.044414062500000018e+00 -1.986816406250000000e+00
3.140820312500000044e-01 7.537597656250000222e-01 6.776171875000001066e-01 6.074218750000000278e-02 9.944140625000000844e-01 -8.618164062500000000e-01
1.240820312500000022e-01 8.787597656250000222e-01 8.576171875000000444e-01 4.074218749999999889e-02 8.944140624999999956e-01 -1.611816406250000000e+00
1.255664062499999845e-01 6.707519531250000222e-01 7.605859375000000311e-01 6.371093750000000888e-02 9.842578124999999956e-01 -1.840332031250000000e+00
3.155664062499999867e-01 7.957519531250000222e-01 5.805859375000000933e-01 4.371093750000000500e-02 8.842578125000000178e-01 -1.090332031250000000e+00
4.105664062500000155e-01 7.332519531250000222e-01 6.705859375000000622e-01 5.371093750000000000e-02 9.342578125000000622e-01 -1.465332031250000000e+00
2.205664062500000133e-01 8.582519531250000222e-01 8.505859375000000000e-01 3.371093749999999611e-02 1.034257812499999929e+00 -7.153320312500000000e-01
2.680664062500000000e-01 7.645019531250000222e-01 6.255859375000000222e-01 6.871093750000001332e-02 9.592578124999999734e-01 -5.278320312500000000e-01
4.580664062500000022e-01 8.895019531250000222e-01 8.055859375000000711e-01 4.871093750000000250e-02 1.059257812500000062e+00 -1.277832031250000000e+00
3.630664062499999734e-01 7.020019531250000222e-01 8.955859375000000400e-01 5.871093750000000444e-02 1.009257812500000018e+00 -9.028320312500000000e-01
1.730664062499999989e-01 8.270019531250000222e-01 7.155859374999999911e-01 3.871093750000000056e-02 9.092578125000000400e-01 -1.652832031250000000e+00
1.968164062499999922e-01 7.176269531250000222e-01 8.280859375000000355e-01 4.621093750000000722e-02 8.717578124999999512e-01 -1.746582031250000000e+00
3.868164062500000222e-01 8.426269531250000222e-01 6.480859375000000977e-01 6.621093750000001110e-02 9.717578125000000400e-01 -9.965820312500000000e-01
4.818164062499999956e-01 6.551269531250000222e-01 5.580859375000000178e-01 3.621093749999999833e-02 1.021757812499999973e+00 -1.371582031250000000e+00
2.918164062499999933e-01 7.801269531250000222e-01 7.380859375000000666e-01 5.621093750000000222e-02 9.217578124999999956e-01 -6.215820312500000000e-01
2.443164062500000067e-01 6.863769531250000222e-01 6.930859375000000266e-01 4.121093750000000278e-02 1.046757812500000107e+00 -8.090820312500000000e-01
4.343164062500000089e-01 8.113769531250000222e-01 8.730859374999999645e-01 6.121093750000000666e-02 9.467578125000000178e-01 -1.559082031250000000e+00
3.393164062500000355e-01 7.488769531250000222e-01 7.830859374999999956e-01 3.121093750000000083e-02 8.967578124999999734e-01 -1.184082031250000000e+00
1.493164062500000056e-01 8.738769531250000222e-01 6.030859375000000577e-01 5.121093750000000472e-02 9.967578125000000622e-01 -1.934082031250000000e+00
1.611914062500000022e-01 7.566894531250000222e-01 6.593359375000000799e-01 5.996093750000000555e-02 1.040507812500000018e+00 -1.605957031250000000e+00
3.511914062500000044e-01 8.816894531250000222e-01 8.393359375000000178e-01 3.996093750000000167e-02 9.405078125000000400e-01 -8.559570312500000000e-01
4.461914062499999778e-01 6.941894531250000222e-01 7.493359375000000488e-01 6.996093750000001443e-02 8.905078124999999956e-01 -1.980957031250000000e+00
2.561914062500000311e-01 8.191894531250000222e-01 5.693359375000000000e-01 4.996093750000000361e-02 9.905078124999999734e-01 -1.230957031250000000e+00
3.036914062500000178e-01 6.629394531250000222e-01 8.843359375000000577e-01 5.496093750000000111e-02 9.155078125000000178e-01 -1.043457031250000000e+00
4.936914062500000200e-01 7.879394531250000222e-01 7.043359375000000089e-01 3.496093749999999722e-02 1.015507812500000107e+00 -1.793457031250000000e+00
3.986914062499999911e-01 7.254394531250000222e-01 6.143359375000000400e-01 6.496093750000000999e-02 1.065507812500000151e+00 -6.684570312500000000e-01
2.086914062499999889e-01 8.504394531250000222e-01 7.943359375000000888e-01 4.496093750000000611e-02 9.655078125000000622e-01 -1.418457031250000000e+00
1.849414062499999956e-01 7.098144531250000222e-01 5.918359375000000755e-01 3.246093750000000194e-02 9.280078124999999734e-01 -1.324707031250000000e+00
3.749414062499999978e-01 8.348144531250000222e-01 7.718359375000000133e-01 5.246093749999999889e-02 1.028007812500000062e+00 -5.747070312500000000e-01
4.699414062500000266e-01 7.723144531250000222e-01 8.618359374999999822e-01 4.246093750000000389e-02 9.780078125000000178e-01 -1.699707031250000000e+00
2.799414062499999689e-01 8.973144531250000222e-01 6.818359375000000444e-01 6.246093750000000777e-02 8.780078125000000400e-01 -9.497070312500000000e-01
2.324414062499999822e-01 7.410644531250000222e-01 8.168359375000000533e-01 3.746093749999999944e-02 1.003007812499999929e+00 -1.137207031250000000e+00
4.224414062499999845e-01 8.660644531250000222e-01 6.368359375000000044e-01 5.746093750000000333e-02 9.030078125000000622e-01 -1.887207031250000000e+00
3.274414062500000111e-01 6.785644531250000222e-01 7.268359374999999734e-01 4.746093750000000139e-02 9.530078124999999956e-01 -7.622070312500000000e-01
1.374414062500000089e-01 8.035644531250000222e-01 9.068359375000000222e-01 6.746093750000001221e-02 1.053007812499999973e+00 -1.512207031250000000e+00
1.433789062499999933e-01 7.293457031250000222e-01 5.637109375000000089e-01 4.058593750000000222e-02 8.998828125000000178e-01 -8.793945312500000000e-01
3.333789062499999956e-01 8.543457031250000222e-01 7.437109375000000577e-01 6.058593750000000611e-02 9.998828125000001066e-01 -1.629394531250000000e+00
4.283789062500000244e-01 6.668457031250000222e-01 8.337109375000000266e-01 3.058593750000000028e-02 1.049882812500000151e+00 -5.043945312500000000e-01
2.383789062499999944e-01 7.918457031250000222e-01 6.537109375000000888e-01 5.058593750000000416e-02 9.498828125000000622e-01 -1.254394531250000000e+00
2.858789062500000089e-01 6.980957031250000222e-01 7.887109375000000977e-01 4.558593749999999972e-02 1.024882812500000018e+00 -1.441894531250000000e+00
4.758789062500000111e-01 8.230957031250000222e-01 6.087109375000000488e-01 6.558593749999999667e-02 9.248828125000000400e-01 -6.918945312500000000e-01
3.808789062499999822e-01 7.605957031250000222e-01 6.987109375000000178e-01 3.558593749999999778e-02 8.748828124999999956e-01 -1.816894531250000000e+00
1.908789062499999800e-01 8.855957031250000222e-01 8.787109374999999556e-01 5.558593750000000167e-02 9.748828124999999734e-01 -1.066894531250000000e+00
2.146289062500000011e-01 6.512207031250000222e-01 6.762109375000000533e-01 6.808593749999999889e-02 1.012382812500000062e+00 -1.160644531250000000e+00
4.046289062499999756e-01 7.762207031250000222e-01 8.562109374999999911e-01 4.808593750000000194e-02 9.123828124999999734e-01 -1.910644531250000000e+00
4.996289062500000044e-01 7.137207031250000222e-01 7.662109375000000222e-01 5.808593750000000389e-02 9.623828125000000178e-01 -7.856445312500000000e-01
3.096289062500000022e-01 8.387207031250000222e-01 5.862109375000000844e-01 3.808593750000000000e-02 1.062382812500000107e+00 -1.535644531250000000e+00
2.621289062499999600e-01 7.449707031250000222e-01 9.012109375000000311e-01 6.308593750000000833e-02 9.373828124999999956e-01 -1.348144531250000000e+00
4.521289062500000178e-01 8.699707031250000222e-01 7.212109374999999822e-01 4.308593750000000444e-02 1.037382812499999973e+00 -5.981445312500000000e-01
3.571289062499999889e-01 6.824707031250000222e-01 6.312109375000000133e-01 5.308593749999999944e-02 9.873828125000000400e-01 -1.723144531250000000e+00
1.671289062499999867e-01 8.074707031250000222e-01 8.112109375000000622e-01 3.308593750000000250e-02 8.873828124999999512e-01 -9.731445312500000000e-01
1.552539062499999900e-01 6.902832031250000222e-01 8.449609375000000089e-01 3.683593749999999889e-02 9.561328125000000400e-01 -6.450195312500000000e-01
3.452539062499999645e-01 8.152832031250000222e-01 6.649609375000000711e-01 5.683593750000000278e-02 1.056132812500000018e+00 -1.395019531250000000e+00
4.402539062499999933e-01 7.527832031250000222e-01 5.749609374999999911e-01 4.683593750000000083e-02 1.006132812499999973e+00 -1.020019531250000000e+00
2.502539062499999911e-01 8.777832031250000222e-01 7.549609375000000400e-01 6.683593749999999778e-02 9.061328124999999956e-01 -1.770019531250000000e+00
2.977539062499999778e-01 7.215332031250000222e-01 7.099609375000000000e-01 3.183593750000000139e-02 9.811328125000000622e-01 -1.957519531250000000e+00
4.877539062499999800e-01 8.465332031250000222e-01 8.899609375000000488e-01 5.183593749999999833e-02 8.811328124999999734e-01 -1.207519531250000000e+00
3.927539062500000067e-01 6.590332031250000222e-01 7.999609375000000799e-01 4.183593750000000333e-02 9.311328125000000178e-01 -1.582519531250000000e+00
2.027539062500000044e-01 7.840332031250000222e-01 6.199609375000000311e-01 6.183593750000000722e-02 1.031132812500000107e+00 -8.325195312500000000e-01
1.790039062500000111e-01 7.684082031250000222e-01 7.324609375000000755e-01 5.433593750000000056e-02 1.068632812499999973e+00 -7.387695312500000000e-01
3.690039062500000133e-01 8.934082031250000222e-01 5.524609375000000266e-01 3.433593749999999667e-02 9.686328124999999956e-01 -1.488769531250000000e+00
4.640039062499999867e-01 7.059082031250000222e-01 6.424609374999999956e-01 6.433593749999999556e-02 9.186328125000000622e-01 -1.113769531250000000e+00
2.740039062499999845e-01 8.309082031250000222e-01 8.224609375000000444e-01 4.433593750000000555e-02 1.018632812499999929e+00 -1.863769531250000000e+00
2.265039062499999978e-01 6.746582031250000222e-01 5.974609375000000666e-01 5.933593750000000500e-02 8.936328125000000400e-01 -1.676269531250000000e+00
4.165039062500000000e-01 7.996582031250000222e-01 7.774609375000000044e-01 3.933593750000000111e-02 9.936328125000000178e-01 -9.262695312500000000e-01
3.215039062500000266e-01 7.371582031250000222e-01 8.674609374999999734e-01 6.933593750000000000e-02 1.043632812500000062e+00 -1.301269531250000000e+00
1.315039062499999967e-01 8.621582031250000222e-01 6.874609375000000355e-01 4.933593750000000305e-02 9.436328124999999734e-01 -5.512695312500000000e-01
1.285351562500000044e-01 7.625488281250000222e-01 8.758984375000000711e-01 3.402343750000000333e-02 9.983203124999999734e-01 -8.442382812500000000e-01
3.185351562500000067e-01 8.875488281250000222e-01 6.958984375000000222e-01 5.402343750000000722e-02 8.983203124999999956e-01 -1.594238281250000000e+00
4.135351562499999800e-01 7.000488281250000222e-01 6.058984375000000533e-01 4.402343749999999833e-02 9.483203125000000400e-01 -1.219238281250000000e+00
2.235351562499999778e-01 8.250488281250000222e-01 7.858984374999999911e-01 6.402343750000000222e-02 1.048320312500000018e+00 -1.969238281250000000e+00
2.710351562499999645e-01 6.687988281250000222e-01 6.508984374999999822e-01 3.902343750000000083e-02 9.233203125000000178e-01 -1.781738281250000000e+00
4.610351562500000222e-01 7.937988281250000222e-01 8.308984375000000311e-01 5.902343750000000472e-02 1.023320312500000107e+00 -1.031738281250000000e+00
3.660351562499999933e-01 7.312988281250000222e-01 7.408984375000000622e-01 4.902343750000000278e-02 9.733203125000000622e-01 -1.406738281250000000e+00
1.760351562499999911e-01 8.562988281250000222e-01 5.608984375000000133e-01 6.902343750000000666e-02 8.733203124999999734e-01 -6.567382812500000000e-01
1.997851562499999845e-01 6.844238281250000222e-01 8.083984374999999556e-01 5.652343750000000250e-02 9.108203125000000622e-01 -5.629882812500000000e-01
3.897851562499999867e-01 8.094238281250000222e-01 6.283984375000000178e-01 3.652343749999999861e-02 1.010820312499999929e+00 -1.312988281250000000e+00
4.847851562500000155e-01 7.469238281250000222e-01 7.183984375000000977e-01 6.652343750000000444e-02 1.060820312499999973e+00 -9.379882812500000000e-01
2.947851562500000133e-01 8.719238281250000222e-01 8.983984375000000355e-01 4.652343750000000056e-02 9.608203124999999956e-01 -1.687988281250000000e+00
2.472851562499999989e-01 7.156738281250000222e-01 5.833984375000000888e-01 5.152343750000000500e-02 1.035820312500000062e+00 -1.875488281250000000e+00
4.372851562499999734e-01 8.406738281250000222e-01 7.633984375000000266e-01 3.152343750000000111e-02 9.358203124999999734e-01 -1.125488281250000000e+00
3.422851562500000000e-01 6.531738281250000222e-01 8.533984375000001066e-01 6.152343750000000694e-02 8.858203125000000400e-01 -1.500488281250000000e+00
1.522851562499999978e-01 7.781738281250000222e-01 6.733984375000000577e-01 4.152343750000000305e-02 9.858203125000000178e-01 -7.504882812500000000e-01
1.641601562499999944e-01 6.609863281250000222e-01 6.396484375000000000e-01 4.777343750000000167e-02 1.054570312500000107e+00 -1.078613281250000000e+00
3.541601562499999689e-01 7.859863281250000222e-01 8.196484375000000488e-01 6.777343750000000555e-02 9.545703125000000178e-01 -1.828613281250000000e+00
4.491601562499999978e-01 7.234863281250000222e-01 9.096484375000000178e-01 3.777343749999999972e-02 9.045703124999999734e-01 -7.036132812500000000e-01
2.591601562499999956e-01 8.484863281250000222e-01 7.296484375000000799e-01 5.777343750000000361e-02 1.004570312500000062e+00 -1.453613281250000000e+00
3.066601562499999822e-01 7.547363281250000222e-01 7.746484375000000089e-01 4.277343749999999722e-02 8.795703124999999512e-01 -1.266113281250000000e+00
4.966601562499999845e-01 8.797363281250000222e-01 5.946484375000000711e-01 6.277343750000000111e-02 9.795703125000000400e-01 -5.161132812500000000e-01
4.016601562500000111e-01 6.922363281250000222e-01 6.846484375000000400e-01 3.277343750000000222e-02 1.029570312499999973e+00 -1.641113281250000000e+00
2.116601562500000089e-01 8.172363281250000222e-01 8.646484375000000888e-01 5.277343750000000611e-02 9.295703124999999956e-01 -8.911132812500000000e-01
1.879101562500000155e-01 7.391113281250000222e-01 7.071484375000000044e-01 6.027343750000000583e-02 9.670703124999999734e-01 -9.848632812500000000e-01
3.779101562500000178e-01 8.641113281250000222e-01 8.871484375000000533e-01 4.027343750000000194e-02 1.067070312500000062e+00 -1.734863281250000000e+00
4.729101562499999911e-01 6.766113281250000222e-01 7.971484374999999734e-01 5.027343750000000389e-02 1.017070312500000018e+00 -6.098632812500000000e-01
2.829101562499999889e-01 8.016113281250000222e-01 6.171484375000000355e-01 3.027343750000000000e-02 9.170703125000000400e-01 -1.359863281250000000e+00
2.354101562500000022e-01 7.078613281250000222e-01 8.421484375000000133e-01 6.527343750000000333e-02 9.920703124999999956e-01 -1.547363281250000000e+00
4.254101562500000044e-01 8.328613281250000222e-01 6.621484375000000755e-01 4.527343749999999944e-02 8.920703125000000178e-01 -7.973632812500000000e-01
3.304101562500000311e-01 7.703613281250000222e-01 5.721484374999999956e-01 5.527343750000000833e-02 9.420703125000000622e-01 -1.922363281250000000e+00
1.404101562500000011e-01 8.953613281250000222e-01 7.521484375000000444e-01 3.527343749999999750e-02 1.042070312499999929e+00 -1.172363281250000000e+00
1.344726562499999889e-01 7.039550781250000222e-01 7.240234375000000888e-01 5.214843750000000555e-02 8.826953124999999956e-01 -1.430175781250000000e+00
3.244726562499999911e-01 8.289550781250000222e-01 9.040234375000000266e-01 3.214843750000000167e-02 9.826953124999999734e-01 -6.801757812500000000e-01
4.194726562500000200e-01 7.664550781250000222e-01 8.140234375000000577e-01 6.214843750000000749e-02 1.032695312500000018e+00 -1.805175781250000000e+00
2.294726562499999900e-01 8.914550781250000222e-01 6.340234375000000089e-01 4.214843750000000361e-02 9.326953125000000400e-01 -1.055175781250000000e+00
2.769726562500000044e-01 7.352050781250000222e-01 8.590234375000000977e-01 5.714843750000000305e-02 1.057695312500000151e+00 -1.242675781250000000e+00
4.669726562500000067e-01 8.602050781250000222e-01 6.790234375000000488e-01 3.714843749999999917e-02 9.576953125000000622e-01 -1.992675781250000000e+00
3.719726562499999778e-01 6.727050781250000222e-01 5.890234375000000799e-01 6.714843750000000500e-02 9.076953125000000178e-01 -8.676757812500000000e-01
1.819726562500000033e-01 7.977050781250000222e-01 7.690234375000000178e-01 4.714843750000000111e-02 1.007695312500000107e+00 -1.617675781250000000e+00
2.057226562499999967e-01 7.508300781250000222e-01 6.115234375000000444e-01 3.964843750000000139e-02 9.701953125000000178e-01 -1.523925781250000000e+00
3.957226562499999711e-01 8.758300781250000222e-01 7.915234374999999822e-01 5.964843750000000527e-02 8.701953125000000400e-01 -7.739257812500000000e-01
4.907226562500000000e-01 6.883300781250000222e-01 8.815234375000000622e-01 4.964843750000000333e-02 9.201953124999999734e-01 -1.898925781250000000e+00
3.007226562499999978e-01 8.133300781250000222e-01 7.015234375000000133e-01 6.964843750000000722e-02 1.020195312500000062e+00 -1.148925781250000000e+00
2.532226562499999556e-01 6.570800781250000222e-01 7.465234375000000533e-01 3.464843749999999695e-02 9.451953124999999956e-01 -9.614257812500000000e-01
4.432226562500000133e-01 7.820800781250000222e-01 5.665234375000000044e-01 5.464843750000000777e-02 1.045195312499999973e+00 -1.711425781250000000e+00
3.482226562499999845e-01 7.195800781250000222e-01 6.565234375000000844e-01 4.464843749999999889e-02 9.951953125000000400e-01 -5.864257812500000000e-01
1.582226562499999822e-01 8.445800781250000222e-01 8.365234375000000222e-01 6.464843750000000278e-02 8.951953124999999512e-01 -1.336425781250000000e+00
1.463476562499999856e-01 7.273925781250000222e-01 7.802734375000000000e-01 6.589843750000000389e-02 9.389453125000000178e-01 -1.664550781250000000e+00
3.363476562499999600e-01 8.523925781250000222e-01 6.002734375000000622e-01 4.589843750000000000e-02 1.038945312500000107e+00 -9.145507812500000000e-01
4.313476562499999889e-01 6.648925781250000222e-01 6.902734375000000311e-01 5.589843750000000888e-02 9.889453125000000622e-01 -1.289550781250000000e+00
2.413476562499999867e-01 7.898925781250000222e-01 8.702734375000000799e-01 3.589843749999999806e-02 8.889453124999999734e-01 -5.395507812500000000e-01
2.888476562499999734e-01 6.961425781250000222e-01 5.552734375000000222e-01 6.089843750000000638e-02 1.013945312499999973e+00 -7.270507812500000000e-01
4.788476562499999756e-01 8.211425781250000222e-01 7.352734375000000711e-01 4.089843750000000250e-02 9.139453124999999956e-01 -1.477050781250000000e+00
3.838476562500000022e-01 7.586425781250000222e-01 8.252734375000000400e-01 5.089843750000000444e-02 9.639453125000000400e-01 -1.102050781250000000e+00
1.938476562500000000e-01 8.836425781250000222e-01 6.452734374999999911e-01 3.089843750000000056e-02 1.063945312500000018e+00 -1.852050781250000000e+00
1.700976562500000067e-01 6.805175781250000222e-01 8.927734375000000444e-01 4.339843749999999778e-02 1.026445312499999929e+00 -1.945800781250000000e+00
3.600976562500000089e-01 8.055175781250000222e-01 7.127734375000001066e-01 6.339843750000001554e-02 9.264453125000000622e-01 -1.195800781250000000e+00
4.550976562499999822e-01 7.430175781250000222e-01 6.227734375000000266e-01 3.339843750000000278e-02 8.764453125000000178e-01 -1.570800781250000000e+00
2.650976562500000355e-01 8.680175781250000222e-01 8.027734374999999645e-01 5.339843750000000666e-02 9.764453124999999956e-01 -8.208007812500000000e-01
2.175976562499999933e-01 7.742675781250000222e-01 6.677734375000000666e-01 4.839843750000000222e-02 9.014453125000000400e-01 -6.333007812500000000e-01
4.075976562499999956e-01 8.992675781250000222e-01 8.477734375000001155e-01 6.839843750000000611e-02 1.001445312500000018e+00 -1.383300781250000000e+00
3.125976562500000222e-01 7.117675781250000222e-01 7.577734375000000355e-01 3.839843750000000028e-02 1.051445312500000062e+00 -1.008300781250000000e+00
1.225976562499999922e-01 8.367675781250000222e-01 5.777734375000000977e-01 5.839843750000000416e-02 9.514453124999999734e-01 -1.758300781250000000e+00
1.218554687500000011e-01 7.122558593750000222e-01 9.033203125000000000e-01 4.722656249999999944e-02 9.080859374999999956e-01 -1.192871093750000000e+00
3.118554687500000311e-01 8.372558593750000222e-01 7.233203125000000622e-01 6.722656250000000333e-02 1.008085937499999973e+00 -1.942871093750000000e+00
4.068554687500000044e-01 7.747558593750000222e-01 6.333203124999999822e-01 3.722656249999999750e-02 1.058085937500000018e+00 -8.178710937500000000e-01
2.168554687500000022e-01 8.997558593750000222e-01 8.133203125000000311e-01 5.722656250000000833e-02 9.580859375000000400e-01 -1.567871093750000000e+00
2.643554687499999889e-01 7.435058593750000222e-01 6.783203125000000222e-01 4.222656250000000194e-02 1.033085937500000107e+00 -1.380371093750000000e+00
4.543554687499999911e-01 8.685058593750000222e-01 8.583203125000000711e-01 6.222656250000000583e-02 9.330859375000000178e-01 -6.303710937500000000e-01
3.593554687500000178e-01 6.810058593750000222e-01 7.683203124999999911e-01 3.222656250000000000e-02 8.830859374999999734e-01 -1.755371093750000000e+00
1.693554687499999878e-01 8.060058593750000222e-01 5.883203125000000533e-01 5.222656250000000389e-02 9.830859375000000622e-01 -1.005371093750000000e+00
1.931054687500000089e-01 7.591308593750000222e-01 7.908203125000000666e-01 6.472656250000000111e-02 9.955859375000000178e-01 -9.116210937500000000e-01
3.831054687500000111e-01 8.841308593750000222e-01 6.108203125000000178e-01 4.472656250000000416e-02 8.955859375000000400e-01 -1.661621093750000000e+00
4.781054687499999845e-01 6.966308593750000222e-01 7.008203125000000977e-01 5.472656250000000611e-02 9.455859374999999734e-01 -5.366210937500000000e-01
2.881054687499999822e-01 8.216308593750000222e-01 8.808203125000000355e-01 3.472656250000000222e-02 1.045585937500000062e+00 -1.286621093750000000e+00
2.406054687499999956e-01 6.653808593750000222e-01 5.658203125000000888e-01 6.972656250000000555e-02 9.205859375000000622e-01 -1.474121093750000000e+00
4.306054687499999978e-01 7.903808593750000222e-01 7.458203125000000266e-01 4.972656250000000167e-02 1.020585937499999929e+00 -7.241210937500000000e-01
3.356054687499999689e-01 7.278808593750000222e-01 8.358203125000001066e-01 5.972656250000000361e-02 9.705859374999999956e-01 -1.849121093750000000e+00
1.456054687499999944e-01 8.528808593750000222e-01 6.558203125000000577e-01 3.972656249999999972e-02 8.705859375000000178e-01 -1.099121093750000000e+00
1.574804687499999911e-01 7.200683593750000222e-01 5.995703125000000355e-01 3.097656249999999889e-02 9.643359375000000178e-01 -7.709960937500000000e-01
3.474804687499999933e-01 8.450683593750000222e-01 7.795703124999999734e-01 5.097656250000000278e-02 1.064335937500000107e+00 -1.520996093750000000e+00
4.424804687500000222e-01 6.575683593750000222e-01 8.695703125000000533e-01 4.097656250000000083e-02 1.014335937500000062e+00 -1.145996093750000000e+00
2.524804687499999645e-01 7.825683593750000222e-01 6.895703125000000044e-01 6.097656250000000472e-02 9.143359374999999734e-01 -1.895996093750000000e+00
2.999804687500000067e-01 6.888183593750000222e-01 7.345703125000000444e-01 3.597656250000000333e-02 9.893359375000000400e-01 -1.708496093750000000e+00
4.899804687500000089e-01 8.138183593750000222e-01 5.545703124999999956e-01 5.597656250000000722e-02 8.893359374999999512e-01 -9.584960937500000000e-01
3.949804687499999800e-01 7.513183593750000222e-01 6.445703125000000755e-01 4.597656249999999833e-02 9.393359374999999956e-01 -1.333496093750000000e+00
2.049804687499999778e-01 8.763183593750000222e-01 8.245703125000000133e-01 6.597656250000000222e-02 1.039335937499999973e+00 -5.834960937500000000e-01
1.812304687499999845e-01 6.731933593750000222e-01 7.120703125000000799e-01 5.847656250000000944e-02 1.051835937500000151e+00 -6.772460937500000000e-01
3.712304687499999867e-01 7.981933593750000222e-01 8.920703125000000178e-01 3.847656249999999861e-02 9.518359375000000622e-01 -1.427246093750000000e+00
4.662304687500000155e-01 7.356933593750000222e-01 8.020703125000000488e-01 6.847656250000000444e-02 9.018359375000000178e-01 -1.052246093750000000e+00
2.762304687500000133e-01 8.606933593750000222e-01 6.220703125000000000e-01 4.847656250000000056e-02 1.001835937500000107e+00 -1.802246093750000000e+00
2.287304687499999989e-01 7.669433593750000222e-01 8.470703125000000888e-01 5.347656250000000500e-02 8.768359374999999956e-01 -1.989746093750000000e+00
4.187304687499999734e-01 8.919433593750000222e-01 6.670703125000000400e-01 3.347656250000000111e-02 9.768359374999999734e-01 -1.239746093750000000e+00
3.237304687500000000e-01 7.044433593750000222e-01 5.770703125000000711e-01 6.347656250000000000e-02 1.026835937500000018e+00 -1.614746093750000000e+00
1.337304687499999978e-01 8.294433593750000222e-01 7.570703125000000089e-01 4.347656250000000305e-02 9.268359375000000400e-01 -8.647460937500000000e-01
1.396679687499999822e-01 7.708496093750000222e-01 6.951953125000001066e-01 6.910156250000000500e-02 9.737109375000000400e-01 -1.731933593750000000e+00
3.296679687499999845e-01 8.958496093750000222e-01 8.751953125000000444e-01 4.910156250000000111e-02 8.737109374999999512e-01 -9.819335937500000000e-01
4.246679687500000133e-01 7.083496093750000222e-01 7.851953125000000755e-01 5.910156250000000305e-02 9.237109374999999956e-01 -1.356933593750000000e+00
2.346679687500000111e-01 8.333496093750000222e-01 6.051953125000000266e-01 3.910156249999999917e-02 1.023710937499999973e+00 -6.069335937500000000e-01
2.821679687499999978e-01 6.770996093750000222e-01 8.301953125000001155e-01 6.410156250000001443e-02 9.487109375000000178e-01 -7.944335937500000000e-01
4.721679687500000000e-01 8.020996093750000222e-01 6.501953125000000666e-01 4.410156250000000361e-02 1.048710937500000107e+00 -1.544433593750000000e+00
3.771679687499999711e-01 7.395996093750000222e-01 5.601953125000000977e-01 5.410156250000000555e-02 9.987109375000000622e-01 -1.169433593750000000e+00
1.871679687499999967e-01 8.645996093750000222e-01 7.401953125000000355e-01 3.410156250000000167e-02 8.987109374999999734e-01 -1.919433593750000000e+00
2.109179687499999900e-01 6.927246093750000222e-01 6.276953124999999911e-01 4.160156250000000139e-02 8.862109375000000178e-01 -1.825683593750000000e+00
4.009179687500000200e-01 8.177246093750000222e-01 8.076953125000000400e-01 6.160156250000000527e-02 9.862109374999999956e-01 -1.075683593750000000e+00
4.959179687499999933e-01 7.552246093750000222e-01 8.976953125000000089e-01 3.160156249999999944e-02 1.036210937499999929e+00 -1.450683593750000000e+00
3.059179687499999911e-01 8.802246093750000222e-01 7.176953125000000711e-01 5.160156250000000333e-02 9.362109375000000622e-01 -7.006835937500000000e-01
2.584179687500000044e-01 7.239746093750000222e-01 7.626953125000000000e-01 4.660156249999999889e-02 1.061210937500000062e+00 -5.131835937500000000e-01
4.484179687500000067e-01 8.489746093750000222e-01 5.826953125000000622e-01 6.660156250000000278e-02 9.612109374999999734e-01 -1.263183593750000000e+00
3.534179687499999778e-01 6.614746093750000222e-01 6.726953125000000311e-01 3.660156250000000389e-02 9.112109375000000400e-01 -8.881835937500000000e-01
1.634179687500000033e-01 7.864746093750000222e-01 8.526953125000000799e-01 5.660156250000000777e-02 1.011210937500000018e+00 -1.638183593750000000e+00
1.515429687500000067e-01 6.536621093750000222e-01 8.189453125000000222e-01 5.285156250000000444e-02 1.029960937500000062e+00 -1.310058593750000000e+00
3.415429687500000089e-01 7.786621093750000222e-01 6.389453125000000844e-01 3.285156250000000056e-02 9.299609374999999734e-01 -5.600585937500000000e-01
4.365429687499999822e-01 7.161621093750000222e-01 7.289453125000000533e-01 6.285156250000001332e-02 8.799609375000000400e-01 -1.685058593750000000e+00
2.465429687500000078e-01 8.411621093750000222e-01 9.089453124999999911e-01 4.285156250000000250e-02 9.799609375000000178e-01 -9.350585937500000000e-01
2.940429687500000222e-01 7.474121093750000222e-01 5.939453125000000444e-01 5.785156250000000888e-02 9.049609375000000622e-01 -1.122558593750000000e+00
4.840429687500000244e-01 8.724121093750000222e-01 7.739453124999999822e-01 3.785156249999999806e-02 1.004960937499999929e+00 -1.872558593750000000e+00
3.890429687499999956e-01 6.849121093750000222e-01 8.639453125000000622e-01 6.785156250000000389e-02 1.054960937499999973e+00 -7.475585937500000000e-01
1.990429687499999933e-01 8.099121093750000222e-01 6.839453125000000133e-01 4.785156250000000000e-02 9.549609374999999956e-01 -1.497558593750000000e+00
1.752929687500000000e-01 7.317871093750000222e-01 8.864453125000000266e-01 3.535156250000000278e-02 9.424609375000000400e-01 -1.591308593750000000e+00
3.652929687500000022e-01 8.567871093750000222e-01 7.064453125000000888e-01 5.535156250000000666e-02 1.042460937500000018e+00 -8.413085937500000000e-01
4.602929687499999756e-01 6.692871093750000222e-01 6.164453125000000089e-01 4.535156249999999778e-02 9.924609375000000844e-01 -1.966308593750000000e+00
2.702929687499999734e-01 7.942871093750000222e-01 7.964453125000000577e-01 6.535156250000001554e-02 8.924609374999999956e-01 -1.216308593750000000e+00
2.227929687499999867e-01 7.005371093750000222e-01 6.614453125000000488e-01 3.035156249999999833e-02 1.017460937500000107e+00 -1.028808593750000000e+00
4.127929687499999889e-01 8.255371093750000222e-01 8.414453125000000977e-01 5.035156250000000222e-02 9.174609375000000178e-01 -1.778808593750000000e+00
3.177929687499999600e-01 7.630371093750000222e-01 7.514453125000000178e-01 4.035156250000000028e-02 9.674609375000000622e-01 -6.538085937500000000e-01
1.277929687499999856e-01 8.880371093750000222e-01 5.714453125000000799e-01 6.035156250000000416e-02 1.067460937500000151e+00 -1.403808593750000000e+00
1.307617187500000056e-01 7.376464843750000222e-01 7.430078125000000311e-01 5.503906249999999944e-02 8.752734374999999734e-01 -1.485839843750000000e+00
3.207617187500000355e-01 8.626464843750000222e-01 5.630078125000000933e-01 3.503906250000000250e-02 9.752734375000000622e-01 -7.358398437500000000e-01
4.157617187500000089e-01 6.751464843750000222e-01 6.530078125000000622e-01 6.503906250000000833e-02 1.025273437500000107e+00 -1.860839843750000000e+00
2.257617187500000067e-01 8.001464843750000222e-01 8.330078125000000000e-01 4.503906250000000444e-02 9.252734375000000178e-01 -1.110839843750000000e+00
2.732617187499999933e-01 7.063964843750000222e-01 6.080078125000000222e-01 5.003906250000000194e-02 1.050273437500000018e+00 -9.233398437500000000e-01
4.632617187499999956e-01 8.313964843750000222e-01 7.880078125000000711e-01 3.003906249999999806e-02 9.502734375000000400e-01 -1.673339843750000000e+00
3.682617187500000222e-01 7.688964843750000222e-01 8.780078125000000400e-01 6.003906250000000389e-02 9.002734374999999956e-01 -5.483398437500000000e-01
1.782617187499999922e-01 8.938964843750000222e-01 6.980078124999999911e-01 4.003906250000000000e-02 1.000273437499999973e+00 -1.298339843750000000e+00
2.020117187500000133e-01 6.595214843750000222e-01 8.555078124999999645e-01 3.253906250000000028e-02 9.877734375000000178e-01 -1.392089843750000000e+00
3.920117187500000155e-01 7.845214843750000222e-01 6.755078125000000266e-01 5.253906250000000416e-02 8.877734375000000400e-01 -6.420898437500000000e-01
4.870117187499999889e-01 7.220214843750000222e-01 5.855078125000000577e-01 4.253906250000000222e-02 9.377734374999999734e-01 -1.767089843750000000e+00
2.970117187499999867e-01 8.470214843750000222e-01 7.655078124999999956e-01 6.253906250000000611e-02 1.037773437500000062e+00 -1.017089843750000000e+00
2.495117187500000000e-01 7.532714843750000222e-01 7.205078125000000666e-01 3.753906249999999778e-02 9.627734374999999956e-01 -1.204589843750000000e+00
4.395117187500000022e-01 8.782714843750000222e-01 9.005078125000000044e-01 5.753906250000000167e-02 1.062773437499999973e+00 -1.954589843750000000e+00
3.445117187499999734e-01 6.907714843750000222e-01 8.105078125000000355e-01 4.753906250000000666e-02 1.012773437499999929e+00 -8.295898437500000000e-01
1.545117187499999989e-01 8.157714843750000222e-01 6.305078125000000977e-01 6.753906249999999667e-02 9.127734375000000622e-01 -1.579589843750000000e+00
1.663867187499999956e-01 6.829589843750000222e-01 6.642578125000000444e-01 6.128906250000000500e-02 9.315234374999999956e-01 -1.907714843750000000e+00
3.563867187499999978e-01 8.079589843750000222e-01 8.442578124999999822e-01 4.128906250000000111e-02 1.031523437499999973e+00 -1.157714843750000000e+00
4.513867187500000266e-01 7.454589843750000222e-01 7.542578125000000133e-01 5.128906250000000305e-02 9.815234375000000400e-01 -1.532714843750000000e+00
2.613867187499999689e-01 8.704589843750000222e-01 5.742578125000000755e-01 3.128906249999999917e-02 8.815234374999999512e-01 -7.827148437500000000e-01
3.088867187500000111e-01 7.142089843750000222e-01 8.892578125000000222e-01 6.628906249999999556e-02 1.006523437500000062e+00 -5.952148437500000000e-01
4.988867187500000133e-01 8.392089843750000222e-01 7.092578124999999734e-01 4.628906250000000555e-02 9.065234374999999734e-01 -1.345214843750000000e+00
4.038867187499999845e-01 6.517089843750000222e-01 6.192578125000000044e-01 5.628906250000000056e-02 9.565234375000000178e-01 -9.702148437500000000e-01
2.138867187499999822e-01 7.767089843750000222e-01 7.992578125000000533e-01 3.628906249999999667e-02 1.056523437500000107e+00 -1.720214843750000000e+00
1.901367187499999889e-01 7.610839843750000222e-01 5.517578125000000000e-01 4.878906250000000083e-02 1.044023437499999929e+00 -1.626464843750000000e+00
3.801367187499999911e-01 8.860839843750000222e-01 7.317578125000000488e-01 6.878906249999999778e-02 9.440234375000000622e-01 -8.764648437500000000e-01
4.751367187500000200e-01 6.985839843750000222e-01 8.217578125000000178e-01 3.878906249999999889e-02 8.940234375000000178e-01 -1.251464843750000000e+00
2.851367187500000178e-01 8.235839843750000222e-01 6.417578125000000799e-01 5.878906250000000278e-02 9.940234374999999956e-01 -5.014648437500000000e-01
2.376367187500000033e-01 6.673339843750000222e-01 7.767578125000000888e-01 4.378906250000000333e-02 9.190234375000000400e-01 -6.889648437500000000e-01
4.276367187499999778e-01 7.923339843750000222e-01 5.967578125000000400e-01 6.378906250000000722e-02 1.019023437500000018e+00 -1.438964843750000000e+00
3.326367187500000044e-01 7.298339843750000222e-01 6.867578125000000089e-01 3.378906250000000139e-02 1.069023437500000062e+00 -1.063964843750000000e+00
1.426367187500000022e-01 8.548339843750000222e-01 8.667578125000000577e-01 5.378906249999999833e-02 9.690234374999999734e-01 -1.813964843750000000e+00
1.366992187499999900e-01 6.790527343750000222e-01 5.798828125000000666e-01 3.816406249999999833e-02 1.009648437500000107e+00 -5.717773437500000000e-01
3.266992187499999645e-01 8.040527343750000222e-01 7.598828125000000044e-01 5.816406250000000222e-02 9.096484375000000178e-01 -1.321777343750000000e+00
4.216992187499999933e-01 7.415527343750000222e-01 8.498828124999999734e-01 4.816406250000000722e-02 9.596484375000000622e-01 -9.467773437500000000e-01
2.316992187499999911e-01 8.665527343750000222e-01 6.698828125000000355e-01 6.816406250000001110e-02 1.059648437500000151e+00 -1.696777343750000000e+00
2.791992187499999778e-01 7.728027343750000222e-01 8.048828125000000444e-01 3.316406250000000083e-02 9.346484375000000400e-01 -1.884277343750000000e+00
4.691992187499999800e-01 8.978027343750000222e-01 6.248828124999999956e-01 5.316406250000000472e-02 1.034648437500000018e+00 -1.134277343750000000e+00
3.741992187500000067e-01 7.103027343750000222e-01 7.148828125000000755e-01 4.316406250000000278e-02 9.846484374999999734e-01 -1.509277343750000000e+00
1.841992187500000044e-01 8.353027343750000222e-01 8.948828125000000133e-01 6.316406250000000666e-02 8.846484374999999956e-01 -7.592773437500000000e-01
2.079492187499999978e-01 7.259277343750000222e-01 6.473828125000000711e-01 5.066406250000000250e-02 8.971484374999999512e-01 -8.530273437500000000e-01
3.979492187500000000e-01 8.509277343750000222e-01 8.273828125000000089e-01 3.066406249999999861e-02 9.971484375000000400e-01 -1.603027343750000000e+00
4.929492187499999734e-01 6.634277343750000222e-01 7.373828125000000400e-01 6.066406250000000444e-02 1.047148437499999973e+00 -1.228027343750000000e+00
3.029492187500000266e-01 7.884277343750000222e-01 5.573828124999999911e-01 4.066406250000000056e-02 9.471484374999999956e-01 -1.978027343750000000e+00
2.554492187499999845e-01 6.946777343750000222e-01 8.723828125000000488e-01 5.566406250000000000e-02 1.022148437500000062e+00 -1.790527343750000000e+00
4.454492187499999867e-01 8.196777343750000222e-01 6.923828125000000000e-01 3.566406249999999611e-02 9.221484374999999734e-01 -1.040527343750000000e+00
3.504492187500000133e-01 7.571777343750000222e-01 6.023828125000000311e-01 6.566406250000000888e-02 8.721484375000000400e-01 -1.415527343750000000e+00
1.604492187500000111e-01 8.821777343750000222e-01 7.823828125000000799e-01 4.566406250000000500e-02 9.721484375000000178e-01 -6.655273437500000000e-01
1.485742187499999867e-01 7.493652343750000222e-01 8.386328124999999911e-01 4.441406250000000389e-02 1.065898437500000018e+00 -9.936523437500000000e-01
3.385742187499999889e-01 8.743652343750000222e-01 6.586328125000000533e-01 6.441406250000000777e-02 9.658984375000000400e-01 -1.743652343750000000e+00
4.335742187500000178e-01 6.868652343750000222e-01 5.686328125000000844e-01 3.441406250000000194e-02 9.158984374999999956e-01 -6.186523437500000000e-01
2.435742187500000155e-01 8.118652343750000222e-01 7.486328125000000222e-01 5.441406249999999889e-02 1.015898437499999973e+00 -1.368652343750000000e+00
2.910742187500000022e-01 6.556152343750000222e-01 7.036328124999999822e-01 4.941406250000000139e-02 8.908984374999999734e-01 -1.556152343750000000e+00
4.810742187500000044e-01 7.806152343750000222e-01 8.836328125000000311e-01 6.941406250000001221e-02 9.908984375000000622e-01 -8.061523437500000000e-01
3.860742187499999756e-01 7.181152343750000222e-01 7.936328125000000622e-01 3.941406249999999944e-02 1.040898437500000107e+00 -1.931152343750000000e+00
1.960742187500000011e-01 8.431152343750000222e-01 6.136328125000000133e-01 5.941406250000000333e-02 9.408984375000000178e-01 -1.181152343750000000e+00
1.723242187499999800e-01 7.024902343750000222e-01 7.711328125000000977e-01 6.691406250000000999e-02 9.533984374999999734e-01 -1.087402343750000000e+00
3.623242187499999822e-01 8.274902343750000222e-01 5.911328125000000488e-01 4.691406250000000611e-02 1.053398437500000062e+00 -1.837402343750000000e+00
4.573242187500000111e-01 7.649902343750000222e-01 6.811328125000000178e-01 5.691406250000000111e-02 1.003398437500000018e+00 -7.124023437500000000e-01
2.673242187500000089e-01 8.899902343750000222e-01 8.611328124999999556e-01 3.691406249999999722e-02 9.033984375000000400e-01 -1.462402343750000000e+00
2.198242187499999944e-01 7.337402343750000222e-01 6.361328125000000888e-01 6.191406250000000555e-02 9.783984374999999956e-01 -1.274902343750000000e+00
4.098242187500000244e-01 8.587402343750000222e-01 8.161328125000000266e-01 4.191406250000000167e-02 8.783984375000000178e-01 -5.249023437500000000e-01
3.148242187499999956e-01 6.712402343750000222e-01 9.061328125000001066e-01 5.191406250000000361e-02 9.283984375000000622e-01 -1.649902343750000000e+00
1.248242187499999933e-01 7.962402343750000222e-01 7.261328125000000577e-01 3.191406249999999972e-02 1.028398437499999929e+00 -8.999023437500000000e-01
1.233398437499999972e-01 7.542480468750000222e-01 6.206640625000000577e-01 5.488281250000000278e-02 9.260546874999999734e-01 -6.713867187500000000e-01
3.133398437500000133e-01 8.792480468750000222e-01 8.006640625000001066e-01 3.488281249999999889e-02 1.026054687500000062e+00 -1.421386718750000000e+00
4.083398437499999867e-01 6.917480468750000222e-01 8.906640624999999645e-01 6.488281249999999778e-02 9.760546875000000178e-01 -1.046386718750000000e+00
2.183398437499999845e-01 8.167480468750000222e-01 7.106640625000000266e-01 4.488281250000000083e-02 8.760546875000000400e-01 -1.796386718750000000e+00
2.658398437500000266e-01 6.604980468750000222e-01 7.556640625000000666e-01 5.988281250000000722e-02 1.001054687499999929e+00 -1.983886718750000000e+00
4.558398437499999734e-01 7.854980468750000222e-01 5.756640625000000178e-01 3.988281250000000333e-02 9.010546875000000622e-01 -1.233886718750000000e+00
3.608398437500000000e-01 7.229980468750000222e-01 6.656640625000000977e-01 6.988281250000000222e-02 9.510546874999999956e-01 -1.608886718750000000e+00
1.708398437499999978e-01 8.479980468750000222e-01 8.456640625000000355e-01 4.988281249999999833e-02 1.051054687499999973e+00 -8.588867187500000000e-01
1.945898437499999911e-01 7.073730468750000222e-01 6.881640625000000622e-01 3.738281250000000111e-02 1.038554687500000018e+00 -7.651367187500000000e-01
3.845898437499999933e-01 8.323730468750000222e-01 8.681640625000000000e-01 5.738281250000000500e-02 9.385546875000000400e-01 -1.515136718750000000e+00
4.795898437500000222e-01 7.698730468750000222e-01 7.781640625000000311e-01 4.738281250000000305e-02 8.885546874999999956e-01 -1.140136718750000000e+00
2.895898437499999645e-01 8.948730468750000222e-01 5.981640625000000933e-01 6.738281250000000000e-02 9.885546874999999734e-01 -1.890136718750000000e+00
2.420898437499999778e-01 7.386230468750000222e-01 8.231640625000000711e-01 3.238281249999999667e-02 9.135546875000000178e-01 -1.702636718750000000e+00
4.320898437499999800e-01 8.636230468750000222e-01 6.431640625000000222e-01 5.238281250000000056e-02 1.013554687500000107e+00 -9.526367187500000000e-01
3.370898437500000067e-01 6.761230468750000222e-01 5.531640625000000533e-01 4.238281250000000555e-02 1.063554687500000151e+00 -1.327636718750000000e+00
1.470898437500000044e-01 8.011230468750000222e-01 7.331640624999999911e-01 6.238281250000000250e-02 9.635546875000000622e-01 -5.776367187500000000e-01
1.589648437500000011e-01 6.683105468750000222e-01 8.794140624999999822e-01 6.863281250000000111e-02 8.823046875000000178e-01 -9.057617187500000000e-01
3.489648437500000311e-01 7.933105468750000222e-01 6.994140625000000444e-01 4.863281250000000416e-02 9.823046874999999956e-01 -1.655761718750000000e+00
4.439648437500000044e-01 7.308105468750000222e-01 6.094140625000000755e-01 5.863281250000000611e-02 1.032304687499999929e+00 -5.307617187500000000e-01
2.539648437500000022e-01 8.558105468750000222e-01 7.894140625000000133e-01 3.863281250000000222e-02 9.323046875000000622e-01 -1.280761718750000000e+00
3.014648437499999889e-01 7.620605468750000222e-01 6.544140625000000044e-01 6.363281249999999667e-02 1.057304687500000062e+00 -1.468261718750000000e+00
4.914648437499999911e-01 8.870605468750000222e-01 8.344140625000000533e-01 4.363281249999999972e-02 9.573046874999999734e-01 -7.182617187500000000e-01
3.964648437500000178e-01 6.995605468750000222e-01 7.444140624999999734e-01 5.363281250000000167e-02 9.073046875000000400e-01 -1.843261718750000000e+00
2.064648437500000155e-01 8.245605468750000222e-01 5.644140625000000355e-01 3.363281249999999778e-02 1.007304687500000018e+00 -1.093261718750000000e+00
1.827148437499999944e-01 7.151855468750000222e-01 8.119140625000000888e-01 4.113281250000000444e-02 9.948046875000000622e-01 -1.187011718750000000e+00
3.727148437500000244e-01 8.401855468750000222e-01 6.319140625000000400e-01 6.113281250000000833e-02 8.948046874999999734e-01 -1.937011718750000000e+00
4.677148437499999978e-01 6.526855468750000222e-01 7.219140625000000089e-01 3.113281249999999903e-02 9.448046875000000178e-01 -8.120117187500000000e-01
2.777148437499999956e-01 7.776855468750000222e-01 9.019140625000000577e-01 5.113281249999999944e-02 1.044804687500000107e+00 -1.562011718750000000e+00
2.302148437500000089e-01 6.839355468750000222e-01 5.869140625000000000e-01 4.613281250000000194e-02 9.698046875000000400e-01 -1.374511718750000000e+00
4.202148437500000111e-01 8.089355468750000222e-01 7.669140625000000488e-01 6.613281249999999889e-02 1.069804687500000018e+00 -6.245117187500000000e-01
3.252148437499999822e-01 7.464355468750000222e-01 8.569140625000000178e-01 3.613281250000000000e-02 1.019804687499999973e+00 -1.749511718750000000e+00
1.352148437500000078e-01 8.714355468750000222e-01 6.769140625000000799e-01 5.613281250000000389e-02 9.198046874999999956e-01 -9.995117187500000000e-01
1.411523437499999922e-01 6.956542968750000222e-01 7.950390625000000044e-01 3.175781249999999611e-02 1.060429687500000107e+00 -1.585449218750000000e+00
3.311523437500000222e-01 8.206542968750000222e-01 6.150390625000000666e-01 5.175781250000000000e-02 9.604296875000000178e-01 -8.354492187500000000e-01
4.261523437499999956e-01 7.581542968750000222e-01 7.050390625000000355e-01 4.175781250000000500e-02 9.104296874999999734e-01 -1.960449218750000000e+00
2.361523437499999933e-01 8.831542968750000222e-01 8.850390624999999734e-01 6.175781250000000194e-02 1.010429687500000062e+00 -1.210449218750000000e+00
2.836523437500000355e-01 7.269042968750000222e-01 5.700390625000000266e-01 3.675781250000000056e-02 8.854296874999999512e-01 -1.022949218750000000e+00
4.736523437499999822e-01 8.519042968750000222e-01 7.500390625000000755e-01 5.675781250000000444e-02 9.854296875000000400e-01 -1.772949218750000000e+00
3.786523437500000089e-01 6.644042968750000222e-01 8.400390625000000444e-01 4.675781250000000250e-02 1.035429687499999973e+00 -6.479492187500000000e-01
1.886523437500000067e-01 7.894042968750000222e-01 6.600390624999999956e-01 6.675781250000001332e-02 9.354296874999999956e-01 -1.397949218750000000e+00
2.124023437500000000e-01 7.737792968750000222e-01 9.075390625000000488e-01 5.925781250000000666e-02 9.479296875000000622e-01 -1.304199218750000000e+00
4.024023437500000022e-01 8.987792968750000222e-01 7.275390625000000000e-01 3.925781250000000278e-02 1.047929687500000151e+00 -5.541992187500000000e-01
4.974023437499999756e-01 7.112792968750000222e-01 6.375390625000000311e-01 6.925781250000001554e-02 9.979296875000001066e-01 -1.679199218750000000e+00
3.074023437499999734e-01 8.362792968750000222e-01 8.175390625000000799e-01 4.925781249999999778e-02 8.979296875000000178e-01 -9.291992187500000000e-01
2.599023437499999867e-01 6.800292968750000222e-01 6.825390625000000711e-01 5.425781250000000222e-02 9.729296874999999734e-01 -1.116699218750000000e+00
4.499023437499999889e-01 8.050292968750000222e-01 8.625390625000000089e-01 3.425781249999999833e-02 8.729296874999999956e-01 -1.866699218750000000e+00
3.549023437499999600e-01 7.425292968750000222e-01 7.725390625000000400e-01 6.425781250000001110e-02 9.229296875000000400e-01 -7.416992187500000000e-01
1.649023437500000133e-01 8.675292968750000222e-01 5.925390624999999911e-01 4.425781250000000028e-02 1.022929687500000018e+00 -1.491699218750000000e+00
1.530273437499999889e-01 7.347167968750000222e-01 7.162890625000000178e-01 4.550781250000000139e-02 1.016679687499999929e+00 -1.819824218750000000e+00
3.430273437499999911e-01 8.597167968750000222e-01 8.962890624999999556e-01 6.550781250000001221e-02 9.166796875000000622e-01 -1.069824218750000000e+00
4.380273437500000200e-01 6.722167968750000222e-01 8.062890625000000977e-01 3.550781249999999944e-02 9.666796874999999956e-01 -1.444824218750000000e+00
2.480273437499999900e-01 7.972167968750000222e-01 6.262890625000000488e-01 5.550781250000000333e-02 1.066679687499999973e+00 -6.948242187500000000e-01
2.955273437500000044e-01 7.034667968750000222e-01 8.512890625000000266e-01 4.050781250000000389e-02 9.416796874999999734e-01 -5.073242187500000000e-01
4.855273437500000067e-01 8.284667968750000222e-01 6.712890625000000888e-01 6.050781250000000777e-02 1.041679687500000062e+00 -1.257324218750000000e+00
3.905273437499999778e-01 7.659667968750000222e-01 5.812890625000000089e-01 3.050781249999999847e-02 9.916796875000000178e-01 -8.823242187500000000e-01
2.005273437500000033e-01 8.909667968750000222e-01 7.612890625000000577e-01 5.050781249999999889e-02 8.916796875000000400e-01 -1.632324218750000000e+00
1.767773437499999822e-01 6.565917968750000222e-01 6.037890625000000844e-01 6.300781250000000999e-02 9.041796874999999956e-01 -1.726074218750000000e+00
3.667773437500000400e-01 7.815917968750000222e-01 7.837890625000000222e-01 4.300781249999999917e-02 1.004179687499999973e+00 -9.760742187500000000e-01
4.617773437500000133e-01 7.190917968750000222e-01 8.737890624999999911e-01 5.300781250000000111e-02 1.054179687500000018e+00 -1.351074218750000000e+00
2.717773437500000111e-01 8.440917968750000222e-01 6.937890625000000533e-01 3.300781249999999722e-02 9.541796875000000400e-01 -6.010742187500000000e-01
2.242773437499999967e-01 7.503417968750000222e-01 7.387890624999999822e-01 6.800781250000001443e-02 1.029179687500000107e+00 -7.885742187500000000e-01
4.142773437500000266e-01 8.753417968750000222e-01 5.587890625000000444e-01 4.800781250000000361e-02 9.291796875000000178e-01 -1.538574218750000000e+00
3.192773437499999978e-01 6.878417968750000222e-01 6.487890625000000133e-01 5.800781250000000555e-02 8.791796874999999734e-01 -1.163574218750000000e+00
1.292773437499999956e-01 8.128417968750000222e-01 8.287890625000000622e-01 3.800781250000000167e-02 9.791796875000000622e-01 -1.913574218750000000e+00
1.263085937500000033e-01 6.624511718750000222e-01 6.403515625000000266e-01 4.269531249999999889e-02 9.588671874999999956e-01 -1.644042968750000000e+00
3.163085937499999778e-01 7.874511718750000222e-01 8.203515624999999645e-01 6.269531250000000278e-02 1.058867187499999973e+00 -8.940429687500000000e-01
4.113085937500000067e-01 7.249511718750000222e-01 7.303515625000001066e-01 3.269531249999999695e-02 1.008867187499999929e+00 -1.269042968750000000e+00
2.213085937500000044e-01 8.499511718750000222e-01 5.503515625000000577e-01 5.269531250000000777e-02 9.088671875000000622e-01 -5.190429687500000000e-01
2.688085937499999911e-01 7.562011718750000222e-01 8.653515625000001155e-01 4.769531250000000333e-02 9.838671875000000178e-01 -7.065429687500000000e-01
4.588085937499999933e-01 8.812011718750000222e-01 6.853515625000000666e-01 6.769531250000000722e-02 8.838671875000000400e-01 -1.456542968750000000e+00
3.638085937499999645e-01 6.937011718750000222e-01 5.953515625000000977e-01 3.769531250000000139e-02 9.338671874999999734e-01 -1.081542968750000000e+00
1.738085937499999900e-01 8.187011718750000222e-01 7.753515625000000355e-01 5.769531250000000527e-02 1.033867187500000062e+00 -1.831542968750000000e+00
1.975585937500000111e-01 7.405761718750000222e-01 5.728515625000000222e-01 6.519531250000000500e-02 1.046367187500000018e+00 -1.925292968750000000e+00
3.875585937500000133e-01 8.655761718750000222e-01 7.528515625000000711e-01 4.519531250000000111e-02 9.463671875000000400e-01 -1.175292968750000000e+00
4.825585937499999867e-01 6.780761718750000222e-01 8.428515625000000400e-01 5.519531250000000305e-02 8.963671874999999956e-01 -1.550292968750000000e+00
2.925585937499999845e-01 8.030761718750000222e-01 6.628515624999999911e-01 3.519531249999999917e-02 9.963671874999999734e-01 -8.002929687500000000e-01
2.450585937499999978e-01 7.093261718750000222e-01 7.978515625000000000e-01 6.019531250000000056e-02 8.713671874999999734e-01 -6.127929687500000000e-01
4.350585937500000000e-01 8.343261718750000222e-01 6.178515625000000622e-01 4.019531249999999667e-02 9.713671875000000622e-01 -1.362792968750000000e+00
3.400585937500000266e-01 7.718261718750000222e-01 7.078515625000000311e-01 5.019531250000000555e-02 1.021367187500000107e+00 -9.877929687500000000e-01
1.500585937499999967e-01 8.968261718750000222e-01 8.878515625000000799e-01 3.019531249999999820e-02 9.213671875000000178e-01 -1.737792968750000000e+00
1.619335937499999933e-01 7.640136718750000222e-01 7.641015625000000533e-01 3.894531250000000250e-02 9.151171875000000400e-01 -1.409667968750000000e+00
3.519335937499999956e-01 8.890136718750000222e-01 5.841015625000000044e-01 5.894531249999999944e-02 1.015117187500000018e+00 -6.596679687500000000e-01
4.469335937500000244e-01 7.015136718750000222e-01 6.741015625000000844e-01 4.894531250000000444e-02 1.065117187500000062e+00 -1.784667968750000000e+00
2.569335937500000222e-01 8.265136718750000222e-01 8.541015625000000222e-01 6.894531250000000833e-02 9.651171874999999734e-01 -1.034667968750000000e+00
3.044335937500000089e-01 6.702636718750000222e-01 6.291015625000000444e-01 3.394531249999999806e-02 1.040117187499999929e+00 -1.222167968750000000e+00
4.944335937500000111e-01 7.952636718750000222e-01 8.091015624999999822e-01 5.394531250000000194e-02 9.401171875000000622e-01 -1.972167968750000000e+00
3.994335937499999822e-01 7.327636718750000222e-01 8.991015625000000622e-01 4.394531250000000000e-02 8.901171875000000178e-01 -8.471679687500000000e-01
2.094335937499999800e-01 8.577636718750000222e-01 7.191015625000000133e-01 6.394531250000000389e-02 9.901171874999999956e-01 -1.597167968750000000e+00
1.856835937499999867e-01 6.858886718750000222e-01 8.316015625000000577e-01 5.144531250000000666e-02 1.002617187500000062e+00 -1.503417968750000000e+00
3.756835937499999889e-01 8.108886718750000222e-01 6.516015625000000089e-01 3.144531249999999584e-02 9.026171874999999734e-01 -7.534179687500000000e-01
4.706835937500000178e-01 7.483886718750000222e-01 5.616015625000000400e-01 6.144531250000000167e-02 9.526171875000000178e-01 -1.878417968750000000e+00
2.806835937499999600e-01 8.733886718750000222e-01 7.416015625000000888e-01 4.144531249999999778e-02 1.052617187500000107e+00 -1.128417968750000000e+00
2.331835937500000011e-01 7.171386718750000222e-01 6.966015625000000488e-01 5.644531250000000416e-02 9.276171874999999956e-01 -9.409179687500000000e-01
4.231835937499999756e-01 8.421386718750000222e-01 8.766015625000000977e-01 3.644531250000000028e-02 1.027617187499999973e+00 -1.690917968750000000e+00
3.281835937500000022e-01 6.546386718750000222e-01 7.866015625000000178e-01 6.644531250000000611e-02 9.776171875000000400e-01 -5.659179687500000000e-01
1.381835937500000000e-01 7.796386718750000222e-01 6.066015625000000799e-01 4.644531250000000222e-02 8.776171874999999512e-01 -1.315917968750000000e+00
1.322460937499999878e-01 7.210449218750000222e-01 8.597265625000000133e-01 6.082031250000000111e-02 1.024492187499999929e+00 -1.104980468750000000e+00
3.222460937500000178e-01 8.460449218750000222e-01 6.797265625000000755e-01 4.082031249999999722e-02 9.244921875000000622e-01 -1.854980468750000000e+00
4.172460937499999911e-01 6.585449218750000222e-01 5.897265624999999956e-01 5.082031250000000611e-02 8.744921875000000178e-01 -7.299804687500000000e-01
2.272460937499999889e-01 7.835449218750000222e-01 7.697265625000000444e-01 3.082031249999999875e-02 9.744921874999999956e-01 -1.479980468750000000e+00
2.747460937500000311e-01 6.897949218750000222e-01 7.247265625000000044e-01 6.582031250000000555e-02 8.994921875000000400e-01 -1.292480468750000000e+00
4.647460937499999778e-01 8.147949218750000222e-01 9.047265625000000533e-01 4.582031250000000167e-02 9.994921875000000178e-01 -5.424804687500000000e-01
3.697460937500000044e-01 7.522949218750000222e-01 8.147265624999999734e-01 5.582031250000000361e-02 1.049492187500000062e+00 -1.667480468750000000e+00
1.797460937500000022e-01 8.772949218750000222e-01 6.347265625000000355e-01 3.582031249999999972e-02 9.494921874999999734e-01 -9.174804687500000000e-01
2.034960937499999956e-01 6.741699218750000222e-01 7.472265625000000799e-01 4.832031250000000389e-02 9.369921875000000178e-01 -1.011230468750000000e+00
3.934960937499999978e-01 7.991699218750000222e-01 5.672265625000000311e-01 6.832031250000000777e-02 1.036992187500000107e+00 -1.761230468750000000e+00
4.884960937500000266e-01 7.366699218750000222e-01 6.572265625000000000e-01 3.832031250000000194e-02 9.869921875000000622e-01 -6.362304687500000000e-01
2.984960937499999689e-01 8.616699218750000222e-01 8.372265625000000488e-01 5.832031250000000583e-02 8.869921874999999734e-01 -1.386230468750000000e+00
2.509960937499999822e-01 7.679199218750000222e-01 6.122265625000000711e-01 4.332031249999999944e-02 1.011992187499999973e+00 -1.573730468750000000e+00
4.409960937499999845e-01 8.929199218750000222e-01 7.922265625000000089e-01 6.332031250000000333e-02 9.119921874999999956e-01 -8.237304687500000000e-01
3.459960937500000111e-01 7.054199218750000222e-01 8.822265625000000888e-01 3.332031249999999750e-02 9.619921875000000400e-01 -1.948730468750000000e+00
1.559960937500000089e-01 8.304199218750000222e-01 7.022265625000000400e-01 5.332031250000000833e-02 1.061992187500000018e+00 -1.198730468750000000e+00
1.441210937499999845e-01 6.976074218750000222e-01 5.559765625000000488e-01 5.707031250000000472e-02 9.807421874999999734e-01 -8.706054687500000000e-01
3.341210937499999867e-01 8.226074218750000222e-01 7.359765625000000977e-01 3.707031250000000083e-02 8.807421874999999956e-01 -1.620605468750000000e+00
4.291210937500000155e-01 7.601074218750000222e-01 8.259765624999999556e-01 6.707031250000000666e-02 9.307421875000000400e-01 -1.245605468750000000e+00
2.391210937500000133e-01 8.851074218750000222e-01 6.459765625000000178e-01 4.707031250000000278e-02 1.030742187500000018e+00 -1.995605468750000000e+00
2.866210937500000000e-01 7.288574218750000222e-01 7.809765625000000266e-01 5.207031250000000722e-02 9.557421875000000622e-01 -1.808105468750000000e+00
4.766210937500000022e-01 8.538574218750000222e-01 6.009765625000000888e-01 3.207031249999999639e-02 1.055742187500000151e+00 -1.058105468750000000e+00
3.816210937499999734e-01 6.663574218750000222e-01 6.909765625000000577e-01 6.207031250000000222e-02 1.005742187500000107e+00 -1.433105468750000000e+00
1.916210937499999989e-01 7.913574218750000222e-01 8.709765625000001066e-01 4.207031249999999833e-02 9.057421875000000178e-01 -6.831054687500000000e-01
1.678710937500000056e-01 7.444824218750000222e-01 6.684765624999999822e-01 3.457031249999999861e-02 8.932421874999999512e-01 -5.893554687500000000e-01
3.578710937500000355e-01 8.694824218750000222e-01 8.484765625000000311e-01 5.457031250000000250e-02 9.932421875000000400e-01 -1.339355468750000000e+00
4.528710937500000089e-01 6.819824218750000222e-01 7.584765625000000622e-01 4.457031250000000056e-02 1.043242187499999973e+00 -9.643554687500000000e-01
2.628710937500000067e-01 8.069824218750000222e-01 5.784765625000000133e-01 6.457031250000000444e-02 9.432421874999999956e-01 -1.714355468750000000e+00
2.153710937499999922e-01 6.507324218750000222e-01 8.934765625000000711e-01 3.957031250000000305e-02 1.068242187500000107e+00 -1.901855468750000000e+00
4.053710937500000222e-01 7.757324218750000222e-01 7.134765625000000222e-01 5.957031250000000000e-02 9.682421875000000178e-01 -1.151855468750000000e+00
3.103710937499999933e-01 7.132324218750000222e-01 6.234765625000000533e-01 4.957031250000000500e-02 9.182421874999999734e-01 -1.526855468750000000e+00
1.203710937499999911e-01 8.382324218750000222e-01 8.034765624999999911e-01 6.957031250000000888e-02 1.018242187500000062e+00 -7.768554687500000000e-01
1.205566406249999889e-01 7.441162109375000222e-01 8.461914062500000000e-01 5.619140625000000611e-02 9.923632812500000622e-01 -9.167480468750000000e-01
3.105566406249999911e-01 8.691162109375000222e-01 6.661914062500000622e-01 3.619140625000000222e-02 8.923632812499999734e-01 -1.666748046875000000e+00
4.055566406250000200e-01 6.816162109375000222e-01 5.761914062500000933e-01 6.619140625000000111e-02 9.423632812500000178e-01 -5.417480468750000000e-01
2.155566406249999900e-01 8.066162109375000222e-01 7.561914062500000311e-01 4.619140624999999722e-02 1.042363281250000107e+00 -1.291748046875000000e+00
2.630566406250000044e-01 6.503662109375000222e-01 7.111914062499999911e-01 5.119140625000000167e-02 9.673632812500000400e-01 -1.479248046875000000e+00
4.530566406250000067e-01 7.753662109375000222e-01 8.911914062500000400e-01 3.119140624999999778e-02 1.067363281250000018e+00 -7.292480468750000000e-01
3.580566406249999778e-01 7.128662109375000222e-01 8.011914062500000711e-01 6.119140625000000361e-02 1.017363281249999973e+00 -1.854248046875000000e+00
1.680566406250000033e-01 8.378662109375000222e-01 6.211914062500000222e-01 4.119140624999999972e-02 9.173632812499999956e-01 -1.104248046875000000e+00
1.918066406249999967e-01 6.972412109375000222e-01 7.336914062500000666e-01 3.369140625000000000e-02 8.798632812500000178e-01 -1.197998046875000000e+00
3.818066406249999711e-01 8.222412109375000222e-01 5.536914062500000178e-01 5.369140625000000389e-02 9.798632812499999956e-01 -1.947998046875000000e+00
4.768066406250000000e-01 7.597412109375000222e-01 6.436914062500000977e-01 4.369140625000000194e-02 1.029863281249999929e+00 -8.229980468750000000e-01
2.868066406249999978e-01 8.847412109375000222e-01 8.236914062500000355e-01 6.369140624999999889e-02 9.298632812500000622e-01 -1.572998046875000000e+00
2.393066406250000111e-01 7.284912109375000222e-01 5.986914062500000577e-01 3.869140625000000444e-02 1.054863281250000062e+00 -1.385498046875000000e+00
4.293066406250000133e-01 8.534912109375000222e-01 7.786914062499999956e-01 5.869140625000000833e-02 9.548632812499999734e-01 -6.354980468750000000e-01
3.343066406249999845e-01 6.659912109375000222e-01 8.686914062499999645e-01 4.869140624999999944e-02 9.048632812500000400e-01 -1.760498046875000000e+00
1.443066406249999822e-01 7.909912109375000222e-01 6.886914062500000266e-01 6.869140625000000333e-02 1.004863281250000018e+00 -1.010498046875000000e+00
1.561816406250000067e-01 6.738037109375000222e-01 5.649414062500000000e-01 6.244140625000000472e-02 1.036113281250000018e+00 -6.823730468750000000e-01
3.461816406250000089e-01 7.988037109375000222e-01 7.449414062500000488e-01 4.244140625000000083e-02 9.361132812500000400e-01 -1.432373046875000000e+00
4.411816406249999822e-01 7.363037109375000222e-01 8.349414062500000178e-01 5.244140625000000278e-02 8.861132812499999956e-01 -1.057373046875000000e+00
2.511816406250000355e-01 8.613037109375000222e-01 6.549414062500000799e-01 3.244140624999999889e-02 9.861132812499999734e-01 -1.807373046875000000e+00
2.986816406250000222e-01 7.675537109375000222e-01 7.899414062500000888e-01 6.744140625000000222e-02 9.111132812500000178e-01 -1.994873046875000000e+00
4.886816406250000244e-01 8.925537109375000222e-01 6.099414062500000400e-01 4.744140624999999833e-02 1.011113281250000107e+00 -1.244873046875000000e+00
3.936816406249999956e-01 7.050537109375000222e-01 6.999414062500000089e-01 5.744140625000000722e-02 1.061113281250000151e+00 -1.619873046875000000e+00
2.036816406249999933e-01 8.300537109375000222e-01 8.799414062500000577e-01 3.744140625000000333e-02 9.611132812500000622e-01 -8.698730468750000000e-01
1.799316406250000000e-01 7.206787109375000222e-01 6.774414062500000444e-01 4.994140625000000056e-02 9.236132812499999734e-01 -7.761230468750000000e-01
3.699316406250000022e-01 8.456787109375000222e-01 8.574414062499999822e-01 6.994140625000000444e-02 1.023613281250000062e+00 -1.526123046875000000e+00
4.649316406249999756e-01 6.581787109375000222e-01 7.674414062500000133e-01 3.994140624999999861e-02 9.736132812500000178e-01 -1.151123046875000000e+00
2.749316406249999734e-01 7.831787109375000222e-01 5.874414062500000755e-01 5.994140625000000944e-02 8.736132812500000400e-01 -1.901123046875000000e+00
2.274316406249999867e-01 6.894287109375000222e-01 9.024414062500000222e-01 4.494140625000000305e-02 9.986132812500000400e-01 -1.713623046875000000e+00
4.174316406249999889e-01 8.144287109375000222e-01 7.224414062499999734e-01 6.494140625000000000e-02 8.986132812500000622e-01 -9.636230468750000000e-01
3.224316406249999600e-01 7.519287109375000222e-01 6.324414062500000044e-01 3.494140625000000111e-02 9.486132812499999956e-01 -1.338623046875000000e+00
1.324316406249999856e-01 8.769287109375000222e-01 8.124414062500000533e-01 5.494140625000000500e-02 1.048613281249999973e+00 -5.886230468750000000e-01
1.383691406249999978e-01 6.855224609375000222e-01 6.605664062500000711e-01 3.806640625000000389e-02 9.017382812499999956e-01 -1.830810546875000000e+00
3.283691406250000000e-01 8.105224609375000222e-01 8.405664062500000089e-01 5.806640625000000777e-02 1.001738281249999973e+00 -1.080810546875000000e+00
4.233691406249999734e-01 7.480224609375000222e-01 7.505664062500000400e-01 4.806640624999999889e-02 1.051738281250000018e+00 -1.455810546875000000e+00
2.333691406249999989e-01 8.730224609375000222e-01 5.705664062499999911e-01 6.806640625000001665e-02 9.517382812500000400e-01 -7.058105468750000000e-01
2.808691406250000133e-01 7.167724609375000222e-01 8.855664062500000488e-01 3.306640624999999944e-02 1.026738281250000107e+00 -5.183105468750000000e-01
4.708691406250000155e-01 8.417724609375000222e-01 7.055664062500000000e-01 5.306640625000000333e-02 9.267382812500000178e-01 -1.268310546875000000e+00
3.758691406249999867e-01 6.542724609375000222e-01 6.155664062500000311e-01 4.306640625000000139e-02 8.767382812499999734e-01 -8.933105468750000000e-01
1.858691406249999845e-01 7.792724609375000222e-01 7.955664062500000799e-01 6.306640625000001221e-02 9.767382812500000622e-01 -1.643310546875000000e+00
2.096191406249999778e-01 7.636474609375000222e-01 5.930664062500000666e-01 5.056640625000000111e-02 1.014238281249999929e+00 -1.737060546875000000e+00
3.996191406249999800e-01 8.886474609375000222e-01 7.730664062500000044e-01 3.056640624999999722e-02 9.142382812500000622e-01 -9.870605468750000000e-01
4.946191406250000089e-01 7.011474609375000222e-01 8.630664062499999734e-01 6.056640625000000999e-02 9.642382812499999956e-01 -1.362060546875000000e+00
3.046191406250000067e-01 8.261474609375000222e-01 6.830664062500000355e-01 4.056640624999999917e-02 1.064238281249999973e+00 -6.120605468750000000e-01
2.571191406249999645e-01 6.698974609375000222e-01 8.180664062500000444e-01 5.556640625000000555e-02 9.392382812499999734e-01 -7.995605468750000000e-01
4.471191406250000222e-01 7.948974609375000222e-01 6.380664062499999956e-01 3.556640625000000167e-02 1.039238281250000062e+00 -1.549560546875000000e+00
3.521191406249999933e-01 7.323974609375000222e-01 7.280664062500000755e-01 6.556640625000001443e-02 9.892382812500000178e-01 -1.174560546875000000e+00
1.621191406249999911e-01 8.573974609375000222e-01 9.080664062500000133e-01 4.556640625000000361e-02 8.892382812500000400e-01 -1.924560546875000000e+00
1.502441406249999944e-01 7.402099609375000222e-01 7.618164062500000222e-01 4.431640625000000250e-02 9.454882812500000622e-01 -1.596435546875000000e+00
3.402441406249999689e-01 8.652099609375000222e-01 5.818164062500000844e-01 6.431640625000001332e-02 1.045488281250000151e+00 -8.464355468750000000e-01
4.352441406249999978e-01 6.777099609375000222e-01 6.718164062500000533e-01 3.431640625000000056e-02 9.954882812500001066e-01 -1.971435546875000000e+00
2.452441406249999956e-01 8.027099609375000222e-01 8.518164062499999911e-01 5.431640625000000444e-02 8.954882812500000178e-01 -1.221435546875000000e+00
2.927441406249999822e-01 7.089599609375000222e-01 6.268164062500000133e-01 4.931640625000000000e-02 9.704882812499999734e-01 -1.033935546875000000e+00
4.827441406249999845e-01 8.339599609375000222e-01 8.068164062500000622e-01 6.931640625000000389e-02 8.704882812499999956e-01 -1.783935546875000000e+00
3.877441406250000111e-01 7.714599609375000222e-01 8.968164062500000311e-01 3.931640625000000500e-02 9.204882812500000400e-01 -6.589355468750000000e-01
1.977441406250000089e-01 8.964599609375000222e-01 7.168164062499999822e-01 5.931640625000000888e-02 1.020488281250000018e+00 -1.408935546875000000e+00
1.739941406249999878e-01 6.620849609375000222e-01 8.293164062500000266e-01 6.681640625000001554e-02 1.057988281250000107e+00 -1.315185546875000000e+00
3.639941406250000178e-01 7.870849609375000222e-01 6.493164062500000888e-01 4.681640624999999778e-02 9.579882812500000178e-01 -5.651855468750000000e-01
4.589941406249999911e-01 7.245849609375000222e-01 5.593164062500000089e-01 5.681640625000000666e-02 9.079882812499999734e-01 -1.690185546875000000e+00
2.689941406249999889e-01 8.495849609375000222e-01 7.393164062500000577e-01 3.681640625000000278e-02 1.007988281250000062e+00 -9.401855468750000000e-01
2.214941406250000022e-01 7.558349609375000222e-01 6.943164062500000178e-01 6.181640625000000416e-02 8.829882812499999512e-01 -1.127685546875000000e+00
4.114941406250000044e-01 8.808349609375000222e-01 8.743164062499999556e-01 4.181640625000000028e-02 9.829882812500000400e-01 -1.877685546875000000e+00
3.164941406250000311e-01 6.933349609375000222e-01 7.843164062500000977e-01 5.181640625000000222e-02 1.032988281249999973e+00 -7.526855468750000000e-01
1.264941406250000011e-01 8.183349609375000222e-01 6.043164062500000488e-01 3.181640624999999833e-02 9.329882812499999956e-01 -1.502685546875000000e+00
1.294628906249999933e-01 6.562255859375000222e-01 7.758789062500000000e-01 4.650390625000000444e-02 1.003300781250000107e+00 -1.397216796875000000e+00
3.194628906249999956e-01 7.812255859375000222e-01 5.958789062500000622e-01 6.650390625000000833e-02 9.033007812500000178e-01 -6.472167968750000000e-01
4.144628906250000244e-01 7.187255859375000222e-01 6.858789062500000311e-01 3.650390625000000250e-02 9.533007812500000622e-01 -1.772216796875000000e+00
2.244628906249999944e-01 8.437255859375000222e-01 8.658789062500000799e-01 5.650390624999999944e-02 1.053300781250000151e+00 -1.022216796875000000e+00
2.719628906250000089e-01 7.499755859375000222e-01 5.508789062500000222e-01 4.150390625000000000e-02 9.283007812500000400e-01 -1.209716796875000000e+00
4.619628906250000111e-01 8.749755859375000222e-01 7.308789062500000711e-01 6.150390625000000389e-02 1.028300781250000018e+00 -1.959716796875000000e+00
3.669628906249999822e-01 6.874755859375000222e-01 8.208789062500000400e-01 3.150390624999999806e-02 9.783007812499999734e-01 -8.347167968750000000e-01
1.769628906249999800e-01 8.124755859375000222e-01 6.408789062499999911e-01 5.150390625000000194e-02 8.783007812499999956e-01 -1.584716796875000000e+00
2.007128906250000011e-01 7.343505859375000222e-01 8.883789062500000444e-01 6.400390625000000611e-02 9.158007812499999734e-01 -1.490966796875000000e+00
3.907128906249999756e-01 8.593505859375000222e-01 7.083789062500001066e-01 4.400390625000000222e-02 1.015800781250000062e+00 -7.409667968750000000e-01
4.857128906250000044e-01 6.718505859375000222e-01 6.183789062500000266e-01 5.400390625000000416e-02 1.065800781250000107e+00 -1.865966796875000000e+00
2.957128906250000022e-01 7.968505859375000222e-01 7.983789062500000755e-01 3.400390625000000028e-02 9.658007812500000178e-01 -1.115966796875000000e+00
2.482128906249999878e-01 7.031005859375000222e-01 6.633789062500000666e-01 6.900390624999999667e-02 1.040800781249999973e+00 -9.284667968750000000e-01
4.382128906250000178e-01 8.281005859375000222e-01 8.433789062500001155e-01 4.900390625000000666e-02 9.408007812499999956e-01 -1.678466796875000000e+00
3.432128906249999889e-01 7.656005859375000222e-01 7.533789062500000355e-01 5.900390625000000167e-02 8.908007812499999512e-01 -5.534667968750000000e-01
1.532128906249999867e-01 8.906005859375000222e-01 5.733789062500000977e-01 3.900390624999999778e-02 9.908007812500000400e-01 -1.303466796875000000e+00
1.650878906250000111e-01 7.734130859375000222e-01 7.196289062500000888e-01 3.025390625000000042e-02 1.047050781250000062e+00 -1.631591796875000000e+00
3.550878906250000133e-01 8.984130859375000222e-01 8.996289062500000266e-01 5.025390625000000777e-02 9.470507812499999734e-01 -8.815917968750000000e-01
4.500878906249999867e-01 7.109130859375000222e-01 8.096289062500000577e-01 4.025390624999999889e-02 8.970507812500000400e-01 -1.256591796875000000e+00
2.600878906249999845e-01 8.359130859375000222e-01 6.296289062500000089e-01 6.025390625000000278e-02 9.970507812500000178e-01 -5.065917968750000000e-01
3.075878906250000266e-01 6.796630859375000222e-01 8.546289062500000977e-01 3.525390625000000139e-02 8.720507812500000178e-01 -6.940917968750000000e-01
4.975878906249999734e-01 8.046630859375000222e-01 6.746289062500000488e-01 5.525390625000000527e-02 9.720507812499999956e-01 -1.444091796875000000e+00
4.025878906250000000e-01 7.421630859375000222e-01 5.846289062500000799e-01 4.525390625000000333e-02 1.022050781249999929e+00 -1.069091796875000000e+00
2.125878906249999978e-01 8.671630859375000222e-01 7.646289062500000178e-01 6.525390625000000722e-02 9.220507812500000622e-01 -1.819091796875000000e+00
1.888378906250000044e-01 6.952880859375000222e-01 6.071289062500000444e-01 5.775390625000000056e-02 9.595507812500000400e-01 -1.912841796875000000e+00
3.788378906250000067e-01 8.202880859375000222e-01 7.871289062499999822e-01 3.775390624999999667e-02 1.059550781250000018e+00 -1.162841796875000000e+00
4.738378906249999800e-01 7.577880859375000222e-01 8.771289062500000622e-01 6.775390625000000944e-02 1.009550781249999973e+00 -1.537841796875000000e+00
2.838378906249999778e-01 8.827880859375000222e-01 6.971289062500000133e-01 4.775390625000000555e-02 9.095507812499999956e-01 -7.878417968750000000e-01
2.363378906249999911e-01 7.265380859375000222e-01 7.421289062500000533e-01 5.275390625000000305e-02 9.845507812500000622e-01 -6.003417968750000000e-01
4.263378906249999933e-01 8.515380859375000222e-01 5.621289062500000044e-01 3.275390624999999917e-02 8.845507812499999734e-01 -1.350341796875000000e+00
3.313378906249999645e-01 6.640380859375000222e-01 6.521289062500000844e-01 6.275390625000000500e-02 9.345507812500000178e-01 -9.753417968750000000e-01
1.413378906249999900e-01 7.890380859375000222e-01 8.321289062500000222e-01 4.275390625000000111e-02 1.034550781250000107e+00 -1.725341796875000000e+00
1.354003906250000056e-01 7.148193359375000222e-01 6.352539062500000000e-01 6.962890625000001110e-02 8.939257812499999956e-01 -8.581542968750000000e-01
3.254003906250000355e-01 8.398193359375000222e-01 8.152539062500000488e-01 4.962890625000000722e-02 9.939257812500000844e-01 -1.608154296875000000e+00
4.204003906250000089e-01 6.523193359375000222e-01 9.052539062500000178e-01 5.962890625000000222e-02 1.043925781250000018e+00 -1.233154296875000000e+00
2.304003906250000067e-01 7.773193359375000222e-01 7.252539062500000799e-01 3.962890624999999833e-02 9.439257812500000400e-01 -1.983154296875000000e+00
2.779003906249999933e-01 6.835693359375000222e-01 7.702539062500000089e-01 6.462890625000000666e-02 1.068925781250000151e+00 -1.795654296875000000e+00
4.679003906249999956e-01 8.085693359375000222e-01 5.902539062500000711e-01 4.462890625000000278e-02 9.689257812500000622e-01 -1.045654296875000000e+00
3.729003906250000222e-01 7.460693359375000222e-01 6.802539062500000400e-01 5.462890625000000472e-02 9.189257812500000178e-01 -1.420654296875000000e+00
1.829003906249999922e-01 8.710693359375000222e-01 8.602539062500000888e-01 3.462890625000000083e-02 1.018925781250000107e+00 -6.706542968750000000e-01
2.066503906250000133e-01 6.679443359375000222e-01 7.027539062500000044e-01 4.212890625000000056e-02 9.814257812500000178e-01 -5.769042968750000000e-01
3.966503906250000155e-01 7.929443359375000222e-01 8.827539062500000533e-01 6.212890625000000444e-02 8.814257812500000400e-01 -1.326904296875000000e+00
4.916503906249999889e-01 7.304443359375000222e-01 7.927539062499999734e-01 3.212890624999999861e-02 9.314257812499999734e-01 -9.519042968750000000e-01
3.016503906249999867e-01 8.554443359375000222e-01 6.127539062500000355e-01 5.212890625000000250e-02 1.031425781250000062e+00 -1.701904296875000000e+00
2.541503906250000000e-01 7.616943359375000222e-01 8.377539062500000133e-01 4.712890625000000500e-02 9.564257812499999956e-01 -1.889404296875000000e+00
4.441503906250000022e-01 8.866943359375000222e-01 6.577539062500000755e-01 6.712890625000000888e-02 1.056425781249999973e+00 -1.139404296875000000e+00
3.491503906249999734e-01 6.991943359375000222e-01 5.677539062499999956e-01 3.712890625000000305e-02 1.006425781249999929e+00 -1.514404296875000000e+00
1.591503906249999989e-01 8.241943359375000222e-01 7.477539062500000444e-01 5.712890625000000000e-02 9.064257812500000622e-01 -7.644042968750000000e-01
1.472753906250000022e-01 7.070068359375000222e-01 8.715039062500000711e-01 5.337890625000000361e-02 9.376757812500000622e-01 -1.092529296875000000e+00
3.372753906250000044e-01 8.320068359375000222e-01 6.915039062500000222e-01 3.337890624999999972e-02 1.037675781249999929e+00 -1.842529296875000000e+00
4.322753906249999778e-01 7.695068359375000222e-01 6.015039062500000533e-01 6.337890625000000555e-02 9.876757812499999956e-01 -7.175292968750000000e-01
2.422753906250000033e-01 8.945068359375000222e-01 7.815039062499999911e-01 4.337890625000000167e-02 8.876757812500000178e-01 -1.467529296875000000e+00
2.897753906250000178e-01 7.382568359375000222e-01 6.465039062499999822e-01 5.837890625000000111e-02 1.012675781250000018e+00 -1.280029296875000000e+00
4.797753906250000200e-01 8.632568359375000222e-01 8.265039062500000311e-01 3.837890624999999722e-02 9.126757812500000400e-01 -5.300292968750000000e-01
3.847753906249999911e-01 6.757568359375000222e-01 7.365039062500000622e-01 6.837890625000000999e-02 9.626757812499999734e-01 -1.655029296875000000e+00
1.947753906249999889e-01 8.007568359375000222e-01 5.565039062500000133e-01 4.837890625000000611e-02 1.062675781250000062e+00 -9.050292968750000000e-01
1.710253906249999956e-01 7.538818359375000222e-01 8.040039062499999556e-01 3.587890625000000194e-02 1.025175781249999973e+00 -9.987792968750000000e-01
3.610253906249999978e-01 8.788818359375000222e-01 6.240039062500000178e-01 5.587890624999999889e-02 9.251757812499999956e-01 -1.748779296875000000e+00
4.560253906250000266e-01 6.913818359375000222e-01 7.140039062500000977e-01 4.587890625000000389e-02 8.751757812499999512e-01 -6.237792968750000000e-01
2.660253906249999689e-01 8.163818359375000222e-01 8.940039062500000355e-01 6.587890625000000777e-02 9.751757812500000400e-01 -1.373779296875000000e+00
2.185253906249999822e-01 6.601318359375000222e-01 5.790039062500000888e-01 3.087890624999999750e-02 9.001757812499999734e-01 -1.561279296875000000e+00
4.085253906249999845e-01 7.851318359375000222e-01 7.590039062500000266e-01 5.087890625000000139e-02 1.000175781250000062e+00 -8.112792968750000000e-01
3.135253906250000111e-01 7.226318359375000222e-01 8.490039062500001066e-01 4.087890624999999944e-02 1.050175781250000107e+00 -1.936279296875000000e+00
1.235253906249999950e-01 8.476318359375000222e-01 6.690039062500000577e-01 6.087890625000000333e-02 9.501757812500000178e-01 -1.186279296875000000e+00
1.250097656249999911e-01 7.021240234375000222e-01 5.888476562500000178e-01 4.353515624999999833e-02 1.054082031250000107e+00 -7.585449218750000000e-01
3.150097656249999933e-01 8.271240234375000222e-01 7.688476562500000666e-01 6.353515625000000222e-02 9.540820312500000178e-01 -1.508544921875000000e+00
4.100097656250000222e-01 7.646240234375000222e-01 8.588476562500000355e-01 3.353515624999999639e-02 9.040820312499999734e-01 -1.133544921875000000e+00
2.200097656249999922e-01 8.896240234375000222e-01 6.788476562500000977e-01 5.353515625000000722e-02 1.004082031250000062e+00 -1.883544921875000000e+00
2.675097656250000067e-01 7.333740234375000222e-01 8.138476562500001066e-01 4.853515625000000278e-02 8.790820312499999512e-01 -1.696044921875000000e+00
4.575097656250000089e-01 8.583740234375000222e-01 6.338476562500000577e-01 6.853515625000000666e-02 9.790820312500000400e-01 -9.460449218750000000e-01
3.625097656250000355e-01 6.708740234375000222e-01 7.238476562500000266e-01 3.853515625000000083e-02 1.029082031249999973e+00 -1.321044921875000000e+00
1.725097656250000056e-01 7.958740234375000222e-01 9.038476562499999645e-01 5.853515625000000472e-02 9.290820312499999956e-01 -5.710449218750000000e-01
1.962597656249999989e-01 7.489990234375000222e-01 6.563476562500000222e-01 6.603515625000000444e-02 9.665820312499999734e-01 -6.647949218750000000e-01
3.862597656249999734e-01 8.739990234375000222e-01 8.363476562500000711e-01 4.603515625000000056e-02 1.066582031250000062e+00 -1.414794921875000000e+00
4.812597656250000022e-01 6.864990234375000222e-01 7.463476562499999911e-01 5.603515625000000250e-02 1.016582031250000018e+00 -1.039794921875000000e+00
2.912597656250000000e-01 8.114990234375000222e-01 5.663476562500000533e-01 3.603515624999999861e-02 9.165820312500000400e-01 -1.789794921875000000e+00
2.437597656250000133e-01 6.552490234375000222e-01 8.813476562500000000e-01 6.103515625000000000e-02 9.915820312499999956e-01 -1.977294921875000000e+00
4.337597656250000155e-01 7.802490234375000222e-01 7.013476562500000622e-01 4.103515625000000305e-02 8.915820312500000178e-01 -1.227294921875000000e+00
3.387597656249999867e-01 7.177490234375000222e-01 6.113476562500000933e-01 5.103515625000000500e-02 9.415820312500000622e-01 -1.602294921875000000e+00
1.487597656249999845e-01 8.427490234375000222e-01 7.913476562500000311e-01 3.103515624999999764e-02 1.041582031249999929e+00 -8.522949218750000000e-01
1.606347656250000089e-01 7.255615234375000222e-01 8.250976562500000888e-01 3.978515625000000194e-02 9.978320312499999734e-01 -1.180419921875000000e+00
3.506347656250000111e-01 8.505615234375000222e-01 6.450976562500000400e-01 5.978515625000000583e-02 8.978320312499999956e-01 -1.930419921875000000e+00
4.456347656249999845e-01 6.630615234375000222e-01 5.550976562500000711e-01 4.978515625000000389e-02 9.478320312500000400e-01 -8.054199218750000000e-01
2.556347656249999822e-01 7.880615234375000222e-01 7.350976562500000089e-01 6.978515625000000777e-02 1.047832031250000018e+00 -1.555419921875000000e+00
3.031347656249999689e-01 6.943115234375000222e-01 6.900976562500000799e-01 3.478515624999999750e-02 9.228320312500000178e-01 -1.367919921875000000e+00
4.931347656250000266e-01 8.193115234375000222e-01 8.700976562500000178e-01 5.478515625000000833e-02 1.022832031250000107e+00 -6.179199218750000000e-01
3.981347656249999978e-01 7.568115234375000222e-01 7.800976562500000488e-01 4.478515624999999944e-02 9.728320312500000622e-01 -1.742919921875000000e+00
2.081347656249999956e-01 8.818115234375000222e-01 6.000976562500000000e-01 6.478515625000000333e-02 8.728320312499999734e-01 -9.929199218750000000e-01
1.843847656250000022e-01 6.786865234375000222e-01 7.575976562499999734e-01 5.228515625000000611e-02 9.103320312500000622e-01 -8.991699218750000000e-01
3.743847656250000044e-01 8.036865234375000222e-01 5.775976562500000355e-01 3.228515625000000222e-02 1.010332031249999929e+00 -1.649169921875000000e+00
4.693847656249999778e-01 7.411865234375000222e-01 6.675976562500000044e-01 6.228515625000000805e-02 1.060332031249999973e+00 -5.241699218750000000e-01
2.793847656250000311e-01 8.661865234375000222e-01 8.475976562500000533e-01 4.228515624999999722e-02 9.603320312499999956e-01 -1.274169921875000000e+00
2.318847656249999889e-01 7.724365234375000222e-01 6.225976562500000755e-01 5.728515625000000361e-02 1.035332031250000062e+00 -1.461669921875000000e+00
4.218847656249999911e-01 8.974365234375000222e-01 8.025976562500000133e-01 3.728515624999999972e-02 9.353320312499999734e-01 -7.116699218750000000e-01
3.268847656250000178e-01 7.099365234375000222e-01 8.925976562499999822e-01 6.728515625000000555e-02 8.853320312500000400e-01 -1.836669921875000000e+00
1.368847656249999878e-01 8.349365234375000222e-01 7.125976562500000444e-01 4.728515625000000167e-02 9.853320312500000178e-01 -1.086669921875000000e+00
1.428222656250000000e-01 7.607177734375000222e-01 7.407226562500000000e-01 6.041015625000000638e-02 9.447070312499999956e-01 -1.297607421875000000e+00
3.328222656250000022e-01 8.857177734375000222e-01 5.607226562500000622e-01 4.041015625000000250e-02 1.044707031249999973e+00 -5.476074218750000000e-01
4.278222656249999756e-01 6.982177734375000222e-01 6.507226562500000311e-01 5.041015625000000444e-02 9.947070312500000400e-01 -1.672607421875000000e+00
2.378222656250000011e-01 8.232177734375000222e-01 8.307226562500000799e-01 3.041015625000000056e-02 8.947070312499999512e-01 -9.226074218750000000e-01
2.853222656249999600e-01 6.669677734375000222e-01 6.057226562499999911e-01 6.541015625000000389e-02 1.019707031250000062e+00 -1.110107421875000000e+00
4.753222656250000178e-01 7.919677734375000222e-01 7.857226562500000400e-01 4.541015625000000000e-02 9.197070312499999734e-01 -1.860107421875000000e+00
3.803222656249999889e-01 7.294677734375000222e-01 8.757226562500000089e-01 5.541015625000000888e-02 9.697070312500000178e-01 -7.351074218750000000e-01
1.903222656249999867e-01 8.544677734375000222e-01 6.957226562500000711e-01 3.541015624999999806e-02 1.069707031250000107e+00 -1.485107421875000000e+00
2.140722656249999800e-01 6.825927734375000222e-01 8.532226562500000444e-01 4.791015625000000222e-02 1.032207031250000018e+00 -1.578857421875000000e+00
4.040722656249999822e-01 8.075927734375000222e-01 6.732226562499999956e-01 6.791015625000000611e-02 9.322070312500000400e-01 -8.288574218750000000e-01
4.990722656250000111e-01 7.450927734375000222e-01 5.832226562500000266e-01 3.791015625000000028e-02 8.822070312499999956e-01 -1.953857421875000000e+00
3.090722656250000089e-01 8.700927734375000222e-01 7.632226562500000755e-01 5.791015625000000416e-02 9.822070312499999734e-01 -1.203857421875000000e+00
2.615722656250000222e-01 7.138427734375000222e-01 7.182226562500000355e-01 4.291015624999999778e-02 9.072070312500000178e-01 -1.016357421875000000e+00
4.515722656250000244e-01 8.388427734375000222e-01 8.982226562499999734e-01 6.291015625000001554e-02 1.007207031250000107e+00 -1.766357421875000000e+00
3.565722656249999956e-01 6.513427734375000222e-01 8.082226562500001155e-01 3.291015625000000278e-02 1.057207031250000151e+00 -6.413574218750000000e-01
1.665722656249999933e-01 7.763427734375000222e-01 6.282226562500000666e-01 5.291015625000000666e-02 9.572070312500000622e-01 -1.391357421875000000e+00
1.546972656249999967e-01 6.591552734375000222e-01 6.844726562500000888e-01 5.666015625000000305e-02 8.884570312499999734e-01 -1.719482421875000000e+00
3.446972656250000266e-01 7.841552734375000222e-01 8.644726562500000266e-01 3.666015624999999917e-02 9.884570312500000622e-01 -9.694824218750000000e-01
4.396972656250000000e-01 7.216552734375000222e-01 7.744726562500000577e-01 6.666015625000000500e-02 1.038457031250000107e+00 -1.344482421875000000e+00
2.496972656249999978e-01 8.466552734375000222e-01 5.944726562500000089e-01 4.666015625000000111e-02 9.384570312500000178e-01 -5.944824218750000000e-01
2.971972656249999845e-01 7.529052734375000222e-01 9.094726562499999556e-01 5.166015625000000555e-02 1.063457031250000018e+00 -7.819824218750000000e-01
4.871972656249999867e-01 8.779052734375000222e-01 7.294726562500000178e-01 3.166015625000000167e-02 9.634570312500000400e-01 -1.531982421875000000e+00
3.921972656250000133e-01 6.904052734375000222e-01 6.394726562500000488e-01 6.166015625000000749e-02 9.134570312499999956e-01 -1.156982421875000000e+00
2.021972656250000111e-01 8.154052734375000222e-01 8.194726562500000977e-01 4.166015625000000361e-02 1.013457031249999973e+00 -1.906982421875000000e+00
1.784472656249999900e-01 7.372802734375000222e-01 5.719726562500000444e-01 3.416015624999999695e-02 9.759570312499999956e-01 -1.813232421875000000e+00
3.684472656249999645e-01 8.622802734375000222e-01 7.519726562499999822e-01 5.416015625000000777e-02 8.759570312500000178e-01 -1.063232421875000000e+00
4.634472656249999933e-01 6.747802734375000222e-01 8.419726562500000622e-01 4.416015624999999889e-02 9.259570312500000622e-01 -1.438232421875000000e+00
2.734472656249999911e-01 7.997802734375000222e-01 6.619726562500000133e-01 6.416015625000000278e-02 1.025957031249999929e+00 -6.882324218750000000e-01
2.259472656250000044e-01 7.060302734375000222e-01 7.969726562500000222e-01 3.916015625000000139e-02 9.509570312499999734e-01 -5.007324218750000000e-01
4.159472656250000067e-01 8.310302734375000222e-01 6.169726562500000844e-01 5.916015625000000527e-02 1.050957031250000062e+00 -1.250732421875000000e+00
3.209472656249999778e-01 7.685302734375000222e-01 7.069726562500000533e-01 4.916015625000000333e-02 1.000957031250000018e+00 -8.757324218750000000e-01
1.309472656250000033e-01 8.935302734375000222e-01 8.869726562499999911e-01 6.916015625000000722e-02 9.009570312500000400e-01 -1.625732421875000000e+00
1.279785156249999833e-01 7.314208984375000222e-01 6.985351562500000666e-01 5.384765625000000056e-02 1.043144531250000062e+00 -1.918701171875000000e+00
3.179785156250000133e-01 8.564208984375000222e-01 8.785351562500001155e-01 3.384765624999999667e-02 9.431445312499999734e-01 -1.168701171875000000e+00
4.129785156249999867e-01 6.689208984375000222e-01 7.885351562500000355e-01 6.384765624999999556e-02 8.931445312500000400e-01 -1.543701171875000000e+00
2.229785156249999845e-01 7.939208984375000222e-01 6.085351562500000977e-01 4.384765625000000555e-02 9.931445312500000178e-01 -7.937011718750000000e-01
2.704785156250000266e-01 7.001708984375000222e-01 8.335351562499999645e-01 5.884765625000000500e-02 9.181445312500000622e-01 -6.062011718750000000e-01
4.604785156249999734e-01 8.251708984375000222e-01 6.535351562500000266e-01 3.884765625000000111e-02 1.018144531249999929e+00 -1.356201171875000000e+00
3.654785156250000000e-01 7.626708984375000222e-01 5.635351562500000577e-01 6.884765625000000000e-02 1.068144531249999973e+00 -9.812011718750000000e-01
1.754785156249999978e-01 8.876708984375000222e-01 7.435351562500001066e-01 4.884765625000000305e-02 9.681445312499999956e-01 -1.731201171875000000e+00
1.992285156249999911e-01 6.532958984375000222e-01 6.310351562500000622e-01 3.634765624999999889e-02 9.306445312500000178e-01 -1.637451171875000000e+00
3.892285156249999933e-01 7.782958984375000222e-01 8.110351562500000000e-01 5.634765625000000278e-02 1.030644531250000107e+00 -8.874511718750000000e-01
4.842285156250000222e-01 7.157958984375000222e-01 9.010351562500000799e-01 4.634765625000000083e-02 9.806445312500000622e-01 -1.262451171875000000e+00
2.942285156249999645e-01 8.407958984375000222e-01 7.210351562500000311e-01 6.634765624999999778e-02 8.806445312499999734e-01 -5.124511718750000000e-01
2.467285156250000056e-01 7.470458984375000222e-01 7.660351562500000711e-01 3.134765625000000139e-02 1.005644531249999973e+00 -6.999511718750000000e-01
4.367285156249999800e-01 8.720458984375000222e-01 5.860351562500000222e-01 5.134765624999999833e-02 9.056445312499999956e-01 -1.449951171875000000e+00
3.417285156250000067e-01 6.845458984375000222e-01 6.760351562499999911e-01 4.134765625000000333e-02 9.556445312500000400e-01 -1.074951171875000000e+00
1.517285156250000044e-01 8.095458984375000222e-01 8.560351562500000400e-01 6.134765625000000722e-02 1.055644531250000018e+00 -1.824951171875000000e+00
1.636035156250000011e-01 6.923583984375000222e-01 7.997851562500000178e-01 6.759765624999999889e-02 9.868945312500000400e-01 -1.496826171875000000e+00
3.536035156250000311e-01 8.173583984375000222e-01 6.197851562500000799e-01 4.759765625000000194e-02 8.868945312499999512e-01 -7.468261718750000000e-01
4.486035156250000044e-01 7.548583984375000222e-01 7.097851562500000488e-01 5.759765625000000389e-02 9.368945312499999956e-01 -1.871826171875000000e+00
2.586035156250000022e-01 8.798583984375000222e-01 8.897851562500000977e-01 3.759765625000000000e-02 1.036894531249999973e+00 -1.121826171875000000e+00
3.061035156249999889e-01 7.236083984375000222e-01 5.747851562500000400e-01 6.259765625000000833e-02 9.618945312500000178e-01 -9.343261718750000000e-01
4.961035156249999911e-01 8.486083984375000222e-01 7.547851562500000888e-01 4.259765625000000444e-02 1.061894531250000107e+00 -1.684326171875000000e+00
4.011035156250000178e-01 6.611083984375000222e-01 8.447851562500000577e-01 5.259765624999999944e-02 1.011894531250000062e+00 -5.593261718750000000e-01
2.111035156250000155e-01 7.861083984375000222e-01 6.647851562500000089e-01 3.259765625000000250e-02 9.118945312499999734e-01 -1.309326171875000000e+00
1.873535156249999944e-01 7.704833984375000222e-01 8.672851562500000222e-01 4.009765625000000222e-02 8.743945312499999956e-01 -1.403076171875000000e+00
3.773535156250000244e-01 8.954833984375000222e-01 6.872851562499999734e-01 6.009765625000000611e-02 9.743945312499999734e-01 -6.530761718750000000e-01
4.723535156249999978e-01 7.079833984375000222e-01 5.972851562500000044e-01 3.009765625000000028e-02 1.024394531250000018e+00 -1.778076171875000000e+00
2.823535156249999956e-01 8.329833984375000222e-01 7.772851562500000533e-01 5.009765625000000416e-02 9.243945312500000400e-01 -1.028076171875000000e+00
2.348535156250000089e-01 6.767333984375000222e-01 6.422851562500000444e-01 4.509765624999999972e-02 1.049394531250000151e+00 -1.215576171875000000e+00
4.248535156250000111e-01 8.017333984375000222e-01 8.222851562499999822e-01 6.509765624999999667e-02 9.493945312500000622e-01 -1.965576171875000000e+00
3.298535156249999822e-01 7.392333984375000222e-01 7.322851562500000133e-01 3.509765624999999778e-02 8.993945312500000178e-01 -8.405761718750000000e-01
1.398535156250000078e-01 8.642333984375000222e-01 5.522851562500000755e-01 5.509765625000000167e-02 9.993945312500001066e-01 -1.590576171875000000e+00
1.339160156249999956e-01 6.728271484375000222e-01 8.954101562500000888e-01 3.197265625000000194e-02 9.525195312499999956e-01 -1.004638671875000000e+00
3.239160156249999978e-01 7.978271484375000222e-01 7.154101562500000400e-01 5.197265624999999889e-02 1.052519531249999973e+00 -1.754638671875000000e+00
4.189160156250000266e-01 7.353271484375000222e-01 6.254101562500000711e-01 4.197265625000000389e-02 1.002519531249999929e+00 -6.296386718750000000e-01
2.289160156249999967e-01 8.603271484375000222e-01 8.054101562500000089e-01 6.197265625000000777e-02 9.025195312500000622e-01 -1.379638671875000000e+00
2.764160156250000111e-01 7.665771484375000222e-01 6.704101562500000000e-01 3.697265624999999944e-02 9.775195312500000178e-01 -1.567138671875000000e+00
4.664160156250000133e-01 8.915771484375000222e-01 8.504101562500000488e-01 5.697265625000000333e-02 8.775195312500000400e-01 -8.171386718750000000e-01
3.714160156249999845e-01 7.040771484375000222e-01 7.604101562500000799e-01 4.697265625000000139e-02 9.275195312499999734e-01 -1.942138671875000000e+00
1.814160156249999822e-01 8.290771484375000222e-01 5.804101562500000311e-01 6.697265625000001221e-02 1.027519531250000062e+00 -1.192138671875000000e+00
2.051660156250000033e-01 7.197021484375000222e-01 7.829101562500000444e-01 5.947265625000000555e-02 1.065019531250000151e+00 -1.098388671875000000e+00
3.951660156249999778e-01 8.447021484375000222e-01 6.029101562499999956e-01 3.947265625000000167e-02 9.650195312500000622e-01 -1.848388671875000000e+00
4.901660156250000067e-01 6.572021484375000222e-01 6.929101562500000755e-01 6.947265625000001443e-02 9.150195312500000178e-01 -7.233886718750000000e-01
3.001660156250000044e-01 7.822021484375000222e-01 8.729101562500000133e-01 4.947265625000000361e-02 1.015019531250000107e+00 -1.473388671875000000e+00
2.526660156250000178e-01 6.884521484375000222e-01 5.579101562500000666e-01 5.447265625000000111e-02 8.900195312499999956e-01 -1.285888671875000000e+00
4.426660156250000200e-01 8.134521484375000222e-01 7.379101562500000044e-01 3.447265624999999722e-02 9.900195312499999734e-01 -5.358886718750000000e-01
3.476660156249999911e-01 7.509521484375000222e-01 8.279101562499999734e-01 6.447265625000000999e-02 1.040019531250000018e+00 -1.660888671875000000e+00
1.576660156249999889e-01 8.759521484375000222e-01 6.479101562500000355e-01 4.447265624999999917e-02 9.400195312500000400e-01 -9.108886718750000000e-01
1.457910156249999922e-01 7.587646484375000222e-01 6.141601562500000888e-01 4.572265625000000028e-02 8.962695312499999734e-01 -5.827636718750000000e-01
3.357910156250000222e-01 8.837646484375000222e-01 7.941601562500000266e-01 6.572265625000001110e-02 9.962695312500000622e-01 -1.332763671875000000e+00
4.307910156249999956e-01 6.962646484375000222e-01 8.841601562500001066e-01 3.572265624999999833e-02 1.046269531250000107e+00 -9.577636718750000000e-01
2.407910156249999933e-01 8.212646484375000222e-01 7.041601562500000577e-01 5.572265625000000222e-02 9.462695312500000178e-01 -1.707763671875000000e+00
2.882910156250000355e-01 6.650146484375000222e-01 7.491601562500000977e-01 4.072265625000000278e-02 1.021269531249999973e+00 -1.895263671875000000e+00
4.782910156249999822e-01 7.900146484375000222e-01 5.691601562500000488e-01 6.072265625000000666e-02 9.212695312499999956e-01 -1.145263671875000000e+00
3.832910156250000089e-01 7.275146484375000222e-01 6.591601562500000178e-01 3.072265624999999736e-02 8.712695312499999512e-01 -1.520263671875000000e+00
1.932910156250000067e-01 8.525146484375000222e-01 8.391601562499999556e-01 5.072265624999999778e-02 9.712695312500000400e-01 -7.702636718750000000e-01
1.695410156250000133e-01 7.118896484375000222e-01 7.266601562500000222e-01 6.322265625000000888e-02 1.008769531250000018e+00 -8.640136718750000000e-01
3.595410156249999600e-01 8.368896484375000222e-01 9.066601562500000711e-01 4.322265625000000500e-02 9.087695312500000400e-01 -1.614013671875000000e+00
4.545410156249999889e-01 7.743896484375000222e-01 8.166601562499999911e-01 5.322265625000000000e-02 9.587695312499999734e-01 -1.239013671875000000e+00
2.645410156249999867e-01 8.993896484375000222e-01 6.366601562500000533e-01 3.322265624999999611e-02 1.058769531250000062e+00 -1.989013671875000000e+00
2.170410156250000000e-01 7.431396484375000222e-01 8.616601562500000311e-01 6.822265625000001332e-02 9.337695312500000622e-01 -1.801513671875000000e+00
4.070410156250000022e-01 8.681396484375000222e-01 6.816601562499999822e-01 4.822265625000000250e-02 1.033769531249999929e+00 -1.051513671875000000e+00
3.120410156249999734e-01 6.806396484375000222e-01 5.916601562500000133e-01 5.822265625000000444e-02 9.837695312499999956e-01 -1.426513671875000000e+00
1.220410156249999989e-01 8.056396484375000222e-01 7.716601562500000622e-01 3.822265625000000056e-02 8.837695312500000178e-01 -6.765136718750000000e-01
1.227832031249999900e-01 6.811279296875000222e-01 7.147070312500000133e-01 6.736328125000000389e-02 9.271289062499999956e-01 -1.616943359375000000e+00
3.127832031249999645e-01 8.061279296875000222e-01 8.947070312500000622e-01 4.736328125000000000e-02 1.027128906249999973e+00 -8.669433593750000000e-01
4.077832031249999933e-01 7.436279296875000222e-01 8.047070312499999822e-01 5.736328125000000888e-02 9.771289062500000400e-01 -1.991943359375000000e+00
2.177832031249999911e-01 8.686279296875000222e-01 6.247070312500000444e-01 3.736328124999999806e-02 8.771289062499999512e-01 -1.241943359375000000e+00
2.652832031249999778e-01 7.748779296875000222e-01 8.497070312500000222e-01 6.236328125000000638e-02 1.002128906250000062e+00 -1.054443359375000000e+00
4.552832031249999800e-01 8.998779296875000222e-01 6.697070312500000844e-01 4.236328125000000250e-02 9.021289062499999734e-01 -1.804443359375000000e+00
3.602832031250000067e-01 7.123779296875000222e-01 5.797070312500000044e-01 5.236328125000000444e-02 9.521289062500000178e-01 -6.794433593750000000e-01
1.702832031250000044e-01 8.373779296875000222e-01 7.597070312500000533e-01 3.236328125000000056e-02 1.052128906250000107e+00 -1.429443359375000000e+00
1.940332031249999978e-01 7.280029296875000222e-01 6.022070312500000799e-01 4.486328124999999778e-02 1.039628906249999929e+00 -1.335693359375000000e+00
3.840332031250000000e-01 8.530029296875000222e-01 7.822070312500000178e-01 6.486328125000001554e-02 9.396289062500000622e-01 -5.856933593750000000e-01
4.790332031249999734e-01 6.655029296875000222e-01 8.722070312500000977e-01 3.486328125000000278e-02 8.896289062500000178e-01 -1.710693359375000000e+00
2.890332031250000266e-01 7.905029296875000222e-01 6.922070312500000488e-01 5.486328125000000666e-02 9.896289062499999956e-01 -9.606933593750000000e-01
2.415332031249999845e-01 6.967529296875000222e-01 7.372070312500000888e-01 4.986328125000000222e-02 9.146289062500000400e-01 -1.148193359375000000e+00
4.315332031249999867e-01 8.217529296875000222e-01 5.572070312500000400e-01 6.986328125000000611e-02 1.014628906250000018e+00 -1.898193359375000000e+00
3.365332031250000133e-01 7.592529296875000222e-01 6.472070312500000089e-01 3.986328125000000028e-02 1.064628906250000062e+00 -7.731933593750000000e-01
1.465332031250000111e-01 8.842529296875000222e-01 8.272070312500000577e-01 5.986328125000000416e-02 9.646289062499999734e-01 -1.523193359375000000e+00
1.584082031249999800e-01 7.514404296875000222e-01 7.934570312500000000e-01 5.111328125000000333e-02 8.708789062499999734e-01 -1.851318359375000000e+00
3.484082031249999822e-01 8.764404296875000222e-01 6.134570312500000622e-01 3.111328124999999944e-02 9.708789062500000622e-01 -1.101318359375000000e+00
4.434082031250000111e-01 6.889404296875000222e-01 7.034570312500000311e-01 6.111328125000000527e-02 1.020878906250000107e+00 -1.476318359375000000e+00
2.534082031250000089e-01 8.139404296875000222e-01 8.834570312500000799e-01 4.111328125000000139e-02 9.208789062500000178e-01 -7.263183593750000000e-01
3.009082031249999956e-01 6.576904296875000222e-01 5.684570312500000222e-01 5.611328125000000777e-02 1.045878906250000018e+00 -5.388183593750000000e-01
4.909082031249999978e-01 7.826904296875000222e-01 7.484570312500000711e-01 3.611328125000000389e-02 9.458789062500000400e-01 -1.288818359375000000e+00
3.959082031250000244e-01 7.201904296875000222e-01 8.384570312500000400e-01 6.611328125000000278e-02 8.958789062499999956e-01 -9.138183593750000000e-01
2.059082031249999944e-01 8.451904296875000222e-01 6.584570312499999911e-01 4.611328124999999889e-02 9.958789062499999734e-01 -1.663818359375000000e+00
1.821582031250000011e-01 7.045654296875000222e-01 9.059570312500000444e-01 3.861328124999999917e-02 9.833789062500000178e-01 -1.757568359375000000e+00
3.721582031249999756e-01 8.295654296875000222e-01 7.259570312500001066e-01 5.861328125000000305e-02 8.833789062500000400e-01 -1.007568359375000000e+00
4.671582031250000044e-01 7.670654296875000222e-01 6.359570312500000266e-01 4.861328125000000111e-02 9.333789062499999734e-01 -1.382568359375000000e+00
2.771582031250000022e-01 8.920654296875000222e-01 8.159570312499999645e-01 6.861328125000000500e-02 1.033378906250000062e+00 -6.325683593750000000e-01
2.296582031250000155e-01 7.358154296875000222e-01 6.809570312500000666e-01 3.361328125000000167e-02 9.583789062499999956e-01 -8.200683593750000000e-01
4.196582031250000178e-01 8.608154296875000222e-01 8.609570312500001155e-01 5.361328125000000555e-02 1.058378906249999973e+00 -1.570068359375000000e+00
3.246582031249999889e-01 6.733154296875000222e-01 7.709570312500000355e-01 4.361328125000000361e-02 1.008378906249999929e+00 -1.195068359375000000e+00
1.346582031249999867e-01 7.983154296875000222e-01 5.909570312500000977e-01 6.361328125000001443e-02 9.083789062500000622e-01 -1.945068359375000000e+00
1.405957031249999989e-01 7.397216796875000222e-01 8.778320312500000888e-01 4.923828125000000167e-02 1.067753906250000107e+00 -6.560058593750000000e-01
3.305957031249999734e-01 8.647216796875000222e-01 6.978320312500000400e-01 6.923828125000000555e-02 9.677539062500000178e-01 -1.406005859375000000e+00
4.255957031250000022e-01 6.772216796875000222e-01 6.078320312500000711e-01 3.923828124999999972e-02 9.177539062499999734e-01 -1.031005859375000000e+00
2.355957031250000000e-01 8.022216796875000222e-01 7.878320312500000089e-01 5.923828125000000361e-02 1.017753906250000062e+00 -1.781005859375000000e+00
2.830957031249999867e-01 7.084716796875000222e-01 6.528320312500000000e-01 4.423828125000000416e-02 8.927539062499999512e-01 -1.968505859375000000e+00
4.730957031249999889e-01 8.334716796875000222e-01 8.328320312500000488e-01 6.423828125000000111e-02 9.927539062500000400e-01 -1.218505859375000000e+00
3.780957031250000155e-01 7.709716796875000222e-01 7.428320312500000799e-01 3.423828125000000222e-02 1.042753906249999973e+00 -1.593505859375000000e+00
1.880957031250000133e-01 8.959716796875000222e-01 5.628320312500000311e-01 5.423828125000000611e-02 9.427539062499999956e-01 -8.435058593750000000e-01
2.118457031250000067e-01 6.615966796875000222e-01 8.103320312499999734e-01 6.173828125000000583e-02 9.552539062500000622e-01 -7.497558593750000000e-01
4.018457031250000089e-01 7.865966796875000222e-01 6.303320312500000355e-01 4.173828125000000194e-02 1.055253906250000151e+00 -1.499755859375000000e+00
4.968457031249999822e-01 7.240966796875000222e-01 7.203320312500000044e-01 5.173828125000000389e-02 1.005253906250000107e+00 -1.124755859375000000e+00
3.068457031250000355e-01 8.490966796875000222e-01 9.003320312500000533e-01 3.173828125000000000e-02 9.052539062500000178e-01 -1.874755859375000000e+00
2.593457031249999933e-01 7.553466796875000222e-01 5.853320312499999956e-01 6.673828125000000333e-02 9.802539062499999734e-01 -1.687255859375000000e+00
4.493457031249999956e-01 8.803466796875000222e-01 7.653320312500000444e-01 4.673828124999999944e-02 8.802539062499999956e-01 -9.372558593750000000e-01
3.543457031250000222e-01 6.928466796875000222e-01 8.553320312500000133e-01 5.673828125000000833e-02 9.302539062500000400e-01 -1.312255859375000000e+00
1.643457031249999922e-01 8.178466796875000222e-01 6.753320312500000755e-01 3.673828124999999750e-02 1.030253906250000018e+00 -5.622558593750000000e-01
1.524707031249999956e-01 6.850341796875000222e-01 6.190820312500000533e-01 3.298828125000000111e-02 1.011503906249999973e+00 -8.903808593750000000e-01
3.424707031249999978e-01 8.100341796875000222e-01 7.990820312499999911e-01 5.298828125000000500e-02 9.115039062499999956e-01 -1.640380859375000000e+00
4.374707031250000266e-01 7.475341796875000222e-01 8.890820312500000711e-01 4.298828125000000305e-02 9.615039062500000400e-01 -5.153808593750000000e-01
2.474707031249999967e-01 8.725341796875000222e-01 7.090820312500000222e-01 6.298828125000000000e-02 1.061503906250000018e+00 -1.265380859375000000e+00
2.949707031250000111e-01 7.162841796875000222e-01 7.540820312500000622e-01 3.798828124999999861e-02 9.365039062500000178e-01 -1.452880859375000000e+00
4.849707031250000133e-01 8.412841796875000222e-01 5.740820312500000133e-01 5.798828125000000944e-02 1.036503906250000107e+00 -7.028808593750000000e-01
3.899707031249999845e-01 6.537841796875000222e-01 6.640820312499999822e-01 4.798828125000000056e-02 9.865039062500000622e-01 -1.827880859375000000e+00
1.999707031249999822e-01 7.787841796875000222e-01 8.440820312500000311e-01 6.798828125000000444e-02 8.865039062499999734e-01 -1.077880859375000000e+00
1.762207031249999889e-01 7.631591796875000222e-01 6.865820312500000577e-01 5.548828125000000722e-02 8.990039062500000400e-01 -1.171630859375000000e+00
3.662207031249999911e-01 8.881591796875000222e-01 8.665820312500001066e-01 3.548828125000000333e-02 9.990039062500000178e-01 -1.921630859375000000e+00
4.612207031250000200e-01 7.006591796875000222e-01 7.765820312500000266e-01 6.548828125000000222e-02 1.049003906250000062e+00 -7.966308593750000000e-01
2.712207031250000178e-01 8.256591796875000222e-01 5.965820312500000888e-01 4.548828124999999833e-02 9.490039062499999734e-01 -1.546630859375000000e+00
2.237207031250000033e-01 6.694091796875000222e-01 8.215820312499999556e-01 5.048828125000000278e-02 1.024003906249999929e+00 -1.359130859375000000e+00
4.137207031249999778e-01 7.944091796875000222e-01 6.415820312500000178e-01 3.048828124999999889e-02 9.240039062500000622e-01 -6.091308593750000000e-01
3.187207031250000044e-01 7.319091796875000222e-01 5.515820312500000488e-01 6.048828125000000472e-02 8.740039062500000178e-01 -1.734130859375000000e+00
1.287207031250000022e-01 8.569091796875000222e-01 7.315820312500000977e-01 4.048828125000000083e-02 9.740039062499999956e-01 -9.841308593750000000e-01
1.316894531249999944e-01 7.690185546875000222e-01 5.600195312500000355e-01 3.517578124999999611e-02 9.693164062500000400e-01 -1.066162109375000000e+00
3.216894531249999689e-01 8.940185546875000222e-01 7.400195312499999734e-01 5.517578125000000000e-02 1.069316406250000018e+00 -1.816162109375000000e+00
4.166894531249999978e-01 7.065185546875000222e-01 8.300195312500000533e-01 4.517578125000000500e-02 1.019316406249999973e+00 -6.911621093750000000e-01
2.266894531249999956e-01 8.315185546875000222e-01 6.500195312500000044e-01 6.517578125000000888e-02 9.193164062499999956e-01 -1.441162109375000000e+00
2.741894531249999822e-01 6.752685546875000222e-01 7.850195312500000133e-01 3.017578124999999861e-02 9.943164062500000622e-01 -1.253662109375000000e+00
4.641894531249999845e-01 8.002685546875000222e-01 6.050195312500000755e-01 5.017578125000000250e-02 8.943164062499999734e-01 -5.036621093750000000e-01
3.691894531250000111e-01 7.377685546875000222e-01 6.950195312500000444e-01 4.017578125000000056e-02 9.443164062500000178e-01 -1.628662109375000000e+00
1.791894531250000089e-01 8.627685546875000222e-01 8.750195312499999822e-01 6.017578125000000444e-02 1.044316406250000107e+00 -8.786621093750000000e-01
2.029394531250000022e-01 6.908935546875000222e-01 6.725195312500000799e-01 5.267578125000000472e-02 1.056816406250000062e+00 -9.724121093750000000e-01
3.929394531250000044e-01 8.158935546875000222e-01 8.525195312500000178e-01 3.267578125000000083e-02 9.568164062499999734e-01 -1.722412109375000000e+00
4.879394531249999778e-01 7.533935546875000222e-01 7.625195312500000488e-01 6.267578125000000666e-02 9.068164062500000400e-01 -5.974121093750000000e-01
2.979394531250000311e-01 8.783935546875000222e-01 5.825195312500000000e-01 4.267578125000000278e-02 1.006816406250000018e+00 -1.347412109375000000e+00
2.504394531249999889e-01 7.221435546875000222e-01 8.975195312500000577e-01 5.767578125000000222e-02 8.818164062500000178e-01 -1.534912109375000000e+00
4.404394531249999911e-01 8.471435546875000222e-01 7.175195312500000089e-01 3.767578124999999833e-02 9.818164062499999956e-01 -7.849121093750000000e-01
3.454394531250000178e-01 6.596435546875000222e-01 6.275195312500000400e-01 6.767578125000001110e-02 1.031816406249999929e+00 -1.909912109375000000e+00
1.554394531249999878e-01 7.846435546875000222e-01 8.075195312500000888e-01 4.767578125000000722e-02 9.318164062500000622e-01 -1.159912109375000000e+00
1.673144531249999845e-01 6.518310546875000222e-01 8.637695312500000000e-01 4.142578125000000167e-02 9.130664062500000178e-01 -8.317871093750000000e-01
3.573144531249999867e-01 7.768310546875000222e-01 6.837695312500000622e-01 6.142578125000000555e-02 1.013066406250000107e+00 -1.581787109375000000e+00
4.523144531250000155e-01 7.143310546875000222e-01 5.937695312500000933e-01 3.142578124999999972e-02 1.063066406250000151e+00 -1.206787109375000000e+00
2.623144531250000133e-01 8.393310546875000222e-01 7.737695312500000311e-01 5.142578125000000361e-02 9.630664062500000622e-01 -1.956787109375000000e+00
3.098144531250000000e-01 7.455810546875000222e-01 7.287695312499999911e-01 4.642578125000000611e-02 1.038066406250000018e+00 -1.769287109375000000e+00
4.998144531250000022e-01 8.705810546875000222e-01 9.087695312500000400e-01 6.642578125000000999e-02 9.380664062500000400e-01 -1.019287109375000000e+00
4.048144531249999734e-01 6.830810546875000222e-01 8.187695312500000711e-01 3.642578124999999722e-02 8.880664062499999956e-01 -1.394287109375000000e+00
2.148144531249999989e-01 8.080810546875000222e-01 6.387695312500000222e-01 5.642578125000000111e-02 9.880664062499999734e-01 -6.442871093750000000e-01
1.910644531249999778e-01 7.299560546875000222e-01 7.512695312500000666e-01 6.892578125000001221e-02 1.000566406249999929e+00 -5.505371093750000000e-01
3.810644531249999800e-01 8.549560546875000222e-01 5.712695312500000178e-01 4.892578125000000139e-02 9.005664062500000622e-01 -1.300537109375000000e+00
4.760644531250000089e-01 6.674560546875000222e-01 6.612695312500000977e-01 5.892578125000000333e-02 9.505664062499999956e-01 -9.255371093750000000e-01
2.860644531250000067e-01 7.924560546875000222e-01 8.412695312500000355e-01 3.892578124999999944e-02 1.050566406249999973e+00 -1.675537109375000000e+00
2.385644531249999922e-01 6.987060546875000222e-01 6.162695312500000577e-01 6.392578125000000777e-02 9.255664062499999734e-01 -1.863037109375000000e+00
4.285644531250000222e-01 8.237060546875000222e-01 7.962695312499999956e-01 4.392578125000000389e-02 1.025566406250000062e+00 -1.113037109375000000e+00
3.335644531249999933e-01 7.612060546875000222e-01 8.862695312499999645e-01 5.392578124999999889e-02 9.755664062500000178e-01 -1.488037109375000000e+00
1.435644531249999911e-01 8.862060546875000222e-01 7.062695312500000266e-01 3.392578125000000194e-02 8.755664062500000400e-01 -7.380371093750000000e-01
1.376269531250000067e-01 7.104248046875000222e-01 7.681445312500000400e-01 5.830078125000000278e-02 1.028691406250000107e+00 -1.652099609375000000e+00
3.276269531250000089e-01 8.354248046875000222e-01 5.881445312499999911e-01 3.830078124999999889e-02 9.286914062500000178e-01 -9.020996093750000000e-01
4.226269531249999822e-01 7.729248046875000222e-01 6.781445312500000711e-01 6.830078124999999778e-02 8.786914062499999734e-01 -1.277099609375000000e+00
2.326269531249999800e-01 8.979248046875000222e-01 8.581445312500000089e-01 4.830078125000000083e-02 9.786914062500000622e-01 -5.270996093750000000e-01
2.801269531250000222e-01 7.416748046875000222e-01 6.331445312500000311e-01 5.330078124999999833e-02 9.036914062499999956e-01 -7.145996093750000000e-01
4.701269531250000244e-01 8.666748046875000222e-01 8.131445312500000799e-01 3.330078125000000139e-02 1.003691406249999973e+00 -1.464599609375000000e+00
3.751269531249999956e-01 6.791748046875000222e-01 9.031445312500000488e-01 6.330078125000000722e-02 1.053691406250000018e+00 -1.089599609375000000e+00
1.851269531249999933e-01 8.041748046875000222e-01 7.231445312500000000e-01 4.330078125000000333e-02 9.536914062500000400e-01 -1.839599609375000000e+00
2.088769531249999867e-01 7.572998046875000222e-01 8.356445312500000444e-01 3.080078124999999917e-02 9.411914062499999734e-01 -1.933349609375000000e+00
3.988769531249999889e-01 8.822998046875000222e-01 6.556445312499999956e-01 5.080078125000000305e-02 1.041191406250000062e+00 -1.183349609375000000e+00
4.938769531250000178e-01 6.947998046875000222e-01 5.656445312500000266e-01 4.080078125000000111e-02 9.911914062500000178e-01 -1.558349609375000000e+00
3.038769531249999600e-01 8.197998046875000222e-01 7.456445312500000755e-01 6.080078125000000500e-02 8.911914062500000400e-01 -8.083496093750000000e-01
2.563769531249999734e-01 6.635498046875000222e-01 7.006445312500000355e-01 3.580078124999999667e-02 1.016191406249999929e+00 -6.208496093750000000e-01
4.463769531249999756e-01 7.885498046875000222e-01 8.806445312499999734e-01 5.580078125000000056e-02 9.161914062500000622e-01 -1.370849609375000000e+00
3.513769531250000022e-01 7.260498046875000222e-01 7.906445312500000044e-01 4.580078125000000555e-02 9.661914062499999956e-01 -9.958496093750000000e-01
1.613769531250000000e-01 8.510498046875000222e-01 6.106445312500000666e-01 6.580078124999999556e-02 1.066191406249999973e+00 -1.745849609375000000e+00
1.495019531250000033e-01 7.182373046875000222e-01 6.443945312500000133e-01 6.455078125000000833e-02 9.724414062499999734e-01 -1.417724609375000000e+00
3.395019531249999778e-01 8.432373046875000222e-01 8.243945312500000622e-01 4.455078125000000444e-02 8.724414062499999956e-01 -6.677246093750000000e-01
4.345019531250000067e-01 6.557373046875000222e-01 7.343945312499999822e-01 5.455078124999999944e-02 9.224414062500000400e-01 -1.792724609375000000e+00
2.445019531250000044e-01 7.807373046875000222e-01 5.543945312500000444e-01 3.455078125000000250e-02 1.022441406250000018e+00 -1.042724609375000000e+00
2.920019531249999911e-01 6.869873046875000222e-01 8.693945312499999911e-01 6.955078124999999889e-02 9.474414062500000622e-01 -1.230224609375000000e+00
4.820019531249999933e-01 8.119873046875000222e-01 6.893945312500000533e-01 4.955078125000000194e-02 1.047441406250000151e+00 -1.980224609375000000e+00
3.870019531250000200e-01 7.494873046875000222e-01 5.993945312500000844e-01 5.955078125000000389e-02 9.974414062500001066e-01 -8.552246093750000000e-01
1.970019531249999900e-01 8.744873046875000222e-01 7.793945312500000222e-01 3.955078125000000000e-02 8.974414062500000178e-01 -1.605224609375000000e+00
1.732519531249999967e-01 6.713623046875000222e-01 5.768945312500000089e-01 4.705078125000000666e-02 8.849414062499999512e-01 -1.511474609375000000e+00
3.632519531250000266e-01 7.963623046875000222e-01 7.568945312500000577e-01 6.705078124999999667e-02 9.849414062500000400e-01 -7.614746093750000000e-01
4.582519531250000000e-01 7.338623046875000222e-01 8.468945312500000266e-01 3.705078124999999778e-02 1.034941406249999973e+00 -1.886474609375000000e+00
2.682519531249999978e-01 8.588623046875000222e-01 6.668945312500000888e-01 5.705078125000000167e-02 9.349414062499999956e-01 -1.136474609375000000e+00
2.207519531250000111e-01 7.651123046875000222e-01 8.018945312500000977e-01 4.205078125000000222e-02 1.059941406250000107e+00 -9.489746093750000000e-01
4.107519531250000133e-01 8.901123046875000222e-01 6.218945312500000488e-01 6.205078125000000611e-02 9.599414062500000178e-01 -1.698974609375000000e+00
3.157519531249999845e-01 7.026123046875000222e-01 7.118945312500000178e-01 3.205078125000000028e-02 9.099414062499999734e-01 -5.739746093750000000e-01
1.257519531249999822e-01 8.276123046875000222e-01 8.918945312499999556e-01 5.205078125000000416e-02 1.009941406250000062e+00 -1.323974609375000000e+00
1.242675781250000000e-01 7.231201171875000222e-01 8.145507812500000222e-01 3.470703124999999917e-02 9.185351562500000400e-01 -1.751708984375000000e+00
3.142675781250000022e-01 8.481201171875000222e-01 6.345507812500000844e-01 5.470703125000000305e-02 1.018535156250000018e+00 -1.001708984375000000e+00
4.092675781249999756e-01 6.606201171875000222e-01 7.245507812500000533e-01 4.470703125000000111e-02 1.068535156250000062e+00 -1.376708984375000000e+00
2.192675781250000011e-01 7.856201171875000222e-01 9.045507812499999911e-01 6.470703125000000500e-02 9.685351562499999734e-01 -6.267089843750000000e-01
2.667675781249999600e-01 6.918701171875000222e-01 5.895507812500000444e-01 3.970703124999999667e-02 1.043535156249999929e+00 -8.142089843750000000e-01
4.567675781250000178e-01 8.168701171875000222e-01 7.695507812499999822e-01 5.970703125000000056e-02 9.435351562500000622e-01 -1.564208984375000000e+00
3.617675781249999889e-01 7.543701171875000222e-01 8.595507812500000622e-01 4.970703125000000555e-02 8.935351562500000178e-01 -1.189208984375000000e+00
1.717675781249999867e-01 8.793701171875000222e-01 6.795507812500000133e-01 6.970703125000000944e-02 9.935351562499999956e-01 -1.939208984375000000e+00
1.955175781249999800e-01 6.762451171875000222e-01 8.820507812500000266e-01 5.720703125000000527e-02 1.006035156250000062e+00 -1.845458984375000000e+00
3.855175781249999822e-01 8.012451171875000222e-01 7.020507812500000888e-01 3.720703125000000139e-02 9.060351562499999734e-01 -1.095458984375000000e+00
4.805175781250000111e-01 7.387451171875000222e-01 6.120507812500000089e-01 6.720703125000000722e-02 9.560351562500000178e-01 -1.470458984375000000e+00
2.905175781250000089e-01 8.637451171875000222e-01 7.920507812500000577e-01 4.720703125000000333e-02 1.056035156250000107e+00 -7.204589843750000000e-01
2.430175781249999944e-01 7.699951171875000222e-01 6.570507812500000488e-01 5.220703125000000777e-02 9.310351562499999956e-01 -5.329589843750000000e-01
4.330175781250000244e-01 8.949951171875000222e-01 8.370507812500000977e-01 3.220703124999999695e-02 1.031035156249999973e+00 -1.282958984375000000e+00
3.380175781249999956e-01 7.074951171875000222e-01 7.470507812500000178e-01 6.220703125000000278e-02 9.810351562500000400e-01 -9.079589843750000000e-01
1.480175781249999933e-01 8.324951171875000222e-01 5.670507812500000799e-01 4.220703124999999889e-02 8.810351562499999512e-01 -1.657958984375000000e+00
1.598925781249999900e-01 6.996826171875000222e-01 6.908007812500001066e-01 4.845703125000000444e-02 9.622851562499999956e-01 -1.329833984375000000e+00
3.498925781249999645e-01 8.246826171875000222e-01 8.708007812500000444e-01 6.845703125000000833e-02 1.062285156249999973e+00 -5.798339843750000000e-01
4.448925781249999933e-01 7.621826171875000222e-01 7.808007812500000755e-01 3.845703125000000250e-02 1.012285156249999929e+00 -1.704833984375000000e+00
2.548925781249999911e-01 8.871826171875000222e-01 6.008007812500000266e-01 5.845703124999999944e-02 9.122851562500000622e-01 -9.548339843750000000e-01
3.023925781249999778e-01 7.309326171875000222e-01 8.258007812500001155e-01 4.345703125000000000e-02 9.872851562500000178e-01 -1.142333984375000000e+00
4.923925781249999800e-01 8.559326171875000222e-01 6.458007812500000666e-01 6.345703125000000389e-02 8.872851562500000400e-01 -1.892333984375000000e+00
3.973925781250000067e-01 6.684326171875000222e-01 5.558007812500000977e-01 3.345703124999999806e-02 9.372851562499999734e-01 -7.673339843750000000e-01
2.073925781250000044e-01 7.934326171875000222e-01 7.358007812500000355e-01 5.345703125000000194e-02 1.037285156250000062e+00 -1.517333984375000000e+00
1.836425781250000111e-01 7.465576171875000222e-01 6.233007812499999911e-01 6.095703125000000167e-02 1.049785156250000018e+00 -1.611083984375000000e+00
3.736425781250000133e-01 8.715576171875000222e-01 8.033007812500000400e-01 4.095703124999999778e-02 9.497851562500000400e-01 -8.610839843750000000e-01
4.686425781249999867e-01 6.840576171875000222e-01 8.933007812500000089e-01 5.095703125000000666e-02 8.997851562499999956e-01 -1.986083984375000000e+00
2.786425781249999845e-01 8.090576171875000222e-01 7.133007812500000711e-01 3.095703124999999931e-02 9.997851562499999734e-01 -1.236083984375000000e+00
2.311425781249999978e-01 6.528076171875000222e-01 7.583007812500000000e-01 6.595703125000000611e-02 8.747851562499999734e-01 -1.048583984375000000e+00
4.211425781250000000e-01 7.778076171875000222e-01 5.783007812500000622e-01 4.595703125000000222e-02 9.747851562500000622e-01 -1.798583984375000000e+00
3.261425781250000266e-01 7.153076171875000222e-01 6.683007812500000311e-01 5.595703125000000416e-02 1.024785156250000107e+00 -6.735839843750000000e-01
1.361425781249999967e-01 8.403076171875000222e-01 8.483007812500000799e-01 3.595703125000000028e-02 9.247851562500000178e-01 -1.423583984375000000e+00
1.420800781250000089e-01 6.645263671875000222e-01 5.951757812500000355e-01 5.158203125000000722e-02 9.779101562499999956e-01 -1.165771484375000000e+00
3.320800781250000111e-01 7.895263671875000222e-01 7.751757812499999734e-01 3.158203124999999639e-02 8.779101562500000178e-01 -1.915771484375000000e+00
4.270800781249999845e-01 7.270263671875000222e-01 8.651757812500000533e-01 6.158203125000000222e-02 9.279101562500000622e-01 -7.907714843750000000e-01
2.370800781249999822e-01 8.520263671875000222e-01 6.851757812500000044e-01 4.158203124999999833e-02 1.027910156249999929e+00 -1.540771484375000000e+00
2.845800781249999689e-01 7.582763671875000222e-01 7.301757812500000444e-01 5.658203125000000472e-02 9.529101562499999734e-01 -1.353271484375000000e+00
4.745800781250000266e-01 8.832763671875000222e-01 5.501757812499999956e-01 3.658203125000000083e-02 1.052910156250000062e+00 -6.032714843750000000e-01
3.795800781249999978e-01 6.957763671875000222e-01 6.401757812500000755e-01 6.658203125000000666e-02 1.002910156250000018e+00 -1.728271484375000000e+00
1.895800781249999956e-01 8.207763671875000222e-01 8.201757812500000133e-01 4.658203125000000278e-02 9.029101562500000400e-01 -9.782714843750000000e-01
2.133300781249999889e-01 7.426513671875000222e-01 7.076757812500000799e-01 3.908203125000000305e-02 8.904101562499999734e-01 -8.845214843750000000e-01
4.033300781249999911e-01 8.676513671875000222e-01 8.876757812500000178e-01 5.908203125000000000e-02 9.904101562500000622e-01 -1.634521484375000000e+00
4.983300781250000200e-01 6.801513671875000222e-01 7.976757812500000488e-01 4.908203125000000500e-02 1.040410156250000107e+00 -5.095214843750000000e-01
3.083300781250000178e-01 8.051513671875000222e-01 6.176757812500000000e-01 6.908203125000000888e-02 9.404101562500000178e-01 -1.259521484375000000e+00
2.608300781250000311e-01 7.114013671875000222e-01 8.426757812500000888e-01 3.408203124999999861e-02 1.065410156250000018e+00 -1.447021484375000000e+00
4.508300781249999778e-01 8.364013671875000222e-01 6.626757812500000400e-01 5.408203125000000250e-02 9.654101562500000400e-01 -6.970214843750000000e-01
3.558300781250000044e-01 7.739013671875000222e-01 5.726757812500000711e-01 4.408203125000000056e-02 9.154101562499999956e-01 -1.822021484375000000e+00
1.658300781250000022e-01 8.989013671875000222e-01 7.526757812500000089e-01 6.408203125000000444e-02 1.015410156249999973e+00 -1.072021484375000000e+00
1.539550781250000056e-01 7.660888671875000222e-01 8.989257812500000000e-01 6.533203125000000555e-02 1.021660156250000062e+00 -7.438964843750000000e-01
3.439550781250000355e-01 8.910888671875000222e-01 7.189257812500000622e-01 4.533203125000000167e-02 9.216601562499999734e-01 -1.493896484375000000e+00
4.389550781250000089e-01 7.035888671875000222e-01 6.289257812499999822e-01 5.533203125000000361e-02 8.716601562500000400e-01 -1.118896484375000000e+00
2.489550781250000067e-01 8.285888671875000222e-01 8.089257812500000311e-01 3.533203124999999972e-02 9.716601562500000178e-01 -1.868896484375000000e+00
2.964550781249999933e-01 6.723388671875000222e-01 6.739257812500000222e-01 6.033203125000000111e-02 8.966601562499999512e-01 -1.681396484375000000e+00
4.864550781249999956e-01 7.973388671875000222e-01 8.539257812500000711e-01 4.033203124999999722e-02 9.966601562500000400e-01 -9.313964843750000000e-01
3.914550781250000222e-01 7.348388671875000222e-01 7.639257812499999911e-01 5.033203125000000611e-02 1.046660156249999973e+00 -1.306396484375000000e+00
2.014550781249999922e-01 8.598388671875000222e-01 5.839257812500000533e-01 3.033203124999999875e-02 9.466601562499999956e-01 -5.563964843750000000e-01
1.777050781249999989e-01 6.879638671875000222e-01 7.864257812500000666e-01 4.283203124999999944e-02 9.341601562500000400e-01 -6.501464843750000000e-01
3.677050781249999734e-01 8.129638671875000222e-01 6.064257812500000178e-01 6.283203125000000333e-02 1.034160156250000018e+00 -1.400146484375000000e+00
4.627050781250000022e-01 7.504638671875000222e-01 6.964257812500000977e-01 3.283203124999999750e-02 9.841601562499999734e-01 -1.025146484375000000e+00
2.727050781250000000e-01 8.754638671875000222e-01 8.764257812500000355e-01 5.283203125000000833e-02 8.841601562499999956e-01 -1.775146484375000000e+00
2.252050781250000133e-01 7.192138671875000222e-01 5.614257812500000888e-01 4.783203125000000389e-02 1.009160156250000107e+00 -1.962646484375000000e+00
4.152050781250000155e-01 8.442138671875000222e-01 7.414257812500000266e-01 6.783203125000000777e-02 9.091601562500000178e-01 -1.212646484375000000e+00
3.202050781249999867e-01 6.567138671875000222e-01 8.314257812500001066e-01 3.783203125000000194e-02 9.591601562500000622e-01 -1.587646484375000000e+00
1.302050781249999845e-01 7.817138671875000222e-01 6.514257812500000577e-01 5.783203125000000583e-02 1.059160156250000151e+00 -8.376464843750000000e-01
1.272363281249999922e-01 6.938232421875000222e-01 8.398632812499999822e-01 6.251953125000000999e-02 8.763476562499999956e-01 -5.681152343750000000e-01
3.172363281250000222e-01 8.188232421875000222e-01 6.598632812500000444e-01 4.251953124999999917e-02 9.763476562499999734e-01 -1.318115234375000000e+00
4.122363281249999956e-01 7.563232421875000222e-01 5.698632812500000755e-01 5.251953125000000111e-02 1.026347656250000018e+00 -9.431152343750000000e-01
2.222363281249999933e-01 8.813232421875000222e-01 7.498632812500000133e-01 3.251953124999999722e-02 9.263476562500000400e-01 -1.693115234375000000e+00
2.697363281250000355e-01 7.250732421875000222e-01 7.048632812499999734e-01 6.751953125000001443e-02 1.051347656250000151e+00 -1.880615234375000000e+00
4.597363281249999822e-01 8.500732421875000222e-01 8.848632812500000222e-01 4.751953125000000361e-02 9.513476562500000622e-01 -1.130615234375000000e+00
3.647363281250000089e-01 6.625732421875000222e-01 7.948632812500000533e-01 5.751953125000000555e-02 9.013476562500000178e-01 -1.505615234375000000e+00
1.747363281250000067e-01 7.875732421875000222e-01 6.148632812500000044e-01 3.751953125000000167e-02 1.001347656250000107e+00 -7.556152343750000000e-01
1.984863281250000000e-01 7.719482421875000222e-01 7.723632812500000888e-01 4.501953125000000139e-02 9.888476562500000400e-01 -8.493652343750000000e-01
3.884863281250000022e-01 8.969482421875000222e-01 5.923632812500000400e-01 6.501953125000001221e-02 8.888476562499999512e-01 -1.599365234375000000e+00
4.834863281249999756e-01 7.094482421875000222e-01 6.823632812500000089e-01 3.501953124999999944e-02 9.388476562499999956e-01 -1.224365234375000000e+00
2.934863281249999734e-01 8.344482421875000222e-01 8.623632812500000577e-01 5.501953125000000333e-02 1.038847656249999973e+00 -1.974365234375000000e+00
2.459863281249999867e-01 6.781982421875000222e-01 6.373632812500000799e-01 4.001953125000000389e-02 9.638476562500000178e-01 -1.786865234375000000e+00
4.359863281249999889e-01 8.031982421875000222e-01 8.173632812500000178e-01 6.001953125000000777e-02 1.063847656250000107e+00 -1.036865234375000000e+00
3.409863281249999600e-01 7.406982421875000222e-01 9.073632812500000977e-01 3.001953124999999847e-02 1.013847656250000062e+00 -1.411865234375000000e+00
1.509863281249999856e-01 8.656982421875000222e-01 7.273632812500000488e-01 5.001953124999999889e-02 9.138476562499999734e-01 -6.618652343750000000e-01
1.628613281249999822e-01 7.328857421875000222e-01 5.811132812500000577e-01 5.876953125000000666e-02 9.200976562500000622e-01 -9.899902343750000000e-01
3.528613281249999845e-01 8.578857421875000222e-01 7.611132812499999956e-01 3.876953125000000278e-02 1.020097656249999929e+00 -1.739990234375000000e+00
4.478613281250000133e-01 6.703857421875000222e-01 8.511132812499999645e-01 6.876953125000001554e-02 9.700976562499999956e-01 -6.149902343750000000e-01
2.578613281249999556e-01 7.953857421875000222e-01 6.711132812500000266e-01 4.876953124999999778e-02 8.700976562500000178e-01 -1.364990234375000000e+00
3.053613281249999978e-01 7.016357421875000222e-01 8.061132812500000355e-01 5.376953125000000222e-02 9.950976562500000178e-01 -1.552490234375000000e+00
4.953613281250000000e-01 8.266357421875000222e-01 6.261132812500000977e-01 3.376953124999999833e-02 8.950976562500000400e-01 -8.024902343750000000e-01
4.003613281249999711e-01 7.641357421875000222e-01 7.161132812500000666e-01 6.376953125000001110e-02 9.450976562499999734e-01 -1.927490234375000000e+00
2.103613281249999967e-01 8.891357421875000222e-01 8.961132812500000044e-01 4.376953125000000028e-02 1.045097656250000062e+00 -1.177490234375000000e+00
1.866113281249999756e-01 6.547607421875000222e-01 6.486132812500000622e-01 3.126953124999999611e-02 1.032597656250000107e+00 -1.083740234375000000e+00
3.766113281249999778e-01 7.797607421875000222e-01 8.286132812500000000e-01 5.126953125000000000e-02 9.325976562500000178e-01 -1.833740234375000000e+00
4.716113281250000067e-01 7.172607421875000222e-01 7.386132812500000311e-01 4.126953125000000500e-02 8.825976562499999734e-01 -7.087402343750000000e-01
2.816113281250000044e-01 8.422607421875000222e-01 5.586132812500000933e-01 6.126953125000000194e-02 9.825976562500000622e-01 -1.458740234375000000e+00
2.341113281249999900e-01 7.485107421875000222e-01 8.736132812500000400e-01 3.626953125000000056e-02 9.075976562499999956e-01 -1.271240234375000000e+00
4.241113281250000200e-01 8.735107421875000222e-01 6.936132812499999911e-01 5.626953125000000444e-02 1.007597656249999973e+00 -5.212402343750000000e-01
3.291113281249999911e-01 6.860107421875000222e-01 6.036132812500000222e-01 4.626953125000000250e-02 1.057597656250000018e+00 -1.646240234375000000e+00
1.391113281249999889e-01 8.110107421875000222e-01 7.836132812500000711e-01 6.626953125000001332e-02 9.575976562500000400e-01 -8.962402343750000000e-01
1.331738281250000044e-01 7.524169921875000222e-01 6.654882812500000355e-01 4.064453125000000444e-02 1.016972656250000107e+00 -1.529052734375000000e+00
3.231738281250000067e-01 8.774169921875000222e-01 8.454882812499999734e-01 6.064453125000000833e-02 9.169726562500000178e-01 -7.790527343750000000e-01
4.181738281249999800e-01 6.899169921875000222e-01 7.554882812500000044e-01 3.064453124999999903e-02 9.669726562500000622e-01 -1.904052734375000000e+00
2.281738281249999778e-01 8.149169921875000222e-01 5.754882812500000666e-01 5.064453124999999944e-02 1.066972656250000151e+00 -1.154052734375000000e+00
2.756738281249999645e-01 6.586669921875000222e-01 8.904882812500000133e-01 4.564453125000000194e-02 9.419726562500000400e-01 -9.665527343750000000e-01
4.656738281250000222e-01 7.836669921875000222e-01 7.104882812500000755e-01 6.564453124999999889e-02 1.041972656250000018e+00 -1.716552734375000000e+00
3.706738281249999933e-01 7.211669921875000222e-01 6.204882812499999956e-01 3.564453125000000000e-02 9.919726562500000844e-01 -5.915527343750000000e-01
1.806738281249999911e-01 8.461669921875000222e-01 8.004882812500000444e-01 5.564453125000000389e-02 8.919726562499999956e-01 -1.341552734375000000e+00
2.044238281249999845e-01 7.055419921875000222e-01 5.529882812499999911e-01 6.814453125000000111e-02 9.044726562500000622e-01 -1.435302734375000000e+00
3.944238281249999867e-01 8.305419921875000222e-01 7.329882812500000400e-01 4.814453124999999722e-02 1.004472656249999929e+00 -6.853027343750000000e-01
4.894238281250000155e-01 7.680419921875000222e-01 8.229882812500000089e-01 5.814453125000000611e-02 1.054472656249999973e+00 -1.810302734375000000e+00
2.994238281250000133e-01 8.930419921875000222e-01 6.429882812500000711e-01 3.814453125000000222e-02 9.544726562499999956e-01 -1.060302734375000000e+00
2.519238281250000266e-01 7.367919921875000222e-01 7.779882812500000799e-01 6.314453124999999667e-02 1.029472656250000062e+00 -1.247802734375000000e+00
4.419238281249999734e-01 8.617919921875000222e-01 5.979882812500000311e-01 4.314453124999999972e-02 9.294726562499999734e-01 -1.997802734375000000e+00
3.469238281250000000e-01 6.742919921875000222e-01 6.879882812500000000e-01 5.314453125000000167e-02 8.794726562500000400e-01 -8.728027343750000000e-01
1.569238281249999978e-01 7.992919921875000222e-01 8.679882812500000488e-01 3.314453124999999778e-02 9.794726562500000178e-01 -1.622802734375000000e+00
1.450488281250000011e-01 6.664794921875000222e-01 7.442382812500000222e-01 3.689453125000000111e-02 1.060722656250000062e+00 -1.950927734375000000e+00
3.350488281250000311e-01 7.914794921875000222e-01 5.642382812500000844e-01 5.689453125000000500e-02 9.607226562499999734e-01 -1.200927734375000000e+00
4.300488281250000044e-01 7.289794921875000222e-01 6.542382812500000533e-01 4.689453125000000305e-02 9.107226562500000400e-01 -1.575927734375000000e+00
2.400488281250000022e-01 8.539794921875000222e-01 8.342382812499999911e-01 6.689453125000000000e-02 1.010722656250000018e+00 -8.259277343750000000e-01
2.875488281249999889e-01 7.602294921875000222e-01 6.092382812500000133e-01 3.189453124999999667e-02 8.857226562500000178e-01 -6.384277343750000000e-01
4.775488281249999911e-01 8.852294921875000222e-01 7.892382812500000622e-01 5.189453125000000056e-02 9.857226562499999956e-01 -1.388427734375000000e+00
3.825488281250000178e-01 6.977294921875000222e-01 8.792382812500000311e-01 4.189453124999999861e-02 1.035722656249999929e+00 -1.013427734375000000e+00
1.925488281250000155e-01 8.227294921875000222e-01 6.992382812499999822e-01 6.189453125000000250e-02 9.357226562500000622e-01 -1.763427734375000000e+00
1.687988281249999944e-01 7.133544921875000222e-01 8.567382812499999556e-01 5.439453125000000278e-02 9.482226562500000178e-01 -1.669677734375000000e+00
3.587988281249999689e-01 8.383544921875000222e-01 6.767382812500000178e-01 3.439453124999999889e-02 1.048222656250000107e+00 -9.196777343750000000e-01
4.537988281249999978e-01 6.508544921875000222e-01 5.867382812500000488e-01 6.439453124999999778e-02 9.982226562500000622e-01 -1.294677734375000000e+00
2.637988281249999956e-01 7.758544921875000222e-01 7.667382812500000977e-01 4.439453125000000083e-02 8.982226562499999734e-01 -5.446777343750000000e-01
2.162988281250000089e-01 6.821044921875000222e-01 7.217382812500000577e-01 5.939453125000000722e-02 9.732226562500000400e-01 -7.321777343750000000e-01
4.062988281250000111e-01 8.071044921875000222e-01 9.017382812500001066e-01 3.939453125000000333e-02 8.732226562499999512e-01 -1.482177734375000000e+00
3.112988281249999822e-01 7.446044921875000222e-01 8.117382812500000266e-01 6.939453125000000222e-02 9.232226562499999956e-01 -1.107177734375000000e+00
1.212988281249999939e-01 8.696044921875000222e-01 6.317382812500000888e-01 4.939453124999999833e-02 1.023222656249999973e+00 -1.857177734375000000e+00
1.209277343749999983e-01 6.813720703125000222e-01 7.502148437500000266e-01 5.021484375000000167e-02 9.652148437499999956e-01 -8.244628906250000000e-01
3.109277343749999867e-01 8.063720703125000222e-01 5.702148437500000888e-01 3.021484374999999778e-02 1.065214843749999973e+00 -1.574462890625000000e+00
4.059277343750000155e-01 7.438720703125000222e-01 6.602148437500000577e-01 6.021484375000000361e-02 1.015214843749999929e+00 -1.199462890625000000e+00
2.159277343750000133e-01 8.688720703125000222e-01 8.402148437500001066e-01 4.021484374999999972e-02 9.152148437500000622e-01 -1.949462890625000000e+00
2.634277343750000000e-01 7.126220703125000222e-01 6.152148437500000178e-01 5.521484375000000611e-02 9.902148437500000178e-01 -1.761962890625000000e+00
4.534277343750000022e-01 8.376220703125000222e-01 7.952148437500000666e-01 3.521484375000000222e-02 8.902148437500000400e-01 -1.011962890625000000e+00
3.584277343749999734e-01 6.501220703125000222e-01 8.852148437500000355e-01 6.521484375000000111e-02 9.402148437499999734e-01 -1.386962890625000000e+00
1.684277343749999989e-01 7.751220703125000222e-01 7.052148437500000977e-01 4.521484375000000416e-02 1.040214843750000062e+00 -6.369628906250000000e-01
1.921777343749999922e-01 7.594970703125000222e-01 8.627148437500000711e-01 3.771484374999999750e-02 1.052714843750000018e+00 -5.432128906250000000e-01
3.821777343750000222e-01 8.844970703125000222e-01 6.827148437500000222e-01 5.771484375000000833e-02 9.527148437500000400e-01 -1.293212890625000000e+00
4.771777343749999956e-01 6.969970703125000222e-01 5.927148437500000533e-01 4.771484374999999944e-02 9.027148437499999956e-01 -9.182128906250000000e-01
2.871777343749999933e-01 8.219970703125000222e-01 7.727148437499999911e-01 6.771484375000000333e-02 1.002714843749999973e+00 -1.668212890625000000e+00
2.396777343750000067e-01 6.657470703125000222e-01 7.277148437500000622e-01 3.271484375000000000e-02 8.777148437499999734e-01 -1.855712890625000000e+00
4.296777343750000089e-01 7.907470703125000222e-01 9.077148437500000000e-01 5.271484375000000389e-02 9.777148437500000622e-01 -1.105712890625000000e+00
3.346777343750000355e-01 7.282470703125000222e-01 8.177148437500000311e-01 4.271484375000000194e-02 1.027714843750000107e+00 -1.480712890625000000e+00
1.446777343750000056e-01 8.532470703125000222e-01 6.377148437499999822e-01 6.271484374999999889e-02 9.277148437500000178e-01 -7.307128906250000000e-01
1.565527343750000022e-01 7.360595703125000222e-01 6.714648437500000400e-01 6.646484375000000222e-02 9.089648437499999734e-01 -1.152587890625000000e+00
3.465527343750000044e-01 8.610595703125000222e-01 8.514648437500000888e-01 4.646484374999999833e-02 1.008964843750000062e+00 -1.902587890625000000e+00
4.415527343749999778e-01 6.735595703125000222e-01 7.614648437500000089e-01 5.646484375000000722e-02 1.058964843750000107e+00 -7.775878906250000000e-01
2.515527343750000311e-01 7.985595703125000222e-01 5.814648437500000711e-01 3.646484375000000333e-02 9.589648437500000178e-01 -1.527587890625000000e+00
2.990527343750000178e-01 7.048095703125000222e-01 8.964648437500000178e-01 6.146484375000000472e-02 1.033964843749999973e+00 -1.340087890625000000e+00
4.890527343750000200e-01 8.298095703125000222e-01 7.164648437500000799e-01 4.146484375000000083e-02 9.339648437499999956e-01 -5.900878906250000000e-01
3.940527343749999911e-01 7.673095703125000222e-01 6.264648437500000000e-01 5.146484375000000278e-02 8.839648437499999512e-01 -1.715087890625000000e+00
2.040527343749999889e-01 8.923095703125000222e-01 8.064648437500000488e-01 3.146484374999999889e-02 9.839648437500000400e-01 -9.650878906250000000e-01
1.803027343749999956e-01 6.579345703125000222e-01 5.589648437499999956e-01 4.396484375000000305e-02 9.964648437500001066e-01 -1.058837890625000000e+00
3.703027343749999978e-01 7.829345703125000222e-01 7.389648437500000444e-01 6.396484375000000000e-02 8.964648437500000178e-01 -1.808837890625000000e+00
4.653027343750000266e-01 7.204345703125000222e-01 8.289648437500000133e-01 3.396484375000000111e-02 9.464648437500000622e-01 -6.838378906250000000e-01
2.753027343749999689e-01 8.454345703125000222e-01 6.489648437500000755e-01 5.396484375000000500e-02 1.046464843750000151e+00 -1.433837890625000000e+00
2.278027343749999822e-01 7.516845703125000222e-01 7.839648437499999734e-01 4.896484375000000056e-02 9.214648437500000400e-01 -1.621337890625000000e+00
4.178027343749999845e-01 8.766845703125000222e-01 6.039648437500000355e-01 6.896484375000000444e-02 1.021464843750000018e+00 -8.713378906250000000e-01
3.228027343750000111e-01 6.891845703125000222e-01 6.939648437500000044e-01 3.896484374999999861e-02 9.714648437499999734e-01 -1.996337890625000000e+00
1.328027343750000089e-01 8.141845703125000222e-01 8.739648437500000533e-01 5.896484375000000944e-02 8.714648437499999956e-01 -1.246337890625000000e+00
1.387402343749999933e-01 7.477783203125000222e-01 5.758398437500000799e-01 3.333984375000000056e-02 1.030839843749999929e+00 -1.363525390625000000e+00
3.287402343749999956e-01 8.727783203125000222e-01 7.558398437500000178e-01 5.333984375000000444e-02 9.308398437500000622e-01 -6.135253906250000000e-01
4.237402343750000244e-01 6.852783203125000222e-01 8.458398437500000977e-01 4.333984375000000250e-02 8.808398437500000178e-01 -1.738525390625000000e+00
2.337402343749999944e-01 8.102783203125000222e-01 6.658398437500000488e-01 6.333984375000001332e-02 9.808398437499999956e-01 -9.885253906250000000e-01
2.812402343750000089e-01 6.540283203125000222e-01 8.008398437500000577e-01 3.833984374999999806e-02 9.058398437500000400e-01 -1.176025390625000000e+00
4.712402343750000111e-01 7.790283203125000222e-01 6.208398437500000089e-01 5.833984375000000888e-02 1.005839843750000018e+00 -1.926025390625000000e+00
3.762402343749999822e-01 7.165283203125000222e-01 7.108398437500000888e-01 4.833984375000000000e-02 1.055839843750000062e+00 -8.010253906250000000e-01
1.862402343749999800e-01 8.415283203125000222e-01 8.908398437500000266e-01 6.833984375000000389e-02 9.558398437499999734e-01 -1.551025390625000000e+00
2.099902343750000011e-01 7.009033203125000222e-01 6.433398437500000844e-01 5.583984375000000666e-02 9.433398437500000178e-01 -1.457275390625000000e+00
3.999902343749999756e-01 8.259033203125000222e-01 8.233398437500000222e-01 3.583984375000000278e-02 1.043339843750000107e+00 -7.072753906250000000e-01
4.949902343750000044e-01 7.634033203125000222e-01 7.333398437500000533e-01 6.583984375000001554e-02 9.933398437500000622e-01 -1.832275390625000000e+00
3.049902343750000022e-01 8.884033203125000222e-01 5.533398437500000044e-01 4.583984374999999778e-02 8.933398437499999734e-01 -1.082275390625000000e+00
2.574902343749999600e-01 7.321533203125000222e-01 8.683398437500000622e-01 5.083984375000000222e-02 1.018339843749999973e+00 -8.947753906250000000e-01
4.474902343750000178e-01 8.571533203125000222e-01 6.883398437500000133e-01 3.083984374999999833e-02 9.183398437499999956e-01 -1.644775390625000000e+00
3.524902343749999889e-01 6.696533203125000222e-01 5.983398437500000444e-01 6.083984375000000416e-02 9.683398437500000400e-01 -5.197753906250000000e-01
1.624902343749999867e-01 7.946533203125000222e-01 7.783398437499999822e-01 4.083984375000000028e-02 1.068339843750000018e+00 -1.269775390625000000e+00
1.506152343749999900e-01 6.774658203125000222e-01 8.345898437500001155e-01 4.958984375000000111e-02 9.745898437500000178e-01 -1.691650390625000000e+00
3.406152343749999645e-01 8.024658203125000222e-01 6.545898437500000666e-01 6.958984375000000500e-02 8.745898437500000400e-01 -9.416503906250000000e-01
4.356152343749999933e-01 7.399658203125000222e-01 5.645898437500000977e-01 3.958984374999999917e-02 9.245898437499999734e-01 -1.316650390625000000e+00
2.456152343749999911e-01 8.649658203125000222e-01 7.445898437500000355e-01 5.958984375000000305e-02 1.024589843750000062e+00 -5.666503906250000000e-01
2.931152343749999778e-01 7.712158203125000222e-01 6.995898437500001066e-01 4.458984375000000361e-02 9.495898437499999956e-01 -7.541503906250000000e-01
4.831152343749999800e-01 8.962158203125000222e-01 8.795898437500000444e-01 6.458984375000001443e-02 1.049589843749999973e+00 -1.504150390625000000e+00
3.881152343750000067e-01 7.087158203125000222e-01 7.895898437500000755e-01 3.458984375000000167e-02 9.995898437500000400e-01 -1.129150390625000000e+00
1.981152343750000044e-01 8.337158203125000222e-01 6.095898437500000266e-01 5.458984375000000555e-02 8.995898437500000622e-01 -1.879150390625000000e+00
1.743652343750000111e-01 7.243408203125000222e-01 7.670898437500000000e-01 6.208984375000000527e-02 8.870898437499999956e-01 -1.972900390625000000e+00
3.643652343750000133e-01 8.493408203125000222e-01 5.870898437500000622e-01 4.208984375000000139e-02 9.870898437499999734e-01 -1.222900390625000000e+00
4.593652343749999867e-01 6.618408203125000222e-01 6.770898437500000311e-01 5.208984375000000333e-02 1.037089843750000018e+00 -1.597900390625000000e+00
2.693652343749999845e-01 7.868408203125000222e-01 8.570898437500000799e-01 3.208984374999999944e-02 9.370898437500000400e-01 -8.479003906250000000e-01
2.218652343749999978e-01 6.930908203125000222e-01 6.320898437499999911e-01 6.708984375000000278e-02 1.062089843750000151e+00 -6.604003906250000000e-01
4.118652343750000000e-01 8.180908203125000222e-01 8.120898437500000400e-01 4.708984374999999889e-02 9.620898437500000622e-01 -1.410400390625000000e+00
3.168652343750000266e-01 7.555908203125000222e-01 9.020898437500000089e-01 5.708984375000000777e-02 9.120898437500000178e-01 -1.035400390625000000e+00
1.268652343749999967e-01 8.805908203125000222e-01 7.220898437500000711e-01 3.708984375000000389e-02 1.012089843750000107e+00 -1.785400390625000000e+00
1.298339843749999889e-01 7.184814453125000222e-01 9.049023437500000044e-01 4.240234375000000167e-02 9.324023437499999734e-01 -1.867431640625000000e+00
3.198339843749999911e-01 8.434814453125000222e-01 7.249023437500000666e-01 6.240234375000000555e-02 1.032402343750000062e+00 -1.117431640625000000e+00
4.148339843750000200e-01 6.559814453125000222e-01 6.349023437500000977e-01 3.240234374999999972e-02 9.824023437500000178e-01 -1.492431640625000000e+00
2.248339843749999900e-01 7.809814453125000222e-01 8.149023437500000355e-01 5.240234375000000361e-02 8.824023437500000400e-01 -7.424316406250000000e-01
2.723339843750000044e-01 6.872314453125000222e-01 6.799023437500000266e-01 4.740234375000000611e-02 1.007402343749999929e+00 -5.549316406250000000e-01
4.623339843750000067e-01 8.122314453125000222e-01 8.599023437499999645e-01 6.740234375000000999e-02 9.074023437500000622e-01 -1.304931640625000000e+00
3.673339843749999778e-01 7.497314453125000222e-01 7.699023437499999956e-01 3.740234374999999722e-02 9.574023437499999956e-01 -9.299316406250000000e-01
1.773339843750000033e-01 8.747314453125000222e-01 5.899023437500000577e-01 5.740234375000000111e-02 1.057402343749999973e+00 -1.679931640625000000e+00
2.010839843749999967e-01 6.716064453125000222e-01 7.924023437500000711e-01 6.990234375000001221e-02 1.044902343750000018e+00 -1.773681640625000000e+00
3.910839843749999711e-01 7.966064453125000222e-01 6.124023437500000222e-01 4.990234375000000139e-02 9.449023437500000400e-01 -1.023681640625000000e+00
4.860839843750000000e-01 7.341064453125000222e-01 7.024023437499999911e-01 5.990234375000000333e-02 8.949023437499999956e-01 -1.398681640625000000e+00
2.960839843749999978e-01 8.591064453125000222e-01 8.824023437500000400e-01 3.990234374999999944e-02 9.949023437500000844e-01 -6.486816406250000000e-01
2.485839843749999833e-01 7.653564453125000222e-01 5.674023437500000933e-01 6.490234375000000777e-02 9.199023437500000178e-01 -8.361816406250000000e-01
4.385839843750000133e-01 8.903564453125000222e-01 7.474023437500000311e-01 4.490234375000000389e-02 1.019902343750000107e+00 -1.586181640625000000e+00
3.435839843749999845e-01 7.028564453125000222e-01 8.374023437500000000e-01 5.490234374999999889e-02 1.069902343750000151e+00 -1.211181640625000000e+00
1.535839843749999822e-01 8.278564453125000222e-01 6.574023437500000622e-01 3.490234375000000194e-02 9.699023437500000622e-01 -1.961181640625000000e+00
1.654589843750000067e-01 7.106689453125000222e-01 6.011523437500000400e-01 3.615234375000000305e-02 8.761523437499999512e-01 -1.539306640625000000e+00
3.554589843750000089e-01 8.356689453125000222e-01 7.811523437500000888e-01 5.615234375000000000e-02 9.761523437500000400e-01 -7.893066406250000000e-01
4.504589843749999822e-01 7.731689453125000222e-01 8.711523437500000577e-01 4.615234375000000500e-02 1.026152343749999973e+00 -1.914306640625000000e+00
2.604589843750000355e-01 8.981689453125000222e-01 6.911523437500000089e-01 6.615234375000000888e-02 9.261523437499999956e-01 -1.164306640625000000e+00
3.079589843750000222e-01 7.419189453125000222e-01 7.361523437500000488e-01 3.115234374999999861e-02 1.051152343750000107e+00 -9.768066406250000000e-01
4.979589843750000244e-01 8.669189453125000222e-01 5.561523437500000000e-01 5.115234375000000250e-02 9.511523437500000178e-01 -1.726806640625000000e+00
4.029589843749999956e-01 6.794189453125000222e-01 6.461523437500000799e-01 4.115234375000000056e-02 9.011523437499999734e-01 -6.018066406250000000e-01
2.129589843749999933e-01 8.044189453125000222e-01 8.261523437500000178e-01 6.115234375000000444e-02 1.001152343750000062e+00 -1.351806640625000000e+00
1.892089843750000000e-01 7.575439453125000222e-01 7.136523437499999734e-01 5.365234375000000472e-02 9.886523437499999956e-01 -1.258056640625000000e+00
3.792089843750000022e-01 8.825439453125000222e-01 8.936523437500000222e-01 3.365234375000000083e-02 8.886523437500000178e-01 -5.080566406250000000e-01
4.742089843749999756e-01 6.950439453125000222e-01 8.036523437500000533e-01 6.365234375000000666e-02 9.386523437500000622e-01 -1.633056640625000000e+00
2.842089843749999734e-01 8.200439453125000222e-01 6.236523437500000044e-01 4.365234375000000278e-02 1.038652343749999929e+00 -8.830566406250000000e-01
2.367089843749999867e-01 6.637939453125000222e-01 8.486523437499999822e-01 5.865234375000000222e-02 9.636523437499999734e-01 -1.070556640625000000e+00
4.267089843749999889e-01 7.887939453125000222e-01 6.686523437500000444e-01 3.865234374999999833e-02 1.063652343750000062e+00 -1.820556640625000000e+00
3.317089843749999600e-01 7.262939453125000222e-01 5.786523437500000755e-01 6.865234375000001110e-02 1.013652343750000018e+00 -6.955566406250000000e-01
1.417089843749999856e-01 8.512939453125000222e-01 7.586523437500000133e-01 4.865234375000000722e-02 9.136523437500000400e-01 -1.445556640625000000e+00
1.357714843750000011e-01 6.520751953125000222e-01 6.855273437500000178e-01 6.427734375000000722e-02 1.066777343750000107e+00 -9.533691406250000000e-01
3.257714843750000311e-01 7.770751953125000222e-01 8.655273437499999556e-01 4.427734375000000333e-02 9.667773437500000178e-01 -1.703369140625000000e+00
4.207714843750000044e-01 7.145751953125000222e-01 7.755273437500000977e-01 5.427734375000000527e-02 9.167773437499999734e-01 -5.783691406250000000e-01
2.307714843750000022e-01 8.395751953125000222e-01 5.955273437500000488e-01 3.427734375000000139e-02 1.016777343750000062e+00 -1.328369140625000000e+00
2.782714843749999889e-01 7.458251953125000222e-01 8.205273437500000266e-01 6.927734374999999778e-02 8.917773437499999512e-01 -1.515869140625000000e+00
4.682714843749999911e-01 8.708251953125000222e-01 6.405273437500000888e-01 4.927734375000000777e-02 9.917773437500000400e-01 -7.658691406250000000e-01
3.732714843750000178e-01 6.833251953125000222e-01 5.505273437500000089e-01 5.927734375000000278e-02 1.041777343749999973e+00 -1.890869140625000000e+00
1.832714843750000155e-01 8.083251953125000222e-01 7.305273437500000577e-01 3.927734374999999889e-02 9.417773437499999956e-01 -1.140869140625000000e+00
2.070214843750000089e-01 7.302001953125000222e-01 6.180273437500000133e-01 4.677734375000000555e-02 9.542773437500000622e-01 -1.234619140625000000e+00
3.970214843750000111e-01 8.552001953125000222e-01 7.980273437500000622e-01 6.677734375000000944e-02 1.054277343750000151e+00 -1.984619140625000000e+00
4.920214843749999845e-01 6.677001953125000222e-01 8.880273437500000311e-01 3.677734374999999667e-02 1.004277343750000107e+00 -8.596191406250000000e-01
3.020214843749999822e-01 7.927001953125000222e-01 7.080273437499999822e-01 5.677734375000000056e-02 9.042773437500000178e-01 -1.609619140625000000e+00
2.545214843749999956e-01 6.989501953125000222e-01 7.530273437500000222e-01 4.177734375000000111e-02 9.792773437499999734e-01 -1.422119140625000000e+00
4.445214843749999978e-01 8.239501953125000222e-01 5.730273437500000844e-01 6.177734375000000500e-02 8.792773437499999956e-01 -6.721191406250000000e-01
3.495214843749999689e-01 7.614501953125000222e-01 6.630273437500000533e-01 3.177734374999999917e-02 9.292773437500000400e-01 -1.797119140625000000e+00
1.595214843749999944e-01 8.864501953125000222e-01 8.430273437499999911e-01 5.177734375000000305e-02 1.029277343750000018e+00 -1.047119140625000000e+00
1.476464843749999978e-01 7.692626953125000222e-01 8.092773437500000444e-01 5.802734375000000167e-02 1.010527343749999973e+00 -6.252441406250000000e-01
3.376464843750000000e-01 8.942626953125000222e-01 6.292773437499999956e-01 3.802734374999999778e-02 9.105273437499999956e-01 -1.375244140625000000e+00
4.326464843749999734e-01 7.067626953125000222e-01 7.192773437500000755e-01 6.802734374999999667e-02 9.605273437500000400e-01 -1.000244140625000000e+00
2.426464843749999989e-01 8.317626953125000222e-01 8.992773437500000133e-01 4.802734375000000666e-02 1.060527343750000018e+00 -1.750244140625000000e+00
2.901464843750000133e-01 6.755126953125000222e-01 5.842773437500000666e-01 5.302734375000000416e-02 9.355273437500000178e-01 -1.937744140625000000e+00
4.801464843750000155e-01 8.005126953125000222e-01 7.642773437500000044e-01 3.302734375000000028e-02 1.035527343750000107e+00 -1.187744140625000000e+00
3.851464843749999867e-01 7.380126953125000222e-01 8.542773437499999734e-01 6.302734375000000611e-02 9.855273437500000622e-01 -1.562744140625000000e+00
1.951464843749999845e-01 8.630126953125000222e-01 6.742773437500000355e-01 4.302734375000000222e-02 8.855273437499999734e-01 -8.127441406250000000e-01
1.713964843749999911e-01 6.911376953125000222e-01 8.767773437500000488e-01 3.052734374999999806e-02 8.980273437500000400e-01 -7.189941406250000000e-01
3.613964843749999933e-01 8.161376953125000222e-01 6.967773437500000000e-01 5.052734375000000194e-02 9.980273437500000178e-01 -1.468994140625000000e+00
4.563964843750000222e-01 7.536376953125000222e-01 6.067773437500000311e-01 4.052734375000000000e-02 1.048027343750000062e+00 -1.093994140625000000e+00
2.663964843749999645e-01 8.786376953125000222e-01 7.867773437500000799e-01 6.052734375000000389e-02 9.480273437499999734e-01 -1.843994140625000000e+00
2.188964843749999778e-01 7.223876953125000222e-01 6.517773437500000711e-01 3.552734375000000250e-02 1.023027343749999929e+00 -1.656494140625000000e+00
4.088964843749999800e-01 8.473876953125000222e-01 8.317773437500000089e-01 5.552734374999999944e-02 9.230273437500000622e-01 -9.064941406250000000e-01
3.138964843750000067e-01 6.598876953125000222e-01 7.417773437500000400e-01 4.552734375000000444e-02 8.730273437500000178e-01 -1.281494140625000000e+00
1.238964843749999906e-01 7.848876953125000222e-01 5.617773437499999911e-01 6.552734375000000833e-02 9.730273437499999956e-01 -5.314941406250000000e-01
1.253808593749999867e-01 7.643798828125000222e-01 6.503710937500000178e-01 4.755859375000000278e-02 8.816210937499999734e-01 -1.041259765625000000e+00
3.153808593749999889e-01 8.893798828125000222e-01 8.303710937499999556e-01 6.755859375000000666e-02 9.816210937500000622e-01 -1.791259765625000000e+00
4.103808593750000178e-01 7.018798828125000222e-01 7.403710937500000977e-01 3.755859375000000083e-02 1.031621093750000107e+00 -6.662597656250000000e-01
2.203808593750000155e-01 8.268798828125000222e-01 5.603710937500000488e-01 5.755859375000000472e-02 9.316210937500000178e-01 -1.416259765625000000e+00
2.678808593750000022e-01 6.706298828125000222e-01 8.753710937500001066e-01 4.255859374999999833e-02 1.056621093750000018e+00 -1.603759765625000000e+00
4.578808593750000044e-01 7.956298828125000222e-01 6.953710937500000577e-01 6.255859375000000222e-02 9.566210937500000400e-01 -8.537597656250000000e-01
3.628808593750000311e-01 7.331298828125000222e-01 6.053710937500000888e-01 3.255859374999999639e-02 9.066210937499999956e-01 -1.978759765625000000e+00
1.728808593750000011e-01 8.581298828125000222e-01 7.853710937500000266e-01 5.255859375000000722e-02 1.006621093749999973e+00 -1.228759765625000000e+00
1.966308593749999944e-01 6.862548828125000222e-01 5.828710937500000133e-01 6.005859375000000000e-02 9.941210937500000178e-01 -1.135009765625000000e+00
3.866308593750000244e-01 8.112548828125000222e-01 7.628710937500000622e-01 4.005859375000000305e-02 8.941210937500000400e-01 -1.885009765625000000e+00
4.816308593749999978e-01 7.487548828125000222e-01 8.528710937500000311e-01 5.005859375000000500e-02 9.441210937499999734e-01 -7.600097656250000000e-01
2.916308593749999956e-01 8.737548828125000222e-01 6.728710937499999822e-01 3.005859374999999764e-02 1.044121093750000062e+00 -1.510009765625000000e+00
2.441308593750000089e-01 7.175048828125000222e-01 8.078710937499999911e-01 6.505859375000000444e-02 9.691210937499999956e-01 -1.322509765625000000e+00
4.341308593750000111e-01 8.425048828125000222e-01 6.278710937500000533e-01 4.505859375000000056e-02 1.069121093749999973e+00 -5.725097656250000000e-01
3.391308593749999822e-01 6.550048828125000222e-01 7.178710937500000222e-01 5.505859375000000250e-02 1.019121093749999929e+00 -1.697509765625000000e+00
1.491308593750000078e-01 7.800048828125000222e-01 8.978710937500000711e-01 3.505859374999999861e-02 9.191210937500000622e-01 -9.475097656250000000e-01
1.610058593750000044e-01 6.628173828125000222e-01 7.741210937500000444e-01 3.380859374999999750e-02 9.253710937500000400e-01 -5.256347656250000000e-01
3.510058593750000067e-01 7.878173828125000222e-01 5.941210937499999956e-01 5.380859375000000833e-02 1.025371093750000018e+00 -1.275634765625000000e+00
4.460058593749999800e-01 7.253173828125000222e-01 6.841210937500000755e-01 4.380859374999999944e-02 9.753710937499999734e-01 -9.006347656250000000e-01
2.560058593749999778e-01 8.503173828125000222e-01 8.641210937500000133e-01 6.380859375000000333e-02 8.753710937499999956e-01 -1.650634765625000000e+00
3.035058593749999645e-01 7.565673828125000222e-01 6.391210937500000355e-01 3.880859375000000194e-02 1.000371093750000107e+00 -1.838134765625000000e+00
4.935058593750000222e-01 8.815673828125000222e-01 8.191210937499999734e-01 5.880859375000000583e-02 9.003710937500000178e-01 -1.088134765625000000e+00
3.985058593749999933e-01 6.940673828125000222e-01 9.091210937500000533e-01 4.880859375000000389e-02 9.503710937500000622e-01 -1.463134765625000000e+00
2.085058593749999911e-01 8.190673828125000222e-01 7.291210937500000044e-01 6.880859375000000777e-02 1.050371093750000151e+00 -7.131347656250000000e-01
1.847558593749999978e-01 7.409423828125000222e-01 8.416210937500000488e-01 5.630859375000000361e-02 1.037871093749999973e+00 -8.068847656250000000e-01
3.747558593750000000e-01 8.659423828125000222e-01 6.616210937500000000e-01 3.630859374999999972e-02 9.378710937499999956e-01 -1.556884765625000000e+00
4.697558593749999734e-01 6.784423828125000222e-01 5.716210937500000311e-01 6.630859375000000555e-02 8.878710937499999512e-01 -1.181884765625000000e+00
2.797558593750000266e-01 8.034423828125000222e-01 7.516210937500000799e-01 4.630859375000000167e-02 9.878710937500000400e-01 -1.931884765625000000e+00
2.322558593749999845e-01 7.096923828125000222e-01 7.066210937500000400e-01 5.130859375000000611e-02 9.128710937499999734e-01 -1.744384765625000000e+00
4.222558593749999867e-01 8.346923828125000222e-01 8.866210937500000888e-01 3.130859375000000222e-02 1.012871093750000062e+00 -9.943847656250000000e-01
3.272558593750000133e-01 7.721923828125000222e-01 7.966210937500000089e-01 6.130859375000000805e-02 1.062871093750000107e+00 -1.369384765625000000e+00
1.372558593750000111e-01 8.971923828125000222e-01 6.166210937500000711e-01 4.130859374999999722e-02 9.628710937500000178e-01 -6.193847656250000000e-01
1.431933593749999956e-01 6.979736328125000222e-01 8.584960937500000222e-01 6.568359375000000500e-02 1.015996093750000107e+00 -1.955322265625000000e+00
3.331933593749999978e-01 8.229736328125000222e-01 6.784960937499999734e-01 4.568359375000000111e-02 9.159960937500000178e-01 -1.205322265625000000e+00
4.281933593750000266e-01 7.604736328125000222e-01 5.884960937500000044e-01 5.568359375000000305e-02 9.659960937500000622e-01 -1.580322265625000000e+00
2.381933593749999967e-01 8.854736328125000222e-01 7.684960937500000533e-01 3.568359374999999917e-02 1.065996093750000151e+00 -8.303222656250000000e-01
2.856933593750000111e-01 7.292236328125000222e-01 7.234960937500000133e-01 6.068359375000000056e-02 9.409960937500000400e-01 -6.428222656250000000e-01
4.756933593750000133e-01 8.542236328125000222e-01 9.034960937500000622e-01 4.068359374999999667e-02 1.040996093750000018e+00 -1.392822265625000000e+00
3.806933593749999845e-01 6.667236328125000222e-01 8.134960937499999822e-01 5.068359375000000555e-02 9.909960937500000844e-01 -1.017822265625000000e+00
1.906933593749999822e-01 7.917236328125000222e-01 6.334960937500000444e-01 3.068359374999999820e-02 8.909960937499999956e-01 -1.767822265625000000e+00
2.144433593750000033e-01 7.448486328125000222e-01 7.459960937500000888e-01 4.318359374999999889e-02 9.034960937500000622e-01 -1.674072265625000000e+00
4.044433593749999778e-01 8.698486328125000222e-01 5.659960937500000400e-01 6.318359375000000278e-02 1.003496093749999929e+00 -9.240722656250000000e-01
4.994433593750000067e-01 6.823486328125000222e-01 6.559960937500000089e-01 3.318359374999999695e-02 1.053496093749999973e+00 -1.299072265625000000e+00
3.094433593750000044e-01 8.073486328125000222e-01 8.359960937500000577e-01 5.318359375000000777e-02 9.534960937499999956e-01 -5.490722656250000000e-01
2.619433593750000178e-01 6.510986328125000222e-01 6.109960937500000799e-01 4.818359375000000333e-02 1.028496093750000062e+00 -7.365722656250000000e-01
4.519433593750000200e-01 7.760986328125000222e-01 7.909960937500000178e-01 6.818359375000000722e-02 9.284960937499999734e-01 -1.486572265625000000e+00
3.569433593749999911e-01 7.135986328125000222e-01 8.809960937500000977e-01 3.818359375000000139e-02 8.784960937500000400e-01 -1.111572265625000000e+00
1.669433593749999889e-01 8.385986328125000222e-01 7.009960937500000488e-01 5.818359375000000527e-02 9.784960937500000178e-01 -1.861572265625000000e+00
1.550683593749999922e-01 7.214111328125000222e-01 5.547460937500000577e-01 5.193359375000000666e-02 1.059746093750000062e+00 -1.439697265625000000e+00
3.450683593750000222e-01 8.464111328125000222e-01 7.347460937500001066e-01 3.193359375000000278e-02 9.597460937499999734e-01 -6.896972656250000000e-01
4.400683593749999956e-01 6.589111328125000222e-01 8.247460937499999645e-01 6.193359375000000167e-02 9.097460937500000400e-01 -1.814697265625000000e+00
2.500683593749999933e-01 7.839111328125000222e-01 6.447460937500000266e-01 4.193359374999999778e-02 1.009746093750000018e+00 -1.064697265625000000e+00
2.975683593750000355e-01 6.901611328125000222e-01 7.797460937500000355e-01 5.693359375000000416e-02 8.847460937500000178e-01 -8.771972656250000000e-01
4.875683593749999822e-01 8.151611328125000222e-01 5.997460937500000977e-01 3.693359375000000028e-02 9.847460937499999956e-01 -1.627197265625000000e+00
3.925683593750000089e-01 7.526611328125000222e-01 6.897460937500000666e-01 6.693359375000000611e-02 1.034746093749999929e+00 -5.021972656250000000e-01
2.025683593750000067e-01 8.776611328125000222e-01 8.697460937500001155e-01 4.693359375000000222e-02 9.347460937500000622e-01 -1.252197265625000000e+00
1.788183593750000133e-01 6.745361328125000222e-01 6.672460937499999911e-01 3.943359375000000250e-02 9.472460937500000178e-01 -1.345947265625000000e+00
3.688183593749999600e-01 7.995361328125000222e-01 8.472460937500000400e-01 5.943359374999999944e-02 1.047246093750000107e+00 -5.959472656250000000e-01
4.638183593749999889e-01 7.370361328125000222e-01 7.572460937500000711e-01 4.943359375000000444e-02 9.972460937500000622e-01 -1.720947265625000000e+00
2.738183593749999867e-01 8.620361328125000222e-01 5.772460937500000222e-01 6.943359375000000833e-02 8.972460937499999734e-01 -9.709472656250000000e-01
2.263183593750000000e-01 7.682861328125000222e-01 8.922460937500000799e-01 3.443359374999999806e-02 9.722460937500000400e-01 -1.158447265625000000e+00
4.163183593750000022e-01 8.932861328125000222e-01 7.122460937500000311e-01 5.443359375000000194e-02 8.722460937499999512e-01 -1.908447265625000000e+00
3.213183593749999734e-01 7.057861328125000222e-01 6.222460937500000622e-01 4.443359375000000000e-02 9.222460937499999956e-01 -7.834472656250000000e-01
1.313183593749999989e-01 8.307861328125000222e-01 8.022460937500000000e-01 6.443359375000000389e-02 1.022246093749999973e+00 -1.533447265625000000e+00
1.283496093750000067e-01 6.686767578125000222e-01 6.250585937500000577e-01 5.974609375000000666e-02 9.144335937499999956e-01 -1.263916015625000000e+00
3.183496093750000089e-01 7.936767578125000222e-01 8.050585937500001066e-01 3.974609375000000278e-02 1.014433593749999973e+00 -5.139160156250000000e-01
4.133496093749999822e-01 7.311767578125000222e-01 8.950585937499999645e-01 6.974609375000001554e-02 1.064433593750000018e+00 -1.638916015625000000e+00
2.233496093749999800e-01 8.561767578125000222e-01 7.150585937500000266e-01 4.974609374999999778e-02 9.644335937500000400e-01 -8.889160156250000000e-01
2.708496093750000222e-01 7.624267578125000222e-01 7.600585937500000666e-01 5.474609375000000222e-02 1.039433593750000107e+00 -1.076416015625000000e+00
4.608496093750000244e-01 8.874267578125000222e-01 5.800585937500000178e-01 3.474609374999999833e-02 9.394335937500000178e-01 -1.826416015625000000e+00
3.658496093749999956e-01 6.999267578125000222e-01 6.700585937500000977e-01 6.474609375000001110e-02 8.894335937499999734e-01 -7.014160156250000000e-01
1.758496093749999933e-01 8.249267578125000222e-01 8.500585937500000355e-01 4.474609375000000028e-02 9.894335937500000622e-01 -1.451416015625000000e+00
1.995996093749999867e-01 7.155517578125000222e-01 6.925585937500000622e-01 3.224609374999999611e-02 1.001933593750000018e+00 -1.545166015625000000e+00
3.895996093749999889e-01 8.405517578125000222e-01 8.725585937500000000e-01 5.224609375000000000e-02 9.019335937500000400e-01 -7.951660156250000000e-01
4.845996093750000178e-01 6.530517578125000222e-01 7.825585937500000311e-01 4.224609375000000500e-02 9.519335937499999734e-01 -1.920166015625000000e+00
2.945996093749999600e-01 7.780517578125000222e-01 6.025585937500000933e-01 6.224609375000000194e-02 1.051933593750000062e+00 -1.170166015625000000e+00
2.470996093750000011e-01 6.843017578125000222e-01 8.275585937500000711e-01 3.724609375000000056e-02 9.269335937500000622e-01 -9.826660156250000000e-01
4.370996093749999756e-01 8.093017578125000222e-01 6.475585937500000222e-01 5.724609375000000444e-02 1.026933593749999929e+00 -1.732666015625000000e+00
3.420996093750000022e-01 7.468017578125000222e-01 5.575585937500000533e-01 4.724609375000000250e-02 9.769335937499999956e-01 -6.076660156250000000e-01
1.520996093750000000e-01 8.718017578125000222e-01 7.375585937499999911e-01 6.724609375000001332e-02 8.769335937500000178e-01 -1.357666015625000000e+00
1.639746093749999967e-01 7.546142578125000222e-01 8.838085937499999822e-01 6.349609375000000999e-02 9.581835937500000622e-01 -1.779541015625000000e+00
3.539746093750000266e-01 8.796142578125000222e-01 7.038085937500000444e-01 4.349609374999999917e-02 1.058183593750000151e+00 -1.029541015625000000e+00
4.489746093750000000e-01 6.921142578125000222e-01 6.138085937500000755e-01 5.349609375000000111e-02 1.008183593750000107e+00 -1.404541015625000000e+00
2.589746093749999978e-01 8.171142578125000222e-01 7.938085937500000133e-01 3.349609374999999722e-02 9.081835937500000178e-01 -6.545410156250000000e-01
3.064746093749999845e-01 6.608642578125000222e-01 6.588085937500000044e-01 6.849609375000001443e-02 9.831835937499999734e-01 -8.420410156250000000e-01
4.964746093749999867e-01 7.858642578125000222e-01 8.388085937500000533e-01 4.849609375000000361e-02 8.831835937499999956e-01 -1.592041015625000000e+00
4.014746093750000133e-01 7.233642578125000222e-01 7.488085937499999734e-01 5.849609375000000555e-02 9.331835937500000400e-01 -1.217041015625000000e+00
2.114746093750000111e-01 8.483642578125000222e-01 5.688085937500000355e-01 3.849609375000000167e-02 1.033183593750000018e+00 -1.967041015625000000e+00
1.877246093749999900e-01 7.077392578125000222e-01 8.163085937500000888e-01 4.599609375000000139e-02 1.045683593749999973e+00 -1.873291015625000000e+00
3.777246093750000200e-01 8.327392578125000222e-01 6.363085937500000400e-01 6.599609375000001221e-02 9.456835937499999956e-01 -1.123291015625000000e+00
4.727246093749999933e-01 7.702392578125000222e-01 7.263085937500000089e-01 3.599609374999999944e-02 8.956835937499999512e-01 -1.498291015625000000e+00
2.827246093749999911e-01 8.952392578125000222e-01 9.063085937500000577e-01 5.599609375000000333e-02 9.956835937500000400e-01 -7.482910156250000000e-01
2.352246093750000044e-01 7.389892578125000222e-01 5.913085937500000000e-01 4.099609375000000389e-02 8.706835937500000400e-01 -5.607910156250000000e-01
4.252246093750000067e-01 8.639892578125000222e-01 7.713085937500000488e-01 6.099609375000000777e-02 9.706835937500000178e-01 -1.310791015625000000e+00
3.302246093749999778e-01 6.764892578125000222e-01 8.613085937500000178e-01 3.099609374999999847e-02 1.020683593750000062e+00 -9.357910156250000000e-01
1.402246093750000033e-01 8.014892578125000222e-01 6.813085937500000799e-01 5.099609374999999889e-02 9.206835937499999734e-01 -1.685791015625000000e+00
1.342871093749999911e-01 7.350830078125000222e-01 7.881835937500000222e-01 3.662109375000000000e-02 9.800585937500000400e-01 -7.248535156250000000e-01
3.242871093749999933e-01 8.600830078125000222e-01 6.081835937500000844e-01 5.662109375000000389e-02 8.800585937499999512e-01 -1.474853515625000000e+00
4.192871093750000222e-01 6.725830078125000222e-01 6.981835937500000533e-01 4.662109375000000194e-02 9.300585937499999956e-01 -1.099853515625000000e+00
2.292871093749999922e-01 7.975830078125000222e-01 8.781835937499999911e-01 6.662109374999999889e-02 1.030058593749999973e+00 -1.849853515625000000e+00
2.767871093750000067e-01 7.038330078125000222e-01 5.631835937500000444e-01 3.162109375000000250e-02 9.550585937500000178e-01 -1.662353515625000000e+00
4.667871093750000089e-01 8.288330078125000222e-01 7.431835937499999822e-01 5.162109374999999944e-02 1.055058593750000107e+00 -9.123535156250000000e-01
3.717871093749999800e-01 7.663330078125000222e-01 8.331835937500000622e-01 4.162109375000000444e-02 1.005058593750000062e+00 -1.287353515625000000e+00
1.817871093750000056e-01 8.913330078125000222e-01 6.531835937500000133e-01 6.162109375000000833e-02 9.050585937499999734e-01 -5.373535156250000000e-01
2.055371093749999989e-01 6.569580078125000222e-01 9.006835937499999556e-01 5.412109375000000167e-02 8.925585937500000178e-01 -6.311035156250000000e-01
3.955371093749999734e-01 7.819580078125000222e-01 7.206835937500000178e-01 3.412109374999999778e-02 9.925585937499999956e-01 -1.381103515625000000e+00
4.905371093750000022e-01 7.194580078125000222e-01 6.306835937500000488e-01 6.412109374999999667e-02 1.042558593749999929e+00 -1.006103515625000000e+00
3.005371093750000000e-01 8.444580078125000222e-01 8.106835937500000977e-01 4.412109374999999972e-02 9.425585937500000622e-01 -1.756103515625000000e+00
2.530371093750000133e-01 7.507080078125000222e-01 6.756835937500000888e-01 5.912109375000000611e-02 1.067558593750000062e+00 -1.943603515625000000e+00
4.430371093750000155e-01 8.757080078125000222e-01 8.556835937500000266e-01 3.912109375000000222e-02 9.675585937499999734e-01 -1.193603515625000000e+00
3.480371093749999867e-01 6.882080078125000222e-01 7.656835937500000577e-01 6.912109375000000111e-02 9.175585937500000400e-01 -1.568603515625000000e+00
1.580371093749999845e-01 8.132080078125000222e-01 5.856835937500000089e-01 4.912109375000000416e-02 1.017558593750000018e+00 -8.186035156250000000e-01
1.461621093749999878e-01 6.960205078125000222e-01 7.094335937500000355e-01 4.037109375000000333e-02 1.023808593750000107e+00 -1.240478515625000000e+00
3.361621093750000178e-01 8.210205078125000222e-01 8.894335937499999734e-01 6.037109375000000722e-02 9.238085937500000178e-01 -1.990478515625000000e+00
4.311621093749999911e-01 7.585205078125000222e-01 7.994335937500000044e-01 3.037109374999999792e-02 8.738085937499999734e-01 -8.654785156250000000e-01
2.411621093749999889e-01 8.835205078125000222e-01 6.194335937500000666e-01 5.037109374999999833e-02 9.738085937500000622e-01 -1.615478515625000000e+00
2.886621093750000311e-01 7.272705078125000222e-01 8.444335937500000444e-01 4.537109375000000083e-02 8.988085937499999956e-01 -1.427978515625000000e+00
4.786621093749999778e-01 8.522705078125000222e-01 6.644335937499999956e-01 6.537109374999999778e-02 9.988085937499999734e-01 -6.779785156250000000e-01
3.836621093750000044e-01 6.647705078125000222e-01 5.744335937500000266e-01 3.537109374999999889e-02 1.048808593750000018e+00 -1.802978515625000000e+00
1.936621093750000022e-01 7.897705078125000222e-01 7.544335937500000755e-01 5.537109375000000278e-02 9.488085937500000400e-01 -1.052978515625000000e+00
1.699121093750000089e-01 7.741455078125000222e-01 5.969335937499999911e-01 6.787109375000000000e-02 9.363085937499999734e-01 -9.592285156250000000e-01
3.599121093750000111e-01 8.991455078125000222e-01 7.769335937500000400e-01 4.787109375000000305e-02 1.036308593750000062e+00 -1.709228515625000000e+00
4.549121093749999845e-01 7.116455078125000222e-01 8.669335937500000089e-01 5.787109375000000500e-02 9.863085937500000178e-01 -5.842285156250000000e-01
2.649121093749999822e-01 8.366455078125000222e-01 6.869335937500000711e-01 3.787109375000000111e-02 8.863085937500000400e-01 -1.334228515625000000e+00
2.174121093749999956e-01 6.803955078125000222e-01 7.319335937500000000e-01 6.287109374999999556e-02 1.011308593749999929e+00 -1.521728515625000000e+00
4.074121093749999978e-01 8.053955078125000222e-01 5.519335937500000622e-01 4.287109375000000555e-02 9.113085937500000622e-01 -7.717285156250000000e-01
3.124121093749999689e-01 7.428955078125000222e-01 6.419335937500000311e-01 5.287109375000000056e-02 9.613085937499999956e-01 -1.896728515625000000e+00
1.224121093749999944e-01 8.678955078125000222e-01 8.219335937500000799e-01 3.287109374999999667e-02 1.061308593749999973e+00 -1.146728515625000000e+00
1.216699218749999895e-01 7.433837890625000222e-01 6.088867187500000000e-01 6.154296875000000305e-02 1.004667968749999973e+00 -1.712158203125000000e+00
3.116699218749999778e-01 8.683837890625000222e-01 7.888867187500000488e-01 4.154296874999999917e-02 9.046679687499999956e-01 -9.621582031250000000e-01
4.066699218750000067e-01 6.808837890625000222e-01 8.788867187500000178e-01 5.154296875000000111e-02 9.546679687500000400e-01 -1.337158203125000000e+00
2.166699218750000044e-01 8.058837890625000222e-01 6.988867187500000799e-01 3.154296874999999722e-02 1.054667968750000018e+00 -5.871582031250000000e-01
2.641699218749999911e-01 7.121337890625000222e-01 7.438867187500000089e-01 6.654296875000001443e-02 9.296679687500000178e-01 -7.746582031250000000e-01
4.541699218749999933e-01 8.371337890625000222e-01 5.638867187500000711e-01 4.654296875000000361e-02 1.029667968750000107e+00 -1.524658203125000000e+00
3.591699218749999645e-01 7.746337890625000222e-01 6.538867187500000400e-01 5.654296875000000555e-02 9.796679687500000622e-01 -1.149658203125000000e+00
1.691699218749999900e-01 8.996337890625000222e-01 8.338867187500000888e-01 3.654296875000000167e-02 8.796679687499999734e-01 -1.899658203125000000e+00
1.929199218750000111e-01 6.652587890625000222e-01 7.213867187500000444e-01 4.904296874999999889e-02 9.171679687500000622e-01 -1.993408203125000000e+00
3.829199218750000133e-01 7.902587890625000222e-01 9.013867187499999822e-01 6.904296875000001665e-02 1.017167968749999929e+00 -1.243408203125000000e+00
4.779199218749999867e-01 7.277587890625000222e-01 8.113867187500000133e-01 3.904296875000000389e-02 1.067167968749999973e+00 -1.618408203125000000e+00
2.879199218749999845e-01 8.527587890625000222e-01 6.313867187500000755e-01 5.904296875000000777e-02 9.671679687499999956e-01 -8.684082031250000000e-01
2.404199218749999978e-01 7.590087890625000222e-01 8.563867187500000533e-01 4.404296875000000139e-02 1.042167968750000062e+00 -6.809082031250000000e-01
4.304199218750000000e-01 8.840087890625000222e-01 6.763867187500000044e-01 6.404296875000001221e-02 9.421679687499999734e-01 -1.430908203125000000e+00
3.354199218750000266e-01 6.965087890625000222e-01 5.863867187500000355e-01 3.404296874999999944e-02 8.921679687500000400e-01 -1.055908203125000000e+00
1.454199218749999967e-01 8.215087890625000222e-01 7.663867187499999734e-01 5.404296875000000333e-02 9.921679687500000178e-01 -1.805908203125000000e+00
1.572949218749999933e-01 6.886962890625000222e-01 8.901367187500000000e-01 5.529296875000000444e-02 1.048417968750000151e+00 -1.384033203125000000e+00
3.472949218749999956e-01 8.136962890625000222e-01 7.101367187500000622e-01 3.529296875000000056e-02 9.484179687500000622e-01 -6.340332031250000000e-01
4.422949218750000244e-01 7.511962890625000222e-01 6.201367187499999822e-01 6.529296875000001332e-02 8.984179687500000178e-01 -1.759033203125000000e+00
2.522949218750000222e-01 8.761962890625000222e-01 8.001367187500000311e-01 4.529296875000000250e-02 9.984179687500001066e-01 -1.009033203125000000e+00
2.997949218750000089e-01 7.199462890625000222e-01 6.651367187500000222e-01 5.029296875000000000e-02 8.734179687499999956e-01 -1.196533203125000000e+00
4.897949218750000111e-01 8.449462890625000222e-01 8.451367187500000711e-01 3.029296874999999958e-02 9.734179687499999734e-01 -1.946533203125000000e+00
3.947949218749999822e-01 6.574462890625000222e-01 7.551367187499999911e-01 6.029296875000000888e-02 1.023417968750000018e+00 -8.215332031250000000e-01
2.047949218749999800e-01 7.824462890625000222e-01 5.751367187500000533e-01 4.029296875000000500e-02 9.234179687500000400e-01 -1.571533203125000000e+00
1.810449218749999867e-01 7.668212890625000222e-01 7.776367187500000666e-01 3.279296874999999833e-02 9.609179687500000178e-01 -1.477783203125000000e+00
3.710449218749999889e-01 8.918212890625000222e-01 5.976367187500000178e-01 5.279296875000000222e-02 1.060917968750000107e+00 -7.277832031250000000e-01
4.660449218750000178e-01 7.043212890625000222e-01 6.876367187500000977e-01 4.279296875000000028e-02 1.010917968750000062e+00 -1.852783203125000000e+00
2.760449218749999600e-01 8.293212890625000222e-01 8.676367187500000355e-01 6.279296875000001110e-02 9.109179687499999734e-01 -1.102783203125000000e+00
2.285449218750000011e-01 6.730712890625000222e-01 5.526367187500000888e-01 3.779296875000000278e-02 9.859179687500000400e-01 -9.152832031250000000e-01
4.185449218749999756e-01 7.980712890625000222e-01 7.326367187500000266e-01 5.779296875000000666e-02 8.859179687499999512e-01 -1.665283203125000000e+00
3.235449218750000022e-01 7.355712890625000222e-01 8.226367187500001066e-01 4.779296874999999778e-02 9.359179687499999956e-01 -5.402832031250000000e-01
1.335449218750000000e-01 8.605712890625000222e-01 6.426367187500000577e-01 6.779296875000001554e-02 1.035917968749999973e+00 -1.290283203125000000e+00
1.394824218749999845e-01 6.769775390625000222e-01 8.057617187500000222e-01 4.466796875000000194e-02 8.890429687499999956e-01 -1.126220703125000000e+00
3.294824218749999867e-01 8.019775390625000222e-01 6.257617187500000844e-01 6.466796874999999889e-02 9.890429687499999734e-01 -1.876220703125000000e+00
4.244824218750000155e-01 7.394775390625000222e-01 7.157617187500000533e-01 3.466796875000000000e-02 1.039042968750000018e+00 -7.512207031250000000e-01
2.344824218750000133e-01 8.644775390625000222e-01 8.957617187499999911e-01 5.466796875000000389e-02 9.390429687500000400e-01 -1.501220703125000000e+00
2.819824218750000000e-01 7.707275390625000222e-01 5.807617187500000444e-01 4.966796874999999944e-02 1.064042968750000151e+00 -1.313720703125000000e+00
4.719824218750000022e-01 8.957275390625000222e-01 7.607617187499999822e-01 6.966796875000000333e-02 9.640429687500000622e-01 -5.637207031250000000e-01
3.769824218749999734e-01 7.082275390625000222e-01 8.507617187500000622e-01 3.966796875000000444e-02 9.140429687500000178e-01 -1.688720703125000000e+00
1.869824218749999989e-01 8.332275390625000222e-01 6.707617187500000133e-01 5.966796875000000833e-02 1.014042968750000107e+00 -9.387207031250000000e-01
2.107324218749999922e-01 7.238525390625000222e-01 8.732617187500000266e-01 6.716796875000000111e-02 9.765429687500000178e-01 -1.032470703125000000e+00
4.007324218750000222e-01 8.488525390625000222e-01 6.932617187500000888e-01 4.716796874999999722e-02 8.765429687500000400e-01 -1.782470703125000000e+00
4.957324218749999956e-01 6.613525390625000222e-01 6.032617187500000089e-01 5.716796875000000611e-02 9.265429687499999734e-01 -6.574707031250000000e-01
3.057324218749999933e-01 7.863525390625000222e-01 7.832617187500000577e-01 3.716796875000000222e-02 1.026542968750000062e+00 -1.407470703125000000e+00
2.582324218750000067e-01 6.926025390625000222e-01 6.482617187500000488e-01 6.216796875000000361e-02 9.515429687499999956e-01 -1.594970703125000000e+00
4.482324218750000089e-01 8.176025390625000222e-01 8.282617187500000977e-01 4.216796874999999972e-02 1.051542968749999973e+00 -8.449707031250000000e-01
3.532324218750000355e-01 7.551025390625000222e-01 7.382617187500000178e-01 5.216796875000000167e-02 1.001542968749999929e+00 -1.969970703125000000e+00
1.632324218750000056e-01 8.801025390625000222e-01 5.582617187500000799e-01 3.216796874999999778e-02 9.015429687500000622e-01 -1.219970703125000000e+00
1.513574218750000089e-01 7.472900390625000222e-01 7.045117187500000711e-01 3.841796875000000333e-02 9.327929687500000622e-01 -7.980957031250000000e-01
3.413574218750000111e-01 8.722900390625000222e-01 8.845117187500000089e-01 5.841796875000000722e-02 1.032792968749999929e+00 -1.548095703125000000e+00
4.363574218749999845e-01 6.847900390625000222e-01 7.945117187500000400e-01 4.841796874999999833e-02 9.827929687499999956e-01 -1.173095703125000000e+00
2.463574218750000100e-01 8.097900390625000222e-01 6.145117187499999911e-01 6.841796875000000222e-02 8.827929687500000178e-01 -1.923095703125000000e+00
2.938574218749999689e-01 6.535400390625000222e-01 8.395117187500000799e-01 3.341796874999999889e-02 1.007792968750000018e+00 -1.735595703125000000e+00
4.838574218750000266e-01 7.785400390625000222e-01 6.595117187500000311e-01 5.341796875000000278e-02 9.077929687500000400e-01 -9.855957031250000000e-01
3.888574218749999978e-01 7.160400390625000222e-01 5.695117187500000622e-01 4.341796875000000083e-02 9.577929687499999734e-01 -1.360595703125000000e+00
1.988574218749999956e-01 8.410400390625000222e-01 7.495117187500000000e-01 6.341796874999999778e-02 1.057792968750000062e+00 -6.105957031250000000e-01
1.751074218750000022e-01 7.004150390625000222e-01 6.370117187500000666e-01 5.091796875000000056e-02 1.020292968749999973e+00 -5.168457031250000000e-01
3.651074218750000044e-01 8.254150390625000222e-01 8.170117187500001155e-01 3.091796875000000014e-02 9.202929687499999956e-01 -1.266845703125000000e+00
4.601074218749999778e-01 7.629150390625000222e-01 9.070117187499999734e-01 6.091796875000000944e-02 8.702929687499999512e-01 -8.918457031250000000e-01
2.701074218750000311e-01 8.879150390625000222e-01 7.270117187500000355e-01 4.091796874999999861e-02 9.702929687500000400e-01 -1.641845703125000000e+00
2.226074218749999889e-01 7.316650390625000222e-01 7.720117187500000755e-01 5.591796875000000500e-02 8.952929687499999734e-01 -1.829345703125000000e+00
4.126074218749999911e-01 8.566650390625000222e-01 5.920117187500000266e-01 3.591796875000000111e-02 9.952929687500000622e-01 -1.079345703125000000e+00
3.176074218750000178e-01 6.691650390625000222e-01 6.820117187500001066e-01 6.591796875000000000e-02 1.045292968750000107e+00 -1.454345703125000000e+00
1.276074218749999878e-01 7.941650390625000222e-01 8.620117187500000444e-01 4.591796875000000305e-02 9.452929687500000178e-01 -7.043457031250000000e-01
1.305761718750000078e-01 7.062744140625000222e-01 6.791992187500000000e-01 3.123046875000000042e-02 9.906054687499999956e-01 -5.988769531250000000e-01
3.205761718749999822e-01 8.312744140625000222e-01 8.591992187500000488e-01 5.123046875000000777e-02 8.906054687500000178e-01 -1.348876953125000000e+00
4.155761718750000111e-01 7.687744140625000222e-01 7.691992187500000799e-01 4.123046874999999889e-02 9.406054687500000622e-01 -9.738769531250000000e-01
2.255761718750000089e-01 8.937744140625000222e-01 5.891992187500000311e-01 6.123046875000000278e-02 1.040605468749999929e+00 -1.723876953125000000e+00
2.730761718749999956e-01 7.375244140625000222e-01 9.041992187500000888e-01 3.623046875000000139e-02 9.656054687499999734e-01 -1.911376953125000000e+00
4.630761718749999978e-01 8.625244140625000222e-01 7.241992187500000400e-01 5.623046875000000527e-02 1.065605468750000062e+00 -1.161376953125000000e+00
3.680761718749999689e-01 6.750244140625000222e-01 6.341992187500000711e-01 4.623046875000000333e-02 1.015605468750000018e+00 -1.536376953125000000e+00
1.780761718749999944e-01 8.000244140625000222e-01 8.141992187500000089e-01 6.623046875000000722e-02 9.156054687500000400e-01 -7.863769531250000000e-01
2.018261718750000155e-01 7.531494140625000222e-01 5.666992187500000666e-01 5.873046875000000056e-02 8.781054687499999512e-01 -6.926269531250000000e-01
3.918261718750000178e-01 8.781494140625000222e-01 7.466992187500000044e-01 3.873046874999999667e-02 9.781054687500000400e-01 -1.442626953125000000e+00
4.868261718749999911e-01 6.906494140625000222e-01 8.366992187499999734e-01 6.873046875000000944e-02 1.028105468749999973e+00 -1.067626953125000000e+00
2.968261718749999889e-01 8.156494140625000222e-01 6.566992187500000355e-01 4.873046875000000555e-02 9.281054687499999956e-01 -1.817626953125000000e+00
2.493261718750000022e-01 6.593994140625000222e-01 7.916992187500000444e-01 5.373046875000000305e-02 1.053105468750000107e+00 -1.630126953125000000e+00
4.393261718750000044e-01 7.843994140625000222e-01 6.116992187499999956e-01 3.373046874999999917e-02 9.531054687500000178e-01 -8.801269531250000000e-01
3.443261718750000311e-01 7.218994140625000222e-01 7.016992187500000755e-01 6.373046875000000500e-02 9.031054687499999734e-01 -1.255126953125000000e+00
1.543261718750000011e-01 8.468994140625000222e-01 8.816992187500000133e-01 4.373046875000000111e-02 1.003105468750000062e+00 -5.051269531250000000e-01
1.662011718749999978e-01 7.140869140625000222e-01 7.354492187500000222e-01 4.748046875000000444e-02 1.034355468750000062e+00 -9.270019531250000000e-01
3.562011718750000000e-01 8.390869140625000222e-01 5.554492187500000844e-01 6.748046875000000833e-02 9.343554687499999734e-01 -1.677001953125000000e+00
4.512011718749999734e-01 6.515869140625000222e-01 6.454492187500000533e-01 3.748046875000000250e-02 8.843554687500000400e-01 -5.520019531250000000e-01
2.612011718750000266e-01 7.765869140625000222e-01 8.254492187499999911e-01 5.748046874999999944e-02 9.843554687500000178e-01 -1.302001953125000000e+00
3.087011718750000133e-01 6.828369140625000222e-01 6.004492187500000133e-01 4.248046875000000000e-02 9.093554687500000622e-01 -1.489501953125000000e+00
4.987011718750000155e-01 8.078369140625000222e-01 7.804492187500000622e-01 6.248046875000000389e-02 1.009355468749999929e+00 -7.395019531250000000e-01
4.037011718749999867e-01 7.453369140625000222e-01 8.704492187500000311e-01 3.248046874999999806e-02 1.059355468749999973e+00 -1.864501953125000000e+00
2.137011718749999845e-01 8.703369140625000222e-01 6.904492187499999822e-01 5.248046875000000194e-02 9.593554687499999956e-01 -1.114501953125000000e+00
1.899511718749999911e-01 6.672119140625000222e-01 8.479492187499999556e-01 6.498046875000000611e-02 9.218554687500000178e-01 -1.208251953125000000e+00
3.799511718749999933e-01 7.922119140625000222e-01 6.679492187500000178e-01 4.498046875000000222e-02 1.021855468750000107e+00 -1.958251953125000000e+00
4.749511718750000222e-01 7.297119140625000222e-01 5.779492187500000488e-01 5.498046875000000416e-02 9.718554687500000622e-01 -8.332519531250000000e-01
2.849511718749999645e-01 8.547119140625000222e-01 7.579492187500000977e-01 3.498046875000000028e-02 8.718554687499999734e-01 -1.583251953125000000e+00
2.374511718749999778e-01 7.609619140625000222e-01 7.129492187500000577e-01 6.998046874999999667e-02 9.968554687499999734e-01 -1.395751953125000000e+00
4.274511718749999800e-01 8.859619140625000222e-01 8.929492187500001066e-01 4.998046875000000666e-02 8.968554687499999956e-01 -6.457519531250000000e-01
3.324511718750000067e-01 6.984619140625000222e-01 8.029492187500000266e-01 5.998046875000000167e-02 9.468554687500000400e-01 -1.770751953125000000e+00
1.424511718750000044e-01 8.234619140625000222e-01 6.229492187500000888e-01 3.998046874999999778e-02 1.046855468750000018e+00 -1.020751953125000000e+00
1.365136718749999922e-01 7.726806640625000222e-01 8.310742187499999822e-01 5.310546875000000250e-02 9.062304687500000178e-01 -1.559814453125000000e+00
3.265136718750000222e-01 8.976806640625000222e-01 6.510742187500000444e-01 3.310546874999999861e-02 1.006230468750000107e+00 -8.098144531250000000e-01
4.215136718749999956e-01 7.101806640625000222e-01 5.610742187500000755e-01 6.310546875000000444e-02 1.056230468750000151e+00 -1.934814453125000000e+00
2.315136718749999933e-01 8.351806640625000222e-01 7.410742187500000133e-01 4.310546875000000056e-02 9.562304687500000622e-01 -1.184814453125000000e+00
2.790136718750000355e-01 6.789306640625000222e-01 6.960742187499999734e-01 5.810546875000000000e-02 1.031230468750000018e+00 -9.973144531250000000e-01
4.690136718749999822e-01 8.039306640625000222e-01 8.760742187500000222e-01 3.810546875000000305e-02 9.312304687500000400e-01 -1.747314453125000000e+00
3.740136718750000089e-01 7.414306640625000222e-01 7.860742187500000533e-01 6.810546875000000888e-02 8.812304687499999956e-01 -6.223144531250000000e-01
1.840136718750000067e-01 8.664306640625000222e-01 6.060742187500000044e-01 4.810546875000000500e-02 9.812304687499999734e-01 -1.372314453125000000e+00
2.077636718750000000e-01 6.945556640625000222e-01 7.635742187500000888e-01 3.560546875000000083e-02 1.018730468750000062e+00 -1.278564453125000000e+00
3.977636718750000022e-01 8.195556640625000222e-01 5.835742187500000400e-01 5.560546875000000472e-02 9.187304687499999734e-01 -5.285644531250000000e-01
4.927636718749999756e-01 7.570556640625000222e-01 6.735742187500000089e-01 4.560546875000000278e-02 9.687304687500000178e-01 -1.653564453125000000e+00
3.027636718749999734e-01 8.820556640625000222e-01 8.535742187500000577e-01 6.560546875000000666e-02 1.068730468750000107e+00 -9.035644531250000000e-01
2.552636718749999867e-01 7.258056640625000222e-01 6.285742187500000799e-01 3.060546874999999986e-02 9.437304687499999956e-01 -1.091064453125000000e+00
4.452636718749999889e-01 8.508056640625000222e-01 8.085742187500000178e-01 5.060546875000000722e-02 1.043730468749999973e+00 -1.841064453125000000e+00
3.502636718749999600e-01 6.633056640625000222e-01 8.985742187500000977e-01 4.060546874999999833e-02 9.937304687500000400e-01 -7.160644531250000000e-01
1.602636718750000133e-01 7.883056640625000222e-01 7.185742187500000488e-01 6.060546875000000222e-02 8.937304687499999512e-01 -1.466064453125000000e+00
1.483886718749999889e-01 6.554931640625000222e-01 5.948242187500000222e-01 6.935546875000000999e-02 9.499804687499999734e-01 -1.887939453125000000e+00
3.383886718749999911e-01 7.804931640625000222e-01 7.748242187500000711e-01 4.935546875000000611e-02 1.049980468750000062e+00 -1.137939453125000000e+00
4.333886718750000200e-01 7.179931640625000222e-01 8.648242187500000400e-01 5.935546875000000111e-02 9.999804687500000178e-01 -1.512939453125000000e+00
2.433886718750000178e-01 8.429931640625000222e-01 6.848242187499999911e-01 3.935546874999999722e-02 8.999804687500000400e-01 -7.629394531250000000e-01
2.908886718750000044e-01 7.492431640625000222e-01 8.198242187500000000e-01 6.435546875000000555e-02 9.749804687499999956e-01 -5.754394531250000000e-01
4.808886718750000067e-01 8.742431640625000222e-01 6.398242187500000622e-01 4.435546875000000167e-02 8.749804687500000178e-01 -1.325439453125000000e+00
3.858886718749999778e-01 6.867431640625000222e-01 7.298242187500000311e-01 5.435546875000000361e-02 9.249804687500000622e-01 -9.504394531250000000e-01
1.958886718750000033e-01 8.117431640625000222e-01 9.098242187500000799e-01 3.435546874999999972e-02 1.024980468749999929e+00 -1.700439453125000000e+00
1.721386718749999822e-01 7.336181640625000222e-01 6.623242187500000266e-01 4.185546874999999944e-02 1.062480468750000018e+00 -1.794189453125000000e+00
3.621386718750000400e-01 8.586181640625000222e-01 8.423242187499999645e-01 6.185546875000000333e-02 9.624804687500000400e-01 -1.044189453125000000e+00
4.571386718750000133e-01 6.711181640625000222e-01 7.523242187499999956e-01 3.185546874999999750e-02 9.124804687499999956e-01 -1.419189453125000000e+00
2.671386718750000111e-01 7.961181640625000222e-01 5.723242187500000577e-01 5.185546875000000833e-02 1.012480468749999973e+00 -6.691894531250000000e-01
2.196386718749999967e-01 7.023681640625000222e-01 8.873242187500000044e-01 4.685546875000000389e-02 8.874804687499999734e-01 -8.566894531250000000e-01
4.096386718750000266e-01 8.273681640625000222e-01 7.073242187500000666e-01 6.685546875000000777e-02 9.874804687500000622e-01 -1.606689453125000000e+00
3.146386718749999978e-01 7.648681640625000222e-01 6.173242187500000977e-01 3.685546875000000194e-02 1.037480468750000107e+00 -1.231689453125000000e+00
1.246386718749999956e-01 8.898681640625000222e-01 7.973242187500000355e-01 5.685546875000000583e-02 9.374804687500000178e-01 -1.981689453125000000e+00
1.231542968749999994e-01 6.603759765625000222e-01 8.662304687499999822e-01 3.888671875000000028e-02 1.041386718750000107e+00 -1.471923828125000000e+00
3.131542968749999600e-01 7.853759765625000222e-01 6.862304687500000444e-01 5.888671875000000416e-02 9.413867187500000178e-01 -7.219238281250000000e-01
4.081542968749999889e-01 7.228759765625000222e-01 5.962304687500000755e-01 4.888671875000000222e-02 8.913867187499999734e-01 -1.846923828125000000e+00
2.181542968749999867e-01 8.478759765625000222e-01 7.762304687500000133e-01 6.888671875000000611e-02 9.913867187500000622e-01 -1.096923828125000000e+00
2.656542968749999734e-01 7.541259765625000222e-01 6.412304687500000044e-01 3.388671875000000278e-02 9.163867187499999956e-01 -9.094238281250000000e-01
4.556542968749999756e-01 8.791259765625000222e-01 8.212304687500000533e-01 5.388671875000000666e-02 1.016386718749999973e+00 -1.659423828125000000e+00
3.606542968750000022e-01 6.916259765625000222e-01 7.312304687499999734e-01 4.388671874999999778e-02 1.066386718750000018e+00 -5.344238281250000000e-01
1.706542968750000000e-01 8.166259765625000222e-01 5.512304687500000355e-01 6.388671875000001554e-02 9.663867187500000400e-01 -1.284423828125000000e+00
1.944042968749999933e-01 7.385009765625000222e-01 7.987304687500000888e-01 5.138671875000000444e-02 9.288867187500000622e-01 -1.378173828125000000e+00
3.844042968749999956e-01 8.635009765625000222e-01 6.187304687500000400e-01 3.138671875000000056e-02 1.028886718749999929e+00 -6.281738281250000000e-01
4.794042968750000244e-01 6.760009765625000222e-01 7.087304687500000089e-01 6.138671875000000638e-02 9.788867187499999956e-01 -1.753173828125000000e+00
2.894042968750000222e-01 8.010009765625000222e-01 8.887304687500000577e-01 4.138671875000000250e-02 8.788867187500000178e-01 -1.003173828125000000e+00
2.419042968749999800e-01 7.072509765625000222e-01 5.737304687500000000e-01 5.638671875000000888e-02 1.003886718750000018e+00 -1.190673828125000000e+00
4.319042968749999822e-01 8.322509765625000222e-01 7.537304687500000488e-01 3.638671874999999806e-02 9.038867187500000400e-01 -1.940673828125000000e+00
3.369042968750000089e-01 7.697509765625000222e-01 8.437304687500000178e-01 6.638671875000000389e-02 9.538867187499999734e-01 -8.156738281250000000e-01
1.469042968750000067e-01 8.947509765625000222e-01 6.637304687500000799e-01 4.638671875000000000e-02 1.053886718750000062e+00 -1.565673828125000000e+00
1.587792968750000033e-01 7.619384765625000222e-01 6.299804687500000222e-01 4.263671875000000361e-02 9.851367187499999734e-01 -1.987548828125000000e+00
3.487792968749999778e-01 8.869384765625000222e-01 8.099804687500000711e-01 6.263671875000001443e-02 8.851367187499999956e-01 -1.237548828125000000e+00
4.437792968750000067e-01 6.994384765625000222e-01 8.999804687500000400e-01 3.263671875000000167e-02 9.351367187500000400e-01 -1.612548828125000000e+00
2.537792968750000044e-01 8.244384765625000222e-01 7.199804687499999911e-01 5.263671875000000555e-02 1.035136718750000018e+00 -8.625488281250000000e-01
3.012792968749999911e-01 6.681884765625000222e-01 7.649804687500000311e-01 4.763671875000000111e-02 9.601367187500000622e-01 -6.750488281250000000e-01
4.912792968749999933e-01 7.931884765625000222e-01 5.849804687500000933e-01 6.763671875000000500e-02 1.060136718750000151e+00 -1.425048828125000000e+00
3.962792968750000200e-01 7.306884765625000222e-01 6.749804687500000622e-01 3.763671874999999917e-02 1.010136718750000107e+00 -1.050048828125000000e+00
2.062792968749999900e-01 8.556884765625000222e-01 8.549804687500000000e-01 5.763671875000000305e-02 9.101367187500000178e-01 -1.800048828125000000e+00
1.825292968749999967e-01 6.838134765625000222e-01 6.974804687500000266e-01 6.513671875000000278e-02 8.726367187500000400e-01 -1.706298828125000000e+00
3.725292968749999711e-01 8.088134765625000222e-01 8.774804687499999645e-01 4.513671874999999889e-02 9.726367187500000178e-01 -9.562988281250000000e-01
4.675292968750000000e-01 7.463134765625000222e-01 7.874804687499999956e-01 5.513671875000000777e-02 1.022636718750000062e+00 -1.331298828125000000e+00
2.775292968749999978e-01 8.713134765625000222e-01 6.074804687500000577e-01 3.513671874999999695e-02 9.226367187499999734e-01 -5.812988281250000000e-01
2.300292968750000111e-01 7.150634765625000222e-01 8.324804687500000355e-01 6.013671875000000527e-02 1.047636718749999973e+00 -7.687988281250000000e-01
4.200292968750000133e-01 8.400634765625000222e-01 6.524804687500000977e-01 4.013671875000000139e-02 9.476367187499999956e-01 -1.518798828125000000e+00
3.250292968749999845e-01 6.525634765625000222e-01 5.624804687500000178e-01 5.013671875000000333e-02 8.976367187499999512e-01 -1.143798828125000000e+00
1.350292968749999822e-01 7.775634765625000222e-01 7.424804687500000666e-01 3.013671874999999944e-02 9.976367187500000400e-01 -1.893798828125000000e+00
1.409667968749999944e-01 7.267822265625000222e-01 7.256054687499999822e-01 5.701171875000000250e-02 9.570117187500000178e-01 -5.109863281250000000e-01
3.309667968749999689e-01 8.517822265625000222e-01 9.056054687500000311e-01 3.701171874999999861e-02 1.057011718750000107e+00 -1.260986328125000000e+00
4.259667968749999978e-01 6.642822265625000222e-01 8.156054687500000622e-01 6.701171875000000444e-02 1.007011718750000062e+00 -8.859863281250000000e-01
2.359667968749999956e-01 7.892822265625000222e-01 6.356054687500000133e-01 4.701171875000000056e-02 9.070117187499999734e-01 -1.635986328125000000e+00
2.834667968749999822e-01 6.955322265625000222e-01 8.606054687499999911e-01 5.201171875000000500e-02 9.820117187500000400e-01 -1.823486328125000000e+00
4.734667968749999845e-01 8.205322265625000222e-01 6.806054687500000533e-01 3.201171875000000111e-02 8.820117187499999512e-01 -1.073486328125000000e+00
3.784667968750000111e-01 7.580322265625000222e-01 5.906054687500000844e-01 6.201171875000000694e-02 9.320117187499999956e-01 -1.448486328125000000e+00
1.884667968750000089e-01 8.830322265625000222e-01 7.706054687500000222e-01 4.201171875000000305e-02 1.032011718749999973e+00 -6.984863281250000000e-01
2.122167968750000022e-01 6.799072265625000222e-01 6.131054687500000488e-01 3.451171875000000333e-02 1.069511718750000062e+00 -7.922363281250000000e-01
4.022167968750000044e-01 8.049072265625000222e-01 7.931054687500000977e-01 5.451171875000000722e-02 9.695117187499999734e-01 -1.542236328125000000e+00
4.972167968749999778e-01 7.424072265625000222e-01 8.831054687499999556e-01 4.451171874999999833e-02 9.195117187500000400e-01 -1.167236328125000000e+00
3.072167968750000311e-01 8.674072265625000222e-01 7.031054687500000178e-01 6.451171875000000222e-02 1.019511718750000018e+00 -1.917236328125000000e+00
2.597167968749999889e-01 7.736572265625000222e-01 7.481054687500000577e-01 3.951171875000000083e-02 8.945117187500000178e-01 -1.729736328125000000e+00
4.497167968749999911e-01 8.986572265625000222e-01 5.681054687500000089e-01 5.951171875000000472e-02 9.945117187499999956e-01 -9.797363281250000000e-01
3.547167968750000178e-01 7.111572265625000222e-01 6.581054687500000888e-01 4.951171875000000278e-02 1.044511718749999929e+00 -1.354736328125000000e+00
1.647167968749999878e-01 8.361572265625000222e-01 8.381054687500000266e-01 6.951171875000000666e-02 9.445117187500000622e-01 -6.047363281250000000e-01
1.528417968749999911e-01 7.033447265625000222e-01 7.818554687500000044e-01 6.076171875000000583e-02 9.007617187499999956e-01 -1.026611328125000000e+00
3.428417968749999933e-01 8.283447265625000222e-01 6.018554687500000666e-01 4.076171875000000194e-02 1.000761718749999973e+00 -1.776611328125000000e+00
4.378417968750000222e-01 7.658447265625000222e-01 6.918554687500000355e-01 5.076171875000000389e-02 1.050761718750000018e+00 -6.516113281250000000e-01
2.478417968749999922e-01 8.908447265625000222e-01 8.718554687499999734e-01 3.076171875000000000e-02 9.507617187500000400e-01 -1.401611328125000000e+00
2.953417968750000067e-01 7.345947265625000222e-01 5.568554687500000266e-01 6.576171875000000333e-02 1.025761718750000107e+00 -1.589111328125000000e+00
4.853417968750000089e-01 8.595947265625000222e-01 7.368554687500000755e-01 4.576171874999999944e-02 9.257617187500000178e-01 -8.391113281250000000e-01
3.903417968749999800e-01 6.720947265625000222e-01 8.268554687500000444e-01 5.576171875000000833e-02 8.757617187499999734e-01 -1.964111328125000000e+00
2.003417968749999778e-01 7.970947265625000222e-01 6.468554687499999956e-01 3.576171874999999750e-02 9.757617187500000622e-01 -1.214111328125000000e+00
1.765917968749999845e-01 7.502197265625000222e-01 8.943554687500000488e-01 4.826171875000000167e-02 1.013261718749999929e+00 -1.120361328125000000e+00
3.665917968749999867e-01 8.752197265625000222e-01 7.143554687500000000e-01 6.826171875000000555e-02 9.132617187500000622e-01 -1.870361328125000000e+00
4.615917968750000155e-01 6.877197265625000222e-01 6.243554687500000311e-01 3.826171874999999972e-02 9.632617187499999956e-01 -7.453613281250000000e-01
2.715917968750000133e-01 8.127197265625000222e-01 8.043554687500000799e-01 5.826171875000000361e-02 1.063261718749999973e+00 -1.495361328125000000e+00
2.240917968749999989e-01 6.564697265625000222e-01 6.693554687500000711e-01 4.326171874999999722e-02 9.382617187499999734e-01 -1.307861328125000000e+00
4.140917968749999734e-01 7.814697265625000222e-01 8.493554687500000089e-01 6.326171875000000111e-02 1.038261718750000062e+00 -5.578613281250000000e-01
3.190917968750000000e-01 7.189697265625000222e-01 7.593554687500000400e-01 3.326171875000000222e-02 9.882617187500000178e-01 -1.682861328125000000e+00
1.290917968749999978e-01 8.439697265625000222e-01 5.793554687499999911e-01 5.326171875000000611e-02 8.882617187500000400e-01 -9.328613281250000000e-01
1.261230468750000056e-01 7.560791015625000222e-01 7.565429687500000444e-01 6.857421874999999889e-02 1.055449218749999973e+00 -1.225830078125000000e+00
3.161230468750000355e-01 8.810791015625000222e-01 5.765429687499999956e-01 4.857421875000000194e-02 9.554492187499999956e-01 -1.975830078125000000e+00
4.111230468750000089e-01 6.935791015625000222e-01 6.665429687500000755e-01 5.857421875000000389e-02 9.054492187500000622e-01 -8.508300781250000000e-01
2.211230468750000067e-01 8.185791015625000222e-01 8.465429687500000133e-01 3.857421875000000000e-02 1.005449218749999929e+00 -1.600830078125000000e+00
2.686230468749999933e-01 6.623291015625000222e-01 6.215429687500000355e-01 6.357421875000000833e-02 8.804492187500000400e-01 -1.413330078125000000e+00
4.586230468749999956e-01 7.873291015625000222e-01 8.015429687499999734e-01 4.357421875000000444e-02 9.804492187500000178e-01 -6.633300781250000000e-01
3.636230468750000222e-01 7.248291015625000222e-01 8.915429687500000533e-01 5.357421874999999944e-02 1.030449218750000062e+00 -1.788330078125000000e+00
1.736230468749999922e-01 8.498291015625000222e-01 7.115429687500000044e-01 3.357421875000000250e-02 9.304492187499999734e-01 -1.038330078125000000e+00
1.973730468750000133e-01 7.092041015625000222e-01 8.240429687500000488e-01 4.107421875000000222e-02 9.679492187500000622e-01 -9.445800781250000000e-01
3.873730468750000155e-01 8.342041015625000222e-01 6.440429687500000000e-01 6.107421875000000611e-02 1.067949218750000151e+00 -1.694580078125000000e+00
4.823730468749999889e-01 7.717041015625000222e-01 5.540429687500000311e-01 3.107421875000000028e-02 1.017949218750000107e+00 -5.695800781250000000e-01
2.923730468749999867e-01 8.967041015625000222e-01 7.340429687500000799e-01 5.107421875000000416e-02 9.179492187500000178e-01 -1.319580078125000000e+00
2.448730468750000000e-01 7.404541015625000222e-01 6.890429687500000400e-01 4.607421875000000666e-02 9.929492187500000844e-01 -1.507080078125000000e+00
4.348730468750000022e-01 8.654541015625000222e-01 8.690429687500000888e-01 6.607421874999999667e-02 8.929492187499999956e-01 -7.570800781250000000e-01
3.398730468749999734e-01 6.779541015625000222e-01 7.790429687500000089e-01 3.607421874999999778e-02 9.429492187500000400e-01 -1.882080078125000000e+00
1.498730468749999989e-01 8.029541015625000222e-01 5.990429687500000711e-01 5.607421875000000167e-02 1.042949218750000018e+00 -1.132080078125000000e+00
1.617480468749999956e-01 6.701416015625000222e-01 6.552929687499999822e-01 5.482421875000000056e-02 9.991992187500000622e-01 -7.102050781250000000e-01