# cosmological_parameters--omega_m cosmological_parameters--s_8 cosmological_parameters--h0 cosmological_parameters--omega_b cosmological_parameters--n_s cosmological_parameters--w intrinsic_alignment_parameters--a1 intrinsic_alignment_parameters--alpha1 intrinsic_alignment_parameters--a2 intrinsic_alignment_parameters--alpha2 intrinsic_alignment_parameters--bias_ta
3.308740234374999978e-01 8.104248046875000000e-01 6.929980468750001066e-01 4.182617187499999833e-02 1.017607421874999973e+00 -4.767651367187499822e-01 1.245117187500000000e-01 -1.320800781250000000e+00 -1.584472656250000000e+00 -2.692871093750000000e+00 1.112792968750000000e+00
4.258740234375000266e-01 6.854248046875000000e-01 6.029980468750000266e-01 5.182617187500000722e-02 1.067607421875000018e+00 -1.726265136718750037e+00 2.624511718750000000e+00 1.179199218750000000e+00 9.155273437500000000e-01 -1.928710937500000000e-01 6.127929687500000000e-01
2.358740234374999967e-01 9.354248046875000000e-01 7.829980468750000755e-01 3.182617187499999639e-02 9.676074218750000400e-01 -8.932651367187500746e-01 -2.375488281250000000e+00 -3.820800781250000000e+00 -4.084472656250000000e+00 4.807128906250000000e+00 1.612792968750000000e+00
2.833740234375000111e-01 7.479248046875000000e-01 6.479980468750000666e-01 6.682617187500000666e-02 1.042607421875000107e+00 -1.101515136718750121e+00 -3.625488281250000000e+00 -7.080078125000000000e-02 4.665527343750000000e+00 -1.442871093750000000e+00 8.627929687500000000e-01
4.733740234375000133e-01 9.979248046875000000e-01 8.279980468750001155e-01 4.682617187500000278e-02 9.426074218750000178e-01 -1.934515136718750083e+00 1.374511718750000000e+00 4.929199218750000000e+00 -3.344726562500000000e-01 3.557128906250000000e+00 1.862792968750000000e+00
3.783740234374999845e-01 6.229248046875000000e-01 7.379980468750000355e-01 5.682617187500000472e-02 8.926074218749999734e-01 -6.850151367187500284e-01 3.874511718750000000e+00 -2.570800781250000000e+00 2.165527343750000000e+00 1.057128906250000000e+00 3.627929687500000000e-01
1.883740234374999822e-01 8.729248046875000000e-01 5.579980468750000977e-01 3.682617187500000083e-02 9.926074218750000622e-01 -1.518015136718749991e+00 -1.125488281250000000e+00 2.429199218750000000e+00 -2.834472656250000000e+00 -3.942871093750000000e+00 1.362792968750000000e+00
2.121240234375000033e-01 6.541748046875000000e-01 8.054980468750000400e-01 4.932617187500000500e-02 1.005107421875000018e+00 -1.413890136718749968e+00 -4.250488281250000000e+00 -3.195800781250000000e+00 4.040527343750000000e+00 1.682128906250000000e+00 1.487792968750000000e+00
4.021240234374999778e-01 9.041748046875000000e-01 6.254980468749999911e-01 6.932617187500000888e-02 9.051074218750000400e-01 -5.808901367187500053e-01 7.495117187500000000e-01 1.804199218750000000e+00 -9.594726562500000000e-01 -3.317871093750000000e+00 4.877929687500000000e-01
4.971240234375000067e-01 5.291748046875000000e-01 7.154980468750000711e-01 3.932617187500000305e-02 9.551074218749999734e-01 -1.830390136718750060e+00 3.249511718750000000e+00 -6.958007812500000000e-01 1.540527343750000000e+00 -8.178710937500000000e-01 1.987792968750000000e+00
3.071240234375000044e-01 7.791748046875000000e-01 8.954980468750000089e-01 5.932617187500000000e-02 1.055107421875000062e+00 -9.973901367187500977e-01 -1.750488281250000000e+00 4.304199218750000000e+00 -3.459472656250000000e+00 4.182128906250000000e+00 9.877929687500000000e-01
2.596240234375000178e-01 5.916748046875000000e-01 5.804980468750000622e-01 4.432617187500000056e-02 9.301074218750000622e-01 -7.891401367187500515e-01 -3.000488281250000000e+00 5.541992187500000000e-01 2.790527343750000000e+00 -2.067871093750000000e+00 1.737792968750000000e+00
4.496240234375000200e-01 8.416748046875000000e-01 7.604980468750000000e-01 6.432617187500000444e-02 1.030107421874999929e+00 -1.622140136718750014e+00 1.999511718750000000e+00 -4.445800781250000000e+00 -2.209472656250000000e+00 2.932128906250000000e+00 7.377929687500000000e-01
3.546240234374999911e-01 7.166748046875000000e-01 8.504980468750000799e-01 3.432617187499999861e-02 9.801074218749999956e-01 -3.726401367187501812e-01 4.499511718750000000e+00 3.054199218750000000e+00 2.905273437500000000e-01 4.321289062500000000e-01 1.237792968750000000e+00
1.646240234374999889e-01 9.666748046875000000e-01 6.704980468750000311e-01 5.432617187500000250e-02 8.801074218750000178e-01 -1.205640136718749922e+00 -5.004882812500000000e-01 -1.945800781250000000e+00 -4.709472656250000000e+00 -4.567871093750000000e+00 2.377929687500000000e-01
1.527490234374999922e-01 7.010498046875000000e-01 6.367480468750000844e-01 5.557617187500000361e-02 9.613574218750000622e-01 -1.674202636718749915e+00 4.370117187500000000e-01 -4.758300781250000000e+00 -3.771972656250000000e+00 3.244628906250000000e+00 8.002929687500000000e-01
3.427490234375000222e-01 9.510498046875000000e-01 8.167480468750000222e-01 3.557617187499999972e-02 1.061357421875000151e+00 -8.412026367187499520e-01 -4.562988281250000000e+00 2.416992187500000000e-01 1.228027343750000000e+00 -1.755371093750000000e+00 1.800292968750000000e+00
4.377490234374999956e-01 5.760498046875000000e-01 9.067480468749999911e-01 6.557617187500000555e-02 1.011357421875000107e+00 -1.257702636718750044e+00 -2.062988281250000000e+00 -2.258300781250000000e+00 -1.271972656250000000e+00 -4.255371093750000000e+00 3.002929687500000000e-01
2.477490234374999933e-01 8.260498046875000000e-01 7.267480468750000533e-01 4.557617187500000167e-02 9.113574218750000178e-01 -4.247026367187500817e-01 2.937011718750000000e+00 2.741699218750000000e+00 3.728027343750000000e+00 7.446289062500000000e-01 1.300292968750000000e+00
2.952490234375000355e-01 5.135498046875000000e-01 7.717480468749999822e-01 5.057617187500000611e-02 9.863574218749999734e-01 -6.329526367187501279e-01 1.687011718750000000e+00 1.491699218750000000e+00 -2.521972656250000000e+00 -3.005371093750000000e+00 5.029296875000000000e-02
4.852490234374999822e-01 7.635498046875000000e-01 5.917480468750000444e-01 3.057617187499999875e-02 8.863574218749999956e-01 -1.465952636718749869e+00 -3.312988281250000000e+00 -3.508300781250000000e+00 2.478027343750000000e+00 1.994628906250000000e+00 1.050292968750000000e+00
3.902490234375000089e-01 6.385498046875000000e-01 6.817480468750000133e-01 6.057617187500000111e-02 9.363574218750000400e-01 -1.049452636718749998e+00 -8.129882812500000000e-01 3.991699218750000000e+00 -2.197265625000000000e-02 4.494628906250000000e+00 5.502929687500000000e-01
2.002490234375000067e-01 8.885498046875000000e-01 8.617480468750000622e-01 4.057617187499999722e-02 1.036357421875000018e+00 -1.882452636718749961e+00 4.187011718750000000e+00 -1.008300781250000000e+00 4.978027343750000000e+00 -5.053710937500000000e-01 1.550292968750000000e+00
1.764990234375000133e-01 6.072998046875000000e-01 7.042480468750000888e-01 3.307617187499999750e-02 1.048857421874999973e+00 -1.986577636718749984e+00 1.062011718750000000e+00 4.616699218750000000e+00 -3.146972656250000000e+00 2.619628906250000000e+00 1.675292968750000000e+00
3.664990234374999600e-01 8.572998046875000000e-01 8.842480468750000266e-01 5.307617187500000833e-02 9.488574218749999956e-01 -1.153577636718750021e+00 -3.937988281250000000e+00 -3.833007812500000000e-01 1.853027343750000000e+00 -2.380371093750000000e+00 6.752929687500000000e-01
4.614990234374999889e-01 7.322998046875000000e-01 7.942480468750000577e-01 4.307617187499999944e-02 8.988574218750000622e-01 -1.570077636718750114e+00 -1.437988281250000000e+00 2.116699218750000000e+00 -6.469726562500000000e-01 -4.880371093750000000e+00 1.175292968750000000e+00
2.714990234374999867e-01 9.822998046875000000e-01 6.142480468750000089e-01 6.307617187500000333e-02 9.988574218750000400e-01 -7.370776367187501510e-01 3.562011718750000000e+00 -2.883300781250000000e+00 4.353027343750000000e+00 1.196289062500000000e-01 1.752929687500000000e-01
2.239990234375000000e-01 6.697998046875000000e-01 8.392480468750000977e-01 3.807617187500000194e-02 8.738574218750000400e-01 -5.288276367187501048e-01 2.312011718750000000e+00 -1.633300781250000000e+00 -4.396972656250000000e+00 -3.630371093750000000e+00 1.425292968750000000e+00
4.139990234375000022e-01 9.197998046875000000e-01 6.592480468750000488e-01 5.807617187500000583e-02 9.738574218750000178e-01 -1.361827636718750068e+00 -2.687988281250000000e+00 3.366699218750000000e+00 6.030273437500000000e-01 1.369628906250000000e+00 4.252929687500000000e-01
3.189990234374999734e-01 5.447998046875000000e-01 5.692480468750000799e-01 4.807617187500000389e-02 1.023857421875000062e+00 -9.453276367187499751e-01 -1.879882812500000000e-01 -4.133300781250000000e+00 -1.896972656250000000e+00 3.869628906250000000e+00 1.925292968750000000e+00
1.289990234374999989e-01 7.947998046875000000e-01 7.492480468750000178e-01 6.807617187500000777e-02 9.238574218749999734e-01 -1.778327636718749938e+00 4.812011718750000000e+00 8.666992187500000000e-01 3.103027343750000000e+00 -1.130371093750000000e+00 9.252929687500000000e-01
1.260302734375000067e-01 6.190185546875000000e-01 5.664355468750000844e-01 5.276367187500000111e-02 1.019169921875000107e+00 -1.895468261718749936e+00 -3.703613281250000000e+00 2.507324218750000000e+00 -1.000976562500000000e-01 4.104003906250000000e+00 1.159667968750000000e+00
3.160302734375000089e-01 8.690185546875000000e-01 7.464355468750000222e-01 3.276367187499999722e-02 9.191699218750000178e-01 -1.062468261718750195e+00 1.296386718750000000e+00 -2.492675781250000000e+00 4.899902343750000000e+00 -8.959960937500000000e-01 1.596679687500000000e-01
4.110302734374999822e-01 7.440185546875000000e-01 8.364355468749999911e-01 6.276367187500000999e-02 9.691699218750000622e-01 -1.478968261718750066e+00 3.796386718750000000e+00 7.324218750000000000e-03 -2.600097656250000000e+00 -3.395996093750000000e+00 1.659667968750000000e+00
2.210302734374999800e-01 9.940185546875000000e-01 6.564355468750000533e-01 4.276367187499999917e-02 1.069169921875000151e+00 -6.459682617187501030e-01 -1.203613281250000000e+00 -4.992675781250000000e+00 2.399902343750000000e+00 1.604003906250000000e+00 6.596679687500000000e-01
2.685302734375000222e-01 6.815185546875000000e-01 7.914355468750000622e-01 5.776367187500000555e-02 9.441699218750000400e-01 -4.377182617187500568e-01 -4.953613281250000000e+00 -1.242675781250000000e+00 -1.350097656250000000e+00 -4.645996093750000000e+00 1.909667968750000000e+00
4.585302734375000244e-01 9.315185546875000000e-01 6.114355468750000133e-01 3.776367187500000167e-02 1.044169921875000018e+00 -1.270718261718750020e+00 4.638671875000000000e-02 3.757324218750000000e+00 3.649902343750000000e+00 3.540039062500000000e-01 9.096679687500000000e-01
3.635302734374999956e-01 5.565185546875000000e-01 7.014355468749999822e-01 6.776367187500001443e-02 9.941699218750000844e-01 -8.542182617187501492e-01 2.546386718750000000e+00 -3.742675781250000000e+00 -3.850097656250000000e+00 2.854003906250000000e+00 1.409667968750000000e+00
1.735302734374999933e-01 8.065185546875000000e-01 8.814355468750000311e-01 4.776367187500000361e-02 8.941699218749999956e-01 -1.687218261718749890e+00 -2.453613281250000000e+00 1.257324218750000000e+00 1.149902343750000000e+00 -2.145996093750000000e+00 4.096679687500000000e-01
1.972802734374999867e-01 7.127685546875000000e-01 6.789355468750000178e-01 3.526367187499999944e-02 9.066699218750000622e-01 -1.791343261718749913e+00 -3.078613281250000000e+00 -3.117675781250000000e+00 -1.975097656250000000e+00 4.729003906250000000e+00 2.846679687500000000e-01
3.872802734374999889e-01 9.627685546875000000e-01 8.589355468749999556e-01 5.526367187500000333e-02 1.006669921874999929e+00 -9.583432617187499503e-01 1.921386718750000000e+00 1.882324218750000000e+00 3.024902343750000000e+00 -2.709960937500000000e-01 1.284667968750000000e+00
4.822802734375000178e-01 5.877685546875000000e-01 7.689355468750000977e-01 4.526367187500000139e-02 1.056669921874999973e+00 -1.374843261718750043e+00 4.421386718750000000e+00 -6.176757812500000000e-01 -4.475097656250000000e+00 -2.770996093750000000e+00 7.846679687500000000e-01
2.922802734374999600e-01 8.377685546875000000e-01 5.889355468750000488e-01 6.526367187500001221e-02 9.566699218749999956e-01 -5.418432617187500799e-01 -5.786132812500000000e-01 4.382324218750000000e+00 5.249023437500000000e-01 2.229003906250000000e+00 1.784667968750000000e+00
2.447802734375000011e-01 5.252685546875000000e-01 9.039355468750001066e-01 3.026367187499999847e-02 1.031669921875000062e+00 -7.500932617187501261e-01 -4.328613281250000000e+00 6.323242187500000000e-01 -7.250976562500000000e-01 -4.020996093750000000e+00 5.346679687500000000e-01
4.347802734374999756e-01 7.752685546875000000e-01 7.239355468750000577e-01 5.026367187499999889e-02 9.316699218749999734e-01 -1.583093261718750089e+00 6.713867187500000000e-01 -4.367675781250000000e+00 4.274902343750000000e+00 9.790039062500000000e-01 1.534667968750000000e+00
3.397802734375000022e-01 6.502685546875000000e-01 6.339355468750000888e-01 4.026367187500000389e-02 8.816699218750000400e-01 -1.166593261718749996e+00 3.171386718750000000e+00 3.132324218750000000e+00 -3.225097656250000000e+00 3.479003906250000000e+00 3.466796875000000000e-02
1.497802734375000000e-01 9.002685546875000000e-01 8.139355468750000266e-01 6.026367187500000777e-02 9.816699218750000178e-01 -1.999593261718749959e+00 -1.828613281250000000e+00 -1.867675781250000000e+00 1.774902343750000000e+00 -1.520996093750000000e+00 1.034667968750000000e+00
1.616552734374999967e-01 6.346435546875000000e-01 8.476855468749999734e-01 6.901367187500001554e-02 1.062919921875000062e+00 -1.531030761718749966e+00 1.608886718750000000e+00 -4.055175781250000000e+00 2.087402343750000000e+00 4.150390625000000000e-02 1.972167968750000000e+00
3.516552734375000266e-01 8.846435546875000000e-01 6.676855468750000355e-01 4.901367187499999778e-02 9.629199218749999734e-01 -6.980307617187500036e-01 -3.391113281250000000e+00 9.448242187500000000e-01 -2.912597656250000000e+00 -4.958496093750000000e+00 9.721679687500000000e-01
4.466552734375000000e-01 5.096435546875000000e-01 5.776855468750000666e-01 5.901367187500000666e-02 9.129199218750000400e-01 -1.947530761718750059e+00 -8.911132812500000000e-01 -1.555175781250000000e+00 4.587402343750000000e+00 -2.458496093750000000e+00 1.472167968750000000e+00
2.566552734374999978e-01 7.596435546875000000e-01 7.576855468750000044e-01 3.901367187500000278e-02 1.012919921875000018e+00 -1.114530761718750096e+00 4.108886718750000000e+00 3.444824218750000000e+00 -4.125976562500000000e-01 2.541503906250000000e+00 4.721679687500000000e-01
3.041552734374999845e-01 5.721435546875000000e-01 7.126855468750000755e-01 6.401367187500001110e-02 8.879199218750000178e-01 -9.062807617187500497e-01 3.588867187500000000e-01 2.194824218750000000e+00 8.374023437500000000e-01 -1.208496093750000000e+00 1.222167968750000000e+00
4.941552734374999867e-01 8.221435546875000000e-01 8.926855468750000133e-01 4.401367187500000028e-02 9.879199218749999956e-01 -1.739280761718750012e+00 -4.641113281250000000e+00 -2.805175781250000000e+00 -4.162597656250000000e+00 3.791503906250000000e+00 2.221679687500000000e-01
3.991552734375000133e-01 6.971435546875000000e-01 8.026855468750000444e-01 5.401367187500000222e-02 1.037919921874999929e+00 -4.897807617187499574e-01 -2.141113281250000000e+00 4.694824218750000000e+00 3.337402343750000000e+00 1.291503906250000000e+00 1.722167968750000000e+00
2.091552734375000111e-01 9.471435546875000000e-01 6.226855468749999956e-01 3.401367187499999833e-02 9.379199218750000622e-01 -1.322780761718750142e+00 2.858886718750000000e+00 -3.051757812500000000e-01 -1.662597656250000000e+00 -3.708496093750000000e+00 7.221679687500000000e-01
1.854052734374999900e-01 5.408935546875000000e-01 7.351855468750000400e-01 4.151367187500000500e-02 9.504199218750000178e-01 -1.218655761718749897e+00 2.233886718750000000e+00 4.069824218750000000e+00 2.124023437500000000e-01 6.665039062500000000e-01 5.971679687500000000e-01
3.754052734375000200e-01 7.908935546875000000e-01 5.551855468749999911e-01 6.151367187500000194e-02 1.050419921875000107e+00 -3.856557617187501563e-01 -2.766113281250000000e+00 -9.301757812500000000e-01 -4.787597656250000000e+00 -4.333496093750000000e+00 1.597167968750000000e+00
4.704052734374999933e-01 6.658935546875000000e-01 6.451855468750000711e-01 3.151367187499999611e-02 1.000419921875000062e+00 -1.635155761718749989e+00 -2.661132812500000000e-01 1.569824218750000000e+00 2.712402343750000000e+00 -1.833496093750000000e+00 9.716796875000000000e-02
2.804052734374999911e-01 9.158935546875000000e-01 8.251855468750000089e-01 5.151367187500000000e-02 9.004199218749999734e-01 -8.021557617187500266e-01 4.733886718750000000e+00 -3.430175781250000000e+00 -2.287597656250000000e+00 3.166503906250000000e+00 1.097167968750000000e+00
2.329052734375000044e-01 7.283935546875000000e-01 6.001855468750000311e-01 4.651367187500000250e-02 9.754199218750000400e-01 -1.010405761718750073e+00 9.838867187500000000e-01 -2.180175781250000000e+00 1.462402343750000000e+00 -5.834960937500000000e-01 3.471679687500000000e-01
4.229052734375000067e-01 9.783935546875000000e-01 7.801855468750000799e-01 6.651367187500001332e-02 8.754199218749999512e-01 -1.843405761718750036e+00 -4.016113281250000000e+00 2.819824218750000000e+00 -3.537597656250000000e+00 4.416503906250000000e+00 1.347167968750000000e+00
3.279052734374999778e-01 6.033935546875000000e-01 8.701855468750000488e-01 3.651367187500000056e-02 9.254199218749999956e-01 -5.939057617187499805e-01 -1.516113281250000000e+00 -4.680175781250000000e+00 3.962402343750000000e+00 1.916503906250000000e+00 8.471679687500000000e-01
1.379052734375000033e-01 8.533935546875000000e-01 6.901855468750000000e-01 5.651367187500000444e-02 1.025419921874999973e+00 -1.426905761718749943e+00 3.483886718750000000e+00 3.198242187500000000e-01 -1.037597656250000000e+00 -3.083496093750000000e+00 1.847167968750000000e+00
1.319677734374999911e-01 7.362060546875000000e-01 7.633105468749999956e-01 3.088867187499999903e-02 8.785449218749999956e-01 -8.281870117187499769e-01 -1.047363281250000000e+00 -7.739257812500000000e-01 4.118652343750000000e+00 3.947753906250000000e+00 1.253417968750000000e+00
3.219677734374999933e-01 9.862060546875000000e-01 5.833105468750000577e-01 5.088867187499999944e-02 9.785449218749999734e-01 -1.661187011718749940e+00 3.952636718750000000e+00 4.226074218750000000e+00 -8.813476562500000000e-01 -1.052246093750000000e+00 2.534179687500000000e-01
4.169677734375000222e-01 6.112060546875000000e-01 6.733105468750000266e-01 4.088867187500000444e-02 1.028544921875000018e+00 -4.116870117187501066e-01 1.452636718750000000e+00 -3.273925781250000000e+00 1.618652343750000000e+00 -3.552246093750000000e+00 1.753417968750000000e+00
2.269677734374999922e-01 8.612060546875000000e-01 8.533105468749999645e-01 6.088867187500000833e-02 9.285449218750000400e-01 -1.244687011718750069e+00 -3.547363281250000000e+00 1.726074218750000000e+00 -3.381347656250000000e+00 1.447753906250000000e+00 7.534179687500000000e-01
2.744677734375000067e-01 5.487060546875000000e-01 6.283105468750000977e-01 3.588867187500000000e-02 1.053544921875000151e+00 -1.452937011718749893e+00 -2.297363281250000000e+00 2.976074218750000000e+00 2.868652343750000000e+00 -4.802246093750000000e+00 1.503417968750000000e+00
4.644677734375000089e-01 7.987060546875000000e-01 8.083105468750000355e-01 5.588867187500000389e-02 9.535449218750000622e-01 -6.199370117187501528e-01 2.702636718750000000e+00 -2.023925781250000000e+00 -2.131347656250000000e+00 1.977539062500000000e-01 5.034179687500000000e-01
3.694677734375000355e-01 6.737060546875000000e-01 8.983105468750000044e-01 4.588867187500000194e-02 9.035449218750000178e-01 -1.869437011718749986e+00 2.026367187500000000e-01 4.760742187500000000e-01 3.686523437500000000e-01 2.697753906250000000e+00 1.003417968750000000e+00
1.794677734375000056e-01 9.237060546875000000e-01 7.183105468750000666e-01 6.588867187499999889e-02 1.003544921875000107e+00 -1.036437011718750023e+00 -4.797363281250000000e+00 -4.523925781250000000e+00 -4.631347656250000000e+00 -2.302246093750000000e+00 3.417968750000000000e-03
2.032177734374999989e-01 5.799560546875000000e-01 8.308105468750000000e-01 5.838867187500000611e-02 9.910449218750000400e-01 -1.140562011718750046e+00 -4.223632812500000000e-01 1.101074218750000000e+00 3.493652343750000000e+00 4.572753906250000000e+00 1.284179687500000000e-01
3.932177734374999734e-01 8.299560546875000000e-01 6.508105468750000622e-01 3.838867187500000222e-02 8.910449218749999512e-01 -1.973562011718750009e+00 4.577636718750000000e+00 -3.898925781250000000e+00 -1.506347656250000000e+00 -4.272460937500000000e-01 1.128417968750000000e+00
4.882177734375000022e-01 7.049560546875000000e-01 5.608105468750000933e-01 6.838867187500000111e-02 9.410449218749999956e-01 -7.240620117187499538e-01 2.077636718750000000e+00 3.601074218750000000e+00 9.936523437500000000e-01 -2.927246093750000000e+00 6.284179687500000000e-01
2.982177734375000000e-01 9.549560546875000000e-01 7.408105468750000311e-01 4.838867187500000416e-02 1.041044921874999973e+00 -1.557062011718750139e+00 -2.922363281250000000e+00 -1.398925781250000000e+00 -4.006347656250000000e+00 2.072753906250000000e+00 1.628417968750000000e+00
2.507177734375000133e-01 6.424560546875000000e-01 6.958105468749999911e-01 5.338867187500000167e-02 9.660449218750000178e-01 -1.348812011718750092e+00 -1.672363281250000000e+00 -2.648925781250000000e+00 4.743652343750000000e+00 -4.177246093750000000e+00 8.784179687500000000e-01
4.407177734375000155e-01 8.924560546875000000e-01 8.758105468750000400e-01 3.338867187499999778e-02 1.066044921875000107e+00 -5.158120117187501297e-01 3.327636718750000000e+00 2.351074218750000000e+00 -2.563476562500000000e-01 8.227539062500000000e-01 1.878417968750000000e+00
3.457177734374999867e-01 5.174560546875000000e-01 7.858105468750000711e-01 6.338867187499999667e-02 1.016044921875000062e+00 -1.765312011718749963e+00 8.276367187500000000e-01 -1.489257812500000000e-01 2.243652343750000000e+00 3.322753906250000000e+00 3.784179687500000000e-01
1.557177734374999845e-01 7.674560546875000000e-01 6.058105468750000222e-01 4.338867187499999972e-02 9.160449218749999734e-01 -9.323120117187500000e-01 -4.172363281250000000e+00 4.851074218750000000e+00 -2.756347656250000000e+00 -1.677246093750000000e+00 1.378417968750000000e+00
1.438427734374999878e-01 5.018310546875000000e-01 6.620605468750000444e-01 4.713867187500000305e-02 9.222949218750000622e-01 -4.637495117187500071e-01 4.265136718750000000e+00 2.038574218750000000e+00 -3.693847656250000000e+00 5.102539062500000000e-01 1.565917968750000000e+00
3.338427734375000178e-01 7.518310546875000000e-01 8.420605468749999822e-01 6.713867187500000000e-02 1.022294921874999929e+00 -1.296749511718750192e+00 -7.348632812500000000e-01 -2.961425781250000000e+00 1.306152343750000000e+00 -4.489746093750000000e+00 5.659179687500000000e-01
4.288427734374999911e-01 6.268310546875000000e-01 7.520605468750000133e-01 3.713867187500000111e-02 9.722949218749999956e-01 -8.802495117187500995e-01 -3.234863281250000000e+00 4.538574218750000000e+00 -1.193847656250000000e+00 -1.989746093750000000e+00 1.065917968750000000e+00
2.388427734374999889e-01 8.768310546875000000e-01 5.720605468750000755e-01 5.713867187500000500e-02 8.722949218750000178e-01 -1.713249511718750062e+00 1.765136718750000000e+00 -4.614257812500000000e-01 3.806152343750000000e+00 3.010253906250000000e+00 6.591796875000000000e-02
2.863427734375000311e-01 6.893310546875000000e-01 8.870605468750000222e-01 4.213867187500000555e-02 9.972949218750000178e-01 -1.921499511718749886e+00 3.015136718750000000e+00 -4.211425781250000000e+00 -4.943847656250000000e+00 -7.397460937500000000e-01 1.315917968750000000e+00
4.763427734374999778e-01 9.393310546875000000e-01 7.070605468749999734e-01 6.213867187500000250e-02 8.972949218750000400e-01 -1.088499511718750146e+00 -1.984863281250000000e+00 7.885742187500000000e-01 5.615234375000000000e-02 4.260253906250000000e+00 3.159179687500000000e-01
3.813427734375000044e-01 5.643310546875000000e-01 6.170605468750000044e-01 3.213867187499999667e-02 9.472949218749999734e-01 -1.504999511718750016e+00 -4.484863281250000000e+00 -1.711425781250000000e+00 -2.443847656250000000e+00 1.760253906250000000e+00 1.815917968750000000e+00
1.913427734375000022e-01 8.143310546875000000e-01 7.970605468750000533e-01 5.213867187500000056e-02 1.047294921875000062e+00 -6.719995117187500533e-01 5.151367187500000000e-01 3.288574218750000000e+00 2.556152343750000000e+00 -3.239746093750000000e+00 8.159179687500000000e-01
1.675927734375000089e-01 6.580810546875000000e-01 5.945605468750000400e-01 6.463867187499999778e-02 1.034794921875000107e+00 -5.678745117187500302e-01 4.890136718750000000e+00 -2.336425781250000000e+00 -4.318847656250000000e+00 1.135253906250000000e+00 9.409179687500000000e-01
3.575927734375000111e-01 9.080810546875000000e-01 7.745605468750000888e-01 4.463867187500000083e-02 9.347949218750000178e-01 -1.400874511718749993e+00 -1.098632812500000000e-01 2.663574218750000000e+00 6.811523437500000000e-01 -3.864746093750000000e+00 1.940917968750000000e+00
4.525927734374999845e-01 5.330810546875000000e-01 8.645605468750000577e-01 5.463867187500000278e-02 8.847949218749999734e-01 -9.843745117187501226e-01 -2.609863281250000000e+00 -4.836425781250000000e+00 -1.818847656250000000e+00 -1.364746093750000000e+00 4.409179687500000000e-01
2.625927734374999822e-01 7.830810546875000000e-01 6.845605468750000089e-01 3.463867187499999889e-02 9.847949218750000622e-01 -1.817374511718750085e+00 2.390136718750000000e+00 1.635742187500000000e-01 3.181152343750000000e+00 3.635253906250000000e+00 1.440917968750000000e+00
2.150927734374999956e-01 5.955810546875000000e-01 8.195605468750000178e-01 6.963867187500000222e-02 9.097949218749999956e-01 -1.609124511718750039e+00 3.640136718750000000e+00 3.913574218750000000e+00 -3.068847656250000000e+00 -1.147460937500000000e-01 1.909179687500000000e-01
4.050927734374999978e-01 8.455810546875000000e-01 6.395605468750000799e-01 4.963867187499999833e-02 1.009794921874999973e+00 -7.761245117187500764e-01 -1.359863281250000000e+00 -1.086425781250000000e+00 1.931152343750000000e+00 4.885253906250000000e+00 1.190917968750000000e+00
3.100927734374999689e-01 7.205810546875000000e-01 7.295605468750000488e-01 5.963867187500000722e-02 1.059794921875000018e+00 -1.192624511718749947e+00 -3.859863281250000000e+00 1.413574218750000000e+00 -5.688476562500000000e-01 2.385253906250000000e+00 6.909179687500000000e-01
1.200927734374999944e-01 9.705810546875000000e-01 9.095605468750000977e-01 3.963867187500000333e-02 9.597949218750000400e-01 -3.596245117187499840e-01 1.140136718750000000e+00 -3.586425781250000000e+00 4.431152343750000000e+00 -2.614746093750000000e+00 1.690917968750000000e+00
1.201391601562499939e-01 7.352905273437500000e-01 7.290771484375000444e-01 5.089355468750000194e-02 1.003178710937500107e+00 -1.125716064453124998e+00 -1.282958984375000000e+00 -4.290771484375000000e+00 3.570556640625000000e+00 4.871826171875000000e+00 1.003662109375000000e+00
3.101391601562499822e-01 9.852905273437500000e-01 9.090771484374999822e-01 3.089355468749999806e-02 9.031787109375000178e-01 -1.958716064453124961e+00 3.717041015625000000e+00 7.092285156250000000e-01 -1.429443359375000000e+00 -1.281738281250000000e-01 3.662109375000000000e-03
4.051391601562500111e-01 6.102905273437500000e-01 8.190771484375000133e-01 6.089355468750000389e-02 9.531787109375000622e-01 -7.092160644531251279e-01 1.217041015625000000e+00 -1.790771484375000000e+00 1.070556640625000000e+00 -2.628173828125000000e+00 1.503662109375000000e+00
2.151391601562500089e-01 8.602905273437500000e-01 6.390771484375000755e-01 4.089355468750000000e-02 1.053178710937500151e+00 -1.542216064453125091e+00 -3.782958984375000000e+00 3.209228515625000000e+00 -3.929443359375000000e+00 2.371826171875000000e+00 5.036621093750000000e-01
2.626391601562499956e-01 5.477905273437500000e-01 8.640771484375000533e-01 5.589355468749999944e-02 9.281787109375000400e-01 -1.333966064453125044e+00 -3.295898437500000000e-02 1.959228515625000000e+00 4.820556640625000000e+00 -3.878173828125000000e+00 1.753662109375000000e+00
4.526391601562499978e-01 7.977905273437500000e-01 6.840771484375000044e-01 3.589355468750000250e-02 1.028178710937500018e+00 -5.009660644531250817e-01 4.967041015625000000e+00 -3.040771484375000000e+00 -1.794433593750000000e-01 1.121826171875000000e+00 7.536621093750000000e-01
3.576391601562499689e-01 6.727905273437500000e-01 5.940771484375000355e-01 6.589355468750000833e-02 9.781787109374999734e-01 -1.750466064453124915e+00 2.467041015625000000e+00 4.459228515625000000e+00 2.320556640625000000e+00 3.621826171875000000e+00 1.253662109375000000e+00
1.676391601562499944e-01 9.227905273437500000e-01 7.740771484374999734e-01 4.589355468750000444e-02 8.781787109374999956e-01 -9.174660644531249520e-01 -2.532958984375000000e+00 -5.407714843750000000e-01 -2.679443359375000000e+00 -1.378173828125000000e+00 2.536621093750000000e-01
1.913891601562500155e-01 5.790405273437500000e-01 6.165771484375000000e-01 3.839355468749999778e-02 9.156787109374999734e-01 -8.133410644531251510e-01 -1.907958984375000000e+00 3.834228515625000000e+00 4.195556640625000000e+00 4.246826171875000000e+00 3.786621093750000000e-01
3.813891601562500178e-01 8.290405273437500000e-01 7.965771484375000488e-01 5.839355468750000167e-02 1.015678710937500062e+00 -1.646341064453125114e+00 3.092041015625000000e+00 -1.165771484375000000e+00 -8.044433593750000000e-01 -7.531738281250000000e-01 1.378662109375000000e+00
4.763891601562499911e-01 7.040405273437500000e-01 8.865771484375000178e-01 4.839355468750000666e-02 1.065678710937500107e+00 -3.968410644531250586e-01 5.920410156250000000e-01 1.334228515625000000e+00 1.695556640625000000e+00 -3.253173828125000000e+00 8.786621093750000000e-01
2.863891601562499889e-01 9.540405273437500000e-01 7.065771484375000799e-01 6.839355468749999667e-02 9.656787109375000178e-01 -1.229841064453125021e+00 -4.407958984375000000e+00 -3.665771484375000000e+00 -3.304443359375000000e+00 1.746826171875000000e+00 1.878662109375000000e+00
2.388891601562500022e-01 6.415405273437500000e-01 7.515771484375000089e-01 3.339355468750000028e-02 1.040678710937499973e+00 -1.438091064453125068e+00 -6.579589843750000000e-01 -2.415771484375000000e+00 2.945556640625000000e+00 -4.503173828125000000e+00 6.286621093750000000e-01
4.288891601562500044e-01 8.915405273437500000e-01 5.715771484375000711e-01 5.339355468750000416e-02 9.406787109374999956e-01 -6.050910644531251048e-01 4.342041015625000000e+00 2.584228515625000000e+00 -2.054443359375000000e+00 4.968261718750000000e-01 1.628662109375000000e+00
3.338891601562500311e-01 5.165405273437500000e-01 6.615771484375000400e-01 4.339355468750000222e-02 8.906787109374999512e-01 -1.854591064453124938e+00 1.842041015625000000e+00 -4.915771484375000000e+00 4.455566406250000000e-01 2.996826171875000000e+00 1.286621093750000000e-01
1.438891601562500011e-01 7.665405273437500000e-01 8.415771484375000888e-01 6.339355468750000611e-02 9.906787109375000400e-01 -1.021591064453124975e+00 -3.157958984375000000e+00 8.422851562500000000e-02 -4.554443359375000000e+00 -2.003173828125000000e+00 1.128662109375000000e+00
1.557641601562499978e-01 5.009155273437500000e-01 7.853271484375000666e-01 6.714355468750000944e-02 1.046928710937500062e+00 -5.530285644531249822e-01 3.404541015625000000e+00 2.896728515625000000e+00 -4.241943359375000000e+00 8.093261718750000000e-01 1.816162109375000000e+00
3.457641601562500000e-01 7.509155273437500000e-01 6.053271484375000178e-01 4.714355468750000555e-02 9.469287109374999734e-01 -1.386028564453125167e+00 -1.595458984375000000e+00 -2.103271484375000000e+00 7.580566406250000000e-01 -4.190673828125000000e+00 8.161621093750000000e-01
4.407641601562499734e-01 6.259155273437500000e-01 6.953271484375000977e-01 5.714355468750000056e-02 8.969287109375000400e-01 -9.695285644531250746e-01 -4.095458984375000000e+00 3.967285156250000000e-01 -1.741943359375000000e+00 -1.690673828125000000e+00 1.316162109375000000e+00
2.507641601562500266e-01 8.759155273437500000e-01 8.753271484375000355e-01 3.714355468749999667e-02 9.969287109375000178e-01 -1.802528564453125037e+00 9.045410156250000000e-01 -4.603271484375000000e+00 3.258056640625000000e+00 3.309326171875000000e+00 3.161621093750000000e-01
2.982641601562500133e-01 6.884155273437500000e-01 5.603271484375000888e-01 6.214355468750000500e-02 8.719287109375000178e-01 -1.594278564453124991e+00 4.654541015625000000e+00 -8.532714843750000000e-01 -2.991943359375000000e+00 -4.406738281250000000e-01 1.066162109375000000e+00
4.882641601562500155e-01 9.384155273437500000e-01 7.403271484375000266e-01 4.214355468750000111e-02 9.719287109374999956e-01 -7.612785644531250284e-01 -3.454589843750000000e-01 4.146728515625000000e+00 2.008056640625000000e+00 4.559326171875000000e+00 6.616210937500000000e-02
3.932641601562499867e-01 5.634155273437500000e-01 8.303271484375001066e-01 5.214355468750000305e-02 1.021928710937499929e+00 -1.177778564453125121e+00 -2.845458984375000000e+00 -3.353271484375000000e+00 -4.919433593750000000e-01 2.059326171875000000e+00 1.566162109375000000e+00
2.032641601562499845e-01 8.134155273437500000e-01 6.503271484375000577e-01 3.214355468749999917e-02 9.219287109375000622e-01 -3.447785644531251581e-01 2.154541015625000000e+00 1.646728515625000000e+00 4.508056640625000000e+00 -2.940673828125000000e+00 5.661621093750000000e-01
1.795141601562499911e-01 6.571655273437500000e-01 8.978271484375000000e-01 4.464355468750000333e-02 9.594287109375000400e-01 -4.489035644531249591e-01 2.779541015625000000e+00 -2.728271484375000000e+00 -3.616943359375000000e+00 1.843261718750000000e-01 6.911621093750000000e-01
3.695141601562499933e-01 9.071655273437500000e-01 7.178271484375000622e-01 6.464355468750000722e-02 1.059428710937500018e+00 -1.281903564453124922e+00 -2.220458984375000000e+00 2.271728515625000000e+00 1.383056640625000000e+00 -4.815673828125000000e+00 1.691162109375000000e+00
4.645141601562500222e-01 5.321655273437500000e-01 6.278271484374999822e-01 3.464355468750000139e-02 1.009428710937499973e+00 -8.654035644531250515e-01 -4.720458984375000000e+00 -2.282714843750000000e-01 -1.116943359375000000e+00 -2.315673828125000000e+00 1.911621093750000000e-01
2.745141601562499645e-01 7.821655273437500000e-01 8.078271484375000311e-01 5.464355468750000527e-02 9.094287109374999956e-01 -1.698403564453125014e+00 2.795410156250000000e-01 4.771728515625000000e+00 3.883056640625000000e+00 2.684326171875000000e+00 1.191162109375000000e+00
2.270141601562499778e-01 5.946655273437500000e-01 6.728271484375000222e-01 4.964355468750000777e-02 9.844287109375000622e-01 -1.906653564453125060e+00 4.029541015625000000e+00 1.021728515625000000e+00 -4.866943359375000000e+00 -1.065673828125000000e+00 4.411621093750000000e-01
4.170141601562499800e-01 8.446655273437500000e-01 8.528271484375000711e-01 6.964355468749999778e-02 8.844287109374999734e-01 -1.073653564453124876e+00 -9.704589843750000000e-01 -3.978271484375000000e+00 1.330566406250000000e-01 3.934326171875000000e+00 1.441162109375000000e+00
3.220141601562500067e-01 7.196655273437500000e-01 7.628271484374999911e-01 3.964355468749999889e-02 9.344287109375000178e-01 -1.490153564453124968e+00 -3.470458984375000000e+00 3.521728515625000000e+00 -2.366943359375000000e+00 1.434326171875000000e+00 9.411621093750000000e-01
1.320141601562500044e-01 9.696655273437500000e-01 5.828271484375000533e-01 5.964355468750000278e-02 1.034428710937500107e+00 -6.571535644531250053e-01 1.529541015625000000e+00 -1.478271484375000000e+00 2.633056640625000000e+00 -3.565673828125000000e+00 1.941162109375000000e+00
1.379516601562499889e-01 6.181030273437500000e-01 8.697021484375000444e-01 3.276855468749999972e-02 8.938037109374999956e-01 -1.776497314453125087e+00 -3.939208984375000000e+00 2.427978515625000000e+00 -1.898193359375000000e+00 4.403076171875000000e+00 1.409912109375000000e+00
3.279516601562499911e-01 8.681030273437500000e-01 6.897021484375001066e-01 5.276855468750000361e-02 9.938037109375000844e-01 -9.434973144531251243e-01 1.060791015625000000e+00 -2.572021484375000000e+00 3.101806640625000000e+00 -5.969238281250000000e-01 4.099121093750000000e-01
4.229516601562500200e-01 7.431030273437500000e-01 5.997021484375000266e-01 4.276855468750000167e-02 1.043803710937500018e+00 -1.359997314453124995e+00 3.560791015625000000e+00 4.927978515625000000e+00 -4.398193359375000000e+00 -3.096923828125000000e+00 1.909912109375000000e+00
2.329516601562499900e-01 9.931030273437500000e-01 7.797021484375000755e-01 6.276855468750000555e-02 9.438037109375000400e-01 -5.269973144531250320e-01 -1.439208984375000000e+00 -7.202148437500000000e-02 6.018066406250000000e-01 1.903076171875000000e+00 9.099121093750000000e-01
2.804516601562500044e-01 6.806030273437500000e-01 6.447021484375000666e-01 3.776855468749999722e-02 1.068803710937500151e+00 -7.352473144531250782e-01 -2.689208984375000000e+00 -3.822021484375000000e+00 -6.481933593750000000e-01 -4.346923828125000000e+00 1.659912109375000000e+00
4.704516601562500067e-01 9.306030273437500000e-01 8.247021484375001155e-01 5.776855468750000111e-02 9.688037109375000622e-01 -1.568247314453125041e+00 2.310791015625000000e+00 1.177978515625000000e+00 4.351806640625000000e+00 6.530761718750000000e-01 6.599121093750000000e-01
3.754516601562499778e-01 5.556030273437500000e-01 7.347021484375000355e-01 4.776855468750000611e-02 9.188037109375000178e-01 -1.151747314453125171e+00 4.810791015625000000e+00 -1.322021484375000000e+00 -3.148193359375000000e+00 3.153076171875000000e+00 1.159912109375000000e+00
1.854516601562499756e-01 8.056030273437500000e-01 5.547021484375000977e-01 6.776855468750000999e-02 1.018803710937500107e+00 -1.984747314453124911e+00 -1.892089843750000000e-01 3.677978515625000000e+00 1.851806640625000000e+00 -1.846923828125000000e+00 1.599121093750000000e-01
2.092016601562499967e-01 7.118530273437500000e-01 8.022021484375000400e-01 5.526855468749999889e-02 9.813037109375000178e-01 -1.880622314453125110e+00 -4.564208984375000000e+00 -1.947021484375000000e+00 -2.319335937500000000e-02 3.778076171875000000e+00 3.491210937500000000e-02
3.992016601562499711e-01 9.618530273437500000e-01 6.222021484374999911e-01 3.526855468750000194e-02 8.813037109375000400e-01 -1.047622314453124925e+00 4.357910156250000000e-01 3.052978515625000000e+00 4.976806640625000000e+00 -1.221923828125000000e+00 1.034912109375000000e+00
4.942016601562500000e-01 5.868530273437500000e-01 7.122021484375000711e-01 6.526855468750000777e-02 9.313037109374999734e-01 -1.464122314453125018e+00 2.935791015625000000e+00 -4.447021484375000000e+00 -2.523193359375000000e+00 -3.721923828125000000e+00 5.349121093750000000e-01
3.042016601562499978e-01 8.368530273437500000e-01 8.922021484375000089e-01 4.526855468750000389e-02 1.031303710937500062e+00 -6.311223144531250551e-01 -2.064208984375000000e+00 5.529785156250000000e-01 2.476806640625000000e+00 1.278076171875000000e+00 1.534912109375000000e+00
2.567016601562499556e-01 5.243530273437500000e-01 5.772021484375000622e-01 5.026855468750000139e-02 9.563037109374999956e-01 -4.228723144531250089e-01 -3.314208984375000000e+00 4.302978515625000000e+00 -1.273193359375000000e+00 -4.971923828125000000e+00 7.849121093750000000e-01
4.467016601562500133e-01 7.743530273437500000e-01 7.572021484375000000e-01 3.026855468749999750e-02 1.056303710937499973e+00 -1.255872314453124972e+00 1.685791015625000000e+00 -6.970214843750000000e-01 3.726806640625000000e+00 2.807617187500000000e-02 1.784912109375000000e+00
3.517016601562499845e-01 6.493530273437500000e-01 8.472021484375000799e-01 6.026855468750000333e-02 1.006303710937499929e+00 -8.393723144531251013e-01 4.185791015625000000e+00 1.802978515625000000e+00 -3.773193359375000000e+00 2.528076171875000000e+00 2.849121093750000000e-01
1.617016601562499822e-01 8.993530273437500000e-01 6.672021484375000311e-01 4.026855468749999944e-02 9.063037109375000622e-01 -1.672372314453125064e+00 -8.142089843750000000e-01 -3.197021484375000000e+00 1.226806640625000000e+00 -2.471923828125000000e+00 1.284912109375000000e+00
1.498266601562499856e-01 6.337280273437500000e-01 6.334521484375000844e-01 4.901855468750000722e-02 9.375537109375000622e-01 -1.203809814453125071e+00 7.482910156250000000e-01 -1.009521484375000000e+00 2.893066406250000000e-01 9.655761718750000000e-01 1.722412109375000000e+00
3.398266601562499600e-01 8.837280273437500000e-01 8.134521484375000222e-01 6.901855468750001110e-02 1.037553710937499929e+00 -3.708098144531251084e-01 -4.251708984375000000e+00 3.990478515625000000e+00 -4.710693359375000000e+00 -4.034423828125000000e+00 7.224121093750000000e-01
4.348266601562499889e-01 5.087280273437500000e-01 9.034521484374999911e-01 3.901855468749999833e-02 9.875537109374999956e-01 -1.620309814453124941e+00 -1.751708984375000000e+00 -3.509521484375000000e+00 2.789306640625000000e+00 -1.534423828125000000e+00 1.222412109375000000e+00
2.448266601562499867e-01 7.587280273437500000e-01 7.234521484375000533e-01 5.901855468750000222e-02 8.875537109375000178e-01 -7.873098144531249787e-01 3.248291015625000000e+00 1.490478515625000000e+00 -2.210693359375000000e+00 3.465576171875000000e+00 2.224121093750000000e-01
2.923266601562499734e-01 5.712280273437500000e-01 7.684521484374999822e-01 4.401855468750000278e-02 1.012553710937500018e+00 -9.955598144531250249e-01 1.998291015625000000e+00 2.740478515625000000e+00 1.539306640625000000e+00 -2.844238281250000000e-01 1.472412109375000000e+00
4.823266601562499756e-01 8.212280273437500000e-01 5.884521484375000444e-01 6.401855468750000666e-02 9.125537109375000400e-01 -1.828559814453124988e+00 -3.001708984375000000e+00 -2.259521484375000000e+00 -3.460693359375000000e+00 4.715576171875000000e+00 4.724121093750000000e-01
3.873266601562500022e-01 6.962280273437500000e-01 6.784521484375000133e-01 3.401855468750000083e-02 9.625537109374999734e-01 -5.790598144531251545e-01 -5.017089843750000000e-01 2.404785156250000000e-01 4.039306640625000000e+00 2.215576171875000000e+00 1.972412109375000000e+00
1.973266601562500000e-01 9.462280273437500000e-01 8.584521484375000622e-01 5.401855468750000472e-02 1.062553710937500062e+00 -1.412059814453125117e+00 4.498291015625000000e+00 -4.759521484375000000e+00 -9.606933593750000000e-01 -2.784423828125000000e+00 9.724121093750000000e-01
1.735766601562500067e-01 5.399780273437500000e-01 7.009521484375000888e-01 6.151855468750000444e-02 1.025053710937499973e+00 -1.516184814453124918e+00 1.232910156250000000e-01 8.654785156250000000e-01 2.164306640625000000e+00 3.405761718750000000e-01 8.474121093750000000e-01
3.635766601562500089e-01 7.899780273437500000e-01 8.809521484375000266e-01 4.151855468750000056e-02 9.250537109374999956e-01 -6.831848144531249556e-01 -4.876708984375000000e+00 -4.134521484375000000e+00 -2.835693359375000000e+00 -4.659423828125000000e+00 1.847412109375000000e+00
4.585766601562499822e-01 6.649780273437500000e-01 7.909521484375000577e-01 5.151855468750000250e-02 8.750537109374999512e-01 -1.932684814453125011e+00 -2.376708984375000000e+00 3.365478515625000000e+00 4.664306640625000000e+00 -2.159423828125000000e+00 3.474121093750000000e-01
2.685766601562500355e-01 9.149780273437500000e-01 6.109521484375000089e-01 3.151855468749999861e-02 9.750537109375000400e-01 -1.099684814453125048e+00 2.623291015625000000e+00 -1.634521484375000000e+00 -3.356933593750000000e-01 2.840576171875000000e+00 1.347412109375000000e+00
2.210766601562499933e-01 7.274780273437500000e-01 8.359521484375000977e-01 6.651855468750000888e-02 9.000537109374999734e-01 -8.914348144531250018e-01 1.373291015625000000e+00 -2.884521484375000000e+00 9.143066406250000000e-01 -9.094238281250000000e-01 9.741210937500000000e-02
4.110766601562499956e-01 9.774780273437500000e-01 6.559521484375000488e-01 4.651855468750000500e-02 1.000053710937500062e+00 -1.724434814453124964e+00 -3.626708984375000000e+00 2.115478515625000000e+00 -4.085693359375000000e+00 4.090576171875000000e+00 1.097412109375000000e+00
3.160766601562500222e-01 6.024780273437500000e-01 5.659521484375000799e-01 5.651855468750000000e-02 1.050053710937500107e+00 -4.749348144531251315e-01 -1.126708984375000000e+00 -3.845214843750000000e-01 3.414306640625000000e+00 1.590576171875000000e+00 5.974121093750000000e-01
1.260766601562499922e-01 8.524780273437500000e-01 7.459521484375000178e-01 3.651855468750000305e-02 9.500537109375000178e-01 -1.307934814453124872e+00 3.873291015625000000e+00 4.615478515625000000e+00 -1.585693359375000000e+00 -3.409423828125000000e+00 1.597412109375000000e+00
1.290454101562499845e-01 5.595092773437500000e-01 5.687646484375000755e-01 4.183105468750000083e-02 9.922412109375000622e-01 -1.425075439453125092e+00 -2.767333984375000000e+00 1.256103515625000000e+00 3.961181640625000000e+00 1.356201171875000000e+00 3.630371093750000000e-01
3.190454101562499867e-01 8.095092773437500000e-01 7.487646484375000133e-01 6.183105468750000472e-02 8.922412109374999734e-01 -5.920754394531251297e-01 2.232666015625000000e+00 -3.743896484375000000e+00 -1.038818359375000000e+00 -3.643798828125000000e+00 1.363037109375000000e+00
4.140454101562500155e-01 6.845092773437500000e-01 8.387646484374999822e-01 3.183105468749999889e-02 9.422412109375000178e-01 -1.841575439453124963e+00 4.732666015625000000e+00 3.756103515625000000e+00 1.461181640625000000e+00 -1.143798828125000000e+00 8.630371093750000000e-01
2.240454101562500133e-01 9.345092773437500000e-01 6.587646484375000444e-01 5.183105468750000278e-02 1.042241210937500107e+00 -1.008575439453125000e+00 -2.673339843750000000e-01 -1.243896484375000000e+00 -3.538818359375000000e+00 3.856201171875000000e+00 1.863037109375000000e+00
2.715454101562500000e-01 7.470092773437500000e-01 7.937646484375000533e-01 4.683105468749999833e-02 9.672412109375000400e-01 -8.003254394531249538e-01 -4.017333984375000000e+00 -4.993896484375000000e+00 2.711181640625000000e+00 -2.393798828125000000e+00 6.130371093750000000e-01
4.615454101562500022e-01 9.970092773437500000e-01 6.137646484375000044e-01 6.683105468750000222e-02 1.067241210937500018e+00 -1.633325439453125139e+00 9.826660156250000000e-01 6.103515625000000000e-03 -2.288818359375000000e+00 2.606201171875000000e+00 1.613037109375000000e+00
3.665454101562499734e-01 6.220092773437500000e-01 7.037646484374999734e-01 3.683105468750000333e-02 1.017241210937499973e+00 -3.838254394531250835e-01 3.482666015625000000e+00 -2.493896484375000000e+00 2.111816406250000000e-01 1.062011718750000000e-01 1.130371093750000000e-01
1.765454101562499989e-01 8.720092773437500000e-01 8.837646484375000222e-01 5.683105468750000722e-02 9.172412109374999956e-01 -1.216825439453125046e+00 -1.517333984375000000e+00 2.506103515625000000e+00 -4.788818359375000000e+00 -4.893798828125000000e+00 1.113037109375000000e+00
2.002954101562499922e-01 6.532592773437500000e-01 6.812646484375000089e-01 6.933105468750000444e-02 8.797412109375000178e-01 -1.320950439453125069e+00 -3.392333984375000000e+00 -1.868896484375000000e+00 3.336181640625000000e+00 1.981201171875000000e+00 1.238037109375000000e+00
3.902954101562500222e-01 9.032592773437500000e-01 8.612646484375000577e-01 4.933105468750000056e-02 9.797412109374999956e-01 -4.879504394531251066e-01 1.607666015625000000e+00 3.131103515625000000e+00 -1.663818359375000000e+00 -3.018798828125000000e+00 2.380371093750000000e-01
4.852954101562499956e-01 5.282592773437500000e-01 7.712646484375000888e-01 5.933105468750000944e-02 1.029741210937499929e+00 -1.737450439453124940e+00 4.107666015625000000e+00 -4.368896484375000000e+00 8.361816406250000000e-01 -5.187988281250000000e-01 1.738037109375000000e+00
2.952954101562499933e-01 7.782592773437500000e-01 5.912646484375000400e-01 3.933105468749999861e-02 9.297412109375000622e-01 -9.044504394531249769e-01 -8.923339843750000000e-01 6.311035156250000000e-01 -4.163818359375000000e+00 4.481201171875000000e+00 7.380371093750000000e-01
2.477954101562500067e-01 5.907592773437500000e-01 9.062646484375000977e-01 6.433105468750000000e-02 1.054741210937500062e+00 -1.112700439453125023e+00 -4.642333984375000000e+00 4.381103515625000000e+00 4.586181640625000000e+00 -1.768798828125000000e+00 1.988037109375000000e+00
4.377954101562500089e-01 8.407592773437500000e-01 7.262646484375000488e-01 4.433105468750000305e-02 9.547412109374999734e-01 -1.945700439453124986e+00 3.576660156250000000e-01 -6.188964843750000000e-01 -4.138183593750000000e-01 3.231201171875000000e+00 9.880371093750000000e-01
3.427954101562500355e-01 7.157592773437500000e-01 6.362646484375000799e-01 5.433105468750000500e-02 9.047412109375000400e-01 -6.962004394531251528e-01 2.857666015625000000e+00 1.881103515625000000e+00 2.086181640625000000e+00 7.312011718750000000e-01 1.488037109375000000e+00
1.527954101562500056e-01 9.657592773437500000e-01 8.162646484375000178e-01 3.433105468750000111e-02 1.004741210937500018e+00 -1.529200439453124893e+00 -2.142333984375000000e+00 -3.118896484375000000e+00 -2.913818359375000000e+00 -4.268798828125000000e+00 4.880371093750000000e-01
1.646704101562500022e-01 7.001342773437500000e-01 8.500146484374999645e-01 3.558105468750000222e-02 1.035991210937500018e+00 -1.997762939453125108e+00 1.920166015625000000e+00 -3.063964843750000000e-01 -3.226318359375000000e+00 2.918701171875000000e+00 5.505371093750000000e-01
3.546704101562500044e-01 9.501342773437500000e-01 6.700146484375000266e-01 5.558105468750000611e-02 9.359912109375000400e-01 -1.164762939453125146e+00 -3.079833984375000000e+00 4.693603515625000000e+00 1.773681640625000000e+00 -2.081298828125000000e+00 1.550537109375000000e+00
4.496704101562499778e-01 5.751342773437500000e-01 5.800146484375000577e-01 4.558105468750000416e-02 8.859912109374999956e-01 -1.581262939453125016e+00 -5.798339843750000000e-01 -2.806396484375000000e+00 -7.263183593750000000e-01 -4.581298828125000000e+00 5.053710937500000000e-02
2.596704101562500311e-01 8.251342773437500000e-01 7.600146484374999956e-01 6.558105468750000111e-02 9.859912109374999734e-01 -7.482629394531250533e-01 4.420166015625000000e+00 2.193603515625000000e+00 4.273681640625000000e+00 4.187011718750000000e-01 1.050537109375000000e+00
3.071704101562500178e-01 5.126342773437500000e-01 7.150146484375000666e-01 3.058105468749999778e-02 9.109912109375000178e-01 -5.400129394531250071e-01 6.701660156250000000e-01 3.443603515625000000e+00 -4.476318359375000000e+00 -3.331298828125000000e+00 3.005371093750000000e-01
4.971704101562500200e-01 7.626342773437500000e-01 8.950146484375000044e-01 5.058105468750000167e-02 1.010991210937500107e+00 -1.373012939453125192e+00 -4.329833984375000000e+00 -1.556396484375000000e+00 5.236816406250000000e-01 1.668701171875000000e+00 1.300537109375000000e+00
4.021704101562499911e-01 6.376342773437500000e-01 8.050146484375000355e-01 4.058105468749999972e-02 1.060991210937500151e+00 -9.565129394531250995e-01 -1.829833984375000000e+00 9.436035156250000000e-01 -1.976318359375000000e+00 4.168701171875000000e+00 8.005371093750000000e-01
2.121704101562499889e-01 8.876342773437500000e-01 6.250146484375000977e-01 6.058105468750000361e-02 9.609912109375000622e-01 -1.789512939453125062e+00 3.170166015625000000e+00 -4.056396484375000000e+00 3.023681640625000000e+00 -8.312988281250000000e-01 1.800537109375000000e+00
1.884204101562499956e-01 6.063842773437500000e-01 7.375146484375000311e-01 5.308105468750000389e-02 9.234912109374999734e-01 -1.685387939453125039e+00 1.295166015625000000e+00 3.186035156250000000e-01 -3.851318359375000000e+00 3.543701171875000000e+00 1.925537109375000000e+00
3.784204101562499978e-01 8.563842773437500000e-01 5.575146484375000933e-01 3.308105468750000000e-02 1.023491210937500062e+00 -8.523879394531250764e-01 -3.704833984375000000e+00 -4.681396484375000000e+00 1.148681640625000000e+00 -1.456298828125000000e+00 9.255371093750000000e-01
4.734204101562500266e-01 7.313842773437500000e-01 6.475146484375000622e-01 6.308105468749999889e-02 9.734912109375000178e-01 -1.268887939453124947e+00 -1.204833984375000000e+00 2.818603515625000000e+00 -1.351318359375000000e+00 -3.956298828125000000e+00 1.425537109375000000e+00
2.834204101562499689e-01 9.813842773437500000e-01 8.275146484375000000e-01 4.308105468750000194e-02 8.734912109375000400e-01 -4.358879394531249840e-01 3.795166015625000000e+00 -2.181396484375000000e+00 3.648681640625000000e+00 1.043701171875000000e+00 4.255371093750000000e-01
2.359204101562499822e-01 6.688842773437500000e-01 6.025146484375000222e-01 5.808105468750000833e-02 9.984912109375000400e-01 -6.441379394531250302e-01 4.516601562500000000e-02 -3.431396484375000000e+00 -2.601318359375000000e+00 -2.706298828125000000e+00 1.175537109375000000e+00
4.259204101562499845e-01 9.188842773437500000e-01 7.825146484375000711e-01 3.808105468750000444e-02 8.984912109375000622e-01 -1.477137939453124993e+00 -4.954833984375000000e+00 1.568603515625000000e+00 2.398681640625000000e+00 2.293701171875000000e+00 1.755371093750000000e-01
3.309204101562500111e-01 5.438842773437500000e-01 8.725146484375000400e-01 6.808105468750000333e-02 9.484912109374999956e-01 -1.060637939453124901e+00 -2.454833984375000000e+00 -9.313964843750000000e-01 -1.013183593750000000e-01 4.793701171875000000e+00 1.675537109375000000e+00
1.409204101562500089e-01 7.938842773437500000e-01 6.925146484374999911e-01 4.808105468749999944e-02 1.048491210937499973e+00 -1.893637939453125085e+00 2.545166015625000000e+00 4.068603515625000000e+00 4.898681640625000000e+00 -2.062988281250000000e-01 6.755371093750000000e-01
1.349829101562499967e-01 6.766967773437500000e-01 7.543896484375000044e-01 6.495605468750001443e-02 9.016162109374999956e-01 -3.577941894531251332e-01 -1.110839843750000000e-01 -4.525146484375000000e+00 -5.700683593750000000e-01 1.824951171875000000e+00 2.067871093750000000e-01
3.249829101562500266e-01 9.266967773437500000e-01 5.743896484375000666e-01 4.495605468750000361e-02 1.001616210937499973e+00 -1.190794189453125096e+00 4.888916015625000000e+00 4.748535156250000000e-01 4.429931640625000000e+00 -3.175048828125000000e+00 1.206787109375000000e+00
4.199829101562500000e-01 5.516967773437500000e-01 6.643896484375000355e-01 5.495605468750000555e-02 1.051616210937500018e+00 -7.742941894531250036e-01 2.388916015625000000e+00 -2.025146484375000000e+00 -3.070068359375000000e+00 -6.750488281250000000e-01 7.067871093750000000e-01
2.299829101562499978e-01 8.016967773437500000e-01 8.443896484374999734e-01 3.495605468750000167e-02 9.516162109375000400e-01 -1.607294189453124966e+00 -2.611083984375000000e+00 2.974853515625000000e+00 1.929931640625000000e+00 4.324951171875000000e+00 1.706787109375000000e+00
2.774829101562499845e-01 6.141967773437500000e-01 6.193896484374999956e-01 6.995605468750000500e-02 1.026616210937500107e+00 -1.815544189453125012e+00 -1.361083984375000000e+00 1.724853515625000000e+00 -1.820068359375000000e+00 -1.925048828125000000e+00 9.567871093750000000e-01
4.674829101562499867e-01 8.641967773437500000e-01 7.993896484375000444e-01 4.995605468750000111e-02 9.266162109375000178e-01 -9.825441894531250497e-01 3.638916015625000000e+00 -3.275146484375000000e+00 3.179931640625000000e+00 3.074951171875000000e+00 1.956787109375000000e+00
3.724829101562500133e-01 7.391967773437500000e-01 8.893896484375000133e-01 5.995605468750000305e-02 8.766162109374999734e-01 -1.399044189453125142e+00 1.138916015625000000e+00 4.224853515625000000e+00 -4.320068359375000000e+00 5.749511718750000000e-01 4.567871093750000000e-01
1.824829101562500111e-01 9.891967773437500000e-01 7.093896484375000755e-01 3.995605468749999917e-02 9.766162109375000622e-01 -5.660441894531249574e-01 -3.861083984375000000e+00 -7.751464843750000000e-01 6.799316406250000000e-01 -4.425048828125000000e+00 1.456787109375000000e+00
2.062329101562500044e-01 5.204467773437500000e-01 8.218896484375000089e-01 4.745605468749999889e-02 1.014116210937499929e+00 -6.701691894531249805e-01 -7.360839843750000000e-01 4.849853515625000000e+00 -2.445068359375000000e+00 2.449951171875000000e+00 1.331787109375000000e+00
3.962329101562500067e-01 7.704467773437500000e-01 6.418896484375000711e-01 6.745605468750000278e-02 9.141162109375000622e-01 -1.503169189453124943e+00 4.263916015625000000e+00 -1.501464843750000000e-01 2.554931640625000000e+00 -2.550048828125000000e+00 3.317871093750000000e-01
4.912329101562499800e-01 6.454467773437500000e-01 5.518896484374999911e-01 3.745605468750000389e-02 9.641162109374999956e-01 -1.086669189453125073e+00 1.763916015625000000e+00 2.349853515625000000e+00 -4.945068359375000000e+00 -5.004882812500000000e-02 1.831787109375000000e+00
3.012329101562499778e-01 8.954467773437500000e-01 7.318896484375000400e-01 5.745605468750000777e-02 1.064116210937499973e+00 -1.919669189453125036e+00 -3.236083984375000000e+00 -2.650146484375000000e+00 5.493164062500000000e-02 4.949951171875000000e+00 8.317871093750000000e-01
2.537329101562499911e-01 7.079467773437500000e-01 6.868896484375000000e-01 4.245605468750000139e-02 9.391162109374999734e-01 -1.711419189453124989e+00 -1.986083984375000000e+00 -1.400146484375000000e+00 -1.195068359375000000e+00 -1.300048828125000000e+00 1.581787109375000000e+00
4.437329101562499933e-01 9.579467773437500000e-01 8.668896484375000488e-01 6.245605468750000527e-02 1.039116210937500062e+00 -8.784191894531250266e-01 3.013916015625000000e+00 3.599853515625000000e+00 3.804931640625000000e+00 3.699951171875000000e+00 5.817871093750000000e-01
3.487329101562499645e-01 5.829467773437500000e-01 7.768896484375000799e-01 3.245605468749999944e-02 9.891162109375000178e-01 -1.294919189453124897e+00 5.139160156250000000e-01 -3.900146484375000000e+00 -3.695068359375000000e+00 1.199951171875000000e+00 1.081787109375000000e+00
1.587329101562499900e-01 8.329467773437500000e-01 5.968896484375000311e-01 5.245605468750000333e-02 8.891162109375000400e-01 -4.619191894531251563e-01 -4.486083984375000000e+00 1.099853515625000000e+00 1.304931640625000000e+00 -3.800048828125000000e+00 8.178710937500000000e-02
1.468579101562499933e-01 5.673217773437500000e-01 6.531396484375000533e-01 5.870605468750000888e-02 9.453662109375000622e-01 -9.304816894531251492e-01 4.576416015625000000e+00 3.287353515625000000e+00 2.242431640625000000e+00 2.762451171875000000e+00 8.942871093750000000e-01
3.368579101562499956e-01 8.173217773437500000e-01 8.331396484374999911e-01 3.870605468749999806e-02 1.045366210937500151e+00 -1.763481689453124890e+00 -4.235839843750000000e-01 -1.712646484375000000e+00 -2.757568359375000000e+00 -2.237548828125000000e+00 1.894287109375000000e+00
4.318579101562500244e-01 6.923217773437500000e-01 7.431396484375000222e-01 6.870605468750000389e-02 9.953662109375001066e-01 -5.139816894531250568e-01 -2.923583984375000000e+00 7.873535156250000000e-01 4.742431640625000000e+00 -4.737548828125000000e+00 3.942871093750000000e-01
2.418579101562499944e-01 9.423217773437500000e-01 5.631396484375000844e-01 4.870605468750000000e-02 8.953662109375000178e-01 -1.346981689453125020e+00 2.076416015625000000e+00 -4.212646484375000000e+00 -2.575683593750000000e-01 2.624511718750000000e-01 1.394287109375000000e+00
2.893579101562500089e-01 6.298217773437500000e-01 8.781396484375000311e-01 5.370605468750000444e-02 9.703662109374999734e-01 -1.555231689453125066e+00 3.326416015625000000e+00 -4.626464843750000000e-01 9.924316406250000000e-01 -3.487548828125000000e+00 1.442871093750000000e-01
4.793579101562500111e-01 8.798217773437500000e-01 6.981396484374999822e-01 3.370605468750000056e-02 8.703662109374999956e-01 -7.222316894531251030e-01 -1.673583984375000000e+00 4.537353515625000000e+00 -4.007568359375000000e+00 1.512451171875000000e+00 1.144287109375000000e+00
3.843579101562499822e-01 5.048217773437500000e-01 6.081396484375000133e-01 6.370605468750001332e-02 9.203662109375000400e-01 -1.971731689453124936e+00 -4.173583984375000000e+00 -2.962646484375000000e+00 3.492431640625000000e+00 4.012451171875000000e+00 6.442871093750000000e-01
1.943579101562499800e-01 7.548217773437500000e-01 7.881396484375000622e-01 4.370605468750000250e-02 1.020366210937500018e+00 -1.138731689453125195e+00 8.264160156250000000e-01 2.037353515625000000e+00 -1.507568359375000000e+00 -9.875488281250000000e-01 1.644287109375000000e+00
1.706079101562499867e-01 7.235717773437500000e-01 5.856396484375000488e-01 3.120605468749999833e-02 1.057866210937500107e+00 -1.034606689453124950e+00 3.951416015625000000e+00 -3.587646484375000000e+00 3.674316406250000000e-01 3.387451171875000000e+00 1.519287109375000000e+00
3.606079101562499889e-01 9.735717773437500000e-01 7.656396484375000977e-01 5.120605468750000222e-02 9.578662109375000178e-01 -1.867606689453124913e+00 -1.048583984375000000e+00 1.412353515625000000e+00 -4.632568359375000000e+00 -1.612548828125000000e+00 5.192871093750000000e-01
4.556079101562500178e-01 5.985717773437500000e-01 8.556396484374999556e-01 4.120605468750000028e-02 9.078662109374999734e-01 -6.181066894531250799e-01 -3.548583984375000000e+00 -1.087646484375000000e+00 2.867431640625000000e+00 -4.112548828125000000e+00 1.019287109375000000e+00
2.656079101562499600e-01 8.485717773437500000e-01 6.756396484375000178e-01 6.120605468750000416e-02 1.007866210937500062e+00 -1.451106689453125043e+00 1.451416015625000000e+00 3.912353515625000000e+00 -2.132568359375000000e+00 8.874511718750000000e-01 1.928710937500000000e-02
2.181079101562500011e-01 5.360717773437500000e-01 8.106396484375000266e-01 3.620605468750000278e-02 8.828662109374999512e-01 -1.242856689453124996e+00 2.701416015625000000e+00 1.623535156250000000e-01 1.617431640625000000e+00 -2.862548828125000000e+00 1.269287109375000000e+00
4.081079101562499756e-01 7.860717773437500000e-01 6.306396484375000888e-01 5.620605468750000666e-02 9.828662109375000400e-01 -4.098566894531250338e-01 -2.298583984375000000e+00 -4.837646484375000000e+00 -3.382568359375000000e+00 2.137451171875000000e+00 2.692871093750000000e-01
3.131079101562500022e-01 6.610717773437500000e-01 7.206396484375000577e-01 4.620605468749999778e-02 1.032866210937499973e+00 -1.659356689453125089e+00 -4.798583984375000000e+00 2.662353515625000000e+00 4.117431640625000000e+00 4.637451171875000000e+00 1.769287109375000000e+00
1.231079101562500000e-01 9.110717773437500000e-01 9.006396484375001066e-01 6.620605468750001554e-02 9.328662109374999956e-01 -8.263566894531251261e-01 2.014160156250000000e-01 -2.337646484375000000e+00 -8.825683593750000000e-01 -3.625488281250000000e-01 7.692871093750000000e-01
1.245922851562499961e-01 5.888061523437500000e-01 8.064208984375000888e-01 4.823730468750000305e-02 1.043022460937500062e+00 -4.554113769531251688e-01 -3.431396484375000000e+00 -6.579589843750000000e-01 -1.234130859375000000e+00 -6.359863281250000000e-01 1.364746093750000000e-01
3.145922851562499845e-01 8.388061523437500000e-01 6.264208984375000400e-01 6.823730468750000000e-02 9.430224609374999734e-01 -1.288411376953125131e+00 1.568603515625000000e+00 4.342041015625000000e+00 3.765869140625000000e+00 4.364013671875000000e+00 1.136474609375000000e+00
4.095922851562500133e-01 7.138061523437500000e-01 7.164208984375000089e-01 3.823730468750000111e-02 8.930224609375000400e-01 -8.719113769531250391e-01 4.068603515625000000e+00 -3.157958984375000000e+00 -3.734130859375000000e+00 1.864013671875000000e+00 6.364746093750000000e-01
2.195922851562500111e-01 9.638061523437500000e-01 8.964208984375000577e-01 5.823730468750000500e-02 9.930224609375000178e-01 -1.704911376953125002e+00 -9.313964843750000000e-01 1.842041015625000000e+00 1.265869140625000000e+00 -3.135986328125000000e+00 1.636474609375000000e+00
2.670922851562499978e-01 6.513061523437500000e-01 5.814208984375000000e-01 4.323730468750000555e-02 9.180224609375000622e-01 -1.913161376953125048e+00 -4.681396484375000000e+00 3.092041015625000000e+00 -2.484130859375000000e+00 6.140136718750000000e-01 8.864746093750000000e-01
4.570922851562500000e-01 9.013061523437500000e-01 7.614208984375000488e-01 6.323730468749999556e-02 1.018022460937499929e+00 -1.080161376953125085e+00 3.186035156250000000e-01 -1.907958984375000000e+00 2.515869140625000000e+00 -4.385986328125000000e+00 1.886474609375000000e+00
3.620922851562500266e-01 5.263061523437500000e-01 8.514208984375000178e-01 3.323730468749999667e-02 1.068022460937499973e+00 -1.496661376953125178e+00 2.818603515625000000e+00 5.920410156250000000e-01 -4.984130859375000000e+00 -1.885986328125000000e+00 3.864746093750000000e-01
1.720922851562499967e-01 7.763061523437500000e-01 6.714208984375000799e-01 5.323730468750000056e-02 9.680224609374999956e-01 -6.636613769531249929e-01 -2.181396484375000000e+00 -4.407958984375000000e+00 1.586914062500000000e-02 3.114013671875000000e+00 1.386474609375000000e+00
1.958422851562499900e-01 7.450561523437500000e-01 8.739208984374999822e-01 6.073730468750000722e-02 9.305224609375000178e-01 -5.595363769531249698e-01 -2.806396484375000000e+00 1.217041015625000000e+00 -1.859130859375000000e+00 -1.098632812500000000e-02 1.261474609375000000e+00
3.858422851562500200e-01 9.950561523437500000e-01 6.939208984375000444e-01 4.073730468750000333e-02 1.030522460937500107e+00 -1.392536376953124932e+00 2.193603515625000000e+00 -3.782958984375000000e+00 3.140869140625000000e+00 4.989013671875000000e+00 2.614746093750000000e-01
4.808422851562499933e-01 6.200561523437500000e-01 6.039208984375000755e-01 5.073730468749999833e-02 9.805224609375000622e-01 -9.760363769531250622e-01 4.693603515625000000e+00 3.717041015625000000e+00 -4.359130859375000000e+00 2.489013671875000000e+00 1.761474609375000000e+00
2.908422851562499911e-01 8.700561523437500000e-01 7.839208984375000133e-01 3.073730468749999792e-02 8.805224609374999734e-01 -1.809036376953125025e+00 -3.063964843750000000e-01 -1.282958984375000000e+00 6.408691406250000000e-01 -2.510986328125000000e+00 7.614746093750000000e-01
2.433422851562500044e-01 5.575561523437500000e-01 6.489208984375000044e-01 6.573730468749999778e-02 1.005522460937499973e+00 -1.600786376953124979e+00 -4.056396484375000000e+00 -2.532958984375000000e+00 -6.091308593750000000e-01 1.239013671875000000e+00 1.511474609375000000e+00
4.333422851562500067e-01 8.075561523437500000e-01 8.289208984375000533e-01 4.573730468750000083e-02 9.055224609374999956e-01 -7.677863769531250160e-01 9.436035156250000000e-01 2.467041015625000000e+00 4.390869140625000000e+00 -3.760986328125000000e+00 5.114746093750000000e-01
3.383422851562499778e-01 6.825561523437500000e-01 7.389208984374999734e-01 5.573730468750000278e-02 9.555224609375000400e-01 -1.184286376953124886e+00 3.443603515625000000e+00 -3.295898437500000000e-02 -3.109130859375000000e+00 -1.260986328125000000e+00 1.011474609375000000e+00
1.483422851562500033e-01 9.325561523437500000e-01 5.589208984375000355e-01 3.573730468749999889e-02 1.055522460937500018e+00 -3.512863769531251457e-01 -1.556396484375000000e+00 4.967041015625000000e+00 1.890869140625000000e+00 3.739013671875000000e+00 1.147460937500000000e-02
1.602172851562500000e-01 6.669311523437500000e-01 7.051708984375000266e-01 3.448730468749999778e-02 9.867724609375000400e-01 -8.198488769531251386e-01 1.256103515625000000e+00 2.154541015625000000e+00 1.578369140625000000e+00 -4.698486328125000000e+00 9.489746093750000000e-01
3.502172851562500022e-01 9.169311523437500000e-01 8.851708984374999645e-01 5.448730468750000167e-02 8.867724609374999512e-01 -1.652848876953124879e+00 -3.743896484375000000e+00 -2.845458984375000000e+00 -3.421630859375000000e+00 3.015136718750000000e-01 1.948974609375000000e+00
4.452172851562499756e-01 5.419311523437500000e-01 7.951708984374999956e-01 4.448730468749999972e-02 9.367724609374999956e-01 -4.033488769531250462e-01 -1.243896484375000000e+00 4.654541015625000000e+00 4.078369140625000000e+00 2.801513671875000000e+00 4.489746093750000000e-01
2.552172851562499734e-01 7.919311523437500000e-01 6.151708984375000577e-01 6.448730468749999667e-02 1.036772460937499973e+00 -1.236348876953125009e+00 3.756103515625000000e+00 -3.454589843750000000e-01 -9.216308593750000000e-01 -2.198486328125000000e+00 1.448974609375000000e+00
3.027172851562499600e-01 6.044311523437500000e-01 8.401708984375000355e-01 3.948730468750000222e-02 9.617724609375000178e-01 -1.444598876953125055e+00 6.103515625000000000e-03 -4.095458984375000000e+00 3.283691406250000000e-01 4.051513671875000000e+00 1.989746093750000000e-01
4.927172851562500178e-01 8.544311523437500000e-01 6.601708984375000977e-01 5.948730468750000611e-02 1.061772460937500107e+00 -6.115988769531250924e-01 -4.993896484375000000e+00 9.045410156250000000e-01 -4.671630859375000000e+00 -9.484863281250000000e-01 1.198974609375000000e+00
3.977172851562499889e-01 7.294311523437500000e-01 5.701708984375000178e-01 4.948730468750000416e-02 1.011772460937500062e+00 -1.861098876953124925e+00 -2.493896484375000000e+00 -1.595458984375000000e+00 2.828369140625000000e+00 -3.448486328125000000e+00 6.989746093750000000e-01
2.077172851562499867e-01 9.794311523437500000e-01 7.501708984375000666e-01 6.948730468750000111e-02 9.117724609374999734e-01 -1.028098876953125185e+00 2.506103515625000000e+00 3.404541015625000000e+00 -2.171630859375000000e+00 1.551513671875000000e+00 1.698974609375000000e+00
1.839672851562499933e-01 5.106811523437500000e-01 6.376708984375000222e-01 5.698730468750000389e-02 8.742724609374999956e-01 -1.132223876953124986e+00 1.881103515625000000e+00 -2.220458984375000000e+00 9.533691406250000000e-01 -4.073486328125000000e+00 1.573974609375000000e+00
3.739672851562499956e-01 7.606811523437500000e-01 8.176708984375000711e-01 3.698730468750000000e-02 9.742724609374999734e-01 -1.965223876953124948e+00 -3.118896484375000000e+00 2.779541015625000000e+00 -4.046630859375000000e+00 9.265136718750000000e-01 5.739746093750000000e-01
4.689672851562500244e-01 6.356811523437500000e-01 9.076708984375000400e-01 6.698730468749999889e-02 1.024272460937500018e+00 -7.157238769531251155e-01 -6.188964843750000000e-01 -4.720458984375000000e+00 3.453369140625000000e+00 3.426513671875000000e+00 1.073974609375000000e+00
2.789672851562500222e-01 8.856811523437500000e-01 7.276708984374999911e-01 4.698730468750000194e-02 9.242724609375000400e-01 -1.548723876953125078e+00 4.381103515625000000e+00 2.795410156250000000e-01 -1.546630859375000000e+00 -1.573486328125000000e+00 7.397460937500000000e-02
2.314672851562499800e-01 6.981811523437500000e-01 7.726708984375000311e-01 5.198730468749999944e-02 1.049272460937500151e+00 -1.340473876953125032e+00 6.311035156250000000e-01 4.029541015625000000e+00 2.203369140625000000e+00 4.676513671875000000e+00 1.323974609375000000e+00
4.214672851562499822e-01 9.481811523437500000e-01 5.926708984375000933e-01 3.198730468750000250e-02 9.492724609375000622e-01 -5.074738769531250693e-01 -4.368896484375000000e+00 -9.704589843750000000e-01 -2.796630859375000000e+00 -3.234863281250000000e-01 3.239746093750000000e-01
3.264672851562500089e-01 5.731811523437500000e-01 6.826708984375000622e-01 6.198730468750000833e-02 8.992724609375000178e-01 -1.756973876953125124e+00 -1.868896484375000000e+00 1.529541015625000000e+00 4.703369140625000000e+00 -2.823486328125000000e+00 1.823974609375000000e+00
1.364672851562500067e-01 8.231811523437500000e-01 8.626708984375000000e-01 4.198730468750000444e-02 9.992724609375001066e-01 -9.239738769531249396e-01 3.131103515625000000e+00 -3.470458984375000000e+00 -2.966308593750000000e-01 2.176513671875000000e+00 8.239746093750000000e-01
1.424047851562499911e-01 7.059936523437500000e-01 6.095458984375000666e-01 6.511230468750001110e-02 9.523974609374999956e-01 -1.522692626953125128e+00 -7.751464843750000000e-01 2.623291015625000000e+00 4.547119140625000000e+00 -1.104736328125000000e+00 2.927246093750000000e-01
3.324047851562499933e-01 9.559936523437500000e-01 7.895458984375000044e-01 4.511230468750000028e-02 1.052397460937499973e+00 -6.896926269531251652e-01 4.224853515625000000e+00 -2.376708984375000000e+00 -4.528808593750000000e-01 3.895263671875000000e+00 1.292724609375000000e+00
4.274047851562500222e-01 5.809936523437500000e-01 8.795458984374999734e-01 5.511230468750000222e-02 1.002397460937499929e+00 -1.939192626953124998e+00 1.724853515625000000e+00 1.232910156250000000e-01 2.047119140625000000e+00 1.395263671875000000e+00 7.927246093750000000e-01
2.374047851562499922e-01 8.309936523437500000e-01 6.995458984375000355e-01 3.511230468749999833e-02 9.023974609375000622e-01 -1.106192626953125036e+00 -3.275146484375000000e+00 -4.876708984375000000e+00 -2.952880859375000000e+00 -3.604736328125000000e+00 1.792724609375000000e+00
2.849047851562500067e-01 5.184936523437500000e-01 7.445458984375000755e-01 6.011230468750000666e-02 9.773974609375000178e-01 -8.979426269531249893e-01 -2.025146484375000000e+00 -1.126708984375000000e+00 3.297119140625000000e+00 1.452636718750000000e-01 5.427246093750000000e-01
4.749047851562500089e-01 7.684936523437500000e-01 5.645458984375000266e-01 4.011230468750000278e-02 8.773974609375000400e-01 -1.730942626953124952e+00 2.974853515625000000e+00 3.873291015625000000e+00 -1.702880859375000000e+00 -4.854736328125000000e+00 1.542724609375000000e+00
3.799047851562499800e-01 6.434936523437500000e-01 6.545458984374999956e-01 5.011230468749999778e-02 9.273974609374999734e-01 -4.814426269531251190e-01 4.748535156250000000e-01 -3.626708984375000000e+00 7.971191406250000000e-01 -2.354736328125000000e+00 4.272460937500000000e-02
1.899047851562499778e-01 8.934936523437500000e-01 8.345458984375000444e-01 3.011230468749999736e-02 1.027397460937500062e+00 -1.314442626953125082e+00 -4.525146484375000000e+00 1.373291015625000000e+00 -4.202880859375000000e+00 2.645263671875000000e+00 1.042724609375000000e+00
2.136547851562499989e-01 6.122436523437500000e-01 7.220458984375000000e-01 4.261230468750000500e-02 1.064897460937500151e+00 -1.210317626953125059e+00 -1.501464843750000000e-01 -3.001708984375000000e+00 2.672119140625000000e+00 -4.797363281250000000e-01 1.167724609375000000e+00
4.036547851562499734e-01 8.622436523437500000e-01 9.020458984375000488e-01 6.261230468750000888e-02 9.648974609375000622e-01 -3.773176269531250959e-01 4.849853515625000000e+00 1.998291015625000000e+00 -2.327880859375000000e+00 4.520263671875000000e+00 1.677246093750000000e-01
4.986547851562500022e-01 7.372436523437500000e-01 8.120458984375000799e-01 3.261230468749999611e-02 9.148974609375000178e-01 -1.626817626953124929e+00 2.349853515625000000e+00 -5.017089843750000000e-01 1.721191406250000000e-01 2.020263671875000000e+00 1.667724609375000000e+00
3.086547851562500000e-01 9.872436523437500000e-01 6.320458984375000311e-01 5.261230468750000000e-02 1.014897460937500107e+00 -7.938176269531249662e-01 -2.650146484375000000e+00 4.498291015625000000e+00 -4.827880859375000000e+00 -2.979736328125000000e+00 6.677246093750000000e-01
2.611547851562500133e-01 6.747436523437500000e-01 8.570458984375000089e-01 4.761230468750000250e-02 8.898974609374999956e-01 -1.002067626953125012e+00 -1.400146484375000000e+00 7.482910156250000000e-01 3.922119140625000000e+00 7.702636718750000000e-01 1.917724609375000000e+00
4.511547851562500155e-01 9.247436523437500000e-01 6.770458984375000711e-01 6.761230468750001332e-02 9.898974609374999734e-01 -1.835067626953124975e+00 3.599853515625000000e+00 -4.251708984375000000e+00 -1.077880859375000000e+00 -4.229736328125000000e+00 9.177246093750000000e-01
3.561547851562499867e-01 5.497436523437500000e-01 5.870458984374999911e-01 3.761230468750000056e-02 1.039897460937500018e+00 -5.855676269531251421e-01 1.099853515625000000e+00 3.248291015625000000e+00 1.422119140625000000e+00 -1.729736328125000000e+00 1.417724609375000000e+00
1.661547851562499845e-01 7.997436523437500000e-01 7.670458984375000400e-01 5.761230468750000444e-02 9.398974609375000400e-01 -1.418567626953124883e+00 -3.900146484375000000e+00 -1.751708984375000000e+00 -3.577880859375000000e+00 3.270263671875000000e+00 4.177246093750000000e-01
1.542797851562499878e-01 5.341186523437500000e-01 8.907958984374999556e-01 5.136230468749999889e-02 8.961474609374999734e-01 -1.887130126953125098e+00 3.912353515625000000e+00 -3.939208984375000000e+00 -2.640380859375000000e+00 -4.542236328125000000e+00 6.052246093750000000e-01
3.442797851562500178e-01 7.841186523437500000e-01 7.107958984375000178e-01 3.136230468750000194e-02 9.961474609375000622e-01 -1.054130126953125135e+00 -1.087646484375000000e+00 1.060791015625000000e+00 2.359619140625000000e+00 4.577636718750000000e-01 1.605224609375000000e+00
4.392797851562499911e-01 6.591186523437500000e-01 6.207958984375000488e-01 6.136230468750000777e-02 1.046147460937500107e+00 -1.470630126953125005e+00 -3.587646484375000000e+00 -1.439208984375000000e+00 -1.403808593750000000e-01 2.957763671875000000e+00 1.052246093750000000e-01
2.492797851562499889e-01 9.091186523437500000e-01 8.007958984375000977e-01 4.136230468750000389e-02 9.461474609375000178e-01 -6.376301269531250426e-01 1.412353515625000000e+00 3.560791015625000000e+00 4.859619140625000000e+00 -2.042236328125000000e+00 1.105224609375000000e+00
2.967797851562500311e-01 7.216186523437500000e-01 6.657958984375000888e-01 5.636230468750000333e-02 1.021147460937499973e+00 -4.293801269531249964e-01 2.662353515625000000e+00 2.310791015625000000e+00 -3.890380859375000000e+00 4.207763671875000000e+00 3.552246093750000000e-01
4.867797851562499778e-01 9.716186523437500000e-01 8.457958984375000266e-01 3.636230468749999944e-02 9.211474609374999956e-01 -1.262380126953125181e+00 -2.337646484375000000e+00 -2.689208984375000000e+00 1.109619140625000000e+00 -7.922363281250000000e-01 1.355224609375000000e+00
3.917797851562500044e-01 5.966186523437500000e-01 7.557958984375000577e-01 6.636230468750001221e-02 8.711474609374999512e-01 -8.458801269531250888e-01 -4.837646484375000000e+00 4.810791015625000000e+00 -1.390380859375000000e+00 -3.292236328125000000e+00 8.552246093750000000e-01
2.017797851562500022e-01 8.466186523437500000e-01 5.757958984375000089e-01 4.636230468750000139e-02 9.711474609375000400e-01 -1.678880126953125052e+00 1.623535156250000000e-01 -1.892089843750000000e-01 3.609619140625000000e+00 1.707763671875000000e+00 1.855224609375000000e+00
1.780297851562500089e-01 6.278686523437500000e-01 7.782958984375000222e-01 3.886230468750000167e-02 1.008647460937500018e+00 -1.783005126953125075e+00 4.537353515625000000e+00 4.185791015625000000e+00 -4.515380859375000000e+00 -3.917236328125000000e+00 1.980224609375000000e+00
3.680297851562500111e-01 8.778686523437500000e-01 5.982958984375000844e-01 5.886230468750000555e-02 9.086474609375000400e-01 -9.500051269531251119e-01 -4.626464843750000000e-01 -8.142089843750000000e-01 4.846191406250000000e-01 1.082763671875000000e+00 9.802246093750000000e-01
4.630297851562499845e-01 5.028686523437500000e-01 6.882958984375000533e-01 4.886230468750000361e-02 9.586474609374999734e-01 -1.366505126953124982e+00 -2.962646484375000000e+00 1.685791015625000000e+00 -2.015380859375000000e+00 3.582763671875000000e+00 1.480224609375000000e+00
2.730297851562499822e-01 7.528686523437500000e-01 8.682958984374999911e-01 6.886230468750001443e-02 1.058647460937500062e+00 -5.335051269531250195e-01 2.037353515625000000e+00 -3.314208984375000000e+00 2.984619140625000000e+00 -1.417236328125000000e+00 4.802246093750000000e-01
2.255297851562499956e-01 5.653686523437500000e-01 5.532958984375000444e-01 3.386230468749999722e-02 9.336474609375000622e-01 -7.417551269531250657e-01 3.287353515625000000e+00 -2.064208984375000000e+00 -3.265380859375000000e+00 4.832763671875000000e+00 1.230224609375000000e+00
4.155297851562499978e-01 8.153686523437500000e-01 7.332958984374999822e-01 5.386230468750000111e-02 1.033647460937499929e+00 -1.574755126953125028e+00 -1.712646484375000000e+00 2.935791015625000000e+00 1.734619140625000000e+00 -1.672363281250000000e-01 2.302246093750000000e-01
3.205297851562499689e-01 6.903686523437500000e-01 8.232958984375000622e-01 4.386230468749999917e-02 9.836474609374999956e-01 -1.158255126953124936e+00 -4.212646484375000000e+00 -4.564208984375000000e+00 -7.653808593750000000e-01 -2.667236328125000000e+00 1.730224609375000000e+00
1.305297851562499944e-01 9.403686523437500000e-01 6.432958984375000133e-01 6.386230468750000999e-02 8.836474609375000178e-01 -1.991255126953124899e+00 7.873535156250000000e-01 4.357910156250000000e-01 4.234619140625000000e+00 2.332763671875000000e+00 7.302246093750000000e-01
1.275610351562500022e-01 6.473999023437500000e-01 8.261083984375000577e-01 5.917480468750000583e-02 1.053959960937500107e+00 -1.665864501953125076e+00 -1.947021484375000000e+00 3.638916015625000000e+00 -1.312255859375000000e+00 -3.057861328125000000e+00 1.495849609375000000e+00
3.175610351562500044e-01 8.973999023437500000e-01 6.461083984375000089e-01 3.917480468750000194e-02 9.539599609375000178e-01 -8.328645019531251137e-01 3.052978515625000000e+00 -1.361083984375000000e+00 3.687744140625000000e+00 1.942138671875000000e+00 4.958496093750000000e-01
4.125610351562499778e-01 5.223999023437500000e-01 5.561083984375000400e-01 6.917480468750000777e-02 9.039599609374999734e-01 -1.249364501953124984e+00 5.529785156250000000e-01 1.138916015625000000e+00 -3.812255859375000000e+00 4.442138671875000000e+00 1.995849609375000000e+00
2.225610351562500033e-01 7.723999023437500000e-01 7.361083984375000888e-01 4.917480468750000389e-02 1.003959960937500062e+00 -4.163645019531250213e-01 -4.447021484375000000e+00 -3.861083984375000000e+00 1.187744140625000000e+00 -5.578613281250000000e-01 9.958496093750000000e-01
2.700610351562500178e-01 5.848999023437500000e-01 6.911083984375000488e-01 5.417480468750000833e-02 8.789599609374999512e-01 -6.246145019531250675e-01 -6.970214843750000000e-01 -1.110839843750000000e-01 -6.225585937500000000e-02 3.192138671875000000e+00 1.745849609375000000e+00
4.600610351562500200e-01 8.348999023437500000e-01 8.711083984375000977e-01 3.417480468749999750e-02 9.789599609375000400e-01 -1.457614501953125030e+00 4.302978515625000000e+00 4.888916015625000000e+00 4.937744140625000000e+00 -1.807861328125000000e+00 7.458496093750000000e-01
3.650610351562499911e-01 7.098999023437500000e-01 7.811083984375000178e-01 6.417480468750000333e-02 1.028959960937499973e+00 -1.041114501953125160e+00 1.802978515625000000e+00 -2.611083984375000000e+00 -2.562255859375000000e+00 -4.307861328125000000e+00 1.245849609375000000e+00
1.750610351562499889e-01 9.598999023437500000e-01 6.011083984375000799e-01 4.417480468749999944e-02 9.289599609374999956e-01 -1.874114501953124901e+00 -3.197021484375000000e+00 2.388916015625000000e+00 2.437744140625000000e+00 6.921386718750000000e-01 2.458496093750000000e-01
1.988110351562499822e-01 5.536499023437500000e-01 7.586083984375000533e-01 3.167480468750000222e-02 9.664599609374999734e-01 -1.978239501953124924e+00 -1.322021484375000000e+00 -3.236083984375000000e+00 -6.872558593750000000e-01 -3.682861328125000000e+00 1.208496093750000000e-01
3.888110351562499845e-01 8.036499023437500000e-01 5.786083984375000044e-01 5.167480468750000611e-02 1.066459960937500062e+00 -1.145239501953124961e+00 3.677978515625000000e+00 1.763916015625000000e+00 4.312744140625000000e+00 1.317138671875000000e+00 1.120849609375000000e+00
4.838110351562500133e-01 6.786499023437500000e-01 6.686083984375000844e-01 4.167480468749999722e-02 1.016459960937500018e+00 -1.561739501953125053e+00 1.177978515625000000e+00 -7.360839843750000000e-01 -3.187255859375000000e+00 3.817138671875000000e+00 6.208496093750000000e-01
2.938110351562500111e-01 9.286499023437500000e-01 8.486083984375000222e-01 6.167480468750000805e-02 9.164599609375000400e-01 -7.287395019531250906e-01 -3.822021484375000000e+00 4.263916015625000000e+00 1.812744140625000000e+00 -1.182861328125000000e+00 1.620849609375000000e+00
2.463110351562499967e-01 7.411499023437500000e-01 6.236083984375000444e-01 3.667480468749999972e-02 9.914599609374999956e-01 -5.204895019531250444e-01 -7.202148437500000000e-02 5.139160156250000000e-01 -1.937255859375000000e+00 2.567138671875000000e+00 8.708496093750000000e-01
4.363110351562500266e-01 9.911499023437500000e-01 8.036083984374999822e-01 5.667480468750000361e-02 8.914599609375000178e-01 -1.353489501953125007e+00 4.927978515625000000e+00 -4.486083984375000000e+00 3.062744140625000000e+00 -2.432861328125000000e+00 1.870849609375000000e+00
3.413110351562499978e-01 6.161499023437500000e-01 8.936083984375000622e-01 4.667480468750000167e-02 9.414599609375000622e-01 -9.369895019531251368e-01 2.427978515625000000e+00 3.013916015625000000e+00 -4.437255859375000000e+00 -4.932861328125000000e+00 3.708496093750000000e-01
1.513110351562499956e-01 8.661499023437500000e-01 7.136083984375000133e-01 6.667480468750000555e-02 1.041459960937499929e+00 -1.769989501953125099e+00 -2.572021484375000000e+00 -1.986083984375000000e+00 5.627441406250000000e-01 6.713867187500000000e-02 1.370849609375000000e+00
1.631860351562499922e-01 6.005249023437500000e-01 5.898583984375000977e-01 6.292480468750000222e-02 9.977099609374999734e-01 -1.301427001953125107e+00 2.740478515625000000e+00 -4.798583984375000000e+00 8.752441406250000000e-01 -1.495361328125000000e+00 1.683349609375000000e+00
3.531860351562500222e-01 8.505249023437500000e-01 7.698583984375000355e-01 4.292480468749999833e-02 8.977099609374999956e-01 -4.684270019531251439e-01 -2.259521484375000000e+00 2.014160156250000000e-01 -4.124755859375000000e+00 3.504638671875000000e+00 6.833496093750000000e-01
4.481860351562499956e-01 7.255249023437500000e-01 8.598583984375001155e-01 5.292480468750000722e-02 9.477099609375000400e-01 -1.717927001953124977e+00 -4.759521484375000000e+00 -2.298583984375000000e+00 3.375244140625000000e+00 1.004638671875000000e+00 1.183349609375000000e+00
2.581860351562499933e-01 9.755249023437500000e-01 6.798583984375000666e-01 3.292480468749999639e-02 1.047709960937500018e+00 -8.849270019531250142e-01 2.404785156250000000e-01 2.701416015625000000e+00 -1.624755859375000000e+00 -3.995361328125000000e+00 1.833496093750000000e-01
3.056860351562500355e-01 6.630249023437500000e-01 8.148583984374999645e-01 6.792480468750000666e-02 9.227099609375000178e-01 -1.093177001953125060e+00 3.990478515625000000e+00 1.451416015625000000e+00 2.125244140625000000e+00 2.254638671875000000e+00 1.433349609375000000e+00
4.956860351562499822e-01 9.130249023437500000e-01 6.348583984375000266e-01 4.792480468750000278e-02 1.022709960937500107e+00 -1.926177001953125023e+00 -1.009521484375000000e+00 -3.548583984375000000e+00 -2.874755859375000000e+00 -2.745361328125000000e+00 4.333496093750000000e-01
4.006860351562500089e-01 5.380249023437500000e-01 7.248583984375001066e-01 5.792480468750000472e-02 9.727099609375000622e-01 -6.766770019531249680e-01 -3.509521484375000000e+00 3.951416015625000000e+00 4.625244140625000000e+00 -2.453613281250000000e-01 1.933349609375000000e+00
2.106860351562500067e-01 7.880249023437500000e-01 9.048583984375000444e-01 3.792480468750000083e-02 8.727099609374999734e-01 -1.509677001953125153e+00 1.490478515625000000e+00 -1.048583984375000000e+00 -3.747558593750000000e-01 4.754638671875000000e+00 9.333496093750000000e-01
1.869360351562500133e-01 6.942749023437500000e-01 6.573583984374999911e-01 4.542480468750000056e-02 9.102099609375000622e-01 -1.405552001953124908e+00 3.365478515625000000e+00 4.576416015625000000e+00 1.500244140625000000e+00 -2.120361328125000000e+00 8.083496093750000000e-01
3.769360351562500155e-01 9.442749023437500000e-01 8.373583984375000400e-01 6.542480468750000444e-02 1.010209960937499929e+00 -5.725520019531251670e-01 -1.634521484375000000e+00 -4.235839843750000000e-01 -3.499755859375000000e+00 2.879638671875000000e+00 1.808349609375000000e+00
4.719360351562499889e-01 5.692749023437500000e-01 7.473583984375000711e-01 3.542480468749999861e-02 1.060209960937499973e+00 -1.822052001953125000e+00 -4.134521484375000000e+00 2.076416015625000000e+00 4.000244140625000000e+00 3.796386718750000000e-01 3.083496093750000000e-01
2.819360351562499867e-01 8.192749023437500000e-01 5.673583984375000222e-01 5.542480468750000250e-02 9.602099609374999956e-01 -9.890520019531250373e-01 8.654785156250000000e-01 -2.923583984375000000e+00 -9.997558593750000000e-01 -4.620361328125000000e+00 1.308349609375000000e+00
2.344360351562500000e-01 5.067749023437500000e-01 8.823583984375000799e-01 4.042480468750000305e-02 1.035209960937500062e+00 -7.808020019531249911e-01 4.615478515625000000e+00 -1.673583984375000000e+00 2.502441406250000000e-01 1.629638671875000000e+00 5.834960937500000000e-02
4.244360351562500022e-01 7.567749023437500000e-01 7.023583984375000311e-01 6.042480468750000000e-02 9.352099609374999734e-01 -1.613802001953124954e+00 -3.845214843750000000e-01 3.326416015625000000e+00 -4.749755859375000000e+00 -3.370361328125000000e+00 1.058349609375000000e+00
3.294360351562499734e-01 6.317749023437500000e-01 6.123583984375000622e-01 3.042480468749999764e-02 8.852099609375000400e-01 -3.643020019531251208e-01 -2.884521484375000000e+00 -4.173583984375000000e+00 2.750244140625000000e+00 -8.703613281250000000e-01 5.583496093750000000e-01
1.394360351562499989e-01 8.817749023437500000e-01 7.923583984375000000e-01 5.042480468750000500e-02 9.852099609375000178e-01 -1.197302001953125083e+00 2.115478515625000000e+00 8.264160156250000000e-01 -2.249755859375000000e+00 4.129638671875000000e+00 1.558349609375000000e+00
1.334985351562499867e-01 5.302124023437500000e-01 6.742333984375000755e-01 3.729980468750000028e-02 9.445849609374999956e-01 -1.015083251953125210e+00 -4.603271484375000000e+00 -5.798339843750000000e-01 2.906494140625000000e+00 -2.589111328125000000e+00 1.089599609375000000e+00
3.234985351562499889e-01 7.802124023437500000e-01 8.542333984375000133e-01 5.729980468750000416e-02 1.044584960937499973e+00 -1.848083251953124950e+00 3.967285156250000000e-01 4.420166015625000000e+00 -2.093505859375000000e+00 2.410888671875000000e+00 8.959960937500000000e-02
4.184985351562500178e-01 6.552124023437500000e-01 7.642333984375000444e-01 4.729980468750000222e-02 9.945849609375000400e-01 -5.985832519531251172e-01 2.896728515625000000e+00 -3.079833984375000000e+00 4.064941406250000000e-01 4.910888671875000000e+00 1.589599609375000000e+00
2.284985351562500155e-01 9.052124023437500000e-01 5.842333984374999956e-01 6.729980468750000611e-02 8.945849609374999512e-01 -1.431583251953125080e+00 -2.103271484375000000e+00 1.920166015625000000e+00 -4.593505859375000000e+00 -8.911132812500000000e-02 5.895996093750000000e-01
2.759985351562500022e-01 7.177124023437500000e-01 8.992333984375000533e-01 3.229980468750000278e-02 1.019584960937500062e+00 -1.223333251953125034e+00 -3.353271484375000000e+00 3.170166015625000000e+00 4.156494140625000000e+00 3.660888671875000000e+00 1.839599609375000000e+00
4.659985351562500044e-01 9.677124023437500000e-01 7.192333984375000044e-01 5.229980468750000666e-02 9.195849609374999734e-01 -3.903332519531250711e-01 1.646728515625000000e+00 -1.829833984375000000e+00 -8.435058593750000000e-01 -1.339111328125000000e+00 8.395996093750000000e-01
3.709985351562499756e-01 5.927124023437500000e-01 6.292333984375000355e-01 4.229980468749999778e-02 9.695849609375000178e-01 -1.639833251953124904e+00 4.146728515625000000e+00 6.701660156250000000e-01 1.656494140625000000e+00 -3.839111328125000000e+00 1.339599609375000000e+00
1.809985351562500011e-01 8.427124023437500000e-01 8.092333984374999734e-01 6.229980468750000860e-02 1.069584960937500107e+00 -8.068332519531251634e-01 -8.532714843750000000e-01 -4.329833984375000000e+00 -3.343505859375000000e+00 1.160888671875000000e+00 3.395996093750000000e-01
2.047485351562499944e-01 6.864624023437500000e-01 5.617333984375000311e-01 5.479980468750000888e-02 1.032084960937500018e+00 -9.109582519531249645e-01 -3.978271484375000000e+00 4.516601562500000000e-02 4.781494140625000000e+00 -3.214111328125000000e+00 4.645996093750000000e-01
3.947485351562500244e-01 9.364624023437500000e-01 7.417333984375000799e-01 3.479980468749999806e-02 9.320849609375000400e-01 -1.743958251953125149e+00 1.021728515625000000e+00 -4.954833984375000000e+00 -2.185058593750000000e-01 1.785888671875000000e+00 1.464599609375000000e+00
4.897485351562499978e-01 5.614624023437500000e-01 8.317333984375000488e-01 6.479980468750000389e-02 8.820849609374999956e-01 -4.944582519531250941e-01 3.521728515625000000e+00 2.545166015625000000e+00 2.281494140625000000e+00 4.285888671875000000e+00 9.645996093750000000e-01
2.997485351562499956e-01 8.114624023437500000e-01 6.517333984375000000e-01 4.479980468750000000e-02 9.820849609374999734e-01 -1.327458251953125057e+00 -1.478271484375000000e+00 -2.454833984375000000e+00 -2.718505859375000000e+00 -7.141113281250000000e-01 1.964599609375000000e+00
2.522485351562500089e-01 6.239624023437500000e-01 7.867333984375000089e-01 5.979980468750000638e-02 9.070849609375000178e-01 -1.535708251953125103e+00 -2.728271484375000000e+00 -3.704833984375000000e+00 3.531494140625000000e+00 3.035888671875000000e+00 7.145996093750000000e-01
4.422485351562500111e-01 8.739624023437500000e-01 6.067333984375000711e-01 3.979980468750000250e-02 1.007084960937500107e+00 -7.027082519531251403e-01 2.271728515625000000e+00 1.295166015625000000e+00 -1.468505859375000000e+00 -1.964111328125000000e+00 1.714599609375000000e+00
3.472485351562499822e-01 7.489624023437500000e-01 6.967333984375000400e-01 6.979980468750000833e-02 1.057084960937500151e+00 -1.952208251953124973e+00 4.771728515625000000e+00 -1.204833984375000000e+00 1.031494140625000000e+00 -4.464111328125000000e+00 2.145996093750000000e-01
1.572485351562499800e-01 9.989624023437500000e-01 8.767333984375000888e-01 4.979980468750000444e-02 9.570849609375000622e-01 -1.119208251953125011e+00 -2.282714843750000000e-01 3.795166015625000000e+00 -3.968505859375000000e+00 5.358886718750000000e-01 1.214599609375000000e+00
1.453735351562500111e-01 7.333374023437500000e-01 7.304833984375000977e-01 4.104980468750000361e-02 8.883349609374999734e-01 -6.506457519531250178e-01 8.422851562500000000e-02 1.607666015625000000e+00 -4.906005859375000000e+00 -1.651611328125000000e+00 1.777099609375000000e+00
3.353735351562500133e-01 9.833374023437500000e-01 5.504833984375000488e-01 6.104980468750000056e-02 9.883349609375000622e-01 -1.483645751953124980e+00 -4.915771484375000000e+00 -3.392333984375000000e+00 9.399414062500000000e-02 3.348388671875000000e+00 7.770996093750000000e-01
4.303735351562499867e-01 6.083374023437500000e-01 6.404833984375000178e-01 3.104980468749999820e-02 1.038334960937500107e+00 -1.067145751953125110e+00 -2.415771484375000000e+00 4.107666015625000000e+00 -2.406005859375000000e+00 8.483886718750000000e-01 1.277099609375000000e+00
2.403735351562499845e-01 8.583374023437500000e-01 8.204833984374999556e-01 5.104980468750000555e-02 9.383349609375000178e-01 -1.900145751953125073e+00 2.584228515625000000e+00 -8.923339843750000000e-01 2.593994140625000000e+00 -4.151611328125000000e+00 2.770996093750000000e-01
2.878735351562500266e-01 5.458374023437500000e-01 5.954833984375000888e-01 4.604980468750000111e-02 1.063334960937500018e+00 -1.691895751953125027e+00 1.334228515625000000e+00 -4.642333984375000000e+00 -3.656005859375000000e+00 2.098388671875000000e+00 1.027099609375000000e+00
4.778735351562499734e-01 7.958374023437500000e-01 7.754833984375000266e-01 6.604980468750000500e-02 9.633349609375000400e-01 -8.588957519531250639e-01 -3.665771484375000000e+00 3.576660156250000000e-01 1.343994140625000000e+00 -2.901611328125000000e+00 2.709960937500000000e-02
3.828735351562500000e-01 6.708374023437500000e-01 8.654833984375001066e-01 3.604980468749999917e-02 9.133349609374999956e-01 -1.275395751953125156e+00 -1.165771484375000000e+00 -2.142333984375000000e+00 -1.156005859375000000e+00 -4.016113281250000000e-01 1.527099609375000000e+00
1.928735351562499978e-01 9.208374023437500000e-01 6.854833984375000577e-01 5.604980468750000305e-02 1.013334960937499973e+00 -4.423957519531249716e-01 3.834228515625000000e+00 2.857666015625000000e+00 3.843994140625000000e+00 4.598388671875000000e+00 5.270996093750000000e-01
1.691235351562500044e-01 5.770874023437500000e-01 8.429833984375000311e-01 6.854980468750000722e-02 9.758349609374999956e-01 -3.382707519531251705e-01 7.092285156250000000e-01 -1.517333984375000000e+00 -3.031005859375000000e+00 -2.276611328125000000e+00 6.520996093750000000e-01
3.591235351562500067e-01 8.270874023437500000e-01 6.629833984374999822e-01 4.854980468750000333e-02 8.758349609375000178e-01 -1.171270751953124911e+00 -4.290771484375000000e+00 3.482666015625000000e+00 1.968994140625000000e+00 2.723388671875000000e+00 1.652099609375000000e+00
4.541235351562499800e-01 7.020874023437500000e-01 5.729833984375000133e-01 5.854980468750000527e-02 9.258349609375000622e-01 -7.547707519531250409e-01 -1.790771484375000000e+00 -4.017333984375000000e+00 -5.310058593750000000e-01 2.233886718750000000e-01 1.520996093750000000e-01
2.641235351562499778e-01 9.520874023437500000e-01 7.529833984375000622e-01 3.854980468750000139e-02 1.025834960937499929e+00 -1.587770751953125004e+00 3.209228515625000000e+00 9.826660156250000000e-01 4.468994140625000000e+00 -4.776611328125000000e+00 1.152099609375000000e+00
2.166235351562499911e-01 6.395874023437500000e-01 7.079833984375000222e-01 6.354980468750000278e-02 9.508349609374999734e-01 -1.796020751953125050e+00 1.959228515625000000e+00 4.732666015625000000e+00 -4.281005859375000000e+00 1.473388671875000000e+00 4.020996093750000000e-01
4.066235351562499933e-01 8.895874023437500000e-01 8.879833984375000711e-01 4.354980468749999889e-02 1.050834960937500062e+00 -9.630207519531250870e-01 -3.040771484375000000e+00 -2.673339843750000000e-01 7.189941406250000000e-01 -3.526611328125000000e+00 1.402099609375000000e+00
3.116235351562499645e-01 5.145874023437500000e-01 7.979833984374999911e-01 5.354980468750000777e-02 1.000834960937500018e+00 -1.379520751953124957e+00 -5.407714843750000000e-01 2.232666015625000000e+00 -1.781005859375000000e+00 -1.026611328125000000e+00 9.020996093750000000e-01
1.216235351562499900e-01 7.645874023437500000e-01 6.179833984375000533e-01 3.354980468749999695e-02 9.008349609375000400e-01 -5.465207519531249947e-01 4.459228515625000000e+00 -2.767333984375000000e+00 3.218994140625000000e+00 3.973388671875000000e+00 1.902099609375000000e+00
1.223657226562499950e-01 5.155639648437500000e-01 8.549365234375000400e-01 6.206542968750000666e-02 9.699755859374999956e-01 -1.168016845703125028e+00 1.588134765625000000e+00 -2.122802734375000000e+00 1.558837890625000000e+00 3.367919921875000000e+00 4.919433593750000000e-01
3.123657226562500111e-01 7.655639648437500000e-01 6.749365234374999911e-01 4.206542968750000278e-02 1.069975585937499973e+00 -3.350168457031250657e-01 -3.411865234375000000e+00 2.877197265625000000e+00 -3.441162109375000000e+00 -1.632080078125000000e+00 1.491943359375000000e+00
4.073657226562499845e-01 6.405639648437500000e-01 5.849365234375000222e-01 5.206542968750000472e-02 1.019975585937499929e+00 -1.584516845703125121e+00 -9.118652343750000000e-01 -4.622802734375000000e+00 4.058837890625000000e+00 -4.132080078125000000e+00 9.919433593750000000e-01
2.173657226562499822e-01 8.905639648437500000e-01 7.649365234375000711e-01 3.206542968750000083e-02 9.199755859375000622e-01 -7.515168457031251581e-01 4.088134765625000000e+00 3.771972656250000000e-01 -9.411621093750000000e-01 8.679199218750000000e-01 1.991943359375000000e+00
2.648657226562499689e-01 7.030639648437500000e-01 7.199365234375000311e-01 6.706542968750001110e-02 9.949755859375000178e-01 -9.597668457031249822e-01 3.381347656250000000e-01 4.127197265625000000e+00 3.088378906250000000e-01 -2.882080078125000000e+00 7.419433593750000000e-01
4.548657226562500266e-01 9.530639648437500000e-01 8.999365234375000799e-01 4.706542968750000722e-02 8.949755859375000400e-01 -1.792766845703124945e+00 -4.661865234375000000e+00 -8.728027343750000000e-01 -4.691162109375000000e+00 2.117919921875000000e+00 1.741943359375000000e+00
3.598657226562499978e-01 5.780639648437500000e-01 8.099365234375000000e-01 5.706542968750000222e-02 9.449755859374999734e-01 -5.432668457031251119e-01 -2.161865234375000000e+00 1.627197265625000000e+00 2.808837890625000000e+00 4.617919921875000000e+00 2.419433593750000000e-01
1.698657226562499956e-01 8.280639648437500000e-01 6.299365234375000622e-01 3.706542968749999833e-02 1.044975585937500062e+00 -1.376266845703125075e+00 2.838134765625000000e+00 -3.372802734375000000e+00 -2.191162109375000000e+00 -3.820800781250000000e-01 1.241943359375000000e+00
1.936157226562499889e-01 6.718139648437500000e-01 7.424365234375001066e-01 4.956542968750000250e-02 1.057475585937500018e+00 -1.480391845703124876e+00 2.213134765625000000e+00 2.252197265625000000e+00 9.338378906250000000e-01 2.742919921875000000e+00 1.116943359375000000e+00
3.836157226562499911e-01 9.218139648437500000e-01 5.624365234375000577e-01 6.956542968750001332e-02 9.574755859375000400e-01 -6.473918457031251350e-01 -2.786865234375000000e+00 -2.747802734375000000e+00 -4.066162109375000000e+00 -2.257080078125000000e+00 1.169433593750000000e-01
4.786157226562500200e-01 5.468139648437500000e-01 6.524365234375000266e-01 3.956542968750000056e-02 9.074755859374999956e-01 -1.896891845703124968e+00 -2.868652343750000000e-01 4.752197265625000000e+00 3.433837890625000000e+00 -4.757080078125000000e+00 1.616943359375000000e+00
2.886157226562500178e-01 7.968139648437500000e-01 8.324365234374999645e-01 5.956542968750000444e-02 1.007475585937499973e+00 -1.063891845703125005e+00 4.713134765625000000e+00 -2.478027343750000000e-01 -1.566162109375000000e+00 2.429199218750000000e-01 6.169433593750000000e-01
2.411157226562500033e-01 6.093139648437500000e-01 6.074365234375000977e-01 4.456542968750000500e-02 8.824755859374999734e-01 -8.556418457031249591e-01 9.631347656250000000e-01 -3.997802734375000000e+00 2.183837890625000000e+00 -3.507080078125000000e+00 1.866943359375000000e+00
4.311157226562499778e-01 8.593139648437500000e-01 7.874365234375000355e-01 6.456542968750000888e-02 9.824755859375000622e-01 -1.688641845703124922e+00 -4.036865234375000000e+00 1.002197265625000000e+00 -2.816162109375000000e+00 1.492919921875000000e+00 8.669433593750000000e-01
3.361157226562500044e-01 7.343139648437500000e-01 8.774365234375001155e-01 3.456542968749999611e-02 1.032475585937500107e+00 -4.391418457031250888e-01 -1.536865234375000000e+00 -1.497802734375000000e+00 4.683837890625000000e+00 3.992919921875000000e+00 1.366943359375000000e+00
1.461157226562500022e-01 9.843139648437500000e-01 6.974365234375000666e-01 5.456542968750000000e-02 9.324755859375000178e-01 -1.272141845703125052e+00 3.463134765625000000e+00 3.502197265625000000e+00 -3.161621093750000000e-01 -1.007080078125000000e+00 3.669433593750000000e-01
1.579907226562499989e-01 7.499389648437500000e-01 5.511865234375000755e-01 5.581542968750000111e-02 9.137255859374999734e-01 -1.740704345703125044e+00 -3.724365234375000000e+00 6.896972656250000000e-01 -6.286621093750000000e-01 2.430419921875000000e+00 6.794433593750000000e-01
3.479907226562499734e-01 9.999389648437500000e-01 7.311865234375000133e-01 3.581542968749999722e-02 1.013725585937500062e+00 -9.077043457031250817e-01 1.275634765625000000e+00 -4.310302734375000000e+00 4.371337890625000000e+00 -2.569580078125000000e+00 1.679443359375000000e+00
4.429907226562500022e-01 6.249389648437500000e-01 8.211865234374999822e-01 6.581542968750000999e-02 1.063725585937500107e+00 -1.324204345703125174e+00 3.775634765625000000e+00 3.189697265625000000e+00 -3.128662109375000000e+00 -6.958007812500000000e-02 1.794433593750000000e-01
2.529907226562500000e-01 8.749389648437500000e-01 6.411865234375000444e-01 4.581542968750000611e-02 9.637255859375000178e-01 -4.912043457031249893e-01 -1.224365234375000000e+00 -1.810302734375000000e+00 1.871337890625000000e+00 4.930419921875000000e+00 1.179443359375000000e+00
3.004907226562499867e-01 5.624389648437500000e-01 7.761865234375000533e-01 5.081542968750000361e-02 1.038725585937499973e+00 -6.994543457031250355e-01 -4.974365234375000000e+00 -3.060302734375000000e+00 -1.878662109375000000e+00 -1.319580078125000000e+00 4.294433593750000000e-01
4.904907226562499889e-01 8.124389648437500000e-01 5.961865234375000044e-01 3.081542968749999972e-02 9.387255859374999956e-01 -1.532454345703124998e+00 2.563476562500000000e-02 1.939697265625000000e+00 3.121337890625000000e+00 3.680419921875000000e+00 1.429443359375000000e+00
3.954907226562500155e-01 6.874389648437500000e-01 6.861865234374999734e-01 6.081542968750000555e-02 8.887255859374999512e-01 -1.115954345703125128e+00 2.525634765625000000e+00 -5.603027343750000000e-01 -4.378662109375000000e+00 1.180419921875000000e+00 9.294433593750000000e-01
2.054907226562500133e-01 9.374389648437500000e-01 8.661865234375000222e-01 4.081542968750000167e-02 9.887255859375000400e-01 -1.948954345703125091e+00 -2.474365234375000000e+00 4.439697265625000000e+00 6.213378906250000000e-01 -3.819580078125000000e+00 1.929443359375000000e+00
1.817407226562499922e-01 5.936889648437500000e-01 6.636865234375000089e-01 3.331542968750000194e-02 1.001225585937500107e+00 -1.844829345703125068e+00 -3.099365234375000000e+00 -1.185302734375000000e+00 -1.253662109375000000e+00 1.805419921875000000e+00 1.804443359375000000e+00
3.717407226562500222e-01 8.436889648437500000e-01 8.436865234375000577e-01 5.331542968749999889e-02 9.012255859375000178e-01 -1.011829345703124883e+00 1.900634765625000000e+00 3.814697265625000000e+00 3.746337890625000000e+00 -3.194580078125000000e+00 8.044433593750000000e-01
4.667407226562499956e-01 7.186889648437500000e-01 7.536865234375000888e-01 4.331542968750000389e-02 9.512255859375000622e-01 -1.428329345703124975e+00 4.400634765625000000e+00 -3.685302734375000000e+00 -3.753662109375000000e+00 -6.945800781250000000e-01 1.304443359375000000e+00
2.767407226562499933e-01 9.686889648437500000e-01 5.736865234375000400e-01 6.331542968750000777e-02 1.051225585937500151e+00 -5.953293457031250124e-01 -5.993652343750000000e-01 1.314697265625000000e+00 1.246337890625000000e+00 4.305419921875000000e+00 3.044433593750000000e-01
2.292407226562500067e-01 6.561889648437500000e-01 8.886865234375000977e-01 3.831542968749999944e-02 9.262255859375000400e-01 -3.870793457031249662e-01 -4.349365234375000000e+00 2.564697265625000000e+00 -3.662109375000000000e-03 -1.944580078125000000e+00 1.054443359375000000e+00
4.192407226562500089e-01 9.061889648437500000e-01 7.086865234375000488e-01 5.831542968750000333e-02 1.026225585937500018e+00 -1.220079345703124929e+00 6.506347656250000000e-01 -2.435302734375000000e+00 4.996337890625000000e+00 3.055419921875000000e+00 5.444335937500000000e-02
3.242407226562500355e-01 5.311889648437500000e-01 6.186865234375000799e-01 4.831542968750000139e-02 9.762255859374999734e-01 -8.035793457031250586e-01 3.150634765625000000e+00 6.469726562500000000e-02 -2.503662109375000000e+00 5.554199218750000000e-01 1.554443359375000000e+00
1.342407226562500056e-01 7.811889648437500000e-01 7.986865234375000178e-01 6.831542968750001221e-02 8.762255859374999956e-01 -1.636579345703125021e+00 -1.849365234375000000e+00 -4.935302734375000000e+00 2.496337890625000000e+00 -4.444580078125000000e+00 5.544433593750000000e-01
1.401782226562499900e-01 6.327514648437500000e-01 6.468115234375000355e-01 4.394042968750000444e-02 1.029350585937500062e+00 -5.692980957031250622e-01 4.244384765625000000e+00 3.970947265625000000e+00 -2.972412109375000000e+00 3.524169921875000000e+00 8.569335937500000000e-02
3.301782226562499645e-01 8.827514648437500000e-01 8.268115234374999734e-01 6.394042968750000833e-02 9.293505859374999734e-01 -1.402298095703125025e+00 -7.556152343750000000e-01 -1.029052734375000000e+00 2.027587890625000000e+00 -1.475830078125000000e+00 1.085693359375000000e+00
4.251782226562499933e-01 5.077514648437500000e-01 7.368115234375000044e-01 3.394042968750000250e-02 8.793505859375000400e-01 -9.857980957031251545e-01 -3.255615234375000000e+00 1.470947265625000000e+00 -4.724121093750000000e-01 -3.975830078125000000e+00 5.856933593750000000e-01
2.351782226562499911e-01 7.577514648437500000e-01 5.568115234375000666e-01 5.394042968749999944e-02 9.793505859375000178e-01 -1.818798095703125117e+00 1.744384765625000000e+00 -3.529052734375000000e+00 4.527587890625000000e+00 1.024169921875000000e+00 1.585693359375000000e+00
2.826782226562499778e-01 5.702514648437500000e-01 8.718115234375000133e-01 4.894042968750000194e-02 9.043505859375000622e-01 -1.610548095703125071e+00 2.994384765625000000e+00 -2.279052734375000000e+00 -4.222412109375000000e+00 -2.725830078125000000e+00 8.356933593750000000e-01
4.726782226562499800e-01 8.202514648437500000e-01 6.918115234375000755e-01 6.894042968749999889e-02 1.004350585937499929e+00 -7.775480957031251084e-01 -2.005615234375000000e+00 2.720947265625000000e+00 7.775878906250000000e-01 2.274169921875000000e+00 1.835693359375000000e+00
3.776782226562500067e-01 6.952514648437500000e-01 6.018115234374999956e-01 3.894042968750000000e-02 1.054350585937499973e+00 -1.194048095703124979e+00 -4.505615234375000000e+00 -4.779052734375000000e+00 -1.722412109375000000e+00 4.774169921875000000e+00 3.356933593750000000e-01
1.876782226562500044e-01 9.452514648437500000e-01 7.818115234375000444e-01 5.894042968750000389e-02 9.543505859374999956e-01 -3.610480957031250160e-01 4.943847656250000000e-01 2.209472656250000000e-01 3.277587890625000000e+00 -2.258300781250000000e-01 1.335693359375000000e+00
2.114282226562499978e-01 5.390014648437500000e-01 5.793115234375000311e-01 6.644042968749999667e-02 9.418505859375000400e-01 -4.651730957031250391e-01 4.869384765625000000e+00 -4.154052734375000000e+00 -4.847412109375000000e+00 2.899169921875000000e+00 1.460693359375000000e+00
4.014282226562500000e-01 7.890014648437500000e-01 7.593115234375000799e-01 4.644042968750000666e-02 1.041850585937500018e+00 -1.298173095703125002e+00 -1.306152343750000000e-01 8.459472656250000000e-01 1.525878906250000000e-01 -2.100830078125000000e+00 4.606933593750000000e-01
4.964282226562499734e-01 6.640014648437500000e-01 8.493115234375000488e-01 5.644042968750000167e-02 9.918505859375000844e-01 -8.816730957031251315e-01 -2.630615234375000000e+00 -1.654052734375000000e+00 -2.347412109375000000e+00 -4.600830078125000000e+00 1.960693359375000000e+00
3.064282226562500266e-01 9.140014648437500000e-01 6.693115234375000000e-01 3.644042968749999778e-02 8.918505859374999956e-01 -1.714673095703125094e+00 2.369384765625000000e+00 3.345947265625000000e+00 2.652587890625000000e+00 3.991699218750000000e-01 9.606933593750000000e-01
2.589282226562499845e-01 7.265014648437500000e-01 8.043115234375000089e-01 6.144042968750000611e-02 1.016850585937500107e+00 -1.922923095703124918e+00 3.619384765625000000e+00 2.095947265625000000e+00 -3.597412109375000000e+00 -3.350830078125000000e+00 1.710693359375000000e+00
4.489282226562499867e-01 9.765014648437500000e-01 6.243115234375000711e-01 4.144042968750000222e-02 9.168505859375000178e-01 -1.089923095703125178e+00 -1.380615234375000000e+00 -2.904052734375000000e+00 1.402587890625000000e+00 1.649169921875000000e+00 7.106933593750000000e-01
3.539282226562500133e-01 6.015014648437500000e-01 7.143115234375000400e-01 5.144042968750000416e-02 9.668505859375000622e-01 -1.506423095703125048e+00 -3.880615234375000000e+00 4.595947265625000000e+00 -1.097412109375000000e+00 4.149169921875000000e+00 1.210693359375000000e+00
1.639282226562500111e-01 8.515014648437500000e-01 8.943115234375000888e-01 3.144042968750000028e-02 1.066850585937500151e+00 -6.734230957031250853e-01 1.119384765625000000e+00 -4.040527343750000000e-01 3.902587890625000000e+00 -8.508300781250000000e-01 2.106933593750000000e-01
1.520532226562499867e-01 6.171264648437500000e-01 7.705615234375000622e-01 3.769042968749999889e-02 9.731005859375000400e-01 -1.141985595703125078e+00 -1.068115234375000000e+00 -2.591552734375000000e+00 4.840087890625000000e+00 1.961669921875000000e+00 7.731933593750000000e-01
3.420532226562499889e-01 8.671264648437500000e-01 5.905615234375000133e-01 5.769042968750000278e-02 8.731005859374999512e-01 -1.974985595703125041e+00 3.931884765625000000e+00 2.408447265625000000e+00 -1.599121093750000000e-01 -3.038330078125000000e+00 1.773193359375000000e+00
4.370532226562500178e-01 7.421264648437500000e-01 6.805615234374999822e-01 4.769042968750000083e-02 9.231005859374999956e-01 -7.254855957031249858e-01 1.431884765625000000e+00 -9.155273437500000000e-02 2.340087890625000000e+00 -5.383300781250000000e-01 2.731933593750000000e-01
2.470532226562499878e-01 9.921264648437500000e-01 8.605615234375000311e-01 6.769042968749999778e-02 1.023100585937499973e+00 -1.558485595703124948e+00 -3.568115234375000000e+00 4.908447265625000000e+00 -2.659912109375000000e+00 4.461669921875000000e+00 1.273193359375000000e+00
2.945532226562500022e-01 6.796264648437500000e-01 6.355615234375000533e-01 3.269042968750000139e-02 9.481005859375000178e-01 -1.350235595703125124e+00 -2.318115234375000000e+00 1.158447265625000000e+00 3.590087890625000000e+00 -1.788330078125000000e+00 2.319335937500000000e-02
4.845532226562500044e-01 9.296264648437500000e-01 8.155615234374999911e-01 5.269042968749999833e-02 1.048100585937500107e+00 -5.172355957031251616e-01 2.681884765625000000e+00 -3.841552734375000000e+00 -1.409912109375000000e+00 3.211669921875000000e+00 1.023193359375000000e+00
3.895532226562499756e-01 5.546264648437500000e-01 9.055615234375000711e-01 4.269042968750000333e-02 9.981005859375000622e-01 -1.766735595703124995e+00 1.818847656250000000e-01 3.658447265625000000e+00 1.090087890625000000e+00 7.116699218750000000e-01 5.231933593750000000e-01
1.995532226562500011e-01 8.046264648437500000e-01 7.255615234375000222e-01 6.269042968750000722e-02 8.981005859374999734e-01 -9.337355957031250320e-01 -4.818115234375000000e+00 -1.341552734375000000e+00 -3.909912109375000000e+00 -4.288330078125000000e+00 1.523193359375000000e+00
1.758032226562499800e-01 7.108764648437500000e-01 8.380615234374999556e-01 5.019042968750000305e-02 8.856005859375000178e-01 -8.296105957031250089e-01 -4.431152343750000000e-01 3.033447265625000000e+00 2.965087890625000000e+00 1.336669921875000000e+00 1.648193359375000000e+00
3.658032226562499822e-01 9.608764648437500000e-01 6.580615234375000178e-01 3.019042968749999917e-02 9.856005859374999956e-01 -1.662610595703124972e+00 4.556884765625000000e+00 -1.966552734375000000e+00 -2.034912109375000000e+00 -3.663330078125000000e+00 6.481933593750000000e-01
4.608032226562500111e-01 5.858764648437500000e-01 5.680615234375000488e-01 6.019042968750000500e-02 1.035600585937499929e+00 -4.131105957031251386e-01 2.056884765625000000e+00 5.334472656250000000e-01 4.650878906250000000e-01 -1.163330078125000000e+00 1.148193359375000000e+00
2.708032226562500089e-01 8.358764648437500000e-01 7.480615234375000977e-01 4.019042968750000111e-02 9.356005859375000622e-01 -1.246110595703124879e+00 -2.943115234375000000e+00 -4.466552734375000000e+00 -4.534912109375000000e+00 3.836669921875000000e+00 1.481933593750000000e-01
2.233032226562499944e-01 5.233764648437500000e-01 7.030615234375000577e-01 5.519042968750000056e-02 1.060600585937500062e+00 -1.454360595703124925e+00 -1.693115234375000000e+00 -7.165527343750000000e-01 4.215087890625000000e+00 -2.413330078125000000e+00 1.398193359375000000e+00
4.133032226562500244e-01 7.733764648437500000e-01 8.830615234375001066e-01 3.519042968749999667e-02 9.606005859374999734e-01 -6.213605957031249627e-01 3.306884765625000000e+00 4.283447265625000000e+00 -7.849121093750000000e-01 2.586669921875000000e+00 3.981933593750000000e-01
3.183032226562499956e-01 6.483764648437500000e-01 7.930615234375000266e-01 6.519042968749999556e-02 9.106005859375000400e-01 -1.870860595703125018e+00 8.068847656250000000e-01 -3.216552734375000000e+00 1.715087890625000000e+00 8.666992187500000000e-02 1.898193359375000000e+00
1.283032226562499933e-01 8.983764648437500000e-01 6.130615234375000888e-01 4.519042968750000555e-02 1.010600585937500018e+00 -1.037860595703125055e+00 -4.193115234375000000e+00 1.783447265625000000e+00 -3.284912109375000000e+00 -4.913330078125000000e+00 8.981933593750000000e-01
1.312719726562499856e-01 6.913452148437500000e-01 7.902490234375000311e-01 3.050292968749999944e-02 9.277880859375000622e-01 -9.467512207031250071e-01 3.072509765625000000e+00 4.830322265625000000e+00 1.011962890625000000e+00 3.210449218750000000e-01 1.132568359375000000e+00
3.212719726562499600e-01 9.413452148437500000e-01 6.102490234375000933e-01 5.050292968750000333e-02 1.027788085937499929e+00 -1.779751220703124970e+00 -1.927490234375000000e+00 -1.696777343750000000e-01 -3.988037109375000000e+00 -4.678955078125000000e+00 1.325683593750000000e-01
4.162719726562499889e-01 5.663452148437500000e-01 7.002490234375000622e-01 4.050292968750000139e-02 9.777880859374999956e-01 -5.302512207031251368e-01 -4.427490234375000000e+00 2.330322265625000000e+00 3.511962890625000000e+00 -2.178955078125000000e+00 1.632568359375000000e+00
2.262719726562499867e-01 8.163452148437500000e-01 8.802490234375000000e-01 6.050292968750000527e-02 8.777880859375000178e-01 -1.363251220703125099e+00 5.725097656250000000e-01 -2.669677734375000000e+00 -1.488037109375000000e+00 2.821044921875000000e+00 6.325683593750000000e-01
2.737719726562499734e-01 5.038452148437500000e-01 5.652490234375000533e-01 3.550292968749999695e-02 1.002788085937500018e+00 -1.571501220703125146e+00 4.322509765625000000e+00 -1.419677734375000000e+00 2.261962890625000000e+00 -9.289550781250000000e-01 1.882568359375000000e+00
4.637719726562499756e-01 7.538452148437500000e-01 7.452490234374999911e-01 5.550292968750000777e-02 9.027880859375000400e-01 -7.385012207031249609e-01 -6.774902343750000000e-01 3.580322265625000000e+00 -2.738037109375000000e+00 4.071044921875000000e+00 8.825683593750000000e-01
3.687719726562500022e-01 6.288452148437500000e-01 8.352490234375000711e-01 4.550292968749999889e-02 9.527880859374999734e-01 -1.988001220703125016e+00 -3.177490234375000000e+00 -3.919677734375000000e+00 4.761962890625000000e+00 1.571044921875000000e+00 1.382568359375000000e+00
1.787719726562500000e-01 8.788452148437500000e-01 6.552490234375000222e-01 6.550292968750000278e-02 1.052788085937500062e+00 -1.155001220703125053e+00 1.822509765625000000e+00 1.080322265625000000e+00 -2.380371093750000000e-01 -3.428955078125000000e+00 3.825683593750000000e-01
2.025219726562499933e-01 5.975952148437500000e-01 9.027490234374999645e-01 5.800292968750000305e-02 1.040288085937500107e+00 -1.050876220703125030e+00 3.697509765625000000e+00 -4.544677734375000000e+00 1.636962890625000000e+00 9.460449218750000000e-01 2.575683593750000000e-01
3.925219726562499956e-01 8.475952148437500000e-01 7.227490234375000266e-01 3.800292968749999917e-02 9.402880859375000178e-01 -1.883876220703124993e+00 -1.302490234375000000e+00 4.553222656250000000e-01 -3.363037109375000000e+00 -4.053955078125000000e+00 1.257568359375000000e+00
4.875219726562500244e-01 7.225952148437500000e-01 6.327490234375000577e-01 6.800292968750000500e-02 8.902880859374999734e-01 -6.343762207031251599e-01 -3.802490234375000000e+00 -2.044677734375000000e+00 4.136962890625000000e+00 -1.553955078125000000e+00 7.575683593750000000e-01
2.975219726562500222e-01 9.725952148437500000e-01 8.127490234375001066e-01 4.800292968750000111e-02 9.902880859375000622e-01 -1.467376220703124901e+00 1.197509765625000000e+00 2.955322265625000000e+00 -8.630371093750000000e-01 3.446044921875000000e+00 1.757568359375000000e+00
2.500219726562500355e-01 6.600952148437500000e-01 6.777490234375000977e-01 5.300292968750000555e-02 9.152880859374999956e-01 -1.259126220703125076e+00 4.947509765625000000e+00 1.705322265625000000e+00 3.869628906250000000e-01 -3.039550781250000000e-01 5.075683593750000000e-01
4.400219726562499822e-01 9.100952148437500000e-01 8.577490234375000355e-01 3.300292968750000167e-02 1.015288085937499973e+00 -4.261262207031251137e-01 -5.249023437500000000e-02 -3.294677734375000000e+00 -4.613037109375000000e+00 4.696044921875000000e+00 1.507568359375000000e+00
3.450219726562500089e-01 5.350952148437500000e-01 7.677490234375000666e-01 6.300292968750001443e-02 1.065288085937500018e+00 -1.675626220703124947e+00 -2.552490234375000000e+00 4.205322265625000000e+00 2.886962890625000000e+00 2.196044921875000000e+00 7.568359375000000000e-03
1.550219726562500067e-01 7.850952148437500000e-01 5.877490234375000178e-01 4.300292968750000361e-02 9.652880859375000400e-01 -8.426262207031249840e-01 2.447509765625000000e+00 -7.946777343750000000e-01 -2.113037109375000000e+00 -2.803955078125000000e+00 1.007568359375000000e+00
1.668969726562500033e-01 5.507202148437500000e-01 7.114990234375000444e-01 4.675292968750000000e-02 8.715380859375000400e-01 -3.740637207031249911e-01 -2.239990234375000000e+00 -3.607177734375000000e+00 -1.800537109375000000e+00 3.758544921875000000e+00 1.945068359375000000e+00
3.568969726562499778e-01 8.007202148437500000e-01 8.914990234374999822e-01 6.675292968750000389e-02 9.715380859375000178e-01 -1.207063720703124954e+00 2.760009765625000000e+00 1.392822265625000000e+00 3.199462890625000000e+00 -1.241455078125000000e+00 9.450683593750000000e-01
4.518969726562500067e-01 6.757202148437500000e-01 8.014990234375000133e-01 3.675292968749999806e-02 1.021538085937500062e+00 -7.905637207031250835e-01 2.600097656250000000e-01 -1.107177734375000000e+00 -4.300537109375000000e+00 -3.741455078125000000e+00 1.445068359375000000e+00
2.618969726562500044e-01 9.257202148437500000e-01 6.214990234375000755e-01 5.675292968750000888e-02 9.215380859374999734e-01 -1.623563720703125046e+00 -4.739990234375000000e+00 3.892822265625000000e+00 6.994628906250000000e-01 1.258544921875000000e+00 4.450683593750000000e-01
3.093969726562499911e-01 7.382202148437500000e-01 8.464990234375000533e-01 4.175292968750000250e-02 1.046538085937499973e+00 -1.831813720703125092e+00 -9.899902343750000000e-01 1.428222656250000000e-01 -5.505371093750000000e-01 -4.991455078125000000e+00 1.195068359375000000e+00
4.993969726562499933e-01 9.882202148437500000e-01 6.664990234375000044e-01 6.175292968750000638e-02 9.465380859374999956e-01 -9.988137207031251297e-01 4.010009765625000000e+00 -4.857177734375000000e+00 4.449462890625000000e+00 8.544921875000000000e-03 1.950683593750000000e-01
4.043969726562500200e-01 6.132202148437500000e-01 5.764990234375000355e-01 3.175292968750000056e-02 8.965380859374999512e-01 -1.415313720703125000e+00 1.510009765625000000e+00 2.642822265625000000e+00 -3.050537109375000000e+00 2.508544921875000000e+00 1.695068359375000000e+00
2.143969726562499900e-01 8.632202148437500000e-01 7.564990234374999734e-01 5.175292968750000444e-02 9.965380859375000400e-01 -5.823137207031250373e-01 -3.489990234375000000e+00 -2.357177734375000000e+00 1.949462890625000000e+00 -2.491455078125000000e+00 6.950683593750000000e-01
1.906469726562499967e-01 6.444702148437500000e-01 5.989990234375000000e-01 6.425292968750001554e-02 9.840380859374999734e-01 -6.864387207031250604e-01 -1.614990234375000000e+00 3.267822265625000000e+00 -1.175537109375000000e+00 4.383544921875000000e+00 5.700683593750000000e-01
3.806469726562499711e-01 8.944702148437500000e-01 7.789990234375000488e-01 4.425292968749999778e-02 8.840380859374999956e-01 -1.519438720703125023e+00 3.385009765625000000e+00 -1.732177734375000000e+00 3.824462890625000000e+00 -6.164550781250000000e-01 1.570068359375000000e+00
4.756469726562500000e-01 5.194702148437500000e-01 8.689990234375000178e-01 5.425292968750000666e-02 9.340380859375000400e-01 -1.102938720703125153e+00 8.850097656250000000e-01 7.678222656250000000e-01 -3.675537109375000000e+00 -3.116455078125000000e+00 7.006835937500000000e-02
2.856469726562499978e-01 7.694702148437500000e-01 6.889990234375000799e-01 3.425292968750000278e-02 1.034038085937500018e+00 -1.935938720703124893e+00 -4.114990234375000000e+00 -4.232177734375000000e+00 1.324462890625000000e+00 1.883544921875000000e+00 1.070068359375000000e+00
2.381469726562500111e-01 5.819702148437500000e-01 7.339990234375000089e-01 6.925292968750000611e-02 9.590380859375000622e-01 -1.727688720703125069e+00 -3.649902343750000000e-01 -4.821777343750000000e-01 -2.425537109375000000e+00 -4.366455078125000000e+00 3.200683593750000000e-01
4.281469726562500133e-01 8.319702148437500000e-01 5.539990234375000711e-01 4.925292968750000222e-02 1.059038085937500151e+00 -8.946887207031251066e-01 4.635009765625000000e+00 4.517822265625000000e+00 2.574462890625000000e+00 6.335449218750000000e-01 1.320068359375000000e+00
3.331469726562499845e-01 7.069702148437500000e-01 6.439990234375000400e-01 5.925292968750000416e-02 1.009038085937500107e+00 -1.311188720703124977e+00 2.135009765625000000e+00 -2.982177734375000000e+00 -4.925537109375000000e+00 3.133544921875000000e+00 8.200683593750000000e-01
1.431469726562499822e-01 9.569702148437500000e-01 8.239990234375000888e-01 3.925292968750000028e-02 9.090380859375000178e-01 -4.781887207031250142e-01 -2.864990234375000000e+00 2.017822265625000000e+00 7.446289062500000000e-02 -1.866455078125000000e+00 1.820068359375000000e+00
1.372094726562499978e-01 5.741577148437500000e-01 6.271240234375000666e-01 5.362792968750000611e-02 1.068413085937500062e+00 -1.961969970703125066e+00 4.162597656250000000e-01 -1.575927734375000000e+00 -4.456787109375000000e+00 1.647949218750000000e-01 1.288818359375000000e+00
3.272094726562500000e-01 8.241577148437500000e-01 8.071240234375001155e-01 3.362792968750000222e-02 9.684130859374999734e-01 -1.128969970703125103e+00 -4.583740234375000000e+00 3.424072265625000000e+00 5.432128906250000000e-01 -4.835205078125000000e+00 2.888183593750000000e-01
4.222094726562499734e-01 6.991577148437500000e-01 8.971240234374999734e-01 6.362792968750000111e-02 9.184130859375000400e-01 -1.545469970703124973e+00 -2.083740234375000000e+00 -4.075927734375000000e+00 -1.956787109375000000e+00 -2.335205078125000000e+00 1.788818359375000000e+00
2.322094726562499989e-01 9.491577148437500000e-01 7.171240234375000355e-01 4.362792968749999722e-02 1.018413085937500018e+00 -7.124699707031250107e-01 2.916259765625000000e+00 9.240722656250000000e-01 3.043212890625000000e+00 2.664794921875000000e+00 7.888183593750000000e-01
2.797094726562500133e-01 6.366577148437500000e-01 7.621240234375000755e-01 5.862792968750000361e-02 8.934130859375000178e-01 -5.042199707031249645e-01 1.666259765625000000e+00 4.674072265625000000e+00 -3.206787109375000000e+00 -1.085205078125000000e+00 1.538818359375000000e+00
4.697094726562500155e-01 8.866577148437500000e-01 5.821240234375000266e-01 3.862792968749999972e-02 9.934130859374999956e-01 -1.337219970703125149e+00 -3.333740234375000000e+00 -3.259277343750000000e-01 1.793212890625000000e+00 3.914794921875000000e+00 5.388183593750000000e-01
3.747094726562499867e-01 5.116577148437500000e-01 6.721240234374999956e-01 6.862792968750000555e-02 1.043413085937499929e+00 -9.207199707031250568e-01 -8.337402343750000000e-01 2.174072265625000000e+00 -7.067871093750000000e-01 1.414794921875000000e+00 1.038818359375000000e+00
1.847094726562499845e-01 7.616577148437500000e-01 8.521240234375000444e-01 4.862792968750000167e-02 9.434130859375000622e-01 -1.753719970703125020e+00 4.166259765625000000e+00 -2.825927734375000000e+00 4.293212890625000000e+00 -3.585205078125000000e+00 3.881835937500000000e-02
2.084594726562499778e-01 7.304077148437500000e-01 6.946240234375000711e-01 3.612792968749999750e-02 9.559130859375000178e-01 -1.649594970703124996e+00 1.041259765625000000e+00 1.549072265625000000e+00 -2.581787109375000000e+00 7.897949218750000000e-01 1.638183593750000000e-01
3.984594726562499800e-01 9.804077148437500000e-01 8.746240234375000089e-01 5.612792968750000833e-02 1.055913085937500107e+00 -8.165949707031250338e-01 -3.958740234375000000e+00 -3.450927734375000000e+00 2.418212890625000000e+00 -4.210205078125000000e+00 1.163818359375000000e+00
4.934594726562500089e-01 6.054077148437500000e-01 7.846240234375000400e-01 4.612792968749999944e-02 1.005913085937500062e+00 -1.233094970703124904e+00 -1.458740234375000000e+00 4.049072265625000000e+00 -8.178710937500000000e-02 -1.710205078125000000e+00 6.638183593750000000e-01
3.034594726562500067e-01 8.554077148437500000e-01 6.046240234374999911e-01 6.612792968750000333e-02 9.059130859374999734e-01 -4.000949707031251634e-01 3.541259765625000000e+00 -9.509277343750000000e-01 4.918212890625000000e+00 3.289794921875000000e+00 1.663818359375000000e+00
2.559594726562499645e-01 5.429077148437500000e-01 8.296240234375000799e-01 3.112792968750000000e-02 9.809130859375000400e-01 -6.083449707031249876e-01 2.291259765625000000e+00 -4.700927734375000000e+00 -3.831787109375000000e+00 -4.602050781250000000e-01 9.138183593750000000e-01
4.459594726562500222e-01 7.929077148437500000e-01 6.496240234375000311e-01 5.112792968750000389e-02 8.809130859374999512e-01 -1.441344970703124950e+00 -2.708740234375000000e+00 2.990722656250000000e-01 1.168212890625000000e+00 4.539794921875000000e+00 1.913818359375000000e+00
3.509594726562499933e-01 6.679077148437500000e-01 5.596240234375000622e-01 4.112792968750000194e-02 9.309130859374999956e-01 -1.024844970703125080e+00 -2.087402343750000000e-01 -2.200927734375000000e+00 -1.331787109375000000e+00 2.039794921875000000e+00 4.138183593750000000e-01
1.609594726562499911e-01 9.179077148437500000e-01 7.396240234375000000e-01 6.112792968750000583e-02 1.030913085937499973e+00 -1.857844970703125043e+00 4.791259765625000000e+00 2.799072265625000000e+00 3.668212890625000000e+00 -2.960205078125000000e+00 1.413818359375000000e+00
1.490844726562499944e-01 6.835327148437500000e-01 8.858740234374999911e-01 6.987792968750000666e-02 1.012163085937499929e+00 -1.389282470703125050e+00 -4.896240234375000000e+00 6.115722656250000000e-01 2.730712890625000000e+00 4.227294921875000000e+00 1.601318359375000000e+00
3.390844726562499689e-01 9.335327148437500000e-01 7.058740234375000533e-01 4.987792968750000278e-02 9.121630859375000622e-01 -5.562824707031250870e-01 1.037597656250000000e-01 -4.388427734375000000e+00 -2.269287109375000000e+00 -7.727050781250000000e-01 6.013183593750000000e-01
4.340844726562499978e-01 5.585327148437500000e-01 6.158740234375000844e-01 5.987792968750000472e-02 9.621630859374999956e-01 -1.805782470703124920e+00 2.603759765625000000e+00 3.111572265625000000e+00 2.307128906250000000e-01 -3.272705078125000000e+00 1.101318359375000000e+00
2.440844726562499956e-01 8.085327148437500000e-01 7.958740234375000222e-01 3.987792968750000083e-02 1.062163085937499973e+00 -9.727824707031249574e-01 -2.396240234375000000e+00 -1.888427734375000000e+00 -4.769287109375000000e+00 1.727294921875000000e+00 1.013183593750000000e-01
2.915844726562499822e-01 6.210327148437500000e-01 6.608740234375000133e-01 6.487792968750000222e-02 9.371630859374999734e-01 -7.645324707031251332e-01 -3.646240234375000000e+00 -3.138427734375000000e+00 3.980712890625000000e+00 -4.522705078125000000e+00 1.351318359375000000e+00
4.815844726562499845e-01 8.710327148437500000e-01 8.408740234375000622e-01 4.487792968749999833e-02 1.037163085937500062e+00 -1.597532470703125096e+00 1.353759765625000000e+00 1.861572265625000000e+00 -1.019287109375000000e+00 4.772949218750000000e-01 3.513183593750000000e-01
3.865844726562500111e-01 7.460327148437500000e-01 7.508740234374999822e-01 5.487792968750000722e-02 9.871630859375000178e-01 -3.480324707031250409e-01 3.853759765625000000e+00 -6.384277343750000000e-01 1.480712890625000000e+00 2.977294921875000000e+00 1.851318359375000000e+00
1.965844726562500089e-01 9.960327148437500000e-01 5.708740234375000444e-01 3.487792968750000333e-02 8.871630859375000400e-01 -1.181032470703125004e+00 -1.146240234375000000e+00 4.361572265625000000e+00 -3.519287109375000000e+00 -2.022705078125000000e+00 8.513183593750000000e-01
1.728344726562499878e-01 5.272827148437500000e-01 8.183740234375000977e-01 4.237792968750000305e-02 8.996630859374999956e-01 -1.285157470703125027e+00 -4.271240234375000000e+00 -1.342773437500000000e-02 4.605712890625000000e+00 4.852294921875000000e+00 9.763183593750000000e-01
3.628344726562500178e-01 7.772827148437500000e-01 6.383740234375000488e-01 6.237792968750000694e-02 9.996630859374999734e-01 -4.521574707031250639e-01 7.287597656250000000e-01 4.986572265625000000e+00 -3.942871093750000000e-01 -1.477050781250000000e-01 1.976318359375000000e+00
4.578344726562499911e-01 6.522827148437500000e-01 7.283740234375000178e-01 3.237792968750000111e-02 1.049663085937500018e+00 -1.701657470703124897e+00 3.228759765625000000e+00 -2.513427734375000000e+00 2.105712890625000000e+00 -2.647705078125000000e+00 4.763183593750000000e-01
2.678344726562499889e-01 9.022827148437500000e-01 9.083740234374999556e-01 5.237792968750000500e-02 9.496630859375000400e-01 -8.686574707031251563e-01 -1.771240234375000000e+00 2.486572265625000000e+00 -2.894287109375000000e+00 2.352294921875000000e+00 1.476318359375000000e+00
2.203344726562500022e-01 7.147827148437500000e-01 5.933740234375000089e-01 4.737792968750000056e-02 1.024663085937500107e+00 -1.076907470703125203e+00 -3.021240234375000000e+00 3.736572265625000000e+00 3.355712890625000000e+00 -3.897705078125000000e+00 2.263183593750000000e-01
4.103344726562500044e-01 9.647827148437500000e-01 7.733740234375000577e-01 6.737792968750000444e-02 9.246630859375000178e-01 -1.909907470703124943e+00 1.978759765625000000e+00 -1.263427734375000000e+00 -1.644287109375000000e+00 1.102294921875000000e+00 1.226318359375000000e+00
3.153344726562500311e-01 5.897827148437500000e-01 8.633740234375000266e-01 3.737792968749999861e-02 8.746630859374999734e-01 -6.604074707031251101e-01 4.478759765625000000e+00 1.236572265625000000e+00 8.557128906250000000e-01 3.602294921875000000e+00 7.263183593750000000e-01
1.253344726562500011e-01 8.397827148437500000e-01 6.833740234375000888e-01 5.737792968750000250e-02 9.746630859375000622e-01 -1.493407470703125073e+00 -5.212402343750000000e-01 -3.763427734375000000e+00 -4.144287109375000000e+00 -1.397705078125000000e+00 1.726318359375000000e+00
1.238500976562499911e-01 6.620483398437500000e-01 5.750927734375000933e-01 3.940917968750000389e-02 8.770068359374999512e-01 -1.864352783203125030e+00 3.736572265625000000e+00 -2.943115234375000000e+00 -3.870849609375000000e+00 -2.296142578125000000e+00 1.374755859375000000e+00
3.138500976562499933e-01 9.120483398437500000e-01 7.550927734375000311e-01 5.940917968750000777e-02 9.770068359375000400e-01 -1.031352783203125068e+00 -1.263427734375000000e+00 2.056884765625000000e+00 1.129150390625000000e+00 2.703857421875000000e+00 3.747558593750000000e-01
4.088500976562500222e-01 5.370483398437500000e-01 8.450927734375000000e-01 4.940917968749999889e-02 1.027006835937499973e+00 -1.447852783203125160e+00 -3.763427734375000000e+00 -4.431152343750000000e-01 -1.370849609375000000e+00 2.038574218750000000e-01 1.874755859375000000e+00
2.188500976562499922e-01 7.870483398437500000e-01 6.650927734375000622e-01 6.940917968750001665e-02 9.270068359374999956e-01 -6.148527832031249751e-01 1.236572265625000000e+00 4.556884765625000000e+00 3.629150390625000000e+00 -4.796142578125000000e+00 8.747558593750000000e-01
2.663500976562500067e-01 5.995483398437500000e-01 8.000927734375000711e-01 3.440917968749999944e-02 1.052006835937500107e+00 -4.066027832031251510e-01 4.986572265625000000e+00 8.068847656250000000e-01 -2.620849609375000000e+00 1.453857421875000000e+00 1.624755859375000000e+00
4.563500976562500089e-01 8.495483398437500000e-01 6.200927734375000222e-01 5.440917968750000333e-02 9.520068359375000178e-01 -1.239602783203125114e+00 -1.342773437500000000e-02 -4.193115234375000000e+00 2.379150390625000000e+00 -3.546142578125000000e+00 6.247558593750000000e-01
3.613500976562500355e-01 7.245483398437500000e-01 7.100927734374999911e-01 4.440917968750000139e-02 9.020068359374999734e-01 -8.231027832031250213e-01 -2.513427734375000000e+00 3.306884765625000000e+00 -1.208496093750000000e-01 -1.046142578125000000e+00 1.124755859375000000e+00
1.713500976562500056e-01 9.745483398437500000e-01 8.900927734375000400e-01 6.440917968750001221e-02 1.002006835937500062e+00 -1.656102783203124984e+00 2.486572265625000000e+00 -1.693115234375000000e+00 4.879150390625000000e+00 3.953857421875000000e+00 1.247558593750000000e-01
1.951000976562499989e-01 5.057983398437500000e-01 6.425927734375000977e-01 5.190917968750000111e-02 9.895068359374999956e-01 -1.760227783203125007e+00 3.111572265625000000e+00 2.681884765625000000e+00 -3.245849609375000000e+00 -1.671142578125000000e+00 2.497558593750000000e-01
3.851000976562499734e-01 7.557983398437500000e-01 8.225927734375000355e-01 3.190917968749999722e-02 8.895068359375000178e-01 -9.272277832031250444e-01 -1.888427734375000000e+00 -2.318115234375000000e+00 1.754150390625000000e+00 3.328857421875000000e+00 1.249755859375000000e+00
4.801000976562500022e-01 6.307983398437500000e-01 7.325927734375000666e-01 6.190917968750000305e-02 9.395068359375000622e-01 -1.343727783203124915e+00 -4.388427734375000000e+00 1.818847656250000000e-01 -7.458496093750000000e-01 8.288574218750000000e-01 7.497558593750000000e-01
2.901000976562500000e-01 8.807983398437500000e-01 5.525927734375000178e-01 4.190917968749999917e-02 1.039506835937499929e+00 -5.107277832031251741e-01 6.115722656250000000e-01 -4.818115234375000000e+00 4.254150390625000000e+00 -4.171142578125000000e+00 1.749755859375000000e+00
2.426000976562500133e-01 6.932983398437500000e-01 8.675927734374999645e-01 5.690917968750000555e-02 9.645068359374999734e-01 -7.189777832031249982e-01 4.361572265625000000e+00 -1.068115234375000000e+00 -4.495849609375000000e+00 2.078857421875000000e+00 9.997558593750000000e-01
4.326000976562500155e-01 9.432983398437500000e-01 6.875927734375000266e-01 3.690917968750000167e-02 1.064506835937500062e+00 -1.551977783203124961e+00 -6.384277343750000000e-01 3.931884765625000000e+00 5.041503906250000000e-01 -2.921142578125000000e+00 1.999755859375000000e+00
3.376000976562499867e-01 5.682983398437500000e-01 5.975927734375000577e-01 6.690917968750001443e-02 1.014506835937500018e+00 -1.135477783203125091e+00 -3.138427734375000000e+00 -3.568115234375000000e+00 -1.995849609375000000e+00 -4.211425781250000000e-01 4.997558593750000000e-01
1.476000976562499845e-01 8.182983398437500000e-01 7.775927734374999956e-01 4.690917968750000361e-02 9.145068359375000400e-01 -1.968477783203125053e+00 1.861572265625000000e+00 1.431884765625000000e+00 3.004150390625000000e+00 4.578857421875000000e+00 1.499755859375000000e+00
1.594750976562500089e-01 5.839233398437500000e-01 8.338427734375000178e-01 4.315917968750000028e-02 9.207568359375000178e-01 -1.499915283203125060e+00 -1.575927734375000000e+00 4.244384765625000000e+00 3.316650390625000000e+00 -3.233642578125000000e+00 1.562255859375000000e+00
3.494750976562500111e-01 8.339233398437500000e-01 6.538427734375000799e-01 6.315917968750001110e-02 1.020756835937500107e+00 -6.669152832031250977e-01 3.424072265625000000e+00 -7.556152343750000000e-01 -1.683349609375000000e+00 1.766357421875000000e+00 5.622558593750000000e-01
4.444750976562499845e-01 7.089233398437500000e-01 5.638427734375000000e-01 3.315917968749999833e-02 9.707568359375000622e-01 -1.916415283203124931e+00 9.240722656250000000e-01 1.744384765625000000e+00 8.166503906250000000e-01 4.266357421875000000e+00 1.062255859375000000e+00
2.544750976562499822e-01 9.589233398437500000e-01 7.438427734375000488e-01 5.315917968750000222e-02 8.707568359374999734e-01 -1.083415283203124968e+00 -4.075927734375000000e+00 -3.255615234375000000e+00 -4.183349609375000000e+00 -7.336425781250000000e-01 6.225585937500000000e-02
3.019750976562499689e-01 6.464233398437500000e-01 6.988427734375000089e-01 4.815917968749999778e-02 9.957568359374999734e-01 -8.751652832031251439e-01 -3.259277343750000000e-01 -2.005615234375000000e+00 4.566650390625000000e+00 3.016357421875000000e+00 1.312255859375000000e+00
4.919750976562500266e-01 8.964233398437500000e-01 8.788427734375000577e-01 6.815917968750001554e-02 8.957568359374999956e-01 -1.708165283203125107e+00 4.674072265625000000e+00 2.994384765625000000e+00 -4.333496093750000000e-01 -1.983642578125000000e+00 3.122558593750000000e-01
3.969750976562499978e-01 5.214233398437500000e-01 7.888427734375000888e-01 3.815917968750000278e-02 9.457568359375000400e-01 -4.586652832031250515e-01 2.174072265625000000e+00 -4.505615234375000000e+00 2.066650390625000000e+00 -4.483642578125000000e+00 1.812255859375000000e+00
2.069750976562499956e-01 7.714233398437500000e-01 6.088427734375000400e-01 5.815917968750000666e-02 1.045756835937500018e+00 -1.291665283203125014e+00 -2.825927734375000000e+00 4.943847656250000000e-01 -2.933349609375000000e+00 5.163574218750000000e-01 8.122558593750000000e-01
1.832250976562500022e-01 7.401733398437500000e-01 7.663427734375000133e-01 6.565917968750001332e-02 1.033256835937500062e+00 -1.187540283203124991e+00 -2.200927734375000000e+00 -3.880615234375000000e+00 3.941650390625000000e+00 -2.608642578125000000e+00 9.372558593750000000e-01
3.732250976562500044e-01 9.901733398437500000e-01 5.863427734375000755e-01 4.565917968750000250e-02 9.332568359374999734e-01 -3.545402832031250284e-01 2.799072265625000000e+00 1.119384765625000000e+00 -1.058349609375000000e+00 2.391357421875000000e+00 1.937255859375000000e+00
4.682250976562499778e-01 6.151733398437500000e-01 6.763427734375000444e-01 5.565917968750000444e-02 8.832568359375000400e-01 -1.604040283203125083e+00 2.990722656250000000e-01 -1.380615234375000000e+00 1.441650390625000000e+00 4.891357421875000000e+00 4.372558593750000000e-01
2.782250976562500311e-01 8.651733398437500000e-01 8.563427734374999822e-01 3.565917968750000056e-02 9.832568359375000178e-01 -7.710402832031251208e-01 -4.700927734375000000e+00 3.619384765625000000e+00 -3.558349609375000000e+00 -1.086425781250000000e-01 1.437255859375000000e+00
2.307250976562499889e-01 5.526733398437500000e-01 6.313427734375000044e-01 6.065917968750000888e-02 9.082568359375000622e-01 -9.792902832031249449e-01 -9.509277343750000000e-01 2.369384765625000000e+00 2.691650390625000000e+00 3.641357421875000000e+00 1.872558593750000000e-01
4.207250976562499911e-01 8.026733398437500000e-01 8.113427734375000533e-01 4.065917968750000500e-02 1.008256835937499929e+00 -1.812290283203124908e+00 4.049072265625000000e+00 -2.630615234375000000e+00 -2.308349609375000000e+00 -1.358642578125000000e+00 1.187255859375000000e+00
3.257250976562500178e-01 6.776733398437500000e-01 9.013427734375000222e-01 5.065917968750000000e-02 1.058256835937499973e+00 -5.627902832031250746e-01 1.549072265625000000e+00 4.869384765625000000e+00 1.916503906250000000e-01 -3.858642578125000000e+00 6.872558593750000000e-01
1.357250976562499878e-01 9.276733398437500000e-01 7.213427734374999734e-01 3.065917968749999958e-02 9.582568359374999956e-01 -1.395790283203125037e+00 -3.450927734375000000e+00 -1.306152343750000000e-01 -4.808349609375000000e+00 1.141357421875000000e+00 1.687255859375000000e+00
1.416625976562500000e-01 5.448608398437500000e-01 7.494677734375000400e-01 5.628417968750000500e-02 1.017631835937500062e+00 -8.491340332031249716e-01 1.080322265625000000e+00 9.631347656250000000e-01 3.479003906250000000e-01 -2.139892578125000000e+00 1.218505859375000000e+00
3.316625976562500022e-01 7.948608398437500000e-01 5.694677734374999911e-01 3.628417968750000111e-02 9.176318359374999734e-01 -1.682134033203124934e+00 -3.919677734375000000e+00 -4.036865234375000000e+00 -4.652099609375000000e+00 2.860107421875000000e+00 2.185058593750000000e-01
4.266625976562499756e-01 6.698608398437500000e-01 6.594677734375000711e-01 6.628417968750000000e-02 9.676318359375000178e-01 -4.326340332031251013e-01 -1.419677734375000000e+00 3.463134765625000000e+00 2.847900390625000000e+00 3.601074218750000000e-01 1.718505859375000000e+00
2.366625976562500011e-01 9.198608398437500000e-01 8.394677734375000089e-01 4.628417968750000305e-02 1.067631835937500107e+00 -1.265634033203125064e+00 3.580322265625000000e+00 -1.536865234375000000e+00 -2.152099609375000000e+00 -4.639892578125000000e+00 7.185058593750000000e-01
2.841625976562499600e-01 7.323608398437500000e-01 6.144677734375000311e-01 5.128417968750000056e-02 9.426318359374999956e-01 -1.473884033203125110e+00 2.330322265625000000e+00 -2.786865234375000000e+00 1.597900390625000000e+00 1.610107421875000000e+00 1.968505859375000000e+00
4.741625976562500178e-01 9.823608398437500000e-01 7.944677734375000799e-01 3.128417968749999667e-02 1.042631835937499973e+00 -6.408840332031251474e-01 -2.669677734375000000e+00 2.213134765625000000e+00 -3.402099609375000000e+00 -3.389892578125000000e+00 9.685058593750000000e-01
3.791625976562499889e-01 6.073608398437500000e-01 8.844677734375000488e-01 6.128417968750000250e-02 9.926318359375000400e-01 -1.890384033203124980e+00 -1.696777343750000000e-01 -2.868652343750000000e-01 4.097900390625000000e+00 -8.898925781250000000e-01 1.468505859375000000e+00
1.891625976562499867e-01 8.573608398437500000e-01 7.044677734375000000e-01 4.128417968749999861e-02 8.926318359374999512e-01 -1.057384033203125018e+00 4.830322265625000000e+00 4.713134765625000000e+00 -9.020996093750000000e-01 4.110107421875000000e+00 4.685058593750000000e-01
2.129125976562499800e-01 6.386108398437500000e-01 8.619677734374999734e-01 3.378417968749999889e-02 9.051318359375000178e-01 -1.161509033203125041e+00 4.553222656250000000e-01 -9.118652343750000000e-01 2.222900390625000000e+00 -1.514892578125000000e+00 3.435058593750000000e-01
4.029125976562499822e-01 8.886108398437500000e-01 6.819677734375000355e-01 5.378417968750000278e-02 1.005131835937500107e+00 -1.994509033203125004e+00 -4.544677734375000000e+00 4.088134765625000000e+00 -2.777099609375000000e+00 3.485107421875000000e+00 1.343505859375000000e+00
4.979125976562500111e-01 5.136108398437500000e-01 5.919677734375000666e-01 4.378417968750000083e-02 1.055131835937500151e+00 -7.450090332031249485e-01 -2.044677734375000000e+00 -3.411865234375000000e+00 4.722900390625000000e+00 9.851074218750000000e-01 8.435058593750000000e-01
3.079125976562500089e-01 7.636108398437500000e-01 7.719677734375000044e-01 6.378417968749999778e-02 9.551318359375000622e-01 -1.578009033203124911e+00 2.955322265625000000e+00 1.588134765625000000e+00 -2.770996093750000000e-01 -4.014892578125000000e+00 1.843505859375000000e+00
2.604125976562500222e-01 5.761108398437500000e-01 7.269677734375000755e-01 3.878417968750000333e-02 1.030131835937500018e+00 -1.369759033203124865e+00 1.705322265625000000e+00 2.838134765625000000e+00 9.729003906250000000e-01 2.235107421875000000e+00 5.935058593750000000e-01
4.504125976562500244e-01 8.261108398437500000e-01 9.069677734375000133e-01 5.878417968750000722e-02 9.301318359375000400e-01 -5.367590332031251243e-01 -3.294677734375000000e+00 -2.161865234375000000e+00 -4.027099609375000000e+00 -2.764892578125000000e+00 1.593505859375000000e+00
3.554125976562499956e-01 7.011108398437500000e-01 8.169677734375000444e-01 4.878417968749999833e-02 8.801318359374999956e-01 -1.786259033203124957e+00 -7.946777343750000000e-01 3.381347656250000000e-01 3.472900390625000000e+00 -2.648925781250000000e-01 9.350585937500000000e-02
1.654125976562499933e-01 9.511108398437500000e-01 6.369677734374999956e-01 6.878417968750000222e-02 9.801318359374999734e-01 -9.532590332031249947e-01 4.205322265625000000e+00 -4.661865234375000000e+00 -1.527099609375000000e+00 4.735107421875000000e+00 1.093505859375000000e+00
1.535375976562499967e-01 7.167358398437500000e-01 6.707177734375000533e-01 6.003417968750000833e-02 1.061381835937500018e+00 -4.846965332031250018e-01 -4.232177734375000000e+00 -2.474365234375000000e+00 -2.464599609375000000e+00 -3.702392578125000000e+00 1.906005859375000000e+00
3.435375976562500266e-01 9.667358398437500000e-01 8.507177734374999911e-01 4.003417968750000444e-02 9.613818359375000400e-01 -1.317696533203124964e+00 7.678222656250000000e-01 2.525634765625000000e+00 2.535400390625000000e+00 1.297607421875000000e+00 9.060058593750000000e-01
4.385375976562500000e-01 5.917358398437500000e-01 7.607177734375000222e-01 5.003417968749999944e-02 9.113818359374999956e-01 -9.011965332031250941e-01 3.267822265625000000e+00 -4.974365234375000000e+00 -4.964599609375000000e+00 3.797607421875000000e+00 1.406005859375000000e+00
2.485375976562499978e-01 8.417358398437500000e-01 5.807177734375000844e-01 3.003417968749999903e-02 1.011381835937499973e+00 -1.734196533203125057e+00 -1.732177734375000000e+00 2.563476562500000000e-02 3.540039062500000000e-02 -1.202392578125000000e+00 4.060058593750000000e-01
2.960375976562499845e-01 5.292358398437500000e-01 8.957177734375000311e-01 6.503417968749999889e-02 8.863818359374999734e-01 -1.942446533203125103e+00 -2.982177734375000000e+00 3.775634765625000000e+00 -1.214599609375000000e+00 2.547607421875000000e+00 1.156005859375000000e+00
4.860375976562499867e-01 7.792358398437500000e-01 7.157177734374999822e-01 4.503417968750000194e-02 9.863818359375000622e-01 -1.109446533203124918e+00 2.017822265625000000e+00 -1.224365234375000000e+00 3.785400390625000000e+00 -2.452392578125000000e+00 1.560058593750000000e-01
3.910375976562500133e-01 6.542358398437500000e-01 6.257177734375000133e-01 5.503417968750000389e-02 1.036381835937500107e+00 -1.525946533203125011e+00 4.517822265625000000e+00 1.275634765625000000e+00 -3.714599609375000000e+00 -4.952392578125000000e+00 1.656005859375000000e+00
2.010375976562500111e-01 9.042358398437500000e-01 8.057177734375000622e-01 3.503417968750000000e-02 9.363818359375000178e-01 -6.929465332031250480e-01 -4.821777343750000000e-01 -3.724365234375000000e+00 1.285400390625000000e+00 4.760742187500000000e-02 6.560058593750000000e-01
1.772875976562499900e-01 6.229858398437500000e-01 5.582177734375000089e-01 4.753417968749999722e-02 9.488818359374999734e-01 -5.888215332031250249e-01 -4.857177734375000000e+00 1.900634765625000000e+00 -5.895996093750000000e-01 -3.077392578125000000e+00 5.310058593750000000e-01
3.672875976562499645e-01 8.729858398437500000e-01 7.382177734375000577e-01 6.753417968750000111e-02 1.048881835937500062e+00 -1.421821533203124988e+00 1.428222656250000000e-01 -3.099365234375000000e+00 4.410400390625000000e+00 1.922607421875000000e+00 1.531005859375000000e+00
4.622875976562499933e-01 7.479858398437500000e-01 8.282177734375000266e-01 3.753417968750000222e-02 9.988818359375000178e-01 -1.005321533203125117e+00 2.642822265625000000e+00 4.400634765625000000e+00 -3.089599609375000000e+00 4.422607421875000000e+00 3.100585937500000000e-02
2.722875976562499911e-01 9.979858398437500000e-01 6.482177734375000888e-01 5.753417968750000611e-02 8.988818359375000400e-01 -1.838321533203125080e+00 -2.357177734375000000e+00 -5.993652343750000000e-01 1.910400390625000000e+00 -5.773925781250000000e-01 1.031005859375000000e+00
2.247875976562500044e-01 6.854858398437500000e-01 7.832177734375000977e-01 4.253417968749999972e-02 9.738818359374999956e-01 -1.630071533203125034e+00 -3.607177734375000000e+00 -4.349365234375000000e+00 -1.839599609375000000e+00 3.172607421875000000e+00 2.810058593750000000e-01
4.147875976562500067e-01 9.354858398437500000e-01 6.032177734375000488e-01 6.253417968749999667e-02 8.738818359375000178e-01 -7.970715332031250711e-01 1.392822265625000000e+00 6.506347656250000000e-01 3.160400390625000000e+00 -1.827392578125000000e+00 1.281005859375000000e+00
3.197875976562499778e-01 5.604858398437500000e-01 6.932177734375000178e-01 3.253417968749999778e-02 9.238818359375000622e-01 -1.213571533203125163e+00 3.892822265625000000e+00 -1.849365234375000000e+00 -4.339599609375000000e+00 -4.327392578125000000e+00 7.810058593750000000e-01
1.297875976562500033e-01 8.104858398437500000e-01 8.732177734374999556e-01 5.253417968750000167e-02 1.023881835937499929e+00 -3.805715332031249787e-01 -1.107177734375000000e+00 3.150634765625000000e+00 6.604003906250000000e-01 6.726074218750000000e-01 1.781005859375000000e+00
1.268188476562499833e-01 6.034545898437500000e-01 6.904052734375000222e-01 6.784667968750000833e-02 9.191943359374999956e-01 -6.799309082031250728e-01 2.252197265625000000e+00 2.600097656250000000e-01 -3.636474609375000000e+00 -3.936767578125000000e+00 1.538085937500000000e-02
3.168188476562500133e-01 8.534545898437500000e-01 8.704052734375000711e-01 4.784667968750000444e-02 1.019194335937499973e+00 -1.512930908203125036e+00 -2.747802734375000000e+00 -4.739990234375000000e+00 1.363525390625000000e+00 1.063232421875000000e+00 1.015380859375000000e+00
4.118188476562499867e-01 7.284545898437500000e-01 7.804052734374999911e-01 5.784667968749999944e-02 1.069194335937500018e+00 -1.096430908203124943e+00 -2.478027343750000000e-01 2.760009765625000000e+00 -1.136474609375000000e+00 3.563232421875000000e+00 5.153808593750000000e-01
2.218188476562499845e-01 9.784545898437500000e-01 6.004052734375000533e-01 3.784667968750000250e-02 9.691943359375000400e-01 -1.929430908203124906e+00 4.752197265625000000e+00 -2.239990234375000000e+00 3.863525390625000000e+00 -1.436767578125000000e+00 1.515380859375000000e+00
2.693188476562500266e-01 6.659545898437500000e-01 8.254052734375000311e-01 6.284667968750000389e-02 1.044194335937500107e+00 -1.721180908203125082e+00 1.002197265625000000e+00 -3.489990234375000000e+00 -4.886474609375000000e+00 4.813232421875000000e+00 7.653808593750000000e-01
4.593188476562499734e-01 9.159545898437500000e-01 6.454052734374999822e-01 4.284667968750000000e-02 9.441943359375000178e-01 -8.881809082031251190e-01 -3.997802734375000000e+00 1.510009765625000000e+00 1.135253906250000000e-01 -1.867675781250000000e-01 1.765380859375000000e+00
3.643188476562500000e-01 5.409545898437500000e-01 5.554052734375000133e-01 5.284667968750000194e-02 8.941943359374999734e-01 -1.304680908203124989e+00 -1.497802734375000000e+00 -9.899902343750000000e-01 -2.386474609375000000e+00 -2.686767578125000000e+00 2.653808593750000000e-01
1.743188476562499978e-01 7.909545898437500000e-01 7.354052734375000622e-01 3.284667968749999806e-02 9.941943359375000622e-01 -4.716809082031250266e-01 3.502197265625000000e+00 4.010009765625000000e+00 2.613525390625000000e+00 2.313232421875000000e+00 1.265380859375000000e+00
1.980688476562499911e-01 6.972045898437500000e-01 6.229052734375000178e-01 4.034667968749999778e-02 1.006694335937500018e+00 -3.675559082031250036e-01 1.627197265625000000e+00 -3.649902343750000000e-01 -4.261474609375000000e+00 -4.561767578125000000e+00 1.390380859375000000e+00
3.880688476562499933e-01 9.472045898437500000e-01 8.029052734374999556e-01 6.034667968750000167e-02 9.066943359375000400e-01 -1.200555908203125188e+00 -3.372802734375000000e+00 4.635009765625000000e+00 7.385253906250000000e-01 4.382324218750000000e-01 3.903808593750000000e-01
4.830688476562500222e-01 5.722045898437500000e-01 8.929052734375000355e-01 3.034667968749999931e-02 9.566943359374999734e-01 -7.840559082031250959e-01 -8.728027343750000000e-01 -2.864990234375000000e+00 -1.761474609375000000e+00 2.938232421875000000e+00 1.890380859375000000e+00
2.930688476562499645e-01 8.222045898437500000e-01 7.129052734375000977e-01 5.034667968750000666e-02 1.056694335937500062e+00 -1.617055908203125059e+00 4.127197265625000000e+00 2.135009765625000000e+00 3.238525390625000000e+00 -2.061767578125000000e+00 8.903808593750000000e-01
2.455688476562500056e-01 5.097045898437500000e-01 7.579052734375000266e-01 4.534667968750000222e-02 9.316943359375000622e-01 -1.825305908203125105e+00 3.771972656250000000e-01 3.385009765625000000e+00 -3.011474609375000000e+00 4.188232421875000000e+00 1.640380859375000000e+00
4.355688476562499800e-01 7.597045898437500000e-01 5.779052734375000888e-01 6.534667968750000611e-02 1.031694335937499929e+00 -9.923059082031251421e-01 -4.622802734375000000e+00 -1.614990234375000000e+00 1.988525390625000000e+00 -8.117675781250000000e-01 6.403808593750000000e-01
3.405688476562500067e-01 6.347045898437500000e-01 6.679052734375000577e-01 3.534667968750000028e-02 9.816943359374999956e-01 -1.408805908203125012e+00 -2.122802734375000000e+00 8.850097656250000000e-01 -5.114746093750000000e-01 -3.311767578125000000e+00 1.140380859375000000e+00
1.505688476562500044e-01 8.847045898437500000e-01 8.479052734375001066e-01 5.534667968750000416e-02 8.816943359375000178e-01 -5.758059082031250497e-01 2.877197265625000000e+00 -4.114990234375000000e+00 4.488525390625000000e+00 1.688232421875000000e+00 1.403808593750000000e-01
1.624438476562500011e-01 6.503295898437500000e-01 8.141552734375000488e-01 5.409667968750000305e-02 9.629443359375000622e-01 -1.044368408203125043e+00 -3.060302734375000000e+00 -1.302490234375000000e+00 4.176025390625000000e+00 -4.992675781250000000e-01 8.278808593750000000e-01
3.524438476562500311e-01 9.003295898437500000e-01 6.341552734375000000e-01 3.409667968749999917e-02 1.062944335937500151e+00 -1.877368408203125005e+00 1.939697265625000000e+00 3.697509765625000000e+00 -8.239746093750000000e-01 4.500732421875000000e+00 1.827880859375000000e+00
4.474438476562500044e-01 5.253295898437500000e-01 7.241552734375000799e-01 6.409667968750000500e-02 1.012944335937500107e+00 -6.278684082031251723e-01 4.439697265625000000e+00 -3.802490234375000000e+00 1.676025390625000000e+00 2.000732421875000000e+00 3.278808593750000000e-01
2.574438476562500022e-01 7.753295898437500000e-01 9.041552734375000178e-01 4.409667968750000111e-02 9.129443359375000178e-01 -1.460868408203125135e+00 -5.603027343750000000e-01 1.197509765625000000e+00 -3.323974609375000000e+00 -2.999267578125000000e+00 1.327880859375000000e+00
3.049438476562499889e-01 5.878295898437500000e-01 5.891552734375000711e-01 5.909667968750000056e-02 9.879443359374999734e-01 -1.252618408203125089e+00 -4.310302734375000000e+00 4.947509765625000000e+00 2.926025390625000000e+00 7.507324218750000000e-01 7.788085937500000000e-02
4.949438476562499911e-01 8.378295898437500000e-01 7.691552734375000089e-01 3.909667968749999667e-02 8.879443359374999956e-01 -4.196184082031251261e-01 6.896972656250000000e-01 -5.249023437500000000e-02 -2.073974609375000000e+00 -4.249267578125000000e+00 1.077880859375000000e+00
3.999438476562500178e-01 7.128295898437500000e-01 8.591552734375000888e-01 6.909667968750000944e-02 9.379443359375000400e-01 -1.669118408203124959e+00 3.189697265625000000e+00 2.447509765625000000e+00 4.260253906250000000e-01 -1.749267578125000000e+00 5.778808593750000000e-01
2.099438476562500155e-01 9.628295898437500000e-01 6.791552734375000400e-01 4.909667968750000555e-02 1.037944335937500018e+00 -8.361184082031249964e-01 -1.810302734375000000e+00 -2.552490234375000000e+00 -4.573974609375000000e+00 3.250732421875000000e+00 1.577880859375000000e+00
1.861938476562499944e-01 5.565795898437500000e-01 8.816552734375000533e-01 3.659667968750000139e-02 1.050444335937499973e+00 -9.402434082031250195e-01 -3.685302734375000000e+00 1.822509765625000000e+00 3.551025390625000000e+00 -1.124267578125000000e+00 1.702880859375000000e+00
3.761938476562500244e-01 8.065795898437500000e-01 7.016552734375000044e-01 5.659667968750000527e-02 9.504443359374999956e-01 -1.773243408203124982e+00 1.314697265625000000e+00 -3.177490234375000000e+00 -1.448974609375000000e+00 3.875732421875000000e+00 7.028808593750000000e-01
4.711938476562499978e-01 6.815795898437500000e-01 6.116552734375000355e-01 4.659667968750000333e-02 9.004443359375000622e-01 -5.237434082031251492e-01 3.814697265625000000e+00 4.322509765625000000e+00 1.051025390625000000e+00 1.375732421875000000e+00 1.202880859375000000e+00
2.811938476562499956e-01 9.315795898437500000e-01 7.916552734374999734e-01 6.659667968750000722e-02 1.000444335937499929e+00 -1.356743408203124890e+00 -1.185302734375000000e+00 -6.774902343750000000e-01 -3.948974609375000000e+00 -3.624267578125000000e+00 2.028808593750000000e-01
2.336938476562500089e-01 7.440795898437500000e-01 6.566552734375000755e-01 3.159667968749999695e-02 8.754443359375000400e-01 -1.564993408203124936e+00 -4.935302734375000000e+00 -4.427490234375000000e+00 4.801025390625000000e+00 1.257324218750000000e-01 1.452880859375000000e+00
4.236938476562500111e-01 9.940795898437500000e-01 8.366552734375000133e-01 5.159667968750000777e-02 9.754443359375000178e-01 -7.319934082031249734e-01 6.469726562500000000e-02 5.725097656250000000e-01 -1.989746093750000000e-01 -4.874267578125000000e+00 4.528808593750000000e-01
3.286938476562499822e-01 6.190795898437500000e-01 7.466552734375000444e-01 4.159667968749999889e-02 1.025444335937500062e+00 -1.981493408203125028e+00 2.564697265625000000e+00 -1.927490234375000000e+00 2.301025390625000000e+00 -2.374267578125000000e+00 1.952880859375000000e+00
1.386938476562500078e-01 8.690795898437500000e-01 5.666552734374999956e-01 6.159667968750000278e-02 9.254443359374999734e-01 -1.148493408203125066e+00 -2.435302734375000000e+00 3.072509765625000000e+00 -2.698974609375000000e+00 2.625732421875000000e+00 9.528808593750000000e-01
1.327563476562499956e-01 7.206420898437500000e-01 9.097802734375000089e-01 4.597167968750000278e-02 9.785693359375000622e-01 -1.278649658203125039e+00 4.908447265625000000e+00 -3.333740234375000000e+00 2.144775390625000000e+00 -4.093017578125000000e+00 4.216308593750000000e-01
3.227563476562499978e-01 9.706420898437500000e-01 7.297802734375000711e-01 6.597167968750000666e-02 8.785693359374999734e-01 -4.456496582031250764e-01 -9.155273437500000000e-02 1.666259765625000000e+00 -2.855224609375000000e+00 9.069824218750000000e-01 1.421630859375000000e+00
4.177563476562500266e-01 5.956420898437500000e-01 6.397802734374999911e-01 3.597167968750000083e-02 9.285693359375000178e-01 -1.695149658203125131e+00 -2.591552734375000000e+00 -8.337402343750000000e-01 4.644775390625000000e+00 3.406982421875000000e+00 9.216308593750000000e-01
2.277563476562499967e-01 8.456420898437500000e-01 8.197802734375000400e-01 5.597167968750000472e-02 1.028569335937500107e+00 -8.621496582031249467e-01 2.408447265625000000e+00 4.166259765625000000e+00 -3.552246093750000000e-01 -1.593017578125000000e+00 1.921630859375000000e+00
2.752563476562500111e-01 5.331420898437500000e-01 6.847802734375000311e-01 4.097167968749999833e-02 9.535693359375000400e-01 -1.070399658203124993e+00 3.658447265625000000e+00 4.162597656250000000e-01 8.947753906250000000e-01 4.656982421875000000e+00 6.716308593750000000e-01
4.652563476562500133e-01 7.831420898437500000e-01 8.647802734375000799e-01 6.097167968750000222e-02 1.053569335937500018e+00 -1.903399658203124956e+00 -1.341552734375000000e+00 -4.583740234375000000e+00 -4.105224609375000000e+00 -3.430175781250000000e-01 1.671630859375000000e+00
3.702563476562499845e-01 6.581420898437500000e-01 7.747802734375000000e-01 3.097167968749999986e-02 1.003569335937499973e+00 -6.538996582031251226e-01 -3.841552734375000000e+00 2.916259765625000000e+00 3.394775390625000000e+00 -2.843017578125000000e+00 1.716308593750000000e-01
1.802563476562499822e-01 9.081420898437500000e-01 5.947802734375000622e-01 5.097167968750000722e-02 9.035693359374999956e-01 -1.486899658203125085e+00 1.158447265625000000e+00 -2.083740234375000000e+00 -1.605224609375000000e+00 2.156982421875000000e+00 1.171630859375000000e+00
2.040063476562500033e-01 5.643920898437500000e-01 7.972802734375000755e-01 6.347167968750000444e-02 8.910693359375000400e-01 -1.382774658203125062e+00 4.283447265625000000e+00 3.541259765625000000e+00 2.697753906250000000e-01 -4.718017578125000000e+00 1.046630859375000000e+00
3.940063476562499778e-01 8.143920898437500000e-01 6.172802734375000266e-01 4.347167968750000056e-02 9.910693359375000178e-01 -5.497746582031250995e-01 -7.165527343750000000e-01 -1.458740234375000000e+00 -4.730224609375000000e+00 2.819824218750000000e-01 4.663085937500000000e-02
4.890063476562500067e-01 6.893920898437500000e-01 7.072802734375001066e-01 5.347167968750000250e-02 1.041069335937500062e+00 -1.799274658203124932e+00 -3.216552734375000000e+00 1.041259765625000000e+00 2.769775390625000000e+00 2.781982421875000000e+00 1.546630859375000000e+00
2.990063476562500044e-01 9.393920898437500000e-01 8.872802734375000444e-01 3.347167968749999861e-02 9.410693359374999734e-01 -9.662746582031249698e-01 1.783447265625000000e+00 -3.958740234375000000e+00 -2.230224609375000000e+00 -2.218017578125000000e+00 5.466308593750000000e-01
2.515063476562500178e-01 6.268920898437500000e-01 5.722802734375000977e-01 6.847167968750000888e-02 1.066069335937499973e+00 -7.580246582031251457e-01 3.033447265625000000e+00 -2.087402343750000000e-01 1.519775390625000000e+00 4.031982421875000000e+00 1.796630859375000000e+00
4.415063476562500200e-01 8.768920898437500000e-01 7.522802734375000355e-01 4.847167968750000500e-02 9.660693359374999956e-01 -1.591024658203124886e+00 -1.966552734375000000e+00 4.791259765625000000e+00 -3.480224609375000000e+00 -9.680175781250000000e-01 7.966308593750000000e-01
3.465063476562499911e-01 5.018920898437500000e-01 8.422802734375001155e-01 5.847167968750000000e-02 9.160693359375000622e-01 -3.415246582031250533e-01 -4.466552734375000000e+00 -2.708740234375000000e+00 4.019775390625000000e+00 -3.468017578125000000e+00 1.296630859375000000e+00
1.565063476562499889e-01 7.518920898437500000e-01 6.622802734375000666e-01 3.847167968750000305e-02 1.016069335937499929e+00 -1.174524658203125016e+00 5.334472656250000000e-01 2.291259765625000000e+00 -9.802246093750000000e-01 1.531982421875000000e+00 2.966308593750000000e-01
1.446313476562499922e-01 5.175170898437500000e-01 6.060302734375000444e-01 3.222167968749999750e-02 1.022319335937500018e+00 -1.643087158203125009e+00 -4.040527343750000000e-01 4.478759765625000000e+00 -4.272460937500000000e-02 -3.051757812500000000e-02 7.341308593750000000e-01
3.346313476562500222e-01 7.675170898437500000e-01 7.860302734374999822e-01 5.222167968750000833e-02 9.223193359375000400e-01 -8.100871582031250462e-01 4.595947265625000000e+00 -5.212402343750000000e-01 4.957275390625000000e+00 4.969482421875000000e+00 1.734130859375000000e+00
4.296313476562499956e-01 6.425170898437500000e-01 8.760302734375000622e-01 4.222167968749999944e-02 8.723193359374999956e-01 -1.226587158203125139e+00 2.095947265625000000e+00 1.978759765625000000e+00 -2.542724609375000000e+00 2.469482421875000000e+00 2.341308593750000000e-01
2.396313476562499933e-01 8.925170898437500000e-01 6.960302734375000133e-01 6.222167968750000333e-02 9.723193359374999734e-01 -3.935871582031251759e-01 -2.904052734375000000e+00 -3.021240234375000000e+00 2.457275390625000000e+00 -2.530517578125000000e+00 1.234130859375000000e+00
2.871313476562500355e-01 7.050170898437500000e-01 7.410302734375000533e-01 3.722167968750000194e-02 8.973193359375000178e-01 -6.018371582031250000e-01 -1.654052734375000000e+00 -1.771240234375000000e+00 -1.292724609375000000e+00 1.219482421875000000e+00 4.841308593750000000e-01
4.771313476562499822e-01 9.550170898437500000e-01 5.610302734375000044e-01 5.722167968750000583e-02 9.973193359375001066e-01 -1.434837158203125185e+00 3.345947265625000000e+00 3.228759765625000000e+00 3.707275390625000000e+00 -3.780517578125000000e+00 1.484130859375000000e+00
3.821313476562500089e-01 5.800170898437500000e-01 6.510302734375000844e-01 4.722167968750000389e-02 1.047319335937500151e+00 -1.018337158203125092e+00 8.459472656250000000e-01 -4.271240234375000000e+00 -3.792724609375000000e+00 -1.280517578125000000e+00 9.841308593750000000e-01
1.921313476562500067e-01 8.300170898437500000e-01 8.310302734375000222e-01 6.722167968750000777e-02 9.473193359375000622e-01 -1.851337158203125055e+00 -4.154052734375000000e+00 7.287597656250000000e-01 1.207275390625000000e+00 3.719482421875000000e+00 1.984130859375000000e+00
1.683813476562500133e-01 6.737670898437500000e-01 7.185302734375000888e-01 5.972167968750000111e-02 9.348193359374999956e-01 -1.955462158203125078e+00 -1.029052734375000000e+00 -4.896240234375000000e+00 -1.917724609375000000e+00 -6.555175781250000000e-01 1.859130859375000000e+00
3.583813476562499600e-01 9.237670898437500000e-01 8.985302734375000266e-01 3.972167968749999722e-02 1.034819335937499973e+00 -1.122462158203124893e+00 3.970947265625000000e+00 1.037597656250000000e-01 3.082275390625000000e+00 4.344482421875000000e+00 8.591308593750000000e-01
4.533813476562499889e-01 5.487670898437500000e-01 8.085302734375000577e-01 6.972167968750000999e-02 9.848193359375000400e-01 -1.538962158203124986e+00 1.470947265625000000e+00 -2.396240234375000000e+00 -4.417724609375000000e+00 1.844482421875000000e+00 1.359130859375000000e+00
2.633813476562499867e-01 7.987670898437500000e-01 6.285302734375000089e-01 4.972167968750000611e-02 8.848193359374999512e-01 -7.059621582031250231e-01 -3.529052734375000000e+00 2.603759765625000000e+00 5.822753906250000000e-01 -3.155517578125000000e+00 3.591308593750000000e-01
2.158813476562500000e-01 6.112670898437500000e-01 8.535302734375000977e-01 5.472167968750000361e-02 1.009819335937500062e+00 -4.977121582031249769e-01 -2.279052734375000000e+00 1.353759765625000000e+00 -6.677246093750000000e-01 5.944824218750000000e-01 1.109130859375000000e+00
4.058813476562500022e-01 8.612670898437500000e-01 6.735302734375000488e-01 3.472167968749999972e-02 9.098193359374999734e-01 -1.330712158203124940e+00 2.720947265625000000e+00 -3.646240234375000000e+00 4.332275390625000000e+00 -4.405517578125000000e+00 1.091308593750000000e-01
3.108813476562499734e-01 7.362670898437500000e-01 5.835302734375000799e-01 6.472167968750000555e-02 9.598193359375000178e-01 -9.142121582031250693e-01 2.209472656250000000e-01 3.853759765625000000e+00 -3.167724609375000000e+00 -1.905517578125000000e+00 1.609130859375000000e+00
1.208813476562499989e-01 9.862670898437500000e-01 7.635302734375000178e-01 4.472167968750000167e-02 1.059819335937500107e+00 -1.747212158203125032e+00 -4.779052734375000000e+00 -1.146240234375000000e+00 1.832275390625000000e+00 3.094482421875000000e+00 6.091308593750000000e-01
1.212524414062499944e-01 6.098022460937500000e-01 6.000537109375000400e-01 5.554199218750000000e-02 9.318896484374999956e-01 -3.984680175781250000e-01 4.097900390625000000e+00 -4.272460937500000000e-02 -2.239990234375000000e+00 -1.602783203125000000e+00 8.337402343750000000e-01
3.112524414062499689e-01 8.598022460937500000e-01 7.800537109375000888e-01 3.554199218749999611e-02 1.031889648437499973e+00 -1.231468017578125185e+00 -9.020996093750000000e-01 4.957275390625000000e+00 2.760009765625000000e+00 3.397216796875000000e+00 1.833740234375000000e+00
4.062524414062499978e-01 7.348022460937500000e-01 8.700537109375000577e-01 6.554199218750000888e-02 9.818896484375000400e-01 -8.149680175781250924e-01 -3.402099609375000000e+00 -2.542724609375000000e+00 -4.739990234375000000e+00 8.972167968750000000e-01 3.337402343750000000e-01
2.162524414062499956e-01 9.848022460937500000e-01 6.900537109375000089e-01 4.554199218750000500e-02 8.818896484374999512e-01 -1.647968017578125055e+00 1.597900390625000000e+00 2.457275390625000000e+00 2.600097656250000000e-01 -4.102783203125000000e+00 1.333740234375000000e+00
2.637524414062499822e-01 6.723022460937500000e-01 7.350537109375000488e-01 5.054199218750000250e-02 1.006889648437500062e+00 -1.856218017578125101e+00 2.847900390625000000e+00 3.707275390625000000e+00 -9.899902343750000000e-01 2.147216796875000000e+00 8.374023437500000000e-02
4.537524414062499845e-01 9.223022460937500000e-01 5.550537109375000000e-01 3.054199218749999861e-02 9.068896484374999734e-01 -1.023218017578125139e+00 -2.152099609375000000e+00 -1.292724609375000000e+00 4.010009765625000000e+00 -2.852783203125000000e+00 1.083740234375000000e+00
3.587524414062500111e-01 5.473022460937500000e-01 6.450537109375000799e-01 6.054199218750000444e-02 9.568896484375000178e-01 -1.439718017578125009e+00 -4.652099609375000000e+00 1.207275390625000000e+00 -3.489990234375000000e+00 -3.527832031250000000e-01 5.837402343750000000e-01
1.687524414062500089e-01 7.973022460937500000e-01 8.250537109375000178e-01 4.054199218750000056e-02 1.056889648437500107e+00 -6.067180175781250462e-01 3.479003906250000000e-01 -3.792724609375000000e+00 1.510009765625000000e+00 4.647216796875000000e+00 1.583740234375000000e+00
1.925024414062500022e-01 7.035522460937500000e-01 7.125537109374999734e-01 3.304199218750000083e-02 1.044389648437499929e+00 -7.108430175781250693e-01 4.722900390625000000e+00 5.822753906250000000e-01 -3.649902343750000000e-01 -2.227783203125000000e+00 1.708740234375000000e+00
3.825024414062500044e-01 9.535522460937500000e-01 8.925537109375000222e-01 5.304199218750000472e-02 9.443896484375000622e-01 -1.543843017578125032e+00 -2.770996093750000000e-01 -4.417724609375000000e+00 4.635009765625000000e+00 2.772216796875000000e+00 7.087402343750000000e-01
4.775024414062499778e-01 5.785522460937500000e-01 8.025537109375000533e-01 4.304199218750000278e-02 8.943896484375000178e-01 -1.127343017578124940e+00 -2.777099609375000000e+00 3.082275390625000000e+00 -2.864990234375000000e+00 2.722167968750000000e-01 1.208740234375000000e+00
2.875024414062500311e-01 8.285522460937500000e-01 6.225537109375000044e-01 6.304199218750000666e-02 9.943896484374999956e-01 -1.960343017578124902e+00 2.222900390625000000e+00 -1.917724609375000000e+00 2.135009765625000000e+00 -4.727783203125000000e+00 2.087402343750000000e-01
2.400024414062499889e-01 5.160522460937500000e-01 8.475537109374999822e-01 3.804199218749999833e-02 9.193896484375000400e-01 -1.752093017578125078e+00 3.472900390625000000e+00 -3.167724609375000000e+00 -1.614990234375000000e+00 1.522216796875000000e+00 1.458740234375000000e+00
4.300024414062499911e-01 7.660522460937500000e-01 6.675537109375000444e-01 5.804199218750000222e-02 1.019389648437500018e+00 -9.190930175781251155e-01 -1.527099609375000000e+00 1.832275390625000000e+00 3.385009765625000000e+00 -3.477783203125000000e+00 4.587402343750000000e-01
3.350024414062500178e-01 6.410522460937500000e-01 5.775537109375000755e-01 4.804199218750000722e-02 1.069389648437500062e+00 -1.335593017578124986e+00 -4.027099609375000000e+00 -6.677246093750000000e-01 -4.114990234375000000e+00 -9.777832031250000000e-01 1.958740234375000000e+00
1.450024414062499878e-01 8.910522460937500000e-01 7.575537109375000133e-01 6.804199218750001110e-02 9.693896484374999734e-01 -5.025930175781250231e-01 9.729003906250000000e-01 4.332275390625000000e+00 8.850097656250000000e-01 4.022216796875000000e+00 9.587402343750000000e-01
1.568774414062499845e-01 6.254272460937500000e-01 9.038037109375000044e-01 6.179199218750000555e-02 8.756396484374999734e-01 -8.670305175781249929e-01 -1.214599609375000000e+00 1.519775390625000000e+00 5.725097656250000000e-01 -2.540283203125000000e+00 2.124023437500000000e-02
3.468774414062499867e-01 8.754272460937500000e-01 7.238037109375000666e-01 4.179199218750000167e-02 9.756396484375000622e-01 -1.700030517578124956e+00 3.785400390625000000e+00 -3.480224609375000000e+00 -4.427490234375000000e+00 2.459716796875000000e+00 1.021240234375000000e+00
4.418774414062500155e-01 5.004272460937500000e-01 6.338037109375000977e-01 5.179199218750000361e-02 1.025639648437500107e+00 -4.505305175781251226e-01 1.285400390625000000e+00 4.019775390625000000e+00 3.072509765625000000e+00 4.959716796875000000e+00 5.212402343750000000e-01
2.518774414062500133e-01 7.504272460937500000e-01 8.138037109375000355e-01 3.179199218749999972e-02 9.256396484375000178e-01 -1.283530517578125085e+00 -3.714599609375000000e+00 -9.802246093750000000e-01 -1.927490234375000000e+00 -4.028320312500000000e-02 1.521240234375000000e+00
2.993774414062500000e-01 5.629272460937500000e-01 6.788037109375000266e-01 6.679199218750000999e-02 1.050639648437500018e+00 -1.491780517578125131e+00 -2.464599609375000000e+00 -4.730224609375000000e+00 1.822509765625000000e+00 3.709716796875000000e+00 7.712402343750000000e-01
4.893774414062500022e-01 8.129272460937500000e-01 8.588037109374999645e-01 4.679199218750000611e-02 9.506396484375000400e-01 -6.587805175781251688e-01 2.535400390625000000e+00 2.697753906250000000e-01 -3.177490234375000000e+00 -1.290283203125000000e+00 1.771240234375000000e+00
3.943774414062499734e-01 6.879272460937500000e-01 7.688037109374999956e-01 5.679199218750000111e-02 9.006396484374999956e-01 -1.908280517578125002e+00 3.540039062500000000e-02 -2.230224609375000000e+00 4.322509765625000000e+00 -3.790283203125000000e+00 2.712402343750000000e-01
2.043774414062499989e-01 9.379272460937500000e-01 5.888037109375000577e-01 3.679199218749999722e-02 1.000639648437499973e+00 -1.075280517578125039e+00 -4.964599609375000000e+00 2.769775390625000000e+00 -6.774902343750000000e-01 1.209716796875000000e+00 1.271240234375000000e+00
1.806274414062500056e-01 5.316772460937500000e-01 7.913037109375000711e-01 4.929199218750000139e-02 9.881396484375000178e-01 -9.711555175781250160e-01 -5.895996093750000000e-01 -1.605224609375000000e+00 2.447509765625000000e+00 -3.165283203125000000e+00 1.396240234375000000e+00
3.706274414062499800e-01 7.816772460937500000e-01 6.113037109375000222e-01 6.929199218750001221e-02 8.881396484375000400e-01 -1.804155517578124979e+00 4.410400390625000000e+00 3.394775390625000000e+00 -2.552490234375000000e+00 1.834716796875000000e+00 3.962402343750000000e-01
4.656274414062500089e-01 6.566772460937500000e-01 7.013037109374999911e-01 3.929199218749999944e-02 9.381396484374999734e-01 -5.546555175781251457e-01 1.910400390625000000e+00 -4.105224609375000000e+00 4.947509765625000000e+00 4.334716796875000000e+00 1.896240234375000000e+00
2.756274414062500067e-01 9.066772460937500000e-01 8.813037109375000400e-01 5.929199218750000333e-02 1.038139648437500062e+00 -1.387655517578124886e+00 -3.089599609375000000e+00 8.947753906250000000e-01 -5.249023437500000000e-02 -6.652832031250000000e-01 8.962402343750000000e-01
2.281274414062499922e-01 7.191772460937500000e-01 5.663037109375000933e-01 4.429199218750000389e-02 9.631396484374999956e-01 -1.179405517578125062e+00 -1.839599609375000000e+00 4.644775390625000000e+00 1.197509765625000000e+00 3.084716796875000000e+00 1.646240234375000000e+00
4.181274414062500222e-01 9.691772460937500000e-01 7.463037109375000311e-01 6.429199218750000777e-02 1.063139648437499973e+00 -3.464055175781250995e-01 3.160400390625000000e+00 -3.552246093750000000e-01 -3.802490234375000000e+00 -1.915283203125000000e+00 6.462402343750000000e-01
3.231274414062499933e-01 5.941772460937500000e-01 8.363037109375000000e-01 3.429199218750000194e-02 1.013139648437499929e+00 -1.595905517578124932e+00 6.604003906250000000e-01 2.144775390625000000e+00 3.697509765625000000e+00 -4.415283203125000000e+00 1.146240234375000000e+00
1.331274414062499911e-01 8.441772460937500000e-01 6.563037109375000622e-01 5.429199218749999889e-02 9.131396484375000622e-01 -7.629055175781249698e-01 -4.339599609375000000e+00 -2.855224609375000000e+00 -1.302490234375000000e+00 5.847167968750000000e-01 1.462402343750000000e-01
1.390649414062500033e-01 7.426147460937500000e-01 8.194287109375000266e-01 3.866699218749999889e-02 1.066264648437500018e+00 -1.465749267578125181e+00 1.754150390625000000e+00 3.238525390625000000e+00 3.228759765625000000e+00 -1.446533203125000000e+00 7.399902343750000000e-01
3.290649414062499778e-01 9.926147460937500000e-01 6.394287109375000888e-01 5.866699218750000278e-02 9.662646484375000400e-01 -6.327492675781249964e-01 -3.245849609375000000e+00 -1.761474609375000000e+00 -1.771240234375000000e+00 3.553466796875000000e+00 1.739990234375000000e+00
4.240649414062500067e-01 6.176147460937500000e-01 7.294287109375000577e-01 4.866699218750000083e-02 9.162646484374999956e-01 -1.882249267578125052e+00 -7.458496093750000000e-01 7.385253906250000000e-01 7.287597656250000000e-01 1.053466796875000000e+00 2.399902343750000000e-01
2.340649414062500044e-01 8.676147460937500000e-01 9.094287109375001066e-01 6.866699218749999778e-02 1.016264648437499973e+00 -1.049249267578125089e+00 4.254150390625000000e+00 -4.261474609375000000e+00 -4.271240234375000000e+00 -3.946533203125000000e+00 1.239990234375000000e+00
2.815649414062499911e-01 5.551147460937500000e-01 5.944287109375000488e-01 3.366699218750000139e-02 8.912646484374999734e-01 -8.409992675781250426e-01 5.041503906250000000e-01 -5.114746093750000000e-01 4.478759765625000000e+00 2.303466796875000000e+00 4.899902343750000000e-01
4.715649414062499933e-01 8.051147460937500000e-01 7.744287109375000977e-01 5.366699218749999833e-02 9.912646484375000622e-01 -1.673999267578125005e+00 -4.495849609375000000e+00 4.488525390625000000e+00 -5.212402343750000000e-01 -2.696533203125000000e+00 1.489990234375000000e+00
3.765649414062500200e-01 6.801147460937500000e-01 8.644287109374999556e-01 4.366699218750000333e-02 1.041264648437500107e+00 -4.244992675781251723e-01 -1.995849609375000000e+00 -3.011474609375000000e+00 1.978759765625000000e+00 -1.965332031250000000e-01 9.899902343750000000e-01
1.865649414062499900e-01 9.301147460937500000e-01 6.844287109375000178e-01 6.366699218750000722e-02 9.412646484375000178e-01 -1.257499267578125135e+00 3.004150390625000000e+00 1.988525390625000000e+00 -3.021240234375000000e+00 4.803466796875000000e+00 1.989990234375000000e+00
2.103149414062500111e-01 5.863647460937500000e-01 8.869287109375000311e-01 5.116699218750000305e-02 9.537646484374999734e-01 -1.361624267578124936e+00 2.379150390625000000e+00 -3.636474609375000000e+00 3.853759765625000000e+00 -2.071533203125000000e+00 1.864990234375000000e+00
4.003149414062500133e-01 8.363647460937500000e-01 7.069287109374999822e-01 3.116699218749999917e-02 1.053764648437500062e+00 -5.286242675781249734e-01 -2.620849609375000000e+00 1.363525390625000000e+00 -1.146240234375000000e+00 2.928466796875000000e+00 8.649902343750000000e-01
4.953149414062499867e-01 7.113647460937500000e-01 6.169287109375000133e-01 6.116699218750000500e-02 1.003764648437500018e+00 -1.778124267578125028e+00 -1.208496093750000000e-01 -1.136474609375000000e+00 1.353759765625000000e+00 4.284667968750000000e-01 1.364990234375000000e+00
3.053149414062499845e-01 9.613647460937500000e-01 7.969287109375000622e-01 4.116699218750000111e-02 9.037646484375000400e-01 -9.451242675781250657e-01 4.879150390625000000e+00 3.863525390625000000e+00 -3.646240234375000000e+00 -4.571533203125000000e+00 3.649902343750000000e-01
2.578149414062499978e-01 6.488647460937500000e-01 6.619287109375000533e-01 5.616699218750000056e-02 9.787646484374999956e-01 -1.153374267578124890e+00 1.129150390625000000e+00 1.135253906250000000e-01 2.603759765625000000e+00 1.678466796875000000e+00 1.114990234375000000e+00
4.478149414062500000e-01 8.988647460937500000e-01 8.419287109374999911e-01 3.616699218749999667e-02 8.787646484375000178e-01 -1.986374267578125075e+00 -3.870849609375000000e+00 -4.886474609375000000e+00 -2.396240234375000000e+00 -3.321533203125000000e+00 1.149902343750000000e-01
3.528149414062500266e-01 5.238647460937500000e-01 7.519287109375000222e-01 6.616699218749999556e-02 9.287646484375000622e-01 -7.368742675781250195e-01 -1.370849609375000000e+00 2.613525390625000000e+00 1.037597656250000000e-01 -8.215332031250000000e-01 1.614990234375000000e+00
1.628149414062499967e-01 7.738647460937500000e-01 5.719287109375000844e-01 4.616699218750000555e-02 1.028764648437499929e+00 -1.569874267578124982e+00 3.629150390625000000e+00 -2.386474609375000000e+00 -4.896240234375000000e+00 4.178466796875000000e+00 6.149902343750000000e-01
1.509399414062500000e-01 5.082397460937500000e-01 6.956787109375000000e-01 4.491699218750000444e-02 1.010014648437500107e+00 -1.934311767578124952e+00 -3.558349609375000000e+00 -4.573974609375000000e+00 -3.958740234375000000e+00 -3.009033203125000000e+00 4.274902343750000000e-01
3.409399414062500022e-01 7.582397460937500000e-01 8.756787109375000488e-01 6.491699218750000833e-02 9.100146484375000178e-01 -1.101311767578124989e+00 1.441650390625000000e+00 4.260253906250000000e-01 1.041259765625000000e+00 1.990966796875000000e+00 1.427490234375000000e+00
4.359399414062499756e-01 6.332397460937500000e-01 7.856787109375000799e-01 3.491699218750000250e-02 9.600146484375000622e-01 -1.517811767578125082e+00 3.941650390625000000e+00 -2.073974609375000000e+00 -1.458740234375000000e+00 4.490966796875000000e+00 9.274902343750000000e-01
2.459399414062500011e-01 8.832397460937500000e-01 6.056787109375000311e-01 5.491699218749999944e-02 1.060014648437500151e+00 -6.848117675781251190e-01 -1.058349609375000000e+00 2.926025390625000000e+00 3.541259765625000000e+00 -5.090332031250000000e-01 1.927490234375000000e+00
2.934399414062499600e-01 6.957397460937500000e-01 8.306787109375000089e-01 4.991699218750000194e-02 9.350146484375000400e-01 -4.765617675781250728e-01 -4.808349609375000000e+00 1.676025390625000000e+00 -2.708740234375000000e+00 3.240966796875000000e+00 6.774902343750000000e-01
4.834399414062500178e-01 9.457397460937500000e-01 6.506787109375000711e-01 6.991699218749999889e-02 1.035014648437500018e+00 -1.309561767578125036e+00 1.916503906250000000e-01 -3.323974609375000000e+00 2.291259765625000000e+00 -1.759033203125000000e+00 1.677490234375000000e+00
3.884399414062499889e-01 5.707397460937500000e-01 5.606787109374999911e-01 3.991699218750000000e-02 9.850146484374999734e-01 -8.930617675781249432e-01 2.691650390625000000e+00 4.176025390625000000e+00 -2.087402343750000000e-01 -4.259033203125000000e+00 1.774902343750000000e-01
1.984399414062499867e-01 8.207397460937500000e-01 7.406787109375000400e-01 5.991699218750000389e-02 8.850146484374999956e-01 -1.726061767578125128e+00 -2.308349609375000000e+00 -8.239746093750000000e-01 4.791259765625000000e+00 7.409667968750000000e-01 1.177490234375000000e+00
1.746899414062499933e-01 6.644897460937500000e-01 6.281787109374999956e-01 6.741699218749999667e-02 8.975146484374999512e-01 -1.621936767578124883e+00 -2.933349609375000000e+00 4.801025390625000000e+00 -3.333740234375000000e+00 -3.634033203125000000e+00 1.052490234375000000e+00
3.646899414062499956e-01 9.144897460937500000e-01 8.081787109375000444e-01 4.741699218750000666e-02 9.975146484375000400e-01 -7.889367675781251421e-01 2.066650390625000000e+00 -1.989746093750000000e-01 1.666259765625000000e+00 1.365966796875000000e+00 5.249023437500000000e-02
4.596899414062500244e-01 5.394897460937500000e-01 8.981787109375000133e-01 5.741699218750000167e-02 1.047514648437499973e+00 -1.205436767578125012e+00 4.566650390625000000e+00 2.301025390625000000e+00 -8.337402343750000000e-01 3.865966796875000000e+00 1.552490234375000000e+00
2.696899414062500222e-01 7.894897460937500000e-01 7.181787109375000755e-01 3.741699218749999778e-02 9.475146484374999956e-01 -3.724367675781250497e-01 -4.333496093750000000e-01 -2.698974609375000000e+00 4.166259765625000000e+00 -1.134033203125000000e+00 5.524902343750000000e-01
2.221899414062499800e-01 6.019897460937500000e-01 7.631787109375000044e-01 6.241699218750000611e-02 1.022514648437500062e+00 -5.806867675781250959e-01 -4.183349609375000000e+00 -1.448974609375000000e+00 -4.583740234375000000e+00 2.615966796875000000e+00 1.802490234375000000e+00
4.121899414062499822e-01 8.519897460937500000e-01 5.831787109375000666e-01 4.241699218750000222e-02 9.225146484374999734e-01 -1.413686767578125059e+00 8.166503906250000000e-01 3.551025390625000000e+00 4.162597656250000000e-01 -2.384033203125000000e+00 8.024902343750000000e-01
3.171899414062500089e-01 7.269897460937500000e-01 6.731787109375000355e-01 5.241699218750000416e-02 8.725146484375000400e-01 -9.971867675781249662e-01 3.316650390625000000e+00 -3.948974609375000000e+00 -2.083740234375000000e+00 -4.884033203125000000e+00 1.302490234375000000e+00
1.271899414062500067e-01 9.769897460937500000e-01 8.531787109374999734e-01 3.241699218750000028e-02 9.725146484375000178e-01 -1.830186767578124929e+00 -1.683349609375000000e+00 1.051025390625000000e+00 2.916259765625000000e+00 1.159667968750000000e-01 3.024902343750000000e-01
1.301586914062499989e-01 6.840209960937500000e-01 6.647412109375000488e-01 4.710449218749999944e-02 9.647021484375000178e-01 -1.739077392578125103e+00 5.822753906250000000e-01 3.004150390625000000e+00 -2.868652343750000000e-01 -4.649658203125000000e+00 1.536865234375000000e+00
3.201586914062499734e-01 9.340209960937500000e-01 8.447412109375000977e-01 6.710449218750000333e-02 1.064702148437500107e+00 -9.060773925781251403e-01 -4.417724609375000000e+00 -1.995849609375000000e+00 4.713134765625000000e+00 3.503417968750000000e-01 5.368652343750000000e-01
4.151586914062500022e-01 5.590209960937500000e-01 7.547412109375000178e-01 3.710449218749999750e-02 1.014702148437500062e+00 -1.322577392578125011e+00 -1.917724609375000000e+00 5.041503906250000000e-01 -2.786865234375000000e+00 2.850341796875000000e+00 1.036865234375000000e+00
2.251586914062500000e-01 8.090209960937500000e-01 5.747412109375000799e-01 5.710449218750000833e-02 9.147021484374999734e-01 -4.895773925781250480e-01 3.082275390625000000e+00 -4.495849609375000000e+00 2.213134765625000000e+00 -2.149658203125000000e+00 3.686523437500000000e-02
2.726586914062499867e-01 6.215209960937500000e-01 8.897412109375000266e-01 4.210449218750000194e-02 9.897021484375000400e-01 -6.978273925781250941e-01 1.832275390625000000e+00 -7.458496093750000000e-01 -1.536865234375000000e+00 4.100341796875000000e+00 1.286865234375000000e+00
4.626586914062499889e-01 8.715209960937500000e-01 7.097412109375000888e-01 6.210449218750000583e-02 8.897021484374999512e-01 -1.530827392578125057e+00 -3.167724609375000000e+00 4.254150390625000000e+00 3.463134765625000000e+00 -8.996582031250000000e-01 2.868652343750000000e-01
3.676586914062499600e-01 7.465209960937500000e-01 6.197412109375000089e-01 3.210449218750000000e-02 9.397021484374999956e-01 -1.114327392578124964e+00 -6.677246093750000000e-01 -3.245849609375000000e+00 -4.036865234375000000e+00 -3.399658203125000000e+00 1.786865234375000000e+00
1.776586914062500133e-01 9.965209960937500000e-01 7.997412109375000577e-01 5.210449218750000389e-02 1.039702148437499973e+00 -1.947327392578124927e+00 4.332275390625000000e+00 1.754150390625000000e+00 9.631347656250000000e-01 1.600341796875000000e+00 7.868652343750000000e-01
2.014086914062500067e-01 5.277709960937500000e-01 5.522412109375000044e-01 6.460449218750000111e-02 1.052202148437500151e+00 -1.843202392578124904e+00 1.207275390625000000e+00 -2.620849609375000000e+00 -2.161865234375000000e+00 -4.024658203125000000e+00 9.118652343750000000e-01
3.914086914062500089e-01 7.777709960937500000e-01 7.322412109375000533e-01 4.460449218750000416e-02 9.522021484375000622e-01 -1.010202392578125163e+00 -3.792724609375000000e+00 2.379150390625000000e+00 2.838134765625000000e+00 9.753417968750000000e-01 1.911865234375000000e+00
4.864086914062499822e-01 6.527709960937500000e-01 8.222412109375000222e-01 5.460449218750000611e-02 9.022021484375000178e-01 -1.426702392578125034e+00 -1.292724609375000000e+00 -1.208496093750000000e-01 -4.661865234375000000e+00 3.475341796875000000e+00 4.118652343750000000e-01
2.964086914062500355e-01 9.027709960937500000e-01 6.422412109375000844e-01 3.460449218750000222e-02 1.002202148437500107e+00 -5.937023925781250711e-01 3.707275390625000000e+00 4.879150390625000000e+00 3.381347656250000000e-01 -1.524658203125000000e+00 1.411865234375000000e+00
2.489086914062499933e-01 7.152709960937500000e-01 7.772412109374999822e-01 6.960449218750000555e-02 8.772021484374999956e-01 -3.854523925781250249e-01 2.457275390625000000e+00 1.129150390625000000e+00 -9.118652343750000000e-01 4.725341796875000000e+00 1.618652343750000000e-01
4.389086914062499956e-01 9.652709960937500000e-01 5.972412109375000444e-01 4.960449218750000167e-02 9.772021484374999734e-01 -1.218452392578124988e+00 -2.542724609375000000e+00 -3.870849609375000000e+00 4.088134765625000000e+00 -2.746582031250000000e-01 1.161865234375000000e+00
3.439086914062500222e-01 5.902709960937500000e-01 6.872412109375000133e-01 5.960449218750000361e-02 1.027202148437500018e+00 -8.019523925781251172e-01 -4.272460937500000000e-02 3.629150390625000000e+00 -3.411865234375000000e+00 -2.774658203125000000e+00 6.618652343750000000e-01
1.539086914062499922e-01 8.402709960937500000e-01 8.672412109375000622e-01 3.960449218749999972e-02 9.272021484375000400e-01 -1.634952392578125080e+00 4.957275390625000000e+00 -1.370849609375000000e+00 1.588134765625000000e+00 2.225341796875000000e+00 1.661865234375000000e+00
1.657836914062499889e-01 5.746459960937500000e-01 7.434912109375000355e-01 3.085449218749999889e-02 9.084521484374999956e-01 -1.270514892578125110e+00 -4.730224609375000000e+00 -4.183349609375000000e+00 1.900634765625000000e+00 -1.212158203125000000e+00 1.349365234375000000e+00
3.557836914062499911e-01 8.246459960937500000e-01 5.634912109375000977e-01 5.085449218750000278e-02 1.008452148437499973e+00 -4.375148925781251474e-01 2.697753906250000000e-01 8.166503906250000000e-01 -3.099365234375000000e+00 3.787841796875000000e+00 3.493652343750000000e-01
4.507836914062500200e-01 6.996459960937500000e-01 6.534912109375000666e-01 4.085449218750000083e-02 1.058452148437500018e+00 -1.687014892578124980e+00 2.769775390625000000e+00 -1.683349609375000000e+00 4.400634765625000000e+00 1.287841796875000000e+00 1.849365234375000000e+00
2.607836914062500178e-01 9.496459960937500000e-01 8.334912109375001155e-01 6.085449218750000472e-02 9.584521484375000400e-01 -8.540148925781250178e-01 -2.230224609375000000e+00 3.316650390625000000e+00 -5.993652343750000000e-01 -3.712158203125000000e+00 8.493652343750000000e-01
3.082836914062500044e-01 6.371459960937500000e-01 6.084912109375000266e-01 3.585449218750000333e-02 1.033452148437500107e+00 -1.062264892578125064e+00 -3.480224609375000000e+00 2.066650390625000000e+00 6.506347656250000000e-01 3.784179687500000000e-02 1.599365234375000000e+00
4.982836914062500067e-01 8.871459960937500000e-01 7.884912109375000755e-01 5.585449218750000722e-02 9.334521484375000178e-01 -1.895264892578125027e+00 1.519775390625000000e+00 -2.933349609375000000e+00 -4.349365234375000000e+00 -4.962158203125000000e+00 5.993652343750000000e-01
4.032836914062499778e-01 5.121459960937500000e-01 8.784912109375000444e-01 4.585449218749999833e-02 8.834521484374999734e-01 -6.457648925781249716e-01 4.019775390625000000e+00 4.566650390625000000e+00 3.150634765625000000e+00 -2.462158203125000000e+00 1.099365234375000000e+00
2.132836914062500033e-01 7.621459960937500000e-01 6.984912109375001066e-01 6.585449218750000222e-02 9.834521484375000622e-01 -1.478764892578125156e+00 -9.802246093750000000e-01 -4.333496093750000000e-01 -1.849365234375000000e+00 2.537841796875000000e+00 9.936523437500000000e-02
1.895336914062499822e-01 7.308959960937500000e-01 8.559912109375000799e-01 5.835449218750000944e-02 9.959521484375000178e-01 -1.582889892578124957e+00 -4.105224609375000000e+00 3.941650390625000000e+00 2.563476562500000000e-02 -5.871582031250000000e-01 2.243652343750000000e-01
3.795336914062499845e-01 9.808959960937500000e-01 6.759912109375000311e-01 3.835449218749999861e-02 8.959521484375000400e-01 -7.498898925781249947e-01 8.947753906250000000e-01 -1.058349609375000000e+00 -4.974365234375000000e+00 4.412841796875000000e+00 1.224365234375000000e+00
4.745336914062500133e-01 6.058959960937500000e-01 5.859912109375000622e-01 6.835449218750000444e-02 9.459521484374999734e-01 -1.999389892578125050e+00 3.394775390625000000e+00 1.441650390625000000e+00 2.525634765625000000e+00 1.912841796875000000e+00 7.243652343750000000e-01
2.845336914062500111e-01 8.558959960937500000e-01 7.659912109375000000e-01 4.835449218750000056e-02 1.045952148437500062e+00 -1.166389892578125087e+00 -1.605224609375000000e+00 -3.558349609375000000e+00 -2.474365234375000000e+00 -3.087158203125000000e+00 1.724365234375000000e+00
2.370336914062499967e-01 5.433959960937500000e-01 7.209912109375000711e-01 5.335449218750000500e-02 9.209521484375000622e-01 -9.581398925781250409e-01 -2.855224609375000000e+00 -2.308349609375000000e+00 1.275634765625000000e+00 6.628417968750000000e-01 9.743652343750000000e-01
4.270336914062500266e-01 7.933959960937500000e-01 9.009912109375000089e-01 3.335449218750000111e-02 1.020952148437499929e+00 -1.791139892578125004e+00 2.144775390625000000e+00 2.691650390625000000e+00 -3.724365234375000000e+00 -4.337158203125000000e+00 1.974365234375000000e+00
3.320336914062499978e-01 6.683959960937500000e-01 8.109912109375000400e-01 6.335449218750000000e-02 9.709521484374999956e-01 -5.416398925781251705e-01 4.644775390625000000e+00 -4.808349609375000000e+00 3.775634765625000000e+00 -1.837158203125000000e+00 4.743652343750000000e-01
1.420336914062499956e-01 9.183959960937500000e-01 6.309912109374999911e-01 4.335449218750000305e-02 8.709521484375000178e-01 -1.374639892578124911e+00 -3.552246093750000000e-01 1.916503906250000000e-01 -1.224365234375000000e+00 3.162841796875000000e+00 1.474365234375000000e+00
1.360961914062500111e-01 5.512084960937500000e-01 8.391162109375001066e-01 6.897949218750000500e-02 1.030327148437500062e+00 -1.088296142578125014e+00 2.926025390625000000e+00 -1.214599609375000000e+00 4.244384765625000000e+00 -4.805908203125000000e+00 1.880615234375000000e+00
3.260961914062500133e-01 8.012084960937500000e-01 6.591162109375000577e-01 4.897949218750000111e-02 9.303271484374999734e-01 -1.921296142578124977e+00 -2.073974609375000000e+00 3.785400390625000000e+00 -7.556152343750000000e-01 1.940917968750000000e-01 8.806152343750000000e-01
4.210961914062499867e-01 6.762084960937500000e-01 5.691162109375000888e-01 5.897949218750000305e-02 8.803271484375000400e-01 -6.717961425781251439e-01 -4.573974609375000000e+00 -3.714599609375000000e+00 1.744384765625000000e+00 2.694091796875000000e+00 1.380615234375000000e+00
2.310961914062499845e-01 9.262084960937500000e-01 7.491162109375000266e-01 3.897949218749999917e-02 9.803271484375000178e-01 -1.504796142578125107e+00 4.260253906250000000e-01 1.285400390625000000e+00 -3.255615234375000000e+00 -2.305908203125000000e+00 3.806152343750000000e-01
2.785961914062500266e-01 7.387084960937500000e-01 7.041162109375000977e-01 6.397949218750001443e-02 9.053271484375000622e-01 -1.296546142578125060e+00 4.176025390625000000e+00 2.535400390625000000e+00 2.994384765625000000e+00 3.944091796875000000e+00 1.130615234375000000e+00
4.685961914062499734e-01 9.887084960937500000e-01 8.841162109375000355e-01 4.397949218750000361e-02 1.005327148437499929e+00 -4.635461425781250977e-01 -8.239746093750000000e-01 -2.464599609375000000e+00 -2.005615234375000000e+00 -1.055908203125000000e+00 1.306152343750000000e-01
3.735961914062500000e-01 6.137084960937500000e-01 7.941162109375000666e-01 5.397949218750000555e-02 1.055327148437499973e+00 -1.713046142578124931e+00 -3.323974609375000000e+00 3.540039062500000000e-02 4.943847656250000000e-01 -3.555908203125000000e+00 1.630615234375000000e+00
1.835961914062499978e-01 8.637084960937500000e-01 6.141162109375000178e-01 3.397949218750000167e-02 9.553271484374999956e-01 -8.800461425781249680e-01 1.676025390625000000e+00 -4.964599609375000000e+00 -4.505615234375000000e+00 1.444091796875000000e+00 6.306152343750000000e-01
2.073461914062499911e-01 6.449584960937500000e-01 7.716162109374999911e-01 4.147949218750000139e-02 9.428271484375000400e-01 -7.759211425781249449e-01 3.551025390625000000e+00 6.604003906250000000e-01 3.619384765625000000e+00 -4.180908203125000000e+00 5.056152343750000000e-01
3.973461914062499933e-01 8.949584960937500000e-01 5.916162109375000533e-01 6.147949218750000527e-02 1.042827148437500018e+00 -1.608921142578124908e+00 -1.448974609375000000e+00 -4.339599609375000000e+00 -1.380615234375000000e+00 8.190917968750000000e-01 1.505615234375000000e+00
4.923461914062500222e-01 5.199584960937500000e-01 6.816162109375000222e-01 3.147949218749999944e-02 9.928271484375000844e-01 -3.594211425781250746e-01 -3.948974609375000000e+00 3.160400390625000000e+00 1.119384765625000000e+00 3.319091796875000000e+00 5.615234375000000000e-03
3.023461914062499645e-01 7.699584960937500000e-01 8.616162109375000711e-01 5.147949218750000333e-02 8.928271484374999956e-01 -1.192421142578125037e+00 1.051025390625000000e+00 -1.839599609375000000e+00 -3.880615234375000000e+00 -1.680908203125000000e+00 1.005615234375000000e+00
2.548461914062499778e-01 5.824584960937500000e-01 6.366162109374999822e-01 4.647949218749999889e-02 1.017827148437500107e+00 -1.400671142578124861e+00 4.801025390625000000e+00 -3.089599609375000000e+00 4.869384765625000000e+00 4.569091796875000000e+00 2.556152343750000000e-01
4.448461914062499800e-01 8.324584960937500000e-01 8.166162109375000311e-01 6.647949218750000278e-02 9.178271484375000178e-01 -5.676711425781251208e-01 -1.989746093750000000e-01 1.910400390625000000e+00 -1.306152343750000000e-01 -4.309082031250000000e-01 1.255615234375000000e+00
3.498461914062500067e-01 7.074584960937500000e-01 9.066162109375000000e-01 3.647949218750000389e-02 9.678271484375000622e-01 -1.817171142578124954e+00 -2.698974609375000000e+00 -5.895996093750000000e-01 2.369384765625000000e+00 -2.930908203125000000e+00 7.556152343750000000e-01
1.598461914062500044e-01 9.574584960937500000e-01 7.266162109375000622e-01 5.647949218750000777e-02 1.067827148437500151e+00 -9.841711425781249911e-01 2.301025390625000000e+00 4.410400390625000000e+00 -2.630615234375000000e+00 2.069091796875000000e+00 1.755615234375000000e+00
1.479711914062500078e-01 6.918334960937500000e-01 5.803662109375000711e-01 5.272949218750000444e-02 9.740771484375000400e-01 -6.197336425781250213e-01 -2.386474609375000000e+00 2.222900390625000000e+00 -3.568115234375000000e+00 -7.434082031250000000e-01 1.193115234375000000e+00
3.379711914062499822e-01 9.418334960937500000e-01 7.603662109375000089e-01 3.272949218750000056e-02 8.740771484374999512e-01 -1.452733642578124984e+00 2.613525390625000000e+00 -2.777099609375000000e+00 1.431884765625000000e+00 4.256591796875000000e+00 1.931152343750000000e-01
4.329711914062500111e-01 5.668334960937500000e-01 8.503662109375000888e-01 6.272949218750001332e-02 9.240771484374999956e-01 -1.036233642578125114e+00 1.135253906250000000e-01 4.722900390625000000e+00 -1.068115234375000000e+00 1.756591796875000000e+00 1.693115234375000000e+00
2.429711914062500089e-01 8.168334960937500000e-01 6.703662109375000400e-01 4.272949218750000250e-02 1.024077148437499973e+00 -1.869233642578125076e+00 -4.886474609375000000e+00 -2.770996093750000000e-01 3.931884765625000000e+00 -3.243408203125000000e+00 6.931152343750000000e-01
2.904711914062499956e-01 5.043334960937500000e-01 8.053662109375000488e-01 5.772949218750000888e-02 9.490771484375000178e-01 -1.660983642578125030e+00 -1.136474609375000000e+00 -4.027099609375000000e+00 -4.818115234375000000e+00 5.065917968750000000e-01 1.943115234375000000e+00
4.804711914062499978e-01 7.543334960937500000e-01 6.253662109375000000e-01 3.772949218749999806e-02 1.049077148437500107e+00 -8.279836425781250675e-01 3.863525390625000000e+00 9.729003906250000000e-01 1.818847656250000000e-01 -4.493408203125000000e+00 9.431152343750000000e-01
3.854711914062500244e-01 6.293334960937500000e-01 7.153662109375000799e-01 6.772949218750000389e-02 9.990771484375000622e-01 -1.244483642578125160e+00 1.363525390625000000e+00 -1.527099609375000000e+00 -2.318115234375000000e+00 -1.993408203125000000e+00 1.443115234375000000e+00
1.954711914062499944e-01 8.793334960937500000e-01 8.953662109375000178e-01 4.772949218750000000e-02 8.990771484374999734e-01 -4.114836425781249751e-01 -3.636474609375000000e+00 3.472900390625000000e+00 2.681884765625000000e+00 3.006591796875000000e+00 4.431152343750000000e-01
1.717211914062500011e-01 5.980834960937500000e-01 6.478662109375000755e-01 3.522949218750000278e-02 8.865771484375000178e-01 -5.156086425781249982e-01 -1.761474609375000000e+00 -2.152099609375000000e+00 -4.193115234375000000e+00 -1.184082031250000000e-01 3.181152343750000000e-01
3.617211914062500311e-01 8.480834960937500000e-01 8.278662109375000133e-01 5.522949218750000666e-02 9.865771484374999956e-01 -1.348608642578124961e+00 3.238525390625000000e+00 2.847900390625000000e+00 8.068847656250000000e-01 4.881591796875000000e+00 1.318115234375000000e+00
4.567211914062500044e-01 7.230834960937500000e-01 7.378662109375000444e-01 4.522949218749999778e-02 1.036577148437499929e+00 -9.321086425781250906e-01 7.385253906250000000e-01 -4.652099609375000000e+00 -1.693115234375000000e+00 2.381591796875000000e+00 8.181152343750000000e-01
2.667211914062500022e-01 9.730834960937500000e-01 5.578662109374999956e-01 6.522949218750001554e-02 9.365771484375000622e-01 -1.765108642578125053e+00 -4.261474609375000000e+00 3.479003906250000000e-01 3.306884765625000000e+00 -2.618408203125000000e+00 1.818115234375000000e+00
2.192211914062500155e-01 6.605834960937500000e-01 8.728662109375000533e-01 3.022949218749999833e-02 1.061577148437500062e+00 -1.973358642578125099e+00 -5.114746093750000000e-01 4.097900390625000000e+00 -2.943115234375000000e+00 1.131591796875000000e+00 5.681152343750000000e-01
4.092211914062500178e-01 9.105834960937500000e-01 6.928662109375000044e-01 5.022949218750000222e-02 9.615771484374999734e-01 -1.140358642578124915e+00 4.488525390625000000e+00 -9.020996093750000000e-01 2.056884765625000000e+00 -3.868408203125000000e+00 1.568115234375000000e+00
3.142211914062499889e-01 5.355834960937500000e-01 6.028662109375000355e-01 4.022949218750000028e-02 9.115771484375000400e-01 -1.556858642578125007e+00 1.988525390625000000e+00 1.597900390625000000e+00 -4.431152343750000000e-01 -1.368408203125000000e+00 6.811523437500000000e-02
1.242211914062500006e-01 7.855834960937500000e-01 7.828662109374999734e-01 6.022949218750000416e-02 1.011577148437500018e+00 -7.238586425781250444e-01 -3.011474609375000000e+00 -3.402099609375000000e+00 4.556884765625000000e+00 3.631591796875000000e+00 1.068115234375000000e+00
1.257055664062499967e-01 7.133178710937500000e-01 8.798974609375000977e-01 4.288574218749999917e-02 9.139208984375000178e-01 -9.776633300781250036e-01 1.246337890625000000e+00 -4.847412109375000000e+00 4.908447265625000000e+00 2.733154296875000000e+00 1.966552734375000000e+00
3.157055664062500266e-01 9.633178710937500000e-01 6.998974609375000488e-01 6.288574218750000999e-02 1.013920898437500107e+00 -1.810663330078124966e+00 -3.753662109375000000e+00 1.525878906250000000e-01 -9.155273437500000000e-02 -2.266845703125000000e+00 9.665527343750000000e-01
4.107055664062500000e-01 5.883178710937500000e-01 6.098974609375000799e-01 3.288574218749999722e-02 1.063920898437500151e+00 -5.611633300781251332e-01 -1.253662109375000000e+00 -2.347412109375000000e+00 2.408447265625000000e+00 -4.766845703125000000e+00 1.466552734375000000e+00
2.207055664062499978e-01 8.383178710937500000e-01 7.898974609375000178e-01 5.288574218750000111e-02 9.639208984375000622e-01 -1.394163330078125096e+00 3.746337890625000000e+00 2.652587890625000000e+00 -2.591552734375000000e+00 2.331542968750000000e-01 4.665527343750000000e-01
2.682055664062499845e-01 5.258178710937500000e-01 6.548974609375000089e-01 4.788574218750000361e-02 1.038920898437500018e+00 -1.185913330078125050e+00 2.496337890625000000e+00 1.402587890625000000e+00 3.658447265625000000e+00 -3.516845703125000000e+00 1.216552734375000000e+00
4.582055664062499867e-01 7.758178710937500000e-01 8.348974609375000577e-01 6.788574218750001443e-02 9.389208984375000400e-01 -3.529133300781250870e-01 -2.503662109375000000e+00 -3.597412109375000000e+00 -1.341552734375000000e+00 1.483154296875000000e+00 2.165527343750000000e-01
3.632055664062500133e-01 6.508178710937500000e-01 7.448974609375000888e-01 3.788574218750000167e-02 8.889208984374999956e-01 -1.602413330078125142e+00 -3.662109375000000000e-03 3.902587890625000000e+00 1.158447265625000000e+00 3.983154296875000000e+00 1.716552734375000000e+00
1.732055664062500111e-01 9.008178710937500000e-01 5.648974609375000400e-01 5.788574218750000555e-02 9.889208984374999734e-01 -7.694133300781249574e-01 4.996337890625000000e+00 -1.097412109375000000e+00 -3.841552734375000000e+00 -1.016845703125000000e+00 7.165527343750000000e-01
1.969555664062500044e-01 6.195678710937500000e-01 8.123974609374999822e-01 6.538574218750001221e-02 1.001420898437499929e+00 -8.735383300781249805e-01 6.213378906250000000e-01 4.527587890625000000e+00 3.033447265625000000e+00 3.358154296875000000e+00 5.915527343750000000e-01
3.869555664062500067e-01 8.695678710937500000e-01 6.323974609375000444e-01 4.538574218750000139e-02 9.014208984375000622e-01 -1.706538330078124943e+00 -4.378662109375000000e+00 -4.724121093750000000e-01 -1.966552734375000000e+00 -1.641845703125000000e+00 1.591552734375000000e+00
4.819555664062499800e-01 7.445678710937500000e-01 7.223974609375000133e-01 5.538574218750000333e-02 9.514208984374999956e-01 -4.570383300781251101e-01 -1.878662109375000000e+00 2.027587890625000000e+00 5.334472656250000000e-01 -4.141845703125000000e+00 9.155273437500000000e-02
2.919555664062499778e-01 9.945678710937500000e-01 9.023974609375000622e-01 3.538574218749999944e-02 1.051420898437499973e+00 -1.290038330078125073e+00 3.121337890625000000e+00 -2.972412109375000000e+00 -4.466552734375000000e+00 8.581542968750000000e-01 1.091552734375000000e+00
2.444555664062499911e-01 6.820678710937500000e-01 5.873974609375000044e-01 6.038574218750000777e-02 9.264208984374999734e-01 -1.498288330078124897e+00 1.871337890625000000e+00 -1.722412109375000000e+00 4.283447265625000000e+00 -2.891845703125000000e+00 3.415527343750000000e-01
4.344555664062499933e-01 9.320678710937500000e-01 7.673974609375000533e-01 4.038574218750000389e-02 1.026420898437500062e+00 -6.652883300781251563e-01 -3.128662109375000000e+00 3.277587890625000000e+00 -7.165527343750000000e-01 2.108154296875000000e+00 1.341552734375000000e+00
3.394555664062499645e-01 5.570678710937500000e-01 8.573974609375000222e-01 5.038574218749999889e-02 9.764208984375000178e-01 -1.914788330078124989e+00 -6.286621093750000000e-01 -4.222412109375000000e+00 1.783447265625000000e+00 4.608154296875000000e+00 8.415527343750000000e-01
1.494555664062499900e-01 8.070678710937500000e-01 6.773974609374999734e-01 3.038574218749999847e-02 8.764208984375000400e-01 -1.081788330078125027e+00 4.371337890625000000e+00 7.775878906250000000e-01 -3.216552734375000000e+00 -3.918457031250000000e-01 1.841552734375000000e+00
1.613305664062499867e-01 5.414428710937500000e-01 6.211474609375000622e-01 3.913574218750000278e-02 9.576708984374999734e-01 -7.173508300781250568e-01 -4.066162109375000000e+00 3.590087890625000000e+00 -2.904052734375000000e+00 1.795654296875000000e+00 1.154052734375000000e+00
3.513305664062499889e-01 7.914428710937500000e-01 8.011474609375000000e-01 5.913574218750000666e-02 1.057670898437500062e+00 -1.550350830078125020e+00 9.338378906250000000e-01 -1.409912109375000000e+00 2.095947265625000000e+00 -3.204345703125000000e+00 1.540527343750000000e-01
4.463305664062500178e-01 6.664428710937500000e-01 8.911474609375000799e-01 4.913574218749999778e-02 1.007670898437500018e+00 -1.133850830078125149e+00 3.433837890625000000e+00 1.090087890625000000e+00 -4.040527343750000000e-01 -7.043457031250000000e-01 1.654052734375000000e+00
2.563305664062499600e-01 9.164428710937500000e-01 7.111474609375000311e-01 6.913574218750001554e-02 9.076708984375000400e-01 -1.966850830078124890e+00 -1.566162109375000000e+00 -3.909912109375000000e+00 4.595947265625000000e+00 4.295654296875000000e+00 6.540527343750000000e-01
3.038305664062500022e-01 7.289428710937500000e-01 7.561474609375000711e-01 3.413574218749999833e-02 9.826708984374999956e-01 -1.758600830078125066e+00 -2.816162109375000000e+00 -1.599121093750000000e-01 -4.154052734375000000e+00 -1.954345703125000000e+00 1.904052734375000000e+00
4.938305664062500044e-01 9.789428710937500000e-01 5.761474609375000222e-01 5.413574218750000222e-02 8.826708984375000178e-01 -9.256008300781251030e-01 2.183837890625000000e+00 4.840087890625000000e+00 8.459472656250000000e-01 3.045654296875000000e+00 9.040527343750000000e-01
3.988305664062499756e-01 6.039428710937500000e-01 6.661474609374999911e-01 4.413574218750000028e-02 9.326708984375000622e-01 -1.342100830078125195e+00 4.683837890625000000e+00 -2.659912109375000000e+00 -1.654052734375000000e+00 5.456542968750000000e-01 1.404052734375000000e+00
2.088305664062500011e-01 8.539428710937500000e-01 8.461474609375000400e-01 6.413574218750001110e-02 1.032670898437499929e+00 -5.091008300781250107e-01 -3.161621093750000000e-01 2.340087890625000000e+00 3.345947265625000000e+00 -4.454345703125000000e+00 4.040527343750000000e-01
1.850805664062499800e-01 6.351928710937500000e-01 6.886474609375000666e-01 5.163574218750000000e-02 1.045170898437500107e+00 -4.049758300781249876e-01 -4.691162109375000000e+00 -3.284912109375000000e+00 -4.779052734375000000e+00 2.420654296875000000e+00 2.790527343750000000e-01
3.750805664062499822e-01 8.851928710937500000e-01 8.686474609375001155e-01 3.163574218749999611e-02 9.451708984375000178e-01 -1.237975830078124950e+00 3.088378906250000000e-01 1.715087890625000000e+00 2.209472656250000000e-01 -2.579345703125000000e+00 1.279052734375000000e+00
4.700805664062500111e-01 5.101928710937500000e-01 7.786474609375000355e-01 6.163574218750000194e-02 8.951708984374999734e-01 -8.214758300781250799e-01 2.808837890625000000e+00 -7.849121093750000000e-01 -2.279052734375000000e+00 -7.934570312500000000e-02 7.790527343750000000e-01
2.800805664062500089e-01 7.601928710937500000e-01 5.986474609375000977e-01 4.163574218750000500e-02 9.951708984375000622e-01 -1.654475830078125043e+00 -2.191162109375000000e+00 4.215087890625000000e+00 2.720947265625000000e+00 4.920654296875000000e+00 1.779052734375000000e+00
2.325805664062499944e-01 5.726928710937500000e-01 8.236474609374999645e-01 5.663574218750000444e-02 8.701708984374999512e-01 -1.862725830078125089e+00 -3.441162109375000000e+00 4.650878906250000000e-01 -3.529052734375000000e+00 -1.329345703125000000e+00 5.290527343750000000e-01
4.225805664062500244e-01 8.226928710937500000e-01 6.436474609375000266e-01 3.663574218750000056e-02 9.701708984375000400e-01 -1.029725830078124904e+00 1.558837890625000000e+00 -4.534912109375000000e+00 1.470947265625000000e+00 3.670654296875000000e+00 1.529052734375000000e+00
3.275805664062499956e-01 6.976928710937500000e-01 5.536474609375000577e-01 6.663574218750001332e-02 1.020170898437499973e+00 -1.446225830078124996e+00 4.058837890625000000e+00 2.965087890625000000e+00 -1.029052734375000000e+00 1.170654296875000000e+00 2.905273437500000000e-02
1.375805664062499933e-01 9.476928710937500000e-01 7.336474609375001066e-01 4.663574218750000250e-02 9.201708984374999956e-01 -6.132258300781250338e-01 -9.411621093750000000e-01 -2.034912109375000000e+00 3.970947265625000000e+00 -3.829345703125000000e+00 1.029052734375000000e+00
1.435180664062500056e-01 5.805053710937500000e-01 7.167724609375000222e-01 6.101074218750000833e-02 9.795458984375000622e-01 -1.628444580078125092e+00 3.590087890625000000e+00 1.871337890625000000e+00 -8.728027343750000000e-01 2.889404296875000000e+00 1.622802734375000000e+00
3.335180664062500355e-01 8.305053710937500000e-01 8.967724609375000711e-01 4.101074218750000444e-02 8.795458984374999734e-01 -7.954445800781251297e-01 -1.409912109375000000e+00 -3.128662109375000000e+00 4.127197265625000000e+00 -2.110595703125000000e+00 6.228027343750000000e-01
4.285180664062500089e-01 7.055053710937500000e-01 8.067724609374999911e-01 5.101074218749999944e-02 9.295458984375000178e-01 -1.211944580078125000e+00 -3.909912109375000000e+00 4.371337890625000000e+00 -3.372802734375000000e+00 -4.610595703125000000e+00 1.122802734375000000e+00
2.385180664062500067e-01 9.555053710937500000e-01 6.267724609375000533e-01 3.101074218749999903e-02 1.029545898437500107e+00 -3.789445800781250373e-01 1.090087890625000000e+00 -6.286621093750000000e-01 1.627197265625000000e+00 3.894042968750000000e-01 1.228027343750000000e-01
2.860180664062499933e-01 6.430053710937500000e-01 8.517724609375000311e-01 6.601074218749999889e-02 9.545458984375000400e-01 -5.871945800781250835e-01 4.840087890625000000e+00 -4.378662109375000000e+00 -2.122802734375000000e+00 -3.360595703125000000e+00 1.372802734375000000e+00
4.760180664062499956e-01 8.930053710937500000e-01 6.717724609374999822e-01 4.601074218750000194e-02 1.054545898437500018e+00 -1.420194580078125046e+00 -1.599121093750000000e-01 6.213378906250000000e-01 2.877197265625000000e+00 1.639404296875000000e+00 3.728027343750000000e-01
3.810180664062500222e-01 5.180053710937500000e-01 5.817724609375000133e-01 5.601074218750000389e-02 1.004545898437499973e+00 -1.003694580078124954e+00 -2.659912109375000000e+00 -1.878662109375000000e+00 -4.622802734375000000e+00 4.139404296875000000e+00 1.872802734375000000e+00
1.910180664062499922e-01 7.680053710937500000e-01 7.617724609375000622e-01 3.601074218750000000e-02 9.045458984374999956e-01 -1.836694580078124917e+00 2.340087890625000000e+00 3.121337890625000000e+00 3.771972656250000000e-01 -8.605957031250000000e-01 8.728027343750000000e-01
2.147680664062500133e-01 7.367553710937500000e-01 6.042724609375000888e-01 4.851074218750000416e-02 8.920458984375000400e-01 -1.940819580078124940e+00 2.965087890625000000e+00 -1.253662109375000000e+00 -1.497802734375000000e+00 3.514404296875000000e+00 9.978027343750000000e-01
4.047680664062500155e-01 9.867553710937500000e-01 7.842724609375000266e-01 6.851074218750000111e-02 9.920458984375000178e-01 -1.107819580078125199e+00 -2.034912109375000000e+00 3.746337890625000000e+00 3.502197265625000000e+00 -1.485595703125000000e+00 1.997802734375000000e+00
4.997680664062499889e-01 6.117553710937500000e-01 8.742724609375001066e-01 3.851074218750000222e-02 1.042045898437500062e+00 -1.524319580078125069e+00 -4.534912109375000000e+00 -3.753662109375000000e+00 -3.997802734375000000e+00 -3.985595703125000000e+00 4.978027343750000000e-01
3.097680664062499867e-01 8.617553710937500000e-01 6.942724609375000577e-01 5.851074218750000611e-02 9.420458984374999734e-01 -6.913195800781251066e-01 4.650878906250000000e-01 1.246337890625000000e+00 1.002197265625000000e+00 1.014404296875000000e+00 1.497802734375000000e+00
2.622680664062500000e-01 5.492553710937500000e-01 7.392724609375000977e-01 4.351074218749999972e-02 1.067045898437499973e+00 -4.830695800781250604e-01 4.215087890625000000e+00 4.996337890625000000e+00 -2.478027343750000000e-01 -2.735595703125000000e+00 2.478027343750000000e-01
4.522680664062500022e-01 7.992553710937500000e-01 5.592724609375000488e-01 6.351074218749999667e-02 9.670458984374999956e-01 -1.316069580078125023e+00 -7.849121093750000000e-01 -3.662109375000000000e-03 4.752197265625000000e+00 2.264404296875000000e+00 1.247802734375000000e+00
3.572680664062499734e-01 6.742553710937500000e-01 6.492724609375000178e-01 3.351074218749999778e-02 9.170458984375000622e-01 -8.995695800781251528e-01 -3.284912109375000000e+00 2.496337890625000000e+00 -2.747802734375000000e+00 4.764404296875000000e+00 7.478027343750000000e-01
1.672680664062499989e-01 9.242553710937500000e-01 8.292724609374999556e-01 5.351074218750000167e-02 1.017045898437499929e+00 -1.732569580078124893e+00 1.715087890625000000e+00 -2.503662109375000000e+00 2.252197265625000000e+00 -2.355957031250000000e-01 1.747802734375000000e+00
1.553930664062500022e-01 6.586303710937500000e-01 7.955224609375000089e-01 5.726074218750000500e-02 1.023295898437500018e+00 -1.368132080078125146e+00 -1.722412109375000000e+00 -3.161621093750000000e-01 1.314697265625000000e+00 1.326904296875000000e+00 1.310302734375000000e+00
3.453930664062500044e-01 9.086303710937500000e-01 6.155224609375000711e-01 3.726074218750000111e-02 9.232958984375000400e-01 -5.351320800781249609e-01 3.277587890625000000e+00 4.683837890625000000e+00 -3.685302734375000000e+00 -3.673095703125000000e+00 3.103027343750000000e-01
4.403930664062499778e-01 5.336303710937500000e-01 7.055224609375000400e-01 6.726074218750000000e-02 8.732958984374999956e-01 -1.784632080078125016e+00 7.775878906250000000e-01 -2.816162109375000000e+00 3.814697265625000000e+00 -1.173095703125000000e+00 1.810302734375000000e+00
2.503930664062500311e-01 7.836303710937500000e-01 8.855224609375000888e-01 4.726074218750000305e-02 9.732958984374999734e-01 -9.516320800781250533e-01 -4.222412109375000000e+00 2.183837890625000000e+00 -1.185302734375000000e+00 3.826904296875000000e+00 8.103027343750000000e-01
2.978930664062500178e-01 5.961303710937500000e-01 5.705224609375000311e-01 5.226074218750000056e-02 8.982958984375000178e-01 -1.159882080078125099e+00 -4.724121093750000000e-01 3.433837890625000000e+00 6.469726562500000000e-02 -2.423095703125000000e+00 1.560302734375000000e+00
4.878930664062500200e-01 8.461303710937500000e-01 7.505224609375000799e-01 3.226074218749999667e-02 9.982958984375001066e-01 -1.992882080078125062e+00 4.527587890625000000e+00 -1.566162109375000000e+00 -4.935302734375000000e+00 2.576904296875000000e+00 5.603027343750000000e-01
3.928930664062499911e-01 7.211303710937500000e-01 8.405224609375000488e-01 6.226074218750000250e-02 1.048295898437500151e+00 -7.433820800781250071e-01 2.027587890625000000e+00 9.338378906250000000e-01 2.564697265625000000e+00 7.690429687500000000e-02 1.060302734375000000e+00
2.028930664062499889e-01 9.711303710937500000e-01 6.605224609375000000e-01 4.226074218750000555e-02 9.482958984375000622e-01 -1.576382080078124970e+00 -2.972412109375000000e+00 -4.066162109375000000e+00 -2.435302734375000000e+00 -4.923095703125000000e+00 6.030273437500000000e-02
1.791430664062499956e-01 5.023803710937500000e-01 9.080224609375000533e-01 3.476074218749999889e-02 9.357958984374999956e-01 -1.472257080078124947e+00 -2.347412109375000000e+00 3.088378906250000000e-01 6.896972656250000000e-01 1.951904296875000000e+00 1.853027343750000000e-01
3.691430664062499978e-01 7.523803710937500000e-01 7.280224609375000044e-01 5.476074218750000278e-02 1.035795898437499973e+00 -6.392570800781249840e-01 2.652587890625000000e+00 -4.691162109375000000e+00 -4.310302734375000000e+00 -3.048095703125000000e+00 1.185302734375000000e+00
4.641430664062500266e-01 6.273803710937500000e-01 6.380224609375000355e-01 4.476074218750000083e-02 9.857958984375000400e-01 -1.888757080078125039e+00 1.525878906250000000e-01 2.808837890625000000e+00 3.189697265625000000e+00 -5.480957031250000000e-01 6.853027343750000000e-01
2.741430664062499689e-01 8.773803710937500000e-01 8.180224609374999734e-01 6.476074218749999778e-02 8.857958984374999512e-01 -1.055757080078125076e+00 -4.847412109375000000e+00 -2.191162109375000000e+00 -1.810302734375000000e+00 4.451904296875000000e+00 1.685302734375000000e+00
2.266430664062499822e-01 6.898803710937500000e-01 6.830224609375000755e-01 3.976074218750000333e-02 1.010795898437500062e+00 -8.475070800781250302e-01 -1.097412109375000000e+00 -3.441162109375000000e+00 1.939697265625000000e+00 -1.798095703125000000e+00 9.353027343750000000e-01
4.166430664062499845e-01 9.398803710937500000e-01 8.630224609375000133e-01 5.976074218750000722e-02 9.107958984374999734e-01 -1.680507080078124993e+00 3.902587890625000000e+00 1.558837890625000000e+00 -3.060302734375000000e+00 3.201904296875000000e+00 1.935302734375000000e+00
3.216430664062500111e-01 5.648803710937500000e-01 7.730224609375000444e-01 4.976074218749999833e-02 9.607958984375000178e-01 -4.310070800781251599e-01 1.402587890625000000e+00 -9.411621093750000000e-01 4.439697265625000000e+00 7.019042968750000000e-01 4.353027343750000000e-01
1.316430664062500089e-01 8.148803710937500000e-01 5.930224609374999956e-01 6.976074218750000222e-02 1.060795898437500107e+00 -1.264007080078124901e+00 -3.597412109375000000e+00 4.058837890625000000e+00 -5.603027343750000000e-01 -4.298095703125000000e+00 1.435302734375000000e+00
1.286743164062499889e-01 5.219116210937500000e-01 7.645849609375000577e-01 5.444824218750000250e-02 8.811083984374999956e-01 -1.563366455078124995e+00 4.761962890625000000e+00 1.949462890625000000e+00 2.642822265625000000e+00 1.092529296875000000e+00 6.696777343750000000e-01
3.186743164062499911e-01 7.719116210937500000e-01 5.845849609375000089e-01 3.444824218749999861e-02 9.811083984374999734e-01 -7.303664550781250320e-01 -2.380371093750000000e-01 -3.050537109375000000e+00 -2.357177734375000000e+00 -3.907470703125000000e+00 1.669677734375000000e+00
4.136743164062500200e-01 6.469116210937500000e-01 6.745849609375000888e-01 6.444824218750000444e-02 1.031108398437500018e+00 -1.979866455078125087e+00 -2.738037109375000000e+00 4.449462890625000000e+00 1.428222656250000000e-01 -1.407470703125000000e+00 1.696777343750000000e-01
2.236743164062499900e-01 8.969116210937500000e-01 8.545849609375000266e-01 4.444824218750000056e-02 9.311083984375000400e-01 -1.146866455078125124e+00 2.261962890625000000e+00 -5.505371093750000000e-01 -4.857177734375000000e+00 3.592529296875000000e+00 1.169677734375000000e+00
2.711743164062500044e-01 7.094116210937500000e-01 6.295849609375000488e-01 5.944824218750000000e-02 1.056108398437500151e+00 -9.386164550781250782e-01 3.511962890625000000e+00 -4.300537109375000000e+00 3.892822265625000000e+00 -1.574707031250000000e-01 4.196777343750000000e-01
4.611743164062500067e-01 9.594116210937500000e-01 8.095849609375000977e-01 3.944824218750000305e-02 9.561083984375000622e-01 -1.771616455078125041e+00 -1.488037109375000000e+00 6.994628906250000000e-01 -1.107177734375000000e+00 4.842529296875000000e+00 1.419677734375000000e+00
3.661743164062499778e-01 5.844116210937500000e-01 8.995849609374999556e-01 6.944824218750000888e-02 9.061083984375000178e-01 -5.221164550781249858e-01 -3.988037109375000000e+00 -1.800537109375000000e+00 1.392822265625000000e+00 2.342529296875000000e+00 9.196777343750000000e-01
1.761743164062500033e-01 8.344116210937500000e-01 7.195849609375000178e-01 4.944824218750000500e-02 1.006108398437500107e+00 -1.355116455078125171e+00 1.011962890625000000e+00 3.199462890625000000e+00 -3.607177734375000000e+00 -2.657470703125000000e+00 1.919677734375000000e+00
1.999243164062499967e-01 6.781616210937500000e-01 8.320849609375000622e-01 3.694824218750000083e-02 9.936083984375000400e-01 -1.250991455078124925e+00 4.136962890625000000e+00 -2.425537109375000000e+00 4.517822265625000000e+00 4.675292968750000000e-01 1.794677734375000000e+00
3.899243164062499711e-01 9.281616210937500000e-01 6.520849609375000133e-01 5.694824218750000472e-02 8.936083984374999512e-01 -4.179914550781249627e-01 -8.630371093750000000e-01 2.574462890625000000e+00 -4.821777343750000000e-01 -4.532470703125000000e+00 7.946777343750000000e-01
4.849243164062500000e-01 5.531616210937500000e-01 5.620849609375000444e-01 4.694824218750000278e-02 9.436083984374999956e-01 -1.667491455078125018e+00 -3.363037109375000000e+00 -4.925537109375000000e+00 2.017822265625000000e+00 -2.032470703125000000e+00 1.294677734375000000e+00
2.949243164062499978e-01 8.031616210937500000e-01 7.420849609374999822e-01 6.694824218750000666e-02 1.043608398437499973e+00 -8.344914550781250551e-01 1.636962890625000000e+00 7.446289062500000000e-02 -2.982177734375000000e+00 2.967529296875000000e+00 2.946777343750000000e-01
2.474243164062499833e-01 6.156616210937500000e-01 6.970849609375000533e-01 3.194824218749999639e-02 9.686083984375000178e-01 -1.042741455078124879e+00 2.886962890625000000e+00 3.824462890625000000e+00 3.267822265625000000e+00 -7.824707031250000000e-01 1.044677734375000000e+00
4.374243164062500133e-01 8.656616210937500000e-01 8.770849609374999911e-01 5.194824218750000722e-02 1.068608398437500107e+00 -1.875741455078125064e+00 -2.113037109375000000e+00 -1.175537109375000000e+00 -1.732177734375000000e+00 4.217529296875000000e+00 4.467773437500000000e-02
3.424243164062499845e-01 7.406616210937500000e-01 7.870849609375000222e-01 4.194824218749999833e-02 1.018608398437500062e+00 -6.262414550781250089e-01 -4.613037109375000000e+00 1.324462890625000000e+00 7.678222656250000000e-01 1.717529296875000000e+00 1.544677734375000000e+00
1.524243164062499822e-01 9.906616210937500000e-01 6.070849609375000844e-01 6.194824218750000222e-02 9.186083984374999734e-01 -1.459241455078124972e+00 3.869628906250000000e-01 -3.675537109375000000e+00 -4.232177734375000000e+00 -3.282470703125000000e+00 5.446777343750000000e-01
1.642993164062500067e-01 7.250366210937500000e-01 6.408349609375000311e-01 6.819824218750000777e-02 9.248583984375000622e-01 -1.823678955078124941e+00 -5.505371093750000000e-01 -8.630371093750000000e-01 -4.544677734375000000e+00 4.530029296875000000e+00 4.821777343750000000e-01
3.542993164062500089e-01 9.750366210937500000e-01 8.208349609375000799e-01 4.819824218750000389e-02 1.024858398437499929e+00 -9.906789550781249787e-01 4.449462890625000000e+00 4.136962890625000000e+00 4.553222656250000000e-01 -4.699707031250000000e-01 1.482177734375000000e+00
4.492993164062499822e-01 6.000366210937500000e-01 7.308349609375000000e-01 5.819824218750000583e-02 9.748583984374999956e-01 -1.407178955078125071e+00 1.949462890625000000e+00 -3.363037109375000000e+00 -2.044677734375000000e+00 -2.969970703125000000e+00 9.821777343750000000e-01
2.592993164062500355e-01 8.500366210937500000e-01 5.508349609375000622e-01 3.819824218750000194e-02 8.748583984375000178e-01 -5.741789550781251084e-01 -3.050537109375000000e+00 1.636962890625000000e+00 2.955322265625000000e+00 2.030029296875000000e+00 1.982177734375000000e+00
3.067993164062500222e-01 5.375366210937500000e-01 8.658349609375000089e-01 6.319824218750000333e-02 9.998583984375000178e-01 -3.659289550781250622e-01 -1.800537109375000000e+00 2.886962890625000000e+00 -3.294677734375000000e+00 -4.219970703125000000e+00 7.321777343750000000e-01
4.967993164062500244e-01 7.875366210937500000e-01 6.858349609375000711e-01 4.319824218749999944e-02 8.998583984375000400e-01 -1.198928955078125025e+00 3.199462890625000000e+00 -2.113037109375000000e+00 1.705322265625000000e+00 7.800292968750000000e-01 1.732177734375000000e+00
4.017993164062499956e-01 6.625366210937500000e-01 5.958349609374999911e-01 5.319824218750000833e-02 9.498583984374999734e-01 -7.824289550781251545e-01 6.994628906250000000e-01 3.869628906250000000e-01 -7.946777343750000000e-01 3.280029296875000000e+00 2.321777343750000000e-01
2.117993164062499933e-01 9.125366210937500000e-01 7.758349609375000400e-01 3.319824218749999750e-02 1.049858398437500062e+00 -1.615428955078125117e+00 -4.300537109375000000e+00 -4.613037109375000000e+00 4.205322265625000000e+00 -1.719970703125000000e+00 1.232177734375000000e+00
1.880493164062500000e-01 5.687866210937500000e-01 5.733349609375000266e-01 4.069824218749999722e-02 1.037358398437500107e+00 -1.719553955078124918e+00 -1.175537109375000000e+00 1.011962890625000000e+00 -2.669677734375000000e+00 3.905029296875000000e+00 1.107177734375000000e+00
3.780493164062500022e-01 8.187866210937500000e-01 7.533349609375000755e-01 6.069824218750000111e-02 9.373583984375000178e-01 -8.865539550781249556e-01 3.824462890625000000e+00 -3.988037109375000000e+00 2.330322265625000000e+00 -1.094970703125000000e+00 1.071777343750000000e-01
4.730493164062499756e-01 6.937866210937500000e-01 8.433349609375000444e-01 3.069824218749999875e-02 8.873583984374999734e-01 -1.303053955078125048e+00 1.324462890625000000e+00 3.511962890625000000e+00 -1.696777343750000000e-01 -3.594970703125000000e+00 1.607177734375000000e+00
2.830493164062499734e-01 9.437866210937500000e-01 6.633349609374999956e-01 5.069824218750000611e-02 9.873583984375000622e-01 -4.700539550781250853e-01 -3.675537109375000000e+00 -1.488037109375000000e+00 4.830322265625000000e+00 1.405029296875000000e+00 6.071777343750000000e-01
2.355493164062499867e-01 6.312866210937500000e-01 7.983349609375000044e-01 4.569824218750000167e-02 9.123583984374999956e-01 -6.783039550781251315e-01 -2.425537109375000000e+00 -2.738037109375000000e+00 -3.919677734375000000e+00 -4.844970703125000000e+00 1.857177734375000000e+00
4.255493164062499889e-01 8.812866210937500000e-01 6.183349609375000666e-01 6.569824218750000555e-02 1.012358398437499973e+00 -1.511303955078125094e+00 2.574462890625000000e+00 2.261962890625000000e+00 1.080322265625000000e+00 1.550292968750000000e-01 8.571777343750000000e-01
3.305493164062499600e-01 5.062866210937500000e-01 7.083349609375000355e-01 3.569824218749999972e-02 1.062358398437500018e+00 -1.094803955078125002e+00 7.446289062500000000e-02 -2.380371093750000000e-01 -1.419677734375000000e+00 2.655029296875000000e+00 1.357177734375000000e+00
1.405493164062499856e-01 7.562866210937500000e-01 8.883349609374999734e-01 5.569824218750000361e-02 9.623583984375000400e-01 -1.927803955078124964e+00 -4.925537109375000000e+00 4.761962890625000000e+00 3.580322265625000000e+00 -2.344970703125000000e+00 3.571777343750000000e-01
1.346118164062500011e-01 6.547241210937500000e-01 5.564599609375000533e-01 3.132324218749999584e-02 1.015483398437500018e+00 -4.960852050781250355e-01 2.418212890625000000e+00 -3.831787109375000000e+00 -1.575927734375000000e+00 9.362792968750000000e-01 7.634277343750000000e-01
3.246118164062500311e-01 9.047241210937500000e-01 7.364599609374999911e-01 5.132324218750000666e-02 9.154833984375000400e-01 -1.329085205078124998e+00 -2.581787109375000000e+00 1.168212890625000000e+00 3.424072265625000000e+00 -4.063720703125000000e+00 1.763427734375000000e+00
4.196118164062500044e-01 5.297241210937500000e-01 8.264599609375000711e-01 4.132324218749999778e-02 9.654833984374999734e-01 -9.125852050781251279e-01 -8.178710937500000000e-02 -1.331787109375000000e+00 -4.075927734375000000e+00 -1.563720703125000000e+00 2.634277343750000000e-01
2.296118164062500022e-01 7.797241210937500000e-01 6.464599609375000222e-01 6.132324218750000167e-02 1.065483398437500062e+00 -1.745585205078125091e+00 4.918212890625000000e+00 3.668212890625000000e+00 9.240722656250000000e-01 3.436279296875000000e+00 1.263427734375000000e+00
2.771118164062499889e-01 5.922241210937500000e-01 7.814599609375000311e-01 3.632324218750000028e-02 9.404833984375000622e-01 -1.953835205078124915e+00 1.168212890625000000e+00 2.418212890625000000e+00 -3.259277343750000000e-01 -3.137207031250000000e-01 1.342773437500000000e-02
4.671118164062499911e-01 8.422241210937500000e-01 6.014599609375000933e-01 5.632324218750000416e-02 1.040483398437499929e+00 -1.120835205078125174e+00 -3.831787109375000000e+00 -2.581787109375000000e+00 4.674072265625000000e+00 4.686279296875000000e+00 1.013427734375000000e+00
3.721118164062500178e-01 7.172241210937500000e-01 6.914599609375000622e-01 4.632324218750000222e-02 9.904833984374999956e-01 -1.537335205078125044e+00 -1.331787109375000000e+00 4.918212890625000000e+00 -2.825927734375000000e+00 2.186279296875000000e+00 5.134277343750000000e-01
1.821118164062499878e-01 9.672241210937500000e-01 8.714599609375000000e-01 6.632324218750000611e-02 8.904833984375000178e-01 -7.043352050781250817e-01 3.668212890625000000e+00 -8.178710937500000000e-02 2.174072265625000000e+00 -2.813720703125000000e+00 1.513427734375000000e+00
2.058618164062500089e-01 5.609741210937500000e-01 6.689599609375000977e-01 5.882324218749999944e-02 9.029833984374999734e-01 -6.002102050781250586e-01 1.793212890625000000e+00 4.293212890625000000e+00 -9.509277343750000000e-01 3.112792968750000000e-01 1.638427734375000000e+00
3.958618164062500111e-01 8.109741210937500000e-01 8.489599609375000355e-01 3.882324218750000250e-02 1.002983398437500062e+00 -1.433210205078125021e+00 -3.206787109375000000e+00 -7.067871093750000000e-01 4.049072265625000000e+00 -4.688720703125000000e+00 6.384277343750000000e-01
4.908618164062499845e-01 6.859741210937500000e-01 7.589599609375000666e-01 6.882324218750000833e-02 1.052983398437500107e+00 -1.016710205078124929e+00 -7.067871093750000000e-01 1.793212890625000000e+00 -3.450927734375000000e+00 -2.188720703125000000e+00 1.138427734375000000e+00
3.008618164062499822e-01 9.359741210937500000e-01 5.789599609375000178e-01 4.882324218750000444e-02 9.529833984375000178e-01 -1.849710205078125114e+00 4.293212890625000000e+00 -3.206787109375000000e+00 1.549072265625000000e+00 2.811279296875000000e+00 1.384277343750000000e-01
2.533618164062499956e-01 7.484741210937500000e-01 8.939599609374999645e-01 5.382324218750000194e-02 1.027983398437499973e+00 -1.641460205078125068e+00 5.432128906250000000e-01 -1.956787109375000000e+00 -2.200927734375000000e+00 -9.387207031250000000e-01 1.388427734375000000e+00
4.433618164062499978e-01 9.984741210937500000e-01 7.139599609375000266e-01 3.382324218749999806e-02 9.279833984374999956e-01 -8.084602050781251048e-01 -4.456787109375000000e+00 3.043212890625000000e+00 2.799072265625000000e+00 4.061279296875000000e+00 3.884277343750000000e-01
3.483618164062499689e-01 6.234741210937500000e-01 6.239599609375000577e-01 6.382324218750000389e-02 8.779833984374999512e-01 -1.224960205078124975e+00 -1.956787109375000000e+00 -4.456787109375000000e+00 -4.700927734375000000e+00 1.561279296875000000e+00 1.888427734375000000e+00
1.583618164062499944e-01 8.734741210937500000e-01 8.039599609375001066e-01 4.382324218750000000e-02 9.779833984375000400e-01 -3.919602050781250124e-01 3.043212890625000000e+00 5.432128906250000000e-01 2.990722656250000000e-01 -3.438720703125000000e+00 8.884277343750000000e-01
1.464868164062499978e-01 6.078491210937500000e-01 8.602099609375000178e-01 4.507324218750000111e-02 1.059233398437499973e+00 -7.563977050781249822e-01 -2.894287109375000000e+00 2.730712890625000000e+00 1.236572265625000000e+00 4.998779296875000000e+00 7.592773437500000000e-02
3.364868164062500000e-01 8.578491210937500000e-01 6.802099609375000799e-01 6.507324218750000500e-02 9.592333984374999956e-01 -1.589397705078124945e+00 2.105712890625000000e+00 -2.269287109375000000e+00 -3.763427734375000000e+00 -1.220703125000000000e-03 1.075927734375000000e+00
4.314868164062499734e-01 7.328491210937500000e-01 5.902099609375000000e-01 3.507324218749999917e-02 9.092333984375000622e-01 -3.398977050781251119e-01 4.605712890625000000e+00 2.307128906250000000e-01 3.736572265625000000e+00 -2.501220703125000000e+00 5.759277343750000000e-01
2.414868164062499989e-01 9.828491210937500000e-01 7.702099609375000488e-01 5.507324218750000305e-02 1.009233398437499929e+00 -1.172897705078125075e+00 -3.942871093750000000e-01 -4.769287109375000000e+00 -1.263427734375000000e+00 2.498779296875000000e+00 1.575927734375000000e+00
2.889868164062500133e-01 6.703491210937500000e-01 7.252099609375000089e-01 4.007324218749999667e-02 8.842333984375000400e-01 -1.381147705078125121e+00 -4.144287109375000000e+00 -1.019287109375000000e+00 2.486572265625000000e+00 -3.751220703125000000e+00 8.259277343750000000e-01
4.789868164062500155e-01 9.203491210937500000e-01 9.052099609375000577e-01 6.007324218750000056e-02 9.842333984375000178e-01 -5.481477050781251581e-01 8.557128906250000000e-01 3.980712890625000000e+00 -2.513427734375000000e+00 1.248779296875000000e+00 1.825927734375000000e+00
3.839868164062499867e-01 5.453491210937500000e-01 8.152099609375000888e-01 3.007324218749999820e-02 1.034233398437500062e+00 -1.797647705078124991e+00 3.355712890625000000e+00 -3.519287109375000000e+00 4.986572265625000000e+00 3.748779296875000000e+00 3.259277343750000000e-01
1.939868164062499845e-01 7.953491210937500000e-01 6.352099609375000400e-01 5.007324218750000555e-02 9.342333984374999734e-01 -9.646477050781250284e-01 -1.644287109375000000e+00 1.480712890625000000e+00 -1.342773437500000000e-02 -1.251220703125000000e+00 1.325927734375000000e+00
1.702368164062499911e-01 7.015991210937500000e-01 7.477099609374999734e-01 6.257324218750000278e-02 9.467333984375000400e-01 -1.068772705078125052e+00 -3.519287109375000000e+00 -2.894287109375000000e+00 1.861572265625000000e+00 4.373779296875000000e+00 1.450927734375000000e+00
3.602368164062499933e-01 9.515991210937500000e-01 5.677099609375000355e-01 4.257324218749999889e-02 1.046733398437500018e+00 -1.901772705078125014e+00 1.480712890625000000e+00 2.105712890625000000e+00 -3.138427734375000000e+00 -6.262207031250000000e-01 4.509277343750000000e-01
4.552368164062500222e-01 5.765991210937500000e-01 6.577099609375000044e-01 5.257324218750000777e-02 9.967333984374999734e-01 -6.522727050781249591e-01 3.980712890625000000e+00 -3.942871093750000000e-01 4.361572265625000000e+00 -3.126220703125000000e+00 1.950927734375000000e+00
2.652368164062499645e-01 8.265991210937500000e-01 8.377099609375000533e-01 3.257324218749999695e-02 8.967333984374999956e-01 -1.485272705078124922e+00 -1.019287109375000000e+00 4.605712890625000000e+00 -6.384277343750000000e-01 1.873779296875000000e+00 9.509277343750000000e-01
2.177368164062499778e-01 5.140991210937500000e-01 6.127099609375000755e-01 6.757324218750000722e-02 9.717333984375000622e-01 -1.277022705078124876e+00 -4.769287109375000000e+00 8.557128906250000000e-01 6.115722656250000000e-01 -4.376220703125000000e+00 1.700927734375000000e+00
4.077368164062499800e-01 7.640991210937500000e-01 7.927099609375000133e-01 4.757324218750000333e-02 8.717333984374999734e-01 -4.440227050781251350e-01 2.307128906250000000e-01 -4.144287109375000000e+00 -4.388427734375000000e+00 6.237792968750000000e-01 7.009277343750000000e-01
3.127368164062500067e-01 6.390991210937500000e-01 8.827099609374999822e-01 5.757324218750000527e-02 9.217333984375000178e-01 -1.693522705078124968e+00 2.730712890625000000e+00 3.355712890625000000e+00 3.111572265625000000e+00 3.123779296875000000e+00 1.200927734375000000e+00
1.227368164062499906e-01 8.890991210937500000e-01 7.027099609375000444e-01 3.757324218750000139e-02 1.021733398437500107e+00 -8.605227050781250053e-01 -2.269287109375000000e+00 -1.644287109375000000e+00 -1.888427734375000000e+00 -1.876220703125000000e+00 2.009277343750000000e-01
1.219946289062499994e-01 6.400756835937500000e-01 7.357568359375000755e-01 6.687011718750000833e-02 9.908740234375000844e-01 -1.898518798828124909e+00 -3.773193359375000000e+00 -3.538818359375000000e+00 -2.728271484375000000e+00 -1.379394531250000000e-01 1.657958984375000000e+00
3.119946289062499600e-01 8.900756835937500000e-01 5.557568359375000266e-01 4.687011718750000444e-02 8.908740234374999956e-01 -1.065518798828124947e+00 1.226806640625000000e+00 1.461181640625000000e+00 2.271728515625000000e+00 4.862060546875000000e+00 6.579589843750000000e-01
4.069946289062499889e-01 5.150756835937500000e-01 6.457568359374999956e-01 5.687011718749999944e-02 9.408740234375000400e-01 -1.482018798828125039e+00 3.726806640625000000e+00 -1.038818359375000000e+00 -2.282714843750000000e-01 2.362060546875000000e+00 1.157958984375000000e+00
2.169946289062499867e-01 7.650756835937500000e-01 8.257568359375000444e-01 3.687011718750000250e-02 1.040874023437500018e+00 -6.490187988281250764e-01 -1.273193359375000000e+00 3.961181640625000000e+00 4.771728515625000000e+00 -2.637939453125000000e+00 1.579589843750000000e-01
2.644946289062499734e-01 5.775756835937500000e-01 6.007568359375000666e-01 6.187011718750000389e-02 9.658740234375000622e-01 -4.407687988281250302e-01 -2.523193359375000000e+00 2.111816406250000000e-01 -3.978271484375000000e+00 1.112060546875000000e+00 1.407958984375000000e+00
4.544946289062499756e-01 8.275756835937500000e-01 7.807568359375000044e-01 4.187011718750000000e-02 1.065874023437500151e+00 -1.273768798828124993e+00 2.476806640625000000e+00 -4.788818359375000000e+00 1.021728515625000000e+00 -3.887939453125000000e+00 4.079589843750000000e-01
3.594946289062500022e-01 7.025756835937500000e-01 8.707568359374999734e-01 5.187011718750000194e-02 1.015874023437500107e+00 -8.572687988281251226e-01 4.976806640625000000e+00 2.711181640625000000e+00 -1.478271484375000000e+00 -1.387939453125000000e+00 1.907958984375000000e+00
1.694946289062500000e-01 9.525756835937500000e-01 6.907568359375000355e-01 3.187011718749999806e-02 9.158740234375000178e-01 -1.690268798828125085e+00 -2.319335937500000000e-02 -2.288818359375000000e+00 3.521728515625000000e+00 3.612060546875000000e+00 9.079589843750000000e-01
1.932446289062499933e-01 5.463256835937500000e-01 8.482568359375000089e-01 4.437011718750000222e-02 8.783740234375000400e-01 -1.586143798828125062e+00 -4.398193359375000000e+00 3.336181640625000000e+00 -4.603271484375000000e+00 -7.629394531250000000e-01 7.829589843750000000e-01
3.832446289062499956e-01 7.963256835937500000e-01 6.682568359375000711e-01 6.437011718750000611e-02 9.783740234375000178e-01 -7.531437988281250995e-01 6.018066406250000000e-01 -1.663818359375000000e+00 3.967285156250000000e-01 4.237060546875000000e+00 1.782958984375000000e+00
4.782446289062500244e-01 6.713256835937500000e-01 5.782568359374999911e-01 3.437011718750000028e-02 1.028374023437500062e+00 -1.169643798828125192e+00 3.101806640625000000e+00 8.361816406250000000e-01 -2.103271484375000000e+00 1.737060546875000000e+00 2.829589843750000000e-01
2.882446289062500222e-01 9.213256835937500000e-01 7.582568359375000400e-01 5.437011718750000416e-02 9.283740234374999734e-01 -3.366437988281250071e-01 -1.898193359375000000e+00 -4.163818359375000000e+00 2.896728515625000000e+00 -3.262939453125000000e+00 1.282958984375000000e+00
2.407446289062499800e-01 7.338256835937500000e-01 7.132568359375000000e-01 4.937011718750000666e-02 1.053374023437499973e+00 -5.448937988281250533e-01 -3.148193359375000000e+00 -4.138183593750000000e-01 -3.353271484375000000e+00 4.870605468750000000e-01 3.295898437500000000e-02
4.307446289062499822e-01 9.838256835937500000e-01 8.932568359375000488e-01 6.937011718749999667e-02 9.533740234374999956e-01 -1.377893798828125016e+00 1.851806640625000000e+00 4.586181640625000000e+00 1.646728515625000000e+00 -4.512939453125000000e+00 1.032958984375000000e+00
3.357446289062500089e-01 6.088256835937500000e-01 8.032568359375000799e-01 3.937011718749999778e-02 9.033740234375000622e-01 -9.613937988281251457e-01 4.351806640625000000e+00 -2.913818359375000000e+00 -8.532714843750000000e-01 -2.012939453125000000e+00 5.329589843750000000e-01
1.457446289062500067e-01 8.588256835937500000e-01 6.232568359375000311e-01 5.937011718750000167e-02 1.003374023437499929e+00 -1.794393798828124886e+00 -6.481933593750000000e-01 2.086181640625000000e+00 4.146728515625000000e+00 2.987060546875000000e+00 1.532958984375000000e+00
1.576196289062500033e-01 6.244506835937500000e-01 6.795068359375000533e-01 5.062011718750000777e-02 1.034624023437499929e+00 -1.429956298828125139e+00 9.143066406250000000e-01 4.898681640625000000e+00 4.459228515625000000e+00 -4.200439453125000000e+00 1.470458984375000000e+00
3.476196289062499778e-01 8.744506835937500000e-01 8.595068359374999911e-01 3.062011718750000042e-02 9.346240234375000622e-01 -5.969562988281249538e-01 -4.085693359375000000e+00 -1.013183593750000000e-01 -5.407714843750000000e-01 7.995605468750000000e-01 4.704589843750000000e-01
4.426196289062500067e-01 7.494506835937500000e-01 7.695068359375000222e-01 6.062011718750000278e-02 8.846240234375000178e-01 -1.846456298828125009e+00 -1.585693359375000000e+00 2.398681640625000000e+00 1.959228515625000000e+00 3.299560546875000000e+00 1.970458984375000000e+00
2.526196289062500044e-01 9.994506835937500000e-01 5.895068359375000844e-01 4.062011718749999889e-02 9.846240234374999956e-01 -1.013456298828125046e+00 3.414306640625000000e+00 -2.601318359375000000e+00 -3.040771484375000000e+00 -1.700439453125000000e+00 9.704589843750000000e-01
3.001196289062499911e-01 6.869506835937500000e-01 9.045068359375000311e-01 5.562011718750000527e-02 9.096240234375000400e-01 -8.052062988281250000e-01 2.164306640625000000e+00 -1.351318359375000000e+00 3.209228515625000000e+00 4.549560546875000000e+00 1.720458984375000000e+00
4.901196289062499933e-01 9.369506835937500000e-01 7.245068359374999822e-01 3.562011718750000139e-02 1.009624023437500018e+00 -1.638206298828124963e+00 -2.835693359375000000e+00 3.648681640625000000e+00 -1.790771484375000000e+00 -4.504394531250000000e-01 7.204589843750000000e-01
3.951196289062500200e-01 5.619506835937500000e-01 6.345068359375000133e-01 6.562011718750000722e-02 1.059624023437500062e+00 -3.887062988281251297e-01 -3.356933593750000000e-01 -3.851318359375000000e+00 7.092285156250000000e-01 -2.950439453125000000e+00 1.220458984375000000e+00
2.051196289062499900e-01 8.119506835937500000e-01 8.145068359375000622e-01 4.562011718750000333e-02 9.596240234374999734e-01 -1.221706298828125092e+00 4.664306640625000000e+00 1.148681640625000000e+00 -4.290771484375000000e+00 2.049560546875000000e+00 2.204589843750000000e-01
1.813696289062499967e-01 7.182006835937500000e-01 5.670068359375000089e-01 3.812011718749999667e-02 9.221240234374999956e-01 -1.325831298828124893e+00 2.893066406250000000e-01 -4.476318359375000000e+00 2.584228515625000000e+00 -4.825439453125000000e+00 9.545898437500000000e-02
3.713696289062499711e-01 9.682006835937500000e-01 7.470068359375000577e-01 5.812011718750000056e-02 1.022124023437499973e+00 -4.928312988281251528e-01 -4.710693359375000000e+00 5.236816406250000000e-01 -2.415771484375000000e+00 1.745605468750000000e-01 1.095458984375000000e+00
4.663696289062500000e-01 5.932006835937500000e-01 8.370068359375000266e-01 4.812011718750000555e-02 9.721240234375000400e-01 -1.742331298828124986e+00 -2.210693359375000000e+00 -1.976318359375000000e+00 8.422851562500000000e-02 2.674560546875000000e+00 5.954589843750000000e-01
2.763696289062499978e-01 8.432006835937500000e-01 6.570068359375000888e-01 6.812011718750000944e-02 8.721240234374999512e-01 -9.093312988281250231e-01 2.789306640625000000e+00 3.023681640625000000e+00 -4.915771484375000000e+00 -2.325439453125000000e+00 1.595458984375000000e+00
2.288696289062500111e-01 5.307006835937500000e-01 7.920068359375000977e-01 3.312011718749999917e-02 9.971240234375000622e-01 -1.117581298828125069e+00 1.539306640625000000e+00 1.773681640625000000e+00 3.834228515625000000e+00 3.924560546875000000e+00 8.454589843750000000e-01
4.188696289062500133e-01 7.807006835937500000e-01 6.120068359375000488e-01 5.312011718750000305e-02 8.971240234374999734e-01 -1.950581298828125032e+00 -3.460693359375000000e+00 -3.226318359375000000e+00 -1.165771484375000000e+00 -1.075439453125000000e+00 1.845458984375000000e+00
3.238696289062499845e-01 6.557006835937500000e-01 7.020068359375000178e-01 4.312011718750000111e-02 9.471240234375000178e-01 -7.010812988281249769e-01 -9.606933593750000000e-01 4.273681640625000000e+00 1.334228515625000000e+00 -3.575439453125000000e+00 3.454589843750000000e-01
1.338696289062499822e-01 9.057006835937500000e-01 8.820068359374999556e-01 6.312011718750000500e-02 1.047124023437500107e+00 -1.534081298828124940e+00 4.039306640625000000e+00 -7.263183593750000000e-01 -3.665771484375000000e+00 1.424560546875000000e+00 1.345458984375000000e+00
1.398071289062499944e-01 5.072631835937500000e-01 5.838818359375000933e-01 4.999511718750000722e-02 9.064990234374999956e-01 -8.833000488281250728e-01 -1.429443359375000000e+00 3.674316406250000000e-01 1.802978515625000000e+00 -6.066894531250000000e-01 1.751708984375000000e+00
3.298071289062499689e-01 7.572631835937500000e-01 7.638818359375000311e-01 6.999511718750001110e-02 1.006499023437499973e+00 -1.716300048828125036e+00 3.570556640625000000e+00 -4.632568359375000000e+00 -3.197021484375000000e+00 4.393310546875000000e+00 7.517089843750000000e-01
4.248071289062499978e-01 6.322631835937500000e-01 8.538818359375000000e-01 3.999511718749999833e-02 1.056499023437500018e+00 -4.668000488281249805e-01 1.070556640625000000e+00 2.867431640625000000e+00 4.302978515625000000e+00 1.893310546875000000e+00 1.251708984375000000e+00
2.348071289062499956e-01 8.822631835937500000e-01 6.738818359375000622e-01 5.999511718750000222e-02 9.564990234375000400e-01 -1.299800048828124943e+00 -3.929443359375000000e+00 -2.132568359375000000e+00 -6.970214843750000000e-01 -3.106689453125000000e+00 2.517089843750000000e-01
2.823071289062499822e-01 6.947631835937500000e-01 8.088818359375000711e-01 4.499511718750000278e-02 1.031499023437500107e+00 -1.508050048828124989e+00 -1.794433593750000000e-01 -3.382568359375000000e+00 5.529785156250000000e-01 6.433105468750000000e-01 1.001708984375000000e+00
4.723071289062499845e-01 9.447631835937500000e-01 6.288818359375000222e-01 6.499511718750000666e-02 9.314990234375000178e-01 -6.750500488281250266e-01 4.820556640625000000e+00 1.617431640625000000e+00 -4.447021484375000000e+00 -4.356689453125000000e+00 1.708984375000000000e-03
3.773071289062500111e-01 5.697631835937500000e-01 7.188818359374999911e-01 3.499511718750000083e-02 8.814990234374999734e-01 -1.924550048828125082e+00 2.320556640625000000e+00 -8.825683593750000000e-01 3.052978515625000000e+00 -1.856689453125000000e+00 1.501708984375000000e+00
1.873071289062500089e-01 8.197631835937500000e-01 8.988818359375000400e-01 5.499511718750000472e-02 9.814990234375000622e-01 -1.091550048828124897e+00 -2.679443359375000000e+00 4.117431640625000000e+00 -1.947021484375000000e+00 3.143310546875000000e+00 5.017089843750000000e-01
2.110571289062500022e-01 6.635131835937500000e-01 6.513818359375000977e-01 6.249511718750000444e-02 1.018999023437499929e+00 -9.874250488281250959e-01 -2.054443359375000000e+00 -2.575683593750000000e-01 1.177978515625000000e+00 -1.231689453125000000e+00 6.267089843750000000e-01
4.010571289062500044e-01 9.135131835937500000e-01 8.313818359375000355e-01 4.249511718750000056e-02 9.189990234375000622e-01 -1.820425048828125059e+00 2.945556640625000000e+00 4.742431640625000000e+00 -3.822021484375000000e+00 3.768310546875000000e+00 1.626708984375000000e+00
4.960571289062499778e-01 5.385131835937500000e-01 7.413818359375000666e-01 5.249511718750000250e-02 9.689990234374999956e-01 -5.709250488281250036e-01 4.455566406250000000e-01 -2.757568359375000000e+00 3.677978515625000000e+00 1.268310546875000000e+00 1.267089843750000000e-01
3.060571289062500311e-01 7.885131835937500000e-01 5.613818359375000178e-01 3.249511718749999861e-02 1.068999023437499973e+00 -1.403925048828125188e+00 -4.554443359375000000e+00 2.242431640625000000e+00 -1.322021484375000000e+00 -3.731689453125000000e+00 1.126708984375000000e+00
2.585571289062499889e-01 6.010131835937500000e-01 8.763818359374999645e-01 6.749511718750000888e-02 9.439990234374999734e-01 -1.195675048828125142e+00 -8.044433593750000000e-01 3.492431640625000000e+00 2.427978515625000000e+00 1.831054687500000000e-02 3.767089843750000000e-01
4.485571289062499911e-01 8.510131835937500000e-01 6.963818359375000266e-01 4.749511718750000500e-02 1.043999023437500062e+00 -3.626750488281251794e-01 4.195556640625000000e+00 -1.507568359375000000e+00 -2.572021484375000000e+00 -4.981689453125000000e+00 1.376708984375000000e+00
3.535571289062500178e-01 7.260131835937500000e-01 6.063818359375000577e-01 5.749511718750000000e-02 9.939990234375000178e-01 -1.612175048828125012e+00 1.695556640625000000e+00 9.924316406250000000e-01 4.927978515625000000e+00 -2.481689453125000000e+00 8.767089843750000000e-01
1.635571289062499878e-01 9.760131835937500000e-01 7.863818359374999956e-01 3.749511718750000305e-02 8.939990234375000400e-01 -7.791750488281250497e-01 -3.304443359375000000e+00 -4.007568359375000000e+00 -7.202148437500000000e-02 2.518310546875000000e+00 1.876708984375000000e+00
1.516821289062499911e-01 7.416381835937500000e-01 8.201318359375000533e-01 3.374511718749999972e-02 9.502490234375000622e-01 -4.147375488281250799e-01 3.258056640625000000e+00 -1.820068359375000000e+00 -1.009521484375000000e+00 -4.044189453125000000e+00 1.064208984375000000e+00
3.416821289062499933e-01 9.916381835937500000e-01 6.401318359375000044e-01 5.374511718750000361e-02 1.050249023437500151e+00 -1.247737548828125043e+00 -1.741943359375000000e+00 3.179931640625000000e+00 3.990478515625000000e+00 9.558105468750000000e-01 6.420898437500000000e-02
4.366821289062500222e-01 6.166381835937500000e-01 5.501318359375000355e-01 4.374511718750000167e-02 1.000249023437500107e+00 -8.312375488281249503e-01 -4.241943359375000000e+00 -4.320068359375000000e+00 -3.509521484375000000e+00 3.455810546875000000e+00 1.564208984375000000e+00
2.466821289062499922e-01 8.666381835937500000e-01 7.301318359374999734e-01 6.374511718750000555e-02 9.002490234375000178e-01 -1.664237548828125135e+00 7.580566406250000000e-01 6.799316406250000000e-01 1.490478515625000000e+00 -1.544189453125000000e+00 5.642089843750000000e-01
2.941821289062500067e-01 5.541381835937500000e-01 6.851318359375000444e-01 3.874511718749999722e-02 9.752490234374999734e-01 -1.872487548828124959e+00 4.508056640625000000e+00 4.429931640625000000e+00 -2.259521484375000000e+00 4.705810546875000000e+00 1.814208984375000000e+00
4.841821289062500089e-01 8.041381835937500000e-01 8.651318359374999822e-01 5.874511718750000111e-02 8.752490234374999956e-01 -1.039487548828124996e+00 -4.919433593750000000e-01 -5.700683593750000000e-01 2.740478515625000000e+00 -2.941894531250000000e-01 8.142089843750000000e-01
3.891821289062499800e-01 6.791381835937500000e-01 7.751318359375000133e-01 4.874511718750000611e-02 9.252490234375000400e-01 -1.455987548828125089e+00 -2.991943359375000000e+00 1.929931640625000000e+00 -4.759521484375000000e+00 -2.794189453125000000e+00 1.314208984375000000e+00
1.991821289062499778e-01 9.291381835937500000e-01 5.951318359375000755e-01 6.874511718750000999e-02 1.025249023437500018e+00 -6.229875488281251261e-01 2.008056640625000000e+00 -3.070068359375000000e+00 2.404785156250000000e-01 2.205810546875000000e+00 3.142089843750000000e-01
1.754321289062499845e-01 5.853881835937500000e-01 7.526318359375000488e-01 5.624511718749999889e-02 1.062749023437500107e+00 -7.271125488281251492e-01 2.633056640625000000e+00 1.304931640625000000e+00 -1.634521484375000000e+00 -4.669189453125000000e+00 4.392089843750000000e-01
3.654321289062499867e-01 8.353881835937500000e-01 5.726318359375000000e-01 3.624511718750000194e-02 9.627490234375000178e-01 -1.560112548828124890e+00 -2.366943359375000000e+00 -3.695068359375000000e+00 3.365478515625000000e+00 3.308105468750000000e-01 1.439208984375000000e+00
4.604321289062500155e-01 7.103881835937500000e-01 6.626318359375000799e-01 6.624511718750000777e-02 9.127490234374999734e-01 -1.143612548828125020e+00 -4.866943359375000000e+00 3.804931640625000000e+00 -4.134521484375000000e+00 2.830810546875000000e+00 9.392089843750000000e-01
2.704321289062500133e-01 9.603881835937500000e-01 8.426318359375000178e-01 4.624511718750000389e-02 1.012749023437500062e+00 -1.976612548828124982e+00 1.330566406250000000e-01 -1.195068359375000000e+00 8.654785156250000000e-01 -2.169189453125000000e+00 1.939208984375000000e+00
2.229321289062499989e-01 6.478881835937500000e-01 6.176318359375000400e-01 5.124511718750000139e-02 8.877490234374999512e-01 -1.768362548828124936e+00 3.883056640625000000e+00 -4.945068359375000000e+00 -3.845214843750000000e-01 4.080810546875000000e+00 6.892089843750000000e-01
4.129321289062499734e-01 8.978881835937500000e-01 7.976318359375000888e-01 3.124511718749999750e-02 9.877490234375000400e-01 -9.353625488281249734e-01 -1.116943359375000000e+00 5.493164062500000000e-02 4.615478515625000000e+00 -9.191894531250000000e-01 1.689208984375000000e+00
3.179321289062500000e-01 5.228881835937500000e-01 8.876318359375000577e-01 6.124511718750000333e-02 1.037749023437499973e+00 -1.351862548828125066e+00 -3.616943359375000000e+00 -2.445068359375000000e+00 -2.884521484375000000e+00 -3.419189453125000000e+00 1.892089843750000000e-01
1.279321289062499978e-01 7.728881835937500000e-01 7.076318359375000089e-01 4.124511718749999944e-02 9.377490234374999956e-01 -5.188625488281251030e-01 1.383056640625000000e+00 2.554931640625000000e+00 2.115478515625000000e+00 1.580810546875000000e+00 1.189208984375000000e+00
1.309008789062499900e-01 5.658569335937500000e-01 8.960693359375000444e-01 3.593261718750000167e-02 1.004936523437500062e+00 -6.360031738281251013e-01 -2.575683593750000000e-01 9.143066406250000000e-01 -4.837646484375000000e+00 -3.653564453125000000e+00 9.548339843750000000e-01
3.209008789062499645e-01 8.158569335937500000e-01 7.160693359375001066e-01 5.593261718750000555e-02 9.049365234374999734e-01 -1.469003173828125064e+00 4.742431640625000000e+00 -4.085693359375000000e+00 1.623535156250000000e-01 1.346435546875000000e+00 1.954833984375000000e+00
4.159008789062499933e-01 6.908569335937500000e-01 6.260693359375000266e-01 4.593261718750000361e-02 9.549365234375000178e-01 -1.052503173828124972e+00 2.242431640625000000e+00 3.414306640625000000e+00 -2.337646484375000000e+00 3.846435546875000000e+00 4.548339843750000000e-01
2.259008789062499911e-01 9.408569335937500000e-01 8.060693359374999645e-01 6.593261718750001443e-02 1.054936523437500107e+00 -1.885503173828124934e+00 -2.757568359375000000e+00 -1.585693359375000000e+00 2.662353515625000000e+00 -1.153564453125000000e+00 1.454833984375000000e+00
2.734008789062499778e-01 6.283569335937500000e-01 6.710693359375000666e-01 3.093261718750000069e-02 9.299365234374999956e-01 -1.677253173828125110e+00 -1.507568359375000000e+00 -2.835693359375000000e+00 -3.587646484375000000e+00 2.596435546875000000e+00 2.048339843750000000e-01
4.634008789062499800e-01 8.783569335937500000e-01 8.510693359375001155e-01 5.093261718750000111e-02 1.029936523437499973e+00 -8.442531738281251474e-01 3.492431640625000000e+00 2.164306640625000000e+00 1.412353515625000000e+00 -2.403564453125000000e+00 1.204833984375000000e+00
3.684008789062500067e-01 5.033569335937500000e-01 7.610693359375000355e-01 4.093261718749999917e-02 9.799365234375000400e-01 -1.260753173828125018e+00 9.924316406250000000e-01 -3.356933593750000000e-01 -1.087646484375000000e+00 -4.903564453125000000e+00 7.048339843750000000e-01
1.784008789062500044e-01 7.533569335937500000e-01 5.810693359375000977e-01 6.093261718750000999e-02 8.799365234374999512e-01 -4.277531738281250551e-01 -4.007568359375000000e+00 4.664306640625000000e+00 3.912353515625000000e+00 9.643554687500000000e-02 1.704833984375000000e+00
2.021508789062499978e-01 7.221069335937500000e-01 7.835693359375000000e-01 5.343261718750000333e-02 9.174365234375000400e-01 -5.318781738281250782e-01 -8.825683593750000000e-01 -9.606933593750000000e-01 -2.962646484375000000e+00 -3.028564453125000000e+00 1.579833984375000000e+00
3.921508789062500000e-01 9.721069335937500000e-01 6.035693359375000622e-01 3.343261718749999944e-02 1.017436523437500018e+00 -1.364878173828125041e+00 4.117431640625000000e+00 4.039306640625000000e+00 2.037353515625000000e+00 1.971435546875000000e+00 5.798339843750000000e-01
4.871508789062499734e-01 5.971069335937500000e-01 6.935693359375000311e-01 6.343261718750001221e-02 1.067436523437500062e+00 -9.483781738281249485e-01 1.617431640625000000e+00 -3.460693359375000000e+00 -4.626464843750000000e-01 4.471435546875000000e+00 1.079833984375000000e+00
2.971508789062500266e-01 8.471069335937500000e-01 8.735693359375000799e-01 4.343261718750000139e-02 9.674365234374999734e-01 -1.781378173828124911e+00 -3.382568359375000000e+00 1.539306640625000000e+00 4.537353515625000000e+00 -5.285644531250000000e-01 7.983398437500000000e-02
2.496508789062499845e-01 5.346069335937500000e-01 5.585693359375000222e-01 5.843261718750000777e-02 1.042436523437499929e+00 -1.989628173828124957e+00 -2.132568359375000000e+00 2.789306640625000000e+00 -4.212646484375000000e+00 3.221435546875000000e+00 1.329833984375000000e+00
4.396508789062499867e-01 7.846069335937500000e-01 7.385693359375000711e-01 3.843261718750000389e-02 9.424365234375000622e-01 -1.156628173828124995e+00 2.867431640625000000e+00 -2.210693359375000000e+00 7.873535156250000000e-01 -1.778564453125000000e+00 3.298339843750000000e-01
3.446508789062500133e-01 6.596069335937500000e-01 8.285693359375000400e-01 6.843261718750001665e-02 8.924365234375000178e-01 -1.573128173828125087e+00 3.674316406250000000e-01 2.893066406250000000e-01 -1.712646484375000000e+00 -4.278564453125000000e+00 1.829833984375000000e+00
1.546508789062500111e-01 9.096069335937500000e-01 6.485693359374999911e-01 4.843261718749999889e-02 9.924365234374999956e-01 -7.401281738281251243e-01 -4.632568359375000000e+00 -4.710693359375000000e+00 3.287353515625000000e+00 7.214355468750000000e-01 8.298339843750000000e-01
1.665258789062499800e-01 6.752319335937500000e-01 6.148193359375000444e-01 4.218261718750000028e-02 1.048686523437500018e+00 -1.104565673828125094e+00 4.429931640625000000e+00 -1.898193359375000000e+00 2.974853515625000000e+00 -2.091064453125000000e+00 1.423339843750000000e-01
3.565258789062499822e-01 9.252319335937500000e-01 7.948193359374999822e-01 6.218261718750000416e-02 9.486865234375000400e-01 -1.937565673828125057e+00 -5.700683593750000000e-01 3.101806640625000000e+00 -2.025146484375000000e+00 2.908935546875000000e+00 1.142333984375000000e+00
4.515258789062500111e-01 5.502319335937500000e-01 8.848193359375000622e-01 3.218261718749999833e-02 8.986865234374999956e-01 -6.880656738281250018e-01 -3.070068359375000000e+00 -4.398193359375000000e+00 4.748535156250000000e-01 4.089355468750000000e-01 6.423339843750000000e-01
2.615258789062500089e-01 8.002319335937500000e-01 7.048193359375000133e-01 5.218261718750000222e-02 9.986865234374999734e-01 -1.521065673828124964e+00 1.929931640625000000e+00 6.018066406250000000e-01 -4.525146484375000000e+00 -4.591064453125000000e+00 1.642333984375000000e+00
3.090258789062499956e-01 6.127319335937500000e-01 7.498193359375000533e-01 4.718261718749999778e-02 8.736865234374999734e-01 -1.312815673828124918e+00 3.179931640625000000e+00 4.351806640625000000e+00 4.224853515625000000e+00 1.658935546875000000e+00 8.923339843750000000e-01
4.990258789062499978e-01 8.627319335937500000e-01 5.698193359375000044e-01 6.718261718750001554e-02 9.736865234375000622e-01 -4.798156738281251776e-01 -1.820068359375000000e+00 -6.481933593750000000e-01 -7.751464843750000000e-01 -3.341064453125000000e+00 1.892333984375000000e+00
4.040258789062500244e-01 7.377319335937500000e-01 6.598193359375000844e-01 3.718261718750000278e-02 1.023686523437500107e+00 -1.729315673828125011e+00 -4.320068359375000000e+00 1.851806640625000000e+00 1.724853515625000000e+00 -8.410644531250000000e-01 3.923339843750000000e-01
2.140258789062499944e-01 9.877319335937500000e-01 8.398193359375000222e-01 5.718261718750000666e-02 9.236865234375000178e-01 -8.963156738281250480e-01 6.799316406250000000e-01 -3.148193359375000000e+00 -3.275146484375000000e+00 4.158935546875000000e+00 1.392333984375000000e+00
1.902758789062500011e-01 5.189819335937500000e-01 7.273193359375000888e-01 6.968261718750000389e-02 9.611865234374999956e-01 -7.921906738281250249e-01 3.804931640625000000e+00 2.476806640625000000e+00 4.849853515625000000e+00 -1.466064453125000000e+00 1.267333984375000000e+00
3.802758789062499756e-01 7.689819335937500000e-01 9.073193359375000266e-01 4.968261718750000000e-02 1.061186523437499973e+00 -1.625190673828124988e+00 -1.195068359375000000e+00 -2.523193359375000000e+00 -1.501464843750000000e-01 3.533935546875000000e+00 2.673339843750000000e-01
4.752758789062500044e-01 6.439819335937500000e-01 8.173193359375000577e-01 5.968261718750000888e-02 1.011186523437499929e+00 -3.756906738281251545e-01 -3.695068359375000000e+00 4.976806640625000000e+00 2.349853515625000000e+00 1.033935546875000000e+00 1.767333984375000000e+00
2.852758789062500022e-01 8.939819335937500000e-01 6.373193359375000089e-01 3.968261718750000500e-02 9.111865234375000622e-01 -1.208690673828125117e+00 1.304931640625000000e+00 -2.319335937500000000e-02 -2.650146484375000000e+00 -3.966064453125000000e+00 7.673339843750000000e-01
2.377758789062500155e-01 7.064819335937500000e-01 8.623193359375000977e-01 6.468261718750001332e-02 9.861865234375000178e-01 -1.416940673828125163e+00 2.554931640625000000e+00 -3.773193359375000000e+00 3.599853515625000000e+00 2.283935546875000000e+00 1.517333984375000000e+00
4.277758789062500178e-01 9.564819335937500000e-01 6.823193359375000488e-01 4.468261718750000250e-02 8.861865234375000400e-01 -5.839406738281249787e-01 -2.445068359375000000e+00 1.226806640625000000e+00 -1.400146484375000000e+00 -2.716064453125000000e+00 5.173339843750000000e-01
3.327758789062499889e-01 5.814819335937500000e-01 5.923193359375000799e-01 5.468261718750000444e-02 9.361865234374999734e-01 -1.833440673828125034e+00 -4.945068359375000000e+00 -1.273193359375000000e+00 1.099853515625000000e+00 -2.160644531250000000e-01 1.017333984375000000e+00
1.427758789062499867e-01 8.314819335937500000e-01 7.723193359375000178e-01 3.468261718750000056e-02 1.036186523437500062e+00 -1.000440673828125071e+00 5.493164062500000000e-02 3.726806640625000000e+00 -3.900146484375000000e+00 4.783935546875000000e+00 1.733398437500000000e-02
1.368383789062500022e-01 6.986694335937500000e-01 6.991943359375000222e-01 5.780761718750000722e-02 8.893115234374999734e-01 -1.234721923828125068e+00 -2.601318359375000000e+00 -2.679443359375000000e+00 6.311035156250000000e-01 -3.184814453125000000e+00 6.110839843750000000e-01
3.268383789062500044e-01 9.486694335937500000e-01 8.791943359375000711e-01 3.780761718750000333e-02 9.893115234375000622e-01 -4.017219238281251048e-01 2.398681640625000000e+00 2.320556640625000000e+00 -4.368896484375000000e+00 1.815185546875000000e+00 1.611083984375000000e+00
4.218383789062499778e-01 5.736694335937500000e-01 7.891943359374999911e-01 6.780761718750000222e-02 1.039311523437500107e+00 -1.651221923828124938e+00 4.898681640625000000e+00 -1.794433593750000000e-01 3.131103515625000000e+00 4.315185546875000000e+00 1.110839843750000000e-01
2.318383789062500033e-01 8.236694335937500000e-01 6.091943359375000533e-01 4.780761718749999833e-02 9.393115234375000178e-01 -8.182219238281249751e-01 -1.013183593750000000e-01 4.820556640625000000e+00 -1.868896484375000000e+00 -6.848144531250000000e-01 1.111083984375000000e+00
2.793383789062500178e-01 5.111694335937500000e-01 8.341943359375000311e-01 5.280761718750000278e-02 1.064311523437500018e+00 -1.026471923828125021e+00 -3.851318359375000000e+00 1.070556640625000000e+00 1.881103515625000000e+00 3.065185546875000000e+00 3.610839843750000000e-01
4.693383789062500200e-01 7.611694335937500000e-01 6.541943359374999822e-01 3.280761718749999889e-02 9.643115234375000400e-01 -1.859471923828124984e+00 1.148681640625000000e+00 -3.929443359375000000e+00 -3.118896484375000000e+00 -1.934814453125000000e+00 1.361083984375000000e+00
3.743383789062499911e-01 6.361694335937500000e-01 5.641943359375000133e-01 6.280761718749999778e-02 9.143115234374999956e-01 -6.099719238281251510e-01 3.648681640625000000e+00 3.570556640625000000e+00 4.381103515625000000e+00 -4.434814453125000000e+00 8.610839843750000000e-01
1.843383789062499889e-01 8.861694335937500000e-01 7.441943359375000622e-01 4.280761718750000083e-02 1.014311523437499973e+00 -1.442971923828125114e+00 -1.351318359375000000e+00 -1.429443359375000000e+00 -6.188964843750000000e-01 5.651855468750000000e-01 1.861083984375000000e+00
2.080883789062499822e-01 6.049194335937500000e-01 6.316943359375000178e-01 3.030761718750000014e-02 9.768115234374999956e-01 -1.547096923828124915e+00 -3.226318359375000000e+00 2.945556640625000000e+00 1.256103515625000000e+00 -2.559814453125000000e+00 1.986083984375000000e+00
3.980883789062499845e-01 8.549194335937500000e-01 8.116943359374999556e-01 5.030761718750000056e-02 8.768115234375000178e-01 -7.140969238281249520e-01 1.773681640625000000e+00 -2.054443359375000000e+00 -3.743896484375000000e+00 2.440185546875000000e+00 9.860839843750000000e-01
4.930883789062500133e-01 7.299194335937500000e-01 9.016943359375000355e-01 4.030761718749999861e-02 9.268115234375000622e-01 -1.963596923828125007e+00 4.273681640625000000e+00 4.455566406250000000e-01 3.756103515625000000e+00 4.940185546875000000e+00 1.486083984375000000e+00
3.030883789062500111e-01 9.799194335937500000e-01 7.216943359375000977e-01 6.030761718750000944e-02 1.026811523437499929e+00 -1.130596923828125044e+00 -7.263183593750000000e-01 -4.554443359375000000e+00 -1.243896484375000000e+00 -5.981445312500000000e-02 4.860839843750000000e-01
2.555883789062499689e-01 6.674194335937500000e-01 7.666943359375000266e-01 3.530761718750000111e-02 9.518115234374999734e-01 -9.223469238281249982e-01 -4.476318359375000000e+00 -8.044433593750000000e-01 6.103515625000000000e-03 3.690185546875000000e+00 1.236083984375000000e+00
4.455883789062500266e-01 9.174194335937500000e-01 5.866943359375000888e-01 5.530761718750000500e-02 1.051811523437500062e+00 -1.755346923828124961e+00 5.236816406250000000e-01 4.195556640625000000e+00 -4.993896484375000000e+00 -1.309814453125000000e+00 2.360839843750000000e-01
3.505883789062499978e-01 5.424194335937500000e-01 6.766943359375000577e-01 4.530761718750000305e-02 1.001811523437500018e+00 -5.058469238281251279e-01 3.023681640625000000e+00 -3.304443359375000000e+00 2.506103515625000000e+00 -3.809814453125000000e+00 1.736083984375000000e+00
1.605883789062499956e-01 7.924194335937500000e-01 8.566943359375001066e-01 6.530761718750000000e-02 9.018115234375000400e-01 -1.338846923828124869e+00 -1.976318359375000000e+00 1.695556640625000000e+00 -2.493896484375000000e+00 1.190185546875000000e+00 7.360839843750000000e-01
1.487133789062499989e-01 5.580444335937500000e-01 8.004443359374999734e-01 6.405761718749999889e-02 9.330615234375000400e-01 -1.703284423828125060e+00 2.086181640625000000e+00 3.883056640625000000e+00 -1.556396484375000000e+00 -2.247314453125000000e+00 2.985839843750000000e-01
3.387133789062499734e-01 8.080444335937500000e-01 6.204443359375000355e-01 4.405761718750000194e-02 1.033061523437500018e+00 -8.702844238281250977e-01 -2.913818359375000000e+00 -1.116943359375000000e+00 3.443603515625000000e+00 2.752685546875000000e+00 1.298583984375000000e+00
4.337133789062500022e-01 6.830444335937500000e-01 7.104443359375000044e-01 5.405761718750000389e-02 9.830615234374999734e-01 -1.286784423828124968e+00 -4.138183593750000000e-01 1.383056640625000000e+00 -4.056396484375000000e+00 2.526855468750000000e-01 7.985839843750000000e-01
2.437133789062500000e-01 9.330444335937500000e-01 8.904443359375000533e-01 3.405761718750000000e-02 8.830615234374999956e-01 -4.537844238281250053e-01 4.586181640625000000e+00 -3.616943359375000000e+00 9.436035156250000000e-01 -4.747314453125000000e+00 1.798583984375000000e+00
2.912133789062499867e-01 7.455444335937500000e-01 5.754443359374999956e-01 6.905761718750000333e-02 1.008061523437500107e+00 -6.620344238281250515e-01 8.361816406250000000e-01 -2.366943359375000000e+00 -3.063964843750000000e-01 1.502685546875000000e+00 5.485839843750000000e-01
4.812133789062499889e-01 9.955444335937500000e-01 7.554443359375000444e-01 4.905761718749999944e-02 9.080615234375000178e-01 -1.495034423828125014e+00 -4.163818359375000000e+00 2.633056640625000000e+00 4.693603515625000000e+00 -3.497314453125000000e+00 1.548583984375000000e+00
3.862133789062500155e-01 6.205444335937500000e-01 8.454443359375000133e-01 5.905761718750000833e-02 9.580615234375000622e-01 -1.078534423828124922e+00 -1.663818359375000000e+00 -4.866943359375000000e+00 -2.806396484375000000e+00 -9.973144531250000000e-01 4.858398437500000000e-02
1.962133789062500133e-01 8.705444335937500000e-01 6.654443359375000755e-01 3.905761718750000444e-02 1.058061523437500151e+00 -1.911534423828125107e+00 3.336181640625000000e+00 1.330566406250000000e-01 2.193603515625000000e+00 4.002685546875000000e+00 1.048583984375000000e+00
1.724633789062499922e-01 6.517944335937500000e-01 8.679443359375000888e-01 4.655761718749999722e-02 1.020561523437500062e+00 -1.807409423828125083e+00 1.461181640625000000e+00 -4.241943359375000000e+00 -9.313964843750000000e-01 -1.622314453125000000e+00 1.173583984375000000e+00
3.624633789062500222e-01 9.017944335937500000e-01 6.879443359375000400e-01 6.655761718750000111e-02 9.205615234374999734e-01 -9.744094238281251208e-01 -3.538818359375000000e+00 7.580566406250000000e-01 4.068603515625000000e+00 3.377685546875000000e+00 1.735839843750000000e-01
4.574633789062499956e-01 5.267944335937500000e-01 5.979443359375000711e-01 3.655761718750000222e-02 8.705615234375000400e-01 -1.390909423828124991e+00 -1.038818359375000000e+00 -1.741943359375000000e+00 -3.431396484375000000e+00 8.776855468750000000e-01 1.673583984375000000e+00
2.674633789062499933e-01 7.767944335937500000e-01 7.779443359375000089e-01 5.655761718750000611e-02 9.705615234375000178e-01 -5.579094238281250284e-01 3.961181640625000000e+00 3.258056640625000000e+00 1.568603515625000000e+00 -4.122314453125000000e+00 6.735839843750000000e-01
2.199633789062500067e-01 5.892944335937500000e-01 6.429443359375000000e-01 4.155761718749999972e-02 8.955615234374999512e-01 -3.496594238281249822e-01 2.111816406250000000e-01 2.008056640625000000e+00 -2.181396484375000000e+00 2.127685546875000000e+00 1.923583984375000000e+00
4.099633789062500089e-01 8.392944335937500000e-01 8.229443359375000488e-01 6.155761718750000361e-02 9.955615234375000400e-01 -1.182659423828125167e+00 -4.788818359375000000e+00 -2.991943359375000000e+00 2.818603515625000000e+00 -2.872314453125000000e+00 9.235839843750000000e-01
3.149633789062500355e-01 7.142944335937500000e-01 7.329443359375000799e-01 3.155761718749999778e-02 1.045561523437499973e+00 -7.661594238281250746e-01 -2.288818359375000000e+00 4.508056640625000000e+00 -4.681396484375000000e+00 -3.723144531250000000e-01 1.423583984375000000e+00
1.249633789062499917e-01 9.642944335937500000e-01 5.529443359375000311e-01 5.155761718750000167e-02 9.455615234374999956e-01 -1.599159423828125037e+00 2.711181640625000000e+00 -4.919433593750000000e-01 3.186035156250000000e-01 4.627685546875000000e+00 4.235839843750000000e-01
1.234790039062499956e-01 5.365600585937500000e-01 6.584130859375000311e-01 3.421386718749999667e-02 1.055717773437500062e+00 -1.345354736328125078e+00 -9.216308593750000000e-01 -1.546630859375000000e+00 4.516601562500000000e-02 4.354248046875000000e+00 5.407714843750000000e-01
3.134790039062499978e-01 7.865600585937500000e-01 8.384130859375000799e-01 5.421386718750000056e-02 9.557177734374999734e-01 -5.123547363281251155e-01 4.078369140625000000e+00 3.453369140625000000e+00 -4.954833984375000000e+00 -6.457519531250000000e-01 1.540771484375000000e+00
4.084790039062500266e-01 6.615600585937500000e-01 7.484130859375000000e-01 4.421386718750000555e-02 9.057177734375000400e-01 -1.761854736328124948e+00 1.578369140625000000e+00 -4.046630859375000000e+00 2.545166015625000000e+00 -3.145751953125000000e+00 4.077148437500000000e-02
2.184790039062499967e-01 9.115600585937500000e-01 5.684130859375000622e-01 6.421386718749999556e-02 1.005717773437500018e+00 -9.288547363281249858e-01 -3.421630859375000000e+00 9.533691406250000000e-01 -2.454833984375000000e+00 1.854248046875000000e+00 1.040771484375000000e+00
2.659790039062500111e-01 7.240600585937500000e-01 8.834130859375000089e-01 3.921386718750000111e-02 8.807177734375000178e-01 -1.137104736328125032e+00 -2.171630859375000000e+00 4.703369140625000000e+00 1.295166015625000000e+00 -4.395751953125000000e+00 2.907714843750000000e-01
4.559790039062500133e-01 9.740600585937500000e-01 7.034130859375000711e-01 5.921386718750000500e-02 9.807177734374999956e-01 -1.970104736328124995e+00 2.828369140625000000e+00 -2.966308593750000000e-01 -3.704833984375000000e+00 6.042480468750000000e-01 1.290771484375000000e+00
3.609790039062500400e-01 5.990600585937500000e-01 6.134130859374999911e-01 4.921386718750000305e-02 1.030717773437499929e+00 -7.206047363281251616e-01 3.283691406250000000e-01 2.203369140625000000e+00 3.795166015625000000e+00 3.104248046875000000e+00 7.907714843750000000e-01
1.709790039062499822e-01 8.490600585937500000e-01 7.934130859375000400e-01 6.921386718750000000e-02 9.307177734375000622e-01 -1.553604736328125124e+00 -4.671630859375000000e+00 -2.796630859375000000e+00 -1.204833984375000000e+00 -1.895751953125000000e+00 1.790771484375000000e+00
1.947290039062500033e-01 6.303100585937500000e-01 5.909130859375000266e-01 5.671386718750000278e-02 9.682177734375000400e-01 -1.449479736328124879e+00 -2.966308593750000000e-01 1.578369140625000000e+00 1.920166015625000000e+00 4.979248046875000000e+00 1.915771484375000000e+00
