# cosmological_parameters--omega_m cosmological_parameters--s_8 cosmological_parameters--h0 cosmological_parameters--omega_b cosmological_parameters--n_s cosmological_parameters--w intrinsic_alignment_parameters--a1 intrinsic_alignment_parameters--alpha1 intrinsic_alignment_parameters--a2 intrinsic_alignment_parameters--alpha2 intrinsic_alignment_parameters--bias_ta
3.670556640625000089e-01 9.190673828125000000e-01 6.386816406249999911e-01 3.813476562499999722e-02 1.063994140624999973e+00 -1.616445800781249886e+00 2.990722656250000000e+00 1.340332031250000000e+00 3.771972656250000000e+00 1.599121093750000000e+00 1.301269531250000000e+00
4.620556640624999822e-01 5.440673828125000000e-01 7.286816406250000711e-01 6.813476562500000999e-02 1.013994140624999929e+00 -3.669458007812500533e-01 4.907226562500000000e-01 -1.159667968750000000e+00 -3.728027343750000000e+00 4.099121093750000000e+00 8.012695312500000000e-01
2.720556640625000355e-01 7.940673828125000000e-01 9.086816406250000089e-01 4.813476562500000611e-02 9.139941406250000622e-01 -1.199945800781250016e+00 -4.509277343750000000e+00 3.840332031250000000e+00 1.271972656250000000e+00 -9.008789062500000000e-01 1.801269531250000000e+00
2.245556640624999933e-01 6.065673828125000000e-01 5.936816406250000622e-01 5.313476562500000361e-02 9.889941406250000178e-01 -1.408195800781250062e+00 -7.592773437500000000e-01 9.033203125000000000e-02 -2.478027343750000000e+00 2.849121093750000000e+00 5.512695312500000000e-01
4.145556640624999956e-01 8.565673828125000000e-01 7.736816406250000000e-01 3.313476562499999972e-02 8.889941406250000400e-01 -5.751958007812500995e-01 4.240722656250000000e+00 -4.909667968750000000e+00 2.521972656250000000e+00 -2.150878906250000000e+00 1.551269531250000000e+00
3.195556640625000222e-01 7.315673828125000000e-01 8.636816406250000799e-01 6.313476562500000555e-02 9.389941406249999734e-01 -1.824695800781249932e+00 1.740722656250000000e+00 2.590332031250000000e+00 -4.978027343750000000e+00 -4.650878906250000000e+00 5.126953125000000000e-02
1.295556640624999922e-01 9.815673828125000000e-01 6.836816406250000311e-01 4.313476562500000167e-02 1.038994140625000062e+00 -9.916958007812499698e-01 -3.259277343750000000e+00 -2.409667968750000000e+00 2.197265625000000000e-02 3.491210937500000000e-01 1.051269531250000000e+00
1.265869140625000000e-01 6.807861328125000000e-01 8.552441406249999822e-01 3.844726562500000444e-02 8.968066406250000400e-01 -9.005864257812501439e-01 4.631347656250000000e+00 -4.206542968750000000e+00 -3.024902343750000000e+00 -4.885253906250000000e+00 7.856445312500000000e-01
3.165869140625000022e-01 9.307861328125000000e-01 6.752441406250000444e-01 5.844726562500000833e-02 9.968066406250000178e-01 -1.733586425781250107e+00 -3.686523437500000000e-01 7.934570312500000000e-01 1.975097656250000000e+00 1.147460937500000000e-01 1.785644531250000000e+00
4.115869140624999756e-01 5.557861328125000000e-01 5.852441406250000755e-01 4.844726562499999944e-02 1.046806640625000062e+00 -4.840864257812500515e-01 -2.868652343750000000e+00 -1.706542968750000000e+00 -5.249023437500000000e-01 2.614746093750000000e+00 2.856445312500000000e-01
2.215869140625000011e-01 8.057861328125000000e-01 7.652441406250000133e-01 6.844726562500000333e-02 9.468066406249999734e-01 -1.317086425781250014e+00 2.131347656250000000e+00 3.293457031250000000e+00 4.475097656250000000e+00 -2.385253906250000000e+00 1.285644531250000000e+00
2.690869140624999600e-01 6.182861328125000000e-01 7.202441406249999734e-01 3.344726562500000000e-02 1.021806640624999929e+00 -1.525336425781250060e+00 3.381347656250000000e+00 2.043457031250000000e+00 -4.274902343750000000e+00 3.864746093750000000e+00 3.564453125000000000e-02
4.590869140625000178e-01 8.682861328125000000e-01 9.002441406250000222e-01 5.344726562500000389e-02 9.218066406250000622e-01 -6.923364257812500977e-01 -1.618652343750000000e+00 -2.956542968750000000e+00 7.250976562500000000e-01 -1.135253906250000000e+00 1.035644531250000000e+00
3.640869140624999889e-01 7.432861328125000000e-01 8.102441406250000533e-01 4.344726562500000194e-02 8.718066406250000178e-01 -1.941836425781249931e+00 -4.118652343750000000e+00 4.543457031250000000e+00 -1.774902343750000000e+00 -3.635253906250000000e+00 5.356445312500000000e-01
1.740869140624999867e-01 9.932861328125000000e-01 6.302441406250000044e-01 6.344726562499999889e-02 9.718066406249999956e-01 -1.108836425781249968e+00 8.813476562500000000e-01 -4.565429687500000000e-01 3.225097656250000000e+00 1.364746093750000000e+00 1.535644531250000000e+00
1.978369140624999800e-01 5.245361328125000000e-01 7.427441406250000488e-01 5.094726562500000167e-02 1.009306640624999973e+00 -1.004711425781250167e+00 4.006347656250000000e+00 3.918457031250000000e+00 -4.899902343750000000e+00 -4.260253906250000000e+00 1.660644531250000000e+00
3.878369140624999822e-01 7.745361328125000000e-01 5.627441406250000000e-01 3.094726562499999778e-02 9.093066406249999956e-01 -1.837711425781249908e+00 -9.936523437500000000e-01 -1.081542968750000000e+00 1.000976562500000000e-01 7.397460937500000000e-01 6.606445312500000000e-01
4.828369140625000111e-01 6.495361328125000000e-01 6.527441406250000799e-01 6.094726562500000361e-02 9.593066406250000400e-01 -5.882114257812500746e-01 -3.493652343750000000e+00 1.418457031250000000e+00 -2.399902343750000000e+00 3.239746093750000000e+00 1.160644531250000000e+00
2.928369140625000089e-01 8.995361328125000000e-01 8.327441406250000178e-01 4.094726562499999972e-02 1.059306640625000018e+00 -1.421211425781250037e+00 1.506347656250000000e+00 -3.581542968750000000e+00 2.600097656250000000e+00 -1.760253906250000000e+00 1.606445312500000000e-01
2.453369140624999944e-01 7.120361328125000000e-01 6.077441406250000400e-01 5.594726562500000611e-02 9.343066406250000178e-01 -1.212961425781249991e+00 2.756347656250000000e+00 -2.331542968750000000e+00 -3.649902343750000000e+00 4.489746093750000000e+00 1.410644531250000000e+00
4.353369140625000244e-01 9.620361328125000000e-01 7.877441406250000888e-01 3.594726562500000222e-02 1.034306640625000107e+00 -3.799614257812500284e-01 -2.243652343750000000e+00 2.668457031250000000e+00 1.350097656250000000e+00 -5.102539062500000000e-01 4.106445312500000000e-01
3.403369140624999956e-01 5.870361328125000000e-01 8.777441406250000577e-01 6.594726562500000111e-02 9.843066406250000622e-01 -1.629461425781250083e+00 -4.743652343750000000e+00 -4.831542968750000000e+00 -1.149902343750000000e+00 -3.010253906250000000e+00 1.910644531250000000e+00
1.503369140624999933e-01 8.370361328125000000e-01 6.977441406250000089e-01 4.594726562499999722e-02 8.843066406249999734e-01 -7.964614257812501208e-01 2.563476562500000000e-01 1.684570312500000000e-01 3.850097656250000000e+00 1.989746093750000000e+00 9.106445312500000000e-01
1.622119140624999900e-01 5.714111328125000000e-01 5.514941406250000178e-01 4.469726562500000305e-02 9.530566406250000622e-01 -4.320239257812501510e-01 -5.615234375000000000e-02 2.980957031250000000e+00 4.787597656250000000e+00 -8.227539062500000000e-01 9.814453125000000000e-02
3.522119140624999645e-01 8.214111328125000000e-01 7.314941406250000666e-01 6.469726562500000000e-02 1.053056640625000151e+00 -1.265023925781250114e+00 4.943847656250000000e+00 -2.019042968750000000e+00 -2.124023437500000000e-01 4.177246093750000000e+00 1.098144531250000000e+00
4.472119140624999933e-01 6.964111328125000000e-01 8.214941406250000355e-01 3.469726562500000111e-02 1.003056640625000107e+00 -8.485239257812500213e-01 2.443847656250000000e+00 4.809570312500000000e-01 2.287597656250000000e+00 1.677246093750000000e+00 5.981445312500000000e-01
2.572119140624999911e-01 9.464111328125000000e-01 6.414941406250000977e-01 5.469726562500000500e-02 9.030566406250000178e-01 -1.681523925781249984e+00 -2.556152343750000000e+00 -4.519042968750000000e+00 -2.712402343750000000e+00 -3.322753906250000000e+00 1.598144531250000000e+00
3.047119140624999778e-01 6.339111328125000000e-01 7.764941406249999956e-01 4.969726562500000056e-02 9.780566406249999734e-01 -1.889773925781250030e+00 -1.306152343750000000e+00 -7.690429687500000000e-01 3.537597656250000000e+00 4.272460937500000000e-01 8.481445312500000000e-01
4.947119140624999800e-01 8.839111328125000000e-01 5.964941406250000577e-01 6.969726562500000444e-02 8.780566406249999956e-01 -1.056773925781250068e+00 3.693847656250000000e+00 4.230957031250000000e+00 -1.462402343750000000e+00 -4.572753906250000000e+00 1.848144531250000000e+00
3.997119140625000067e-01 5.089111328125000000e-01 6.864941406250000266e-01 3.969726562499999861e-02 9.280566406250000400e-01 -1.473273925781250160e+00 1.193847656250000000e+00 -3.269042968750000000e+00 1.037597656250000000e+00 -2.072753906250000000e+00 3.481445312500000000e-01
2.097119140625000044e-01 7.589111328125000000e-01 8.664941406249999645e-01 5.969726562500000944e-02 1.028056640625000018e+00 -6.402739257812499751e-01 -3.806152343750000000e+00 1.730957031250000000e+00 -3.962402343750000000e+00 2.927246093750000000e+00 1.348144531250000000e+00
1.859619140625000111e-01 7.276611328125000000e-01 6.639941406250000622e-01 6.719726562500000222e-02 1.065556640625000107e+00 -7.443989257812499982e-01 -6.811523437500000000e-01 -2.644042968750000000e+00 2.912597656250000000e+00 -1.977539062500000000e-01 1.473144531250000000e+00
3.759619140625000133e-01 9.776611328125000000e-01 8.439941406250000000e-01 4.719726562499999833e-02 9.655566406250000178e-01 -1.577398925781249961e+00 4.318847656250000000e+00 2.355957031250000000e+00 -2.087402343750000000e+00 4.802246093750000000e+00 4.731445312500000000e-01
4.709619140624999867e-01 6.026611328125000000e-01 7.539941406250000311e-01 5.719726562500000722e-02 9.155566406249999734e-01 -1.160898925781250091e+00 1.818847656250000000e+00 -1.440429687500000000e-01 4.125976562500000000e-01 2.302246093750000000e+00 1.973144531250000000e+00
2.809619140624999845e-01 8.526611328125000000e-01 5.739941406250000933e-01 3.719726562500000333e-02 1.015556640625000062e+00 -1.993898925781250053e+00 -3.181152343750000000e+00 4.855957031250000000e+00 -4.587402343750000000e+00 -2.697753906250000000e+00 9.731445312500000000e-01
2.334619140624999978e-01 5.401611328125000000e-01 8.889941406250000400e-01 6.219726562500000472e-02 8.905566406249999512e-01 -1.785648925781250007e+00 -1.931152343750000000e+00 1.105957031250000000e+00 4.162597656250000000e+00 1.052246093750000000e+00 1.723144531250000000e+00
4.234619140625000000e-01 7.901611328125000000e-01 7.089941406249999911e-01 4.219726562500000083e-02 9.905566406250000400e-01 -9.526489257812500444e-01 3.068847656250000000e+00 -3.894042968750000000e+00 -8.374023437500000000e-01 -3.947753906250000000e+00 7.231445312500000000e-01
3.284619140625000266e-01 6.651611328125000000e-01 6.189941406250000222e-01 5.219726562500000278e-02 1.040556640624999973e+00 -1.369148925781249915e+00 5.688476562500000000e-01 3.605957031250000000e+00 1.662597656250000000e+00 -1.447753906250000000e+00 1.223144531250000000e+00
1.384619140624999967e-01 9.151611328125000000e-01 7.989941406250000711e-01 3.219726562499999889e-02 9.405566406249999956e-01 -5.361489257812501741e-01 -4.431152343750000000e+00 -1.394042968750000000e+00 -3.337402343750000000e+00 3.552246093750000000e+00 2.231445312500000000e-01
1.325244140624999845e-01 5.479736328125000000e-01 6.471191406250000888e-01 5.532226562500000555e-02 9.874316406249999956e-01 -1.915805175781249980e+00 1.975097656250000000e+00 2.199707031250000000e+00 1.506347656250000000e+00 -4.416503906250000000e+00 6.293945312500000000e-01
3.225244140624999867e-01 7.979736328125000000e-01 8.271191406250000266e-01 3.532226562500000167e-02 8.874316406250000178e-01 -1.082805175781250018e+00 -3.024902343750000000e+00 -2.800292968750000000e+00 -3.493652343750000000e+00 5.834960937500000000e-01 1.629394531250000000e+00
4.175244140625000155e-01 6.729736328125000000e-01 7.371191406250000577e-01 6.532226562500001443e-02 9.374316406250000622e-01 -1.499305175781250110e+00 -5.249023437500000000e-01 4.699707031250000000e+00 4.006347656250000000e+00 3.083496093750000000e+00 1.293945312500000000e-01
2.275244140625000133e-01 9.229736328125000000e-01 5.571191406250000089e-01 4.532226562500000361e-02 1.037431640624999929e+00 -6.663051757812501474e-01 4.475097656250000000e+00 -3.002929687500000000e-01 -9.936523437500000000e-01 -1.916503906250000000e+00 1.129394531250000000e+00
2.750244140625000000e-01 7.354736328125000000e-01 8.721191406249999556e-01 5.032226562500000111e-02 9.624316406249999734e-01 -4.580551757812501013e-01 7.250976562500000000e-01 -4.050292968750000000e+00 2.563476562500000000e-01 4.333496093750000000e+00 3.793945312500000000e-01
4.650244140625000022e-01 9.854736328125000000e-01 6.921191406250000178e-01 3.032226562499999722e-02 1.062431640625000062e+00 -1.291055175781250064e+00 -4.274902343750000000e+00 9.497070312500000000e-01 -4.743652343750000000e+00 -6.665039062500000000e-01 1.379394531250000000e+00
3.700244140624999734e-01 6.104736328125000000e-01 6.021191406250000488e-01 6.032226562500000305e-02 1.012431640625000018e+00 -8.745551757812499716e-01 -1.774902343750000000e+00 -1.550292968750000000e+00 2.756347656250000000e+00 -3.166503906250000000e+00 8.793945312500000000e-01
1.800244140624999989e-01 8.604736328125000000e-01 7.821191406250000977e-01 4.032226562499999917e-02 9.124316406250000400e-01 -1.707555175781249934e+00 3.225097656250000000e+00 3.449707031250000000e+00 -2.243652343750000000e+00 1.833496093750000000e+00 1.879394531250000000e+00
2.037744140624999922e-01 6.417236328125000000e-01 5.796191406250000844e-01 3.282226562499999944e-02 8.749316406249999512e-01 -1.603430175781249911e+00 1.350097656250000000e+00 -2.175292968750000000e+00 8.813476562500000000e-01 -3.791503906250000000e+00 1.754394531250000000e+00
3.937744140625000222e-01 8.917236328125000000e-01 7.596191406250000222e-01 5.282226562500000333e-02 9.749316406250000400e-01 -7.704301757812499485e-01 -3.649902343750000000e+00 2.824707031250000000e+00 -4.118652343750000000e+00 1.208496093750000000e+00 7.543945312500000000e-01
4.887744140624999956e-01 5.167236328125000000e-01 8.496191406249999911e-01 4.282226562500000139e-02 1.024931640624999973e+00 -1.186930175781250041e+00 -1.149902343750000000e+00 -4.675292968750000000e+00 3.381347656250000000e+00 3.708496093750000000e+00 1.254394531250000000e+00
2.987744140624999933e-01 7.667236328125000000e-01 6.696191406250000533e-01 6.282226562500001221e-02 9.249316406249999956e-01 -3.539301757812500782e-01 3.850097656250000000e+00 3.247070312500000000e-01 -1.618652343750000000e+00 -1.291503906250000000e+00 2.543945312500000000e-01
2.512744140625000067e-01 5.792236328125000000e-01 8.046191406250000622e-01 3.782226562500000389e-02 1.049931640625000107e+00 -5.621801757812501243e-01 1.000976562500000000e-01 4.074707031250000000e+00 2.131347656250000000e+00 4.958496093750000000e+00 1.004394531250000000e+00
4.412744140625000089e-01 8.292236328125000000e-01 6.246191406250000133e-01 5.782226562500000777e-02 9.499316406250000178e-01 -1.395180175781249865e+00 -4.899902343750000000e+00 -9.252929687500000000e-01 -2.868652343750000000e+00 -4.150390625000000000e-02 4.394531250000000000e-03
3.462744140625000355e-01 7.042236328125000000e-01 7.146191406249999822e-01 4.782226562499999889e-02 8.999316406249999734e-01 -9.786801757812499947e-01 -2.399902343750000000e+00 1.574707031250000000e+00 4.631347656250000000e+00 -2.541503906250000000e+00 1.504394531250000000e+00
1.562744140625000056e-01 9.542236328125000000e-01 8.946191406250000311e-01 6.782226562500000278e-02 9.999316406250000622e-01 -1.811680175781249957e+00 2.600097656250000000e+00 -3.425292968750000000e+00 -3.686523437500000000e-01 2.458496093750000000e+00 5.043945312500000000e-01
1.443994140625000089e-01 6.885986328125000000e-01 7.708691406250000044e-01 6.157226562500000416e-02 1.043681640625000018e+00 -1.447242675781249988e+00 -2.712402343750000000e+00 -1.237792968750000000e+00 -6.811523437500000000e-01 -9.790039062500000000e-01 4.418945312500000000e-01
3.343994140625000111e-01 9.385986328125000000e-01 5.908691406250000666e-01 4.157226562500000028e-02 9.436816406250000400e-01 -6.142426757812500249e-01 2.287597656250000000e+00 3.762207031250000000e+00 4.318847656250000000e+00 4.020996093750000000e+00 1.441894531250000000e+00
4.293994140624999845e-01 5.635986328125000000e-01 6.808691406250000355e-01 5.157226562500000222e-02 8.936816406249999956e-01 -1.863742675781250080e+00 4.787597656250000000e+00 -3.737792968750000000e+00 -3.181152343750000000e+00 1.520996093750000000e+00 9.418945312500000000e-01
2.393994140624999822e-01 8.135986328125000000e-01 8.608691406249999734e-01 3.157226562499999833e-02 9.936816406250000844e-01 -1.030742675781250117e+00 -2.124023437500000000e-01 1.262207031250000000e+00 1.818847656250000000e+00 -3.479003906250000000e+00 1.941894531250000000e+00
2.868994140624999689e-01 5.010986328125000000e-01 6.358691406249999956e-01 6.657226562500001554e-02 9.186816406250000178e-01 -8.224926757812500711e-01 -3.962402343750000000e+00 2.512207031250000000e+00 -1.931152343750000000e+00 2.709960937500000000e-01 6.918945312500000000e-01
4.768994140625000266e-01 7.510986328125000000e-01 8.158691406250000444e-01 4.657226562499999778e-02 1.018681640625000107e+00 -1.655492675781250034e+00 1.037597656250000000e+00 -2.487792968750000000e+00 3.068847656250000000e+00 -4.729003906250000000e+00 1.691894531250000000e+00
3.818994140624999978e-01 6.260986328125000000e-01 9.058691406250000133e-01 5.657226562500000666e-02 1.068681640625000151e+00 -4.059926757812499787e-01 3.537597656250000000e+00 1.220703125000000000e-02 -4.431152343750000000e+00 -2.229003906250000000e+00 1.918945312500000000e-01
1.918994140624999956e-01 8.760986328125000000e-01 7.258691406250000755e-01 3.657226562500000278e-02 9.686816406250000622e-01 -1.238992675781250163e+00 -1.462402343750000000e+00 -4.987792968750000000e+00 5.688476562500000000e-01 2.770996093750000000e+00 1.191894531250000000e+00
1.681494140625000022e-01 5.948486328125000000e-01 8.383691406250000089e-01 4.907226562500000000e-02 9.311816406249999734e-01 -1.343117675781249964e+00 -3.337402343750000000e+00 6.372070312500000000e-01 -1.306152343750000000e+00 -3.540039062500000000e-01 1.066894531250000000e+00
3.581494140625000044e-01 8.448486328125000000e-01 6.583691406250000711e-01 6.907226562500000389e-02 1.031181640625000062e+00 -5.101176757812500018e-01 1.662597656250000000e+00 -4.362792968750000000e+00 3.693847656250000000e+00 4.645996093750000000e+00 6.689453125000000000e-02
4.531494140624999778e-01 7.198486328125000000e-01 5.683691406249999911e-01 3.907226562499999806e-02 9.811816406250000178e-01 -1.759617675781250057e+00 4.162597656250000000e+00 3.137207031250000000e+00 -3.806152343750000000e+00 2.145996093750000000e+00 1.566894531250000000e+00
2.631494140625000311e-01 9.698486328125000000e-01 7.483691406250000400e-01 5.907226562500000888e-02 8.811816406250000400e-01 -9.266176757812500941e-01 -8.374023437500000000e-01 -1.862792968750000000e+00 1.193847656250000000e+00 -2.854003906250000000e+00 5.668945312500000000e-01
2.156494140624999889e-01 6.573486328125000000e-01 7.033691406250000000e-01 4.407226562500000250e-02 1.006181640624999929e+00 -1.134867675781249918e+00 -4.587402343750000000e+00 -3.112792968750000000e+00 -5.615234375000000000e-02 8.959960937500000000e-01 1.816894531250000000e+00
4.056494140624999911e-01 9.073486328125000000e-01 8.833691406250000488e-01 6.407226562500001332e-02 9.061816406250000622e-01 -1.967867675781250103e+00 4.125976562500000000e-01 1.887207031250000000e+00 4.943847656250000000e+00 -4.104003906250000000e+00 8.168945312500000000e-01
3.106494140625000178e-01 5.323486328125000000e-01 7.933691406250000799e-01 3.407226562500000056e-02 9.561816406249999956e-01 -7.183676757812500480e-01 2.912597656250000000e+00 -6.127929687500000000e-01 -2.556152343750000000e+00 -1.604003906250000000e+00 1.316894531250000000e+00
1.206494140625000017e-01 7.823486328125000000e-01 6.133691406250000311e-01 5.407226562500000444e-02 1.056181640624999973e+00 -1.551367675781250011e+00 -2.087402343750000000e+00 4.387207031250000000e+00 2.443847656250000000e+00 3.395996093750000000e+00 3.168945312500000000e-01
1.204638671874999900e-01 5.941162109375000000e-01 6.567871093750000666e-01 6.014648437500000333e-02 1.031865234375000107e+00 -1.708368652343750016e+00 -6.079101562500000000e-01 -2.795410156250000000e+00 -4.016113281250000000e+00 1.437988281250000000e+00 1.993652343750000000e+00
3.104638671874999645e-01 8.441162109375000000e-01 8.367871093750001155e-01 4.014648437499999944e-02 9.318652343750000178e-01 -8.753686523437500533e-01 4.392089843750000000e+00 2.204589843750000000e+00 9.838867187500000000e-01 -3.562011718750000000e+00 9.936523437500000000e-01
4.054638671874999933e-01 7.191162109375000000e-01 7.467871093750000355e-01 5.014648437500000139e-02 8.818652343749999734e-01 -1.291868652343750146e+00 1.892089843750000000e+00 -2.954101562500000000e-01 -1.516113281250000000e+00 -1.062011718750000000e+00 1.493652343750000000e+00
2.154638671874999911e-01 9.691162109375000000e-01 5.667871093750000977e-01 3.014648437499999750e-02 9.818652343750000622e-01 -4.588686523437499609e-01 -3.107910156250000000e+00 4.704589843750000000e+00 3.483886718750000000e+00 3.937988281250000000e+00 4.936523437500000000e-01
2.629638671874999778e-01 6.566162109375000000e-01 8.817871093750000444e-01 6.514648437500000777e-02 9.068652343749999956e-01 -6.671186523437500071e-01 -1.857910156250000000e+00 9.545898437500000000e-01 -2.766113281250000000e+00 -2.312011718750000000e+00 1.243652343750000000e+00
4.529638671874999800e-01 9.066162109375000000e-01 7.017871093750001066e-01 4.514648437500000389e-02 1.006865234374999973e+00 -1.500118652343749970e+00 3.142089843750000000e+00 -4.045410156250000000e+00 2.233886718750000000e+00 2.687988281250000000e+00 2.436523437500000000e-01
3.579638671875000067e-01 5.316162109375000000e-01 6.117871093750000266e-01 5.514648437499999889e-02 1.056865234375000018e+00 -1.083618652343750099e+00 6.420898437500000000e-01 3.454589843750000000e+00 -2.661132812500000000e-01 1.879882812500000000e-01 1.743652343750000000e+00
1.679638671875000044e-01 7.816162109375000000e-01 7.917871093750000755e-01 3.514648437500000194e-02 9.568652343750000400e-01 -1.916618652343750062e+00 -4.357910156250000000e+00 -1.545410156250000000e+00 4.733886718750000000e+00 -4.812011718750000000e+00 7.436523437500000000e-01
1.917138671874999978e-01 6.878662109375000000e-01 5.892871093750000622e-01 4.764648437500000611e-02 9.443652343749999734e-01 -1.812493652343750039e+00 -1.232910156250000000e+00 2.829589843750000000e+00 -3.391113281250000000e+00 2.062988281250000000e+00 6.186523437500000000e-01
3.817138671875000000e-01 9.378662109375000000e-01 7.692871093750000000e-01 6.764648437500000999e-02 1.044365234375000062e+00 -9.794936523437500764e-01 3.767089843750000000e+00 -2.170410156250000000e+00 1.608886718750000000e+00 -2.937011718750000000e+00 1.618652343750000000e+00
4.767138671874999734e-01 5.628662109375000000e-01 8.592871093750000799e-01 3.764648437499999722e-02 9.943652343750000178e-01 -1.395993652343749947e+00 1.267089843750000000e+00 3.295898437500000000e-01 -8.911132812500000000e-01 -4.370117187500000000e-01 1.186523437500000000e-01
2.867138671875000266e-01 8.128662109375000000e-01 6.792871093750000311e-01 5.764648437500000111e-02 8.943652343750000400e-01 -5.629936523437499840e-01 -3.732910156250000000e+00 -4.670410156250000000e+00 4.108886718750000000e+00 4.562988281250000000e+00 1.118652343750000000e+00
2.392138671874999845e-01 5.003662109375000000e-01 8.142871093750000400e-01 4.264648437500000167e-02 1.019365234374999929e+00 -3.547436523437501599e-01 -2.482910156250000000e+00 -9.204101562500000000e-01 -4.641113281250000000e+00 -1.687011718750000000e+00 3.686523437500000000e-01
4.292138671874999867e-01 7.503662109375000000e-01 6.342871093749999911e-01 6.264648437500000555e-02 9.193652343750000622e-01 -1.187743652343749901e+00 2.517089843750000000e+00 4.079589843750000000e+00 3.588867187500000000e-01 3.312988281250000000e+00 1.368652343750000000e+00
3.342138671875000133e-01 6.253662109375000000e-01 7.242871093750000711e-01 3.264648437499999972e-02 9.693652343749999956e-01 -7.712436523437500302e-01 1.708984375000000000e-02 -3.420410156250000000e+00 -2.141113281250000000e+00 8.129882812500000000e-01 8.686523437500000000e-01
1.442138671875000111e-01 8.753662109375000000e-01 9.042871093750000089e-01 5.264648437500000361e-02 1.069365234374999973e+00 -1.604243652343749993e+00 -4.982910156250000000e+00 1.579589843750000000e+00 2.858886718750000000e+00 -4.187011718750000000e+00 1.868652343750000000e+00
1.560888671874999800e-01 6.409912109375000000e-01 7.580371093750000178e-01 5.639648437500000000e-02 9.756152343749999734e-01 -1.239806152343750023e+00 4.704589843750000000e+00 3.767089843750000000e+00 3.171386718750000000e+00 3.000488281250000000e+00 1.181152343750000000e+00
3.460888671874999822e-01 8.909912109375000000e-01 5.780371093750000799e-01 3.639648437500000305e-02 8.756152343749999956e-01 -4.068061523437500604e-01 -2.954101562500000000e-01 -1.232910156250000000e+00 -1.828613281250000000e+00 -1.999511718750000000e+00 1.811523437500000000e-01
4.410888671875000111e-01 5.159912109375000000e-01 6.680371093750000488e-01 6.639648437500000888e-02 9.256152343750000400e-01 -1.656306152343749893e+00 -2.795410156250000000e+00 1.267089843750000000e+00 6.713867187500000000e-01 -4.499511718750000000e+00 1.681152343750000000e+00
2.510888671875000089e-01 7.659912109375000000e-01 8.480371093750000977e-01 4.639648437500000500e-02 1.025615234375000018e+00 -8.233061523437501528e-01 2.204589843750000000e+00 -3.732910156250000000e+00 -4.328613281250000000e+00 5.004882812500000000e-01 6.811523437500000000e-01
2.985888671874999956e-01 5.784912109375000000e-01 6.230371093750000089e-01 5.139648437500000250e-02 9.506152343750000622e-01 -1.031556152343750199e+00 3.454589843750000000e+00 -2.482910156250000000e+00 4.421386718750000000e+00 -3.249511718750000000e+00 1.931152343750000000e+00
4.885888671874999978e-01 8.284912109375000000e-01 8.030371093750000577e-01 3.139648437499999861e-02 1.050615234375000151e+00 -1.864556152343749940e+00 -1.545410156250000000e+00 2.517089843750000000e+00 -5.786132812500000000e-01 1.750488281250000000e+00 9.311523437500000000e-01
3.935888671875000244e-01 7.034912109375000000e-01 8.930371093750000266e-01 6.139648437500000444e-02 1.000615234375000107e+00 -6.150561523437501066e-01 -4.045410156250000000e+00 -4.982910156250000000e+00 1.921386718750000000e+00 4.250488281250000000e+00 1.431152343750000000e+00
2.035888671874999944e-01 9.534912109375000000e-01 7.130371093750000888e-01 4.139648437500000056e-02 9.006152343750000178e-01 -1.448056152343750069e+00 9.545898437500000000e-01 1.708984375000000000e-02 -3.078613281250000000e+00 -7.495117187500000000e-01 4.311523437500000000e-01
1.798388671875000011e-01 5.472412109375000000e-01 8.255371093750000222e-01 3.389648437500000083e-02 8.881152343749999512e-01 -1.552181152343750092e+00 4.079589843750000000e+00 -4.357910156250000000e+00 3.796386718750000000e+00 3.625488281250000000e+00 3.061523437500000000e-01
3.698388671875000311e-01 7.972412109375000000e-01 6.455371093750000844e-01 5.389648437500000472e-02 9.881152343750000400e-01 -7.191811523437501297e-01 -9.204101562500000000e-01 6.420898437500000000e-01 -1.203613281250000000e+00 -1.374511718750000000e+00 1.306152343750000000e+00
4.648388671875000044e-01 6.722412109375000000e-01 5.555371093750000044e-01 4.389648437500000278e-02 1.038115234374999973e+00 -1.968681152343749963e+00 -3.420410156250000000e+00 -1.857910156250000000e+00 1.296386718750000000e+00 -3.874511718750000000e+00 8.061523437500000000e-01
2.748388671875000022e-01 9.222412109375000000e-01 7.355371093750000533e-01 6.389648437500000666e-02 9.381152343749999956e-01 -1.135681152343750000e+00 1.579589843750000000e+00 3.142089843750000000e+00 -3.703613281250000000e+00 1.125488281250000000e+00 1.806152343750000000e+00
2.273388671875000155e-01 7.347412109375000000e-01 6.905371093750000133e-01 3.889648437499999833e-02 1.063115234375000107e+00 -9.274311523437499538e-01 2.829589843750000000e+00 1.892089843750000000e+00 2.546386718750000000e+00 -2.624511718750000000e+00 5.561523437500000000e-01
4.173388671875000178e-01 9.847412109375000000e-01 8.705371093750000622e-01 5.889648437500000222e-02 9.631152343750000178e-01 -1.760431152343749917e+00 -2.170410156250000000e+00 -3.107910156250000000e+00 -2.453613281250000000e+00 2.375488281250000000e+00 1.556152343750000000e+00
3.223388671874999889e-01 6.097412109375000000e-01 7.805371093749999822e-01 4.889648437500000722e-02 9.131152343749999734e-01 -5.109311523437500835e-01 -4.670410156250000000e+00 4.392089843750000000e+00 4.638671875000000000e-02 4.875488281250000000e+00 5.615234375000000000e-02
1.323388671874999867e-01 8.597412109375000000e-01 6.005371093750000444e-01 6.889648437500001110e-02 1.013115234375000062e+00 -1.343931152343750046e+00 3.295898437500000000e-01 -6.079101562500000000e-01 -4.953613281250000000e+00 -1.245117187500000000e-01 1.056152343750000000e+00
1.382763671874999989e-01 7.269287109375000000e-01 8.536621093750000888e-01 4.327148437500000222e-02 9.662402343750000622e-01 -1.109649902343750050e+00 -2.951660156250000000e+00 7.983398437500000000e-01 5.151367187500000000e-01 1.594238281250000000e+00 1.587402343750000000e+00
3.282763671874999734e-01 9.769287109375000000e-01 6.736621093750000400e-01 6.327148437500000611e-02 1.066240234375000151e+00 -1.942649902343750012e+00 2.048339843750000000e+00 -4.201660156250000000e+00 -4.484863281250000000e+00 -3.405761718750000000e+00 5.874023437500000000e-01
4.232763671875000022e-01 6.019287109375000000e-01 5.836621093750000711e-01 3.327148437500000028e-02 1.016240234375000107e+00 -6.931499023437499574e-01 4.548339843750000000e+00 3.298339843750000000e+00 3.015136718750000000e+00 -9.057617187500000000e-01 1.087402343750000000e+00
2.332763671875000000e-01 8.519287109375000000e-01 7.636621093750000089e-01 5.327148437500000416e-02 9.162402343750000178e-01 -1.526149902343750142e+00 -4.516601562500000000e-01 -1.701660156250000000e+00 -1.984863281250000000e+00 4.094238281250000000e+00 8.740234375000000000e-02
2.807763671874999867e-01 5.394287109375000000e-01 7.186621093750000799e-01 4.827148437500000666e-02 9.912402343750000844e-01 -1.317899902343750096e+00 -4.201660156250000000e+00 -2.951660156250000000e+00 1.765136718750000000e+00 -2.155761718750000000e+00 1.337402343750000000e+00
4.707763671874999889e-01 7.894287109375000000e-01 8.986621093750000178e-01 6.827148437499999667e-02 8.912402343749999956e-01 -4.848999023437501332e-01 7.983398437500000000e-01 2.048339843750000000e+00 -3.234863281250000000e+00 2.844238281250000000e+00 3.374023437500000000e-01
3.757763671875000155e-01 6.644287109375000000e-01 8.086621093750000488e-01 3.827148437499999778e-02 9.412402343750000400e-01 -1.734399902343749966e+00 3.298339843750000000e+00 -4.516601562500000000e-01 4.265136718750000000e+00 3.442382812500000000e-01 1.837402343750000000e+00
1.857763671875000133e-01 9.144287109375000000e-01 6.286621093750000000e-01 5.827148437500000167e-02 1.041240234375000018e+00 -9.013999023437500036e-01 -1.701660156250000000e+00 4.548339843750000000e+00 -7.348632812500000000e-01 -4.655761718750000000e+00 8.374023437500000000e-01
2.095263671875000067e-01 5.706787109375000000e-01 7.411621093750000444e-01 6.577148437500000833e-02 1.053740234374999973e+00 -7.972749023437499805e-01 -3.576660156250000000e+00 -1.076660156250000000e+00 2.390136718750000000e+00 2.219238281250000000e+00 9.624023437500000000e-01
3.995263671875000089e-01 8.206787109375000000e-01 5.611621093749999956e-01 4.577148437500000444e-02 9.537402343749999956e-01 -1.630274902343749943e+00 1.423339843750000000e+00 3.923339843750000000e+00 -2.609863281250000000e+00 -2.780761718750000000e+00 1.962402343750000000e+00
4.945263671874999822e-01 6.956787109375000000e-01 6.511621093750000755e-01 5.577148437499999944e-02 9.037402343750000622e-01 -3.807749023437501101e-01 3.923339843750000000e+00 -3.576660156250000000e+00 4.890136718750000000e+00 -2.807617187500000000e-01 4.624023437500000000e-01
3.045263671875000355e-01 9.456787109375000000e-01 8.311621093750000133e-01 3.577148437500000250e-02 1.003740234374999929e+00 -1.213774902343750073e+00 -1.076660156250000000e+00 1.423339843750000000e+00 -1.098632812500000000e-01 4.719238281250000000e+00 1.462402343750000000e+00
2.570263671874999933e-01 6.331787109375000000e-01 6.061621093750000355e-01 6.077148437500000389e-02 8.787402343750000400e-01 -1.422024902343749897e+00 -4.826660156250000000e+00 2.673339843750000000e+00 1.140136718750000000e+00 -1.530761718750000000e+00 2.124023437500000000e-01
4.470263671874999956e-01 8.831787109375000000e-01 7.861621093749999734e-01 4.077148437500000000e-02 9.787402343750000178e-01 -5.890249023437501563e-01 1.733398437500000000e-01 -2.326660156250000000e+00 -3.859863281250000000e+00 3.469238281250000000e+00 1.212402343750000000e+00
3.520263671875000222e-01 5.081787109375000000e-01 8.761621093750000533e-01 5.077148437500000194e-02 1.028740234375000062e+00 -1.838524902343749989e+00 2.673339843750000000e+00 1.733398437500000000e-01 3.640136718750000000e+00 9.692382812500000000e-01 7.124023437500000000e-01
1.620263671874999922e-01 7.581787109375000000e-01 6.961621093750000044e-01 3.077148437499999806e-02 9.287402343749999734e-01 -1.005524902343750027e+00 -2.326660156250000000e+00 -4.826660156250000000e+00 -1.359863281250000000e+00 -4.030761718750000000e+00 1.712402343750000000e+00
1.501513671874999956e-01 5.238037109375000000e-01 5.724121093750000888e-01 3.952148437499999889e-02 9.099902343750000400e-01 -6.410874023437500568e-01 2.360839843750000000e+00 -2.014160156250000000e+00 -2.297363281250000000e+00 2.531738281250000000e+00 1.274902343750000000e+00
3.401513671874999978e-01 7.738037109375000000e-01 7.524121093750000266e-01 5.952148437500000278e-02 1.009990234375000018e+00 -1.474087402343750020e+00 -2.639160156250000000e+00 2.985839843750000000e+00 2.702636718750000000e+00 -2.468261718750000000e+00 2.749023437500000000e-01
4.351513671875000266e-01 6.488037109375000000e-01 8.424121093750001066e-01 4.952148437500000777e-02 1.059990234375000062e+00 -1.057587402343750149e+00 -1.391601562500000000e-01 -4.514160156250000000e+00 -4.797363281250000000e+00 -4.968261718750000000e+00 1.774902343750000000e+00
2.451513671874999967e-01 8.988037109375000000e-01 6.624121093750000577e-01 6.952148437499999778e-02 9.599902343749999734e-01 -1.890587402343749890e+00 4.860839843750000000e+00 4.858398437500000000e-01 2.026367187500000000e-01 3.173828125000000000e-02 7.749023437500000000e-01
2.926513671875000111e-01 7.113037109375000000e-01 7.974121093750000666e-01 3.452148437500000139e-02 1.034990234374999929e+00 -1.682337402343750066e+00 1.110839843750000000e+00 4.235839843750000000e+00 -1.047363281250000000e+00 -3.718261718750000000e+00 1.524902343750000000e+00
4.826513671875000133e-01 9.613037109375000000e-01 6.174121093750000178e-01 5.452148437500000527e-02 9.349902343750000622e-01 -8.493374023437501030e-01 -3.889160156250000000e+00 -7.641601562500000000e-01 3.952636718750000000e+00 1.281738281250000000e+00 5.249023437500000000e-01
3.876513671874999845e-01 5.863037109375000000e-01 7.074121093750000977e-01 4.452148437500000333e-02 8.849902343750000178e-01 -1.265837402343750195e+00 -1.389160156250000000e+00 1.735839843750000000e+00 -3.547363281250000000e+00 3.781738281250000000e+00 1.024902343750000000e+00
1.976513671874999822e-01 8.363037109375000000e-01 8.874121093750000355e-01 6.452148437500000722e-02 9.849902343749999956e-01 -4.328374023437500107e-01 3.610839843750000000e+00 -3.264160156250000000e+00 1.452636718750000000e+00 -1.218261718750000000e+00 2.490234375000000000e-02
1.739013671874999889e-01 6.800537109375000000e-01 6.849121093750000222e-01 5.202148437500000305e-02 9.974902343750000622e-01 -5.369624023437500338e-01 1.735839843750000000e+00 2.360839843750000000e+00 -4.223632812500000000e-01 3.156738281250000000e+00 1.499023437500000000e-01
3.639013671874999911e-01 9.300537109375000000e-01 8.649121093750000711e-01 3.202148437499999917e-02 8.974902343749999734e-01 -1.369962402343749996e+00 -3.264160156250000000e+00 -2.639160156250000000e+00 4.577636718750000000e+00 -1.843261718750000000e+00 1.149902343750000000e+00
4.589013671875000200e-01 5.550537109375000000e-01 7.749121093749999911e-01 6.202148437500000500e-02 9.474902343750000178e-01 -9.534624023437501261e-01 -7.641601562500000000e-01 4.860839843750000000e+00 -2.922363281250000000e+00 -4.343261718750000000e+00 6.499023437500000000e-01
2.689013671875000178e-01 8.050537109375000000e-01 5.949121093750000533e-01 4.202148437500000111e-02 1.047490234375000107e+00 -1.786462402343750089e+00 4.235839843750000000e+00 -1.391601562500000000e-01 2.077636718750000000e+00 6.567382812500000000e-01 1.649902343750000000e+00
2.214013671875000033e-01 6.175537109375000000e-01 9.099121093750000000e-01 5.702148437500000056e-02 9.224902343749999956e-01 -1.994712402343749913e+00 4.858398437500000000e-01 -3.889160156250000000e+00 -1.672363281250000000e+00 -3.093261718750000000e+00 8.999023437500000000e-01
4.114013671874999778e-01 8.675537109375000000e-01 7.299121093750000622e-01 3.702148437499999667e-02 1.022490234374999973e+00 -1.161712402343749950e+00 -4.514160156250000000e+00 1.110839843750000000e+00 3.327636718750000000e+00 1.906738281250000000e+00 1.899902343750000000e+00
3.164013671875000044e-01 7.425537109375000000e-01 6.399121093749999822e-01 6.702148437500000944e-02 9.724902343750000400e-01 -1.578212402343750043e+00 -2.014160156250000000e+00 -1.389160156250000000e+00 -4.172363281250000000e+00 4.406738281250000000e+00 3.999023437500000000e-01
1.264013671875000022e-01 9.925537109375000000e-01 8.199121093750000311e-01 4.702148437500000555e-02 8.724902343749999512e-01 -7.452124023437500799e-01 2.985839843750000000e+00 3.610839843750000000e+00 8.276367187500000000e-01 -5.932617187500000000e-01 1.399902343750000000e+00
1.293701171874999944e-01 6.683349609375000000e-01 6.314746093749999956e-01 3.233398437499999944e-02 1.064677734375000018e+00 -4.198217773437500355e-01 -4.123535156250000000e+00 4.077148437500000000e-01 -3.469238281250000000e+00 4.797363281250000000e+00 6.342773437500000000e-01
3.193701171874999689e-01 9.183349609375000000e-01 8.114746093750000444e-01 5.233398437500000333e-02 9.646777343750000400e-01 -1.252821777343749998e+00 8.764648437500000000e-01 -4.592285156250000000e+00 1.530761718750000000e+00 -2.026367187500000000e-01 1.634277343750000000e+00
4.143701171874999978e-01 5.433349609375000000e-01 9.014746093750000133e-01 4.233398437500000139e-02 9.146777343749999956e-01 -8.363217773437501279e-01 3.376464843750000000e+00 2.907714843750000000e+00 -9.692382812500000000e-01 -2.702636718750000000e+00 1.342773437500000000e-01
2.243701171874999956e-01 7.933349609375000000e-01 7.214746093750000755e-01 6.233398437500000527e-02 1.014677734374999973e+00 -1.669321777343750091e+00 -1.623535156250000000e+00 -2.092285156250000000e+00 4.030761718750000000e+00 2.297363281250000000e+00 1.134277343750000000e+00
2.718701171874999822e-01 6.058349609375000000e-01 7.664746093750000044e-01 3.733398437500000389e-02 8.896777343749999734e-01 -1.877571777343749915e+00 -2.873535156250000000e+00 -3.342285156250000000e+00 -4.719238281250000000e+00 -3.952636718750000000e+00 3.842773437500000000e-01
4.618701171874999845e-01 8.558349609375000000e-01 5.864746093750000666e-01 5.733398437500000777e-02 9.896777343750000622e-01 -1.044571777343750174e+00 2.126464843750000000e+00 1.657714843750000000e+00 2.807617187500000000e-01 1.047363281250000000e+00 1.384277343750000000e+00
3.668701171875000111e-01 7.308349609375000000e-01 6.764746093750000355e-01 4.733398437499999889e-02 1.039677734375000107e+00 -1.461071777343750044e+00 4.626464843750000000e+00 -8.422851562500000000e-01 -2.219238281250000000e+00 3.547363281250000000e+00 8.842773437500000000e-01
1.768701171875000089e-01 9.808349609375000000e-01 8.564746093749999734e-01 6.733398437500000278e-02 9.396777343750000178e-01 -6.280717773437500817e-01 -3.735351562500000000e-01 4.157714843750000000e+00 2.780761718750000000e+00 -1.452636718750000000e+00 1.884277343750000000e+00
2.006201171875000022e-01 5.120849609375000000e-01 6.989746093750000000e-01 5.983398437500000305e-02 9.521777343749999734e-01 -7.321967773437501048e-01 -4.748535156250000000e+00 -2.172851562500000000e-01 -4.094238281250000000e+00 4.172363281250000000e+00 1.759277343750000000e+00
3.906201171875000044e-01 7.620849609375000000e-01 8.789746093750000488e-01 3.983398437499999917e-02 1.052177734375000062e+00 -1.565196777343750068e+00 2.514648437500000000e-01 4.782714843750000000e+00 9.057617187500000000e-01 -8.276367187500000000e-01 7.592773437500000000e-01
4.856201171874999778e-01 6.370849609375000000e-01 7.889746093750000799e-01 6.983398437500000500e-02 1.002177734375000018e+00 -1.148696777343749975e+00 2.751464843750000000e+00 -2.717285156250000000e+00 -1.594238281250000000e+00 -3.327636718750000000e+00 1.259277343750000000e+00
2.956201171875000311e-01 8.870849609375000000e-01 6.089746093750000311e-01 4.983398437500000111e-02 9.021777343750000400e-01 -1.981696777343749938e+00 -2.248535156250000000e+00 2.282714843750000000e+00 3.405761718750000000e+00 1.672363281250000000e+00 2.592773437500000000e-01
2.481201171874999889e-01 6.995849609375000000e-01 8.339746093750000089e-01 5.483398437500000555e-02 9.771777343749999956e-01 -1.773446777343750114e+00 -3.498535156250000000e+00 3.532714843750000000e+00 -2.844238281250000000e+00 -4.577636718750000000e+00 1.009277343750000000e+00
4.381201171874999911e-01 9.495849609375000000e-01 6.539746093750000711e-01 3.483398437500000167e-02 8.771777343750000178e-01 -9.404467773437501510e-01 1.501464843750000000e+00 -1.467285156250000000e+00 2.155761718750000000e+00 4.223632812500000000e-01 9.277343750000000000e-03
3.431201171875000178e-01 5.745849609375000000e-01 5.639746093749999911e-01 6.483398437500001443e-02 9.271777343750000622e-01 -1.356946777343750021e+00 4.001464843750000000e+00 1.032714843750000000e+00 -3.442382812500000000e-01 2.922363281250000000e+00 1.509277343750000000e+00
1.531201171874999878e-01 8.245849609375000000e-01 7.439746093750000400e-01 4.483398437500000361e-02 1.027177734374999929e+00 -5.239467773437500586e-01 -9.985351562500000000e-01 -3.967285156250000000e+00 4.655761718750000000e+00 -2.077636718750000000e+00 5.092773437500000000e-01
1.649951171874999845e-01 5.902099609375000000e-01 8.677246093749999556e-01 4.608398437499999778e-02 1.008427734375000107e+00 -8.883842773437500284e-01 1.188964843750000000e+00 -1.779785156250000000e+00 4.343261718750000000e+00 7.348632812500000000e-01 4.467773437500000000e-01
3.549951171874999867e-01 8.402099609375000000e-01 6.877246093750000178e-01 6.608398437500001554e-02 9.084277343750000178e-01 -1.721384277343749991e+00 -3.811035156250000000e+00 3.220214843750000000e+00 -6.567382812500000000e-01 -4.265136718750000000e+00 1.446777343750000000e+00
4.499951171875000155e-01 7.152099609375000000e-01 5.977246093750000488e-01 3.608398437500000278e-02 9.584277343750000622e-01 -4.718842773437501581e-01 -1.311035156250000000e+00 -4.279785156250000000e+00 1.843261718750000000e+00 -1.765136718750000000e+00 9.467773437500000000e-01
2.599951171875000133e-01 9.652099609375000000e-01 7.777246093750000977e-01 5.608398437500000666e-02 1.058427734375000151e+00 -1.304884277343750121e+00 3.688964843750000000e+00 7.202148437500000000e-01 -3.156738281250000000e+00 3.234863281250000000e+00 1.946777343750000000e+00
3.074951171875000000e-01 6.527099609375000000e-01 6.427246093750000888e-01 4.108398437500000028e-02 9.334277343750000400e-01 -1.513134277343749945e+00 2.438964843750000000e+00 4.470214843750000000e+00 3.093261718750000000e+00 -5.151367187500000000e-01 6.967773437500000000e-01
4.974951171875000022e-01 9.027099609375000000e-01 8.227246093750000266e-01 6.108398437500000416e-02 1.033427734375000018e+00 -6.801342773437499822e-01 -2.561035156250000000e+00 -5.297851562500000000e-01 -1.906738281250000000e+00 4.484863281250000000e+00 1.696777343750000000e+00
4.024951171874999734e-01 5.277099609375000000e-01 7.327246093750000577e-01 3.108398437499999833e-02 9.834277343749999734e-01 -1.929634277343750037e+00 -6.103515625000000000e-02 1.970214843750000000e+00 5.932617187500000000e-01 1.984863281250000000e+00 1.967773437500000000e-01
2.124951171874999989e-01 7.777099609375000000e-01 5.527246093750000089e-01 5.108398437500000222e-02 8.834277343749999956e-01 -1.096634277343750075e+00 4.938964843750000000e+00 -3.029785156250000000e+00 -4.406738281250000000e+00 -3.015136718750000000e+00 1.196777343750000000e+00
1.887451171874999778e-01 7.464599609375000000e-01 8.002246093750000622e-01 6.358398437500001332e-02 8.959277343749999512e-01 -9.925092773437500515e-01 5.639648437500000000e-01 1.345214843750000000e+00 3.718261718750000000e+00 1.098632812500000000e-01 1.071777343750000000e+00
3.787451171874999800e-01 9.964599609375000000e-01 6.202246093750000133e-01 4.358398437500000250e-02 9.959277343750000400e-01 -1.825509277343750014e+00 -4.436035156250000000e+00 -3.654785156250000000e+00 -1.281738281250000000e+00 -4.890136718750000000e+00 7.177734375000000000e-02
4.737451171875000089e-01 6.214599609375000000e-01 7.102246093749999822e-01 5.358398437500000444e-02 1.045927734374999973e+00 -5.760092773437499591e-01 -1.936035156250000000e+00 3.845214843750000000e+00 1.218261718750000000e+00 -2.390136718750000000e+00 1.571777343750000000e+00
2.837451171875000067e-01 8.714599609375000000e-01 8.902246093750000311e-01 3.358398437500000056e-02 9.459277343749999956e-01 -1.409009277343749922e+00 3.063964843750000000e+00 -1.154785156250000000e+00 -3.781738281250000000e+00 2.609863281250000000e+00 5.717773437500000000e-01
2.362451171874999922e-01 5.589599609375000000e-01 5.752246093750000844e-01 6.858398437500000389e-02 1.020927734375000062e+00 -1.200759277343749876e+00 1.813964843750000000e+00 -4.904785156250000000e+00 4.968261718750000000e+00 -1.140136718750000000e+00 1.821777343750000000e+00
4.262451171875000222e-01 8.089599609375000000e-01 7.552246093750000222e-01 4.858398437500000000e-02 9.209277343749999734e-01 -3.677592773437501350e-01 -3.186035156250000000e+00 9.521484375000000000e-02 -3.173828125000000000e-02 3.859863281250000000e+00 8.217773437500000000e-01
3.312451171874999933e-01 6.839599609375000000e-01 8.452246093749999911e-01 5.858398437500000888e-02 8.709277343750000400e-01 -1.617259277343749968e+00 -6.860351562500000000e-01 -2.404785156250000000e+00 2.468261718750000000e+00 1.359863281250000000e+00 1.321777343750000000e+00
1.412451171874999911e-01 9.339599609375000000e-01 6.652246093750000533e-01 3.858398437499999806e-02 9.709277343750000178e-01 -7.842592773437500053e-01 4.313964843750000000e+00 2.595214843750000000e+00 -2.531738281250000000e+00 -3.640136718750000000e+00 3.217773437500000000e-01
1.353076171875000067e-01 5.355224609375000000e-01 7.833496093750000888e-01 5.420898437500000500e-02 9.303027343749999956e-01 -1.435040527343749872e+00 -1.779785156250000000e+00 -3.498535156250000000e+00 1.999511718750000000e+00 4.641113281250000000e+00 7.905273437500000000e-01
3.253076171875000089e-01 7.855224609375000000e-01 6.033496093750000400e-01 3.420898437500000111e-02 1.030302734374999973e+00 -6.020405273437501315e-01 3.220214843750000000e+00 1.501464843750000000e+00 -3.000488281250000000e+00 -3.588867187500000000e-01 1.790527343750000000e+00
4.203076171874999822e-01 6.605224609375000000e-01 6.933496093750000089e-01 6.420898437500000000e-02 9.803027343750000400e-01 -1.851540527343749964e+00 7.202148437500000000e-01 -9.985351562500000000e-01 4.499511718750000000e+00 -2.858886718750000000e+00 2.905273437500000000e-01
2.303076171874999800e-01 9.105224609375000000e-01 8.733496093750000577e-01 4.420898437500000305e-02 8.803027343749999512e-01 -1.018540527343750002e+00 -4.279785156250000000e+00 4.001464843750000000e+00 -5.004882812500000000e-01 2.141113281250000000e+00 1.290527343750000000e+00
2.778076171875000222e-01 7.230224609375000000e-01 5.583496093750000000e-01 5.920898437500000944e-02 1.005302734375000062e+00 -8.102905273437499556e-01 -5.297851562500000000e-01 2.514648437500000000e-01 7.495117187500000000e-01 -4.108886718750000000e+00 4.052734375000000000e-02
4.678076171875000244e-01 9.730224609375000000e-01 7.383496093750000488e-01 3.920898437499999861e-02 9.053027343749999734e-01 -1.643290527343749918e+00 4.470214843750000000e+00 -4.748535156250000000e+00 -4.250488281250000000e+00 8.911132812500000000e-01 1.040527343750000000e+00
3.728076171874999956e-01 5.980224609375000000e-01 8.283496093750000178e-01 6.920898437500000444e-02 9.553027343750000178e-01 -3.937905273437500853e-01 1.970214843750000000e+00 2.751464843750000000e+00 3.249511718750000000e+00 3.391113281250000000e+00 5.405273437500000000e-01
1.828076171874999933e-01 8.480224609375000000e-01 6.483496093750000799e-01 4.920898437500000056e-02 1.055302734375000107e+00 -1.226790527343750048e+00 -3.029785156250000000e+00 -2.248535156250000000e+00 -1.750488281250000000e+00 -1.608886718750000000e+00 1.540527343750000000e+00
2.065576171874999867e-01 6.292724609375000000e-01 8.958496093750000222e-01 3.670898437500000333e-02 1.042802734374999929e+00 -1.330915527343750071e+00 -2.404785156250000000e+00 3.376464843750000000e+00 1.245117187500000000e-01 4.016113281250000000e+00 1.665527343750000000e+00
3.965576171874999889e-01 8.792724609375000000e-01 7.158496093749999734e-01 5.670898437500000722e-02 9.428027343750000622e-01 -4.979155273437501084e-01 2.595214843750000000e+00 -1.623535156250000000e+00 -4.875488281250000000e+00 -9.838867187500000000e-01 6.655273437500000000e-01
4.915576171875000178e-01 5.042724609375000000e-01 6.258496093750000044e-01 4.670898437499999833e-02 8.928027343750000178e-01 -1.747415527343749941e+00 9.521484375000000000e-02 8.764648437500000000e-01 2.624511718750000000e+00 -3.483886718750000000e+00 1.165527343750000000e+00
3.015576171874999600e-01 7.542724609375000000e-01 8.058496093750000533e-01 6.670898437500000222e-02 9.928027343749999956e-01 -9.144155273437499787e-01 -4.904785156250000000e+00 -4.123535156250000000e+00 -2.375488281250000000e+00 1.516113281250000000e+00 1.655273437500000000e-01
2.540576171874999734e-01 5.667724609375000000e-01 6.708496093750000444e-01 3.170898437499999889e-02 9.178027343750000400e-01 -1.122665527343750025e+00 -1.154785156250000000e+00 -3.735351562500000000e-01 1.374511718750000000e+00 -4.733886718750000000e+00 1.415527343750000000e+00
4.440576171874999756e-01 8.167724609375000000e-01 8.508496093749999822e-01 5.170898437500000278e-02 1.017802734375000018e+00 -1.955665527343749988e+00 3.845214843750000000e+00 4.626464843750000000e+00 -3.625488281250000000e+00 2.661132812500000000e-01 4.155273437500000000e-01
3.490576171875000022e-01 6.917724609375000000e-01 7.608496093750000133e-01 4.170898437500000083e-02 1.067802734375000062e+00 -7.061655273437501545e-01 1.345214843750000000e+00 -2.873535156250000000e+00 3.874511718750000000e+00 2.766113281250000000e+00 1.915527343750000000e+00
1.590576171875000000e-01 9.417724609375000000e-01 5.808496093750000755e-01 6.170898437500000472e-02 9.678027343749999734e-01 -1.539165527343750117e+00 -3.654785156250000000e+00 2.126464843750000000e+00 -1.125488281250000000e+00 -2.233886718750000000e+00 9.155273437500000000e-01
1.471826171875000033e-01 7.073974609375000000e-01 7.270996093750000666e-01 6.795898437500000333e-02 8.740527343749999734e-01 -1.903603027343750087e+00 3.532714843750000000e+00 4.938964843750000000e+00 -1.879882812500000000e-01 1.203613281250000000e+00 1.030273437500000000e-01
3.371826171874999778e-01 9.573974609375000000e-01 9.070996093750000044e-01 4.795898437499999944e-02 9.740527343750000622e-01 -1.070603027343750124e+00 -1.467285156250000000e+00 -6.103515625000000000e-02 4.812011718750000000e+00 -3.796386718750000000e+00 1.103027343750000000e+00
4.321826171875000067e-01 5.823974609375000000e-01 8.170996093750000355e-01 5.795898437500000833e-02 1.024052734375000107e+00 -1.487103027343749995e+00 -3.967285156250000000e+00 2.438964843750000000e+00 -2.687988281250000000e+00 -1.296386718750000000e+00 6.030273437500000000e-01
2.421826171875000044e-01 8.323974609375000000e-01 6.370996093750000977e-01 3.795898437500000444e-02 9.240527343750000178e-01 -6.541030273437500320e-01 1.032714843750000000e+00 -2.561035156250000000e+00 2.312011718750000000e+00 3.703613281250000000e+00 1.603027343750000000e+00
2.896826171874999911e-01 5.198974609375000000e-01 8.620996093749999645e-01 6.295898437499999889e-02 1.049052734375000018e+00 -4.458530273437499858e-01 4.782714843750000000e+00 -1.311035156250000000e+00 -1.437988281250000000e+00 -4.638671875000000000e-02 8.530273437500000000e-01
4.796826171874999933e-01 7.698974609375000000e-01 6.820996093750000266e-01 4.295898437500000194e-02 9.490527343750000400e-01 -1.278853027343750171e+00 -2.172851562500000000e-01 3.688964843750000000e+00 3.562011718750000000e+00 4.953613281250000000e+00 1.853027343750000000e+00
3.846826171875000200e-01 6.448974609375000000e-01 5.920996093750000577e-01 5.295898437500000389e-02 8.990527343749999956e-01 -8.623530273437500782e-01 -2.717285156250000000e+00 -3.811035156250000000e+00 -3.937988281250000000e+00 2.453613281250000000e+00 3.530273437500000000e-01
1.946826171874999900e-01 8.948974609375000000e-01 7.720996093749999956e-01 3.295898437500000000e-02 9.990527343749999734e-01 -1.695353027343750041e+00 2.282714843750000000e+00 1.188964843750000000e+00 1.062011718750000000e+00 -2.546386718750000000e+00 1.353027343750000000e+00
1.709326171874999967e-01 6.136474609375000000e-01 6.145996093750000222e-01 4.045898437499999972e-02 9.865527343750000178e-01 -1.591228027343750018e+00 2.907714843750000000e+00 -4.436035156250000000e+00 -2.062988281250000000e+00 5.786132812500000000e-01 1.478027343750000000e+00
3.609326171875000266e-01 8.636474609375000000e-01 7.945996093750000711e-01 6.045898437500000361e-02 8.865527343750000400e-01 -7.582280273437500551e-01 -2.092285156250000000e+00 5.639648437500000000e-01 2.937011718750000000e+00 -4.421386718750000000e+00 4.780273437500000000e-01
4.559326171875000000e-01 7.386474609375000000e-01 8.845996093750000400e-01 3.045898437499999778e-02 9.365527343749999734e-01 -1.174728027343749925e+00 -4.592285156250000000e+00 -1.936035156250000000e+00 -4.562988281250000000e+00 -1.921386718750000000e+00 1.978027343750000000e+00
2.659326171874999978e-01 9.886474609375000000e-01 7.045996093749999911e-01 5.045898437500000167e-02 1.036552734375000062e+00 -3.417280273437501847e-01 4.077148437500000000e-01 3.063964843750000000e+00 4.370117187500000000e-01 3.078613281250000000e+00 9.780273437500000000e-01
2.184326171875000111e-01 6.761474609375000000e-01 7.495996093750000311e-01 4.545898437500000416e-02 9.615527343749999956e-01 -5.499780273437500089e-01 4.157714843750000000e+00 1.813964843750000000e+00 -8.129882812500000000e-01 -6.713867187500000000e-01 1.728027343750000000e+00
4.084326171875000133e-01 9.261474609375000000e-01 5.695996093750000933e-01 6.545898437500000111e-02 1.061552734374999973e+00 -1.382978027343749972e+00 -8.422851562500000000e-01 -3.186035156250000000e+00 4.187011718750000000e+00 4.328613281250000000e+00 7.280273437500000000e-01
3.134326171874999845e-01 5.511474609375000000e-01 6.595996093750000622e-01 3.545898437500000222e-02 1.011552734374999929e+00 -9.664780273437501013e-01 -3.342285156250000000e+00 4.313964843750000000e+00 -3.312988281250000000e+00 1.828613281250000000e+00 1.228027343750000000e+00
1.234326171874999961e-01 8.011474609375000000e-01 8.395996093750000000e-01 5.545898437500000611e-02 9.115527343750000622e-01 -1.799478027343750064e+00 1.657714843750000000e+00 -6.860351562500000000e-01 1.687011718750000000e+00 -3.171386718750000000e+00 2.280273437500000000e-01
1.249169921874999922e-01 6.976318359375000000e-01 7.341308593750000000e-01 3.780273437500000083e-02 1.013896484375000018e+00 -1.532657714843749908e+00 -4.709472656250000000e+00 -2.287597656250000000e+00 1.335449218750000000e+00 -2.819824218750000000e+00 8.608398437500000000e-01
3.149169921875000222e-01 9.476318359375000000e-01 5.541308593750000622e-01 5.780273437500000472e-02 9.138964843750000400e-01 -6.996577148437501670e-01 2.905273437500000000e-01 2.712402343750000000e+00 -3.664550781250000000e+00 2.180175781250000000e+00 1.860839843750000000e+00
4.099169921874999956e-01 5.726318359375000000e-01 6.441308593750000311e-01 4.780273437500000278e-02 9.638964843749999734e-01 -1.949157714843750000e+00 2.790527343750000000e+00 -4.787597656250000000e+00 3.835449218750000000e+00 4.680175781250000000e+00 3.608398437500000000e-01
2.199169921874999933e-01 8.226318359375000000e-01 8.241308593750000799e-01 6.780273437500000666e-02 1.063896484375000062e+00 -1.116157714843750037e+00 -2.209472656250000000e+00 2.124023437500000000e-01 -1.164550781250000000e+00 -3.198242187500000000e-01 1.360839843750000000e+00
2.674169921875000355e-01 5.101318359375000000e-01 5.991308593749999911e-01 3.280273437499999639e-02 9.388964843750000622e-01 -9.079077148437499911e-01 -3.459472656250000000e+00 3.962402343750000000e+00 8.544921875000000000e-02 3.430175781250000000e+00 1.108398437500000000e-01
4.574169921874999822e-01 7.601318359375000000e-01 7.791308593750000400e-01 5.280273437500000722e-02 1.038896484374999929e+00 -1.740907714843749954e+00 1.540527343750000000e+00 -1.037597656250000000e+00 -4.914550781250000000e+00 -1.569824218750000000e+00 1.110839843750000000e+00
3.624169921875000089e-01 6.351318359375000000e-01 8.691308593750000089e-01 4.280273437499999833e-02 9.888964843749999956e-01 -4.914077148437501208e-01 4.040527343750000000e+00 1.462402343750000000e+00 2.585449218750000000e+00 -4.069824218750000000e+00 6.108398437500000000e-01
1.724169921875000067e-01 8.851318359375000000e-01 6.891308593750000711e-01 6.280273437500000222e-02 8.888964843750000178e-01 -1.324407714843750083e+00 -9.594726562500000000e-01 -3.537597656250000000e+00 -2.414550781250000000e+00 9.301757812500000000e-01 1.610839843750000000e+00
1.961669921875000000e-01 6.038818359375000000e-01 8.466308593750000444e-01 5.030273437500000500e-02 9.013964843749999734e-01 -1.220282714843750060e+00 -4.084472656250000000e+00 2.087402343750000000e+00 7.104492187500000000e-01 -3.444824218750000000e+00 1.735839843750000000e+00
3.861669921875000022e-01 8.538818359375000000e-01 6.666308593749999956e-01 3.030273437499999764e-02 1.001396484375000062e+00 -3.872827148437500977e-01 9.155273437500000000e-01 -2.912597656250000000e+00 -4.289550781250000000e+00 1.555175781250000000e+00 7.358398437500000000e-01
4.811669921874999756e-01 7.288818359375000000e-01 5.766308593750000266e-01 6.030273437500000000e-02 1.051396484375000107e+00 -1.636782714843750153e+00 3.415527343750000000e+00 4.587402343750000000e+00 3.210449218750000000e+00 4.055175781250000000e+00 1.235839843750000000e+00
2.911669921874999734e-01 9.788818359375000000e-01 7.566308593750000755e-01 4.030273437500000305e-02 9.513964843750000178e-01 -8.037827148437499680e-01 -1.584472656250000000e+00 -4.125976562500000000e-01 -1.789550781250000000e+00 -9.448242187500000000e-01 2.358398437500000000e-01
2.436669921874999867e-01 6.663818359375000000e-01 7.116308593750000355e-01 5.530273437500000250e-02 1.026396484374999973e+00 -1.012032714843750014e+00 -2.834472656250000000e+00 -4.162597656250000000e+00 1.960449218750000000e+00 2.805175781250000000e+00 1.485839843750000000e+00
4.336669921874999889e-01 9.163818359375000000e-01 8.916308593749999734e-01 3.530273437499999861e-02 9.263964843749999956e-01 -1.845032714843749977e+00 2.165527343750000000e+00 8.374023437500000000e-01 -3.039550781250000000e+00 -2.194824218750000000e+00 4.858398437500000000e-01
3.386669921874999600e-01 5.413818359375000000e-01 8.016308593750001155e-01 6.530273437500000444e-02 8.763964843749999512e-01 -5.955327148437501439e-01 4.665527343750000000e+00 -1.662597656250000000e+00 4.460449218750000000e+00 -4.694824218750000000e+00 1.985839843750000000e+00
1.486669921874999856e-01 7.913818359375000000e-01 6.216308593750000666e-01 4.530273437500000056e-02 9.763964843750000400e-01 -1.428532714843750107e+00 -3.344726562500000000e-01 3.337402343750000000e+00 -5.395507812500000000e-01 3.051757812500000000e-01 9.858398437500000000e-01
1.605419921874999822e-01 5.570068359375000000e-01 6.778808593750000888e-01 4.405273437499999944e-02 1.057646484374999973e+00 -1.792970214843750076e+00 6.030273437500000000e-01 1.149902343750000000e+00 -8.520507812500000000e-01 -1.257324218750000000e+00 4.833984375000000000e-02
3.505419921874999845e-01 8.070068359375000000e-01 8.578808593750000266e-01 6.405273437500000333e-02 9.576464843749999956e-01 -9.599702148437501137e-01 -4.396972656250000000e+00 -3.850097656250000000e+00 4.147949218750000000e+00 3.742675781250000000e+00 1.048339843750000000e+00
4.455419921875000133e-01 6.820068359375000000e-01 7.678808593750000577e-01 3.405273437499999750e-02 9.076464843750000622e-01 -1.376470214843749984e+00 -1.896972656250000000e+00 3.649902343750000000e+00 -3.352050781250000000e+00 1.242675781250000000e+00 5.483398437500000000e-01
2.555419921874999556e-01 9.320068359375000000e-01 5.878808593750000089e-01 5.405273437500000833e-02 1.007646484374999929e+00 -5.434702148437500213e-01 3.103027343750000000e+00 -1.350097656250000000e+00 1.647949218750000000e+00 -3.757324218750000000e+00 1.548339843750000000e+00
3.030419921874999978e-01 7.445068359375000000e-01 9.028808593749999556e-01 4.905273437500000389e-02 8.826464843750000400e-01 -3.352202148437499751e-01 1.853027343750000000e+00 -2.600097656250000000e+00 -2.102050781250000000e+00 2.492675781250000000e+00 7.983398437500000000e-01
4.930419921875000000e-01 9.945068359375000000e-01 7.228808593750000178e-01 6.905273437500000777e-02 9.826464843750000178e-01 -1.168220214843750160e+00 -3.146972656250000000e+00 2.399902343750000000e+00 2.897949218750000000e+00 -2.507324218750000000e+00 1.798339843750000000e+00
3.980419921874999711e-01 6.195068359375000000e-01 6.328808593750000488e-01 3.905273437500000194e-02 1.032646484375000062e+00 -7.517202148437500675e-01 -6.469726562500000000e-01 -1.000976562500000000e-01 -4.602050781250000000e+00 -7.324218750000000000e-03 2.983398437500000000e-01
2.080419921874999967e-01 8.695068359375000000e-01 8.128808593750000977e-01 5.905273437500000583e-02 9.326464843749999734e-01 -1.584720214843750030e+00 4.353027343750000000e+00 4.899902343750000000e+00 3.979492187500000000e-01 4.992675781250000000e+00 1.298339843750000000e+00
1.842919921874999756e-01 6.507568359375000000e-01 5.653808593750000444e-01 6.655273437500000555e-02 9.451464843750000400e-01 -1.688845214843750053e+00 1.228027343750000000e+00 -7.250976562500000000e-01 -1.477050781250000000e+00 -1.882324218750000000e+00 1.423339843750000000e+00
3.742919921874999778e-01 9.007568359375000000e-01 7.453808593749999822e-01 4.655273437500000167e-02 1.045146484375000018e+00 -8.558452148437500906e-01 -3.771972656250000000e+00 4.274902343750000000e+00 3.522949218750000000e+00 3.117675781250000000e+00 4.233398437500000000e-01
4.692919921875000067e-01 5.257568359375000000e-01 8.353808593750000622e-01 5.655273437500000361e-02 9.951464843749999734e-01 -1.272345214843749961e+00 -1.271972656250000000e+00 -3.225097656250000000e+00 -3.977050781250000000e+00 6.176757812500000000e-01 1.923339843750000000e+00
2.792919921875000044e-01 7.757568359375000000e-01 6.553808593750000133e-01 3.655273437499999972e-02 8.951464843749999956e-01 -4.393452148437499982e-01 3.728027343750000000e+00 1.774902343750000000e+00 1.022949218750000000e+00 -4.382324218750000000e+00 9.233398437500000000e-01
2.317919921874999900e-01 5.882568359375000000e-01 7.903808593750000222e-01 6.155273437500000805e-02 9.701464843750000622e-01 -6.475952148437500444e-01 2.478027343750000000e+00 3.024902343750000000e+00 -2.270507812500000000e-01 1.867675781250000000e+00 1.673339843750000000e+00
4.217919921875000200e-01 8.382568359375000000e-01 6.103808593750000844e-01 4.155273437499999722e-02 8.701464843749999734e-01 -1.480595214843750007e+00 -2.521972656250000000e+00 -1.975097656250000000e+00 4.772949218750000000e+00 -3.132324218750000000e+00 6.733398437500000000e-01
3.267919921874999911e-01 7.132568359375000000e-01 7.003808593750000533e-01 5.155273437500000611e-02 9.201464843750000178e-01 -1.064095214843749915e+00 -2.197265625000000000e-02 5.249023437500000000e-01 -2.727050781250000000e+00 -6.323242187500000000e-01 1.173339843750000000e+00
1.367919921874999889e-01 9.632568359375000000e-01 8.803808593749999911e-01 3.155273437500000222e-02 1.020146484375000107e+00 -1.897095214843750099e+00 4.978027343750000000e+00 -4.475097656250000000e+00 2.272949218750000000e+00 4.367675781250000000e+00 1.733398437500000000e-01
1.427294921875000011e-01 5.648193359375000000e-01 5.935058593750000000e-01 5.592773437500000305e-02 8.795214843749999956e-01 -5.174389648437500711e-01 -2.365722656250000000e+00 4.118652343750000000e+00 -2.883300781250000000e+00 -2.663574218750000000e+00 7.045898437500000000e-01
3.327294921875000311e-01 8.148193359375000000e-01 7.735058593750000488e-01 3.592773437499999917e-02 9.795214843749999734e-01 -1.350438964843750034e+00 2.634277343750000000e+00 -8.813476562500000000e-01 2.116699218750000000e+00 2.336425781250000000e+00 1.704589843750000000e+00
4.277294921875000044e-01 6.898193359375000000e-01 8.635058593750000178e-01 6.592773437500000500e-02 1.029521484375000018e+00 -9.339389648437499414e-01 1.342773437500000000e-01 1.618652343750000000e+00 -3.833007812500000000e-01 4.836425781250000000e+00 2.045898437500000000e-01
2.377294921875000022e-01 9.398193359375000000e-01 6.835058593750000799e-01 4.592773437500000111e-02 9.295214843750000400e-01 -1.766938964843749904e+00 -4.865722656250000000e+00 -3.381347656250000000e+00 4.616699218750000000e+00 -1.635742187500000000e-01 1.204589843750000000e+00
2.852294921874999889e-01 6.273193359375000000e-01 8.185058593750000888e-01 5.092773437500000555e-02 1.054521484375000151e+00 -1.975188964843749950e+00 -1.115722656250000000e+00 -2.131347656250000000e+00 -4.133300781250000000e+00 3.586425781250000000e+00 4.545898437500000000e-01
4.752294921874999911e-01 8.773193359375000000e-01 6.385058593750000400e-01 3.092773437499999820e-02 9.545214843750000622e-01 -1.142188964843749988e+00 3.884277343750000000e+00 2.868652343750000000e+00 8.666992187500000000e-01 -1.413574218750000000e+00 1.454589843750000000e+00
3.802294921875000178e-01 5.023193359375000000e-01 7.285058593750000089e-01 6.092773437500000056e-02 9.045214843750000178e-01 -1.558688964843750080e+00 1.384277343750000000e+00 -4.631347656250000000e+00 -1.633300781250000000e+00 -3.913574218750000000e+00 9.545898437500000000e-01
1.902294921875000155e-01 7.523193359375000000e-01 9.085058593750000577e-01 4.092773437500000361e-02 1.004521484375000107e+00 -7.256889648437501172e-01 -3.615722656250000000e+00 3.686523437500000000e-01 3.366699218750000000e+00 1.086425781250000000e+00 1.954589843750000000e+00
2.139794921875000089e-01 7.210693359375000000e-01 6.610058593750000044e-01 3.342773437499999695e-02 9.920214843750000400e-01 -6.215639648437500941e-01 -1.740722656250000000e+00 -4.006347656250000000e+00 -4.758300781250000000e+00 -3.288574218750000000e+00 1.829589843750000000e+00
4.039794921875000111e-01 9.710693359375000000e-01 8.410058593750000533e-01 5.342773437500000777e-02 8.920214843749999512e-01 -1.454563964843750057e+00 3.259277343750000000e+00 9.936523437500000000e-01 2.416992187500000000e-01 1.711425781250000000e+00 8.295898437500000000e-01
4.989794921874999845e-01 5.960693359375000000e-01 7.510058593749999734e-01 4.342773437499999889e-02 9.420214843749999956e-01 -1.038063964843749964e+00 7.592773437500000000e-01 -1.506347656250000000e+00 -2.258300781250000000e+00 4.211425781250000000e+00 1.329589843750000000e+00
3.089794921874999822e-01 8.460693359375000000e-01 5.710058593750000355e-01 6.342773437500000278e-02 1.042021484374999973e+00 -1.871063964843749927e+00 -4.240722656250000000e+00 3.493652343750000000e+00 2.741699218750000000e+00 -7.885742187500000000e-01 3.295898437500000000e-01
2.614794921874999956e-01 5.335693359375000000e-01 8.860058593749999822e-01 3.842773437500000139e-02 9.670214843750000178e-01 -1.662813964843750103e+00 -4.907226562500000000e-01 2.243652343750000000e+00 -3.508300781250000000e+00 2.961425781250000000e+00 1.079589843750000000e+00
4.514794921874999978e-01 7.835693359375000000e-01 7.060058593750000444e-01 5.842773437500000527e-02 1.067021484375000107e+00 -8.298139648437501403e-01 4.509277343750000000e+00 -2.756347656250000000e+00 1.491699218750000000e+00 -2.038574218750000000e+00 7.958984375000000000e-02
3.564794921874999689e-01 6.585693359375000000e-01 6.160058593750000755e-01 4.842773437500000333e-02 1.017021484375000062e+00 -1.246313964843750011e+00 2.009277343750000000e+00 4.743652343750000000e+00 -1.008300781250000000e+00 -4.538574218750000000e+00 1.579589843750000000e+00
1.664794921874999944e-01 9.085693359375000000e-01 7.960058593750000133e-01 6.842773437500000722e-02 9.170214843749999734e-01 -4.133139648437500480e-01 -2.990722656250000000e+00 -2.563476562500000000e-01 3.991699218750000000e+00 4.614257812500000000e-01 5.795898437500000000e-01
1.546044921874999978e-01 6.741943359375000000e-01 8.297558593750000711e-01 6.217773437500000860e-02 9.232714843750000622e-01 -7.777514648437500178e-01 2.946777343750000000e+00 -3.068847656250000000e+00 4.929199218750000000e+00 -1.726074218750000000e+00 3.920898437500000000e-01
3.446044921875000000e-01 9.241943359375000000e-01 6.497558593750000222e-01 4.217773437499999778e-02 1.023271484374999929e+00 -1.610751464843749980e+00 -2.053222656250000000e+00 1.931152343750000000e+00 -7.080078125000000000e-02 3.273925781250000000e+00 1.392089843750000000e+00
4.396044921874999734e-01 5.491943359375000000e-01 5.597558593750000533e-01 5.217773437500000666e-02 9.732714843749999956e-01 -3.612514648437501474e-01 -4.553222656250000000e+00 -5.688476562500000000e-01 2.429199218750000000e+00 7.739257812500000000e-01 8.920898437500000000e-01
2.496044921874999989e-01 7.991943359375000000e-01 7.397558593749999911e-01 3.217773437500000278e-02 8.732714843750000178e-01 -1.194251464843750110e+00 4.467773437500000000e-01 4.431152343750000000e+00 -2.570800781250000000e+00 -4.226074218750000000e+00 1.892089843750000000e+00
2.971044921875000133e-01 6.116943359375000000e-01 6.947558593750000622e-01 6.717773437500000611e-02 9.982714843750000178e-01 -1.402501464843750156e+00 4.196777343750000000e+00 6.811523437500000000e-01 3.679199218750000000e+00 2.023925781250000000e+00 6.420898437500000000e-01
4.871044921875000155e-01 8.616943359375000000e-01 8.747558593750000000e-01 4.717773437500000222e-02 8.982714843750000400e-01 -5.695014648437499716e-01 -8.032226562500000000e-01 -4.318847656250000000e+00 -1.320800781250000000e+00 -2.976074218750000000e+00 1.642089843750000000e+00
3.921044921874999867e-01 7.366943359375000000e-01 7.847558593750000311e-01 5.717773437500000416e-02 9.482714843749999734e-01 -1.819001464843750027e+00 -3.303222656250000000e+00 3.181152343750000000e+00 1.179199218750000000e+00 -4.760742187500000000e-01 1.420898437500000000e-01
2.021044921874999845e-01 9.866943359375000000e-01 6.047558593750000933e-01 3.717773437500000028e-02 1.048271484375000062e+00 -9.860014648437500639e-01 1.696777343750000000e+00 -1.818847656250000000e+00 -3.820800781250000000e+00 4.523925781250000000e+00 1.142089843750000000e+00
1.783544921874999911e-01 5.179443359375000000e-01 7.622558593750000666e-01 4.967773437500000444e-02 1.035771484375000107e+00 -1.090126464843750087e+00 3.571777343750000000e+00 2.556152343750000000e+00 3.054199218750000000e+00 -2.351074218750000000e+00 1.017089843750000000e+00
3.683544921874999933e-01 7.679443359375000000e-01 5.822558593750000178e-01 6.967773437500000833e-02 9.357714843750000178e-01 -1.923126464843750050e+00 -1.428222656250000000e+00 -2.443847656250000000e+00 -1.945800781250000000e+00 2.648925781250000000e+00 1.708984375000000000e-02
4.633544921875000222e-01 6.429443359375000000e-01 6.722558593750000977e-01 3.967773437500000250e-02 8.857714843749999734e-01 -6.736264648437499947e-01 -3.928222656250000000e+00 5.615234375000000000e-02 5.541992187500000000e-01 1.489257812500000000e-01 1.517089843750000000e+00
2.733544921874999645e-01 8.929443359375000000e-01 8.522558593750000355e-01 5.967773437500000638e-02 9.857714843750000622e-01 -1.506626464843749957e+00 1.071777343750000000e+00 -4.943847656250000000e+00 -4.445800781250000000e+00 -4.851074218750000000e+00 5.170898437500000000e-01
2.258544921874999778e-01 7.054443359375000000e-01 6.272558593750000577e-01 4.467773437500000000e-02 9.107714843749999956e-01 -1.298376464843749911e+00 4.821777343750000000e+00 -1.193847656250000000e+00 4.304199218750000000e+00 1.398925781250000000e+00 1.767089843750000000e+00
4.158544921874999800e-01 9.554443359375000000e-01 8.072558593750001066e-01 6.467773437500000389e-02 1.010771484374999973e+00 -4.653764648437501705e-01 -1.782226562500000000e-01 3.806152343750000000e+00 -6.958007812500000000e-01 -3.601074218750000000e+00 7.670898437500000000e-01
3.208544921875000067e-01 5.804443359375000000e-01 8.972558593749999645e-01 3.467773437499999806e-02 1.060771484375000018e+00 -1.714876464843750004e+00 -2.678222656250000000e+00 -3.693847656250000000e+00 1.804199218750000000e+00 -1.101074218750000000e+00 1.267089843750000000e+00
1.308544921875000044e-01 8.304443359375000000e-01 7.172558593750000266e-01 5.467773437500000888e-02 9.607714843750000400e-01 -8.818764648437500409e-01 2.321777343750000000e+00 1.306152343750000000e+00 -3.195800781250000000e+00 3.898925781250000000e+00 2.670898437500000000e-01
1.278857421874999845e-01 5.062255859375000000e-01 8.888183593750000888e-01 6.999023437500001554e-02 9.810839843749999956e-01 -9.990170898437500391e-01 -1.193847656250000000e+00 4.665527343750000000e+00 1.101074218750000000e+00 -8.666992187500000000e-01 1.501464843750000000e+00
3.178857421874999867e-01 7.562255859375000000e-01 7.088183593750000400e-01 4.999023437499999778e-02 8.810839843750000178e-01 -1.832017089843750002e+00 3.806152343750000000e+00 -3.344726562500000000e-01 -3.898925781250000000e+00 4.133300781250000000e+00 5.014648437500000000e-01
4.128857421875000155e-01 6.312255859375000000e-01 6.188183593750000711e-01 5.999023437500000666e-02 9.310839843750000622e-01 -5.825170898437501688e-01 1.306152343750000000e+00 2.165527343750000000e+00 3.601074218750000000e+00 1.633300781250000000e+00 1.001464843750000000e+00
2.228857421875000133e-01 8.812255859375000000e-01 7.988183593750000089e-01 3.999023437500000278e-02 1.031083984374999929e+00 -1.415517089843750131e+00 -3.693847656250000000e+00 -2.834472656250000000e+00 -1.398925781250000000e+00 -3.366699218750000000e+00 1.464843750000000000e-03
2.703857421875000000e-01 6.937255859375000000e-01 6.638183593750000000e-01 6.499023437500001110e-02 9.560839843749999734e-01 -1.207267089843750085e+00 -2.443847656250000000e+00 -1.584472656250000000e+00 2.351074218750000000e+00 3.833007812500000000e-01 1.251464843750000000e+00
4.603857421875000022e-01 9.437255859375000000e-01 8.438183593750000488e-01 4.499023437500000028e-02 1.056083984375000062e+00 -3.742670898437501226e-01 2.556152343750000000e+00 3.415527343750000000e+00 -2.648925781250000000e+00 -4.616699218750000000e+00 2.514648437500000000e-01
3.653857421874999734e-01 5.687255859375000000e-01 7.538183593750000799e-01 5.499023437500000222e-02 1.006083984375000018e+00 -1.623767089843749956e+00 5.615234375000000000e-02 -4.084472656250000000e+00 4.851074218750000000e+00 -2.116699218750000000e+00 1.751464843750000000e+00
1.753857421874999989e-01 8.187255859375000000e-01 5.738183593750000311e-01 3.499023437499999833e-02 9.060839843750000400e-01 -7.907670898437499929e-01 -4.943847656250000000e+00 9.155273437500000000e-01 -1.489257812500000000e-01 2.883300781250000000e+00 7.514648437500000000e-01
1.991357421874999922e-01 6.624755859375000000e-01 7.763183593750000444e-01 4.249023437500000500e-02 8.935839843749999734e-01 -8.948920898437500160e-01 -5.688476562500000000e-01 -4.709472656250000000e+00 1.726074218750000000e+00 -2.416992187500000000e-01 8.764648437500000000e-01
3.891357421875000222e-01 9.124755859375000000e-01 5.963183593749999956e-01 6.249023437500000194e-02 9.935839843750000622e-01 -1.727892089843749979e+00 4.431152343750000000e+00 2.905273437500000000e-01 -3.273925781250000000e+00 4.758300781250000000e+00 1.876464843750000000e+00
4.841357421874999956e-01 5.374755859375000000e-01 6.863183593750000755e-01 3.249023437499999611e-02 1.043583984375000107e+00 -4.783920898437501457e-01 1.931152343750000000e+00 -2.209472656250000000e+00 4.226074218750000000e+00 2.258300781250000000e+00 3.764648437500000000e-01
2.941357421874999933e-01 7.874755859375000000e-01 8.663183593750000133e-01 5.249023437500000000e-02 9.435839843750000178e-01 -1.311392089843749886e+00 -3.068847656250000000e+00 2.790527343750000000e+00 -7.739257812500000000e-01 -2.741699218750000000e+00 1.376464843750000000e+00
2.466357421875000067e-01 5.999755859375000000e-01 5.513183593750000666e-01 4.749023437500000250e-02 1.068583984375000018e+00 -1.519642089843749932e+00 -1.818847656250000000e+00 1.540527343750000000e+00 4.760742187500000000e-01 1.008300781250000000e+00 1.264648437500000000e-01
4.366357421875000089e-01 8.499755859375000000e-01 7.313183593750000044e-01 6.749023437500001332e-02 9.685839843750000400e-01 -6.866420898437499698e-01 3.181152343750000000e+00 -3.459472656250000000e+00 -4.523925781250000000e+00 -3.991699218750000000e+00 1.126464843750000000e+00
3.416357421875000355e-01 7.249755859375000000e-01 8.213183593749999734e-01 3.749023437500000056e-02 9.185839843749999956e-01 -1.936142089843750025e+00 6.811523437500000000e-01 4.040527343750000000e+00 2.976074218750000000e+00 -1.491699218750000000e+00 6.264648437500000000e-01
1.516357421875000056e-01 9.749755859375000000e-01 6.413183593750000355e-01 5.749023437500000444e-02 1.018583984374999973e+00 -1.103142089843750062e+00 -4.318847656250000000e+00 -9.594726562500000000e-01 -2.023925781250000000e+00 3.508300781250000000e+00 1.626464843750000000e+00
1.635107421875000022e-01 7.406005859375000000e-01 6.075683593750000888e-01 5.374023437500000111e-02 1.024833984375000062e+00 -7.387045898437500924e-01 4.118652343750000000e+00 -3.146972656250000000e+00 -1.711425781250000000e+00 -4.929199218750000000e+00 1.313964843750000000e+00
3.535107421875000044e-01 9.906005859375000000e-01 7.875683593750000266e-01 3.374023437499999722e-02 9.248339843749999734e-01 -1.571704589843750055e+00 -8.813476562500000000e-01 1.853027343750000000e+00 3.288574218750000000e+00 7.080078125000000000e-02 3.139648437500000000e-01
4.485107421874999778e-01 6.156005859375000000e-01 8.775683593750001066e-01 6.374023437500000999e-02 8.748339843750000400e-01 -1.155204589843750185e+00 -3.381347656250000000e+00 -6.469726562500000000e-01 -4.211425781250000000e+00 2.570800781250000000e+00 1.813964843750000000e+00
2.585107421875000311e-01 8.656005859375000000e-01 6.975683593750000577e-01 4.374023437499999917e-02 9.748339843750000178e-01 -1.988204589843749925e+00 1.618652343750000000e+00 4.353027343750000000e+00 7.885742187500000000e-01 -2.429199218750000000e+00 8.139648437500000000e-01
3.060107421875000178e-01 5.531005859375000000e-01 7.425683593750000977e-01 5.874023437500000555e-02 8.998339843750000622e-01 -1.779954589843750101e+00 2.868652343750000000e+00 6.030273437500000000e-01 -4.614257812500000000e-01 3.820800781250000000e+00 1.563964843750000000e+00
4.960107421875000200e-01 8.031005859375000000e-01 5.625683593750000488e-01 3.874023437500000167e-02 9.998339843750000400e-01 -9.469545898437501386e-01 -2.131347656250000000e+00 -4.396972656250000000e+00 4.538574218750000000e+00 -1.179199218750000000e+00 5.639648437500000000e-01
4.010107421874999911e-01 6.781005859375000000e-01 6.525683593750000178e-01 6.874023437500001443e-02 1.049833984374999973e+00 -1.363454589843750009e+00 -4.631347656250000000e+00 3.103027343750000000e+00 -2.961425781250000000e+00 -3.679199218750000000e+00 1.063964843750000000e+00
2.110107421874999889e-01 9.281005859375000000e-01 8.325683593749999556e-01 4.874023437500000361e-02 9.498339843749999956e-01 -5.304545898437500462e-01 3.686523437500000000e-01 -1.896972656250000000e+00 2.038574218750000000e+00 1.320800781250000000e+00 6.396484375000000000e-02
1.872607421874999956e-01 5.843505859375000000e-01 7.200683593750000222e-01 3.624023437499999944e-02 9.373339843750000400e-01 -4.263295898437500231e-01 4.743652343750000000e+00 3.728027343750000000e+00 -1.086425781250000000e+00 -4.304199218750000000e+00 1.889648437500000000e-01
3.772607421874999978e-01 8.343505859375000000e-01 9.000683593750000711e-01 5.624023437500000333e-02 1.037333984375000018e+00 -1.259329589843749986e+00 -2.563476562500000000e-01 -1.271972656250000000e+00 3.913574218750000000e+00 6.958007812500000000e-01 1.188964843750000000e+00
4.722607421875000266e-01 7.093505859375000000e-01 8.100683593749999911e-01 4.624023437500000139e-02 9.873339843749999734e-01 -8.428295898437501155e-01 -2.756347656250000000e+00 1.228027343750000000e+00 -3.586425781250000000e+00 3.195800781250000000e+00 6.889648437500000000e-01
2.822607421874999689e-01 9.593505859375000000e-01 6.300683593750000533e-01 6.624023437500001221e-02 8.873339843749999956e-01 -1.675829589843750078e+00 2.243652343750000000e+00 -3.771972656250000000e+00 1.413574218750000000e+00 -1.804199218750000000e+00 1.688964843750000000e+00
2.347607421874999822e-01 6.468505859375000000e-01 8.550683593750000311e-01 3.124023437499999847e-02 1.012333984375000107e+00 -1.884079589843749902e+00 3.493652343750000000e+00 -2.197265625000000000e-02 -2.336425781250000000e+00 4.445800781250000000e+00 9.389648437500000000e-01
4.247607421874999845e-01 8.968505859375000000e-01 6.750683593749999822e-01 5.124023437499999889e-02 9.123339843750000178e-01 -1.051079589843749940e+00 -1.506347656250000000e+00 4.978027343750000000e+00 2.663574218750000000e+00 -5.541992187500000000e-01 1.938964843750000000e+00
3.297607421875000111e-01 5.218505859375000000e-01 5.850683593750000133e-01 4.124023437500000389e-02 9.623339843750000622e-01 -1.467579589843750032e+00 -4.006347656250000000e+00 -2.521972656250000000e+00 -4.836425781250000000e+00 -3.054199218750000000e+00 4.389648437500000000e-01
1.397607421875000089e-01 7.718505859375000000e-01 7.650683593750000622e-01 6.124023437500000777e-02 1.062333984375000151e+00 -6.345795898437500693e-01 9.936523437500000000e-01 2.478027343750000000e+00 1.635742187500000000e-01 1.945800781250000000e+00 1.438964843750000000e+00
1.338232421874999967e-01 6.390380859375000000e-01 7.031933593750000488e-01 4.686523437500000194e-02 9.154589843750000622e-01 -1.597735839843750005e+00 -3.537597656250000000e+00 -1.428222656250000000e+00 -4.680175781250000000e+00 -1.022949218750000000e+00 1.907714843750000000e+00
3.238232421875000266e-01 8.890380859375000000e-01 8.831933593750000977e-01 6.686523437499999889e-02 1.015458984374999929e+00 -7.647358398437500426e-01 1.462402343750000000e+00 3.571777343750000000e+00 3.198242187500000000e-01 3.977050781250000000e+00 9.077148437500000000e-01
4.188232421875000000e-01 5.140380859375000000e-01 7.931933593750000178e-01 3.686523437500000000e-02 1.065458984374999973e+00 -1.181235839843750135e+00 3.962402343750000000e+00 -3.928222656250000000e+00 -2.180175781250000000e+00 1.477050781250000000e+00 1.407714843750000000e+00
2.288232421874999978e-01 7.640380859375000000e-01 6.131933593750000799e-01 5.686523437500000389e-02 9.654589843749999956e-01 -3.482358398437501723e-01 -1.037597656250000000e+00 1.071777343750000000e+00 2.819824218750000000e+00 -3.522949218750000000e+00 4.077148437500000000e-01
2.763232421874999845e-01 5.765380859375000000e-01 8.381933593750000577e-01 4.186523437500000444e-02 1.040458984375000062e+00 -5.564858398437499964e-01 -4.787597656250000000e+00 4.821777343750000000e+00 -3.430175781250000000e+00 2.270507812500000000e-01 1.157714843750000000e+00
4.663232421874999867e-01 8.265380859375000000e-01 6.581933593750000089e-01 6.186523437500000833e-02 9.404589843749999734e-01 -1.389485839843750181e+00 2.124023437500000000e-01 -1.782226562500000000e-01 1.569824218750000000e+00 -4.772949218750000000e+00 1.577148437500000000e-01
3.713232421875000133e-01 7.015380859375000000e-01 5.681933593750000400e-01 3.186523437500000250e-02 8.904589843750000400e-01 -9.729858398437500888e-01 2.712402343750000000e+00 2.321777343750000000e+00 -9.301757812500000000e-01 -2.272949218750000000e+00 1.657714843750000000e+00
1.813232421875000111e-01 9.515380859375000000e-01 7.481933593750000888e-01 5.186523437499999944e-02 9.904589843750000178e-01 -1.805985839843750052e+00 -2.287597656250000000e+00 -2.678222656250000000e+00 4.069824218750000000e+00 2.727050781250000000e+00 6.577148437500000000e-01
2.050732421875000044e-01 5.452880859375000000e-01 6.356933593750000444e-01 6.436523437499999667e-02 1.002958984374999973e+00 -1.910110839843750075e+00 -2.912597656250000000e+00 1.696777343750000000e+00 -2.805175781250000000e+00 -3.979492187500000000e-01 5.327148437500000000e-01
3.950732421875000067e-01 7.952880859375000000e-01 8.156933593749999822e-01 4.436523437499999972e-02 9.029589843749999956e-01 -1.077110839843749890e+00 2.087402343750000000e+00 -3.303222656250000000e+00 2.194824218750000000e+00 4.602050781250000000e+00 1.532714843750000000e+00
4.900732421874999800e-01 6.702880859375000000e-01 9.056933593750000622e-01 5.436523437500000167e-02 9.529589843750000400e-01 -1.493610839843749982e+00 4.587402343750000000e+00 4.196777343750000000e+00 -3.051757812500000000e-01 2.102050781250000000e+00 3.271484375000000000e-02
3.000732421874999778e-01 9.202880859375000000e-01 7.256933593750000133e-01 3.436523437499999778e-02 1.052958984375000018e+00 -6.606108398437500195e-01 -4.125976562500000000e-01 -8.032226562500000000e-01 4.694824218750000000e+00 -2.897949218750000000e+00 1.032714843750000000e+00
2.525732421874999911e-01 7.327880859375000000e-01 7.706933593750000533e-01 6.936523437500000111e-02 9.279589843750000178e-01 -4.523608398437499734e-01 -4.162597656250000000e+00 -4.553222656250000000e+00 -4.055175781250000000e+00 8.520507812500000000e-01 2.827148437500000000e-01
4.425732421874999933e-01 9.827880859375000000e-01 5.906933593750000044e-01 4.936523437500000416e-02 1.027958984375000107e+00 -1.285360839843749936e+00 8.374023437500000000e-01 4.467773437500000000e-01 9.448242187500000000e-01 -4.147949218750000000e+00 1.282714843750000000e+00
3.475732421874999645e-01 6.077880859375000000e-01 6.806933593749999734e-01 5.936523437500000611e-02 9.779589843750000622e-01 -8.688608398437500657e-01 3.337402343750000000e+00 -2.053222656250000000e+00 -1.555175781250000000e+00 -1.647949218750000000e+00 7.827148437500000000e-01
1.575732421874999900e-01 8.577880859375000000e-01 8.606933593750000222e-01 3.936523437500000222e-02 8.779589843749999734e-01 -1.701860839843750028e+00 -1.662597656250000000e+00 2.946777343750000000e+00 3.444824218750000000e+00 3.352050781250000000e+00 1.782714843750000000e+00
1.456982421874999933e-01 6.234130859375000000e-01 8.044433593750000000e-01 3.061523437499999792e-02 9.592089843750000178e-01 -1.337423339843750059e+00 1.774902343750000000e+00 1.342773437500000000e-01 2.507324218750000000e+00 -4.460449218750000000e+00 1.220214843750000000e+00
3.356982421874999956e-01 8.734130859375000000e-01 6.244433593750000622e-01 5.061523437499999833e-02 1.059208984375000107e+00 -5.044233398437500959e-01 -3.225097656250000000e+00 -4.865722656250000000e+00 -2.492675781250000000e+00 5.395507812500000000e-01 2.202148437500000000e-01
4.306982421875000244e-01 7.484130859375000000e-01 7.144433593750000311e-01 4.061523437500000333e-02 1.009208984375000062e+00 -1.753923339843749929e+00 -7.250976562500000000e-01 2.634277343750000000e+00 7.324218750000000000e-03 3.039550781250000000e+00 1.720214843750000000e+00
2.406982421874999944e-01 9.984130859375000000e-01 8.944433593750000799e-01 6.061523437500000722e-02 9.092089843749999734e-01 -9.209233398437499662e-01 4.274902343750000000e+00 -2.365722656250000000e+00 -4.992675781250000000e+00 -1.960449218750000000e+00 7.202148437500000000e-01
2.881982421875000089e-01 6.859130859375000000e-01 5.794433593750000222e-01 3.561523437499999889e-02 9.842089843750000400e-01 -1.129173339843750012e+00 5.249023437500000000e-01 -3.615722656250000000e+00 3.757324218750000000e+00 4.289550781250000000e+00 1.970214843750000000e+00
4.781982421875000111e-01 9.359130859375000000e-01 7.594433593750000711e-01 5.561523437500000278e-02 8.842089843749999512e-01 -1.962173339843749975e+00 -4.475097656250000000e+00 1.384277343750000000e+00 -1.242675781250000000e+00 -7.104492187500000000e-01 9.702148437500000000e-01
3.831982421874999822e-01 5.609130859375000000e-01 8.494433593750000400e-01 4.561523437500000083e-02 9.342089843749999956e-01 -7.126733398437501421e-01 -1.975097656250000000e+00 -1.115722656250000000e+00 1.257324218750000000e+00 -3.210449218750000000e+00 1.470214843750000000e+00
1.931982421874999800e-01 8.109130859375000000e-01 6.694433593749999911e-01 6.561523437499999778e-02 1.034208984374999973e+00 -1.545673339843749883e+00 3.024902343750000000e+00 3.884277343750000000e+00 -3.742675781250000000e+00 1.789550781250000000e+00 4.702148437500000000e-01
1.694482421874999867e-01 7.171630859375000000e-01 8.719433593750001155e-01 5.811523437500000500e-02 1.046708984375000151e+00 -1.441548339843750082e+00 2.399902343750000000e+00 -4.907226562500000000e-01 4.382324218750000000e+00 -3.835449218750000000e+00 3.452148437500000000e-01
3.594482421874999889e-01 9.671630859375000000e-01 6.919433593750000666e-01 3.811523437500000111e-02 9.467089843750000622e-01 -6.085483398437501190e-01 -2.600097656250000000e+00 4.509277343750000000e+00 -6.176757812500000000e-01 1.164550781250000000e+00 1.345214843750000000e+00
4.544482421875000178e-01 5.921630859375000000e-01 6.019433593750000977e-01 6.811523437500000000e-02 8.967089843750000178e-01 -1.858048339843749952e+00 -1.000976562500000000e-01 -2.990722656250000000e+00 1.882324218750000000e+00 3.664550781250000000e+00 8.452148437500000000e-01
2.644482421874999600e-01 8.421630859375000000e-01 7.819433593750000355e-01 4.811523437500000305e-02 9.967089843750001066e-01 -1.025048339843749989e+00 4.899902343750000000e+00 2.009277343750000000e+00 -3.117675781250000000e+00 -1.335449218750000000e+00 1.845214843750000000e+00
2.169482421875000011e-01 5.296630859375000000e-01 6.469433593750000266e-01 5.311523437500000056e-02 8.717089843749999956e-01 -8.167983398437499432e-01 1.149902343750000000e+00 3.259277343750000000e+00 3.132324218750000000e+00 4.914550781250000000e+00 5.952148437500000000e-01
4.069482421874999756e-01 7.796630859375000000e-01 8.269433593749999645e-01 3.311523437499999667e-02 9.717089843749999734e-01 -1.649798339843750128e+00 -3.850097656250000000e+00 -1.740722656250000000e+00 -1.867675781250000000e+00 -8.544921875000000000e-02 1.595214843750000000e+00
3.119482421875000022e-01 6.546630859375000000e-01 7.369433593750001066e-01 6.311523437499999556e-02 1.021708984375000018e+00 -4.002983398437500728e-01 -1.350097656250000000e+00 7.592773437500000000e-01 6.323242187500000000e-01 -2.585449218750000000e+00 9.521484375000000000e-02
1.219482421875000000e-01 9.046630859375000000e-01 5.569433593750000577e-01 4.311523437500000555e-02 9.217089843750000400e-01 -1.233298339843750036e+00 3.649902343750000000e+00 -4.240722656250000000e+00 -4.367675781250000000e+00 2.414550781250000000e+00 1.095214843750000000e+00
1.226904296874999911e-01 6.556396484375000000e-01 8.824902343750000711e-01 5.131835937500000416e-02 8.908496093750000178e-01 -6.118022460937500018e-01 3.100585937500000000e-01 -1.096191406250000000e+00 -1.027832031250000000e+00 5.590820312500000000e-01 5.131835937500000000e-01
3.126904296874999933e-01 9.056396484375000000e-01 7.024902343750000222e-01 3.131835937500000028e-02 9.908496093749999956e-01 -1.444802246093749964e+00 -4.689941406250000000e+00 3.903808593750000000e+00 3.972167968750000000e+00 -4.440917968750000000e+00 1.513183593750000000e+00
4.076904296875000222e-01 5.306396484375000000e-01 6.124902343750000533e-01 6.131835937500000611e-02 1.040849609374999929e+00 -1.028302246093750094e+00 -2.189941406250000000e+00 -3.596191406250000000e+00 -3.527832031250000000e+00 -1.940917968750000000e+00 1.318359375000000000e-02
2.176904296874999922e-01 7.806396484375000000e-01 7.924902343749999911e-01 4.131835937500000222e-02 9.408496093750000622e-01 -1.861302246093750057e+00 2.810058593750000000e+00 1.403808593750000000e+00 1.472167968750000000e+00 3.059082031250000000e+00 1.013183593750000000e+00
2.651904296875000067e-01 5.931396484375000000e-01 6.574902343749999822e-01 5.631835937500000167e-02 1.065849609375000062e+00 -1.653052246093750011e+00 1.560058593750000000e+00 2.653808593750000000e+00 -2.277832031250000000e+00 -6.909179687500000000e-01 2.631835937500000000e-01
4.551904296875000089e-01 8.431396484375000000e-01 8.374902343750000311e-01 3.631835937499999778e-02 9.658496093749999734e-01 -8.200522460937500480e-01 -3.439941406250000000e+00 -2.346191406250000000e+00 2.722167968750000000e+00 4.309082031250000000e+00 1.263183593750000000e+00
3.601904296875000355e-01 7.181396484375000000e-01 7.474902343750000622e-01 6.631835937499999667e-02 9.158496093750000400e-01 -1.236552246093749918e+00 -9.399414062500000000e-01 1.538085937500000000e-01 -4.777832031250000000e+00 1.809082031250000000e+00 7.631835937500000000e-01
1.701904296875000056e-01 9.681396484375000000e-01 5.674902343750000133e-01 4.631835937500000666e-02 1.015849609375000018e+00 -4.035522460937501776e-01 4.060058593750000000e+00 -4.846191406250000000e+00 2.221679687500000000e-01 -3.190917968750000000e+00 1.763183593750000000e+00
1.939404296874999989e-01 5.618896484375000000e-01 8.149902343749999556e-01 3.881835937500000000e-02 9.783496093750000400e-01 -5.076772460937499787e-01 9.350585937500000000e-01 7.788085937500000000e-01 -1.652832031250000000e+00 1.184082031250000000e+00 1.888183593750000000e+00
3.839404296874999734e-01 8.118896484375000000e-01 6.349902343750000178e-01 5.881835937500000389e-02 8.783496093749999512e-01 -1.340677246093750163e+00 -4.064941406250000000e+00 -4.221191406250000000e+00 3.347167968750000000e+00 -3.815917968750000000e+00 8.881835937500000000e-01
4.789404296875000022e-01 6.868896484375000000e-01 7.249902343750000977e-01 4.881835937500000194e-02 9.283496093749999956e-01 -9.241772460937500711e-01 -1.564941406250000000e+00 3.278808593750000000e+00 -4.152832031250000000e+00 -1.315917968750000000e+00 1.388183593750000000e+00
2.889404296875000000e-01 9.368896484375000000e-01 9.049902343750000355e-01 6.881835937499999889e-02 1.028349609374999973e+00 -1.757177246093750034e+00 3.435058593750000000e+00 -1.721191406250000000e+00 8.471679687500000000e-01 3.684082031250000000e+00 3.881835937500000000e-01
2.414404296875000133e-01 7.493896484375000000e-01 5.899902343750000888e-01 3.381835937500000250e-02 9.533496093750000178e-01 -1.965427246093750080e+00 2.185058593750000000e+00 -2.971191406250000000e+00 -4.028320312500000000e-01 -6.591796875000000000e-02 1.138183593750000000e+00
4.314404296875000155e-01 9.993896484375000000e-01 7.699902343750000266e-01 5.381835937499999944e-02 1.053349609375000107e+00 -1.132427246093750117e+00 -2.814941406250000000e+00 2.028808593750000000e+00 4.597167968750000000e+00 4.934082031250000000e+00 1.381835937500000000e-01
3.364404296874999867e-01 6.243896484375000000e-01 8.599902343750001066e-01 4.381835937500000444e-02 1.003349609375000062e+00 -1.548927246093749988e+00 -3.149414062500000000e-01 -4.711914062500000000e-01 -2.902832031250000000e+00 2.434082031250000000e+00 1.638183593750000000e+00
1.464404296874999845e-01 8.743896484375000000e-01 6.799902343750000577e-01 6.381835937500000833e-02 9.033496093749999734e-01 -7.159272460937500249e-01 4.685058593750000000e+00 4.528808593750000000e+00 2.097167968750000000e+00 -2.565917968750000000e+00 6.381835937500000000e-01
1.583154296875000089e-01 6.087646484375000000e-01 6.237402343750000355e-01 6.506835937499999556e-02 9.345996093749999734e-01 -1.080364746093749995e+00 -4.377441406250000000e+00 2.341308593750000000e+00 1.784667968750000000e+00 3.996582031250000000e+00 3.256835937500000000e-01
3.483154296875000111e-01 8.587646484375000000e-01 8.037402343749999734e-01 4.506835937500000555e-02 1.034599609375000062e+00 -1.913364746093749957e+00 6.225585937500000000e-01 -2.658691406250000000e+00 -3.215332031250000000e+00 -1.003417968750000000e+00 1.325683593750000000e+00
4.433154296874999845e-01 7.337646484375000000e-01 8.937402343750000533e-01 5.506835937500000056e-02 9.845996093750000178e-01 -6.638647460937501243e-01 3.122558593750000000e+00 4.841308593750000000e+00 4.284667968750000000e+00 -3.503417968750000000e+00 8.256835937500000000e-01
2.533154296874999822e-01 9.837646484375000000e-01 7.137402343750000044e-01 3.506835937499999667e-02 8.845996093750000400e-01 -1.496864746093749865e+00 -1.877441406250000000e+00 -1.586914062500000000e-01 -7.153320312500000000e-01 1.496582031250000000e+00 1.825683593750000000e+00
3.008154296874999689e-01 6.712646484375000000e-01 7.587402343750000444e-01 6.006835937500000500e-02 1.009599609374999929e+00 -1.288614746093750041e+00 -3.127441406250000000e+00 -3.908691406250000000e+00 5.346679687500000000e-01 -4.753417968750000000e+00 5.756835937500000000e-01
4.908154296875000266e-01 9.212646484375000000e-01 5.787402343749999956e-01 4.006835937500000111e-02 9.095996093750000622e-01 -4.556147460937500782e-01 1.872558593750000000e+00 1.091308593750000000e+00 -4.465332031250000000e+00 2.465820312500000000e-01 1.575683593750000000e+00
3.958154296874999978e-01 5.462646484375000000e-01 6.687402343750000755e-01 5.006835937500000305e-02 9.595996093749999956e-01 -1.705114746093749911e+00 4.372558593750000000e+00 -1.408691406250000000e+00 3.034667968750000000e+00 2.746582031250000000e+00 7.568359375000000000e-02
2.058154296874999956e-01 7.962646484375000000e-01 8.487402343750000133e-01 3.006835937499999917e-02 1.059599609374999973e+00 -8.721147460937499485e-01 -6.274414062500000000e-01 3.591308593750000000e+00 -1.965332031250000000e+00 -2.253417968750000000e+00 1.075683593750000000e+00
1.820654296875000022e-01 7.025146484375000000e-01 6.912402343750000400e-01 4.256835937500000333e-02 1.022099609375000107e+00 -7.679897460937501474e-01 -3.752441406250000000e+00 -2.033691406250000000e+00 1.159667968750000000e+00 4.621582031250000000e+00 1.200683593750000000e+00
3.720654296875000044e-01 9.525146484375000000e-01 8.712402343750000888e-01 6.256835937500000722e-02 9.220996093750000178e-01 -1.600989746093750110e+00 1.247558593750000000e+00 2.966308593750000000e+00 -3.840332031250000000e+00 -3.784179687500000000e-01 2.006835937500000000e-01
4.670654296874999778e-01 5.775146484375000000e-01 7.812402343750000089e-01 3.256835937500000139e-02 8.720996093749999734e-01 -3.514897460937500551e-01 3.747558593750000000e+00 -4.533691406250000000e+00 3.659667968750000000e+00 -2.878417968750000000e+00 1.700683593750000000e+00
2.770654296875000311e-01 8.275146484375000000e-01 6.012402343750000711e-01 5.256835937499999833e-02 9.720996093750000622e-01 -1.184489746093750018e+00 -1.252441406250000000e+00 4.663085937500000000e-01 -1.340332031250000000e+00 2.121582031250000000e+00 7.006835937500000000e-01
2.295654296874999889e-01 5.150146484375000000e-01 8.262402343750000488e-01 4.756835937500000083e-02 8.970996093749999956e-01 -1.392739746093750064e+00 -2.502441406250000000e+00 4.216308593750000000e+00 2.409667968750000000e+00 -4.128417968750000000e+00 1.950683593750000000e+00
4.195654296874999911e-01 7.650146484375000000e-01 6.462402343750000000e-01 6.756835937499999778e-02 9.970996093749999734e-01 -5.597397460937501013e-01 2.497558593750000000e+00 -7.836914062500000000e-01 -2.590332031250000000e+00 8.715820312500000000e-01 9.506835937500000000e-01
3.245654296875000178e-01 6.400146484375000000e-01 5.562402343750000311e-01 3.756835937499999889e-02 1.047099609375000018e+00 -1.809239746093749934e+00 4.997558593750000000e+00 1.716308593750000000e+00 4.909667968750000000e+00 3.371582031250000000e+00 1.450683593750000000e+00
1.345654296874999878e-01 8.900146484375000000e-01 7.362402343750000799e-01 5.756835937500000278e-02 9.470996093750000400e-01 -9.762397460937499716e-01 -2.441406250000000000e-03 -3.283691406250000000e+00 -9.033203125000000000e-02 -1.628417968750000000e+00 4.506835937500000000e-01
1.405029296875000000e-01 5.228271484375000000e-01 7.081152343750000133e-01 3.444335937499999611e-02 1.006474609375000107e+00 -1.262583496093749869e+00 2.653808593750000000e+00 3.122558593750000000e+00 4.440917968750000000e+00 9.033203125000000000e-02 9.194335937500000000e-01
3.305029296875000022e-01 7.728271484375000000e-01 8.881152343750000622e-01 5.444335937500000000e-02 9.064746093750000178e-01 -4.295834960937501279e-01 -2.346191406250000000e+00 -1.877441406250000000e+00 -5.590820312500000000e-01 -4.909667968750000000e+00 1.919433593750000000e+00
4.255029296874999756e-01 6.478271484375000000e-01 7.981152343749999822e-01 4.444335937500000500e-02 9.564746093750000622e-01 -1.679083496093749961e+00 -4.846191406250000000e+00 6.225585937500000000e-01 1.940917968750000000e+00 -2.409667968750000000e+00 4.194335937500000000e-01
2.355029296875000011e-01 8.978271484375000000e-01 6.181152343750000444e-01 6.444335937500000888e-02 1.056474609375000151e+00 -8.460834960937499982e-01 1.538085937500000000e-01 -4.377441406250000000e+00 -3.059082031250000000e+00 2.590332031250000000e+00 1.419433593750000000e+00
2.830029296874999600e-01 7.103271484375000000e-01 8.431152343750000222e-01 3.944335937500000056e-02 9.314746093750000400e-01 -1.054333496093750044e+00 3.903808593750000000e+00 -6.274414062500000000e-01 3.190917968750000000e+00 -1.159667968750000000e+00 1.694335937500000000e-01
4.730029296875000178e-01 9.603271484375000000e-01 6.631152343750000844e-01 5.944335937500000444e-02 1.031474609375000018e+00 -1.887333496093750007e+00 -1.096191406250000000e+00 4.372558593750000000e+00 -1.809082031250000000e+00 3.840332031250000000e+00 1.169433593750000000e+00
3.780029296874999889e-01 5.853271484375000000e-01 5.731152343750000044e-01 4.944335937500000250e-02 9.814746093749999734e-01 -6.378334960937499520e-01 -3.596191406250000000e+00 -3.127441406250000000e+00 6.909179687500000000e-01 1.340332031250000000e+00 6.694335937500000000e-01
1.880029296874999867e-01 8.353271484375000000e-01 7.531152343750000533e-01 6.944335937500001332e-02 8.814746093749999956e-01 -1.470833496093749915e+00 1.403808593750000000e+00 1.872558593750000000e+00 -4.309082031250000000e+00 -3.659667968750000000e+00 1.669433593750000000e+00
2.117529296874999800e-01 6.790771484375000000e-01 5.956152343750000799e-01 5.694335937500000222e-02 9.189746093749999734e-01 -1.574958496093749938e+00 3.278808593750000000e+00 -2.502441406250000000e+00 2.565917968750000000e+00 7.153320312500000000e-01 1.544433593750000000e+00
4.017529296874999822e-01 9.290771484375000000e-01 7.756152343750000178e-01 3.694335937499999833e-02 1.018974609375000062e+00 -7.419584960937499751e-01 -1.721191406250000000e+00 2.497558593750000000e+00 -2.434082031250000000e+00 -4.284667968750000000e+00 5.444335937500000000e-01
4.967529296875000111e-01 5.540771484375000000e-01 8.656152343750000977e-01 6.694335937500001110e-02 1.068974609375000107e+00 -1.991458496093750030e+00 -4.221191406250000000e+00 -2.441406250000000000e-03 6.591796875000000000e-02 -1.784667968750000000e+00 1.044433593750000000e+00
3.067529296875000089e-01 8.040771484375000000e-01 6.856152343750000488e-01 4.694335937500000722e-02 9.689746093750000178e-01 -1.158458496093750068e+00 7.788085937500000000e-01 4.997558593750000000e+00 -4.934082031250000000e+00 3.215332031250000000e+00 4.443359375000000000e-02
2.592529296875000222e-01 6.165771484375000000e-01 7.306152343750000888e-01 5.194335937500000472e-02 1.043974609374999973e+00 -9.502084960937500213e-01 4.528808593750000000e+00 1.247558593750000000e+00 3.815917968750000000e+00 -5.346679687500000000e-01 1.294433593750000000e+00
4.492529296875000244e-01 8.665771484375000000e-01 5.506152343750000400e-01 3.194335937500000083e-02 9.439746093749999956e-01 -1.783208496093749984e+00 -4.711914062500000000e-01 -3.752441406250000000e+00 -1.184082031250000000e+00 4.465332031250000000e+00 2.944335937500000000e-01
3.542529296874999956e-01 7.415771484375000000e-01 6.406152343750000089e-01 6.194335937500000666e-02 8.939746093749999512e-01 -5.337084960937501510e-01 -2.971191406250000000e+00 3.747558593750000000e+00 1.315917968750000000e+00 1.965332031250000000e+00 1.794433593750000000e+00
1.642529296874999933e-01 9.915771484375000000e-01 8.206152343750000577e-01 4.194335937500000278e-02 9.939746093750000400e-01 -1.366708496093750114e+00 2.028808593750000000e+00 -1.252441406250000000e+00 -3.684082031250000000e+00 -3.034667968750000000e+00 7.944335937500000000e-01
1.523779296874999967e-01 7.259521484375000000e-01 7.868652343750000000e-01 4.819335937500000139e-02 1.050224609375000062e+00 -1.731145996093750083e+00 -2.033691406250000000e+00 -4.064941406250000000e+00 -2.746582031250000000e+00 4.152832031250000000e+00 2.319335937500000000e-01
3.423779296875000266e-01 9.759521484375000000e-01 6.068652343750000622e-01 6.819335937500001221e-02 9.502246093749999734e-01 -8.981459960937501208e-01 2.966308593750000000e+00 9.350585937500000000e-01 2.253417968750000000e+00 -8.471679687500000000e-01 1.231933593750000000e+00
4.373779296875000000e-01 6.009521484375000000e-01 6.968652343750000311e-01 3.819335937499999944e-02 9.002246093750000400e-01 -1.314645996093749991e+00 4.663085937500000000e-01 -1.564941406250000000e+00 -2.465820312500000000e-01 -3.347167968750000000e+00 7.319335937500000000e-01
2.473779296874999978e-01 8.509521484375000000e-01 8.768652343750000799e-01 5.819335937500000333e-02 1.000224609375000018e+00 -4.816459960937500284e-01 -4.533691406250000000e+00 3.435058593750000000e+00 4.753417968750000000e+00 1.652832031250000000e+00 1.731933593750000000e+00
2.948779296874999845e-01 5.384521484375000000e-01 5.618652343750000222e-01 4.319335937500000389e-02 8.752246093750000178e-01 -6.898959960937500746e-01 -7.836914062500000000e-01 2.185058593750000000e+00 -3.996582031250000000e+00 -4.597167968750000000e+00 9.819335937500000000e-01
4.848779296874999867e-01 7.884521484375000000e-01 7.418652343750000711e-01 6.319335937500000777e-02 9.752246093749999956e-01 -1.522895996093750037e+00 4.216308593750000000e+00 -2.814941406250000000e+00 1.003417968750000000e+00 4.028320312500000000e-01 1.981933593750000000e+00
3.898779296875000133e-01 6.634521484375000000e-01 8.318652343750000400e-01 3.319335937500000194e-02 1.025224609374999929e+00 -1.106395996093750167e+00 1.716308593750000000e+00 4.685058593750000000e+00 -1.496582031250000000e+00 2.902832031250000000e+00 4.819335937500000000e-01
1.998779296875000111e-01 9.134521484375000000e-01 6.518652343749999911e-01 5.319335937499999889e-02 9.252246093750000622e-01 -1.939395996093749908e+00 -3.283691406250000000e+00 -3.149414062500000000e-01 3.503417968750000000e+00 -2.097167968750000000e+00 1.481933593750000000e+00
1.761279296874999900e-01 5.697021484375000000e-01 8.993652343750000444e-01 6.069335937500000555e-02 9.627246093750000400e-01 -1.835270996093750107e+00 -1.408691406250000000e+00 4.060058593750000000e+00 -4.621582031250000000e+00 4.777832031250000000e+00 1.356933593750000000e+00
3.661279296874999645e-01 8.197021484375000000e-01 7.193652343750001066e-01 4.069335937500000167e-02 1.062724609375000018e+00 -1.002270996093749922e+00 3.591308593750000000e+00 -9.399414062500000000e-01 3.784179687500000000e-01 -2.221679687500000000e-01 3.569335937500000000e-01
4.611279296874999933e-01 6.947021484375000000e-01 6.293652343750000266e-01 5.069335937500000361e-02 1.012724609374999973e+00 -1.418770996093750014e+00 1.091308593750000000e+00 1.560058593750000000e+00 -2.121582031250000000e+00 -2.722167968750000000e+00 1.856933593750000000e+00
2.711279296874999911e-01 9.447021484375000000e-01 8.093652343749999645e-01 3.069335937499999972e-02 9.127246093749999956e-01 -5.857709960937500515e-01 -3.908691406250000000e+00 -3.439941406250000000e+00 2.878417968750000000e+00 2.277832031250000000e+00 8.569335937500000000e-01
2.236279296875000044e-01 6.322021484375000000e-01 6.743652343750000666e-01 6.569335937500000999e-02 9.877246093750000622e-01 -3.775209960937500053e-01 -1.586914062500000000e-01 -2.189941406250000000e+00 -3.371582031250000000e+00 -3.972167968750000000e+00 1.606933593750000000e+00
4.136279296875000067e-01 8.822021484375000000e-01 8.543652343750001155e-01 4.569335937500000611e-02 8.877246093749999734e-01 -1.210520996093749968e+00 4.841308593750000000e+00 2.810058593750000000e+00 1.628417968750000000e+00 1.027832031250000000e+00 6.069335937500000000e-01
3.186279296874999778e-01 5.072021484375000000e-01 7.643652343750000355e-01 5.569335937500000111e-02 9.377246093750000178e-01 -7.940209960937500977e-01 2.341308593750000000e+00 -4.689941406250000000e+00 -8.715820312500000000e-01 3.527832031250000000e+00 1.106933593750000000e+00
1.286279296875000033e-01 7.572021484375000000e-01 5.843652343750000977e-01 3.569335937499999722e-02 1.037724609375000107e+00 -1.627020996093750060e+00 -2.658691406250000000e+00 3.100585937500000000e-01 4.128417968750000000e+00 -1.472167968750000000e+00 1.069335937500000000e-01
1.315966796874999956e-01 5.814208984375000000e-01 7.728027343750000222e-01 4.100585937500000194e-02 9.049121093749999956e-01 -1.926380371093749932e+00 3.825683593750000000e+00 3.200683593750000000e+00 -1.418457031250000000e+00 3.137207031250000000e+00 1.872558593750000000e+00
3.215966796874999978e-01 8.314208984375000000e-01 5.928027343750000844e-01 6.100585937500000583e-02 1.004912109374999973e+00 -1.093380371093750192e+00 -1.174316406250000000e+00 -1.799316406250000000e+00 3.581542968750000000e+00 -1.862792968750000000e+00 8.725585937500000000e-01
4.165966796875000266e-01 7.064208984375000000e-01 6.828027343750000533e-01 3.100585937500000000e-02 1.054912109375000018e+00 -1.509880371093750062e+00 -3.674316406250000000e+00 7.006835937500000000e-01 -3.918457031250000000e+00 -4.362792968750000000e+00 1.372558593750000000e+00
2.265966796874999967e-01 9.564208984375000000e-01 8.628027343749999911e-01 5.100585937500000389e-02 9.549121093750000400e-01 -6.768803710937500995e-01 1.325683593750000000e+00 -4.299316406250000000e+00 1.081542968750000000e+00 6.372070312500000000e-01 3.725585937500000000e-01
2.740966796875000111e-01 6.439208984375000000e-01 6.378027343750000133e-01 4.600585937499999944e-02 1.029912109375000107e+00 -4.686303710937500533e-01 2.575683593750000000e+00 -5.493164062500000000e-01 -1.684570312500000000e-01 -3.112792968750000000e+00 1.122558593750000000e+00
4.640966796875000133e-01 8.939208984375000000e-01 8.178027343750000622e-01 6.600585937500000333e-02 9.299121093750000178e-01 -1.301630371093750016e+00 -2.424316406250000000e+00 4.450683593750000000e+00 4.831542968750000000e+00 1.887207031250000000e+00 1.225585937500000000e-01
3.690966796875000400e-01 5.189208984375000000e-01 9.078027343750000311e-01 3.600585937499999750e-02 8.799121093749999734e-01 -8.851303710937501457e-01 -4.924316406250000000e+00 -3.049316406250000000e+00 -2.668457031250000000e+00 4.387207031250000000e+00 1.622558593750000000e+00
1.790966796874999822e-01 7.689208984375000000e-01 7.278027343749999822e-01 5.600585937500000833e-02 9.799121093750000622e-01 -1.718130371093749886e+00 7.568359375000000000e-02 1.950683593750000000e+00 2.331542968750000000e+00 -6.127929687500000000e-01 6.225585937500000000e-01
2.028466796875000033e-01 7.376708984375000000e-01 8.403027343750000266e-01 6.850585937500000555e-02 1.017412109374999929e+00 -1.614005371093750085e+00 4.450683593750000000e+00 -3.674316406250000000e+00 -7.934570312500000000e-01 2.512207031250000000e+00 7.475585937500000000e-01
3.928466796874999778e-01 9.876708984375000000e-01 6.603027343750000888e-01 4.850585937500000167e-02 9.174121093750000622e-01 -7.810053710937501226e-01 -5.493164062500000000e-01 1.325683593750000000e+00 4.206542968750000000e+00 -2.487792968750000000e+00 1.747558593750000000e+00
4.878466796875000067e-01 6.126708984375000000e-01 5.703027343750000089e-01 5.850585937500000361e-02 9.674121093749999956e-01 -1.197505371093749993e+00 -3.049316406250000000e+00 -1.174316406250000000e+00 -3.293457031250000000e+00 -4.987792968750000000e+00 2.475585937500000000e-01
2.978466796875000044e-01 8.626708984375000000e-01 7.503027343750000577e-01 3.850585937499999972e-02 1.067412109374999973e+00 -3.645053710937500302e-01 1.950683593750000000e+00 3.825683593750000000e+00 1.706542968750000000e+00 1.220703125000000000e-02 1.247558593750000000e+00
2.503466796875000178e-01 5.501708984375000000e-01 7.053027343750000178e-01 6.350585937500000111e-02 9.424121093749999734e-01 -5.727553710937500764e-01 3.200683593750000000e+00 7.568359375000000000e-02 -2.043457031250000000e+00 -3.737792968750000000e+00 4.975585937500000000e-01
4.403466796875000200e-01 8.001708984375000000e-01 8.853027343749999556e-01 4.350585937499999722e-02 1.042412109375000062e+00 -1.405755371093750039e+00 -1.799316406250000000e+00 -4.924316406250000000e+00 2.956542968750000000e+00 1.262207031250000000e+00 1.497558593750000000e+00
3.453466796874999911e-01 6.751708984375000000e-01 7.953027343750000977e-01 5.350585937500000611e-02 9.924121093750000178e-01 -9.892553710937499467e-01 -4.299316406250000000e+00 2.575683593750000000e+00 -4.543457031250000000e+00 3.762207031250000000e+00 9.975585937500000000e-01
1.553466796874999889e-01 9.251708984375000000e-01 6.153027343750000488e-01 3.350585937500000222e-02 8.924121093750000400e-01 -1.822255371093750131e+00 7.006835937500000000e-01 -2.424316406250000000e+00 4.565429687500000000e-01 -1.237792968750000000e+00 1.997558593750000000e+00
1.672216796875000133e-01 6.595458984375000000e-01 6.490527343749999956e-01 3.725585937499999861e-02 9.486621093750000622e-01 -1.457817871093749940e+00 -8.618164062500000000e-01 -4.611816406250000000e+00 7.690429687500000000e-01 2.199707031250000000e+00 1.060058593750000000e+00
3.572216796874999600e-01 9.095458984375000000e-01 8.290527343750000444e-01 5.725585937500000250e-02 1.048662109375000151e+00 -6.248178710937499769e-01 4.138183593750000000e+00 3.881835937500000000e-01 -4.230957031250000000e+00 -2.800292968750000000e+00 6.005859375000000000e-02
4.522216796874999889e-01 5.345458984375000000e-01 7.390527343750000755e-01 4.725585937500000056e-02 9.986621093750001066e-01 -1.874317871093750032e+00 1.638183593750000000e+00 -2.111816406250000000e+00 3.269042968750000000e+00 -3.002929687500000000e-01 1.560058593750000000e+00
2.622216796874999867e-01 7.845458984375000000e-01 5.590527343750000266e-01 6.725585937500000444e-02 8.986621093750000178e-01 -1.041317871093750069e+00 -3.361816406250000000e+00 2.888183593750000000e+00 -1.730957031250000000e+00 4.699707031250000000e+00 5.600585937500000000e-01
3.097216796874999734e-01 5.970458984375000000e-01 8.740527343749999734e-01 3.225585937500000111e-02 9.736621093749999734e-01 -8.330678710937500231e-01 -2.111816406250000000e+00 1.638183593750000000e+00 2.019042968750000000e+00 -1.550292968750000000e+00 1.810058593750000000e+00
4.997216796874999756e-01 8.470458984375000000e-01 6.940527343750000355e-01 5.225585937500000500e-02 8.736621093749999956e-01 -1.666067871093749986e+00 2.888183593750000000e+00 -3.361816406250000000e+00 -2.980957031250000000e+00 3.449707031250000000e+00 8.100585937500000000e-01
4.047216796875000022e-01 7.220458984375000000e-01 6.040527343750000666e-01 4.225585937500000305e-02 9.236621093750000400e-01 -4.165678710937501528e-01 3.881835937500000000e-01 4.138183593750000000e+00 4.519042968750000000e+00 9.497070312500000000e-01 1.310058593750000000e+00
2.147216796875000000e-01 9.720458984375000000e-01 7.840527343750000044e-01 6.225585937500000694e-02 1.023662109375000018e+00 -1.249567871093749893e+00 -4.611816406250000000e+00 -8.618164062500000000e-01 -4.809570312500000000e-01 -4.050292968750000000e+00 3.100585937500000000e-01
1.909716796875000067e-01 5.032958984375000000e-01 5.815527343749999911e-01 5.475585937500000722e-02 1.061162109375000107e+00 -1.353692871093750139e+00 -2.368164062500000000e-01 4.763183593750000000e+00 1.394042968750000000e+00 1.574707031250000000e+00 4.350585937500000000e-01
3.809716796875000089e-01 7.532958984375000000e-01 7.615527343750000400e-01 3.475585937500000333e-02 9.611621093750000178e-01 -5.206928710937501759e-01 4.763183593750000000e+00 -2.368164062500000000e-01 -3.605957031250000000e+00 -3.425292968750000000e+00 1.435058593750000000e+00
4.759716796874999822e-01 6.282958984375000000e-01 8.515527343750000089e-01 6.475585937500000222e-02 9.111621093749999734e-01 -1.770192871093750009e+00 2.263183593750000000e+00 2.263183593750000000e+00 3.894042968750000000e+00 -9.252929687500000000e-01 9.350585937500000000e-01
2.859716796875000355e-01 8.782958984375000000e-01 6.715527343750000711e-01 4.475585937499999833e-02 1.011162109375000062e+00 -9.371928710937500462e-01 -2.736816406250000000e+00 -2.736816406250000000e+00 -1.105957031250000000e+00 4.074707031250000000e+00 1.935058593750000000e+00
2.384716796874999933e-01 6.907958984375000000e-01 8.065527343750000799e-01 5.975585937500000472e-02 8.861621093749999512e-01 -1.145442871093750092e+00 -1.486816406250000000e+00 -1.486816406250000000e+00 1.440429687500000000e-01 -2.175292968750000000e+00 6.850585937500000000e-01
4.284716796874999956e-01 9.407958984375000000e-01 6.265527343750000311e-01 3.975585937500000083e-02 9.861621093750000400e-01 -1.978442871093750055e+00 3.513183593750000000e+00 3.513183593750000000e+00 -4.855957031250000000e+00 2.824707031250000000e+00 1.685058593750000000e+00
3.334716796875000222e-01 5.657958984375000000e-01 7.165527343750000000e-01 6.975585937500000666e-02 1.036162109374999973e+00 -7.289428710937500000e-01 1.013183593750000000e+00 -3.986816406250000000e+00 2.644042968750000000e+00 3.247070312500000000e-01 1.850585937500000000e-01
1.434716796874999922e-01 8.157958984375000000e-01 8.965527343750000488e-01 4.975585937500000278e-02 9.361621093749999956e-01 -1.561942871093749963e+00 -3.986816406250000000e+00 1.013183593750000000e+00 -2.355957031250000000e+00 -4.675292968750000000e+00 1.185058593750000000e+00
1.375341796875000078e-01 7.142333984375000000e-01 5.534277343750000355e-01 6.288085937500001443e-02 9.892871093749999734e-01 -8.590991210937499734e-01 1.481933593750000000e+00 -8.056640625000000000e-02 3.112792968750000000e+00 3.605957031250000000e+00 1.716308593750000000e+00
3.275341796874999822e-01 9.642333984375000000e-01 7.334277343749999734e-01 4.288085937500000361e-02 8.892871093749999956e-01 -1.692099121093749936e+00 -3.518066406250000000e+00 4.919433593750000000e+00 -1.887207031250000000e+00 -1.394042968750000000e+00 7.163085937500000000e-01
4.225341796875000111e-01 5.892333984375000000e-01 8.234277343750000533e-01 5.288085937500000555e-02 9.392871093750000400e-01 -4.425991210937501030e-01 -1.018066406250000000e+00 -2.580566406250000000e+00 6.127929687500000000e-01 -3.894042968750000000e+00 1.216308593750000000e+00
2.325341796875000089e-01 8.392333984375000000e-01 6.434277343750000044e-01 3.288085937500000167e-02 1.039287109375000018e+00 -1.275599121093750066e+00 3.981933593750000000e+00 2.419433593750000000e+00 -4.387207031250000000e+00 1.105957031250000000e+00 2.163085937500000000e-01
2.800341796874999956e-01 5.267333984375000000e-01 7.784277343750000133e-01 6.788085937500000500e-02 9.642871093750000622e-01 -1.483849121093749890e+00 2.319335937500000000e-01 3.669433593750000000e+00 4.362792968750000000e+00 -2.644042968750000000e+00 1.466308593750000000e+00
4.700341796874999978e-01 7.767333984375000000e-01 5.984277343750000755e-01 4.788085937500000111e-02 1.064287109375000151e+00 -6.508491210937501492e-01 -4.768066406250000000e+00 -1.330566406250000000e+00 -6.372070312500000000e-01 2.355957031250000000e+00 4.663085937500000000e-01
3.750341796875000244e-01 6.517333984375000000e-01 6.884277343750000444e-01 5.788085937500000305e-02 1.014287109375000107e+00 -1.900349121093749982e+00 -2.268066406250000000e+00 1.169433593750000000e+00 1.862792968750000000e+00 4.855957031250000000e+00 1.966308593750000000e+00
1.850341796874999944e-01 9.017333984375000000e-01 8.684277343749999822e-01 3.788085937499999917e-02 9.142871093750000178e-01 -1.067349121093750020e+00 2.731933593750000000e+00 -3.830566406250000000e+00 -3.137207031250000000e+00 -1.440429687500000000e-01 9.663085937500000000e-01
2.087841796875000155e-01 6.204833984375000000e-01 6.659277343750000799e-01 4.538085937499999889e-02 8.767871093750000400e-01 -9.632241210937499964e-01 2.106933593750000000e+00 5.444335937500000000e-01 4.987792968750000000e+00 2.980957031250000000e+00 8.413085937500000000e-01
3.987841796875000178e-01 8.704833984375000000e-01 8.459277343750000178e-01 6.538085937500000278e-02 9.767871093750000178e-01 -1.796224121093749959e+00 -2.893066406250000000e+00 -4.455566406250000000e+00 -1.220703125000000000e-02 -2.019042968750000000e+00 1.841308593750000000e+00
4.937841796874999911e-01 7.454833984375000000e-01 7.559277343750000488e-01 3.538085937499999695e-02 1.026787109375000062e+00 -5.467241210937501261e-01 -3.930664062500000000e-01 3.044433593750000000e+00 2.487792968750000000e+00 -4.519042968750000000e+00 3.413085937500000000e-01
3.037841796874999889e-01 9.954833984375000000e-01 5.759277343750000000e-01 5.538085937500000777e-02 9.267871093749999734e-01 -1.379724121093750089e+00 4.606933593750000000e+00 -1.955566406250000000e+00 -2.512207031250000000e+00 4.809570312500000000e-01 1.341308593750000000e+00
2.562841796875000022e-01 6.829833984375000000e-01 8.909277343750000577e-01 4.038085937500000139e-02 1.051787109374999973e+00 -1.171474121093750043e+00 8.569335937500000000e-01 -3.205566406250000000e+00 3.737792968750000000e+00 -3.269042968750000000e+00 9.130859375000000000e-02
4.462841796875000044e-01 9.329833984375000000e-01 7.109277343750000089e-01 6.038085937500000527e-02 9.517871093749999956e-01 -3.384741210937500799e-01 -4.143066406250000000e+00 1.794433593750000000e+00 -1.262207031250000000e+00 1.730957031250000000e+00 1.091308593750000000e+00
3.512841796875000311e-01 5.579833984375000000e-01 6.209277343750000400e-01 3.038085937499999944e-02 9.017871093750000622e-01 -1.587974121093750135e+00 -1.643066406250000000e+00 -7.055664062500000000e-01 1.237792968750000000e+00 4.230957031250000000e+00 5.913085937500000000e-01
1.612841796875000011e-01 8.079833984375000000e-01 8.009277343750000888e-01 5.038085937500000333e-02 1.001787109374999929e+00 -7.549741210937499503e-01 3.356933593750000000e+00 4.294433593750000000e+00 -3.762207031250000000e+00 -7.690429687500000000e-01 1.591308593750000000e+00
1.494091796875000044e-01 5.423583984375000000e-01 8.571777343750000000e-01 5.913085937500000416e-02 1.033037109374999929e+00 -3.905366210937499805e-01 -3.205566406250000000e+00 1.481933593750000000e+00 -4.699707031250000000e+00 2.043457031250000000e+00 1.403808593750000000e+00
3.394091796875000067e-01 7.923583984375000000e-01 6.771777343750000622e-01 3.913085937500000028e-02 9.330371093750000622e-01 -1.223536621093749943e+00 1.794433593750000000e+00 -3.518066406250000000e+00 3.002929687500000000e-01 -2.956542968750000000e+00 4.038085937500000000e-01
4.344091796874999800e-01 6.673583984375000000e-01 5.871777343750000933e-01 6.913085937500000611e-02 8.830371093750000178e-01 -8.070366210937500728e-01 4.294433593750000000e+00 3.981933593750000000e+00 -2.199707031250000000e+00 -4.565429687500000000e-01 1.903808593750000000e+00
2.444091796874999778e-01 9.173583984375000000e-01 7.671777343750000311e-01 4.913085937500000222e-02 9.830371093749999956e-01 -1.640036621093750036e+00 -7.055664062500000000e-01 -1.018066406250000000e+00 2.800292968750000000e+00 4.543457031250000000e+00 9.038085937500000000e-01
2.919091796874999645e-01 7.298583984375000000e-01 7.221777343749999911e-01 5.413085937500000666e-02 9.080371093750000400e-01 -1.848286621093750082e+00 -4.455566406250000000e+00 -4.768066406250000000e+00 -3.449707031250000000e+00 -1.706542968750000000e+00 1.653808593750000000e+00
4.819091796875000222e-01 9.798583984375000000e-01 9.021777343750000400e-01 3.413085937500000278e-02 1.008037109375000018e+00 -1.015286621093749897e+00 5.444335937500000000e-01 2.319335937500000000e-01 1.550292968750000000e+00 3.293457031250000000e+00 6.538085937500000000e-01
3.869091796874999933e-01 6.048583984375000000e-01 8.121777343750000711e-01 6.413085937500001554e-02 1.058037109375000062e+00 -1.431786621093749989e+00 3.044433593750000000e+00 -2.268066406250000000e+00 -9.497070312500000000e-01 7.934570312500000000e-01 1.153808593750000000e+00
1.969091796874999911e-01 8.548583984375000000e-01 6.321777343750000222e-01 4.413085937499999778e-02 9.580371093749999734e-01 -5.987866210937500266e-01 -1.955566406250000000e+00 2.731933593750000000e+00 4.050292968750000000e+00 -4.206542968750000000e+00 1.538085937500000000e-01
1.731591796874999978e-01 6.361083984375000000e-01 7.446777343750000666e-01 3.163085937500000056e-02 9.205371093749999956e-01 -7.029116210937500497e-01 -2.580566406250000000e+00 -1.643066406250000000e+00 -2.824707031250000000e+00 1.418457031250000000e+00 2.880859375000000000e-02
3.631591796875000000e-01 8.861083984375000000e-01 5.646777343750000178e-01 5.163085937500000444e-02 1.020537109374999973e+00 -1.535911621093750012e+00 2.419433593750000000e+00 3.356933593750000000e+00 2.175292968750000000e+00 -3.581542968750000000e+00 1.028808593750000000e+00
4.581591796874999734e-01 5.111083984375000000e-01 6.546777343750000977e-01 4.163085937500000250e-02 9.705371093750000400e-01 -1.119411621093750142e+00 4.919433593750000000e+00 -4.143066406250000000e+00 -3.247070312500000000e-01 -1.081542968750000000e+00 5.288085937500000000e-01
2.681591796875000266e-01 7.611083984375000000e-01 8.346777343750000355e-01 6.163085937500000638e-02 8.705371093749999512e-01 -1.952411621093750105e+00 -8.056640625000000000e-02 8.569335937500000000e-01 4.675292968750000000e+00 3.918457031250000000e+00 1.528808593750000000e+00
2.206591796874999845e-01 5.736083984375000000e-01 6.096777343750000577e-01 3.663085937499999806e-02 9.955371093750000622e-01 -1.744161621093750059e+00 -3.830566406250000000e+00 4.606933593750000000e+00 -4.074707031250000000e+00 -2.331542968750000000e+00 7.788085937500000000e-01
4.106591796874999867e-01 8.236083984375000000e-01 7.896777343749999956e-01 5.663085937500000888e-02 8.955371093749999734e-01 -9.111616210937500959e-01 1.169433593750000000e+00 -3.930664062500000000e-01 9.252929687500000000e-01 2.668457031250000000e+00 1.778808593750000000e+00
3.156591796875000133e-01 6.986083984375000000e-01 8.796777343749999645e-01 4.663085937500000000e-02 9.455371093750000178e-01 -1.327661621093750188e+00 3.669433593750000000e+00 2.106933593750000000e+00 -1.574707031250000000e+00 1.684570312500000000e-01 2.788085937500000000e-01
1.256591796874999833e-01 9.486083984375000000e-01 6.996777343750000266e-01 6.663085937500000389e-02 1.045537109375000107e+00 -4.946616210937500036e-01 -1.330566406250000000e+00 -2.893066406250000000e+00 3.425292968750000000e+00 -4.831542968750000000e+00 1.278808593750000000e+00
1.241748046875000011e-01 5.521240234375000000e-01 6.026464843750000133e-01 4.897460937500000555e-02 9.556933593749999956e-01 -7.614819335937501599e-01 4.411621093750000000e+00 -3.791503906250000000e+00 3.698730468750000000e+00 -3.854980468750000000e+00 1.630371093750000000e+00
3.141748046875000311e-01 8.021240234375000000e-01 7.826464843750000622e-01 6.897460937500000944e-02 1.055693359374999973e+00 -1.594481933593749901e+00 -5.883789062500000000e-01 1.208496093750000000e+00 -1.301269531250000000e+00 1.145019531250000000e+00 6.303710937500000000e-01
4.091748046875000044e-01 6.771240234375000000e-01 8.726464843750000311e-01 3.897460937499999667e-02 1.005693359374999929e+00 -3.449819335937500675e-01 -3.088378906250000000e+00 -1.291503906250000000e+00 1.198730468750000000e+00 3.645019531250000000e+00 1.130371093750000000e+00
2.191748046875000022e-01 9.271240234375000000e-01 6.926464843749999822e-01 5.897460937500000056e-02 9.056933593750000622e-01 -1.177981933593750030e+00 1.911621093750000000e+00 3.708496093750000000e+00 -3.801269531250000000e+00 -1.354980468750000000e+00 1.303710937500000000e-01
2.666748046874999889e-01 7.396240234375000000e-01 7.376464843750000222e-01 4.397460937500000111e-02 9.806933593750000178e-01 -1.386231933593750076e+00 3.161621093750000000e+00 2.458496093750000000e+00 4.948730468750000000e+00 4.895019531250000000e+00 1.380371093750000000e+00
4.566748046874999911e-01 9.896240234375000000e-01 5.576464843750000844e-01 6.397460937500000500e-02 8.806933593750000400e-01 -5.532319335937501137e-01 -1.838378906250000000e+00 -2.541503906250000000e+00 -5.126953125000000000e-02 -1.049804687500000000e-01 3.803710937500000000e-01
3.616748046875000178e-01 6.146240234375000000e-01 6.476464843750000533e-01 3.397460937499999917e-02 9.306933593749999734e-01 -1.802731933593749947e+00 -4.338378906250000000e+00 4.958496093750000000e+00 2.448730468750000000e+00 -2.604980468750000000e+00 1.880371093750000000e+00
1.716748046874999878e-01 8.646240234375000000e-01 8.276464843749999911e-01 5.397460937500000305e-02 1.030693359375000062e+00 -9.697319335937499840e-01 6.616210937500000000e-01 -4.150390625000000000e-02 -2.551269531250000000e+00 2.395019531250000000e+00 8.803710937500000000e-01
1.954248046875000089e-01 6.458740234375000000e-01 7.151464843750000577e-01 6.147460937500000278e-02 1.068193359375000151e+00 -1.073856933593750007e+00 3.786621093750000000e+00 4.333496093750000000e+00 4.323730468750000000e+00 -4.479980468750000000e+00 7.553710937500000000e-01
3.854248046875000111e-01 8.958740234375000000e-01 8.951464843750001066e-01 4.147460937499999889e-02 9.681933593750000622e-01 -1.906856933593749970e+00 -1.213378906250000000e+00 -6.665039062500000000e-01 -6.762695312500000000e-01 5.200195312500000000e-01 1.755371093750000000e+00
4.804248046874999845e-01 5.208740234375000000e-01 8.051464843750000266e-01 5.147460937500000777e-02 9.181933593750000178e-01 -6.573569335937501368e-01 -3.713378906250000000e+00 1.833496093750000000e+00 1.823730468750000000e+00 3.020019531250000000e+00 2.553710937500000000e-01
2.904248046874999822e-01 7.708740234375000000e-01 6.251464843750000888e-01 3.147460937499999695e-02 1.018193359375000107e+00 -1.490356933593750099e+00 1.286621093750000000e+00 -3.166503906250000000e+00 -3.176269531250000000e+00 -1.979980468750000000e+00 1.255371093750000000e+00
2.429248046874999956e-01 5.833740234375000000e-01 8.501464843749999556e-01 6.647460937500000722e-02 8.931933593749999956e-01 -1.282106933593750053e+00 2.536621093750000000e+00 -1.916503906250000000e+00 3.073730468750000000e+00 4.270019531250000000e+00 5.371093750000000000e-03
4.329248046874999978e-01 8.333740234375000000e-01 6.701464843750000178e-01 4.647460937500000333e-02 9.931933593750000844e-01 -4.491069335937500906e-01 -2.463378906250000000e+00 3.083496093750000000e+00 -1.926269531250000000e+00 -7.299804687500000000e-01 1.005371093750000000e+00
3.379248046874999689e-01 7.083740234375000000e-01 5.801464843750000488e-01 5.647460937500000527e-02 1.043193359375000018e+00 -1.698606933593750146e+00 -4.963378906250000000e+00 -4.416503906250000000e+00 5.737304687500000000e-01 -3.229980468750000000e+00 5.053710937500000000e-01
1.479248046874999944e-01 9.583740234375000000e-01 7.601464843750000977e-01 3.647460937500000139e-02 9.431933593750000400e-01 -8.656069335937499609e-01 3.662109375000000000e-02 5.834960937500000000e-01 -4.426269531250000000e+00 1.770019531250000000e+00 1.505371093750000000e+00
1.597998046874999911e-01 6.927490234375000000e-01 9.063964843750000888e-01 3.272460937499999806e-02 8.994433593749999734e-01 -5.011694335937499911e-01 -2.758789062500000000e-01 2.770996093750000000e+00 -4.113769531250000000e+00 -4.174804687500000000e-01 1.442871093750000000e+00
3.497998046874999933e-01 9.427490234375000000e-01 7.263964843750000400e-01 5.272460937500000194e-02 9.994433593750000622e-01 -1.334169433593749954e+00 4.724121093750000000e+00 -2.229003906250000000e+00 8.862304687500000000e-01 4.582519531250000000e+00 4.428710937500000000e-01
4.447998046875000222e-01 5.677490234375000000e-01 6.363964843750000711e-01 4.272460937500000000e-02 1.049443359375000107e+00 -9.176694335937500835e-01 2.224121093750000000e+00 2.709960937500000000e-01 -1.613769531250000000e+00 2.082519531250000000e+00 1.942871093750000000e+00
2.547998046874999645e-01 8.177490234375000000e-01 8.163964843750000089e-01 6.272460937500000389e-02 9.494433593750000178e-01 -1.750669433593750046e+00 -2.775878906250000000e+00 -4.729003906250000000e+00 3.386230468750000000e+00 -2.917480468750000000e+00 9.428710937500000000e-01
3.022998046875000067e-01 5.052490234375000000e-01 6.813964843750000000e-01 3.772460937500000250e-02 1.024443359374999973e+00 -1.958919433593750092e+00 -1.525878906250000000e+00 -9.790039062500000000e-01 -2.863769531250000000e+00 8.325195312500000000e-01 1.692871093750000000e+00
4.922998046875000089e-01 7.552490234375000000e-01 8.613964843750000488e-01 5.772460937499999944e-02 9.244433593749999956e-01 -1.125919433593749908e+00 3.474121093750000000e+00 4.020996093750000000e+00 2.136230468750000000e+00 -4.167480468750000000e+00 6.928710937500000000e-01
3.972998046874999800e-01 6.302490234375000000e-01 7.713964843750000799e-01 4.772460937500000444e-02 8.744433593749999512e-01 -1.542419433593750000e+00 9.741210937500000000e-01 -3.479003906250000000e+00 -3.637695312500000000e-01 -1.667480468750000000e+00 1.192871093750000000e+00
2.072998046874999778e-01 8.802490234375000000e-01 5.913964843750000311e-01 6.772460937500000833e-02 9.744433593750000400e-01 -7.094194335937500373e-01 -4.025878906250000000e+00 1.520996093750000000e+00 4.636230468750000000e+00 3.332519531250000000e+00 1.928710937500000000e-01
1.835498046874999845e-01 5.989990234375000000e-01 7.938964843750000444e-01 5.522460937500000416e-02 1.011943359375000018e+00 -6.052944335937500142e-01 -9.008789062500000000e-01 -2.854003906250000000e+00 -3.488769531250000000e+00 -1.042480468750000000e+00 6.787109375000000000e-02
3.735498046874999867e-01 8.489990234375000000e-01 6.138964843749999956e-01 3.522460937500000028e-02 9.119433593750000400e-01 -1.438294433593749977e+00 4.099121093750000000e+00 2.145996093750000000e+00 1.511230468750000000e+00 3.957519531250000000e+00 1.067871093750000000e+00
4.685498046875000155e-01 7.239990234375000000e-01 7.038964843750000755e-01 6.522460937500000611e-02 9.619433593749999734e-01 -1.021794433593750107e+00 1.599121093750000000e+00 -3.540039062500000000e-01 -9.887695312500000000e-01 1.457519531250000000e+00 5.678710937500000000e-01
2.785498046875000133e-01 9.739990234375000000e-01 8.838964843750000133e-01 4.522460937500000222e-02 1.061943359375000062e+00 -1.854794433593750069e+00 -3.400878906250000000e+00 4.645996093750000000e+00 4.011230468750000000e+00 -3.542480468750000000e+00 1.567871093750000000e+00
2.310498046874999989e-01 6.614990234375000000e-01 5.688964843750000666e-01 5.022460937500000666e-02 9.369433593750000622e-01 -1.646544433593750023e+00 -2.150878906250000000e+00 8.959960937500000000e-01 -4.738769531250000000e+00 2.075195312500000000e-01 8.178710937500000000e-01
4.210498046874999734e-01 9.114990234375000000e-01 7.488964843750000044e-01 3.022460937499999931e-02 1.036943359374999929e+00 -8.135444335937500604e-01 2.849121093750000000e+00 -4.104003906250000000e+00 2.612304687500000000e-01 -4.792480468750000000e+00 1.817871093750000000e+00
3.260498046875000000e-01 5.364990234375000000e-01 8.388964843749999734e-01 6.022460937500000167e-02 9.869433593749999956e-01 -1.230044433593750153e+00 3.491210937500000000e-01 3.395996093750000000e+00 -2.238769531250000000e+00 -2.292480468750000000e+00 3.178710937500000000e-01
1.360498046874999978e-01 7.864990234375000000e-01 6.588964843750000355e-01 4.022460937499999778e-02 8.869433593750000178e-01 -3.970444335937499680e-01 -4.650878906250000000e+00 -1.604003906250000000e+00 2.761230468750000000e+00 2.707519531250000000e+00 1.317871093750000000e+00
1.419873046874999822e-01 6.849365234375000000e-01 8.107714843750000178e-01 6.709960937500000777e-02 1.040068359374999973e+00 -1.828763183593749897e+00 2.067871093750000000e+00 1.989746093750000000e+00 -2.082519531250000000e+00 -4.323730468750000000e+00 1.786621093750000000e+00
3.319873046874999845e-01 9.349365234375000000e-01 6.307714843750000799e-01 4.709960937500000389e-02 9.400683593749999956e-01 -9.957631835937499343e-01 -2.932128906250000000e+00 -3.010253906250000000e+00 2.917480468750000000e+00 6.762695312500000000e-01 7.866210937500000000e-01
4.269873046875000133e-01 5.599365234375000000e-01 7.207714843750000488e-01 5.709960937500000583e-02 8.900683593749999512e-01 -1.412263183593750027e+00 -4.321289062500000000e-01 4.489746093750000000e+00 -4.582519531250000000e+00 3.176269531250000000e+00 1.286621093750000000e+00
2.369873046875000111e-01 8.099365234375000000e-01 9.007714843750000977e-01 3.709960937500000194e-02 9.900683593750000400e-01 -5.792631835937500639e-01 4.567871093750000000e+00 -5.102539062500000000e-01 4.174804687500000000e-01 -1.823730468750000000e+00 2.866210937500000000e-01
2.844873046874999978e-01 6.224365234375000000e-01 5.857714843750000400e-01 6.209960937500000333e-02 9.150683593749999734e-01 -3.710131835937500178e-01 8.178710937500000000e-01 -4.260253906250000000e+00 -8.325195312500000000e-01 4.426269531250000000e+00 1.036621093750000000e+00
4.744873046875000000e-01 8.724365234375000000e-01 7.657714843750000888e-01 4.209960937499999944e-02 1.015068359375000062e+00 -1.204013183593749980e+00 -4.182128906250000000e+00 7.397460937500000000e-01 4.167480468750000000e+00 -5.737304687500000000e-01 3.662109375000000000e-02
3.794873046874999711e-01 7.474365234375000000e-01 8.557714843750000577e-01 5.209960937500000833e-02 1.065068359375000107e+00 -7.875131835937501101e-01 -1.682128906250000000e+00 -1.760253906250000000e+00 -3.332519531250000000e+00 -3.073730468750000000e+00 1.536621093750000000e+00
1.894873046874999967e-01 9.974365234375000000e-01 6.757714843750000089e-01 3.209960937499999750e-02 9.650683593750000178e-01 -1.620513183593750073e+00 3.317871093750000000e+00 3.239746093750000000e+00 1.667480468750000000e+00 1.926269531250000000e+00 5.366210937500000000e-01
2.132373046874999900e-01 5.286865234375000000e-01 8.782714843750000222e-01 4.459960937500000167e-02 9.275683593750000400e-01 -1.724638183593750096e+00 1.442871093750000000e+00 -2.385253906250000000e+00 -2.075195312500000000e-01 -4.948730468750000000e+00 6.616210937500000000e-01
4.032373046875000200e-01 7.786865234375000000e-01 6.982714843749999734e-01 6.459960937500000555e-02 1.027568359375000018e+00 -8.916381835937501332e-01 -3.557128906250000000e+00 2.614746093750000000e+00 4.792480468750000000e+00 5.126953125000000000e-02 1.661621093750000000e+00
4.982373046874999933e-01 6.536865234375000000e-01 6.082714843750000044e-01 3.459960937499999972e-02 9.775683593749999734e-01 -1.308138183593750004e+00 -1.057128906250000000e+00 -4.885253906250000000e+00 -2.707519531250000000e+00 2.551269531250000000e+00 1.616210937500000000e-01
3.082373046874999911e-01 9.036865234375000000e-01 7.882714843750000533e-01 5.459960937500000361e-02 8.775683593749999956e-01 -4.751381835937500409e-01 3.942871093750000000e+00 1.147460937500000000e-01 2.292480468750000000e+00 -2.448730468750000000e+00 1.161621093750000000e+00
2.607373046875000044e-01 7.161865234375000000e-01 6.532714843750000444e-01 4.959960937500000611e-02 1.002568359375000107e+00 -6.833881835937500870e-01 1.928710937500000000e-01 3.864746093750000000e+00 -1.457519531250000000e+00 3.801269531250000000e+00 4.116210937500000000e-01
4.507373046875000067e-01 9.661865234375000000e-01 8.332714843749999822e-01 6.959960937500000999e-02 9.025683593750000178e-01 -1.516388183593750050e+00 -4.807128906250000000e+00 -1.135253906250000000e+00 3.542480468750000000e+00 -1.198730468750000000e+00 1.411621093750000000e+00
3.557373046874999778e-01 5.911865234375000000e-01 7.432714843750000133e-01 3.959960937499999722e-02 9.525683593750000622e-01 -1.099888183593749957e+00 -2.307128906250000000e+00 1.364746093750000000e+00 -3.957519531250000000e+00 -3.698730468750000000e+00 9.116210937500000000e-01
1.657373046875000033e-01 8.411865234375000000e-01 5.632714843750000755e-01 5.959960937500000111e-02 1.052568359375000151e+00 -1.932888183593749920e+00 2.692871093750000000e+00 -3.635253906250000000e+00 1.042480468750000000e+00 1.301269531250000000e+00 1.911621093750000000e+00
1.538623046875000067e-01 5.755615234375000000e-01 6.870214843749999911e-01 5.084960937500000722e-02 9.838183593750000622e-01 -1.568450683593749950e+00 -2.619628906250000000e+00 -8.227539062500000000e-01 1.049804687500000000e-01 -2.612304687500000000e-01 1.099121093750000000e+00
3.438623046875000089e-01 8.255615234375000000e-01 8.670214843750000400e-01 3.084960937499999986e-02 8.838183593749999734e-01 -7.354506835937499876e-01 2.380371093750000000e+00 4.177246093750000000e+00 -4.895019531250000000e+00 4.738769531250000000e+00 9.912109375000000000e-02
4.388623046874999822e-01 7.005615234375000000e-01 7.770214843750000711e-01 6.084960937500000222e-02 9.338183593750000178e-01 -1.984950683593750043e+00 4.880371093750000000e+00 -3.322753906250000000e+00 2.604980468750000000e+00 2.238769531250000000e+00 1.599121093750000000e+00
2.488623046875000078e-01 9.505615234375000000e-01 5.970214843750000222e-01 4.084960937499999833e-02 1.033818359375000107e+00 -1.151950683593750080e+00 -1.196289062500000000e-01 1.677246093750000000e+00 -2.395019531250000000e+00 -2.761230468750000000e+00 5.991210937500000000e-01
2.963623046875000222e-01 6.380615234375000000e-01 8.220214843750000000e-01 5.584960937500000472e-02 9.588183593750000400e-01 -9.437006835937500338e-01 -3.869628906250000000e+00 2.927246093750000000e+00 1.354980468750000000e+00 9.887695312500000000e-01 1.849121093750000000e+00
4.863623046875000244e-01 8.880615234375000000e-01 6.420214843750000622e-01 3.584960937500000083e-02 1.058818359375000018e+00 -1.776700683593749996e+00 1.130371093750000000e+00 -2.072753906250000000e+00 -3.645019531250000000e+00 -4.011230468750000000e+00 8.491210937500000000e-01
3.913623046874999956e-01 5.130615234375000000e-01 5.520214843750000933e-01 6.584960937500000666e-02 1.008818359374999973e+00 -5.272006835937501634e-01 3.630371093750000000e+00 4.272460937500000000e-01 3.854980468750000000e+00 -1.511230468750000000e+00 1.349121093750000000e+00
2.013623046874999933e-01 7.630615234375000000e-01 7.320214843750000311e-01 4.584960937500000278e-02 9.088183593749999956e-01 -1.360200683593749904e+00 -1.369628906250000000e+00 -4.572753906250000000e+00 -1.145019531250000000e+00 3.488769531250000000e+00 3.491210937500000000e-01
1.776123046875000000e-01 7.318115234375000000e-01 6.195214843750000977e-01 3.834960937500000305e-02 8.713183593750000178e-01 -1.256075683593750103e+00 -3.244628906250000000e+00 1.052246093750000000e+00 1.979980468750000000e+00 -8.862304687500000000e-01 4.741210937500000000e-01
3.676123046875000022e-01 9.818115234375000000e-01 7.995214843750000355e-01 5.834960937500000000e-02 9.713183593749999956e-01 -4.230756835937501403e-01 1.755371093750000000e+00 -3.947753906250000000e+00 -3.020019531250000000e+00 4.113769531250000000e+00 1.474121093750000000e+00
4.626123046874999756e-01 6.068115234375000000e-01 8.895214843750000044e-01 4.834960937500000500e-02 1.021318359374999929e+00 -1.672575683593749973e+00 4.255371093750000000e+00 3.552246093750000000e+00 4.479980468750000000e+00 1.613769531250000000e+00 9.741210937500000000e-01
2.726123046874999734e-01 8.568115234375000000e-01 7.095214843750000666e-01 6.834960937500000888e-02 9.213183593750000622e-01 -8.395756835937500107e-01 -7.446289062500000000e-01 -1.447753906250000000e+00 -5.200195312500000000e-01 -3.386230468750000000e+00 1.974121093750000000e+00
2.251123046874999867e-01 5.443115234375000000e-01 7.545214843749999956e-01 3.334960937499999861e-02 1.046318359375000062e+00 -1.047825683593750057e+00 -4.494628906250000000e+00 -2.697753906250000000e+00 7.299804687500000000e-01 3.637695312500000000e-01 7.241210937500000000e-01
4.151123046874999889e-01 7.943115234375000000e-01 5.745214843750000577e-01 5.334960937500000250e-02 9.463183593749999734e-01 -1.880825683593750020e+00 5.053710937500000000e-01 2.302246093750000000e+00 -4.270019531250000000e+00 -4.636230468750000000e+00 1.724121093750000000e+00
3.201123046874999600e-01 6.693115234375000000e-01 6.645214843750000266e-01 4.334960937500000056e-02 8.963183593750000400e-01 -6.313256835937499645e-01 3.005371093750000000e+00 -1.977539062500000000e-01 3.229980468750000000e+00 -2.136230468750000000e+00 2.241210937500000000e-01
1.301123046874999856e-01 9.193115234375000000e-01 8.445214843749999645e-01 6.334960937500000444e-02 9.963183593750000178e-01 -1.464325683593750149e+00 -1.994628906250000000e+00 4.802246093750000000e+00 -1.770019531250000000e+00 2.863769531250000000e+00 1.224121093750000000e+00
1.271435546874999933e-01 7.435302734375000000e-01 6.729589843750000133e-01 5.866210937500000722e-02 9.416308593750000178e-01 -1.373216308593749879e+00 8.959960937500000000e-01 1.755371093750000000e+00 3.776855468750000000e+00 -2.370605468750000000e+00 9.897460937500000000e-01
3.171435546874999956e-01 9.935302734375000000e-01 8.529589843750000622e-01 3.866210937500000333e-02 1.041630859375000107e+00 -5.402163085937501386e-01 -4.104003906250000000e+00 -3.244628906250000000e+00 -1.223144531250000000e+00 2.629394531250000000e+00 1.989746093750000000e+00
4.121435546875000244e-01 6.185302734375000000e-01 7.629589843749999822e-01 6.866210937500000222e-02 9.916308593750000622e-01 -1.789716308593749972e+00 -1.604003906250000000e+00 4.255371093750000000e+00 1.276855468750000000e+00 1.293945312500000000e-01 4.897460937500000000e-01
2.221435546874999944e-01 8.685302734375000000e-01 5.829589843750000444e-01 4.866210937499999833e-02 8.916308593749999734e-01 -9.567163085937500089e-01 3.395996093750000000e+00 -7.446289062500000000e-01 -3.723144531250000000e+00 -4.870605468750000000e+00 1.489746093750000000e+00
2.696435546875000089e-01 5.560302734375000000e-01 8.979589843749999911e-01 5.366210937500000278e-02 1.016630859374999973e+00 -1.164966308593750055e+00 2.145996093750000000e+00 -4.494628906250000000e+00 2.526855468750000000e+00 1.379394531250000000e+00 2.397460937500000000e-01
4.596435546875000111e-01 8.060302734375000000e-01 7.179589843750000533e-01 3.366210937499999889e-02 9.166308593749999956e-01 -1.997966308593750018e+00 -2.854003906250000000e+00 5.053710937500000000e-01 -2.473144531250000000e+00 -3.620605468750000000e+00 1.239746093750000000e+00
3.646435546874999822e-01 6.810302734375000000e-01 6.279589843750000844e-01 6.366210937499999778e-02 9.666308593750000400e-01 -7.484663085937499627e-01 -3.540039062500000000e-01 -1.994628906250000000e+00 2.685546875000000000e-02 -1.120605468750000000e+00 7.397460937500000000e-01
1.746435546874999800e-01 9.310302734375000000e-01 8.079589843750000222e-01 4.366210937500000083e-02 1.066630859375000018e+00 -1.581466308593749925e+00 4.645996093750000000e+00 3.005371093750000000e+00 -4.973144531250000000e+00 3.879394531250000000e+00 1.739746093750000000e+00
1.983935546875000011e-01 5.872802734375000000e-01 5.604589843750000799e-01 3.116210937500000014e-02 1.029130859374999929e+00 -1.477341308593750124e+00 2.709960937500000000e-01 -1.369628906250000000e+00 3.151855468750000000e+00 -1.745605468750000000e+00 1.614746093750000000e+00
3.883935546874999756e-01 8.372802734375000000e-01 7.404589843750000178e-01 5.116210937500000056e-02 9.291308593750000622e-01 -6.443413085937501616e-01 -4.729003906250000000e+00 3.630371093750000000e+00 -1.848144531250000000e+00 3.254394531250000000e+00 6.147460937500000000e-01
4.833935546875000044e-01 7.122802734375000000e-01 8.304589843750000977e-01 4.116210937499999861e-02 8.791308593750000178e-01 -1.893841308593749995e+00 -2.229003906250000000e+00 -3.869628906250000000e+00 6.518554687500000000e-01 7.543945312500000000e-01 1.114746093750000000e+00
2.933935546875000022e-01 9.622802734375000000e-01 6.504589843750000488e-01 6.116210937500000944e-02 9.791308593749999956e-01 -1.060841308593750032e+00 2.770996093750000000e+00 1.130371093750000000e+00 -4.348144531250000000e+00 -4.245605468750000000e+00 1.147460937500000000e-01
2.458935546874999878e-01 6.497802734375000000e-01 7.854589843750000577e-01 3.616210937500000111e-02 9.041308593750000400e-01 -8.525913085937499858e-01 1.520996093750000000e+00 4.880371093750000000e+00 4.401855468750000000e+00 2.004394531250000000e+00 1.364746093750000000e+00
4.358935546875000178e-01 8.997802734375000000e-01 6.054589843750000089e-01 5.616210937500000500e-02 1.004130859375000018e+00 -1.685591308593749948e+00 -3.479003906250000000e+00 -1.196289062500000000e-01 -5.981445312500000000e-01 -2.995605468750000000e+00 3.647460937500000000e-01
3.408935546874999889e-01 5.247802734375000000e-01 6.954589843750000888e-01 4.616210937500000305e-02 1.054130859375000062e+00 -4.360913085937501155e-01 -9.790039062500000000e-01 2.380371093750000000e+00 1.901855468750000000e+00 -4.956054687500000000e-01 1.864746093750000000e+00
1.508935546874999867e-01 7.747802734375000000e-01 8.754589843750000266e-01 6.616210937500000000e-02 9.541308593749999734e-01 -1.269091308593750078e+00 4.020996093750000000e+00 -2.619628906250000000e+00 -3.098144531250000000e+00 4.504394531250000000e+00 8.647460937500000000e-01
1.627685546875000111e-01 5.091552734375000000e-01 7.517089843750000000e-01 6.491210937499999889e-02 8.853808593749999956e-01 -1.633528808593750048e+00 -3.791503906250000000e+00 -4.321289062500000000e-01 -3.410644531250000000e+00 -3.308105468750000000e+00 1.772460937500000000e-01
3.527685546875000133e-01 7.591552734375000000e-01 5.717089843750000622e-01 4.491210937500000194e-02 9.853808593749999734e-01 -8.005288085937500853e-01 1.208496093750000000e+00 4.567871093750000000e+00 1.589355468750000000e+00 1.691894531250000000e+00 1.177246093750000000e+00
4.477685546874999867e-01 6.341552734375000000e-01 6.617089843750000311e-01 5.491210937500000389e-02 1.035380859375000018e+00 -1.217028808593750178e+00 3.708496093750000000e+00 -2.932128906250000000e+00 -9.106445312500000000e-01 4.191894531250000000e+00 6.772460937500000000e-01
2.577685546874999845e-01 8.841552734375000000e-01 8.417089843750000799e-01 3.491210937500000000e-02 9.353808593750000400e-01 -3.840288085937499929e-01 -1.291503906250000000e+00 2.067871093750000000e+00 4.089355468750000000e+00 -8.081054687500000000e-01 1.677246093750000000e+00
3.052685546875000266e-01 6.966552734375000000e-01 6.167089843749999911e-01 6.991210937500000333e-02 1.060380859375000151e+00 -5.922788085937500391e-01 -2.541503906250000000e+00 3.317871093750000000e+00 -4.660644531250000000e+00 2.941894531250000000e+00 9.272460937500000000e-01
4.952685546874999734e-01 9.466552734375000000e-01 7.967089843750000400e-01 4.991210937499999944e-02 9.603808593750000622e-01 -1.425278808593750002e+00 2.458496093750000000e+00 -1.682128906250000000e+00 3.393554687500000000e-01 -2.058105468750000000e+00 1.927246093750000000e+00
4.002685546875000000e-01 5.716552734375000000e-01 8.867089843750000089e-01 5.991210937500000833e-02 9.103808593750000178e-01 -1.008778808593750131e+00 4.958496093750000000e+00 8.178710937500000000e-01 -2.160644531250000000e+00 -4.558105468750000000e+00 4.272460937500000000e-01
2.102685546874999978e-01 8.216552734375000000e-01 7.067089843750000711e-01 3.991210937500000444e-02 1.010380859375000107e+00 -1.841778808593750094e+00 -4.150390625000000000e-02 -4.182128906250000000e+00 2.839355468750000000e+00 4.418945312500000000e-01 1.427246093750000000e+00
1.865185546875000044e-01 6.654052734375000000e-01 8.642089843750000444e-01 4.741210937499999722e-02 9.728808593750000178e-01 -1.945903808593749895e+00 -4.416503906250000000e+00 1.928710937500000000e-01 -4.035644531250000000e+00 -2.683105468750000000e+00 1.302246093750000000e+00
3.765185546875000067e-01 9.154052734375000000e-01 6.842089843750001066e-01 6.741210937500000111e-02 8.728808593750000400e-01 -1.112903808593749932e+00 5.834960937500000000e-01 -4.807128906250000000e+00 9.643554687500000000e-01 2.316894531250000000e+00 3.022460937500000000e-01
4.715185546874999800e-01 5.404052734375000000e-01 5.942089843750000266e-01 3.741210937500000222e-02 9.228808593749999734e-01 -1.529403808593750025e+00 3.083496093750000000e+00 2.692871093750000000e+00 -1.535644531250000000e+00 4.816894531250000000e+00 1.802246093750000000e+00
2.815185546874999778e-01 7.904052734375000000e-01 7.742089843750000755e-01 5.741210937500000611e-02 1.022880859375000062e+00 -6.964038085937500622e-01 -1.916503906250000000e+00 -2.307128906250000000e+00 3.464355468750000000e+00 -1.831054687500000000e-01 8.022460937500000000e-01
2.340185546874999911e-01 6.029052734375000000e-01 7.292089843750000355e-01 4.241210937499999972e-02 9.478808593749999956e-01 -4.881538085937500160e-01 -3.166503906250000000e+00 -3.557128906250000000e+00 -2.785644531250000000e+00 3.566894531250000000e+00 1.552246093750000000e+00
4.240185546874999933e-01 8.529052734375000000e-01 9.092089843749999734e-01 6.241210937500000361e-02 1.047880859374999973e+00 -1.321153808593749979e+00 1.833496093750000000e+00 1.442871093750000000e+00 2.214355468750000000e+00 -1.433105468750000000e+00 5.522460937500000000e-01
3.290185546874999645e-01 7.279052734375000000e-01 8.192089843750001155e-01 3.241210937499999778e-02 9.978808593750000400e-01 -9.046538085937501084e-01 4.333496093750000000e+00 -1.057128906250000000e+00 -2.856445312500000000e-01 -3.933105468750000000e+00 1.052246093750000000e+00
1.390185546874999900e-01 9.779052734375000000e-01 6.392089843750000666e-01 5.241210937500000167e-02 8.978808593749999512e-01 -1.737653808593750071e+00 -6.665039062500000000e-01 3.942871093750000000e+00 4.714355468750000000e+00 1.066894531250000000e+00 5.224609375000000000e-02
1.330810546875000056e-01 6.107177734375000000e-01 8.360839843750000888e-01 3.553710937500000056e-02 1.057255859375000107e+00 -7.224350585937500124e-01 3.239746093750000000e+00 -4.963378906250000000e+00 -4.418945312500000000e-01 -1.901855468750000000e+00 5.834960937500000000e-01
3.230810546875000355e-01 8.607177734375000000e-01 6.560839843750000400e-01 5.553710937500000444e-02 9.572558593750000178e-01 -1.555435058593749975e+00 -1.760253906250000000e+00 3.662109375000000000e-02 4.558105468750000000e+00 3.098144531250000000e+00 1.583496093750000000e+00
4.180810546875000089e-01 7.357177734375000000e-01 5.660839843750000711e-01 4.553710937500000250e-02 9.072558593749999734e-01 -1.138935058593749883e+00 -4.260253906250000000e+00 -2.463378906250000000e+00 -2.941894531250000000e+00 5.981445312500000000e-01 8.349609375000000000e-02
2.280810546875000067e-01 9.857177734375000000e-01 7.460839843750000089e-01 6.553710937500001332e-02 1.007255859375000062e+00 -1.971935058593750068e+00 7.397460937500000000e-01 2.536621093750000000e+00 2.058105468750000000e+00 -4.401855468750000000e+00 1.083496093750000000e+00
2.755810546874999933e-01 6.732177734375000000e-01 7.010839843750000799e-01 3.053710937499999958e-02 8.822558593749999512e-01 -1.763685058593750021e+00 4.489746093750000000e+00 1.286621093750000000e+00 -1.691894531250000000e+00 1.848144531250000000e+00 3.334960937500000000e-01
4.655810546874999956e-01 9.232177734375000000e-01 8.810839843750000178e-01 5.053710937500000000e-02 9.822558593750000400e-01 -9.306850585937500586e-01 -5.102539062500000000e-01 -3.713378906250000000e+00 3.308105468750000000e+00 -3.151855468750000000e+00 1.333496093750000000e+00
3.705810546875000222e-01 5.482177734375000000e-01 7.910839843750000488e-01 4.053710937500000500e-02 1.032255859374999973e+00 -1.347185058593749929e+00 -3.010253906250000000e+00 3.786621093750000000e+00 -4.191894531250000000e+00 -6.518554687500000000e-01 8.334960937500000000e-01
1.805810546874999922e-01 7.982177734375000000e-01 6.110839843750000000e-01 6.053710937500000888e-02 9.322558593749999956e-01 -5.141850585937499662e-01 1.989746093750000000e+00 -1.213378906250000000e+00 8.081054687500000000e-01 4.348144531250000000e+00 1.833496093750000000e+00
2.043310546875000133e-01 7.044677734375000000e-01 7.685839843749999734e-01 5.303710937500000222e-02 9.697558593749999734e-01 -4.100600585937501652e-01 2.614746093750000000e+00 4.411621093750000000e+00 -2.316894531250000000e+00 -1.276855468750000000e+00 1.958496093750000000e+00
3.943310546875000155e-01 9.544677734375000000e-01 5.885839843750000355e-01 3.303710937499999833e-02 1.069755859375000062e+00 -1.243060058593750128e+00 -2.385253906250000000e+00 -5.883789062500000000e-01 2.683105468750000000e+00 3.723144531250000000e+00 9.584960937500000000e-01
4.893310546874999889e-01 5.794677734375000000e-01 6.785839843750000044e-01 6.303710937500001110e-02 1.019755859375000018e+00 -8.265600585937500355e-01 -4.885253906250000000e+00 1.911621093750000000e+00 -4.816894531250000000e+00 1.223144531250000000e+00 1.458496093750000000e+00
2.993310546874999867e-01 8.294677734375000000e-01 8.585839843750000533e-01 4.303710937500000028e-02 9.197558593750000400e-01 -1.659560058593749998e+00 1.147460937500000000e-01 -3.088378906250000000e+00 1.831054687500000000e-01 -3.776855468750000000e+00 4.584960937500000000e-01
2.518310546875000000e-01 5.169677734375000000e-01 6.335839843750000755e-01 5.803710937500000666e-02 9.947558593749999956e-01 -1.867810058593750044e+00 3.864746093750000000e+00 -1.838378906250000000e+00 -1.066894531250000000e+00 2.473144531250000000e+00 1.208496093750000000e+00
4.418310546875000022e-01 7.669677734375000000e-01 8.135839843750000133e-01 3.803710937500000278e-02 8.947558593750000178e-01 -1.034810058593750082e+00 -1.135253906250000000e+00 3.161621093750000000e+00 3.933105468750000000e+00 -2.526855468750000000e+00 2.084960937500000000e-01
3.468310546874999734e-01 6.419677734375000000e-01 9.035839843749999822e-01 6.803710937500001554e-02 9.447558593750000622e-01 -1.451310058593750174e+00 -3.635253906250000000e+00 -4.338378906250000000e+00 -3.566894531250000000e+00 -2.685546875000000000e-02 1.708496093750000000e+00
1.568310546874999989e-01 8.919677734375000000e-01 7.235839843750000444e-01 4.803710937499999778e-02 1.044755859374999929e+00 -6.183100585937499893e-01 1.364746093750000000e+00 6.616210937500000000e-01 1.433105468750000000e+00 4.973144531250000000e+00 7.084960937500000000e-01
1.449560546875000022e-01 6.263427734375000000e-01 5.773339843750000533e-01 4.178710937499999917e-02 1.001005859374999973e+00 -9.827475585937499591e-01 -1.447753906250000000e+00 3.474121093750000000e+00 2.370605468750000000e+00 -3.464355468750000000e+00 2.709960937500000000e-01
3.349560546875000044e-01 8.763427734375000000e-01 7.573339843749999911e-01 6.178710937500000305e-02 9.010058593749999956e-01 -1.815747558593749922e+00 3.552246093750000000e+00 -1.525878906250000000e+00 -2.629394531250000000e+00 1.535644531250000000e+00 1.270996093750000000e+00
4.299560546874999778e-01 5.013427734375000000e-01 8.473339843750000711e-01 3.178710937499999722e-02 9.510058593750000400e-01 -5.662475585937500888e-01 1.052246093750000000e+00 9.741210937500000000e-01 4.870605468750000000e+00 4.035644531250000000e+00 7.709960937500000000e-01
2.399560546875000033e-01 7.513427734375000000e-01 6.673339843750000222e-01 5.178710937500000111e-02 1.051005859375000018e+00 -1.399247558593750052e+00 -3.947753906250000000e+00 -4.025878906250000000e+00 -1.293945312500000000e-01 -9.643554687500000000e-01 1.770996093750000000e+00
2.874560546875000178e-01 5.638427734375000000e-01 8.023339843750000311e-01 4.678710937500000361e-02 9.260058593750000178e-01 -1.190997558593750005e+00 -1.977539062500000000e-01 -2.758789062500000000e-01 1.120605468750000000e+00 2.785644531250000000e+00 5.209960937500000000e-01
4.774560546875000200e-01 8.138427734375000000e-01 6.223339843749999822e-01 6.678710937500001443e-02 1.026005859375000107e+00 -3.579975585937500426e-01 4.802246093750000000e+00 4.724121093750000000e+00 -3.879394531250000000e+00 -2.214355468750000000e+00 1.520996093750000000e+00
3.824560546874999911e-01 6.888427734375000000e-01 7.123339843750000622e-01 3.678710937500000167e-02 9.760058593750000622e-01 -1.607497558593750098e+00 2.302246093750000000e+00 -2.775878906250000000e+00 3.620605468750000000e+00 -4.714355468750000000e+00 2.099609375000000000e-02
1.924560546874999889e-01 9.388427734375000000e-01 8.923339843750000000e-01 5.678710937500000555e-02 8.760058593749999734e-01 -7.744975585937501350e-01 -2.697753906250000000e+00 2.224121093750000000e+00 -1.379394531250000000e+00 2.856445312500000000e-01 1.020996093750000000e+00
1.687060546874999956e-01 5.325927734375000000e-01 6.448339843750000577e-01 6.928710937500001665e-02 9.135058593750000622e-01 -8.786225585937501581e-01 -2.072753906250000000e+00 -3.400878906250000000e+00 4.956054687500000000e-01 -2.839355468750000000e+00 1.145996093750000000e+00
3.587060546874999978e-01 7.825927734375000000e-01 8.248339843750001066e-01 4.928710937499999889e-02 1.013505859374999929e+00 -1.711622558593750121e+00 2.927246093750000000e+00 1.599121093750000000e+00 -4.504394531250000000e+00 2.160644531250000000e+00 1.459960937500000000e-01
4.537060546875000266e-01 6.575927734375000000e-01 7.348339843750000266e-01 5.928710937500000777e-02 1.063505859374999973e+00 -4.621225585937500657e-01 4.272460937500000000e-01 -9.008789062500000000e-01 2.995605468750000000e+00 4.660644531250000000e+00 1.645996093750000000e+00
2.637060546874999689e-01 9.075927734375000000e-01 5.548339843750000888e-01 3.928710937500000389e-02 9.635058593749999956e-01 -1.295122558593750028e+00 -4.572753906250000000e+00 4.099121093750000000e+00 -2.004394531250000000e+00 -3.393554687500000000e-01 6.459960937500000000e-01
2.162060546874999822e-01 7.200927734375000000e-01 8.698339843750000355e-01 6.428710937500001221e-02 1.038505859375000062e+00 -1.503372558593750075e+00 -8.227539062500000000e-01 3.491210937500000000e-01 1.745605468750000000e+00 3.410644531250000000e+00 1.895996093750000000e+00
4.062060546874999845e-01 9.700927734375000000e-01 6.898339843750000977e-01 4.428710937500000139e-02 9.385058593749999734e-01 -6.703725585937501119e-01 4.177246093750000000e+00 -4.650878906250000000e+00 -3.254394531250000000e+00 -1.589355468750000000e+00 8.959960937500000000e-01
3.112060546875000111e-01 5.950927734375000000e-01 5.998339843750000178e-01 5.428710937500000333e-02 8.885058593750000400e-01 -1.919872558593749945e+00 1.677246093750000000e+00 2.849121093750000000e+00 4.245605468750000000e+00 -4.089355468750000000e+00 1.395996093750000000e+00
1.212060546874999950e-01 8.450927734375000000e-01 7.798339843750000666e-01 3.428710937499999944e-02 9.885058593750000178e-01 -1.086872558593749982e+00 -3.322753906250000000e+00 -2.150878906250000000e+00 -7.543945312500000000e-01 9.106445312500000000e-01 3.959960937500000000e-01
1.208349609374999994e-01 7.196044921875000000e-01 5.826074218750000311e-01 6.596679687500001110e-02 9.031542968750000400e-01 -1.397620605468750110e+00 2.800292968750000000e+00 -1.691894531250000000e+00 1.928710937500000000e-01 -4.431152343750000000e+00 1.713867187500000000e-01
3.108349609374999600e-01 9.696044921875000000e-01 7.626074218750000799e-01 4.596679687500000028e-02 1.003154296875000018e+00 -5.646206054687501474e-01 -2.199707031250000000e+00 3.308105468750000000e+00 -4.807128906250000000e+00 5.688476562500000000e-01 1.171386718750000000e+00
4.058349609374999889e-01 5.946044921875000000e-01 8.526074218750000488e-01 5.596679687500000222e-02 1.053154296875000062e+00 -1.814120605468749980e+00 -4.699707031250000000e+00 -4.191894531250000000e+00 2.692871093750000000e+00 3.068847656250000000e+00 6.713867187500000000e-01
2.158349609374999867e-01 8.446044921875000000e-01 6.726074218750000000e-01 3.596679687499999833e-02 9.531542968749999734e-01 -9.811206054687500178e-01 3.002929687500000000e-01 8.081054687500000000e-01 -2.307128906250000000e+00 -1.931152343750000000e+00 1.671386718750000000e+00
2.633349609374999734e-01 5.321044921875000000e-01 8.076074218750000089e-01 6.096679687500000666e-02 1.028154296874999929e+00 -7.728706054687499716e-01 4.050292968750000000e+00 4.558105468750000000e+00 1.442871093750000000e+00 4.318847656250000000e+00 9.213867187500000000e-01
4.533349609374999756e-01 7.821044921875000000e-01 6.276074218750000711e-01 4.096679687500000278e-02 9.281542968750000622e-01 -1.605870605468750156e+00 -9.497070312500000000e-01 -4.418945312500000000e-01 -3.557128906250000000e+00 -6.811523437500000000e-01 1.921386718750000000e+00
3.583349609375000022e-01 6.571044921875000000e-01 7.176074218750000400e-01 5.096679687499999778e-02 8.781542968750000178e-01 -3.563706054687501013e-01 -3.449707031250000000e+00 2.058105468750000000e+00 3.942871093750000000e+00 -3.181152343750000000e+00 4.213867187500000000e-01
1.683349609375000000e-01 9.071044921875000000e-01 8.976074218750000888e-01 3.096679687500000083e-02 9.781542968749999956e-01 -1.189370605468750064e+00 1.550292968750000000e+00 -2.941894531250000000e+00 -1.057128906250000000e+00 1.818847656250000000e+00 1.421386718750000000e+00
1.920849609374999933e-01 5.633544921875000000e-01 6.501074218750000355e-01 4.346679687500000500e-02 1.015654296874999973e+00 -1.293495605468750087e+00 3.425292968750000000e+00 1.433105468750000000e+00 2.067871093750000000e+00 -3.806152343750000000e+00 1.296386718750000000e+00
3.820849609374999956e-01 8.133544921875000000e-01 8.301074218749999734e-01 6.346679687500000888e-02 9.156542968749999956e-01 -4.604956054687501243e-01 -1.574707031250000000e+00 -3.566894531250000000e+00 -2.932128906250000000e+00 1.193847656250000000e+00 2.963867187500000000e-01
4.770849609375000244e-01 6.883544921875000000e-01 7.401074218750000044e-01 3.346679687499999611e-02 9.656542968750000400e-01 -1.709995605468749957e+00 -4.074707031250000000e+00 3.933105468750000000e+00 4.567871093750000000e+00 3.693847656250000000e+00 1.796386718750000000e+00
2.870849609375000222e-01 9.383544921875000000e-01 5.601074218750000666e-01 5.346679687500000000e-02 1.065654296875000018e+00 -8.769956054687499947e-01 9.252929687500000000e-01 -1.066894531250000000e+00 -4.321289062500000000e-01 -1.306152343750000000e+00 7.963867187500000000e-01
2.395849609374999800e-01 6.258544921875000000e-01 8.751074218750000133e-01 4.846679687500000250e-02 9.406542968750000178e-01 -1.085245605468750041e+00 4.675292968750000000e+00 -4.816894531250000000e+00 8.178710937500000000e-01 4.943847656250000000e+00 1.546386718750000000e+00
4.295849609374999822e-01 8.758544921875000000e-01 6.951074218750000755e-01 6.846679687500001332e-02 1.040654296875000107e+00 -1.918245605468750004e+00 -3.247070312500000000e-01 1.831054687500000000e-01 -4.182128906250000000e+00 -5.615234375000000000e-02 5.463867187500000000e-01
3.345849609375000089e-01 5.008544921875000000e-01 6.051074218749999956e-01 3.846679687500000056e-02 9.906542968750000622e-01 -6.687456054687501705e-01 -2.824707031250000000e+00 -2.316894531250000000e+00 3.317871093750000000e+00 -2.556152343750000000e+00 1.046386718750000000e+00
1.445849609375000067e-01 7.508544921875000000e-01 7.851074218750000444e-01 5.846679687500000444e-02 8.906542968749999734e-01 -1.501745605468749911e+00 2.175292968750000000e+00 2.683105468750000000e+00 -1.682128906250000000e+00 2.443847656250000000e+00 4.638671875000000000e-02
1.564599609375000033e-01 5.164794921875000000e-01 8.413574218749999556e-01 5.221679687499999889e-02 9.469042968749999956e-01 -1.970308105468749904e+00 -1.887207031250000000e+00 4.956054687500000000e-01 -1.994628906250000000e+00 -9.936523437500000000e-01 9.838867187500000000e-01
3.464599609374999778e-01 7.664794921875000000e-01 6.613574218750000178e-01 3.221679687500000194e-02 1.046904296874999973e+00 -1.137308105468750163e+00 3.112792968750000000e+00 -4.504394531250000000e+00 3.005371093750000000e+00 4.006347656250000000e+00 1.983886718750000000e+00
4.414599609375000067e-01 6.414794921875000000e-01 5.713574218750000488e-01 6.221679687500000777e-02 9.969042968750000400e-01 -1.553808105468750034e+00 6.127929687500000000e-01 2.995605468750000000e+00 -4.494628906250000000e+00 1.506347656250000000e+00 4.838867187500000000e-01
2.514599609375000044e-01 8.914794921875000000e-01 7.513574218750000977e-01 4.221679687500000389e-02 8.969042968749999512e-01 -7.208081054687500711e-01 -4.387207031250000000e+00 -2.004394531250000000e+00 5.053710937500000000e-01 -3.493652343750000000e+00 1.483886718750000000e+00
2.989599609374999911e-01 7.039794921875000000e-01 7.063574218750000577e-01 5.721679687500000333e-02 9.719042968750000178e-01 -5.125581054687500249e-01 -6.372070312500000000e-01 -3.254394531250000000e+00 -7.446289062500000000e-01 2.563476562500000000e-01 2.338867187500000000e-01
4.889599609374999933e-01 9.539794921875000000e-01 8.863574218750001066e-01 3.721679687499999944e-02 8.719042968750000400e-01 -1.345558105468749988e+00 4.362792968750000000e+00 1.745605468750000000e+00 4.255371093750000000e+00 -4.743652343750000000e+00 1.233886718750000000e+00
3.939599609375000200e-01 5.789794921875000000e-01 7.963574218750000266e-01 6.721679687500001221e-02 9.219042968749999734e-01 -9.290581054687501172e-01 1.862792968750000000e+00 -7.543945312500000000e-01 -3.244628906250000000e+00 -2.243652343750000000e+00 7.338867187500000000e-01
2.039599609374999900e-01 8.289794921875000000e-01 6.163574218750000888e-01 4.721679687500000139e-02 1.021904296875000062e+00 -1.762058105468750080e+00 -3.137207031250000000e+00 4.245605468750000000e+00 1.755371093750000000e+00 2.756347656250000000e+00 1.733886718750000000e+00
1.802099609374999967e-01 6.727294921875000000e-01 7.738574218750000622e-01 3.971679687500000167e-02 1.059404296875000151e+00 -1.657933105468750057e+00 -1.262207031250000000e+00 -1.293945312500000000e-01 -1.196289062500000000e-01 -3.686523437500000000e-01 1.608886718750000000e+00
3.702099609374999711e-01 9.227294921875000000e-01 5.938574218750000133e-01 5.971679687500000555e-02 9.594042968750000622e-01 -8.249331054687500941e-01 3.737792968750000000e+00 4.870605468750000000e+00 4.880371093750000000e+00 4.631347656250000000e+00 6.088867187500000000e-01
4.652099609375000000e-01 5.477294921875000000e-01 6.838574218749999822e-01 4.971679687500000361e-02 9.094042968750000178e-01 -1.241433105468749964e+00 1.237792968750000000e+00 -2.629394531250000000e+00 -2.619628906250000000e+00 2.131347656250000000e+00 1.108886718750000000e+00
2.752099609374999978e-01 7.977294921875000000e-01 8.638574218750000311e-01 6.971679687500001443e-02 1.009404296875000107e+00 -4.084331054687500018e-01 -3.762207031250000000e+00 2.370605468750000000e+00 2.380371093750000000e+00 -2.868652343750000000e+00 1.088867187500000000e-01
2.277099609375000111e-01 6.102294921875000000e-01 6.388574218750000533e-01 3.471679687499999722e-02 8.844042968749999956e-01 -6.166831054687500480e-01 -1.220703125000000000e-02 3.620605468750000000e+00 -1.369628906250000000e+00 8.813476562500000000e-01 1.358886718750000000e+00
4.177099609375000133e-01 8.602294921875000000e-01 8.188574218749999911e-01 5.471679687500000111e-02 9.844042968749999734e-01 -1.449683105468750011e+00 4.987792968750000000e+00 -1.379394531250000000e+00 3.630371093750000000e+00 -4.118652343750000000e+00 3.588867187500000000e-01
3.227099609374999845e-01 7.352294921875000000e-01 9.088574218750000711e-01 4.471679687499999917e-02 1.034404296875000018e+00 -1.033183105468749918e+00 2.487792968750000000e+00 1.120605468750000000e+00 -3.869628906250000000e+00 -1.618652343750000000e+00 1.858886718750000000e+00
1.327099609374999822e-01 9.852294921875000000e-01 7.288574218750000222e-01 6.471679687500000999e-02 9.344042968750000400e-01 -1.866183105468750103e+00 -2.512207031250000000e+00 -3.879394531250000000e+00 1.130371093750000000e+00 3.381347656250000000e+00 8.588867187500000000e-01
1.386474609374999944e-01 6.024169921875000000e-01 7.457324218749999956e-01 4.784179687500000194e-02 9.937792968749999956e-01 -3.824018554687500515e-01 1.440429687500000000e-01 4.714355468750000000e+00 -4.338378906250000000e+00 -4.899902343750000000e+00 2.651367187500000000e-01
3.286474609374999689e-01 8.524169921875000000e-01 5.657324218750000577e-01 6.784179687499999889e-02 8.937792968750000178e-01 -1.215401855468750014e+00 -4.855957031250000000e+00 -2.856445312500000000e-01 6.616210937500000000e-01 1.000976562500000000e-01 1.265136718750000000e+00
4.236474609374999978e-01 7.274169921875000000e-01 6.557324218750000266e-01 3.784179687500000000e-02 9.437792968750000622e-01 -7.989018554687501439e-01 -2.355957031250000000e+00 2.214355468750000000e+00 -1.838378906250000000e+00 2.600097656250000000e+00 7.651367187500000000e-01
2.336474609374999956e-01 9.774169921875000000e-01 8.357324218749999645e-01 5.784179687500000389e-02 1.043779296874999929e+00 -1.631901855468750107e+00 2.644042968750000000e+00 -2.785644531250000000e+00 3.161621093750000000e+00 -2.399902343750000000e+00 1.765136718750000000e+00
2.811474609374999822e-01 6.649169921875000000e-01 6.107324218750000977e-01 4.284179687500000444e-02 9.687792968749999734e-01 -1.840151855468749931e+00 1.394042968750000000e+00 -1.535644531250000000e+00 -3.088378906250000000e+00 3.850097656250000000e+00 5.151367187500000000e-01
4.711474609374999845e-01 9.149169921875000000e-01 7.907324218750000355e-01 6.284179687500000833e-02 1.068779296875000062e+00 -1.007151855468749968e+00 -3.605957031250000000e+00 3.464355468750000000e+00 1.911621093750000000e+00 -1.149902343750000000e+00 1.515136718750000000e+00
3.761474609375000111e-01 5.399169921875000000e-01 8.807324218750000044e-01 3.284179687500000250e-02 1.018779296875000018e+00 -1.423651855468750060e+00 -1.105957031250000000e+00 -4.035644531250000000e+00 -5.883789062500000000e-01 -3.649902343750000000e+00 1.513671875000000000e-02
1.861474609375000089e-01 7.899169921875000000e-01 7.007324218750000666e-01 5.284179687499999944e-02 9.187792968750000400e-01 -5.906518554687500977e-01 3.894042968750000000e+00 9.643554687500000000e-01 4.411621093750000000e+00 1.350097656250000000e+00 1.015136718750000000e+00
2.098974609375000022e-01 6.961669921875000000e-01 8.582324218750000400e-01 6.034179687500000611e-02 8.812792968749999512e-01 -6.947768554687501208e-01 7.690429687500000000e-01 -4.660644531250000000e+00 -3.713378906250000000e+00 -4.274902343750000000e+00 1.140136718750000000e+00
3.998974609375000044e-01 9.461669921875000000e-01 6.782324218749999911e-01 4.034179687500000222e-02 9.812792968750000400e-01 -1.527776855468750083e+00 -4.230957031250000000e+00 3.393554687500000000e-01 1.286621093750000000e+00 7.250976562500000000e-01 1.401367187500000000e-01
4.948974609374999778e-01 5.711669921875000000e-01 5.882324218750000222e-01 5.034179687500000416e-02 1.031279296874999973e+00 -1.111276855468749991e+00 -1.730957031250000000e+00 -2.160644531250000000e+00 -1.213378906250000000e+00 3.225097656250000000e+00 1.640136718750000000e+00
3.048974609375000311e-01 8.211669921875000000e-01 7.682324218750000711e-01 3.034179687500000028e-02 9.312792968749999956e-01 -1.944276855468749954e+00 3.269042968750000000e+00 2.839355468750000000e+00 3.786621093750000000e+00 -1.774902343750000000e+00 6.401367187500000000e-01
2.573974609374999889e-01 5.086669921875000000e-01 7.232324218750000311e-01 6.534179687499999667e-02 1.056279296875000107e+00 -1.736026855468749908e+00 2.019042968750000000e+00 1.589355468750000000e+00 -4.963378906250000000e+00 4.475097656250000000e+00 1.890136718750000000e+00
4.473974609374999911e-01 7.586669921875000000e-01 9.032324218750000799e-01 4.534179687499999972e-02 9.562792968750000178e-01 -9.030268554687499449e-01 -2.980957031250000000e+00 -3.410644531250000000e+00 3.662109375000000000e-02 -5.249023437500000000e-01 8.901367187500000000e-01
3.523974609375000178e-01 6.336669921875000000e-01 8.132324218750000000e-01 5.534179687500000167e-02 9.062792968749999734e-01 -1.319526855468750037e+00 -4.809570312500000000e-01 4.089355468750000000e+00 -2.463378906250000000e+00 -3.024902343750000000e+00 1.390136718750000000e+00
1.623974609374999878e-01 8.836669921875000000e-01 6.332324218750000622e-01 3.534179687499999778e-02 1.006279296875000062e+00 -4.865268554687500746e-01 4.519042968750000000e+00 -9.106445312500000000e-01 2.536621093750000000e+00 1.975097656250000000e+00 3.901367187500000000e-01
1.505224609374999911e-01 6.492919921875000000e-01 6.669824218750000089e-01 3.409179687499999667e-02 1.037529296875000062e+00 -9.550893554687500675e-01 -4.543457031250000000e+00 -3.723144531250000000e+00 3.474121093750000000e+00 -8.374023437500000000e-01 5.776367187500000000e-01
3.405224609374999933e-01 8.992919921875000000e-01 8.469824218750000577e-01 5.409179687500000056e-02 9.375292968749999734e-01 -1.788089355468750030e+00 4.565429687500000000e-01 1.276855468750000000e+00 -1.525878906250000000e+00 4.162597656250000000e+00 1.577636718750000000e+00
4.355224609375000222e-01 5.242919921875000000e-01 7.569824218750000888e-01 4.409179687500000555e-02 8.875292968750000400e-01 -5.385893554687499751e-01 2.956542968750000000e+00 -1.223144531250000000e+00 9.741210937500000000e-01 1.662597656250000000e+00 7.763671875000000000e-02
2.455224609374999922e-01 7.742919921875000000e-01 5.769824218750000400e-01 6.409179687499999556e-02 9.875292968750000178e-01 -1.371589355468750160e+00 -2.043457031250000000e+00 3.776855468750000000e+00 -4.025878906250000000e+00 -3.337402343750000000e+00 1.077636718750000000e+00
2.930224609375000067e-01 5.867919921875000000e-01 8.919824218750000977e-01 3.909179687500000111e-02 9.125292968750000622e-01 -1.579839355468749984e+00 -3.293457031250000000e+00 2.685546875000000000e-02 4.724121093750000000e+00 4.125976562500000000e-01 3.276367187500000000e-01
4.830224609375000089e-01 8.367919921875000000e-01 7.119824218750000488e-01 5.909179687500000500e-02 1.012529296874999929e+00 -7.468393554687500213e-01 1.706542968750000000e+00 -4.973144531250000000e+00 -2.758789062500000000e-01 -4.587402343750000000e+00 1.327636718750000000e+00
3.880224609374999800e-01 7.117919921875000000e-01 6.219824218750000799e-01 4.909179687500000305e-02 1.062529296874999973e+00 -1.996339355468750076e+00 4.206542968750000000e+00 2.526855468750000000e+00 2.224121093750000000e+00 -2.087402343750000000e+00 8.276367187500000000e-01
1.980224609374999778e-01 9.617919921875000000e-01 8.019824218750000178e-01 6.909179687500000000e-02 9.625292968749999956e-01 -1.163339355468750114e+00 -7.934570312500000000e-01 -2.473144531250000000e+00 -2.775878906250000000e+00 2.912597656250000000e+00 1.827636718750000000e+00
1.742724609374999845e-01 5.555419921875000000e-01 5.544824218750000755e-01 5.659179687500000278e-02 9.250292968750000178e-01 -1.059214355468750091e+00 -3.918457031250000000e+00 3.151855468750000000e+00 4.099121093750000000e+00 -2.124023437500000000e-01 1.952636718750000000e+00
3.642724609374999867e-01 8.055419921875000000e-01 7.344824218750000133e-01 3.659179687499999889e-02 1.025029296875000107e+00 -1.892214355468750053e+00 1.081542968750000000e+00 -1.848144531250000000e+00 -9.008789062500000000e-01 4.787597656250000000e+00 9.526367187500000000e-01
4.592724609375000155e-01 6.805419921875000000e-01 8.244824218749999822e-01 6.659179687499999778e-02 9.750292968750000622e-01 -6.427143554687499982e-01 3.581542968750000000e+00 6.518554687500000000e-01 1.599121093750000000e+00 2.287597656250000000e+00 1.452636718750000000e+00
2.692724609375000133e-01 9.305419921875000000e-01 6.444824218750000444e-01 4.659179687500000083e-02 8.750292968749999734e-01 -1.475714355468749961e+00 -1.418457031250000000e+00 -4.348144531250000000e+00 -3.400878906250000000e+00 -2.712402343750000000e+00 4.526367187500000000e-01
2.217724609374999989e-01 7.430419921875000000e-01 7.794824218750000533e-01 5.159179687499999833e-02 1.000029296874999973e+00 -1.267464355468749915e+00 -2.668457031250000000e+00 -5.981445312500000000e-01 2.849121093750000000e+00 1.037597656250000000e+00 1.202636718750000000e+00
4.117724609374999734e-01 9.930419921875000000e-01 5.994824218750000044e-01 3.159179687500000139e-02 9.000292968749999956e-01 -4.344643554687501741e-01 2.331542968750000000e+00 4.401855468750000000e+00 -2.150878906250000000e+00 -3.962402343750000000e+00 2.026367187500000000e-01
3.167724609375000000e-01 6.180419921875000000e-01 6.894824218749999734e-01 6.159179687500000722e-02 9.500292968750000400e-01 -1.683964355468750007e+00 4.831542968750000000e+00 -3.098144531250000000e+00 3.491210937500000000e-01 -1.462402343750000000e+00 1.702636718750000000e+00
1.267724609374999978e-01 8.680419921875000000e-01 8.694824218750000222e-01 4.159179687500000333e-02 1.050029296875000018e+00 -8.509643554687500444e-01 -1.684570312500000000e-01 1.901855468750000000e+00 -4.650878906250000000e+00 3.537597656250000000e+00 7.026367187500000000e-01
1.297412109374999900e-01 5.438232421875000000e-01 6.922949218750000799e-01 3.627929687499999861e-02 8.922167968749999956e-01 -1.150323730468750139e+00 1.315917968750000000e+00 4.011230468750000000e+00 2.302246093750000000e+00 -1.853027343750000000e+00 1.468261718750000000e+00
3.197412109374999645e-01 7.938232421875000000e-01 8.722949218750000178e-01 5.627929687500000250e-02 9.922167968750000844e-01 -1.983323730468750101e+00 -3.684082031250000000e+00 -9.887695312500000000e-01 -2.697753906250000000e+00 3.146972656250000000e+00 4.682617187500000000e-01
4.147412109374999933e-01 6.688232421875000000e-01 7.822949218750000488e-01 4.627929687500000056e-02 1.042216796875000018e+00 -7.338237304687500462e-01 -1.184082031250000000e+00 1.511230468750000000e+00 4.802246093750000000e+00 6.469726562500000000e-01 1.968261718750000000e+00
2.247412109374999911e-01 9.188232421875000000e-01 6.022949218750000000e-01 6.627929687500000444e-02 9.422167968750000400e-01 -1.566823730468750009e+00 3.815917968750000000e+00 -3.488769531250000000e+00 -1.977539062500000000e-01 -4.353027343750000000e+00 9.682617187500000000e-01
2.722412109374999778e-01 7.313232421875000000e-01 8.272949218750000888e-01 3.127929687500000111e-02 1.067216796875000151e+00 -1.358573730468750185e+00 6.591796875000000000e-02 -2.238769531250000000e+00 1.052246093750000000e+00 1.896972656250000000e+00 1.718261718750000000e+00
4.622412109374999800e-01 9.813232421875000000e-01 6.472949218750000400e-01 5.127929687500000500e-02 9.672167968750000622e-01 -5.255737304687500000e-01 -4.934082031250000000e+00 2.761230468750000000e+00 -3.947753906250000000e+00 -3.103027343750000000e+00 7.182617187500000000e-01
3.672412109375000067e-01 6.063232421875000000e-01 5.572949218750000711e-01 4.127929687500000305e-02 9.172167968750000178e-01 -1.775073730468750055e+00 -2.434082031250000000e+00 -4.738769531250000000e+00 3.552246093750000000e+00 -6.030273437500000000e-01 1.218261718750000000e+00
1.772412109375000044e-01 8.563232421875000000e-01 7.372949218750000089e-01 6.127929687500000694e-02 1.017216796875000107e+00 -9.420737304687500924e-01 2.565917968750000000e+00 2.612304687500000000e-01 -1.447753906250000000e+00 4.396972656250000000e+00 2.182617187500000000e-01
2.009912109374999978e-01 6.375732421875000000e-01 6.247949218750000755e-01 5.377929687500000722e-02 9.797167968750000178e-01 -8.379487304687500693e-01 1.940917968750000000e+00 -4.113769531250000000e+00 4.272460937500000000e-01 -2.478027343750000000e+00 9.326171875000000000e-02
3.909912109375000000e-01 8.875732421875000000e-01 8.047949218750000133e-01 3.377929687499999639e-02 8.797167968750000400e-01 -1.670948730468750032e+00 -3.059082031250000000e+00 8.862304687500000000e-01 -4.572753906250000000e+00 2.521972656250000000e+00 1.093261718750000000e+00
4.859912109374999734e-01 5.125732421875000000e-01 8.947949218749999822e-01 6.377929687500000222e-02 9.297167968749999734e-01 -4.214487304687499769e-01 -5.590820312500000000e-01 -1.613769531250000000e+00 2.927246093750000000e+00 2.197265625000000000e-02 5.932617187500000000e-01
2.959912109375000266e-01 7.625732421875000000e-01 7.147949218750000444e-01 4.377929687499999833e-02 1.029716796875000062e+00 -1.254448730468749940e+00 4.440917968750000000e+00 3.386230468750000000e+00 -2.072753906250000000e+00 -4.978027343750000000e+00 1.593261718750000000e+00
2.484912109374999845e-01 5.750732421875000000e-01 7.597949218749999734e-01 5.877929687500000472e-02 9.547167968749999956e-01 -1.462698730468749986e+00 6.909179687500000000e-01 2.136230468750000000e+00 1.677246093750000000e+00 1.271972656250000000e+00 8.432617187500000000e-01
4.384912109374999867e-01 8.250732421875000000e-01 5.797949218750000355e-01 3.877929687500000083e-02 1.054716796874999973e+00 -6.296987304687500231e-01 -4.309082031250000000e+00 -2.863769531250000000e+00 -3.322753906250000000e+00 -3.728027343750000000e+00 1.843261718750000000e+00
3.434912109375000133e-01 7.000732421875000000e-01 6.697949218750000044e-01 6.877929687500000666e-02 1.004716796874999929e+00 -1.879198730468750078e+00 -1.809082031250000000e+00 4.636230468750000000e+00 4.177246093750000000e+00 -1.228027343750000000e+00 3.432617187500000000e-01
1.534912109375000111e-01 9.500732421875000000e-01 8.497949218750000533e-01 4.877929687500000278e-02 9.047167968750000622e-01 -1.046198730468749893e+00 3.190917968750000000e+00 -3.637695312500000000e-01 -8.227539062500000000e-01 3.771972656250000000e+00 1.343261718750000000e+00
1.653662109374999800e-01 7.156982421875000000e-01 8.160449218750001066e-01 4.002929687500000194e-02 9.359667968750000622e-01 -5.776362304687501226e-01 -3.371582031250000000e+00 -2.551269531250000000e+00 -5.102539062500000000e-01 -2.790527343750000000e+00 1.655761718750000000e+00
3.553662109374999822e-01 9.656982421875000000e-01 6.360449218750000577e-01 6.002929687500000583e-02 1.035966796874999929e+00 -1.410636230468750085e+00 1.628417968750000000e+00 2.448730468750000000e+00 4.489746093750000000e+00 2.209472656250000000e+00 6.557617187500000000e-01
4.503662109375000111e-01 5.906982421875000000e-01 7.260449218750000266e-01 3.002929687500000000e-02 9.859667968749999956e-01 -9.941362304687499929e-01 4.128417968750000000e+00 -5.126953125000000000e-02 -3.010253906250000000e+00 4.709472656250000000e+00 1.155761718750000000e+00
2.603662109375000089e-01 8.406982421875000000e-01 9.060449218749999645e-01 5.002929687500000389e-02 8.859667968750000178e-01 -1.827136230468749956e+00 -8.715820312500000000e-01 4.948730468750000000e+00 1.989746093750000000e+00 -2.905273437500000000e-01 1.557617187500000000e-01
3.078662109374999956e-01 5.281982421875000000e-01 5.910449218750000178e-01 4.502929687499999944e-02 1.010966796875000018e+00 -1.618886230468750131e+00 -4.621582031250000000e+00 1.198730468750000000e+00 -1.760253906250000000e+00 3.459472656250000000e+00 1.405761718750000000e+00
4.978662109374999978e-01 7.781982421875000000e-01 7.710449218750000666e-01 6.502929687500000333e-02 9.109667968750000400e-01 -7.858862304687499467e-01 3.784179687500000000e-01 -3.801269531250000000e+00 3.239746093750000000e+00 -1.540527343750000000e+00 4.057617187500000000e-01
4.028662109375000244e-01 6.531982421875000000e-01 8.610449218750000355e-01 3.502929687499999750e-02 9.609667968749999734e-01 -1.202386230468750039e+00 2.878417968750000000e+00 3.698730468750000000e+00 -4.260253906250000000e+00 -4.040527343750000000e+00 1.905761718750000000e+00
2.128662109374999944e-01 9.031982421875000000e-01 6.810449218750000977e-01 5.502929687500000833e-02 1.060966796875000062e+00 -3.693862304687500764e-01 -2.121582031250000000e+00 -1.301269531250000000e+00 7.397460937500000000e-01 9.594726562500000000e-01 9.057617187500000000e-01
1.891162109375000011e-01 6.219482421875000000e-01 8.835449218750000000e-01 6.752929687500000555e-02 1.023466796874999973e+00 -4.735112304687500995e-01 -2.746582031250000000e+00 3.073730468750000000e+00 -2.385253906250000000e+00 -3.415527343750000000e+00 7.807617187500000000e-01
3.791162109374999756e-01 8.719482421875000000e-01 7.035449218750000622e-01 4.752929687500000167e-02 9.234667968749999956e-01 -1.306511230468750062e+00 2.253417968750000000e+00 -1.926269531250000000e+00 2.614746093750000000e+00 1.584472656250000000e+00 1.780761718750000000e+00
4.741162109375000044e-01 7.469482421875000000e-01 6.135449218749999822e-01 5.752929687500000361e-02 8.734667968749999512e-01 -8.900112304687499698e-01 4.753417968750000000e+00 5.737304687500000000e-01 -4.885253906250000000e+00 4.084472656250000000e+00 2.807617187500000000e-01
2.841162109375000022e-01 9.969482421875000000e-01 7.935449218750000311e-01 3.752929687499999972e-02 9.734667968750000400e-01 -1.723011230468749932e+00 -2.465820312500000000e-01 -4.426269531250000000e+00 1.147460937500000000e-01 -9.155273437500000000e-01 1.280761718750000000e+00
2.366162109375000155e-01 6.844482421875000000e-01 6.585449218750000222e-01 6.252929687500000111e-02 8.984667968749999734e-01 -1.931261230468749979e+00 -3.996582031250000000e+00 -6.762695312500000000e-01 -1.135253906250000000e+00 2.834472656250000000e+00 3.076171875000000000e-02
4.266162109375000178e-01 9.344482421875000000e-01 8.385449218750000711e-01 4.252929687499999722e-02 9.984667968750000622e-01 -1.098261230468750016e+00 1.003417968750000000e+00 4.323730468750000000e+00 3.864746093750000000e+00 -2.165527343750000000e+00 1.030761718750000000e+00
3.316162109374999889e-01 5.594482421875000000e-01 7.485449218749999911e-01 5.252929687500000611e-02 1.048466796875000107e+00 -1.514761230468749886e+00 3.503417968750000000e+00 -3.176269531250000000e+00 -3.635253906250000000e+00 -4.665527343750000000e+00 5.307617187500000000e-01
1.416162109374999867e-01 8.094482421875000000e-01 5.685449218750000533e-01 3.252929687500000222e-02 9.484667968750000178e-01 -6.817612304687501457e-01 -1.496582031250000000e+00 1.823730468750000000e+00 1.364746093750000000e+00 3.344726562500000000e-01 1.530761718750000000e+00
1.356787109375000022e-01 6.610107421875000000e-01 9.004199218749999734e-01 5.940429687500000527e-02 1.001591796875000107e+00 -1.749042480468749883e+00 3.972167968750000000e+00 -2.082519531250000000e+00 -3.166503906250000000e+00 -1.384277343750000000e+00 1.124511718750000000e+00
3.256787109375000044e-01 9.110107421875000000e-01 7.204199218750000355e-01 3.940429687500000139e-02 9.015917968750000178e-01 -9.160424804687501421e-01 -1.027832031250000000e+00 2.917480468750000000e+00 1.833496093750000000e+00 3.615722656250000000e+00 1.245117187500000000e-01
4.206787109374999778e-01 5.360107421875000000e-01 6.304199218750000666e-01 6.940429687500000722e-02 9.515917968750000622e-01 -1.332542480468750012e+00 -3.527832031250000000e+00 -4.582519531250000000e+00 -6.665039062500000000e-01 1.115722656250000000e+00 1.624511718750000000e+00
2.306787109375000033e-01 7.860107421875000000e-01 8.104199218750001155e-01 4.940429687500000333e-02 1.051591796875000151e+00 -4.995424804687500497e-01 1.472167968750000000e+00 4.174804687500000000e-01 4.333496093750000000e+00 -3.884277343750000000e+00 6.245117187500000000e-01
2.781787109375000178e-01 5.985107421875000000e-01 6.754199218750001066e-01 5.440429687500000777e-02 9.265917968750000400e-01 -7.077924804687500959e-01 2.722167968750000000e+00 4.167480468750000000e+00 -4.416503906250000000e+00 2.365722656250000000e+00 1.874511718750000000e+00
4.681787109375000200e-01 8.485107421875000000e-01 8.554199218750000444e-01 3.440429687499999695e-02 1.026591796875000018e+00 -1.540792480468750059e+00 -2.277832031250000000e+00 -8.325195312500000000e-01 5.834960937500000000e-01 -2.634277343750000000e+00 8.745117187500000000e-01
3.731787109374999911e-01 7.235107421875000000e-01 7.654199218750000755e-01 6.440429687500000278e-02 9.765917968749999734e-01 -1.124292480468750188e+00 -4.777832031250000000e+00 1.667480468750000000e+00 -1.916503906250000000e+00 -1.342773437500000000e-01 1.374511718750000000e+00
1.831787109374999889e-01 9.735107421875000000e-01 5.854199218750000266e-01 4.440429687499999889e-02 8.765917968749999956e-01 -1.957292480468749929e+00 2.221679687500000000e-01 -3.332519531250000000e+00 3.083496093750000000e+00 4.865722656250000000e+00 3.745117187500000000e-01
2.069287109374999822e-01 5.047607421875000000e-01 7.879199218750000400e-01 3.190429687500000167e-02 9.140917968749999734e-01 -1.853167480468750128e+00 4.597167968750000000e+00 2.292480468750000000e+00 -3.791503906250000000e+00 -2.009277343750000000e+00 4.995117187500000000e-01
3.969287109374999845e-01 7.547607421875000000e-01 6.079199218749999911e-01 5.190429687500000555e-02 1.014091796875000062e+00 -1.020167480468749943e+00 -4.028320312500000000e-01 -2.707519531250000000e+00 1.208496093750000000e+00 2.990722656250000000e+00 1.499511718750000000e+00
4.919287109375000133e-01 6.297607421875000000e-01 6.979199218750000711e-01 4.190429687500000361e-02 1.064091796875000107e+00 -1.436667480468750036e+00 -2.902832031250000000e+00 4.792480468750000000e+00 -1.291503906250000000e+00 4.907226562500000000e-01 9.995117187500000000e-01
3.019287109375000111e-01 8.797607421875000000e-01 8.779199218750000089e-01 6.190429687500000749e-02 9.640917968750000178e-01 -6.036674804687500728e-01 2.097167968750000000e+00 -2.075195312500000000e-01 3.708496093750000000e+00 -4.509277343750000000e+00 1.999511718750000000e+00
2.544287109374999689e-01 6.922607421875000000e-01 5.629199218750000622e-01 3.690429687499999917e-02 1.039091796874999973e+00 -3.954174804687500266e-01 3.347167968750000000e+00 -3.957519531250000000e+00 -2.541503906250000000e+00 1.740722656250000000e+00 7.495117187500000000e-01
4.444287109375000266e-01 9.422607421875000000e-01 7.429199218750000000e-01 5.690429687500000305e-02 9.390917968749999956e-01 -1.228417480468749989e+00 -1.652832031250000000e+00 1.042480468750000000e+00 2.458496093750000000e+00 -3.259277343750000000e+00 1.749511718750000000e+00
3.494287109374999978e-01 5.672607421875000000e-01 8.329199218750000799e-01 4.690429687500000111e-02 8.890917968749999512e-01 -8.119174804687501190e-01 -4.152832031250000000e+00 -1.457519531250000000e+00 -4.150390625000000000e-02 -7.592773437500000000e-01 2.495117187500000000e-01
1.594287109374999956e-01 8.172607421875000000e-01 6.529199218750000311e-01 6.690429687500000500e-02 9.890917968750000400e-01 -1.644917480468750082e+00 8.471679687500000000e-01 3.542480468750000000e+00 4.958496093750000000e+00 4.240722656250000000e+00 1.249511718750000000e+00
1.475537109374999989e-01 5.828857421875000000e-01 5.966699218750000089e-01 6.315429687500001554e-02 1.045341796875000062e+00 -1.176354980468750089e+00 -7.153320312500000000e-01 7.299804687500000000e-01 4.020996093750000000e+00 -2.946777343750000000e+00 1.812011718750000000e+00
3.375537109374999734e-01 8.328857421875000000e-01 7.766699218750000577e-01 4.315429687499999778e-02 9.453417968749999734e-01 -3.433549804687501261e-01 4.284667968750000000e+00 -4.270019531250000000e+00 -9.790039062500000000e-01 2.053222656250000000e+00 8.120117187500000000e-01
4.325537109375000022e-01 7.078857421875000000e-01 8.666699218750000266e-01 5.315429687500000666e-02 8.953417968750000400e-01 -1.592854980468749959e+00 1.784667968750000000e+00 3.229980468750000000e+00 1.520996093750000000e+00 4.553222656250000000e+00 1.312011718750000000e+00
2.425537109375000000e-01 9.578857421875000000e-01 6.866699218750000888e-01 3.315429687500000278e-02 9.953417968750000178e-01 -7.598549804687499964e-01 -3.215332031250000000e+00 -1.770019531250000000e+00 -3.479003906250000000e+00 -4.467773437500000000e-01 3.120117187500000000e-01
2.900537109374999867e-01 6.453857421875000000e-01 7.316699218750000178e-01 6.815429687500000611e-02 8.703417968750000178e-01 -9.681049804687500426e-01 -1.965332031250000000e+00 -3.020019531250000000e+00 2.770996093750000000e+00 3.303222656250000000e+00 1.062011718750000000e+00
4.800537109374999889e-01 8.953857421875000000e-01 5.516699218750000799e-01 4.815429687500000222e-02 9.703417968749999956e-01 -1.801104980468750005e+00 3.034667968750000000e+00 1.979980468750000000e+00 -2.229003906250000000e+00 -1.696777343750000000e+00 6.201171875000000000e-02
3.850537109375000155e-01 5.203857421875000000e-01 6.416699218750000488e-01 5.815429687500000416e-02 1.020341796874999929e+00 -5.516049804687501723e-01 5.346679687500000000e-01 -5.200195312500000000e-01 2.709960937500000000e-01 -4.196777343750000000e+00 1.562011718750000000e+00
1.950537109375000133e-01 7.703857421875000000e-01 8.216699218750000977e-01 3.815429687500000028e-02 9.203417968750000622e-01 -1.384604980468750135e+00 -4.465332031250000000e+00 4.479980468750000000e+00 -4.729003906250000000e+00 8.032226562500000000e-01 5.620117187500000000e-01
1.713037109374999922e-01 7.391357421875000000e-01 7.091699218750000533e-01 4.565429687500000000e-02 9.578417968750000400e-01 -1.488729980468749936e+00 -9.033203125000000000e-02 -1.145019531250000000e+00 3.395996093750000000e+00 -3.571777343750000000e+00 6.870117187500000000e-01
3.613037109375000222e-01 9.891357421875000000e-01 8.891699218749999911e-01 6.565429687500000389e-02 1.057841796875000018e+00 -6.557299804687499734e-01 4.909667968750000000e+00 3.854980468750000000e+00 -1.604003906250000000e+00 1.428222656250000000e+00 1.687011718750000000e+00
4.563037109374999956e-01 6.141357421875000000e-01 7.991699218750000222e-01 3.565429687499999806e-02 1.007841796874999973e+00 -1.905229980468750028e+00 2.409667968750000000e+00 -3.645019531250000000e+00 8.959960937500000000e-01 3.928222656250000000e+00 1.870117187500000000e-01
2.663037109374999933e-01 8.641357421875000000e-01 6.191699218750000844e-01 5.565429687500000888e-02 9.078417968749999956e-01 -1.072229980468750066e+00 -2.590332031250000000e+00 1.354980468750000000e+00 -4.104003906250000000e+00 -1.071777343750000000e+00 1.187011718750000000e+00
2.188037109375000067e-01 5.516357421875000000e-01 8.441699218750000622e-01 4.065429687500000250e-02 9.828417968750000622e-01 -8.639799804687500195e-01 -1.340332031250000000e+00 2.604980468750000000e+00 4.645996093750000000e+00 2.678222656250000000e+00 4.370117187500000000e-01
4.088037109375000089e-01 8.016357421875000000e-01 6.641699218750000133e-01 6.065429687500000638e-02 8.828417968749999734e-01 -1.696979980468749982e+00 3.659667968750000000e+00 -2.395019531250000000e+00 -3.540039062500000000e-01 -2.321777343750000000e+00 1.437011718750000000e+00
3.138037109375000355e-01 6.766357421875000000e-01 5.741699218750000444e-01 3.065429687500000056e-02 9.328417968750000178e-01 -4.474799804687501492e-01 1.159667968750000000e+00 1.049804687500000000e-01 2.145996093750000000e+00 -4.821777343750000000e+00 9.370117187500000000e-01
1.238037109374999917e-01 9.266357421875000000e-01 7.541699218749999822e-01 5.065429687500000444e-02 1.032841796875000107e+00 -1.280479980468749890e+00 -3.840332031250000000e+00 -4.895019531250000000e+00 -2.854003906250000000e+00 1.782226562500000000e-01 1.937011718750000000e+00
1.252880859374999878e-01 5.731201171875000000e-01 8.624511718750000888e-01 3.362304687499999972e-02 9.429980468749999956e-01 -1.638409667968750094e+00 1.901855468750000000e+00 -3.371582031250000000e+00 -2.502441406250000000e+00 1.154785156250000000e+00 1.038574218750000000e+00
3.152880859375000178e-01 8.231201171875000000e-01 6.824511718750000400e-01 5.362304687500000361e-02 1.042998046874999973e+00 -8.054096679687501315e-01 -3.098144531250000000e+00 1.628417968750000000e+00 2.497558593750000000e+00 -3.845214843750000000e+00 3.857421875000000000e-02
4.102880859374999911e-01 6.981201171875000000e-01 5.924511718750000711e-01 4.362304687500000167e-02 9.929980468750000400e-01 -1.221909667968750002e+00 -5.981445312500000000e-01 -8.715820312500000000e-01 -2.441406250000000000e-03 -1.345214843750000000e+00 1.538574218750000000e+00
2.202880859374999889e-01 9.481201171875000000e-01 7.724511718750000089e-01 6.362304687500000555e-02 8.929980468749999512e-01 -3.889096679687500391e-01 4.401855468750000000e+00 4.128417968750000000e+00 4.997558593750000000e+00 3.654785156250000000e+00 5.385742187500000000e-01
2.677880859375000311e-01 6.356201171875000000e-01 7.274511718750000799e-01 3.862304687499999722e-02 1.017998046875000062e+00 -5.971596679687500853e-01 6.518554687500000000e-01 3.784179687500000000e-01 -3.752441406250000000e+00 -9.521484375000000000e-02 1.788574218750000000e+00
4.577880859374999778e-01 8.856201171875000000e-01 9.074511718750000178e-01 5.862304687500000111e-02 9.179980468749999734e-01 -1.430159667968750048e+00 -4.348144531250000000e+00 -4.621582031250000000e+00 1.247558593750000000e+00 4.904785156250000000e+00 7.885742187500000000e-01
3.627880859375000044e-01 5.106201171875000000e-01 8.174511718750000488e-01 4.862304687500000611e-02 9.679980468750000178e-01 -1.013659667968750178e+00 -1.848144531250000000e+00 2.878417968750000000e+00 -1.252441406250000000e+00 2.404785156250000000e+00 1.288574218750000000e+00
1.727880859375000022e-01 7.606201171875000000e-01 6.374511718750000000e-01 6.862304687500000999e-02 1.067998046875000107e+00 -1.846659667968749918e+00 3.151855468750000000e+00 -2.121582031250000000e+00 3.747558593750000000e+00 -2.595214843750000000e+00 2.885742187500000000e-01
1.965380859374999956e-01 7.293701171875000000e-01 7.499511718750000444e-01 5.612304687499999889e-02 1.030498046875000018e+00 -1.950784667968749941e+00 1.276855468750000000e+00 3.503417968750000000e+00 -4.377441406250000000e+00 5.297851562500000000e-01 4.135742187500000000e-01
3.865380859374999978e-01 9.793701171875000000e-01 5.699511718749999956e-01 3.612304687500000194e-02 9.304980468750000400e-01 -1.117784667968749979e+00 -3.723144531250000000e+00 -1.496582031250000000e+00 6.225585937500000000e-01 -4.470214843750000000e+00 1.413574218750000000e+00
4.815380859375000266e-01 6.043701171875000000e-01 6.599511718750000755e-01 6.612304687500000777e-02 8.804980468749999956e-01 -1.534284667968750071e+00 -1.223144531250000000e+00 1.003417968750000000e+00 -1.877441406250000000e+00 -1.970214843750000000e+00 9.135742187500000000e-01
2.915380859374999689e-01 8.543701171875000000e-01 8.399511718750000133e-01 4.612304687500000389e-02 9.804980468749999734e-01 -7.012846679687501084e-01 3.776855468750000000e+00 -3.996582031250000000e+00 3.122558593750000000e+00 3.029785156250000000e+00 1.913574218750000000e+00
2.440380859374999822e-01 5.418701171875000000e-01 6.149511718750000355e-01 5.112304687500000139e-02 9.054980468750000178e-01 -4.930346679687500622e-01 2.685546875000000000e-02 -2.465820312500000000e-01 -3.127441406250000000e+00 -7.202148437500000000e-01 6.635742187500000000e-01
4.340380859374999845e-01 7.918701171875000000e-01 7.949511718749999734e-01 3.112304687499999750e-02 1.005498046875000107e+00 -1.326034667968750025e+00 -4.973144531250000000e+00 4.753417968750000000e+00 1.872558593750000000e+00 4.279785156250000000e+00 1.663574218750000000e+00
3.390380859375000111e-01 6.668701171875000000e-01 8.849511718750000533e-01 6.112304687500000333e-02 1.055498046875000151e+00 -9.095346679687501545e-01 -2.473144531250000000e+00 -2.746582031250000000e+00 -6.274414062500000000e-01 1.779785156250000000e+00 1.635742187500000000e-01
1.490380859375000089e-01 9.168701171875000000e-01 7.049511718750000044e-01 4.112304687499999944e-02 9.554980468750000622e-01 -1.742534667968750117e+00 2.526855468750000000e+00 2.253417968750000000e+00 4.372558593750000000e+00 -3.220214843750000000e+00 1.163574218750000000e+00
1.609130859375000056e-01 6.824951171875000000e-01 5.587011718750000133e-01 4.987304687500000722e-02 8.867480468749999734e-01 -1.273972167968750124e+00 -2.785644531250000000e+00 4.440917968750000000e+00 4.685058593750000000e+00 4.592285156250000000e+00 1.851074218750000000e+00
3.509130859375000355e-01 9.324951171875000000e-01 7.387011718750000622e-01 6.987304687500001110e-02 9.867480468750000622e-01 -4.409721679687501616e-01 2.214355468750000000e+00 -5.590820312500000000e-01 -3.149414062500000000e-01 -4.077148437500000000e-01 8.510742187500000000e-01
4.459130859375000089e-01 5.574951171875000000e-01 8.287011718750000311e-01 3.987304687499999833e-02 1.036748046875000107e+00 -1.690472167968749995e+00 4.714355468750000000e+00 1.940917968750000000e+00 2.185058593750000000e+00 -2.907714843750000000e+00 1.351074218750000000e+00
2.559130859375000067e-01 8.074951171875000000e-01 6.487011718749999822e-01 5.987304687500000222e-02 9.367480468750000178e-01 -8.574721679687500320e-01 -2.856445312500000000e-01 -3.059082031250000000e+00 -2.814941406250000000e+00 2.092285156250000000e+00 3.510742187500000000e-01
3.034130859374999933e-01 6.199951171875000000e-01 7.837011718749999911e-01 4.487304687500000278e-02 1.061748046875000018e+00 -1.065722167968750078e+00 -4.035644531250000000e+00 -1.809082031250000000e+00 3.435058593750000000e+00 -4.157714843750000000e+00 1.101074218750000000e+00
4.934130859374999956e-01 8.699951171875000000e-01 6.037011718750000533e-01 6.487304687500000666e-02 9.617480468750000400e-01 -1.898722167968750041e+00 9.643554687500000000e-01 3.190917968750000000e+00 -1.564941406250000000e+00 8.422851562500000000e-01 1.010742187500000000e-01
3.984130859375000222e-01 7.449951171875000000e-01 6.937011718750000222e-01 3.487304687500000083e-02 9.117480468749999956e-01 -6.492221679687499858e-01 3.464355468750000000e+00 -4.309082031250000000e+00 9.350585937500000000e-01 3.342285156250000000e+00 1.601074218750000000e+00
2.084130859374999922e-01 9.949951171875000000e-01 8.737011718750000711e-01 5.487304687500000472e-02 1.011748046874999973e+00 -1.482222167968750171e+00 -1.535644531250000000e+00 6.909179687500000000e-01 -4.064941406250000000e+00 -1.657714843750000000e+00 6.010742187500000000e-01
1.846630859374999989e-01 5.262451171875000000e-01 6.712011718750000577e-01 6.237304687500000444e-02 9.742480468749999956e-01 -1.378097167968749925e+00 -3.410644531250000000e+00 -4.934082031250000000e+00 2.810058593750000000e+00 3.967285156250000000e+00 7.260742187500000000e-01
3.746630859374999734e-01 7.762451171875000000e-01 8.512011718750001066e-01 4.237304687500000056e-02 8.742480468750000178e-01 -5.450971679687499627e-01 1.589355468750000000e+00 6.591796875000000000e-02 -2.189941406250000000e+00 -1.032714843750000000e+00 1.726074218750000000e+00
4.696630859375000022e-01 6.512451171875000000e-01 7.612011718750000266e-01 5.237304687500000250e-02 9.242480468750000622e-01 -1.794597167968750018e+00 4.089355468750000000e+00 -2.434082031250000000e+00 3.100585937500000000e-01 -3.532714843750000000e+00 2.260742187500000000e-01
2.796630859375000000e-01 9.012451171875000000e-01 5.812011718750000888e-01 3.237304687499999861e-02 1.024248046874999929e+00 -9.615971679687500551e-01 -9.106445312500000000e-01 2.565917968750000000e+00 -4.689941406250000000e+00 1.467285156250000000e+00 1.226074218750000000e+00
2.321630859375000133e-01 7.137451171875000000e-01 8.962011718750000355e-01 6.737304687500000888e-02 9.492480468749999734e-01 -7.533471679687500089e-01 -4.660644531250000000e+00 1.315917968750000000e+00 4.060058593750000000e+00 -4.782714843750000000e+00 4.760742187500000000e-01
4.221630859375000155e-01 9.637451171875000000e-01 7.162011718750000977e-01 4.737304687500000500e-02 1.049248046875000062e+00 -1.586347167968749972e+00 3.393554687500000000e-01 -3.684082031250000000e+00 -9.399414062500000000e-01 2.172851562500000000e-01 1.476074218750000000e+00
3.271630859374999867e-01 5.887451171875000000e-01 6.262011718750000178e-01 5.737304687500000000e-02 9.992480468750000178e-01 -3.368471679687501386e-01 2.839355468750000000e+00 3.815917968750000000e+00 1.560058593750000000e+00 2.717285156250000000e+00 9.760742187500000000e-01
1.371630859374999845e-01 8.387451171875000000e-01 8.062011718749999556e-01 3.737304687500000305e-02 8.992480468750000400e-01 -1.169847167968749879e+00 -2.160644531250000000e+00 -1.184082031250000000e+00 -3.439941406250000000e+00 -2.282714843750000000e+00 1.976074218750000000e+00
1.431005859374999967e-01 6.903076171875000000e-01 6.430761718749999911e-01 5.049804687500000777e-02 1.052373046875000107e+00 -1.039690917968750128e+00 4.558105468750000000e+00 2.221679687500000000e-01 1.716308593750000000e+00 6.860351562500000000e-01 1.382324218750000000e+00
3.331005859375000266e-01 9.403076171875000000e-01 8.230761718750000400e-01 3.049804687500000042e-02 9.523730468750000178e-01 -1.872690917968750091e+00 -4.418945312500000000e-01 -4.777832031250000000e+00 -3.283691406250000000e+00 -4.313964843750000000e+00 3.823242187500000000e-01
4.281005859375000000e-01 5.653076171875000000e-01 7.330761718750000711e-01 6.049804687500000278e-02 9.023730468749999734e-01 -6.231909179687500355e-01 -2.941894531250000000e+00 2.722167968750000000e+00 4.216308593750000000e+00 -1.813964843750000000e+00 1.882324218750000000e+00
2.381005859374999978e-01 8.153076171875000000e-01 5.530761718750000222e-01 4.049804687499999889e-02 1.002373046875000062e+00 -1.456190917968749998e+00 2.058105468750000000e+00 -2.277832031250000000e+00 -7.836914062500000000e-01 3.186035156250000000e+00 8.823242187500000000e-01
2.856005859374999845e-01 5.028076171875000000e-01 8.680761718750000799e-01 5.549804687500000527e-02 8.773730468749999512e-01 -1.247940917968750174e+00 3.308105468750000000e+00 -3.527832031250000000e+00 4.663085937500000000e-01 -5.639648437500000000e-01 1.632324218750000000e+00
4.756005859374999867e-01 7.528076171875000000e-01 6.880761718750000311e-01 3.549804687500000139e-02 9.773730468750000400e-01 -4.149409179687499893e-01 -1.691894531250000000e+00 1.472167968750000000e+00 -4.533691406250000000e+00 4.436035156250000000e+00 6.323242187500000000e-01
3.806005859375000133e-01 6.278076171875000000e-01 5.980761718750000622e-01 6.549804687500000722e-02 1.027373046874999973e+00 -1.664440917968750044e+00 -4.191894531250000000e+00 -1.027832031250000000e+00 2.966308593750000000e+00 1.936035156250000000e+00 1.132324218750000000e+00
1.906005859375000111e-01 8.778076171875000000e-01 7.780761718750000000e-01 4.549804687500000333e-02 9.273730468749999956e-01 -8.314409179687500817e-01 8.081054687500000000e-01 3.972167968750000000e+00 -2.033691406250000000e+00 -3.063964843750000000e+00 1.323242187500000000e-01
2.143505859375000044e-01 5.965576171875000000e-01 5.755761718750000977e-01 3.799804687499999667e-02 9.648730468749999734e-01 -9.355659179687501048e-01 3.933105468750000000e+00 -4.028320312500000000e-01 1.091308593750000000e+00 6.103515625000000000e-02 7.324218750000000000e-03
4.043505859375000067e-01 8.465576171875000000e-01 7.555761718750000355e-01 5.799804687500000056e-02 1.064873046875000062e+00 -1.768565917968750068e+00 -1.066894531250000000e+00 4.597167968750000000e+00 -3.908691406250000000e+00 -4.938964843750000000e+00 1.007324218750000000e+00
4.993505859374999800e-01 7.215576171875000000e-01 8.455761718750001155e-01 4.799804687500000555e-02 1.014873046875000018e+00 -5.190659179687500124e-01 -3.566894531250000000e+00 -2.902832031250000000e+00 3.591308593750000000e+00 -2.438964843750000000e+00 5.073242187500000000e-01
3.093505859374999778e-01 9.715576171875000000e-01 6.655761718750000666e-01 6.799804687500000944e-02 9.148730468750000400e-01 -1.352065917968749975e+00 1.433105468750000000e+00 2.097167968750000000e+00 -1.408691406250000000e+00 2.561035156250000000e+00 1.507324218750000000e+00
2.618505859374999911e-01 6.590576171875000000e-01 8.005761718749999645e-01 3.299804687499999917e-02 9.898730468749999956e-01 -1.560315917968750021e+00 2.683105468750000000e+00 3.347167968750000000e+00 2.341308593750000000e+00 -1.188964843750000000e+00 7.573242187500000000e-01
4.518505859374999933e-01 9.090576171875000000e-01 6.205761718750000266e-01 5.299804687500000305e-02 8.898730468750000178e-01 -7.273159179687500586e-01 -2.316894531250000000e+00 -1.652832031250000000e+00 -2.658691406250000000e+00 3.811035156250000000e+00 1.757324218750000000e+00
3.568505859374999645e-01 5.340576171875000000e-01 7.105761718750001066e-01 4.299804687500000111e-02 9.398730468750000622e-01 -1.976815917968750114e+00 -4.816894531250000000e+00 8.471679687500000000e-01 4.841308593750000000e+00 1.311035156250000000e+00 2.573242187500000000e-01
1.668505859374999900e-01 7.840576171875000000e-01 8.905761718750000444e-01 6.299804687500000500e-02 1.039873046874999929e+00 -1.143815917968749929e+00 1.831054687500000000e-01 -4.152832031250000000e+00 -1.586914062500000000e-01 -3.688964843750000000e+00 1.257324218750000000e+00
1.549755859374999933e-01 5.496826171875000000e-01 7.668261718750000178e-01 6.674804687500000833e-02 9.961230468749999734e-01 -6.752534179687501581e-01 -1.293945312500000000e-01 -1.340332031250000000e+00 -1.096191406250000000e+00 4.748535156250000000e+00 1.694824218750000000e+00
3.449755859374999956e-01 7.996826171875000000e-01 5.868261718750000799e-01 4.674804687500000444e-02 8.961230468749999956e-01 -1.508253417968750121e+00 4.870605468750000000e+00 3.659667968750000000e+00 3.903808593750000000e+00 -2.514648437500000000e-01 6.948242187500000000e-01
4.399755859375000244e-01 6.746826171875000000e-01 6.768261718750000488e-01 5.674804687499999944e-02 9.461230468750000400e-01 -1.091753417968750028e+00 2.370605468750000000e+00 -3.840332031250000000e+00 -3.596191406250000000e+00 -2.751464843750000000e+00 1.194824218750000000e+00
2.499755859374999944e-01 9.246826171875000000e-01 8.568261718750000977e-01 3.674804687500000250e-02 1.046123046875000018e+00 -1.924753417968749991e+00 -2.629394531250000000e+00 1.159667968750000000e+00 1.403808593750000000e+00 2.248535156250000000e+00 1.948242187500000000e-01
2.974755859375000089e-01 7.371826171875000000e-01 6.318261718750000089e-01 6.174804687500000389e-02 9.211230468750000178e-01 -1.716503417968749945e+00 -1.379394531250000000e+00 4.909667968750000000e+00 -2.346191406250000000e+00 -4.001464843750000000e+00 1.444824218750000000e+00
4.874755859375000111e-01 9.871826171875000000e-01 8.118261718750000577e-01 4.174804687500000000e-02 1.021123046875000107e+00 -8.835034179687499822e-01 3.620605468750000000e+00 -9.033203125000000000e-02 2.653808593750000000e+00 9.985351562500000000e-01 4.448242187500000000e-01
3.924755859374999822e-01 6.121826171875000000e-01 9.018261718750000266e-01 5.174804687500000194e-02 9.711230468750000622e-01 -1.300003417968750075e+00 1.120605468750000000e+00 2.409667968750000000e+00 -4.846191406250000000e+00 3.498535156250000000e+00 1.944824218750000000e+00
2.024755859374999800e-01 8.621826171875000000e-01 7.218261718750000888e-01 3.174804687499999806e-02 8.711230468749999734e-01 -4.670034179687501119e-01 -3.879394531250000000e+00 -2.590332031250000000e+00 1.538085937500000000e-01 -1.501464843750000000e+00 9.448242187500000000e-01
1.787255859374999867e-01 6.434326171875000000e-01 8.343261718750000222e-01 4.424804687500000222e-02 9.086230468750000622e-01 -3.628784179687500888e-01 -7.543945312500000000e-01 1.784667968750000000e+00 -1.721191406250000000e+00 4.123535156250000000e+00 8.198242187500000000e-01
3.687255859374999889e-01 8.934326171875000000e-01 6.543261718750000844e-01 6.424804687500000611e-02 1.008623046874999929e+00 -1.195878417968750052e+00 4.245605468750000000e+00 -3.215332031250000000e+00 3.278808593750000000e+00 -8.764648437500000000e-01 1.819824218750000000e+00
4.637255859375000178e-01 5.184326171875000000e-01 5.643261718750000044e-01 3.424804687500000028e-02 1.058623046874999973e+00 -7.793784179687499591e-01 1.745605468750000000e+00 4.284667968750000000e+00 -4.221191406250000000e+00 -3.376464843750000000e+00 3.198242187500000000e-01
2.737255859374999600e-01 7.684326171875000000e-01 7.443261718750000533e-01 5.424804687500000416e-02 9.586230468749999956e-01 -1.612378417968749922e+00 -3.254394531250000000e+00 -7.153320312500000000e-01 7.788085937500000000e-01 1.623535156250000000e+00 1.319824218750000000e+00
2.262255859375000011e-01 5.809326171875000000e-01 6.993261718750000133e-01 4.924804687500000666e-02 1.033623046875000062e+00 -1.820628417968749968e+00 -2.004394531250000000e+00 -4.465332031250000000e+00 -4.711914062500000000e-01 -4.626464843750000000e+00 6.982421875000000000e-02
4.162255859374999756e-01 8.309326171875000000e-01 8.793261718750000622e-01 6.924804687499999667e-02 9.336230468749999734e-01 -9.876284179687500053e-01 2.995605468750000000e+00 5.346679687500000000e-01 4.528808593750000000e+00 3.735351562500000000e-01 1.069824218750000000e+00
3.212255859375000022e-01 7.059326171875000000e-01 7.893261718749999822e-01 3.924804687499999778e-02 8.836230468750000400e-01 -1.404128417968749876e+00 4.956054687500000000e-01 -1.965332031250000000e+00 -2.971191406250000000e+00 2.873535156250000000e+00 5.698242187500000000e-01
1.312255859375000000e-01 9.559326171875000000e-01 6.093261718750000444e-01 5.924804687500000167e-02 9.836230468750000178e-01 -5.711284179687501350e-01 -4.504394531250000000e+00 3.034667968750000000e+00 2.028808593750000000e+00 -2.126464843750000000e+00 1.569824218750000000e+00
1.282568359375000078e-01 6.317138671875000000e-01 7.921386718750000888e-01 6.393554687499999889e-02 9.539355468750000400e-01 -4.800190429687500870e-01 3.386230468750000000e+00 1.081542968750000000e+00 -4.924316406250000000e+00 2.639160156250000000e+00 3.354492187500000000e-01
3.182568359374999822e-01 8.817138671875000000e-01 6.121386718750000400e-01 4.393554687500000194e-02 1.053935546875000018e+00 -1.313019042968750050e+00 -1.613769531250000000e+00 -3.918457031250000000e+00 7.568359375000000000e-02 -2.360839843750000000e+00 1.335449218750000000e+00
4.132568359375000111e-01 5.067138671875000000e-01 7.021386718750000089e-01 5.393554687500000389e-02 1.003935546874999973e+00 -8.965190429687499574e-01 -4.113769531250000000e+00 3.581542968750000000e+00 -2.424316406250000000e+00 -4.860839843750000000e+00 8.354492187500000000e-01
2.232568359375000089e-01 7.567138671875000000e-01 8.821386718750000577e-01 3.393554687500000000e-02 9.039355468749999956e-01 -1.729519042968750142e+00 8.862304687500000000e-01 -1.418457031250000000e+00 2.575683593750000000e+00 1.391601562500000000e-01 1.835449218750000000e+00
2.707568359374999956e-01 5.692138671875000000e-01 5.671386718750000000e-01 6.893554687500000333e-02 9.789355468750000622e-01 -1.937769042968749966e+00 4.636230468750000000e+00 -2.668457031250000000e+00 -3.674316406250000000e+00 -3.610839843750000000e+00 5.854492187500000000e-01
4.607568359374999978e-01 8.192138671875000000e-01 7.471386718750000488e-01 4.893554687499999944e-02 8.789355468749999734e-01 -1.104769042968750004e+00 -3.637695312500000000e-01 2.331542968750000000e+00 1.325683593750000000e+00 1.389160156250000000e+00 1.585449218750000000e+00
3.657568359374999689e-01 6.942138671875000000e-01 8.371386718750000178e-01 5.893554687500000833e-02 9.289355468750000178e-01 -1.521269042968750096e+00 -2.863769531250000000e+00 -1.684570312500000000e-01 -1.174316406250000000e+00 3.889160156250000000e+00 8.544921875000000000e-02
1.757568359374999944e-01 9.442138671875000000e-01 6.571386718750000799e-01 3.893554687500000444e-02 1.028935546875000107e+00 -6.882690429687501332e-01 2.136230468750000000e+00 4.831542968750000000e+00 3.825683593750000000e+00 -1.110839843750000000e+00 1.085449218750000000e+00
1.995068359375000155e-01 5.379638671875000000e-01 9.046386718750000222e-01 4.643554687499999722e-02 1.066435546874999973e+00 -5.841440429687501101e-01 2.761230468750000000e+00 -7.934570312500000000e-01 -3.049316406250000000e+00 3.264160156250000000e+00 1.210449218750000000e+00
3.895068359375000178e-01 7.879638671875000000e-01 7.246386718749999734e-01 6.643554687500000111e-02 9.664355468749999956e-01 -1.417144042968750073e+00 -2.238769531250000000e+00 4.206542968750000000e+00 1.950683593750000000e+00 -1.735839843750000000e+00 2.104492187500000000e-01
4.845068359374999911e-01 6.629638671875000000e-01 6.346386718750000044e-01 3.643554687500000222e-02 9.164355468750000622e-01 -1.000644042968750203e+00 -4.738769531250000000e+00 -3.293457031250000000e+00 -5.493164062500000000e-01 -4.235839843750000000e+00 1.710449218750000000e+00
2.945068359374999889e-01 9.129638671875000000e-01 8.146386718750000533e-01 5.643554687500000611e-02 1.016435546874999929e+00 -1.833644042968749943e+00 2.612304687500000000e-01 1.706542968750000000e+00 4.450683593750000000e+00 7.641601562500000000e-01 7.104492187500000000e-01
2.470068359375000022e-01 7.254638671875000000e-01 6.796386718750000444e-01 4.143554687499999972e-02 8.914355468750000400e-01 -1.625394042968749897e+00 4.011230468750000000e+00 2.956542968750000000e+00 -4.299316406250000000e+00 -2.985839843750000000e+00 1.960449218750000000e+00
4.370068359375000044e-01 9.754638671875000000e-01 8.596386718749999822e-01 6.143554687500000361e-02 9.914355468750000178e-01 -7.923940429687501563e-01 -9.887695312500000000e-01 -2.043457031250000000e+00 7.006835937500000000e-01 2.014160156250000000e+00 9.604492187500000000e-01
3.420068359375000311e-01 6.004638671875000000e-01 7.696386718750000133e-01 3.143554687499999778e-02 1.041435546875000062e+00 -1.208894042968750027e+00 -3.488769531250000000e+00 4.565429687500000000e-01 -1.799316406250000000e+00 4.514160156250000000e+00 1.460449218750000000e+00
1.520068359375000011e-01 8.504638671875000000e-01 5.896386718750000755e-01 5.143554687500000167e-02 9.414355468749999734e-01 -3.758940429687500639e-01 1.511230468750000000e+00 -4.543457031250000000e+00 3.200683593750000000e+00 -4.858398437500000000e-01 4.604492187500000000e-01
1.638818359374999978e-01 6.160888671875000000e-01 7.133886718749999911e-01 5.768554687500000722e-02 8.976855468750000178e-01 -8.444565429687500568e-01 -1.301269531250000000e+00 -2.355957031250000000e+00 2.888183593750000000e+00 1.701660156250000000e+00 5.229492187500000000e-01
3.538818359375000000e-01 8.660888671875000000e-01 8.933886718750000400e-01 3.768554687500000333e-02 9.976855468750001066e-01 -1.677456542968750020e+00 3.698730468750000000e+00 2.644042968750000000e+00 -2.111816406250000000e+00 -3.298339843750000000e+00 1.522949218750000000e+00
4.488818359374999734e-01 7.410888671875000000e-01 8.033886718750000711e-01 6.768554687500000222e-02 1.047685546875000151e+00 -4.279565429687499645e-01 1.198730468750000000e+00 -4.855957031250000000e+00 3.881835937500000000e-01 -7.983398437500000000e-01 2.294921875000000000e-02
2.588818359375000266e-01 9.910888671875000000e-01 6.233886718750000222e-01 4.768554687499999833e-02 9.476855468750000622e-01 -1.260956542968750149e+00 -3.801269531250000000e+00 1.440429687500000000e-01 -4.611816406250000000e+00 4.201660156250000000e+00 1.022949218750000000e+00
3.063818359375000133e-01 6.785888671875000000e-01 8.483886718750000000e-01 5.268554687500000278e-02 1.022685546875000018e+00 -1.469206542968749973e+00 -5.126953125000000000e-02 3.894042968750000000e+00 4.138183593750000000e+00 -2.048339843750000000e+00 2.729492187500000000e-01
4.963818359375000155e-01 9.285888671875000000e-01 6.683886718750000622e-01 3.268554687499999889e-02 9.226855468750000400e-01 -6.362065429687500107e-01 4.948730468750000000e+00 -1.105957031250000000e+00 -8.618164062500000000e-01 2.951660156250000000e+00 1.272949218750000000e+00
4.013818359374999867e-01 5.535888671875000000e-01 5.783886718750000933e-01 6.268554687499999778e-02 8.726855468749999956e-01 -1.885706542968750066e+00 2.448730468750000000e+00 1.394042968750000000e+00 1.638183593750000000e+00 4.516601562500000000e-01 7.729492187500000000e-01
2.113818359374999845e-01 8.035888671875000000e-01 7.583886718750000311e-01 4.268554687500000083e-02 9.726855468749999734e-01 -1.052706542968750103e+00 -2.551269531250000000e+00 -3.605957031250000000e+00 -3.361816406250000000e+00 -4.548339843750000000e+00 1.772949218750000000e+00
1.876318359374999911e-01 7.098388671875000000e-01 6.008886718750000577e-01 3.018554687500000014e-02 1.010185546875000062e+00 -1.156831542968749904e+00 -1.926269531250000000e+00 2.019042968750000000e+00 4.763183593750000000e+00 2.326660156250000000e+00 1.897949218750000000e+00
3.776318359374999933e-01 9.598388671875000000e-01 7.808886718749999956e-01 5.018554687500000056e-02 9.101855468749999734e-01 -1.989831542968750089e+00 3.073730468750000000e+00 -2.980957031250000000e+00 -2.368164062500000000e-01 -2.673339843750000000e+00 8.979492187500000000e-01
4.726318359375000222e-01 5.848388671875000000e-01 8.708886718749999645e-01 4.018554687499999861e-02 9.601855468750000178e-01 -7.403315429687500338e-01 5.737304687500000000e-01 4.519042968750000000e+00 2.263183593750000000e+00 -1.733398437500000000e-01 1.397949218750000000e+00
2.826318359374999645e-01 8.348388671875000000e-01 6.908886718750000266e-01 6.018554687500000944e-02 1.060185546875000107e+00 -1.573331542968749996e+00 -4.426269531250000000e+00 -4.809570312500000000e-01 -2.736816406250000000e+00 4.826660156250000000e+00 3.979492187500000000e-01
2.351318359374999778e-01 5.223388671875000000e-01 7.358886718750000666e-01 3.518554687500000111e-02 9.351855468749999956e-01 -1.365081542968749950e+00 -6.762695312500000000e-01 -4.230957031250000000e+00 3.513183593750000000e+00 -1.423339843750000000e+00 1.147949218750000000e+00
4.251318359374999800e-01 7.723388671875000000e-01 5.558886718750000178e-01 5.518554687500000500e-02 1.035185546874999973e+00 -5.320815429687499876e-01 4.323730468750000000e+00 7.690429687500000000e-01 -1.486816406250000000e+00 3.576660156250000000e+00 1.479492187500000000e-01
3.301318359375000067e-01 6.473388671875000000e-01 6.458886718750000977e-01 4.518554687500000305e-02 9.851855468750000400e-01 -1.781581542968750043e+00 1.823730468750000000e+00 -1.730957031250000000e+00 1.013183593750000000e+00 1.076660156250000000e+00 1.647949218750000000e+00
1.401318359375000044e-01 8.973388671875000000e-01 8.258886718750000355e-01 6.518554687500000000e-02 8.851855468749999512e-01 -9.485815429687500799e-01 -3.176269531250000000e+00 3.269042968750000000e+00 -3.986816406250000000e+00 -3.923339843750000000e+00 6.479492187500000000e-01
1.341943359374999922e-01 5.145263671875000000e-01 6.177636718750000311e-01 4.206054687500000028e-02 1.044560546875000107e+00 -1.495237792968750146e+00 7.299804687500000000e-01 -2.824707031250000000e+00 8.569335937500000000e-01 3.107910156250000000e+00 2.416992187500000000e-01
3.241943359375000222e-01 7.645263671875000000e-01 7.977636718750000799e-01 6.206054687500000416e-02 9.445605468750000178e-01 -6.622377929687499609e-01 -4.270019531250000000e+00 2.175292968750000000e+00 -4.143066406250000000e+00 -1.892089843750000000e+00 1.241699218750000000e+00
4.191943359374999956e-01 6.395263671875000000e-01 8.877636718750000488e-01 3.206054687499999833e-02 8.945605468749999734e-01 -1.911737792968750016e+00 -1.770019531250000000e+00 -3.247070312500000000e-01 3.356933593750000000e+00 -4.392089843750000000e+00 7.416992187500000000e-01
2.291943359374999933e-01 8.895263671875000000e-01 7.077636718750000000e-01 5.206054687500000222e-02 9.945605468750000622e-01 -1.078737792968750053e+00 3.229980468750000000e+00 4.675292968750000000e+00 -1.643066406250000000e+00 6.079101562500000000e-01 1.741699218750000000e+00
2.766943359375000355e-01 7.020263671875000000e-01 7.527636718750000400e-01 4.706054687499999778e-02 9.195605468749999956e-01 -8.704877929687500071e-01 1.979980468750000000e+00 9.252929687500000000e-01 2.106933593750000000e+00 -3.142089843750000000e+00 9.916992187500000000e-01
4.666943359374999822e-01 9.520263671875000000e-01 5.727636718749999911e-01 6.706054687500001554e-02 1.019560546874999973e+00 -1.703487792968749970e+00 -3.020019531250000000e+00 -4.074707031250000000e+00 -2.893066406250000000e+00 1.857910156250000000e+00 1.991699218750000000e+00
3.716943359375000089e-01 5.770263671875000000e-01 6.627636718750000711e-01 3.706054687500000278e-02 1.069560546875000018e+00 -4.539877929687501368e-01 -5.200195312500000000e-01 3.425292968750000000e+00 4.606933593750000000e+00 4.357910156250000000e+00 4.916992187500000000e-01
1.816943359375000067e-01 8.270263671875000000e-01 8.427636718750000089e-01 5.706054687500000666e-02 9.695605468750000400e-01 -1.286987792968750099e+00 4.479980468750000000e+00 -1.574707031250000000e+00 -3.930664062500000000e-01 -6.420898437500000000e-01 1.491699218750000000e+00
2.054443359375000000e-01 6.707763671875000000e-01 6.852636718750000355e-01 6.956054687500000389e-02 9.320605468750000622e-01 -1.182862792968750076e+00 1.049804687500000000e-01 2.800292968750000000e+00 1.481933593750000000e+00 3.732910156250000000e+00 1.366699218750000000e+00
3.954443359375000022e-01 9.207763671875000000e-01 8.652636718749999734e-01 4.956054687500000000e-02 1.032060546874999929e+00 -3.498627929687501137e-01 -4.895019531250000000e+00 -2.199707031250000000e+00 -3.518066406250000000e+00 -1.267089843750000000e+00 3.666992187500000000e-01
4.904443359374999756e-01 5.457763671875000000e-01 7.752636718750000044e-01 5.956054687500000888e-02 9.820605468749999956e-01 -1.599362792968749947e+00 -2.395019531250000000e+00 3.002929687500000000e-01 3.981933593750000000e+00 -3.767089843750000000e+00 1.866699218750000000e+00
3.004443359374999734e-01 7.957763671875000000e-01 5.952636718750000666e-01 3.956054687500000500e-02 8.820605468750000178e-01 -7.663627929687499840e-01 2.604980468750000000e+00 -4.699707031250000000e+00 -1.018066406250000000e+00 1.232910156250000000e+00 8.666992187500000000e-01
2.529443359374999867e-01 6.082763671875000000e-01 8.202636718750000444e-01 6.456054687500001332e-02 1.007060546875000018e+00 -9.746127929687500302e-01 1.354980468750000000e+00 -9.497070312500000000e-01 2.319335937500000000e-01 -2.517089843750000000e+00 1.616699218750000000e+00
4.429443359374999889e-01 8.582763671875000000e-01 6.402636718749999956e-01 4.456054687500000250e-02 9.070605468750000400e-01 -1.807612792968749993e+00 -3.645019531250000000e+00 4.050292968750000000e+00 -4.768066406250000000e+00 2.482910156250000000e+00 6.166992187500000000e-01
3.479443359374999600e-01 7.332763671875000000e-01 5.502636718750000266e-01 5.456054687500000444e-02 9.570605468749999734e-01 -5.581127929687501599e-01 -1.145019531250000000e+00 -3.449707031250000000e+00 2.731933593750000000e+00 4.982910156250000000e+00 1.116699218750000000e+00
1.579443359375000133e-01 9.832763671875000000e-01 7.302636718750000755e-01 3.456054687500000056e-02 1.057060546875000062e+00 -1.391112792968749901e+00 3.854980468750000000e+00 1.550292968750000000e+00 -2.268066406250000000e+00 -1.708984375000000000e-02 1.166992187500000000e-01
1.460693359374999889e-01 7.489013671875000000e-01 8.765136718749999556e-01 3.581054687500000167e-02 9.883105468749999734e-01 -1.859675292968749893e+00 -3.957519531250000000e+00 4.362792968750000000e+00 -1.330566406250000000e+00 1.545410156250000000e+00 9.291992187500000000e-01
3.360693359374999911e-01 9.989013671875000000e-01 6.965136718750000178e-01 5.581054687500000555e-02 8.883105468749999956e-01 -1.026675292968750153e+00 1.042480468750000000e+00 -6.372070312500000000e-01 3.669433593750000000e+00 -3.454589843750000000e+00 1.929199218750000000e+00
4.310693359375000200e-01 6.239013671875000000e-01 6.065136718750000488e-01 4.581054687500000361e-02 9.383105468750000400e-01 -1.443175292968750023e+00 3.542480468750000000e+00 1.862792968750000000e+00 -3.830566406250000000e+00 -9.545898437500000000e-01 4.291992187500000000e-01
2.410693359375000178e-01 8.739013671875000000e-01 7.865136718750000977e-01 6.581054687500001443e-02 1.038310546875000018e+00 -6.101752929687500604e-01 -1.457519531250000000e+00 -3.137207031250000000e+00 1.169433593750000000e+00 4.045410156250000000e+00 1.429199218750000000e+00
2.885693359375000044e-01 5.614013671875000000e-01 6.515136718750000888e-01 3.081054687500000069e-02 9.633105468750000622e-01 -4.019252929687500142e-01 -2.707519531250000000e+00 -1.887207031250000000e+00 -8.056640625000000000e-02 -2.204589843750000000e+00 1.791992187500000000e-01
4.785693359375000067e-01 8.114013671875000000e-01 8.315136718750000266e-01 5.081054687500000111e-02 1.063310546875000151e+00 -1.234925292968750199e+00 2.292480468750000000e+00 3.112792968750000000e+00 4.919433593750000000e+00 2.795410156250000000e+00 1.179199218750000000e+00
3.835693359374999778e-01 6.864013671875000000e-01 7.415136718750000577e-01 4.081054687499999917e-02 1.013310546875000107e+00 -8.184252929687501066e-01 4.792480468750000000e+00 -4.387207031250000000e+00 -2.580566406250000000e+00 2.954101562500000000e-01 6.791992187500000000e-01
1.935693359375000033e-01 9.364013671875000000e-01 5.615136718750000089e-01 6.081054687500000999e-02 9.133105468750000178e-01 -1.651425292968750069e+00 -2.075195312500000000e-01 6.127929687500000000e-01 2.419433593750000000e+00 -4.704589843750000000e+00 1.679199218750000000e+00
1.698193359374999822e-01 5.926513671875000000e-01 8.090136718750000622e-01 5.331054687500000333e-02 8.758105468750000400e-01 -1.755550292968750092e+00 -4.582519531250000000e+00 -3.762207031250000000e+00 -7.055664062500000000e-01 2.170410156250000000e+00 1.554199218750000000e+00
3.598193359375000400e-01 8.426513671875000000e-01 6.290136718750000133e-01 3.331054687499999944e-02 9.758105468750000178e-01 -9.225502929687501297e-01 4.174804687500000000e-01 1.237792968750000000e+00 4.294433593750000000e+00 -2.829589843750000000e+00 5.541992187500000000e-01
4.548193359375000133e-01 7.176513671875000000e-01 7.190136718749999822e-01 6.331054687500001221e-02 1.025810546875000062e+00 -1.339050292968750000e+00 2.917480468750000000e+00 -1.262207031250000000e+00 -3.205566406250000000e+00 -3.295898437500000000e-01 1.054199218750000000e+00
2.648193359375000111e-01 9.676513671875000000e-01 8.990136718750000311e-01 4.331054687500000139e-02 9.258105468749999734e-01 -5.060502929687500373e-01 -2.082519531250000000e+00 3.737792968750000000e+00 1.794433593750000000e+00 4.670410156250000000e+00 5.419921875000000000e-02
2.173193359374999967e-01 6.551513671875000000e-01 5.840136718750000844e-01 5.831054687500000777e-02 1.050810546874999973e+00 -7.143002929687500835e-01 -3.332519531250000000e+00 2.487792968750000000e+00 -1.955566406250000000e+00 -1.579589843750000000e+00 1.304199218750000000e+00
4.073193359375000266e-01 9.051513671875000000e-01 7.640136718750000222e-01 3.831054687500000389e-02 9.508105468749999956e-01 -1.547300292968750046e+00 1.667480468750000000e+00 -2.512207031250000000e+00 3.044433593750000000e+00 3.420410156250000000e+00 3.041992187500000000e-01
3.123193359374999978e-01 5.301513671875000000e-01 8.540136718749999911e-01 6.831054687500001665e-02 9.008105468750000622e-01 -1.130800292968749954e+00 4.167480468750000000e+00 4.987792968750000000e+00 -4.455566406250000000e+00 9.204101562500000000e-01 1.804199218750000000e+00
1.223193359374999956e-01 7.801513671875000000e-01 6.740136718750000533e-01 4.831054687499999889e-02 1.000810546874999929e+00 -1.963800292968749917e+00 -8.325195312500000000e-01 -1.220703125000000000e-02 5.444335937500000000e-01 -4.079589843750000000e+00 8.041992187500000000e-01
1.215771484374999906e-01 5.311279296875000000e-01 7.984667968749999956e-01 5.729492187500000167e-02 1.069951171875000107e+00 -9.258041992187500124e-01 -3.117675781250000000e+00 -4.406738281250000000e+00 4.704589843750000000e+00 -3.591308593750000000e+00 1.339355468750000000e+00
3.115771484375000067e-01 7.811279296875000000e-01 6.184667968750000577e-01 3.729492187499999778e-02 9.699511718750000178e-01 -1.758804199218749975e+00 1.882324218750000000e+00 5.932617187500000000e-01 -2.954101562500000000e-01 1.408691406250000000e+00 3.393554687500000000e-01
4.065771484374999800e-01 6.561279296875000000e-01 7.084667968750000266e-01 6.729492187499999667e-02 9.199511718749999734e-01 -5.093041992187501421e-01 4.382324218750000000e+00 -1.906738281250000000e+00 2.204589843750000000e+00 3.908691406250000000e+00 1.839355468750000000e+00
2.165771484374999778e-01 9.061279296875000000e-01 8.884667968749999645e-01 4.729492187500000666e-02 1.019951171875000062e+00 -1.342304199218749883e+00 -6.176757812500000000e-01 3.093261718750000000e+00 -2.795410156250000000e+00 -1.091308593750000000e+00 8.393554687500000000e-01
2.640771484374999645e-01 7.186279296875000000e-01 5.734667968750000178e-01 5.229492187500000416e-02 8.949511718749999512e-01 -1.550554199218749929e+00 -4.367675781250000000e+00 1.843261718750000000e+00 3.454589843750000000e+00 2.658691406250000000e+00 1.589355468750000000e+00
4.540771484375000222e-01 9.686279296875000000e-01 7.534667968750000666e-01 3.229492187500000028e-02 9.949511718750000400e-01 -7.175541992187499662e-01 6.323242187500000000e-01 -3.156738281250000000e+00 -1.545410156250000000e+00 -2.341308593750000000e+00 5.893554687500000000e-01
3.590771484374999933e-01 5.936279296875000000e-01 8.434667968750000355e-01 6.229492187500000611e-02 1.044951171874999973e+00 -1.967054199218750021e+00 3.132324218750000000e+00 4.343261718750000000e+00 9.545898437500000000e-01 -4.841308593750000000e+00 1.089355468750000000e+00
1.690771484374999911e-01 8.436279296875000000e-01 6.634667968750000977e-01 4.229492187500000222e-02 9.449511718749999956e-01 -1.134054199218750059e+00 -1.867675781250000000e+00 -6.567382812500000000e-01 -4.045410156250000000e+00 1.586914062500000000e-01 8.935546875000000000e-02
1.928271484374999845e-01 6.873779296875000000e-01 8.659667968750000000e-01 3.479492187500000250e-02 9.574511718750000622e-01 -1.029929199218750036e+00 -3.742675781250000000e+00 4.968261718750000000e+00 2.829589843750000000e+00 -2.966308593750000000e+00 2.143554687500000000e-01
3.828271484374999867e-01 9.373779296875000000e-01 6.859667968750000622e-01 5.479492187499999944e-02 1.057451171875000151e+00 -1.862929199218749998e+00 1.257324218750000000e+00 -3.173828125000000000e-02 -2.170410156250000000e+00 2.033691406250000000e+00 1.214355468750000000e+00
4.778271484375000155e-01 5.623779296875000000e-01 5.959667968750000933e-01 4.479492187500000444e-02 1.007451171875000107e+00 -6.134291992187501652e-01 3.757324218750000000e+00 2.468261718750000000e+00 3.295898437500000000e-01 4.533691406250000000e+00 7.143554687500000000e-01
2.878271484375000133e-01 8.123779296875000000e-01 7.759667968750000311e-01 6.479492187500000833e-02 9.074511718750000178e-01 -1.446429199218750128e+00 -1.242675781250000000e+00 -2.531738281250000000e+00 -4.670410156250000000e+00 -4.663085937500000000e-01 1.714355468750000000e+00
2.403271484374999989e-01 6.248779296875000000e-01 6.409667968750000222e-01 3.979492187500000000e-02 9.824511718749999734e-01 -1.238179199218750082e+00 -4.992675781250000000e+00 -1.281738281250000000e+00 4.079589843750000000e+00 3.283691406250000000e+00 9.643554687500000000e-01
4.303271484374999734e-01 8.748779296875000000e-01 8.209667968750000711e-01 5.979492187500000389e-02 8.824511718749999956e-01 -4.051791992187501190e-01 7.324218750000000000e-03 3.718261718750000000e+00 -9.204101562500000000e-01 -1.716308593750000000e+00 1.964355468750000000e+00
3.353271484375000000e-01 7.498779296875000000e-01 7.309667968749999911e-01 4.979492187500000194e-02 9.324511718750000400e-01 -1.654679199218749952e+00 2.507324218750000000e+00 -3.781738281250000000e+00 1.579589843750000000e+00 -4.216308593750000000e+00 4.643554687500000000e-01
1.453271484374999978e-01 9.998779296875000000e-01 5.509667968750000533e-01 6.979492187499999889e-02 1.032451171875000018e+00 -8.216791992187499893e-01 -2.492675781250000000e+00 1.218261718750000000e+00 -3.420410156250000000e+00 7.836914062500000000e-01 1.464355468750000000e+00
1.572021484374999944e-01 7.342529296875000000e-01 6.972167968750000444e-01 6.104492187500000500e-02 1.013701171874999973e+00 -3.531166992187499964e-01 2.194824218750000000e+00 3.405761718750000000e+00 -3.107910156250000000e+00 -2.028808593750000000e+00 1.526855468750000000e+00
3.472021484374999689e-01 9.842529296875000000e-01 8.772167968749999822e-01 4.104492187500000111e-02 9.137011718749999956e-01 -1.186116699218750181e+00 -2.805175781250000000e+00 -1.594238281250000000e+00 1.892089843750000000e+00 2.971191406250000000e+00 5.268554687500000000e-01
4.422021484374999978e-01 6.092529296875000000e-01 7.872167968750000133e-01 5.104492187500000305e-02 9.637011718750000400e-01 -7.696166992187500888e-01 -3.051757812500000000e-01 9.057617187500000000e-01 -6.079101562500000000e-01 4.711914062500000000e-01 1.026855468750000000e+00
2.522021484374999956e-01 8.592529296875000000e-01 6.072167968750000755e-01 3.104492187499999917e-02 1.063701171875000018e+00 -1.602616699218750052e+00 4.694824218750000000e+00 -4.094238281250000000e+00 4.392089843750000000e+00 -4.528808593750000000e+00 2.685546875000000000e-02
2.997021484374999822e-01 5.467529296875000000e-01 8.322167968750000533e-01 6.604492187499999556e-02 9.387011718750000178e-01 -1.810866699218750098e+00 9.448242187500000000e-01 -3.442382812500000000e-01 -4.357910156250000000e+00 1.721191406250000000e+00 1.276855468750000000e+00
4.897021484374999845e-01 7.967529296875000000e-01 6.522167968750000044e-01 4.604492187500000555e-02 1.038701171875000107e+00 -9.778666992187501350e-01 -4.055175781250000000e+00 4.655761718750000000e+00 6.420898437500000000e-01 -3.278808593750000000e+00 2.768554687500000000e-01
3.947021484375000111e-01 6.717529296875000000e-01 5.622167968750000355e-01 5.604492187500000056e-02 9.887011718750000622e-01 -1.394366699218750005e+00 -1.555175781250000000e+00 -2.844238281250000000e+00 -1.857910156250000000e+00 -7.788085937500000000e-01 1.776855468750000000e+00
2.047021484375000089e-01 9.217529296875000000e-01 7.422167968749999734e-01 3.604492187499999667e-02 8.887011718749999734e-01 -5.613666992187500426e-01 3.444824218750000000e+00 2.155761718750000000e+00 3.142089843750000000e+00 4.221191406250000000e+00 7.768554687500000000e-01
1.809521484374999878e-01 5.780029296875000000e-01 6.297167968750000400e-01 4.854492187500000083e-02 9.012011718750000400e-01 -6.654916992187500657e-01 1.569824218750000000e+00 -3.469238281250000000e+00 -4.982910156250000000e+00 -1.403808593750000000e+00 9.018554687500000000e-01
3.709521484375000178e-01 8.280029296875000000e-01 8.097167968750000888e-01 6.854492187499999778e-02 1.001201171875000018e+00 -1.498491699218750028e+00 -3.430175781250000000e+00 1.530761718750000000e+00 1.708984375000000000e-02 3.596191406250000000e+00 1.901855468750000000e+00
4.659521484374999911e-01 7.030029296875000000e-01 8.997167968750000577e-01 3.854492187499999889e-02 1.051201171875000062e+00 -1.081991699218749936e+00 -9.301757812500000000e-01 -9.692382812500000000e-01 -2.482910156250000000e+00 1.096191406250000000e+00 4.018554687500000000e-01
2.759521484374999889e-01 9.530029296875000000e-01 7.197167968750000089e-01 5.854492187500000278e-02 9.512011718749999734e-01 -1.914991699218750121e+00 4.069824218750000000e+00 4.030761718750000000e+00 2.517089843750000000e+00 -3.903808593750000000e+00 1.401855468750000000e+00
2.284521484375000022e-01 6.405029296875000000e-01 7.647167968750000488e-01 4.354492187500000333e-02 1.026201171874999929e+00 -1.706741699218750075e+00 3.198242187500000000e-01 2.807617187500000000e-01 -3.732910156250000000e+00 2.346191406250000000e+00 1.518554687500000000e-01
4.184521484375000044e-01 8.905029296875000000e-01 5.847167968750000000e-01 6.354492187500000722e-02 9.262011718750000622e-01 -8.737416992187501119e-01 -4.680175781250000000e+00 -4.719238281250000000e+00 1.267089843750000000e+00 -2.653808593750000000e+00 1.151855468750000000e+00
3.234521484375000311e-01 5.155029296875000000e-01 6.747167968750000799e-01 3.354492187500000139e-02 8.762011718750000178e-01 -1.290241699218749982e+00 -2.180175781250000000e+00 2.780761718750000000e+00 -1.232910156250000000e+00 -1.538085937500000000e-01 6.518554687500000000e-01
1.334521484375000011e-01 7.655029296875000000e-01 8.547167968750000178e-01 5.354492187499999833e-02 9.762011718749999956e-01 -4.572416992187500195e-01 2.819824218750000000e+00 -2.219238281250000000e+00 3.767089843750000000e+00 4.846191406250000000e+00 1.651855468750000000e+00
1.393896484374999856e-01 6.483154296875000000e-01 6.128417968750000666e-01 3.916992187499999944e-02 9.293261718749999956e-01 -1.993085449218749972e+00 -4.614257812500000000e-01 1.374511718750000000e+00 -7.641601562500000000e-01 -3.435058593750000000e+00 1.245605468750000000e+00
3.293896484374999600e-01 8.983154296875000000e-01 7.928417968750000044e-01 5.916992187500000333e-02 1.029326171874999973e+00 -1.160085449218750009e+00 4.538574218750000000e+00 -3.625488281250000000e+00 4.235839843750000000e+00 1.564941406250000000e+00 2.456054687500000000e-01
4.243896484374999889e-01 5.233154296875000000e-01 8.828417968749999734e-01 4.916992187500000139e-02 9.793261718750000400e-01 -1.576585449218750101e+00 2.038574218750000000e+00 3.874511718750000000e+00 -3.264160156250000000e+00 4.064941406250000000e+00 1.745605468750000000e+00
2.343896484374999867e-01 7.733154296875000000e-01 7.028417968750000355e-01 6.916992187500001221e-02 8.793261718749999512e-01 -7.435854492187501386e-01 -2.961425781250000000e+00 -1.125488281250000000e+00 1.735839843750000000e+00 -9.350585937500000000e-01 7.456054687500000000e-01
2.818896484374999734e-01 5.858154296875000000e-01 7.478417968750000755e-01 3.416992187500000194e-02 1.004326171875000062e+00 -5.353354492187500924e-01 -1.711425781250000000e+00 -4.875488281250000000e+00 -2.014160156250000000e+00 2.814941406250000000e+00 1.995605468750000000e+00
4.718896484374999756e-01 8.358154296875000000e-01 5.678417968750000266e-01 5.416992187499999889e-02 9.043261718749999734e-01 -1.368335449218750055e+00 3.288574218750000000e+00 1.245117187500000000e-01 2.985839843750000000e+00 -2.185058593750000000e+00 9.956054687500000000e-01
3.768896484375000022e-01 7.108154296875000000e-01 6.578417968749999956e-01 4.416992187500000389e-02 9.543261718750000178e-01 -9.518354492187499627e-01 7.885742187500000000e-01 -2.375488281250000000e+00 -4.514160156250000000e+00 -4.685058593750000000e+00 1.495605468750000000e+00
1.868896484375000000e-01 9.608154296875000000e-01 8.378417968750000444e-01 6.416992187500000777e-02 1.054326171875000107e+00 -1.784835449218749925e+00 -4.211425781250000000e+00 2.624511718750000000e+00 4.858398437500000000e-01 3.149414062500000000e-01 4.956054687500000000e-01
2.106396484374999933e-01 5.545654296875000000e-01 7.253417968750000000e-01 5.166992187500000361e-02 1.041826171874999929e+00 -1.680710449218750124e+00 -1.086425781250000000e+00 -1.750488281250000000e+00 -1.389160156250000000e+00 -2.810058593750000000e+00 3.706054687500000000e-01
4.006396484374999956e-01 8.045654296875000000e-01 9.053417968750000488e-01 3.166992187499999972e-02 9.418261718750000622e-01 -8.477104492187501616e-01 3.913574218750000000e+00 3.249511718750000000e+00 3.610839843750000000e+00 2.189941406250000000e+00 1.370605468750000000e+00
4.956396484375000244e-01 6.795654296875000000e-01 8.153417968750000799e-01 6.166992187500000555e-02 8.918261718750000178e-01 -1.264210449218750032e+00 1.413574218750000000e+00 -4.250488281250000000e+00 -3.889160156250000000e+00 4.689941406250000000e+00 8.706054687500000000e-01
3.056396484375000222e-01 9.295654296875000000e-01 6.353417968750000311e-01 4.166992187500000167e-02 9.918261718749999956e-01 -4.312104492187500693e-01 -3.586425781250000000e+00 7.495117187500000000e-01 1.110839843750000000e+00 -3.100585937500000000e-01 1.870605468750000000e+00
2.581396484375000355e-01 7.420654296875000000e-01 8.603417968750000089e-01 5.666992187500000111e-02 9.168261718750000400e-01 -6.394604492187501155e-01 -2.336425781250000000e+00 4.499511718750000000e+00 -1.391601562500000000e-01 3.439941406250000000e+00 6.206054687500000000e-01
4.481396484374999822e-01 9.920654296875000000e-01 6.803417968750000711e-01 3.666992187499999722e-02 1.016826171875000018e+00 -1.472460449218750078e+00 2.663574218750000000e+00 -5.004882812500000000e-01 4.860839843750000000e+00 -1.560058593750000000e+00 1.620605468750000000e+00
3.531396484375000089e-01 6.170654296875000000e-01 5.903417968749999911e-01 6.666992187500000999e-02 1.066826171875000062e+00 -1.055960449218749986e+00 1.635742187500000000e-01 1.999511718750000000e+00 -2.639160156250000000e+00 -4.060058593750000000e+00 1.206054687500000000e-01
1.631396484375000067e-01 8.670654296875000000e-01 7.703417968750000400e-01 4.666992187500000611e-02 9.668261718749999734e-01 -1.888960449218749948e+00 -4.836425781250000000e+00 -3.000488281250000000e+00 2.360839843750000000e+00 9.399414062500000000e-01 1.120605468750000000e+00
1.512646484374999822e-01 6.014404296875000000e-01 8.940917968749999556e-01 4.291992187500000278e-02 8.730761718749999734e-01 -1.420397949218750178e+00 4.851074218750000000e+00 -1.879882812500000000e-01 1.423339843750000000e+00 -2.497558593750000000e+00 1.933105468750000000e+00
3.412646484374999845e-01 8.514404296875000000e-01 7.140917968750000178e-01 6.291992187500000666e-02 9.730761718750000622e-01 -5.873979492187499929e-01 -1.489257812500000000e-01 4.812011718750000000e+00 -3.576660156250000000e+00 2.502441406250000000e+00 9.331054687500000000e-01
4.362646484375000133e-01 7.264404296875000000e-01 6.240917968750000488e-01 3.291992187500000083e-02 1.023076171875000107e+00 -1.836897949218750048e+00 -2.648925781250000000e+00 -2.687988281250000000e+00 3.923339843750000000e+00 2.441406250000000000e-03 1.433105468750000000e+00
2.462646484374999833e-01 9.764404296875000000e-01 8.040917968750000977e-01 5.291992187500000472e-02 9.230761718750000178e-01 -1.003897949218750085e+00 2.351074218750000000e+00 2.312011718750000000e+00 -1.076660156250000000e+00 -4.997558593750000000e+00 4.331054687500000000e-01
2.937646484374999978e-01 6.639404296875000000e-01 6.690917968750000888e-01 4.791992187500000722e-02 1.048076171875000018e+00 -7.956479492187500391e-01 3.601074218750000000e+00 3.562011718750000000e+00 1.733398437500000000e-01 1.252441406250000000e+00 1.183105468750000000e+00
4.837646484375000000e-01 9.139404296875000000e-01 8.490917968750000266e-01 6.791992187500001110e-02 9.480761718750000400e-01 -1.628647949218750002e+00 -1.398925781250000000e+00 -1.437988281250000000e+00 -4.826660156250000000e+00 -3.747558593750000000e+00 1.831054687500000000e-01
3.887646484374999711e-01 5.389404296875000000e-01 7.590917968750000577e-01 3.791992187499999833e-02 8.980761718749999956e-01 -3.791479492187501688e-01 -3.898925781250000000e+00 1.062011718750000000e+00 2.673339843750000000e+00 -1.247558593750000000e+00 1.683105468750000000e+00
1.987646484374999967e-01 7.889404296875000000e-01 5.790917968750000089e-01 5.791992187500000222e-02 9.980761718749999734e-01 -1.212147949218750131e+00 1.101074218750000000e+00 -3.937988281250000000e+00 -2.326660156250000000e+00 3.752441406250000000e+00 6.831054687500000000e-01
1.750146484375000033e-01 6.951904296875000000e-01 7.815917968750000222e-01 6.541992187500000888e-02 9.855761718750000178e-01 -1.316272949218749932e+00 4.226074218750000000e+00 4.370117187500000000e-01 7.983398437500000000e-01 -1.872558593750000000e+00 5.581054687500000000e-01
3.650146484374999778e-01 9.451904296875000000e-01 6.015917968750000844e-01 4.541992187500000500e-02 8.855761718750000400e-01 -4.832729492187499698e-01 -7.739257812500000000e-01 -4.562988281250000000e+00 -4.201660156250000000e+00 3.127441406250000000e+00 1.558105468750000000e+00
4.600146484375000067e-01 5.701904296875000000e-01 6.915917968750000533e-01 5.541992187500000000e-02 9.355761718749999734e-01 -1.732772949218750025e+00 -3.273925781250000000e+00 2.937011718750000000e+00 3.298339843750000000e+00 6.274414062500000000e-01 5.810546875000000000e-02
2.700146484375000044e-01 8.201904296875000000e-01 8.715917968749999911e-01 3.541992187499999611e-02 1.035576171875000062e+00 -8.997729492187500622e-01 1.726074218750000000e+00 -2.062988281250000000e+00 -1.701660156250000000e+00 -4.372558593750000000e+00 1.058105468750000000e+00
2.225146484374999900e-01 5.076904296875000000e-01 5.565917968750000444e-01 6.041992187500000444e-02 9.605761718749999956e-01 -1.108022949218749886e+00 2.976074218750000000e+00 -3.312988281250000000e+00 2.048339843750000000e+00 1.877441406250000000e+00 3.081054687500000000e-01
4.125146484375000200e-01 7.576904296875000000e-01 7.365917968749999822e-01 4.041992187500000056e-02 1.060576171874999973e+00 -1.941022949218750071e+00 -2.023925781250000000e+00 1.687011718750000000e+00 -2.951660156250000000e+00 -3.122558593750000000e+00 1.308105468750000000e+00
3.175146484374999911e-01 6.326904296875000000e-01 8.265917968750000622e-01 5.041992187500000250e-02 1.010576171874999929e+00 -6.915229492187500160e-01 -4.523925781250000000e+00 -8.129882812500000000e-01 4.548339843750000000e+00 -6.225585937500000000e-01 8.081054687500000000e-01
1.275146484374999889e-01 8.826904296875000000e-01 6.465917968750000133e-01 3.041992187499999861e-02 9.105761718750000622e-01 -1.524522949218749979e+00 4.760742187500000000e-01 4.187011718750000000e+00 -4.516601562500000000e-01 4.377441406250000000e+00 1.808105468750000000e+00
1.304833984375000089e-01 7.069091796875000000e-01 8.237792968749999556e-01 4.510742187499999778e-02 1.027763671875000062e+00 -1.199132324218750156e+00 -1.633300781250000000e+00 2.390136718750000000e+00 2.751464843750000000e+00 -2.319335937500000000e-01 4.248046875000000000e-02
3.204833984375000111e-01 9.569091796875000000e-01 6.437792968750000178e-01 6.510742187500001554e-02 9.277636718749999734e-01 -3.661323242187499716e-01 3.366699218750000000e+00 -2.609863281250000000e+00 -2.248535156250000000e+00 4.768066406250000000e+00 1.042480468750000000e+00
4.154833984374999845e-01 5.819091796875000000e-01 5.537792968750000488e-01 3.510742187500000278e-02 8.777636718750000400e-01 -1.615632324218750027e+00 8.666992187500000000e-01 4.890136718750000000e+00 2.514648437500000000e-01 2.268066406250000000e+00 5.424804687500000000e-01
2.254833984374999822e-01 8.319091796875000000e-01 7.337792968750000977e-01 5.510742187500000666e-02 9.777636718750000178e-01 -7.826323242187500639e-01 -4.133300781250000000e+00 -1.098632812500000000e-01 -4.748535156250000000e+00 -2.731933593750000000e+00 1.542480468750000000e+00
2.729833984374999689e-01 5.194091796875000000e-01 6.887792968750000577e-01 4.010742187500000028e-02 9.027636718750000622e-01 -9.908823242187501101e-01 -3.833007812500000000e-01 -3.859863281250000000e+00 4.001464843750000000e+00 1.018066406250000000e+00 7.924804687500000000e-01
4.629833984375000266e-01 7.694091796875000000e-01 8.687792968750001066e-01 6.010742187500000416e-02 1.002763671874999929e+00 -1.823882324218750073e+00 4.616699218750000000e+00 1.140136718750000000e+00 -9.985351562500000000e-01 -3.981933593750000000e+00 1.792480468750000000e+00
3.679833984374999978e-01 6.444091796875000000e-01 7.787792968750000266e-01 3.010742187499999833e-02 1.052763671874999973e+00 -5.743823242187500178e-01 2.116699218750000000e+00 -1.359863281250000000e+00 1.501464843750000000e+00 -1.481933593750000000e+00 2.924804687500000000e-01
1.779833984374999956e-01 8.944091796875000000e-01 5.987792968750000888e-01 5.010742187500000222e-02 9.527636718749999956e-01 -1.407382324218749980e+00 -2.883300781250000000e+00 3.640136718750000000e+00 -3.498535156250000000e+00 3.518066406250000000e+00 1.292480468750000000e+00
2.017333984374999889e-01 6.131591796875000000e-01 7.562792968750000622e-01 6.260742187500001332e-02 9.402636718750000400e-01 -1.511507324218750004e+00 -2.258300781250000000e+00 -1.984863281250000000e+00 4.626464843750000000e+00 -8.569335937500000000e-01 1.417480468750000000e+00
3.917333984374999911e-01 8.631591796875000000e-01 5.762792968750000133e-01 4.260742187500000250e-02 1.040263671875000018e+00 -6.785073242187500409e-01 2.741699218750000000e+00 3.015136718750000000e+00 -3.735351562500000000e-01 4.143066406250000000e+00 4.174804687500000000e-01
4.867333984375000200e-01 7.381591796875000000e-01 6.662792968749999822e-01 5.260742187500000444e-02 9.902636718749999734e-01 -1.928007324218750096e+00 2.416992187500000000e-01 -4.484863281250000000e+00 2.126464843750000000e+00 1.643066406250000000e+00 1.917480468750000000e+00
2.967333984375000178e-01 9.881591796875000000e-01 8.462792968750000311e-01 3.260742187500000056e-02 8.902636718749999956e-01 -1.095007324218749911e+00 -4.758300781250000000e+00 5.151367187500000000e-01 -2.873535156250000000e+00 -3.356933593750000000e+00 9.174804687500000000e-01
2.492333984375000033e-01 6.756591796875000000e-01 6.212792968750000533e-01 6.760742187500000389e-02 1.015263671875000107e+00 -8.867573242187500870e-01 -1.008300781250000000e+00 4.265136718750000000e+00 3.376464843750000000e+00 3.930664062500000000e-01 1.667480468750000000e+00
4.392333984374999778e-01 9.256591796875000000e-01 8.012792968749999911e-01 4.760742187500000000e-02 9.152636718750000178e-01 -1.719757324218750050e+00 3.991699218750000000e+00 -7.348632812500000000e-01 -1.623535156250000000e+00 -4.606933593750000000e+00 6.674804687500000000e-01
3.442333984375000044e-01 5.506591796875000000e-01 8.912792968750000711e-01 5.760742187500000888e-02 9.652636718750000622e-01 -4.702573242187499947e-01 1.491699218750000000e+00 1.765136718750000000e+00 8.764648437500000000e-01 -2.106933593750000000e+00 1.167480468750000000e+00
1.542333984375000022e-01 8.006591796875000000e-01 7.112792968750000222e-01 3.760742187499999806e-02 1.065263671875000151e+00 -1.303257324218749957e+00 -3.508300781250000000e+00 -3.234863281250000000e+00 -4.123535156250000000e+00 2.893066406250000000e+00 1.674804687500000000e-01
1.661083984374999989e-01 5.350341796875000000e-01 5.875292968749999956e-01 3.135742187499999944e-02 9.715136718750000400e-01 -1.771819824218749950e+00 3.679199218750000000e+00 -1.047363281250000000e+00 -4.436035156250000000e+00 -4.294433593750000000e+00 8.549804687500000000e-01
3.561083984374999734e-01 7.850341796875000000e-01 7.675292968750000444e-01 5.135742187500000333e-02 8.715136718749999512e-01 -9.388198242187499876e-01 -1.320800781250000000e+00 3.952636718750000000e+00 5.639648437500000000e-01 7.055664062500000000e-01 1.854980468750000000e+00
4.511083984375000022e-01 6.600341796875000000e-01 8.575292968750000133e-01 4.135742187500000139e-02 9.215136718749999956e-01 -1.355319824218750080e+00 -3.820800781250000000e+00 -3.547363281250000000e+00 -1.936035156250000000e+00 3.205566406250000000e+00 3.549804687500000000e-01
2.611083984375000000e-01 9.100341796875000000e-01 6.775292968750000755e-01 6.135742187500000527e-02 1.021513671874999973e+00 -5.223198242187501172e-01 1.179199218750000000e+00 1.452636718750000000e+00 3.063964843750000000e+00 -1.794433593750000000e+00 1.354980468750000000e+00
3.086083984374999867e-01 7.225341796875000000e-01 8.125292968749999734e-01 3.635742187500000389e-02 9.465136718750000178e-01 -7.305698242187501634e-01 4.929199218750000000e+00 2.702636718750000000e+00 -3.186035156250000000e+00 4.455566406250000000e+00 1.049804687500000000e-01
4.986083984374999889e-01 9.725341796875000000e-01 6.325292968750000355e-01 5.635742187500000777e-02 1.046513671875000107e+00 -1.563569824218749904e+00 -7.080078125000000000e-02 -2.297363281250000000e+00 1.813964843750000000e+00 -5.444335937500000000e-01 1.104980468750000000e+00
4.036083984375000155e-01 5.975341796875000000e-01 7.225292968750000044e-01 4.635742187499999889e-02 9.965136718750000622e-01 -1.147069824218750034e+00 -2.570800781250000000e+00 2.026367187500000000e-01 -6.860351562500000000e-01 -3.044433593750000000e+00 6.049804687500000000e-01
2.136083984375000133e-01 8.475341796875000000e-01 9.025292968750000533e-01 6.635742187500000278e-02 8.965136718749999734e-01 -1.980069824218749996e+00 2.429199218750000000e+00 -4.797363281250000000e+00 4.313964843750000000e+00 1.955566406250000000e+00 1.604980468750000000e+00
1.898583984374999922e-01 6.287841796875000000e-01 6.550292968750000000e-01 5.885742187500000305e-02 8.840136718750000178e-01 -1.875944824218749973e+00 3.054199218750000000e+00 8.276367187500000000e-01 -2.561035156250000000e+00 -4.919433593750000000e+00 1.729980468750000000e+00
3.798583984375000222e-01 8.787841796875000000e-01 8.350292968750000488e-01 3.885742187499999917e-02 9.840136718749999956e-01 -1.042944824218750011e+00 -1.945800781250000000e+00 -4.172363281250000000e+00 2.438964843750000000e+00 8.056640625000000000e-02 7.299804687500000000e-01
4.748583984374999956e-01 5.037841796875000000e-01 7.450292968750000799e-01 6.885742187500000500e-02 1.034013671874999929e+00 -1.459444824218750103e+00 -4.445800781250000000e+00 3.327636718750000000e+00 -6.103515625000000000e-02 2.580566406250000000e+00 1.229980468750000000e+00
2.848583984374999933e-01 7.537841796875000000e-01 5.650292968750000311e-01 4.885742187500000111e-02 9.340136718750000622e-01 -6.264448242187501403e-01 5.541992187500000000e-01 -1.672363281250000000e+00 4.938964843750000000e+00 -2.419433593750000000e+00 2.299804687500000000e-01
2.373583984375000067e-01 5.662841796875000000e-01 8.800292968750000888e-01 5.385742187500000555e-02 1.059013671875000062e+00 -4.181948242187500941e-01 4.304199218750000000e+00 -2.922363281250000000e+00 -3.811035156250000000e+00 3.830566406250000000e+00 1.479980468750000000e+00
4.273583984375000089e-01 8.162841796875000000e-01 7.000292968750000400e-01 3.385742187500000167e-02 9.590136718749999734e-01 -1.251194824218750057e+00 -6.958007812500000000e-01 2.077636718750000000e+00 1.188964843750000000e+00 -1.169433593750000000e+00 4.799804687500000000e-01
3.323583984375000355e-01 6.912841796875000000e-01 6.100292968750000711e-01 6.385742187500001443e-02 9.090136718750000400e-01 -8.346948242187499645e-01 -3.195800781250000000e+00 -4.223632812500000000e-01 -1.311035156250000000e+00 -3.669433593750000000e+00 1.979980468750000000e+00
1.423583984375000056e-01 9.412841796875000000e-01 7.900292968750000089e-01 4.385742187500000361e-02 1.009013671875000018e+00 -1.667694824218750149e+00 1.804199218750000000e+00 4.577636718750000000e+00 3.688964843750000000e+00 1.330566406250000000e+00 9.799804687500000000e-01
1.364208984374999933e-01 5.897216796875000000e-01 6.831542968750000666e-01 6.823242187500000444e-02 9.683886718749999956e-01 -5.483510742187500675e-01 -4.289550781250000000e+00 -4.328613281250000000e+00 -1.779785156250000000e+00 -3.881835937500000000e-01 3.862304687500000000e-01
3.264208984374999956e-01 8.397216796875000000e-01 8.631542968750001155e-01 4.823242187500000056e-02 1.068388671874999973e+00 -1.381351074218750030e+00 7.104492187500000000e-01 6.713867187500000000e-01 3.220214843750000000e+00 4.611816406250000000e+00 1.386230468750000000e+00
4.214208984375000244e-01 7.147216796875000000e-01 7.731542968750000355e-01 5.823242187500000944e-02 1.018388671874999929e+00 -9.648510742187499378e-01 3.210449218750000000e+00 -1.828613281250000000e+00 -4.279785156250000000e+00 2.111816406250000000e+00 8.862304687500000000e-01
2.314208984374999944e-01 9.647216796875000000e-01 5.931542968750000977e-01 3.823242187499999861e-02 9.183886718750000622e-01 -1.797851074218749901e+00 -1.789550781250000000e+00 3.171386718750000000e+00 7.202148437500000000e-01 -2.888183593750000000e+00 1.886230468750000000e+00
2.789208984375000089e-01 6.522216796875000000e-01 9.081542968750000444e-01 6.323242187500000000e-02 9.933886718750000178e-01 -1.589601074218750076e+00 -3.039550781250000000e+00 1.921386718750000000e+00 -5.297851562500000000e-01 8.618164062500000000e-01 6.362304687500000000e-01
4.689208984375000111e-01 9.022216796875000000e-01 7.281542968750001066e-01 4.323242187500000305e-02 8.933886718750000400e-01 -7.566010742187501137e-01 1.960449218750000000e+00 -3.078613281250000000e+00 4.470214843750000000e+00 -4.138183593750000000e+00 1.636230468750000000e+00
3.739208984374999822e-01 5.272216796875000000e-01 6.381542968750000266e-01 5.323242187500000500e-02 9.433886718749999734e-01 -1.173101074218749984e+00 4.460449218750000000e+00 4.421386718750000000e+00 -3.029785156250000000e+00 -1.638183593750000000e+00 1.362304687500000000e-01
1.839208984374999800e-01 7.772216796875000000e-01 8.181542968749999645e-01 3.323242187500000111e-02 1.043388671875000062e+00 -3.401010742187500213e-01 -5.395507812500000000e-01 -5.786132812500000000e-01 1.970214843750000000e+00 3.361816406250000000e+00 1.136230468750000000e+00
2.076708984375000011e-01 7.459716796875000000e-01 5.706542968750000222e-01 4.073242187500000083e-02 1.055888671875000018e+00 -4.442260742187500444e-01 -4.914550781250000000e+00 3.796386718750000000e+00 -1.154785156250000000e+00 -1.013183593750000000e+00 1.011230468750000000e+00
3.976708984374999756e-01 9.959716796875000000e-01 7.506542968750000711e-01 6.073242187500000472e-02 9.558886718750000400e-01 -1.277226074218750007e+00 8.544921875000000000e-02 -1.203613281250000000e+00 3.845214843750000000e+00 3.986816406250000000e+00 1.123046875000000000e-02
4.926708984375000044e-01 6.209716796875000000e-01 8.406542968750000400e-01 3.073242187499999889e-02 9.058886718749999956e-01 -8.607260742187501368e-01 2.585449218750000000e+00 1.296386718750000000e+00 -3.654785156250000000e+00 1.486816406250000000e+00 1.511230468750000000e+00
3.026708984375000022e-01 8.709716796875000000e-01 6.606542968749999911e-01 5.073242187500000278e-02 1.005888671874999973e+00 -1.693726074218750099e+00 -2.414550781250000000e+00 -3.703613281250000000e+00 1.345214843750000000e+00 -3.513183593750000000e+00 5.112304687500000000e-01
2.551708984374999600e-01 5.584716796875000000e-01 7.956542968750000000e-01 4.573242187499999833e-02 8.808886718749999734e-01 -1.901976074218749924e+00 -3.664550781250000000e+00 -2.453613281250000000e+00 -2.404785156250000000e+00 2.368164062500000000e-01 1.761230468750000000e+00
4.451708984375000178e-01 8.084716796875000000e-01 6.156542968750000622e-01 6.573242187500000222e-02 9.808886718750000622e-01 -1.068976074218749961e+00 1.335449218750000000e+00 2.546386718750000000e+00 2.595214843750000000e+00 -4.763183593750000000e+00 7.612304687500000000e-01
3.501708984374999889e-01 6.834716796875000000e-01 7.056542968750000311e-01 3.573242187500000333e-02 1.030888671875000107e+00 -1.485476074218750053e+00 3.835449218750000000e+00 -4.953613281250000000e+00 -4.904785156250000000e+00 -2.263183593750000000e+00 1.261230468750000000e+00
1.601708984374999867e-01 9.334716796875000000e-01 8.856542968750000799e-01 5.573242187500000722e-02 9.308886718750000178e-01 -6.524760742187500906e-01 -1.164550781250000000e+00 4.638671875000000000e-02 9.521484375000000000e-02 2.736816406250000000e+00 2.612304687500000000e-01
1.482958984374999900e-01 6.678466796875000000e-01 7.394042968750000888e-01 5.448242187500000611e-02 9.121386718749999734e-01 -1.121038574218750083e+00 1.022949218750000000e+00 2.858886718750000000e+00 1.032714843750000000e+00 -3.825683593750000000e+00 6.987304687500000000e-01
3.382958984374999645e-01 9.178466796875000000e-01 5.594042968750000400e-01 3.448242187500000222e-02 1.012138671875000062e+00 -1.954038574218750046e+00 -3.977050781250000000e+00 -2.141113281250000000e+00 -3.967285156250000000e+00 1.174316406250000000e+00 1.698730468750000000e+00
4.332958984374999933e-01 5.428466796875000000e-01 6.494042968750000089e-01 6.448242187500000111e-02 1.062138671875000107e+00 -7.045385742187499911e-01 -1.477050781250000000e+00 3.588867187500000000e-01 3.532714843750000000e+00 3.674316406250000000e+00 1.987304687500000000e-01
2.432958984374999911e-01 7.928466796875000000e-01 8.294042968750000577e-01 4.448242187500000416e-02 9.621386718750000178e-01 -1.537538574218749954e+00 3.522949218750000000e+00 -4.641113281250000000e+00 -1.467285156250000000e+00 -1.325683593750000000e+00 1.198730468750000000e+00
2.907958984374999778e-01 6.053466796875000000e-01 6.044042968750000799e-01 5.948242187500000361e-02 1.037138671874999973e+00 -1.329288574218749908e+00 2.272949218750000000e+00 -8.911132812500000000e-01 2.282714843750000000e+00 4.924316406250000000e+00 4.487304687500000000e-01
4.807958984374999800e-01 8.553466796875000000e-01 7.844042968750000178e-01 3.948242187499999972e-02 9.371386718749999956e-01 -4.962885742187501670e-01 -2.727050781250000000e+00 4.108886718750000000e+00 -2.717285156250000000e+00 -7.568359375000000000e-02 1.448730468750000000e+00
3.857958984375000067e-01 7.303466796875000000e-01 8.744042968750000977e-01 6.948242187500000555e-02 8.871386718749999512e-01 -1.745788574218750000e+00 -2.270507812500000000e-01 -3.391113281250000000e+00 4.782714843750000000e+00 -2.575683593750000000e+00 9.487304687500000000e-01
1.957958984375000044e-01 9.803466796875000000e-01 6.944042968750000488e-01 4.948242187500000167e-02 9.871386718750000400e-01 -9.127885742187500373e-01 4.772949218750000000e+00 1.608886718750000000e+00 -2.172851562500000000e-01 2.424316406250000000e+00 1.948730468750000000e+00
1.720458984375000111e-01 5.115966796875000000e-01 8.519042968750000222e-01 3.698242187499999750e-02 9.996386718750001066e-01 -8.086635742187500142e-01 3.979492187500000000e-01 -2.766113281250000000e+00 1.657714843750000000e+00 -4.450683593750000000e+00 1.823730468750000000e+00
3.620458984375000133e-01 7.615966796875000000e-01 6.719042968750000844e-01 5.698242187500000833e-02 8.996386718750000178e-01 -1.641663574218749977e+00 -4.602050781250000000e+00 2.233886718750000000e+00 -3.342285156250000000e+00 5.493164062500000000e-01 8.237304687500000000e-01
4.570458984374999867e-01 6.365966796875000000e-01 5.819042968750000044e-01 4.698242187499999944e-02 9.496386718750000622e-01 -3.921635742187501439e-01 -2.102050781250000000e+00 -2.661132812500000000e-01 4.157714843750000000e+00 3.049316406250000000e+00 1.323730468750000000e+00
2.670458984374999845e-01 8.865966796875000000e-01 7.619042968750000533e-01 6.698242187500000333e-02 1.049638671875000151e+00 -1.225163574218750107e+00 2.897949218750000000e+00 4.733886718750000000e+00 -8.422851562500000000e-01 -1.950683593750000000e+00 3.237304687500000000e-01
2.195458984374999978e-01 6.990966796875000000e-01 7.169042968750000133e-01 3.198242187500000000e-02 9.246386718750000400e-01 -1.433413574218750153e+00 1.647949218750000000e+00 9.838867187500000000e-01 4.077148437500000000e-01 4.299316406250000000e+00 1.073730468750000000e+00
4.095458984375000000e-01 9.490966796875000000e-01 8.969042968750000622e-01 5.198242187500000389e-02 1.024638671875000018e+00 -6.004135742187499680e-01 -3.352050781250000000e+00 -4.016113281250000000e+00 -4.592285156250000000e+00 -7.006835937500000000e-01 7.373046875000000000e-02
3.145458984375000266e-01 5.740966796875000000e-01 8.069042968749999822e-01 4.198242187500000194e-02 9.746386718749999734e-01 -1.849913574218750023e+00 -8.520507812500000000e-01 3.483886718750000000e+00 2.907714843750000000e+00 -3.200683593750000000e+00 1.573730468750000000e+00
1.245458984374999967e-01 8.240966796875000000e-01 6.269042968750000444e-01 6.198242187500000583e-02 8.746386718749999956e-01 -1.016913574218750060e+00 4.147949218750000000e+00 -1.516113281250000000e+00 -2.092285156250000000e+00 1.799316406250000000e+00 5.737304687500000000e-01
1.230615234375000006e-01 6.776123046875000000e-01 7.211230468750000622e-01 4.495117187500000111e-02 9.769824218750000622e-01 -6.589838867187500782e-01 -2.219238281250000000e+00 -5.395507812500000000e-01 -2.365722656250000000e+00 2.150878906250000000e+00 4.565429687500000000e-01
3.130615234374999889e-01 9.276123046875000000e-01 9.011230468750000000e-01 6.495117187500000500e-02 8.769824218749999734e-01 -1.491983886718750041e+00 2.780761718750000000e+00 4.460449218750000000e+00 2.634277343750000000e+00 -2.849121093750000000e+00 1.456542968750000000e+00
4.080615234375000178e-01 5.526123046875000000e-01 8.111230468750000311e-01 3.495117187499999917e-02 9.269824218750000178e-01 -1.075483886718750171e+00 2.807617187500000000e-01 -3.039550781250000000e+00 -4.865722656250000000e+00 -3.491210937500000000e-01 9.565429687500000000e-01
2.180615234375000155e-01 8.026123046875000000e-01 6.311230468749999822e-01 5.495117187500000305e-02 1.026982421875000107e+00 -1.908483886718749911e+00 -4.719238281250000000e+00 1.960449218750000000e+00 1.342773437500000000e-01 4.650878906250000000e+00 1.956542968750000000e+00
2.655615234375000022e-01 6.151123046875000000e-01 8.561230468750000711e-01 4.995117187500000555e-02 9.519824218750000400e-01 -1.700233886718750087e+00 -9.692382812500000000e-01 3.210449218750000000e+00 -1.115722656250000000e+00 -1.599121093750000000e+00 7.065429687500000000e-01
4.555615234375000044e-01 8.651123046875000000e-01 6.761230468750000222e-01 6.995117187500000944e-02 1.051982421875000018e+00 -8.672338867187501243e-01 4.030761718750000000e+00 -1.789550781250000000e+00 3.884277343750000000e+00 3.400878906250000000e+00 1.706542968750000000e+00
3.605615234375000311e-01 7.401123046875000000e-01 5.861230468750000533e-01 3.995117187499999667e-02 1.001982421874999973e+00 -1.283733886718749995e+00 1.530761718750000000e+00 7.104492187500000000e-01 -3.615722656250000000e+00 9.008789062500000000e-01 2.065429687500000000e-01
1.705615234375000011e-01 9.901123046875000000e-01 7.661230468749999911e-01 5.995117187500000056e-02 9.019824218749999956e-01 -4.507338867187500320e-01 -3.469238281250000000e+00 -4.289550781250000000e+00 1.384277343750000000e+00 -4.099121093750000000e+00 1.206542968750000000e+00
1.943115234374999944e-01 5.213623046875000000e-01 6.086230468750000178e-01 6.745117187500000722e-02 8.894824218750000400e-01 -3.466088867187500089e-01 -1.594238281250000000e+00 8.544921875000000000e-02 -4.907226562500000000e-01 1.525878906250000000e+00 1.081542968750000000e+00
3.843115234375000244e-01 7.713623046875000000e-01 7.886230468750000666e-01 4.745117187500000333e-02 9.894824218750000178e-01 -1.179608886718749972e+00 3.405761718750000000e+00 -4.914550781250000000e+00 4.509277343750000000e+00 -3.474121093750000000e+00 8.154296875000000000e-02
4.793115234374999978e-01 6.463623046875000000e-01 8.786230468750000355e-01 5.745117187500000527e-02 1.039482421875000062e+00 -7.631088867187501013e-01 9.057617187500000000e-01 2.585449218750000000e+00 -2.990722656250000000e+00 -9.741210937500000000e-01 1.581542968750000000e+00
2.893115234374999956e-01 8.963623046875000000e-01 6.986230468750000977e-01 3.745117187500000139e-02 9.394824218749999734e-01 -1.596108886718750064e+00 -4.094238281250000000e+00 -2.414550781250000000e+00 2.009277343750000000e+00 4.025878906250000000e+00 5.815429687500000000e-01
2.418115234375000089e-01 7.088623046875000000e-01 7.436230468750000266e-01 6.245117187500000278e-02 1.064482421874999973e+00 -1.804358886718750110e+00 -3.442382812500000000e-01 -3.664550781250000000e+00 -1.740722656250000000e+00 -2.224121093750000000e+00 1.831542968750000000e+00
4.318115234375000111e-01 9.588623046875000000e-01 5.636230468750000888e-01 4.245117187499999889e-02 9.644824218749999956e-01 -9.713588867187501474e-01 4.655761718750000000e+00 1.335449218750000000e+00 3.259277343750000000e+00 2.775878906250000000e+00 8.315429687500000000e-01
3.368115234374999822e-01 5.838623046875000000e-01 6.536230468750000577e-01 5.245117187500000777e-02 9.144824218750000622e-01 -1.387858886718750018e+00 2.155761718750000000e+00 -1.164550781250000000e+00 -4.240722656250000000e+00 2.758789062500000000e-01 1.331542968750000000e+00
1.468115234375000078e-01 8.338623046875000000e-01 8.336230468750001066e-01 3.245117187499999695e-02 1.014482421874999929e+00 -5.548588867187500551e-01 -2.844238281250000000e+00 3.835449218750000000e+00 7.592773437500000000e-01 -4.724121093750000000e+00 3.315429687500000000e-01
1.586865234375000044e-01 5.682373046875000000e-01 7.773730468749999734e-01 3.870117187500000250e-02 1.020732421875000018e+00 -1.023421386718750048e+00 3.093261718750000000e+00 1.647949218750000000e+00 4.467773437500000000e-01 3.713378906250000000e+00 6.440429687500000000e-01
3.486865234375000067e-01 8.182373046875000000e-01 5.973730468750000355e-01 5.870117187499999944e-02 9.207324218750000400e-01 -1.856421386718750011e+00 -1.906738281250000000e+00 -3.352050781250000000e+00 -4.553222656250000000e+00 -1.286621093750000000e+00 1.644042968750000000e+00
4.436865234374999800e-01 6.932373046875000000e-01 6.873730468750000044e-01 4.870117187500000444e-02 8.707324218749999956e-01 -6.069213867187499556e-01 -4.406738281250000000e+00 4.147949218750000000e+00 2.946777343750000000e+00 -3.786621093750000000e+00 1.440429687500000000e-01
2.536865234374999778e-01 9.432373046875000000e-01 8.673730468750000533e-01 6.870117187500000833e-02 9.707324218749999734e-01 -1.439921386718749918e+00 5.932617187500000000e-01 -8.520507812500000000e-01 -2.053222656250000000e+00 1.213378906250000000e+00 1.144042968750000000e+00
3.011865234374999645e-01 6.307373046875000000e-01 5.523730468749999956e-01 3.370117187499999806e-02 8.957324218750000178e-01 -1.231671386718749872e+00 4.343261718750000000e+00 -4.602050781250000000e+00 1.696777343750000000e+00 -2.536621093750000000e+00 3.940429687500000000e-01
4.911865234375000222e-01 8.807373046875000000e-01 7.323730468750000444e-01 5.370117187500000194e-02 9.957324218750001066e-01 -3.986713867187501315e-01 -6.567382812500000000e-01 3.979492187500000000e-01 -3.303222656250000000e+00 2.463378906250000000e+00 1.394042968750000000e+00
3.961865234374999933e-01 5.057373046875000000e-01 8.223730468750000133e-01 4.370117187500000000e-02 1.045732421875000151e+00 -1.648171386718749964e+00 -3.156738281250000000e+00 -2.102050781250000000e+00 4.196777343750000000e+00 4.963378906250000000e+00 8.940429687500000000e-01
2.061865234374999911e-01 7.557373046875000000e-01 6.423730468750000755e-01 6.370117187500000389e-02 9.457324218750000622e-01 -8.151713867187500018e-01 1.843261718750000000e+00 2.897949218750000000e+00 -8.032226562500000000e-01 -3.662109375000000000e-02 1.894042968750000000e+00
1.824365234374999978e-01 7.244873046875000000e-01 8.898730468750000178e-01 5.120117187500000666e-02 9.332324218749999956e-01 -9.192963867187500249e-01 3.718261718750000000e+00 -1.477050781250000000e+00 2.321777343750000000e+00 3.088378906250000000e+00 1.769042968750000000e+00
3.724365234375000000e-01 9.744873046875000000e-01 7.098730468750000799e-01 3.120117187499999931e-02 1.033232421874999973e+00 -1.752296386718749988e+00 -1.281738281250000000e+00 3.522949218750000000e+00 -2.678222656250000000e+00 -1.911621093750000000e+00 7.690429687500000000e-01
4.674365234374999734e-01 5.994873046875000000e-01 6.198730468750000000e-01 6.120117187500000167e-02 9.832324218750000400e-01 -5.027963867187501545e-01 -3.781738281250000000e+00 -3.977050781250000000e+00 4.821777343750000000e+00 -4.411621093750000000e+00 1.269042968750000000e+00
2.774365234375000266e-01 8.494873046875000000e-01 7.998730468750000488e-01 4.120117187499999778e-02 8.832324218749999512e-01 -1.335796386718750117e+00 1.218261718750000000e+00 1.022949218750000000e+00 -1.782226562500000000e-01 5.883789062500000000e-01 2.690429687500000000e-01
2.299365234374999845e-01 5.369873046875000000e-01 6.648730468750000400e-01 5.620117187500000416e-02 1.008232421875000062e+00 -1.544046386718749941e+00 4.968261718750000000e+00 4.772949218750000000e+00 1.071777343750000000e+00 -3.161621093750000000e+00 1.019042968750000000e+00
4.199365234374999867e-01 7.869873046875000000e-01 8.448730468750000888e-01 3.620117187500000028e-02 9.082324218749999734e-01 -7.110463867187499787e-01 -3.173828125000000000e-02 -2.270507812500000000e-01 -3.928222656250000000e+00 1.838378906250000000e+00 1.904296875000000000e-02
3.249365234375000133e-01 6.619873046875000000e-01 7.548730468750000089e-01 6.620117187500000611e-02 9.582324218750000178e-01 -1.960546386718750034e+00 -2.531738281250000000e+00 2.272949218750000000e+00 3.571777343750000000e+00 4.338378906250000000e+00 1.519042968750000000e+00
1.349365234374999833e-01 9.119873046875000000e-01 5.748730468750000711e-01 4.620117187500000222e-02 1.058232421875000107e+00 -1.127546386718750071e+00 2.468261718750000000e+00 -2.727050781250000000e+00 -1.428222656250000000e+00 -6.616210937500000000e-01 5.190429687500000000e-01
1.408740234374999956e-01 5.604248046875000000e-01 8.729980468750000444e-01 6.182617187500000222e-02 9.176074218749999956e-01 -1.309765136718750167e+00 -4.875488281250000000e+00 3.679199218750000000e+00 3.415527343750000000e+00 2.307128906250000000e+00 1.127929687500000000e-01
