# cosmological_parameters--omega_m cosmological_parameters--s_8 cosmological_parameters--h0 cosmological_parameters--omega_b cosmological_parameters--n_s cosmological_parameters--w intrinsic_alignment_parameters--a1 intrinsic_alignment_parameters--alpha1 intrinsic_alignment_parameters--a2 intrinsic_alignment_parameters--alpha2 intrinsic_alignment_parameters--bias_ta
4.345947265624999778e-01 9.786376953125000000e-01 7.251660156250000488e-01 5.508789062500000361e-02 9.089160156250000178e-01 -5.459106445312500444e-01 3.400878906250000000e+00 -3.210449218750000000e+00 3.752441406250000000e+00 -4.748535156250000000e+00 2.817382812500000000e-01
3.395947265625000044e-01 6.036376953125000000e-01 6.351660156250000799e-01 4.508789062500000167e-02 9.589160156250000622e-01 -1.795410644531250099e+00 9.008789062500000000e-01 4.289550781250000000e+00 -3.747558593750000000e+00 -2.248535156250000000e+00 1.781738281250000000e+00
1.495947265625000022e-01 8.536376953125000000e-01 8.151660156250000178e-01 6.508789062500000555e-02 1.058916015625000151e+00 -9.624106445312501368e-01 -4.099121093750000000e+00 -7.104492187500000000e-01 1.252441406250000000e+00 2.751464843750000000e+00 7.817382812500000000e-01
1.614697265624999989e-01 6.192626953125000000e-01 8.489160156249999645e-01 6.383789062500000444e-02 9.776660156249999956e-01 -5.979731445312501670e-01 4.338378906250000000e+00 -3.522949218750000000e+00 2.189941406250000000e+00 -3.811035156250000000e+00 2.192382812500000000e-01
3.514697265624999734e-01 8.692626953125000000e-01 6.689160156250000266e-01 4.383789062500000056e-02 8.776660156250000178e-01 -1.430973144531249908e+00 -6.616210937500000000e-01 1.477050781250000000e+00 -2.810058593750000000e+00 1.188964843750000000e+00 1.219238281250000000e+00
4.464697265625000022e-01 7.442626953125000000e-01 5.789160156250000577e-01 5.383789062500000250e-02 9.276660156250000622e-01 -1.014473144531250037e+00 -3.161621093750000000e+00 -1.022949218750000000e+00 4.689941406250000000e+00 3.688964843750000000e+00 7.192382812500000000e-01
2.564697265625000000e-01 9.942626953125000000e-01 7.589160156249999956e-01 3.383789062499999861e-02 1.027666015624999929e+00 -1.847473144531250000e+00 1.838378906250000000e+00 3.977050781250000000e+00 -3.100585937500000000e-01 -1.311035156250000000e+00 1.719238281250000000e+00
3.039697265624999867e-01 6.817626953125000000e-01 7.139160156250000666e-01 6.883789062500000888e-02 9.526660156249999734e-01 -1.639223144531249954e+00 3.088378906250000000e+00 2.270507812500000000e-01 9.399414062500000000e-01 4.938964843750000000e+00 9.692382812500000000e-01
4.939697265624999889e-01 9.317626953125000000e-01 8.939160156250000044e-01 4.883789062500000500e-02 1.052666015625000062e+00 -8.062231445312499911e-01 -1.911621093750000000e+00 -4.772949218750000000e+00 -4.060058593750000000e+00 -6.103515625000000000e-02 1.969238281250000000e+00
3.989697265625000155e-01 5.567626953125000000e-01 8.039160156250000355e-01 5.883789062500000000e-02 1.002666015625000018e+00 -1.222723144531250083e+00 -4.411621093750000000e+00 2.727050781250000000e+00 3.439941406250000000e+00 -2.561035156250000000e+00 4.692382812500000000e-01
2.089697265625000133e-01 8.067626953125000000e-01 6.239160156250000977e-01 3.883789062500000305e-02 9.026660156250000400e-01 -3.897231445312501208e-01 5.883789062500000000e-01 -2.272949218750000000e+00 -1.560058593750000000e+00 2.438964843750000000e+00 1.469238281250000000e+00
1.852197265624999922e-01 7.130126953125000000e-01 7.364160156250000311e-01 4.633789062500000278e-02 8.901660156249999734e-01 -4.938481445312501439e-01 4.963378906250000000e+00 3.352050781250000000e+00 3.149414062500000000e-01 -4.436035156250000000e+00 1.344238281250000000e+00
3.752197265625000222e-01 9.630126953125000000e-01 5.564160156250000933e-01 6.633789062500000666e-02 9.901660156250000622e-01 -1.326848144531250107e+00 -3.662109375000000000e-02 -1.647949218750000000e+00 -4.685058593750000000e+00 5.639648437500000000e-01 3.442382812500000000e-01
4.702197265624999956e-01 5.880126953125000000e-01 6.464160156250000622e-01 3.633789062500000083e-02 1.040166015625000107e+00 -9.103481445312500142e-01 -2.536621093750000000e+00 8.520507812500000000e-01 2.814941406250000000e+00 3.063964843750000000e+00 1.844238281250000000e+00
2.802197265624999933e-01 8.380126953125000000e-01 8.264160156250000000e-01 5.633789062500000472e-02 9.401660156250000178e-01 -1.743348144531249977e+00 2.463378906250000000e+00 -4.147949218750000000e+00 -2.185058593750000000e+00 -1.936035156250000000e+00 8.442382812500000000e-01
2.327197265625000067e-01 5.255126953125000000e-01 6.014160156250000222e-01 4.133789062499999833e-02 1.065166015625000018e+00 -1.951598144531250023e+00 3.713378906250000000e+00 -3.979492187500000000e-01 1.564941406250000000e+00 4.313964843750000000e+00 1.594238281250000000e+00
4.227197265625000089e-01 7.755126953125000000e-01 7.814160156250000711e-01 6.133789062500000222e-02 9.651660156250000400e-01 -1.118598144531250060e+00 -1.286621093750000000e+00 4.602050781250000000e+00 -3.435058593750000000e+00 -6.860351562500000000e-01 5.942382812500000000e-01
3.277197265625000355e-01 6.505126953125000000e-01 8.714160156250000400e-01 3.133789062499999639e-02 9.151660156249999956e-01 -1.535098144531250153e+00 -3.786621093750000000e+00 -2.897949218750000000e+00 4.064941406250000000e+00 -3.186035156250000000e+00 1.094238281250000000e+00
1.377197265625000056e-01 9.005126953125000000e-01 6.914160156249999911e-01 5.133789062500000722e-02 1.015166015624999973e+00 -7.020981445312499680e-01 1.213378906250000000e+00 2.102050781250000000e+00 -9.350585937500000000e-01 1.813964843750000000e+00 9.423828125000000000e-02
1.436572265624999900e-01 5.020751953125000000e-01 7.532910156250000044e-01 3.571289062500000028e-02 9.620410156249999956e-01 -1.717316894531250027e+00 -3.630371093750000000e+00 -1.804199218750000000e+00 3.908691406250000000e+00 -2.172851562500000000e-01 5.004882812500000000e-01
3.336572265624999645e-01 7.520751953125000000e-01 5.732910156250000666e-01 5.571289062500000416e-02 1.062041015624999973e+00 -8.843168945312500639e-01 1.369628906250000000e+00 3.195800781250000000e+00 -1.091308593750000000e+00 4.782714843750000000e+00 1.500488281250000000e+00
4.286572265624999933e-01 6.270751953125000000e-01 6.632910156250000355e-01 4.571289062500000222e-02 1.012041015624999929e+00 -1.300816894531250156e+00 3.869628906250000000e+00 -4.304199218750000000e+00 1.408691406250000000e+00 2.282714843750000000e+00 4.882812500000000000e-04
2.386572265624999911e-01 8.770751953125000000e-01 8.432910156249999734e-01 6.571289062500000611e-02 9.120410156250000622e-01 -4.678168945312499716e-01 -1.130371093750000000e+00 6.958007812500000000e-01 -3.591308593750000000e+00 -2.717285156250000000e+00 1.000488281250000000e+00
2.861572265624999778e-01 6.895751953125000000e-01 6.182910156249999956e-01 3.071289062499999931e-02 9.870410156250000178e-01 -6.760668945312500178e-01 -4.880371093750000000e+00 4.445800781250000000e+00 2.658691406250000000e+00 1.032714843750000000e+00 2.504882812500000000e-01
4.761572265624999800e-01 9.395751953125000000e-01 7.982910156250000444e-01 5.071289062500000666e-02 8.870410156250000400e-01 -1.509066894531249980e+00 1.196289062500000000e-01 -5.541992187500000000e-01 -2.341308593750000000e+00 -3.967285156250000000e+00 1.250488281250000000e+00
3.811572265625000067e-01 5.645751953125000000e-01 8.882910156250000133e-01 4.071289062499999778e-02 9.370410156249999734e-01 -1.092566894531250110e+00 2.619628906250000000e+00 1.945800781250000000e+00 1.586914062500000000e-01 -1.467285156250000000e+00 7.504882812500000000e-01
1.911572265625000044e-01 8.145751953125000000e-01 7.082910156250000755e-01 6.071289062500000167e-02 1.037041015625000062e+00 -1.925566894531250073e+00 -2.380371093750000000e+00 -3.054199218750000000e+00 -4.841308593750000000e+00 3.532714843750000000e+00 1.750488281250000000e+00
2.149072265624999978e-01 6.583251953125000000e-01 8.207910156250000089e-01 5.321289062500000194e-02 1.049541015625000018e+00 -1.821441894531250050e+00 -3.005371093750000000e+00 1.320800781250000000e+00 3.283691406250000000e+00 -8.422851562500000000e-01 1.875488281250000000e+00
4.049072265625000000e-01 9.083251953125000000e-01 6.407910156250000711e-01 3.321289062499999806e-02 9.495410156250000400e-01 -9.884418945312500870e-01 1.994628906250000000e+00 -3.679199218750000000e+00 -1.716308593750000000e+00 4.157714843750000000e+00 8.754882812500000000e-01
4.999072265624999734e-01 5.333251953125000000e-01 5.507910156249999911e-01 6.321289062500000389e-02 8.995410156249999956e-01 -1.404941894531249957e+00 4.494628906250000000e+00 3.820800781250000000e+00 7.836914062500000000e-01 1.657714843750000000e+00 1.375488281250000000e+00
3.099072265625000266e-01 7.833251953125000000e-01 7.307910156250000400e-01 4.321289062500000000e-02 9.995410156249999734e-01 -5.719418945312499947e-01 -5.053710937500000000e-01 -1.179199218750000000e+00 -4.216308593750000000e+00 -3.342285156250000000e+00 3.754882812500000000e-01
2.624072265624999845e-01 5.958251953125000000e-01 6.857910156250000000e-01 5.821289062499999944e-02 8.745410156249999734e-01 -3.636918945312501705e-01 -4.255371093750000000e+00 -4.929199218750000000e+00 4.533691406250000000e+00 4.077148437500000000e-01 1.125488281250000000e+00
4.524072265624999867e-01 8.458251953125000000e-01 8.657910156250000488e-01 3.821289062500000250e-02 9.745410156250000622e-01 -1.196691894531249911e+00 7.446289062500000000e-01 7.080078125000000000e-02 -4.663085937500000000e-01 -4.592285156250000000e+00 1.254882812500000000e-01
3.574072265625000133e-01 7.208251953125000000e-01 7.757910156250000799e-01 6.821289062500000833e-02 1.024541015625000107e+00 -7.801918945312500409e-01 3.244628906250000000e+00 -2.429199218750000000e+00 2.033691406250000000e+00 -2.092285156250000000e+00 1.625488281250000000e+00
1.674072265625000111e-01 9.708251953125000000e-01 5.957910156250000311e-01 4.821289062500000444e-02 9.245410156250000178e-01 -1.613191894531250004e+00 -1.755371093750000000e+00 2.570800781250000000e+00 -2.966308593750000000e+00 2.907714843750000000e+00 6.254882812500000000e-01
1.555322265624999867e-01 7.364501953125000000e-01 6.520410156250000533e-01 4.196289062499999889e-02 9.182910156250000400e-01 -1.248754394531250034e+00 1.682128906250000000e+00 3.833007812500000000e-01 -3.278808593750000000e+00 -4.279785156250000000e+00 3.129882812500000000e-01
3.455322265624999889e-01 9.864501953125000000e-01 8.320410156249999911e-01 6.196289062500000278e-02 1.018291015625000018e+00 -4.157543945312500711e-01 -3.317871093750000000e+00 -4.616699218750000000e+00 1.721191406250000000e+00 7.202148437500000000e-01 1.312988281250000000e+00
4.405322265625000178e-01 6.114501953125000000e-01 7.420410156250000222e-01 3.196289062499999695e-02 1.068291015625000062e+00 -1.665254394531249904e+00 -8.178710937500000000e-01 2.883300781250000000e+00 -7.788085937500000000e-01 3.220214843750000000e+00 8.129882812500000000e-01
2.505322265624999600e-01 8.614501953125000000e-01 5.620410156250000844e-01 5.196289062500000777e-02 9.682910156249999734e-01 -8.322543945312499414e-01 4.182128906250000000e+00 -2.116699218750000000e+00 4.221191406250000000e+00 -1.779785156250000000e+00 1.812988281250000000e+00
2.980322265625000022e-01 5.489501953125000000e-01 8.770410156250000311e-01 4.696289062500000333e-02 1.043291015624999929e+00 -1.040504394531249988e+00 4.321289062500000000e-01 -3.366699218750000000e+00 -4.528808593750000000e+00 4.470214843750000000e+00 5.629882812500000000e-01
4.880322265625000044e-01 7.989501953125000000e-01 6.970410156249999822e-01 6.696289062500000722e-02 9.432910156250000622e-01 -1.873504394531249950e+00 -4.567871093750000000e+00 1.633300781250000000e+00 4.711914062500000000e-01 -5.297851562500000000e-01 1.562988281250000000e+00
3.930322265624999756e-01 6.739501953125000000e-01 6.070410156250000133e-01 3.696289062500000139e-02 8.932910156250000178e-01 -6.240043945312501172e-01 -2.067871093750000000e+00 -8.666992187500000000e-01 -2.028808593750000000e+00 -3.029785156250000000e+00 6.298828125000000000e-02
2.030322265625000011e-01 9.239501953125000000e-01 7.870410156250000622e-01 5.696289062500000527e-02 9.932910156249999956e-01 -1.457004394531249858e+00 2.932128906250000000e+00 4.133300781250000000e+00 2.971191406250000000e+00 1.970214843750000000e+00 1.062988281250000000e+00
1.792822265624999800e-01 5.802001953125000000e-01 5.845410156250000488e-01 6.946289062500000944e-02 1.005791015625000062e+00 -1.561129394531250103e+00 2.307128906250000000e+00 -2.416992187500000000e-01 -3.903808593750000000e+00 -4.904785156250000000e+00 1.187988281250000000e+00
3.692822265624999822e-01 8.302001953125000000e-01 7.645410156250000977e-01 4.946289062500000555e-02 9.057910156249999734e-01 -7.281293945312501403e-01 -2.692871093750000000e+00 4.758300781250000000e+00 1.096191406250000000e+00 9.521484375000000000e-02 1.879882812500000000e-01
4.642822265625000111e-01 7.052001953125000000e-01 8.545410156249999556e-01 5.946289062500000056e-02 9.557910156250000178e-01 -1.977629394531249973e+00 -1.928710937500000000e-01 -2.741699218750000000e+00 -1.403808593750000000e+00 2.595214843750000000e+00 1.687988281250000000e+00
2.742822265625000089e-01 9.552001953125000000e-01 6.745410156250000178e-01 3.946289062499999667e-02 1.055791015625000107e+00 -1.144629394531250011e+00 4.807128906250000000e+00 2.258300781250000000e+00 3.596191406250000000e+00 -2.404785156250000000e+00 6.879882812500000000e-01
2.267822265624999944e-01 6.427001953125000000e-01 8.095410156250000266e-01 6.446289062500000500e-02 9.307910156249999956e-01 -9.363793945312499645e-01 1.057128906250000000e+00 3.508300781250000000e+00 -2.653808593750000000e+00 3.845214843750000000e+00 1.937988281250000000e+00
4.167822265625000244e-01 8.927001953125000000e-01 6.295410156250000888e-01 4.446289062500000111e-02 1.030791015624999973e+00 -1.769379394531249927e+00 -3.942871093750000000e+00 -1.491699218750000000e+00 2.346191406250000000e+00 -1.154785156250000000e+00 9.379882812500000000e-01
3.217822265624999956e-01 5.177001953125000000e-01 7.195410156250000577e-01 5.446289062500000305e-02 9.807910156250000400e-01 -5.198793945312500941e-01 -1.442871093750000000e+00 1.008300781250000000e+00 -1.538085937500000000e-01 -3.654785156250000000e+00 1.437988281250000000e+00
1.317822265624999933e-01 7.677001953125000000e-01 8.995410156250001066e-01 3.446289062499999917e-02 8.807910156249999512e-01 -1.352879394531250057e+00 3.557128906250000000e+00 -3.991699218750000000e+00 4.846191406250000000e+00 1.345214843750000000e+00 4.379882812500000000e-01
1.288134765625000011e-01 5.684814453125000000e-01 7.279785156250000444e-01 4.977539062499999889e-02 1.063603515625000107e+00 -1.470020019531250055e+00 -4.958496093750000000e+00 -1.882324218750000000e+00 -1.950683593750000000e+00 -3.420410156250000000e+00 1.703613281250000000e+00
3.188134765625000311e-01 8.184814453125000000e-01 9.079785156249999822e-01 6.977539062500001665e-02 9.636035156250000178e-01 -6.370200195312500924e-01 4.150390625000000000e-02 3.117675781250000000e+00 3.049316406250000000e+00 1.579589843750000000e+00 7.036132812500000000e-01
4.138134765625000044e-01 6.934814453125000000e-01 8.179785156250000133e-01 3.977539062500000389e-02 9.136035156249999734e-01 -1.886520019531249925e+00 2.541503906250000000e+00 -4.382324218750000000e+00 -4.450683593750000000e+00 4.079589843750000000e+00 1.203613281250000000e+00
2.238134765625000022e-01 9.434814453125000000e-01 6.379785156250000755e-01 5.977539062500000777e-02 1.013603515625000062e+00 -1.053520019531250185e+00 -2.458496093750000000e+00 6.176757812500000000e-01 5.493164062500000000e-01 -9.204101562500000000e-01 2.036132812500000000e-01
2.713134765624999889e-01 6.309814453125000000e-01 8.629785156250000533e-01 4.477539062500000139e-02 8.886035156249999512e-01 -8.452700195312501386e-01 -3.708496093750000000e+00 4.367675781250000000e+00 -7.006835937500000000e-01 2.829589843750000000e+00 1.453613281250000000e+00
4.613134765624999911e-01 8.809814453125000000e-01 6.829785156250000044e-01 6.477539062500001221e-02 9.886035156250000400e-01 -1.678270019531249879e+00 1.291503906250000000e+00 -6.323242187500000000e-01 4.299316406250000000e+00 -2.170410156250000000e+00 4.536132812500000000e-01
3.663134765625000178e-01 5.059814453125000000e-01 5.929785156250000355e-01 3.477539062499999944e-02 1.038603515624999973e+00 -4.287700195312500462e-01 3.791503906250000000e+00 1.867675781250000000e+00 -3.200683593750000000e+00 -4.670410156250000000e+00 1.953613281250000000e+00
1.763134765624999878e-01 7.559814453125000000e-01 7.729785156249999734e-01 5.477539062500000333e-02 9.386035156249999956e-01 -1.261770019531250009e+00 -1.208496093750000000e+00 -3.132324218750000000e+00 1.799316406250000000e+00 3.295898437500000000e-01 9.536132812500000000e-01
2.000634765625000089e-01 7.247314453125000000e-01 6.154785156250000000e-01 6.227539062500000305e-02 9.511035156250000622e-01 -1.365895019531250032e+00 -4.333496093750000000e+00 2.492675781250000000e+00 -7.568359375000000000e-02 -2.795410156250000000e+00 8.286132812500000000e-01
3.900634765625000111e-01 9.747314453125000000e-01 7.954785156250000488e-01 4.227539062499999917e-02 1.051103515625000151e+00 -5.328950195312500693e-01 6.665039062500000000e-01 -2.507324218750000000e+00 4.924316406250000000e+00 2.204589843750000000e+00 1.828613281250000000e+00
4.850634765624999845e-01 5.997314453125000000e-01 8.854785156250000178e-01 5.227539062500000111e-02 1.001103515625000107e+00 -1.782395019531250124e+00 3.166503906250000000e+00 4.992675781250000000e+00 -2.575683593750000000e+00 4.704589843750000000e+00 3.286132812500000000e-01
2.950634765624999822e-01 8.497314453125000000e-01 7.054785156250000799e-01 3.227539062499999722e-02 9.011035156250000178e-01 -9.493950195312499396e-01 -1.833496093750000000e+00 -7.324218750000000000e-03 2.424316406250000000e+00 -2.954101562500000000e-01 1.328613281250000000e+00
2.475634765624999956e-01 5.372314453125000000e-01 7.504785156250000089e-01 6.727539062500001443e-02 9.761035156249999734e-01 -1.157645019531249986e+00 -3.083496093750000000e+00 -3.757324218750000000e+00 -1.325683593750000000e+00 3.454589843750000000e+00 7.861328125000000000e-02
4.375634765624999978e-01 7.872314453125000000e-01 5.704785156250000711e-01 4.727539062500000361e-02 8.761035156249999956e-01 -1.990645019531249948e+00 1.916503906250000000e+00 1.242675781250000000e+00 3.674316406250000000e+00 -1.545410156250000000e+00 1.078613281250000000e+00
3.425634765624999689e-01 6.622314453125000000e-01 6.604785156250000400e-01 5.727539062500000555e-02 9.261035156250000400e-01 -7.411450195312501155e-01 4.416503906250000000e+00 -1.257324218750000000e+00 -3.825683593750000000e+00 -4.045410156250000000e+00 5.786132812500000000e-01
1.525634765624999944e-01 9.122314453125000000e-01 8.404785156250000888e-01 3.727539062500000167e-02 1.026103515625000018e+00 -1.574145019531250078e+00 -5.834960937500000000e-01 3.742675781250000000e+00 1.174316406250000000e+00 9.545898437500000000e-01 1.578613281250000000e+00
1.644384765624999911e-01 6.778564453125000000e-01 7.842285156250000666e-01 3.352539062499999833e-02 1.019853515624999929e+00 -1.938582519531250048e+00 3.540039062500000000e-01 9.301757812500000000e-01 2.368164062500000000e-01 -2.482910156250000000e+00 1.391113281250000000e+00
3.544384765624999933e-01 9.278564453125000000e-01 6.042285156250000178e-01 5.352539062500000222e-02 9.198535156250000622e-01 -1.105582519531250085e+00 -4.645996093750000000e+00 -4.069824218750000000e+00 -4.763183593750000000e+00 2.517089843750000000e+00 3.911132812500000000e-01
4.494384765625000222e-01 5.528564453125000000e-01 6.942285156250000977e-01 4.352539062500000028e-02 9.698535156249999956e-01 -1.522082519531249956e+00 -2.145996093750000000e+00 3.430175781250000000e+00 2.736816406250000000e+00 1.708984375000000000e-02 1.891113281250000000e+00
2.594384765624999645e-01 8.028564453125000000e-01 8.742285156250000355e-01 6.352539062500001110e-02 1.069853515624999973e+00 -6.890825195312499929e-01 2.854003906250000000e+00 -1.569824218750000000e+00 -2.263183593750000000e+00 -4.982910156250000000e+00 8.911132812500000000e-01
3.069384765625000067e-01 6.153564453125000000e-01 5.592285156250000888e-01 3.852539062500000278e-02 9.448535156249999734e-01 -4.808325195312501688e-01 1.604003906250000000e+00 -2.819824218750000000e+00 1.486816406250000000e+00 1.267089843750000000e+00 1.641113281250000000e+00
4.969384765625000089e-01 8.653564453125000000e-01 7.392285156250000266e-01 5.852539062500000666e-02 1.044853515625000062e+00 -1.313832519531250131e+00 -3.395996093750000000e+00 2.180175781250000000e+00 -3.513183593750000000e+00 -3.732910156250000000e+00 6.411132812500000000e-01
4.019384765624999800e-01 7.403564453125000000e-01 8.292285156250001066e-01 4.852539062499999778e-02 9.948535156250000178e-01 -8.973325195312500391e-01 -8.959960937500000000e-01 -3.198242187500000000e-01 3.986816406250000000e+00 -1.232910156250000000e+00 1.141113281250000000e+00
2.119384765624999778e-01 9.903564453125000000e-01 6.492285156250000577e-01 6.852539062500001554e-02 8.948535156250000400e-01 -1.730332519531250002e+00 4.104003906250000000e+00 4.680175781250000000e+00 -1.013183593750000000e+00 3.767089843750000000e+00 1.411132812500000000e-01
1.881884765624999845e-01 5.216064453125000000e-01 8.967285156250000000e-01 5.602539062500000444e-02 9.073535156249999956e-01 -1.626207519531249979e+00 9.790039062500000000e-01 -9.448242187500000000e-01 2.111816406250000000e+00 -1.857910156250000000e+00 1.611328125000000000e-02
3.781884765624999867e-01 7.716064453125000000e-01 7.167285156250000622e-01 3.602539062500000056e-02 1.007353515624999973e+00 -7.932075195312500160e-01 -4.020996093750000000e+00 4.055175781250000000e+00 -2.888183593750000000e+00 3.142089843750000000e+00 1.016113281250000000e+00
4.731884765625000155e-01 6.466064453125000000e-01 6.267285156249999822e-01 6.602539062500001332e-02 1.057353515625000018e+00 -1.209707519531249886e+00 -1.520996093750000000e+00 -3.444824218750000000e+00 4.611816406250000000e+00 6.420898437500000000e-01 5.161132812500000000e-01
2.831884765625000133e-01 8.966064453125000000e-01 8.067285156250000311e-01 4.602539062500000250e-02 9.573535156250000400e-01 -3.767075195312501457e-01 3.479003906250000000e+00 1.555175781250000000e+00 -3.881835937500000000e-01 -4.357910156250000000e+00 1.516113281250000000e+00
2.356884765624999989e-01 7.091064453125000000e-01 6.717285156250000222e-01 5.102539062500000000e-02 1.032353515625000107e+00 -5.849575195312499698e-01 2.229003906250000000e+00 2.805175781250000000e+00 8.618164062500000000e-01 1.892089843750000000e+00 7.661132812500000000e-01
4.256884765624999734e-01 9.591064453125000000e-01 8.517285156250000711e-01 3.102539062499999958e-02 9.323535156250000178e-01 -1.417957519531249932e+00 -2.770996093750000000e+00 -2.194824218750000000e+00 -4.138183593750000000e+00 -3.107910156250000000e+00 1.766113281250000000e+00
3.306884765625000000e-01 5.841064453125000000e-01 7.617285156249999911e-01 6.102539062500000888e-02 8.823535156249999734e-01 -1.001457519531250062e+00 -2.709960937500000000e-01 3.051757812500000000e-01 3.361816406250000000e+00 -6.079101562500000000e-01 2.661132812500000000e-01
1.406884765624999978e-01 8.341064453125000000e-01 5.817285156250000533e-01 4.102539062500000500e-02 9.823535156250000622e-01 -1.834457519531250025e+00 4.729003906250000000e+00 -4.694824218750000000e+00 -1.638183593750000000e+00 4.392089843750000000e+00 1.266113281250000000e+00
1.347509765624999856e-01 7.012939453125000000e-01 8.686035156250000444e-01 6.665039062500000000e-02 9.229785156249999956e-01 -4.027387695312500959e-01 -2.302246093750000000e+00 3.898925781250000000e+00 3.518066406250000000e+00 -3.576660156250000000e+00 1.859863281250000000e+00
3.247509765624999600e-01 9.512939453125000000e-01 6.886035156250001066e-01 4.665039062500000305e-02 1.022978515624999973e+00 -1.235738769531250059e+00 2.697753906250000000e+00 -1.101074218750000000e+00 -1.481933593750000000e+00 1.423339843750000000e+00 8.598632812500000000e-01
4.197509765624999889e-01 5.762939453125000000e-01 5.986035156250000266e-01 5.665039062500000500e-02 9.729785156250000400e-01 -8.192387695312499662e-01 1.977539062500000000e-01 1.398925781250000000e+00 1.018066406250000000e+00 3.923339843750000000e+00 1.359863281250000000e+00
2.297509765624999867e-01 8.262939453125000000e-01 7.786035156250000755e-01 3.665039062500000111e-02 8.729785156249999512e-01 -1.652238769531249929e+00 -4.802246093750000000e+00 -3.601074218750000000e+00 -3.981933593750000000e+00 -1.076660156250000000e+00 3.598632812500000000e-01
2.772509765624999734e-01 5.137939453125000000e-01 6.436035156250000666e-01 6.165039062500000250e-02 9.979785156250000622e-01 -1.860488769531249975e+00 -1.052246093750000000e+00 -2.351074218750000000e+00 4.768066406250000000e+00 2.673339843750000000e+00 1.109863281250000000e+00
4.672509765624999756e-01 7.637939453125000000e-01 8.236035156250001155e-01 4.165039062499999861e-02 8.979785156249999734e-01 -1.027488769531250012e+00 3.947753906250000000e+00 2.648925781250000000e+00 -2.319335937500000000e-01 -2.326660156250000000e+00 1.098632812500000000e-01
3.722509765625000022e-01 6.387939453125000000e-01 7.336035156250000355e-01 5.165039062500000056e-02 9.479785156250000178e-01 -1.443988769531249883e+00 1.447753906250000000e+00 -4.851074218750000000e+00 2.268066406250000000e+00 -4.826660156250000000e+00 1.609863281250000000e+00
1.822509765625000000e-01 8.887939453125000000e-01 5.536035156250000977e-01 3.165039062499999667e-02 1.047978515625000107e+00 -6.109887695312501421e-01 -3.552246093750000000e+00 1.489257812500000000e-01 -2.731933593750000000e+00 1.733398437500000000e-01 6.098632812500000000e-01
2.060009765624999933e-01 6.075439453125000000e-01 8.011035156250000400e-01 4.415039062500000083e-02 1.035478515624999929e+00 -7.151137695312501652e-01 -1.677246093750000000e+00 -4.226074218750000000e+00 4.143066406250000000e+00 -2.951660156250000000e+00 7.348632812500000000e-01
3.960009765624999956e-01 8.575439453125000000e-01 6.211035156249999911e-01 6.415039062499999778e-02 9.354785156250000622e-01 -1.548113769531250128e+00 3.322753906250000000e+00 7.739257812500000000e-01 -8.569335937500000000e-01 2.048339843750000000e+00 1.734863281250000000e+00
4.910009765625000244e-01 7.325439453125000000e-01 7.111035156250000711e-01 3.415039062499999889e-02 8.854785156250000178e-01 -1.131613769531250036e+00 8.227539062500000000e-01 -1.726074218750000000e+00 1.643066406250000000e+00 4.548339843750000000e+00 2.348632812500000000e-01
3.010009765625000222e-01 9.825439453125000000e-01 8.911035156250000089e-01 5.415039062500000278e-02 9.854785156249999956e-01 -1.964613769531249998e+00 -4.177246093750000000e+00 3.273925781250000000e+00 -3.356933593750000000e+00 -4.516601562500000000e-01 1.234863281250000000e+00
2.535009765625000355e-01 6.700439453125000000e-01 5.761035156250000622e-01 4.915039062499999833e-02 9.104785156250000400e-01 -1.756363769531249952e+00 -4.272460937500000000e-01 2.023925781250000000e+00 2.893066406250000000e+00 3.298339843750000000e+00 4.848632812500000000e-01
4.435009765624999822e-01 9.200439453125000000e-01 7.561035156250000000e-01 6.915039062500000222e-02 1.010478515625000018e+00 -9.233637695312499893e-01 4.572753906250000000e+00 -2.976074218750000000e+00 -2.106933593750000000e+00 -1.701660156250000000e+00 1.484863281250000000e+00
3.485009765625000089e-01 5.450439453125000000e-01 8.461035156250000799e-01 3.915039062500000333e-02 1.060478515625000062e+00 -1.339863769531250082e+00 2.072753906250000000e+00 4.523925781250000000e+00 3.930664062500000000e-01 -4.201660156250000000e+00 9.848632812500000000e-01
1.585009765625000067e-01 7.950439453125000000e-01 6.661035156250000311e-01 5.915039062500000722e-02 9.604785156249999734e-01 -5.068637695312501190e-01 -2.927246093750000000e+00 -4.760742187500000000e-01 -4.606933593750000000e+00 7.983398437500000000e-01 1.984863281250000000e+00
1.466259765624999822e-01 5.606689453125000000e-01 6.323535156250000844e-01 5.040039062499999944e-02 8.792285156250000400e-01 -8.713012695312500888e-01 3.010253906250000000e+00 -2.663574218750000000e+00 -4.294433593750000000e+00 -2.014160156250000000e+00 1.047363281250000000e+00
3.366259765624999845e-01 8.106689453125000000e-01 8.123535156250000222e-01 3.040039062499999903e-02 9.792285156250000178e-01 -1.704301269531250052e+00 -1.989746093750000000e+00 2.336425781250000000e+00 7.055664062500000000e-01 2.985839843750000000e+00 4.736328125000000000e-02
4.316259765625000133e-01 6.856689453125000000e-01 9.023535156249999911e-01 6.040039062500000833e-02 1.029228515625000062e+00 -4.548012695312499964e-01 -4.489746093750000000e+00 -1.635742187500000000e-01 -1.794433593750000000e+00 4.858398437500000000e-01 1.547363281250000000e+00
2.416259765625000111e-01 9.356689453125000000e-01 7.223535156250000533e-01 4.040039062500000444e-02 9.292285156249999734e-01 -1.287801269531250181e+00 5.102539062500000000e-01 4.836425781250000000e+00 3.205566406250000000e+00 -4.514160156250000000e+00 5.473632812500000000e-01
2.891259765624999978e-01 7.481689453125000000e-01 7.673535156249999822e-01 5.540039062500000389e-02 1.054228515624999973e+00 -1.496051269531250005e+00 4.260253906250000000e+00 1.086425781250000000e+00 -3.044433593750000000e+00 1.735839843750000000e+00 1.797363281250000000e+00
4.791259765625000000e-01 9.981689453125000000e-01 5.873535156250000444e-01 3.540039062500000000e-02 9.542285156249999956e-01 -6.630512695312500426e-01 -7.397460937500000000e-01 -3.913574218750000000e+00 1.955566406250000000e+00 -3.264160156250000000e+00 7.973632812500000000e-01
3.841259765624999711e-01 6.231689453125000000e-01 6.773535156250000133e-01 6.540039062499999889e-02 9.042285156250000622e-01 -1.912551269531250098e+00 -3.239746093750000000e+00 3.586425781250000000e+00 -5.444335937500000000e-01 -7.641601562500000000e-01 1.297363281250000000e+00
1.941259765624999967e-01 8.731689453125000000e-01 8.573535156250000622e-01 4.540039062500000194e-02 1.004228515624999929e+00 -1.079551269531250135e+00 1.760253906250000000e+00 -1.413574218750000000e+00 4.455566406250000000e+00 4.235839843750000000e+00 2.973632812500000000e-01
1.703759765625000033e-01 6.544189453125000000e-01 6.998535156250000888e-01 3.790039062500000222e-02 9.917285156250000844e-01 -9.754262695312501119e-01 3.635253906250000000e+00 2.961425781250000000e+00 -3.669433593750000000e+00 -1.389160156250000000e+00 4.223632812500000000e-01
3.603759765624999778e-01 9.044189453125000000e-01 8.798535156250000266e-01 5.790039062500000611e-02 8.917285156249999956e-01 -1.808426269531250075e+00 -1.364746093750000000e+00 -2.038574218750000000e+00 1.330566406250000000e+00 3.610839843750000000e+00 1.422363281250000000e+00
4.553759765625000067e-01 5.294189453125000000e-01 7.898535156250000577e-01 4.790039062499999722e-02 9.417285156250000400e-01 -5.589262695312500195e-01 -3.864746093750000000e+00 4.614257812500000000e-01 -1.169433593750000000e+00 1.110839843750000000e+00 9.223632812500000000e-01
2.653759765625000044e-01 7.794189453125000000e-01 6.098535156250000089e-01 6.790039062500000111e-02 1.041728515625000018e+00 -1.391926269531249982e+00 1.135253906250000000e+00 -4.538574218750000000e+00 3.830566406250000000e+00 -3.889160156250000000e+00 1.922363281250000000e+00
2.178759765624999900e-01 5.919189453125000000e-01 8.348535156250000977e-01 3.290039062499999778e-02 9.667285156250000622e-01 -1.183676269531249936e+00 4.885253906250000000e+00 -7.885742187500000000e-01 -4.919433593750000000e+00 2.360839843750000000e+00 6.723632812500000000e-01
4.078759765625000200e-01 8.419189453125000000e-01 6.548535156250000488e-01 5.290039062500000167e-02 1.066728515625000151e+00 -3.506762695312499734e-01 -1.147460937500000000e-01 4.211425781250000000e+00 8.056640625000000000e-02 -2.639160156250000000e+00 1.672363281250000000e+00
3.128759765624999911e-01 7.169189453125000000e-01 5.648535156250000799e-01 4.290039062499999972e-02 1.016728515625000107e+00 -1.600176269531250028e+00 -2.614746093750000000e+00 -3.288574218750000000e+00 -2.419433593750000000e+00 -1.391601562500000000e-01 1.723632812500000000e-01
1.228759765624999889e-01 9.669189453125000000e-01 7.448535156250000178e-01 6.290039062499999667e-02 9.167285156250000178e-01 -7.671762695312500657e-01 2.385253906250000000e+00 1.711425781250000000e+00 2.580566406250000000e+00 4.860839843750000000e+00 1.172363281250000000e+00
1.221337890624999978e-01 7.178955078125000000e-01 6.879003906250000799e-01 3.141601562500000167e-02 9.475878906250000400e-01 -1.805172363281249970e+00 4.045410156250000000e+00 3.566894531250000000e+00 2.170410156250000000e+00 3.122558593750000000e+00 7.153320312500000000e-01
3.121337890625000000e-01 9.678955078125000000e-01 8.679003906250000178e-01 5.141601562500000555e-02 1.047587890625000018e+00 -9.721723632812500071e-01 -9.545898437500000000e-01 -1.433105468750000000e+00 -2.829589843750000000e+00 -1.877441406250000000e+00 1.715332031250000000e+00
4.071337890624999734e-01 5.928955078125000000e-01 7.779003906250000488e-01 4.141601562500000361e-02 9.975878906249999734e-01 -1.388672363281250099e+00 -3.454589843750000000e+00 1.066894531250000000e+00 4.670410156250000000e+00 -4.377441406250000000e+00 2.153320312500000000e-01
2.171337890624999989e-01 8.428955078125000000e-01 5.979003906250000000e-01 6.141601562500000749e-02 8.975878906249999956e-01 -5.556723632812501368e-01 1.545410156250000000e+00 -3.933105468750000000e+00 -3.295898437500000000e-01 6.225585937500000000e-01 1.215332031250000000e+00
2.646337890625000133e-01 5.303955078125000000e-01 8.229003906250000888e-01 3.641601562499999917e-02 9.725878906250000622e-01 -3.474223632812500906e-01 2.795410156250000000e+00 -1.831054687500000000e-01 9.204101562500000000e-01 -3.127441406250000000e+00 4.653320312500000000e-01
4.546337890625000155e-01 7.803955078125000000e-01 6.429003906250000400e-01 5.641601562500000305e-02 8.725878906249999734e-01 -1.180422363281250053e+00 -2.204589843750000000e+00 4.816894531250000000e+00 -4.079589843750000000e+00 1.872558593750000000e+00 1.465332031250000000e+00
3.596337890624999867e-01 6.553955078125000000e-01 5.529003906250000711e-01 4.641601562500000111e-02 9.225878906250000178e-01 -7.639223632812499609e-01 -4.704589843750000000e+00 -2.683105468750000000e+00 3.420410156250000000e+00 4.372558593750000000e+00 9.653320312500000000e-01
1.696337890624999845e-01 9.053955078125000000e-01 7.329003906250000089e-01 6.641601562500000500e-02 1.022587890625000107e+00 -1.596922363281250146e+00 2.954101562500000000e-01 2.316894531250000000e+00 -1.579589843750000000e+00 -6.274414062500000000e-01 1.965332031250000000e+00
1.933837890624999778e-01 6.241455078125000000e-01 6.204003906250000755e-01 5.891601562500000527e-02 1.060087890624999973e+00 -1.701047363281249947e+00 4.670410156250000000e+00 -3.308105468750000000e+00 2.954101562500000000e-01 3.747558593750000000e+00 1.840332031250000000e+00
3.833837890624999800e-01 8.741455078125000000e-01 8.004003906250000133e-01 3.891601562500000139e-02 9.600878906249999956e-01 -8.680473632812499840e-01 -3.295898437500000000e-01 1.691894531250000000e+00 -4.704589843750000000e+00 -1.252441406250000000e+00 8.403320312500000000e-01
4.783837890625000089e-01 7.491455078125000000e-01 8.904003906249999822e-01 6.891601562500000722e-02 9.100878906250000622e-01 -1.284547363281250076e+00 -2.829589843750000000e+00 -8.081054687500000000e-01 2.795410156250000000e+00 -3.752441406250000000e+00 1.340332031250000000e+00
2.883837890625000067e-01 9.991455078125000000e-01 7.104003906250000444e-01 4.891601562500000333e-02 1.010087890624999929e+00 -4.515473632812501137e-01 2.170410156250000000e+00 4.191894531250000000e+00 -2.204589843750000000e+00 1.247558593750000000e+00 3.403320312500000000e-01
2.408837890624999922e-01 6.866455078125000000e-01 7.554003906249999734e-01 5.391601562500000777e-02 8.850878906250000400e-01 -6.597973632812501599e-01 3.420410156250000000e+00 4.418945312500000000e-01 1.545410156250000000e+00 -2.502441406250000000e+00 1.090332031250000000e+00
4.308837890625000222e-01 9.366455078125000000e-01 5.754003906250000355e-01 3.391601562499999695e-02 9.850878906250000178e-01 -1.492797363281249901e+00 -1.579589843750000000e+00 -4.558105468750000000e+00 -3.454589843750000000e+00 2.497558593750000000e+00 9.033203125000000000e-02
3.358837890624999933e-01 5.616455078125000000e-01 6.654003906250000044e-01 6.391601562500000278e-02 1.035087890625000062e+00 -1.076297363281250030e+00 -4.079589843750000000e+00 2.941894531250000000e+00 4.045410156250000000e+00 4.997558593750000000e+00 1.590332031250000000e+00
1.458837890624999911e-01 8.116455078125000000e-01 8.454003906250000533e-01 4.391601562499999889e-02 9.350878906249999734e-01 -1.909297363281249993e+00 9.204101562500000000e-01 -2.058105468750000000e+00 -9.545898437500000000e-01 -2.441406250000000000e-03 5.903320312500000000e-01
1.577587890624999878e-01 5.460205078125000000e-01 8.116503906250001066e-01 4.516601562500000000e-02 9.038378906249999734e-01 -1.544859863281250023e+00 -6.420898437500000000e-01 -4.870605468750000000e+00 -1.708984375000000000e-02 1.560058593750000000e+00 4.028320312500000000e-01
3.477587890625000178e-01 7.960205078125000000e-01 6.316503906250000577e-01 6.516601562500000389e-02 1.003837890625000062e+00 -7.118598632812500604e-01 4.357910156250000000e+00 1.293945312500000000e-01 4.982910156250000000e+00 -3.439941406250000000e+00 1.402832031250000000e+00
4.427587890624999911e-01 6.710205078125000000e-01 7.216503906250000266e-01 3.516601562499999806e-02 1.053837890625000107e+00 -1.961359863281249893e+00 1.857910156250000000e+00 -2.370605468750000000e+00 -2.517089843750000000e+00 -9.399414062500000000e-01 9.028320312500000000e-01
2.527587890624999889e-01 9.210205078125000000e-01 9.016503906249999645e-01 5.516601562500000888e-02 9.538378906250000178e-01 -1.128359863281250153e+00 -3.142089843750000000e+00 2.629394531250000000e+00 2.482910156250000000e+00 4.060058593750000000e+00 1.902832031250000000e+00
3.002587890625000311e-01 7.335205078125000000e-01 5.866503906250000178e-01 4.016601562500000250e-02 1.028837890624999973e+00 -9.201098632812501066e-01 -1.892089843750000000e+00 1.379394531250000000e+00 -1.267089843750000000e+00 -2.189941406250000000e+00 6.528320312500000000e-01
4.902587890624999778e-01 9.835205078125000000e-01 7.666503906250000666e-01 6.016601562500000638e-02 9.288378906249999956e-01 -1.753109863281250069e+00 3.107910156250000000e+00 -3.620605468750000000e+00 3.732910156250000000e+00 2.810058593750000000e+00 1.652832031250000000e+00
3.952587890625000044e-01 6.085205078125000000e-01 8.566503906250000355e-01 3.016601562500000056e-02 8.788378906249999512e-01 -5.036098632812500142e-01 6.079101562500000000e-01 3.879394531250000000e+00 -3.767089843750000000e+00 3.100585937500000000e-01 1.528320312500000000e-01
2.052587890625000022e-01 8.585205078125000000e-01 6.766503906250000977e-01 5.016601562500000444e-02 9.788378906250000400e-01 -1.336609863281249977e+00 -4.392089843750000000e+00 -1.120605468750000000e+00 1.232910156250000000e+00 -4.689941406250000000e+00 1.152832031250000000e+00
1.815087890625000089e-01 6.397705078125000000e-01 8.791503906250000000e-01 6.266601562500001554e-02 1.016337890625000018e+00 -1.232484863281249954e+00 -1.708984375000000000e-02 4.504394531250000000e+00 -1.892089843750000000e+00 2.185058593750000000e+00 1.027832031250000000e+00
3.715087890625000111e-01 8.897705078125000000e-01 6.991503906250000622e-01 4.266601562499999778e-02 9.163378906250000400e-01 -3.994848632812499911e-01 4.982910156250000000e+00 -4.956054687500000000e-01 3.107910156250000000e+00 -2.814941406250000000e+00 2.783203125000000000e-02
4.665087890624999845e-01 5.147705078125000000e-01 6.091503906250000933e-01 5.266601562500000666e-02 9.663378906249999734e-01 -1.648984863281250046e+00 2.482910156250000000e+00 2.004394531250000000e+00 -4.392089843750000000e+00 -3.149414062500000000e-01 1.527832031250000000e+00
2.765087890624999822e-01 7.647705078125000000e-01 7.891503906250000311e-01 3.266601562500000278e-02 1.066337890625000062e+00 -8.159848632812500835e-01 -2.517089843750000000e+00 -2.995605468750000000e+00 6.079101562500000000e-01 4.685058593750000000e+00 5.278320312500000000e-01
2.290087890624999956e-01 5.772705078125000000e-01 6.541503906250000222e-01 6.766601562500000611e-02 9.413378906250000622e-01 -1.024234863281249908e+00 -1.267089843750000000e+00 -1.745605468750000000e+00 -6.420898437500000000e-01 -1.564941406250000000e+00 1.777832031250000000e+00
4.190087890624999978e-01 8.272705078125000000e-01 8.341503906250000711e-01 4.766601562500000222e-02 1.041337890624999929e+00 -1.857234863281250092e+00 3.732910156250000000e+00 3.254394531250000000e+00 4.357910156250000000e+00 3.435058593750000000e+00 7.778320312500000000e-01
3.240087890624999689e-01 7.022705078125000000e-01 7.441503906249999911e-01 5.766601562500000416e-02 9.913378906249999956e-01 -6.077348632812500373e-01 1.232910156250000000e+00 -4.245605468750000000e+00 -3.142089843750000000e+00 9.350585937500000000e-01 1.277832031250000000e+00
1.340087890624999944e-01 9.522705078125000000e-01 5.641503906250000533e-01 3.766601562500000028e-02 8.913378906250000178e-01 -1.440734863281250000e+00 -3.767089843750000000e+00 7.543945312500000000e-01 1.857910156250000000e+00 -4.064941406250000000e+00 2.778320312500000000e-01
1.399462890625000067e-01 5.850830078125000000e-01 9.072753906249999556e-01 5.454101562500000833e-02 1.038212890625000107e+00 -7.899536132812501332e-01 1.389160156250000000e+00 -3.393554687500000000e-01 -3.610839843750000000e+00 2.653808593750000000e+00 8.715820312500000000e-01
3.299462890625000089e-01 8.350830078125000000e-01 7.272753906250000178e-01 3.454101562499999750e-02 9.382128906250000178e-01 -1.622953613281250096e+00 -3.610839843750000000e+00 4.660644531250000000e+00 1.389160156250000000e+00 -2.346191406250000000e+00 1.871582031250000000e+00
4.249462890624999822e-01 7.100830078125000000e-01 6.372753906250000488e-01 6.454101562500000333e-02 8.882128906249999734e-01 -3.734536132812500409e-01 -1.110839843750000000e+00 -2.839355468750000000e+00 -1.110839843750000000e+00 -4.846191406250000000e+00 3.715820312500000000e-01
2.349462890624999800e-01 9.600830078125000000e-01 8.172753906250000977e-01 4.454101562499999944e-02 9.882128906250000622e-01 -1.206453613281250004e+00 3.889160156250000000e+00 2.160644531250000000e+00 3.889160156250000000e+00 1.538085937500000000e-01 1.371582031250000000e+00
2.824462890625000222e-01 6.475830078125000000e-01 6.822753906250000888e-01 5.954101562500000583e-02 9.132128906249999956e-01 -1.414703613281250050e+00 1.391601562500000000e-01 3.410644531250000000e+00 -4.860839843750000000e+00 -3.596191406250000000e+00 1.215820312500000000e-01
4.724462890625000244e-01 8.975830078125000000e-01 8.622753906250000266e-01 3.954101562500000194e-02 1.013212890624999973e+00 -5.817036132812500870e-01 -4.860839843750000000e+00 -1.589355468750000000e+00 1.391601562500000000e-01 1.403808593750000000e+00 1.121582031250000000e+00
3.774462890624999956e-01 5.225830078125000000e-01 7.722753906250000577e-01 6.954101562500000777e-02 1.063212890625000018e+00 -1.831203613281249920e+00 -2.360839843750000000e+00 9.106445312500000000e-01 -2.360839843750000000e+00 3.903808593750000000e+00 6.215820312500000000e-01
1.874462890624999933e-01 7.725830078125000000e-01 5.922753906250000089e-01 4.954101562500000389e-02 9.632128906250000400e-01 -9.982036132812499574e-01 2.639160156250000000e+00 -4.089355468750000000e+00 2.639160156250000000e+00 -1.096191406250000000e+00 1.621582031250000000e+00
2.111962890624999867e-01 7.413330078125000000e-01 7.947753906250000222e-01 3.704101562499999972e-02 9.257128906250000622e-01 -1.102328613281250203e+00 2.014160156250000000e+00 2.856445312500000000e-01 -4.235839843750000000e+00 3.278808593750000000e+00 1.746582031250000000e+00
4.011962890624999889e-01 9.913330078125000000e-01 6.147753906250000844e-01 5.704101562500000361e-02 1.025712890624999929e+00 -1.935328613281249943e+00 -2.985839843750000000e+00 -4.714355468750000000e+00 7.641601562500000000e-01 -1.721191406250000000e+00 7.465820312500000000e-01
4.961962890625000178e-01 6.163330078125000000e-01 7.047753906250000533e-01 4.704101562500000167e-02 9.757128906249999956e-01 -6.858286132812501101e-01 -4.858398437500000000e-01 2.785644531250000000e+00 -1.735839843750000000e+00 -4.221191406250000000e+00 1.246582031250000000e+00
3.061962890624999600e-01 8.663330078125000000e-01 8.847753906249999911e-01 6.704101562500000555e-02 8.757128906250000178e-01 -1.518828613281250073e+00 4.514160156250000000e+00 -2.214355468750000000e+00 3.264160156250000000e+00 7.788085937500000000e-01 2.465820312500000000e-01
2.586962890624999734e-01 5.538330078125000000e-01 5.697753906250000444e-01 3.204101562500000222e-02 1.000712890625000018e+00 -1.310578613281250027e+00 7.641601562500000000e-01 -3.464355468750000000e+00 -2.985839843750000000e+00 -2.971191406250000000e+00 1.496582031250000000e+00
4.486962890624999756e-01 8.038330078125000000e-01 7.497753906249999822e-01 5.204101562500000611e-02 9.007128906250000400e-01 -4.775786132812500639e-01 -4.235839843750000000e+00 1.535644531250000000e+00 2.014160156250000000e+00 2.028808593750000000e+00 4.965820312500000000e-01
3.536962890625000022e-01 6.788330078125000000e-01 8.397753906250000622e-01 4.204101562499999722e-02 9.507128906249999734e-01 -1.727078613281249897e+00 -1.735839843750000000e+00 -9.643554687500000000e-01 -4.858398437500000000e-01 4.528808593750000000e+00 1.996582031250000000e+00
1.636962890625000000e-01 9.288330078125000000e-01 6.597753906250000133e-01 6.204101562500000805e-02 1.050712890625000062e+00 -8.940786132812501563e-01 3.264160156250000000e+00 4.035644531250000000e+00 4.514160156250000000e+00 -4.711914062500000000e-01 9.965820312500000000e-01
1.518212890625000033e-01 6.632080078125000000e-01 6.035253906249999911e-01 6.829101562500000666e-02 9.944628906250000400e-01 -5.296411132812499645e-01 -3.298339843750000000e+00 1.848144531250000000e+00 4.201660156250000000e+00 1.716308593750000000e+00 5.908203125000000000e-02
3.418212890624999778e-01 9.132080078125000000e-01 7.835253906250000400e-01 4.829101562500000278e-02 8.944628906249999512e-01 -1.362641113281250149e+00 1.701660156250000000e+00 -3.151855468750000000e+00 -7.983398437500000000e-01 -3.283691406250000000e+00 1.059082031250000000e+00
4.368212890625000067e-01 5.382080078125000000e-01 8.735253906250000089e-01 5.829101562500000472e-02 9.444628906249999956e-01 -9.461411132812500568e-01 4.201660156250000000e+00 4.348144531250000000e+00 1.701660156250000000e+00 -7.836914062500000000e-01 5.590820312500000000e-01
2.468212890625000044e-01 7.882080078125000000e-01 6.935253906250000711e-01 3.829101562500000083e-02 1.044462890624999973e+00 -1.779141113281250020e+00 -7.983398437500000000e-01 -6.518554687500000000e-01 -3.298339843750000000e+00 4.216308593750000000e+00 1.559082031250000000e+00
2.943212890624999911e-01 6.007080078125000000e-01 7.385253906250000000e-01 6.329101562500000222e-02 9.694628906250000178e-01 -1.987391113281250066e+00 -4.548339843750000000e+00 -4.401855468750000000e+00 2.951660156250000000e+00 -2.033691406250000000e+00 8.090820312500000000e-01
4.843212890624999933e-01 8.507080078125000000e-01 5.585253906250000622e-01 4.329101562499999833e-02 1.069462890625000107e+00 -1.154391113281250103e+00 4.516601562500000000e-01 5.981445312500000000e-01 -2.048339843750000000e+00 2.966308593750000000e+00 1.809082031250000000e+00
3.893212890625000200e-01 7.257080078125000000e-01 6.485253906250000311e-01 5.329101562500000722e-02 1.019462890625000062e+00 -1.570891113281249973e+00 2.951660156250000000e+00 -1.901855468750000000e+00 4.516601562500000000e-01 4.663085937500000000e-01 3.090820312500000000e-01
1.993212890624999900e-01 9.757080078125000000e-01 8.285253906250000799e-01 3.329101562499999639e-02 9.194628906249999734e-01 -7.378911132812500107e-01 -2.048339843750000000e+00 3.098144531250000000e+00 -4.548339843750000000e+00 -4.533691406250000000e+00 1.309082031250000000e+00
1.755712890624999967e-01 5.069580078125000000e-01 7.160253906250000355e-01 4.079101562500000305e-02 8.819628906249999956e-01 -6.337661132812499876e-01 -2.673339843750000000e+00 -1.276855468750000000e+00 3.576660156250000000e+00 2.341308593750000000e+00 1.434082031250000000e+00
3.655712890625000266e-01 7.569580078125000000e-01 8.960253906249999734e-01 6.079101562500000000e-02 9.819628906249999734e-01 -1.466766113281249950e+00 2.326660156250000000e+00 3.723144531250000000e+00 -1.423339843750000000e+00 -2.658691406250000000e+00 4.340820312500000000e-01
4.605712890625000000e-01 6.319580078125000000e-01 8.060253906250001155e-01 3.079101562499999764e-02 1.031962890625000018e+00 -1.050266113281250080e+00 4.826660156250000000e+00 -3.776855468750000000e+00 1.076660156250000000e+00 -1.586914062500000000e-01 1.934082031250000000e+00
2.705712890624999978e-01 8.819580078125000000e-01 6.260253906250000666e-01 5.079101562500000500e-02 9.319628906250000400e-01 -1.883266113281250043e+00 -1.733398437500000000e-01 1.223144531250000000e+00 -3.923339843750000000e+00 4.841308593750000000e+00 9.340820312500000000e-01
2.230712890625000111e-01 6.944580078125000000e-01 8.510253906250000444e-01 4.579101562500000056e-02 1.056962890625000151e+00 -1.675016113281249996e+00 -3.923339843750000000e+00 4.973144531250000000e+00 4.826660156250000000e+00 -1.408691406250000000e+00 1.684082031250000000e+00
4.130712890625000133e-01 9.444580078125000000e-01 6.710253906249999956e-01 6.579101562500000444e-02 9.569628906250000622e-01 -8.420161132812500338e-01 1.076660156250000000e+00 -2.685546875000000000e-02 -1.733398437500000000e-01 3.591308593750000000e+00 6.840820312500000000e-01
3.180712890624999845e-01 5.694580078125000000e-01 5.810253906250000266e-01 3.579101562499999861e-02 9.069628906250000178e-01 -1.258516113281249904e+00 3.576660156250000000e+00 2.473144531250000000e+00 2.326660156250000000e+00 1.091308593750000000e+00 1.184082031250000000e+00
1.280712890624999822e-01 8.194580078125000000e-01 7.610253906250000755e-01 5.579101562500000250e-02 1.006962890625000107e+00 -4.255161132812501634e-01 -1.423339843750000000e+00 -2.526855468750000000e+00 -2.673339843750000000e+00 -3.908691406250000000e+00 1.840820312500000000e-01
1.310400390625000022e-01 5.186767578125000000e-01 5.725878906250000400e-01 6.110351562500000722e-02 9.366503906249999956e-01 -7.248754882812500355e-01 6.103515625000000000e-02 -8.862304687500000000e-01 3.735351562500000000e-01 7.006835937500000000e-01 1.918457031250000000e+00
3.210400390625000044e-01 7.686767578125000000e-01 7.525878906250000888e-01 4.110351562500000333e-02 1.036650390624999973e+00 -1.557875488281249998e+00 -4.938964843750000000e+00 4.113769531250000000e+00 -4.626464843750000000e+00 -4.299316406250000000e+00 9.184570312500000000e-01
4.160400390624999778e-01 6.436767578125000000e-01 8.425878906250000577e-01 5.110351562499999833e-02 9.866503906250000400e-01 -1.141375488281250128e+00 -2.438964843750000000e+00 -3.386230468750000000e+00 2.873535156250000000e+00 -1.799316406250000000e+00 1.418457031250000000e+00
2.260400390625000033e-01 8.936767578125000000e-01 6.625878906250000089e-01 3.110351562499999792e-02 8.866503906249999512e-01 -1.974375488281250091e+00 2.561035156250000000e+00 1.613769531250000000e+00 -2.126464843750000000e+00 3.200683593750000000e+00 4.184570312500000000e-01
2.735400390625000178e-01 7.061767578125000000e-01 7.975878906250000178e-01 6.610351562499999778e-02 1.011650390625000062e+00 -1.766125488281250044e+00 1.311035156250000000e+00 2.863769531250000000e+00 1.623535156250000000e+00 -5.493164062500000000e-01 1.168457031250000000e+00
4.635400390625000200e-01 9.561767578125000000e-01 6.175878906250000799e-01 4.610351562500000083e-02 9.116503906249999734e-01 -9.331254882812500817e-01 -3.688964843750000000e+00 -2.136230468750000000e+00 -3.376464843750000000e+00 4.450683593750000000e+00 1.684570312500000000e-01
3.685400390624999911e-01 5.811767578125000000e-01 7.075878906250000488e-01 5.610351562500000278e-02 9.616503906250000178e-01 -1.349625488281250174e+00 -1.188964843750000000e+00 3.637695312500000000e-01 4.123535156250000000e+00 1.950683593750000000e+00 1.668457031250000000e+00
1.785400390624999889e-01 8.311767578125000000e-01 8.875878906250000977e-01 3.610351562499999889e-02 1.061650390625000107e+00 -5.166254882812499893e-01 3.811035156250000000e+00 -4.636230468750000000e+00 -8.764648437500000000e-01 -3.049316406250000000e+00 6.684570312500000000e-01
2.022900390624999822e-01 6.749267578125000000e-01 6.400878906250000444e-01 4.860351562500000305e-02 1.024150390625000018e+00 -4.125004882812499662e-01 6.860351562500000000e-01 9.887695312500000000e-01 2.248535156250000000e+00 7.568359375000000000e-02 5.434570312500000000e-01
3.922900390624999845e-01 9.249267578125000000e-01 8.200878906249999822e-01 6.860351562500000000e-02 9.241503906250000400e-01 -1.245500488281249929e+00 -4.313964843750000000e+00 -4.011230468750000000e+00 -2.751464843750000000e+00 -4.924316406250000000e+00 1.543457031250000000e+00
4.872900390625000133e-01 5.499267578125000000e-01 7.300878906250000133e-01 3.860351562500000111e-02 8.741503906249999956e-01 -8.290004882812500586e-01 -1.813964843750000000e+00 3.488769531250000000e+00 4.748535156250000000e+00 -2.424316406250000000e+00 4.345703125000000000e-02
2.972900390625000111e-01 7.999267578125000000e-01 5.500878906250000755e-01 5.860351562500000500e-02 9.741503906249999734e-01 -1.662000488281250021e+00 3.186035156250000000e+00 -1.511230468750000000e+00 -2.514648437500000000e-01 2.575683593750000000e+00 1.043457031250000000e+00
2.497900390624999967e-01 6.124267578125000000e-01 8.650878906250000222e-01 4.360351562500000555e-02 8.991503906250000178e-01 -1.870250488281250068e+00 1.936035156250000000e+00 -2.761230468750000000e+00 9.985351562500000000e-01 -1.174316406250000000e+00 2.934570312500000000e-01
4.397900390625000266e-01 8.624267578125000000e-01 6.850878906249999734e-01 6.360351562499999556e-02 9.991503906250001066e-01 -1.037250488281249883e+00 -3.063964843750000000e+00 2.238769531250000000e+00 -4.001464843750000000e+00 3.825683593750000000e+00 1.293457031250000000e+00
3.447900390624999978e-01 7.374267578125000000e-01 5.950878906250000044e-01 3.360351562499999667e-02 1.049150390625000151e+00 -1.453750488281249975e+00 -5.639648437500000000e-01 -2.612304687500000000e-01 3.498535156250000000e+00 1.325683593750000000e+00 7.934570312500000000e-01
1.547900390624999956e-01 9.874267578125000000e-01 7.750878906250000533e-01 5.360351562500000056e-02 9.491503906250000622e-01 -6.207504882812500124e-01 4.436035156250000000e+00 4.738769531250000000e+00 -1.501464843750000000e+00 -3.674316406250000000e+00 1.793457031250000000e+00
1.666650390624999922e-01 7.218017578125000000e-01 8.313378906249999645e-01 5.735351562500000389e-02 8.929003906250000400e-01 -9.851879882812499822e-01 -4.626464843750000000e+00 1.926269531250000000e+00 -2.438964843750000000e+00 4.763183593750000000e+00 1.230957031250000000e+00
3.566650390625000222e-01 9.718017578125000000e-01 6.513378906250000266e-01 3.735351562500000000e-02 9.929003906250000178e-01 -1.818187988281249945e+00 3.735351562500000000e-01 -3.073730468750000000e+00 2.561035156250000000e+00 -2.368164062500000000e-01 2.309570312500000000e-01
4.516650390624999956e-01 5.968017578125000000e-01 5.613378906250000577e-01 6.735351562499999889e-02 1.042900390625000062e+00 -5.686879882812501119e-01 2.873535156250000000e+00 4.426269531250000000e+00 -4.938964843750000000e+00 -2.736816406250000000e+00 1.730957031250000000e+00
2.616650390624999933e-01 8.468017578125000000e-01 7.413378906250001066e-01 4.735351562500000194e-02 9.429003906249999734e-01 -1.401687988281250075e+00 -2.126464843750000000e+00 -5.737304687500000000e-01 6.103515625000000000e-02 2.263183593750000000e+00 7.309570312500000000e-01
3.091650390625000355e-01 5.343017578125000000e-01 6.963378906250000666e-01 5.235351562499999944e-02 1.067900390624999973e+00 -1.193437988281250028e+00 -3.376464843750000000e+00 -4.323730468750000000e+00 -1.188964843750000000e+00 -3.986816406250000000e+00 1.980957031250000000e+00
4.991650390624999822e-01 7.843017578125000000e-01 8.763378906250001155e-01 3.235351562500000250e-02 9.679003906249999956e-01 -3.604379882812500657e-01 1.623535156250000000e+00 6.762695312500000000e-01 3.811035156250000000e+00 1.013183593750000000e+00 9.809570312500000000e-01
4.041650390625000089e-01 6.593017578125000000e-01 7.863378906250000355e-01 6.235351562500000833e-02 9.179003906250000622e-01 -1.609937988281250121e+00 4.123535156250000000e+00 -1.823730468750000000e+00 -3.688964843750000000e+00 3.513183593750000000e+00 1.480957031250000000e+00
2.141650390625000067e-01 9.093017578125000000e-01 6.063378906250000977e-01 4.235351562500000444e-02 1.017900390624999929e+00 -7.769379882812501581e-01 -8.764648437500000000e-01 3.176269531250000000e+00 1.311035156250000000e+00 -1.486816406250000000e+00 4.809570312500000000e-01
1.904150390625000133e-01 5.655517578125000000e-01 7.638378906250000711e-01 3.485351562499999778e-02 9.804003906250000622e-01 -8.810629882812499591e-01 -4.001464843750000000e+00 -2.448730468750000000e+00 -5.639648437500000000e-01 4.138183593750000000e+00 3.559570312500000000e-01
3.804150390625000155e-01 8.155517578125000000e-01 5.838378906250000222e-01 5.485351562500000167e-02 8.804003906249999734e-01 -1.714062988281249922e+00 9.985351562500000000e-01 2.551269531250000000e+00 4.436035156250000000e+00 -8.618164062500000000e-01 1.355957031250000000e+00
4.754150390624999889e-01 6.905517578125000000e-01 6.738378906249999911e-01 4.485351562499999972e-02 9.304003906250000178e-01 -4.645629882812500888e-01 3.498535156250000000e+00 -4.948730468750000000e+00 -3.063964843750000000e+00 -3.361816406250000000e+00 8.559570312500000000e-01
2.854150390624999867e-01 9.405517578125000000e-01 8.538378906250000400e-01 6.485351562499999667e-02 1.030400390625000107e+00 -1.297562988281250052e+00 -1.501464843750000000e+00 5.126953125000000000e-02 1.936035156250000000e+00 1.638183593750000000e+00 1.855957031250000000e+00
2.379150390625000000e-01 6.280517578125000000e-01 6.288378906250000622e-01 3.985351562500000222e-02 9.554003906250000400e-01 -1.505812988281250098e+00 -2.751464843750000000e+00 3.801269531250000000e+00 -1.813964843750000000e+00 -4.611816406250000000e+00 6.059570312500000000e-01
4.279150390625000022e-01 8.780517578125000000e-01 8.088378906250000000e-01 5.985351562500000611e-02 1.055400390625000018e+00 -6.728129882812501350e-01 2.248535156250000000e+00 -1.198730468750000000e+00 3.186035156250000000e+00 3.881835937500000000e-01 1.605957031250000000e+00
3.329150390624999734e-01 5.030517578125000000e-01 8.988378906250000799e-01 4.985351562500000416e-02 1.005400390624999973e+00 -1.922312988281249968e+00 4.748535156250000000e+00 1.301269531250000000e+00 -4.313964843750000000e+00 2.888183593750000000e+00 1.059570312500000000e-01
1.429150390624999989e-01 7.530517578125000000e-01 7.188378906250000311e-01 6.985351562500000111e-02 9.054003906249999956e-01 -1.089312988281250005e+00 -2.514648437500000000e-01 -3.698730468750000000e+00 6.860351562500000000e-01 -2.111816406250000000e+00 1.105957031250000000e+00
1.369775390624999867e-01 6.514892578125000000e-01 7.469628906250000977e-01 4.297851562500000500e-02 1.046025390625000107e+00 -1.323594238281250002e+00 2.717285156250000000e+00 2.707519531250000000e+00 -3.845214843750000000e+00 1.169433593750000000e+00 1.512207031250000000e+00
3.269775390624999889e-01 9.014892578125000000e-01 5.669628906250000488e-01 6.297851562500000888e-02 9.460253906250000178e-01 -4.905942382812500391e-01 -2.282714843750000000e+00 -2.292480468750000000e+00 1.154785156250000000e+00 -3.830566406250000000e+00 5.122070312500000000e-01
4.219775390625000178e-01 5.264892578125000000e-01 6.569628906250000178e-01 3.297851562499999611e-02 8.960253906249999734e-01 -1.740094238281250094e+00 -4.782714843750000000e+00 2.075195312500000000e-01 -1.345214843750000000e+00 -1.330566406250000000e+00 1.012207031250000000e+00
2.319775390625000155e-01 7.764892578125000000e-01 8.369628906249999556e-01 5.297851562500000000e-02 9.960253906250000622e-01 -9.070942382812501315e-01 2.172851562500000000e-01 -4.792480468750000000e+00 3.654785156250000000e+00 3.669433593750000000e+00 1.220703125000000000e-02
2.794775390625000022e-01 5.889892578125000000e-01 6.119628906250000888e-01 4.797851562500000250e-02 8.710253906249999512e-01 -1.115344238281250178e+00 3.967285156250000000e+00 -1.042480468750000000e+00 -2.595214843750000000e+00 -8.056640625000000000e-02 1.262207031250000000e+00
4.694775390625000044e-01 8.389892578125000000e-01 7.919628906250000266e-01 6.797851562500001332e-02 9.710253906250000400e-01 -1.948344238281249918e+00 -1.032714843750000000e+00 3.957519531250000000e+00 2.404785156250000000e+00 4.919433593750000000e+00 2.622070312500000000e-01
3.744775390624999756e-01 7.139892578125000000e-01 8.819628906250001066e-01 3.797851562500000056e-02 1.021025390624999973e+00 -6.988442382812500853e-01 -3.532714843750000000e+00 -3.542480468750000000e+00 -9.521484375000000000e-02 2.419433593750000000e+00 1.762207031250000000e+00
1.844775390625000011e-01 9.639892578125000000e-01 7.019628906250000577e-01 5.797851562500000444e-02 9.210253906249999956e-01 -1.531844238281250048e+00 1.467285156250000000e+00 1.457519531250000000e+00 4.904785156250000000e+00 -2.580566406250000000e+00 7.622070312500000000e-01
2.082275390624999944e-01 5.577392578125000000e-01 8.594628906250000311e-01 6.547851562500001110e-02 9.585253906249999734e-01 -1.427719238281250025e+00 3.342285156250000000e+00 -2.917480468750000000e+00 -3.220214843750000000e+00 5.444335937500000000e-01 8.872070312500000000e-01
3.982275390625000244e-01 8.077392578125000000e-01 6.794628906249999822e-01 4.547851562500000028e-02 1.058525390625000062e+00 -5.947192382812500622e-01 -1.657714843750000000e+00 2.082519531250000000e+00 1.779785156250000000e+00 -4.455566406250000000e+00 1.887207031250000000e+00
4.932275390624999978e-01 6.827392578125000000e-01 5.894628906250000133e-01 5.547851562500000222e-02 1.008525390625000018e+00 -1.844219238281250117e+00 -4.157714843750000000e+00 -4.174804687500000000e-01 -7.202148437500000000e-01 -1.955566406250000000e+00 3.872070312500000000e-01
3.032275390624999956e-01 9.327392578125000000e-01 7.694628906250000622e-01 3.547851562499999833e-02 9.085253906250000400e-01 -1.011219238281249932e+00 8.422851562500000000e-01 4.582519531250000000e+00 4.279785156250000000e+00 3.044433593750000000e+00 1.387207031250000000e+00
2.557275390625000089e-01 7.452392578125000000e-01 7.244628906250000222e-01 6.047851562500000666e-02 9.835253906249999956e-01 -8.029692382812501084e-01 4.592285156250000000e+00 8.325195312500000000e-01 -4.470214843750000000e+00 -7.055664062500000000e-01 1.372070312500000000e-01
4.457275390625000111e-01 9.952392578125000000e-01 9.044628906250000711e-01 4.047851562500000278e-02 8.835253906250000178e-01 -1.635969238281250071e+00 -4.077148437500000000e-01 -4.167480468750000000e+00 5.297851562500000000e-01 4.294433593750000000e+00 1.137207031250000000e+00
3.507275390624999822e-01 6.202392578125000000e-01 8.144628906249999911e-01 5.047851562499999778e-02 9.335253906250000622e-01 -3.864692382812500160e-01 -2.907714843750000000e+00 3.332519531250000000e+00 -1.970214843750000000e+00 1.794433593750000000e+00 6.372070312500000000e-01
1.607275390624999800e-01 8.702392578125000000e-01 6.344628906250000533e-01 3.047851562499999736e-02 1.033525390624999929e+00 -1.219469238281249979e+00 2.092285156250000000e+00 -1.667480468750000000e+00 3.029785156250000000e+00 -3.205566406250000000e+00 1.637207031250000000e+00
1.488525390625000111e-01 6.046142578125000000e-01 6.682128906250000000e-01 3.922851562500000167e-02 1.002275390624999929e+00 -1.583906738281249948e+00 -1.970214843750000000e+00 -3.854980468750000000e+00 3.342285156250000000e+00 4.606933593750000000e+00 1.324707031250000000e+00
3.388525390625000133e-01 8.546142578125000000e-01 8.482128906250000488e-01 5.922851562500000555e-02 9.022753906250000622e-01 -7.509067382812499858e-01 3.029785156250000000e+00 1.145019531250000000e+00 -1.657714843750000000e+00 -3.930664062500000000e-01 3.247070312500000000e-01
4.338525390624999867e-01 7.296142578125000000e-01 7.582128906250000799e-01 4.922851562500000361e-02 9.522753906249999956e-01 -1.167406738281250078e+00 5.297851562500000000e-01 -1.354980468750000000e+00 8.422851562500000000e-01 -2.893066406250000000e+00 1.824707031250000000e+00
2.438525390624999845e-01 9.796142578125000000e-01 5.782128906250000311e-01 6.922851562500001443e-02 1.052275390624999973e+00 -3.344067382812501155e-01 -4.470214843750000000e+00 3.645019531250000000e+00 -4.157714843750000000e+00 2.106933593750000000e+00 8.247070312500000000e-01
2.913525390625000266e-01 6.671142578125000000e-01 8.932128906250000888e-01 3.422851562499999722e-02 9.272753906249999734e-01 -5.426567382812501616e-01 -7.202148437500000000e-01 2.395019531250000000e+00 4.592285156250000000e+00 -4.143066406250000000e+00 1.574707031250000000e+00
4.813525390624999734e-01 9.171142578125000000e-01 7.132128906250000400e-01 5.422851562500000111e-02 1.027275390625000062e+00 -1.375656738281250124e+00 4.279785156250000000e+00 -2.604980468750000000e+00 -4.077148437500000000e-01 8.569335937500000000e-01 5.747070312500000000e-01
3.863525390625000000e-01 5.421142578125000000e-01 6.232128906250000711e-01 4.422851562499999917e-02 9.772753906250000178e-01 -9.591567382812500320e-01 1.779785156250000000e+00 4.895019531250000000e+00 2.092285156250000000e+00 3.356933593750000000e+00 1.074707031250000000e+00
1.963525390624999978e-01 7.921142578125000000e-01 8.032128906250000089e-01 6.422851562500000999e-02 8.772753906250000400e-01 -1.792156738281249995e+00 -3.220214843750000000e+00 -1.049804687500000000e-01 -2.907714843750000000e+00 -1.643066406250000000e+00 7.470703125000000000e-02
1.726025390625000044e-01 6.983642578125000000e-01 5.557128906250000666e-01 5.172851562499999889e-02 9.147753906250000178e-01 -1.896281738281250018e+00 -1.345214843750000000e+00 4.270019531250000000e+00 3.967285156250000000e+00 3.981933593750000000e+00 1.997070312500000000e-01
3.626025390625000067e-01 9.483642578125000000e-01 7.357128906250000044e-01 3.172851562500000194e-02 1.014775390625000107e+00 -1.063281738281250055e+00 3.654785156250000000e+00 -7.299804687500000000e-01 -1.032714843750000000e+00 -1.018066406250000000e+00 1.199707031250000000e+00
4.576025390624999800e-01 5.733642578125000000e-01 8.257128906249999734e-01 6.172851562500000777e-02 1.064775390625000151e+00 -1.479781738281249925e+00 1.154785156250000000e+00 1.770019531250000000e+00 1.467285156250000000e+00 -3.518066406250000000e+00 6.997070312500000000e-01
2.676025390624999778e-01 8.233642578125000000e-01 6.457128906250000355e-01 4.172851562500000389e-02 9.647753906250000622e-01 -6.467817382812499627e-01 -3.845214843750000000e+00 -3.229980468750000000e+00 -3.532714843750000000e+00 1.481933593750000000e+00 1.699707031250000000e+00
2.201025390624999911e-01 5.108642578125000000e-01 7.807128906250000444e-01 5.672851562500000333e-02 1.039775390625000018e+00 -4.385317382812501386e-01 -9.521484375000000000e-02 -1.979980468750000000e+00 2.717285156250000000e+00 -4.768066406250000000e+00 9.497070312500000000e-01
4.101025390624999933e-01 7.608642578125000000e-01 6.007128906249999956e-01 3.672851562499999944e-02 9.397753906250000400e-01 -1.271531738281249879e+00 4.904785156250000000e+00 3.020019531250000000e+00 -2.282714843750000000e+00 2.319335937500000000e-01 1.949707031250000000e+00
3.151025390624999645e-01 6.358642578125000000e-01 6.907128906250000755e-01 6.672851562500001221e-02 8.897753906249999956e-01 -8.550317382812500089e-01 2.404785156250000000e+00 -4.479980468750000000e+00 2.172851562500000000e-01 2.731933593750000000e+00 4.497070312500000000e-01
1.251025390624999900e-01 8.858642578125000000e-01 8.707128906250000133e-01 4.672851562500000139e-02 9.897753906249999734e-01 -1.688031738281249972e+00 -2.595214843750000000e+00 5.200195312500000000e-01 -4.782714843750000000e+00 -2.268066406250000000e+00 1.449707031250000000e+00
1.236181640624999939e-01 6.143798828125000000e-01 7.905566406249999734e-01 6.875976562499999667e-02 8.858691406249999956e-01 -1.225977050781250188e+00 6.469726562500000000e-01 1.496582031250000000e+00 -4.509277343750000000e+00 -1.369628906250000000e+00 1.582519531250000000e+00
3.136181640624999822e-01 8.643798828125000000e-01 6.105566406250000355e-01 4.875976562500000666e-02 9.858691406249999734e-01 -3.929770507812500036e-01 -4.353027343750000000e+00 -3.503417968750000000e+00 4.907226562500000000e-01 3.630371093750000000e+00 5.825195312500000000e-01
4.086181640625000111e-01 7.393798828125000000e-01 7.005566406250000044e-01 5.875976562500000167e-02 1.035869140625000018e+00 -1.642477050781250059e+00 -1.853027343750000000e+00 3.996582031250000000e+00 -2.009277343750000000e+00 1.130371093750000000e+00 1.082519531250000000e+00
2.186181640625000089e-01 9.893798828125000000e-01 8.805566406250000533e-01 3.875976562499999778e-02 9.358691406250000400e-01 -8.094770507812500959e-01 3.146972656250000000e+00 -1.003417968750000000e+00 2.990722656250000000e+00 -3.869628906250000000e+00 8.251953125000000000e-02
2.661181640624999956e-01 6.768798828125000000e-01 5.655566406249999956e-01 6.375976562500000611e-02 1.060869140625000151e+00 -1.017727050781250142e+00 1.896972656250000000e+00 -4.753417968750000000e+00 -3.259277343750000000e+00 2.380371093750000000e+00 1.332519531250000000e+00
4.561181640624999978e-01 9.268798828125000000e-01 7.455566406250000444e-01 4.375976562500000222e-02 9.608691406250000622e-01 -1.850727050781249883e+00 -3.103027343750000000e+00 2.465820312500000000e-01 1.740722656250000000e+00 -2.619628906250000000e+00 3.325195312500000000e-01
3.611181640624999689e-01 5.518798828125000000e-01 8.355566406250000133e-01 5.375976562500000416e-02 9.108691406250000178e-01 -6.012270507812500497e-01 -6.030273437500000000e-01 -2.253417968750000000e+00 -7.592773437500000000e-01 -1.196289062500000000e-01 1.832519531250000000e+00
1.711181640624999944e-01 8.018798828125000000e-01 6.555566406250000755e-01 3.375976562500000028e-02 1.010869140625000107e+00 -1.434227050781250012e+00 4.396972656250000000e+00 2.746582031250000000e+00 4.240722656250000000e+00 4.880371093750000000e+00 8.325195312500000000e-01
1.948681640625000155e-01 7.081298828125000000e-01 9.030566406250000178e-01 4.125976562500000000e-02 9.733691406250000178e-01 -1.538352050781250036e+00 2.197265625000000000e-02 -1.628417968750000000e+00 -2.634277343750000000e+00 -1.994628906250000000e+00 9.575195312500000000e-01
3.848681640625000178e-01 9.581298828125000000e-01 7.230566406250000799e-01 6.125976562500000389e-02 8.733691406250000400e-01 -7.053520507812500728e-01 -4.978027343750000000e+00 3.371582031250000000e+00 2.365722656250000000e+00 3.005371093750000000e+00 1.957519531250000000e+00
4.798681640624999911e-01 5.831298828125000000e-01 6.330566406250000000e-01 3.125976562499999806e-02 9.233691406249999734e-01 -1.954852050781249906e+00 -2.478027343750000000e+00 -4.128417968750000000e+00 -1.342773437500000000e-01 5.053710937500000000e-01 4.575195312500000000e-01
2.898681640624999889e-01 8.331298828125000000e-01 8.130566406250000488e-01 5.125976562500000194e-02 1.023369140625000062e+00 -1.121852050781249943e+00 2.521972656250000000e+00 8.715820312500000000e-01 4.865722656250000000e+00 -4.494628906250000000e+00 1.457519531250000000e+00
2.423681640625000022e-01 5.206298828125000000e-01 6.780566406250000400e-01 4.625976562500000444e-02 9.483691406249999956e-01 -9.136020507812501190e-01 1.271972656250000000e+00 4.621582031250000000e+00 -3.884277343750000000e+00 1.755371093750000000e+00 2.075195312500000000e-01
4.323681640625000044e-01 7.706298828125000000e-01 8.580566406250000888e-01 6.625976562500000833e-02 1.048369140624999973e+00 -1.746602050781250082e+00 -3.728027343750000000e+00 -3.784179687500000000e-01 1.115722656250000000e+00 -3.244628906250000000e+00 1.207519531250000000e+00
3.373681640625000311e-01 6.456298828125000000e-01 7.680566406250000089e-01 3.625976562500000250e-02 9.983691406250000400e-01 -4.971020507812500266e-01 -1.228027343750000000e+00 2.121582031250000000e+00 -1.384277343750000000e+00 -7.446289062500000000e-01 7.075195312500000000e-01
1.473681640625000011e-01 8.956298828125000000e-01 5.880566406250000711e-01 5.625976562499999944e-02 8.983691406250000622e-01 -1.330102050781249989e+00 3.771972656250000000e+00 -2.878417968750000000e+00 3.615722656250000000e+00 4.255371093750000000e+00 1.707519531250000000e+00
1.592431640624999978e-01 6.300048828125000000e-01 7.118066406250000977e-01 5.250976562500000305e-02 9.421191406250000178e-01 -1.694539550781249959e+00 -4.040527343750000000e+00 -6.591796875000000000e-02 2.678222656250000000e+00 -2.932128906250000000e+00 1.270019531250000000e+00
3.492431640625000000e-01 8.800048828125000000e-01 8.918066406250000355e-01 3.250976562499999917e-02 1.042119140625000107e+00 -8.615395507812499964e-01 9.594726562500000000e-01 4.934082031250000000e+00 -2.321777343750000000e+00 2.067871093750000000e+00 2.700195312500000000e-01
4.442431640624999734e-01 5.050048828125000000e-01 8.018066406249999556e-01 6.250976562500000500e-02 9.921191406250000622e-01 -1.278039550781250089e+00 3.459472656250000000e+00 -2.565917968750000000e+00 1.782226562500000000e-01 4.567871093750000000e+00 1.770019531250000000e+00
2.542431640625000266e-01 7.550048828125000000e-01 6.218066406250000178e-01 4.250976562500000111e-02 8.921191406249999734e-01 -4.450395507812501261e-01 -1.540527343750000000e+00 2.434082031250000000e+00 -4.821777343750000000e+00 -4.321289062500000000e-01 7.700195312500000000e-01
3.017431640625000133e-01 5.675048828125000000e-01 8.468066406250001066e-01 5.750976562500000056e-02 1.017119140624999973e+00 -6.532895507812499503e-01 -2.790527343750000000e+00 3.684082031250000000e+00 3.928222656250000000e+00 3.317871093750000000e+00 1.520019531250000000e+00
4.917431640625000155e-01 8.175048828125000000e-01 6.668066406250000577e-01 3.750976562499999667e-02 9.171191406249999956e-01 -1.486289550781250135e+00 2.209472656250000000e+00 -1.315917968750000000e+00 -1.071777343750000000e+00 -1.682128906250000000e+00 5.200195312500000000e-01
3.967431640624999867e-01 6.925048828125000000e-01 5.768066406250000888e-01 6.750976562500000944e-02 9.671191406250000400e-01 -1.069789550781250043e+00 4.709472656250000000e+00 1.184082031250000000e+00 1.428222656250000000e+00 -4.182128906250000000e+00 1.020019531250000000e+00
2.067431640624999845e-01 9.425048828125000000e-01 7.568066406250000266e-01 4.750976562500000555e-02 1.067119140625000018e+00 -1.902789550781250005e+00 -2.905273437500000000e-01 -3.815917968750000000e+00 -3.571777343750000000e+00 8.178710937500000000e-01 2.001953125000000000e-02
1.829931640624999911e-01 5.362548828125000000e-01 5.993066406250000533e-01 3.500976562500000139e-02 1.029619140624999929e+00 -1.798664550781249982e+00 -4.665527343750000000e+00 5.590820312500000000e-01 4.553222656250000000e+00 -3.557128906250000000e+00 1.450195312500000000e-01
3.729931640624999933e-01 7.862548828125000000e-01 7.793066406249999911e-01 5.500976562500000527e-02 9.296191406250000622e-01 -9.656645507812500195e-01 3.344726562500000000e-01 -4.440917968750000000e+00 -4.467773437500000000e-01 1.442871093750000000e+00 1.145019531250000000e+00
4.679931640625000222e-01 6.612548828125000000e-01 8.693066406250000711e-01 4.500976562500000333e-02 8.796191406250000178e-01 -1.382164550781249890e+00 2.834472656250000000e+00 3.059082031250000000e+00 2.053222656250000000e+00 3.942871093750000000e+00 6.450195312500000000e-01
2.779931640624999645e-01 9.112548828125000000e-01 6.893066406250000222e-01 6.500976562500000722e-02 9.796191406249999956e-01 -5.491645507812501492e-01 -2.165527343750000000e+00 -1.940917968750000000e+00 -2.946777343750000000e+00 -1.057128906250000000e+00 1.645019531250000000e+00
2.304931640624999778e-01 7.237548828125000000e-01 7.343066406250000622e-01 3.000976562500000042e-02 9.046191406250000400e-01 -3.409145507812501030e-01 -3.415527343750000000e+00 -3.190917968750000000e+00 3.303222656250000000e+00 2.692871093750000000e+00 8.950195312500000000e-01
4.204931640624999800e-01 9.737548828125000000e-01 5.543066406250000133e-01 5.000976562500000777e-02 1.004619140625000018e+00 -1.173914550781250066e+00 1.584472656250000000e+00 1.809082031250000000e+00 -1.696777343750000000e+00 -2.307128906250000000e+00 1.895019531250000000e+00
3.254931640625000067e-01 5.987548828125000000e-01 6.443066406249999822e-01 4.000976562499999889e-02 1.054619140625000062e+00 -7.574145507812499734e-01 4.084472656250000000e+00 -6.909179687500000000e-01 8.032226562500000000e-01 -4.807128906250000000e+00 3.950195312500000000e-01
1.354931640625000044e-01 8.487548828125000000e-01 8.243066406250000311e-01 6.000976562500000278e-02 9.546191406249999734e-01 -1.590414550781249936e+00 -9.155273437500000000e-01 4.309082031250000000e+00 -4.196777343750000000e+00 1.928710937500000000e-01 1.395019531250000000e+00
1.414306640624999889e-01 7.471923828125000000e-01 6.274316406250000089e-01 4.688476562500000500e-02 9.952441406250001066e-01 -6.272583007812500000e-01 3.303222656250000000e+00 -4.597167968750000000e+00 9.594726562500000000e-01 -1.838378906250000000e+00 1.988769531250000000e+00
3.314306640624999911e-01 9.971923828125000000e-01 8.074316406250000577e-01 6.688476562500000888e-02 8.952441406250000178e-01 -1.460258300781250185e+00 -1.696777343750000000e+00 4.028320312500000000e-01 -4.040527343750000000e+00 3.161621093750000000e+00 9.887695312500000000e-01
4.264306640625000200e-01 6.221923828125000000e-01 8.974316406250000266e-01 3.688476562500000305e-02 9.452441406250000622e-01 -1.043758300781250092e+00 -4.196777343750000000e+00 -2.097167968750000000e+00 3.459472656250000000e+00 6.616210937500000000e-01 1.488769531250000000e+00
2.364306640624999900e-01 8.721923828125000000e-01 7.174316406250000888e-01 5.688476562500000000e-02 1.045244140625000151e+00 -1.876758300781250055e+00 8.032226562500000000e-01 2.902832031250000000e+00 -1.540527343750000000e+00 -4.338378906250000000e+00 4.887695312500000000e-01
2.839306640625000044e-01 5.596923828125000000e-01 7.624316406250000178e-01 4.188476562500000056e-02 9.202441406250000400e-01 -1.668508300781250009e+00 4.553222656250000000e+00 1.652832031250000000e+00 2.209472656250000000e+00 1.911621093750000000e+00 1.238769531250000000e+00
4.739306640625000067e-01 8.096923828125000000e-01 5.824316406250000799e-01 6.188476562500000444e-02 1.020244140625000018e+00 -8.355083007812500462e-01 -4.467773437500000000e-01 -3.347167968750000000e+00 -2.790527343750000000e+00 -3.088378906250000000e+00 2.387695312500000000e-01
3.789306640624999778e-01 6.846923828125000000e-01 6.724316406250000488e-01 3.188476562499999861e-02 9.702441406249999734e-01 -1.252008300781250139e+00 -2.946777343750000000e+00 4.152832031250000000e+00 4.709472656250000000e+00 -5.883789062500000000e-01 1.738769531250000000e+00
1.889306640624999756e-01 9.346923828125000000e-01 8.524316406250000977e-01 5.188476562500000250e-02 8.702441406249999956e-01 -4.190083007812501759e-01 2.053222656250000000e+00 -8.471679687500000000e-01 -2.905273437500000000e-01 4.411621093750000000e+00 7.387695312500000000e-01
2.126806640624999967e-01 5.909423828125000000e-01 6.949316406250000133e-01 6.438476562500000666e-02 9.077441406249999734e-01 -5.231333007812499769e-01 2.678222656250000000e+00 4.777832031250000000e+00 1.584472656250000000e+00 -2.463378906250000000e+00 6.137695312500000000e-01
4.026806640624999711e-01 8.409423828125000000e-01 8.749316406250000622e-01 4.438476562500000278e-02 1.007744140625000062e+00 -1.356133300781249940e+00 -2.321777343750000000e+00 -2.221679687500000000e-01 -3.415527343750000000e+00 2.536621093750000000e+00 1.613769531250000000e+00
4.976806640625000000e-01 7.159423828125000000e-01 7.849316406249999822e-01 5.438476562500000472e-02 1.057744140625000107e+00 -9.396333007812500693e-01 -4.821777343750000000e+00 2.277832031250000000e+00 4.084472656250000000e+00 3.662109375000000000e-02 1.137695312500000000e-01
3.076806640624999978e-01 9.659423828125000000e-01 6.049316406250000444e-01 3.438476562500000083e-02 9.577441406250000178e-01 -1.772633300781250032e+00 1.782226562500000000e-01 -2.722167968750000000e+00 -9.155273437500000000e-01 -4.963378906250000000e+00 1.113769531250000000e+00
2.601806640624999556e-01 6.534423828125000000e-01 8.299316406250000222e-01 6.938476562500001110e-02 1.032744140624999973e+00 -1.980883300781250078e+00 3.928222656250000000e+00 -1.472167968750000000e+00 3.344726562500000000e-01 1.286621093750000000e+00 3.637695312500000000e-01
4.501806640625000133e-01 9.034423828125000000e-01 6.499316406250000844e-01 4.938476562500000722e-02 9.327441406249999956e-01 -1.147883300781249893e+00 -1.071777343750000000e+00 3.527832031250000000e+00 -4.665527343750000000e+00 -3.713378906250000000e+00 1.363769531250000000e+00
3.551806640624999845e-01 5.284423828125000000e-01 5.599316406250000044e-01 5.938476562500000222e-02 8.827441406249999512e-01 -1.564383300781249986e+00 -3.571777343750000000e+00 -3.972167968750000000e+00 2.834472656250000000e+00 -1.213378906250000000e+00 8.637695312500000000e-01
1.651806640624999822e-01 7.784423828125000000e-01 7.399316406250000533e-01 3.938476562499999833e-02 9.827441406250000400e-01 -7.313833007812500231e-01 1.428222656250000000e+00 1.027832031250000000e+00 -2.165527343750000000e+00 3.786621093750000000e+00 1.863769531250000000e+00
1.533056640624999856e-01 5.128173828125000000e-01 8.861816406250000444e-01 3.063476562499999750e-02 1.051494140625000018e+00 -1.095820800781249993e+00 -1.384277343750000000e+00 3.215332031250000000e+00 -1.853027343750000000e+00 -2.775878906250000000e+00 1.176269531250000000e+00
3.433056640624999600e-01 7.628173828125000000e-01 7.061816406250001066e-01 5.063476562500000139e-02 9.514941406250000400e-01 -1.928820800781249956e+00 3.615722656250000000e+00 -1.784667968750000000e+00 3.146972656250000000e+00 2.224121093750000000e+00 1.762695312500000000e-01
4.383056640624999889e-01 6.378173828125000000e-01 6.161816406250000266e-01 4.063476562499999944e-02 9.014941406249999956e-01 -6.793208007812501226e-01 1.115722656250000000e+00 7.153320312500000000e-01 -4.353027343750000000e+00 4.724121093750000000e+00 1.676269531250000000e+00
2.483056640624999867e-01 8.878173828125000000e-01 7.961816406250000755e-01 6.063476562500000333e-02 1.001494140624999973e+00 -1.512320800781250085e+00 -3.884277343750000000e+00 -4.284667968750000000e+00 6.469726562500000000e-01 -2.758789062500000000e-01 6.762695312500000000e-01
2.958056640624999734e-01 7.003173828125000000e-01 6.611816406250000666e-01 3.563476562500000194e-02 8.764941406249999734e-01 -1.304070800781250039e+00 -1.342773437500000000e-01 -5.346679687500000000e-01 -6.030273437500000000e-01 3.474121093750000000e+00 1.926269531250000000e+00
4.858056640624999756e-01 9.503173828125000000e-01 8.411816406250001155e-01 5.563476562499999889e-02 9.764941406250000622e-01 -4.710708007812500764e-01 4.865722656250000000e+00 4.465332031250000000e+00 4.396972656250000000e+00 -1.525878906250000000e+00 9.262695312500000000e-01
3.908056640625000022e-01 5.753173828125000000e-01 7.511816406250000355e-01 4.563476562500000389e-02 1.026494140625000107e+00 -1.720570800781250131e+00 2.365722656250000000e+00 -3.034667968750000000e+00 -3.103027343750000000e+00 -4.025878906250000000e+00 1.426269531250000000e+00
2.008056640625000000e-01 8.253173828125000000e-01 5.711816406250000977e-01 6.563476562500000777e-02 9.264941406250000178e-01 -8.875708007812499467e-01 -2.634277343750000000e+00 1.965332031250000000e+00 1.896972656250000000e+00 9.741210937500000000e-01 4.262695312500000000e-01
1.770556640625000067e-01 6.690673828125000000e-01 8.186816406250000400e-01 5.813476562500000111e-02 9.639941406249999956e-01 -7.834458007812501457e-01 -2.009277343750000000e+00 -3.659667968750000000e+00 -1.228027343750000000e+00 -3.400878906250000000e+00 3.012695312500000000e-01
3.670556640625000089e-01 9.190673828125000000e-01 6.386816406249999911e-01 3.813476562499999722e-02 1.063994140624999973e+00 -1.616445800781249886e+00 2.990722656250000000e+00 1.340332031250000000e+00 3.771972656250000000e+00 1.599121093750000000e+00 1.301269531250000000e+00
4.620556640624999822e-01 5.440673828125000000e-01 7.286816406250000711e-01 6.813476562500000999e-02 1.013994140624999929e+00 -3.669458007812500533e-01 4.907226562500000000e-01 -1.159667968750000000e+00 -3.728027343750000000e+00 4.099121093750000000e+00 8.012695312500000000e-01
2.720556640625000355e-01 7.940673828125000000e-01 9.086816406250000089e-01 4.813476562500000611e-02 9.139941406250000622e-01 -1.199945800781250016e+00 -4.509277343750000000e+00 3.840332031250000000e+00 1.271972656250000000e+00 -9.008789062500000000e-01 1.801269531250000000e+00
2.245556640624999933e-01 6.065673828125000000e-01 5.936816406250000622e-01 5.313476562500000361e-02 9.889941406250000178e-01 -1.408195800781250062e+00 -7.592773437500000000e-01 9.033203125000000000e-02 -2.478027343750000000e+00 2.849121093750000000e+00 5.512695312500000000e-01
4.145556640624999956e-01 8.565673828125000000e-01 7.736816406250000000e-01 3.313476562499999972e-02 8.889941406250000400e-01 -5.751958007812500995e-01 4.240722656250000000e+00 -4.909667968750000000e+00 2.521972656250000000e+00 -2.150878906250000000e+00 1.551269531250000000e+00
3.195556640625000222e-01 7.315673828125000000e-01 8.636816406250000799e-01 6.313476562500000555e-02 9.389941406249999734e-01 -1.824695800781249932e+00 1.740722656250000000e+00 2.590332031250000000e+00 -4.978027343750000000e+00 -4.650878906250000000e+00 5.126953125000000000e-02
1.295556640624999922e-01 9.815673828125000000e-01 6.836816406250000311e-01 4.313476562500000167e-02 1.038994140625000062e+00 -9.916958007812499698e-01 -3.259277343750000000e+00 -2.409667968750000000e+00 2.197265625000000000e-02 3.491210937500000000e-01 1.051269531250000000e+00
1.265869140625000000e-01 6.807861328125000000e-01 8.552441406249999822e-01 3.844726562500000444e-02 8.968066406250000400e-01 -9.005864257812501439e-01 4.631347656250000000e+00 -4.206542968750000000e+00 -3.024902343750000000e+00 -4.885253906250000000e+00 7.856445312500000000e-01
3.165869140625000022e-01 9.307861328125000000e-01 6.752441406250000444e-01 5.844726562500000833e-02 9.968066406250000178e-01 -1.733586425781250107e+00 -3.686523437500000000e-01 7.934570312500000000e-01 1.975097656250000000e+00 1.147460937500000000e-01 1.785644531250000000e+00
4.115869140624999756e-01 5.557861328125000000e-01 5.852441406250000755e-01 4.844726562499999944e-02 1.046806640625000062e+00 -4.840864257812500515e-01 -2.868652343750000000e+00 -1.706542968750000000e+00 -5.249023437500000000e-01 2.614746093750000000e+00 2.856445312500000000e-01
2.215869140625000011e-01 8.057861328125000000e-01 7.652441406250000133e-01 6.844726562500000333e-02 9.468066406249999734e-01 -1.317086425781250014e+00 2.131347656250000000e+00 3.293457031250000000e+00 4.475097656250000000e+00 -2.385253906250000000e+00 1.285644531250000000e+00
2.690869140624999600e-01 6.182861328125000000e-01 7.202441406249999734e-01 3.344726562500000000e-02 1.021806640624999929e+00 -1.525336425781250060e+00 3.381347656250000000e+00 2.043457031250000000e+00 -4.274902343750000000e+00 3.864746093750000000e+00 3.564453125000000000e-02
4.590869140625000178e-01 8.682861328125000000e-01 9.002441406250000222e-01 5.344726562500000389e-02 9.218066406250000622e-01 -6.923364257812500977e-01 -1.618652343750000000e+00 -2.956542968750000000e+00 7.250976562500000000e-01 -1.135253906250000000e+00 1.035644531250000000e+00
3.640869140624999889e-01 7.432861328125000000e-01 8.102441406250000533e-01 4.344726562500000194e-02 8.718066406250000178e-01 -1.941836425781249931e+00 -4.118652343750000000e+00 4.543457031250000000e+00 -1.774902343750000000e+00 -3.635253906250000000e+00 5.356445312500000000e-01
1.740869140624999867e-01 9.932861328125000000e-01 6.302441406250000044e-01 6.344726562499999889e-02 9.718066406249999956e-01 -1.108836425781249968e+00 8.813476562500000000e-01 -4.565429687500000000e-01 3.225097656250000000e+00 1.364746093750000000e+00 1.535644531250000000e+00
1.978369140624999800e-01 5.245361328125000000e-01 7.427441406250000488e-01 5.094726562500000167e-02 1.009306640624999973e+00 -1.004711425781250167e+00 4.006347656250000000e+00 3.918457031250000000e+00 -4.899902343750000000e+00 -4.260253906250000000e+00 1.660644531250000000e+00
3.878369140624999822e-01 7.745361328125000000e-01 5.627441406250000000e-01 3.094726562499999778e-02 9.093066406249999956e-01 -1.837711425781249908e+00 -9.936523437500000000e-01 -1.081542968750000000e+00 1.000976562500000000e-01 7.397460937500000000e-01 6.606445312500000000e-01
4.828369140625000111e-01 6.495361328125000000e-01 6.527441406250000799e-01 6.094726562500000361e-02 9.593066406250000400e-01 -5.882114257812500746e-01 -3.493652343750000000e+00 1.418457031250000000e+00 -2.399902343750000000e+00 3.239746093750000000e+00 1.160644531250000000e+00
2.928369140625000089e-01 8.995361328125000000e-01 8.327441406250000178e-01 4.094726562499999972e-02 1.059306640625000018e+00 -1.421211425781250037e+00 1.506347656250000000e+00 -3.581542968750000000e+00 2.600097656250000000e+00 -1.760253906250000000e+00 1.606445312500000000e-01
2.453369140624999944e-01 7.120361328125000000e-01 6.077441406250000400e-01 5.594726562500000611e-02 9.343066406250000178e-01 -1.212961425781249991e+00 2.756347656250000000e+00 -2.331542968750000000e+00 -3.649902343750000000e+00 4.489746093750000000e+00 1.410644531250000000e+00
4.353369140625000244e-01 9.620361328125000000e-01 7.877441406250000888e-01 3.594726562500000222e-02 1.034306640625000107e+00 -3.799614257812500284e-01 -2.243652343750000000e+00 2.668457031250000000e+00 1.350097656250000000e+00 -5.102539062500000000e-01 4.106445312500000000e-01
3.403369140624999956e-01 5.870361328125000000e-01 8.777441406250000577e-01 6.594726562500000111e-02 9.843066406250000622e-01 -1.629461425781250083e+00 -4.743652343750000000e+00 -4.831542968750000000e+00 -1.149902343750000000e+00 -3.010253906250000000e+00 1.910644531250000000e+00
1.503369140624999933e-01 8.370361328125000000e-01 6.977441406250000089e-01 4.594726562499999722e-02 8.843066406249999734e-01 -7.964614257812501208e-01 2.563476562500000000e-01 1.684570312500000000e-01 3.850097656250000000e+00 1.989746093750000000e+00 9.106445312500000000e-01
1.622119140624999900e-01 5.714111328125000000e-01 5.514941406250000178e-01 4.469726562500000305e-02 9.530566406250000622e-01 -4.320239257812501510e-01 -5.615234375000000000e-02 2.980957031250000000e+00 4.787597656250000000e+00 -8.227539062500000000e-01 9.814453125000000000e-02
3.522119140624999645e-01 8.214111328125000000e-01 7.314941406250000666e-01 6.469726562500000000e-02 1.053056640625000151e+00 -1.265023925781250114e+00 4.943847656250000000e+00 -2.019042968750000000e+00 -2.124023437500000000e-01 4.177246093750000000e+00 1.098144531250000000e+00
4.472119140624999933e-01 6.964111328125000000e-01 8.214941406250000355e-01 3.469726562500000111e-02 1.003056640625000107e+00 -8.485239257812500213e-01 2.443847656250000000e+00 4.809570312500000000e-01 2.287597656250000000e+00 1.677246093750000000e+00 5.981445312500000000e-01
2.572119140624999911e-01 9.464111328125000000e-01 6.414941406250000977e-01 5.469726562500000500e-02 9.030566406250000178e-01 -1.681523925781249984e+00 -2.556152343750000000e+00 -4.519042968750000000e+00 -2.712402343750000000e+00 -3.322753906250000000e+00 1.598144531250000000e+00
3.047119140624999778e-01 6.339111328125000000e-01 7.764941406249999956e-01 4.969726562500000056e-02 9.780566406249999734e-01 -1.889773925781250030e+00 -1.306152343750000000e+00 -7.690429687500000000e-01 3.537597656250000000e+00 4.272460937500000000e-01 8.481445312500000000e-01
4.947119140624999800e-01 8.839111328125000000e-01 5.964941406250000577e-01 6.969726562500000444e-02 8.780566406249999956e-01 -1.056773925781250068e+00 3.693847656250000000e+00 4.230957031250000000e+00 -1.462402343750000000e+00 -4.572753906250000000e+00 1.848144531250000000e+00
3.997119140625000067e-01 5.089111328125000000e-01 6.864941406250000266e-01 3.969726562499999861e-02 9.280566406250000400e-01 -1.473273925781250160e+00 1.193847656250000000e+00 -3.269042968750000000e+00 1.037597656250000000e+00 -2.072753906250000000e+00 3.481445312500000000e-01
2.097119140625000044e-01 7.589111328125000000e-01 8.664941406249999645e-01 5.969726562500000944e-02 1.028056640625000018e+00 -6.402739257812499751e-01 -3.806152343750000000e+00 1.730957031250000000e+00 -3.962402343750000000e+00 2.927246093750000000e+00 1.348144531250000000e+00
1.859619140625000111e-01 7.276611328125000000e-01 6.639941406250000622e-01 6.719726562500000222e-02 1.065556640625000107e+00 -7.443989257812499982e-01 -6.811523437500000000e-01 -2.644042968750000000e+00 2.912597656250000000e+00 -1.977539062500000000e-01 1.473144531250000000e+00
3.759619140625000133e-01 9.776611328125000000e-01 8.439941406250000000e-01 4.719726562499999833e-02 9.655566406250000178e-01 -1.577398925781249961e+00 4.318847656250000000e+00 2.355957031250000000e+00 -2.087402343750000000e+00 4.802246093750000000e+00 4.731445312500000000e-01
4.709619140624999867e-01 6.026611328125000000e-01 7.539941406250000311e-01 5.719726562500000722e-02 9.155566406249999734e-01 -1.160898925781250091e+00 1.818847656250000000e+00 -1.440429687500000000e-01 4.125976562500000000e-01 2.302246093750000000e+00 1.973144531250000000e+00
2.809619140624999845e-01 8.526611328125000000e-01 5.739941406250000933e-01 3.719726562500000333e-02 1.015556640625000062e+00 -1.993898925781250053e+00 -3.181152343750000000e+00 4.855957031250000000e+00 -4.587402343750000000e+00 -2.697753906250000000e+00 9.731445312500000000e-01
2.334619140624999978e-01 5.401611328125000000e-01 8.889941406250000400e-01 6.219726562500000472e-02 8.905566406249999512e-01 -1.785648925781250007e+00 -1.931152343750000000e+00 1.105957031250000000e+00 4.162597656250000000e+00 1.052246093750000000e+00 1.723144531250000000e+00
4.234619140625000000e-01 7.901611328125000000e-01 7.089941406249999911e-01 4.219726562500000083e-02 9.905566406250000400e-01 -9.526489257812500444e-01 3.068847656250000000e+00 -3.894042968750000000e+00 -8.374023437500000000e-01 -3.947753906250000000e+00 7.231445312500000000e-01
3.284619140625000266e-01 6.651611328125000000e-01 6.189941406250000222e-01 5.219726562500000278e-02 1.040556640624999973e+00 -1.369148925781249915e+00 5.688476562500000000e-01 3.605957031250000000e+00 1.662597656250000000e+00 -1.447753906250000000e+00 1.223144531250000000e+00
1.384619140624999967e-01 9.151611328125000000e-01 7.989941406250000711e-01 3.219726562499999889e-02 9.405566406249999956e-01 -5.361489257812501741e-01 -4.431152343750000000e+00 -1.394042968750000000e+00 -3.337402343750000000e+00 3.552246093750000000e+00 2.231445312500000000e-01
1.325244140624999845e-01 5.479736328125000000e-01 6.471191406250000888e-01 5.532226562500000555e-02 9.874316406249999956e-01 -1.915805175781249980e+00 1.975097656250000000e+00 2.199707031250000000e+00 1.506347656250000000e+00 -4.416503906250000000e+00 6.293945312500000000e-01
3.225244140624999867e-01 7.979736328125000000e-01 8.271191406250000266e-01 3.532226562500000167e-02 8.874316406250000178e-01 -1.082805175781250018e+00 -3.024902343750000000e+00 -2.800292968750000000e+00 -3.493652343750000000e+00 5.834960937500000000e-01 1.629394531250000000e+00
4.175244140625000155e-01 6.729736328125000000e-01 7.371191406250000577e-01 6.532226562500001443e-02 9.374316406250000622e-01 -1.499305175781250110e+00 -5.249023437500000000e-01 4.699707031250000000e+00 4.006347656250000000e+00 3.083496093750000000e+00 1.293945312500000000e-01
2.275244140625000133e-01 9.229736328125000000e-01 5.571191406250000089e-01 4.532226562500000361e-02 1.037431640624999929e+00 -6.663051757812501474e-01 4.475097656250000000e+00 -3.002929687500000000e-01 -9.936523437500000000e-01 -1.916503906250000000e+00 1.129394531250000000e+00
2.750244140625000000e-01 7.354736328125000000e-01 8.721191406249999556e-01 5.032226562500000111e-02 9.624316406249999734e-01 -4.580551757812501013e-01 7.250976562500000000e-01 -4.050292968750000000e+00 2.563476562500000000e-01 4.333496093750000000e+00 3.793945312500000000e-01
4.650244140625000022e-01 9.854736328125000000e-01 6.921191406250000178e-01 3.032226562499999722e-02 1.062431640625000062e+00 -1.291055175781250064e+00 -4.274902343750000000e+00 9.497070312500000000e-01 -4.743652343750000000e+00 -6.665039062500000000e-01 1.379394531250000000e+00
3.700244140624999734e-01 6.104736328125000000e-01 6.021191406250000488e-01 6.032226562500000305e-02 1.012431640625000018e+00 -8.745551757812499716e-01 -1.774902343750000000e+00 -1.550292968750000000e+00 2.756347656250000000e+00 -3.166503906250000000e+00 8.793945312500000000e-01
1.800244140624999989e-01 8.604736328125000000e-01 7.821191406250000977e-01 4.032226562499999917e-02 9.124316406250000400e-01 -1.707555175781249934e+00 3.225097656250000000e+00 3.449707031250000000e+00 -2.243652343750000000e+00 1.833496093750000000e+00 1.879394531250000000e+00
2.037744140624999922e-01 6.417236328125000000e-01 5.796191406250000844e-01 3.282226562499999944e-02 8.749316406249999512e-01 -1.603430175781249911e+00 1.350097656250000000e+00 -2.175292968750000000e+00 8.813476562500000000e-01 -3.791503906250000000e+00 1.754394531250000000e+00
3.937744140625000222e-01 8.917236328125000000e-01 7.596191406250000222e-01 5.282226562500000333e-02 9.749316406250000400e-01 -7.704301757812499485e-01 -3.649902343750000000e+00 2.824707031250000000e+00 -4.118652343750000000e+00 1.208496093750000000e+00 7.543945312500000000e-01
4.887744140624999956e-01 5.167236328125000000e-01 8.496191406249999911e-01 4.282226562500000139e-02 1.024931640624999973e+00 -1.186930175781250041e+00 -1.149902343750000000e+00 -4.675292968750000000e+00 3.381347656250000000e+00 3.708496093750000000e+00 1.254394531250000000e+00
2.987744140624999933e-01 7.667236328125000000e-01 6.696191406250000533e-01 6.282226562500001221e-02 9.249316406249999956e-01 -3.539301757812500782e-01 3.850097656250000000e+00 3.247070312500000000e-01 -1.618652343750000000e+00 -1.291503906250000000e+00 2.543945312500000000e-01
2.512744140625000067e-01 5.792236328125000000e-01 8.046191406250000622e-01 3.782226562500000389e-02 1.049931640625000107e+00 -5.621801757812501243e-01 1.000976562500000000e-01 4.074707031250000000e+00 2.131347656250000000e+00 4.958496093750000000e+00 1.004394531250000000e+00
4.412744140625000089e-01 8.292236328125000000e-01 6.246191406250000133e-01 5.782226562500000777e-02 9.499316406250000178e-01 -1.395180175781249865e+00 -4.899902343750000000e+00 -9.252929687500000000e-01 -2.868652343750000000e+00 -4.150390625000000000e-02 4.394531250000000000e-03
3.462744140625000355e-01 7.042236328125000000e-01 7.146191406249999822e-01 4.782226562499999889e-02 8.999316406249999734e-01 -9.786801757812499947e-01 -2.399902343750000000e+00 1.574707031250000000e+00 4.631347656250000000e+00 -2.541503906250000000e+00 1.504394531250000000e+00
1.562744140625000056e-01 9.542236328125000000e-01 8.946191406250000311e-01 6.782226562500000278e-02 9.999316406250000622e-01 -1.811680175781249957e+00 2.600097656250000000e+00 -3.425292968750000000e+00 -3.686523437500000000e-01 2.458496093750000000e+00 5.043945312500000000e-01
1.443994140625000089e-01 6.885986328125000000e-01 7.708691406250000044e-01 6.157226562500000416e-02 1.043681640625000018e+00 -1.447242675781249988e+00 -2.712402343750000000e+00 -1.237792968750000000e+00 -6.811523437500000000e-01 -9.790039062500000000e-01 4.418945312500000000e-01
3.343994140625000111e-01 9.385986328125000000e-01 5.908691406250000666e-01 4.157226562500000028e-02 9.436816406250000400e-01 -6.142426757812500249e-01 2.287597656250000000e+00 3.762207031250000000e+00 4.318847656250000000e+00 4.020996093750000000e+00 1.441894531250000000e+00
4.293994140624999845e-01 5.635986328125000000e-01 6.808691406250000355e-01 5.157226562500000222e-02 8.936816406249999956e-01 -1.863742675781250080e+00 4.787597656250000000e+00 -3.737792968750000000e+00 -3.181152343750000000e+00 1.520996093750000000e+00 9.418945312500000000e-01
2.393994140624999822e-01 8.135986328125000000e-01 8.608691406249999734e-01 3.157226562499999833e-02 9.936816406250000844e-01 -1.030742675781250117e+00 -2.124023437500000000e-01 1.262207031250000000e+00 1.818847656250000000e+00 -3.479003906250000000e+00 1.941894531250000000e+00
2.868994140624999689e-01 5.010986328125000000e-01 6.358691406249999956e-01 6.657226562500001554e-02 9.186816406250000178e-01 -8.224926757812500711e-01 -3.962402343750000000e+00 2.512207031250000000e+00 -1.931152343750000000e+00 2.709960937500000000e-01 6.918945312500000000e-01
4.768994140625000266e-01 7.510986328125000000e-01 8.158691406250000444e-01 4.657226562499999778e-02 1.018681640625000107e+00 -1.655492675781250034e+00 1.037597656250000000e+00 -2.487792968750000000e+00 3.068847656250000000e+00 -4.729003906250000000e+00 1.691894531250000000e+00
3.818994140624999978e-01 6.260986328125000000e-01 9.058691406250000133e-01 5.657226562500000666e-02 1.068681640625000151e+00 -4.059926757812499787e-01 3.537597656250000000e+00 1.220703125000000000e-02 -4.431152343750000000e+00 -2.229003906250000000e+00 1.918945312500000000e-01
1.918994140624999956e-01 8.760986328125000000e-01 7.258691406250000755e-01 3.657226562500000278e-02 9.686816406250000622e-01 -1.238992675781250163e+00 -1.462402343750000000e+00 -4.987792968750000000e+00 5.688476562500000000e-01 2.770996093750000000e+00 1.191894531250000000e+00
1.681494140625000022e-01 5.948486328125000000e-01 8.383691406250000089e-01 4.907226562500000000e-02 9.311816406249999734e-01 -1.343117675781249964e+00 -3.337402343750000000e+00 6.372070312500000000e-01 -1.306152343750000000e+00 -3.540039062500000000e-01 1.066894531250000000e+00
3.581494140625000044e-01 8.448486328125000000e-01 6.583691406250000711e-01 6.907226562500000389e-02 1.031181640625000062e+00 -5.101176757812500018e-01 1.662597656250000000e+00 -4.362792968750000000e+00 3.693847656250000000e+00 4.645996093750000000e+00 6.689453125000000000e-02
4.531494140624999778e-01 7.198486328125000000e-01 5.683691406249999911e-01 3.907226562499999806e-02 9.811816406250000178e-01 -1.759617675781250057e+00 4.162597656250000000e+00 3.137207031250000000e+00 -3.806152343750000000e+00 2.145996093750000000e+00 1.566894531250000000e+00
2.631494140625000311e-01 9.698486328125000000e-01 7.483691406250000400e-01 5.907226562500000888e-02 8.811816406250000400e-01 -9.266176757812500941e-01 -8.374023437500000000e-01 -1.862792968750000000e+00 1.193847656250000000e+00 -2.854003906250000000e+00 5.668945312500000000e-01
2.156494140624999889e-01 6.573486328125000000e-01 7.033691406250000000e-01 4.407226562500000250e-02 1.006181640624999929e+00 -1.134867675781249918e+00 -4.587402343750000000e+00 -3.112792968750000000e+00 -5.615234375000000000e-02 8.959960937500000000e-01 1.816894531250000000e+00
4.056494140624999911e-01 9.073486328125000000e-01 8.833691406250000488e-01 6.407226562500001332e-02 9.061816406250000622e-01 -1.967867675781250103e+00 4.125976562500000000e-01 1.887207031250000000e+00 4.943847656250000000e+00 -4.104003906250000000e+00 8.168945312500000000e-01
3.106494140625000178e-01 5.323486328125000000e-01 7.933691406250000799e-01 3.407226562500000056e-02 9.561816406249999956e-01 -7.183676757812500480e-01 2.912597656250000000e+00 -6.127929687500000000e-01 -2.556152343750000000e+00 -1.604003906250000000e+00 1.316894531250000000e+00
1.206494140625000017e-01 7.823486328125000000e-01 6.133691406250000311e-01 5.407226562500000444e-02 1.056181640624999973e+00 -1.551367675781250011e+00 -2.087402343750000000e+00 4.387207031250000000e+00 2.443847656250000000e+00 3.395996093750000000e+00 3.168945312500000000e-01
1.204638671874999900e-01 5.941162109375000000e-01 6.567871093750000666e-01 6.014648437500000333e-02 1.031865234375000107e+00 -1.708368652343750016e+00 -6.079101562500000000e-01 -2.795410156250000000e+00 -4.016113281250000000e+00 1.437988281250000000e+00 1.993652343750000000e+00
3.104638671874999645e-01 8.441162109375000000e-01 8.367871093750001155e-01 4.014648437499999944e-02 9.318652343750000178e-01 -8.753686523437500533e-01 4.392089843750000000e+00 2.204589843750000000e+00 9.838867187500000000e-01 -3.562011718750000000e+00 9.936523437500000000e-01
4.054638671874999933e-01 7.191162109375000000e-01 7.467871093750000355e-01 5.014648437500000139e-02 8.818652343749999734e-01 -1.291868652343750146e+00 1.892089843750000000e+00 -2.954101562500000000e-01 -1.516113281250000000e+00 -1.062011718750000000e+00 1.493652343750000000e+00
2.154638671874999911e-01 9.691162109375000000e-01 5.667871093750000977e-01 3.014648437499999750e-02 9.818652343750000622e-01 -4.588686523437499609e-01 -3.107910156250000000e+00 4.704589843750000000e+00 3.483886718750000000e+00 3.937988281250000000e+00 4.936523437500000000e-01
2.629638671874999778e-01 6.566162109375000000e-01 8.817871093750000444e-01 6.514648437500000777e-02 9.068652343749999956e-01 -6.671186523437500071e-01 -1.857910156250000000e+00 9.545898437500000000e-01 -2.766113281250000000e+00 -2.312011718750000000e+00 1.243652343750000000e+00
4.529638671874999800e-01 9.066162109375000000e-01 7.017871093750001066e-01 4.514648437500000389e-02 1.006865234374999973e+00 -1.500118652343749970e+00 3.142089843750000000e+00 -4.045410156250000000e+00 2.233886718750000000e+00 2.687988281250000000e+00 2.436523437500000000e-01
3.579638671875000067e-01 5.316162109375000000e-01 6.117871093750000266e-01 5.514648437499999889e-02 1.056865234375000018e+00 -1.083618652343750099e+00 6.420898437500000000e-01 3.454589843750000000e+00 -2.661132812500000000e-01 1.879882812500000000e-01 1.743652343750000000e+00
1.679638671875000044e-01 7.816162109375000000e-01 7.917871093750000755e-01 3.514648437500000194e-02 9.568652343750000400e-01 -1.916618652343750062e+00 -4.357910156250000000e+00 -1.545410156250000000e+00 4.733886718750000000e+00 -4.812011718750000000e+00 7.436523437500000000e-01
1.917138671874999978e-01 6.878662109375000000e-01 5.892871093750000622e-01 4.764648437500000611e-02 9.443652343749999734e-01 -1.812493652343750039e+00 -1.232910156250000000e+00 2.829589843750000000e+00 -3.391113281250000000e+00 2.062988281250000000e+00 6.186523437500000000e-01
3.817138671875000000e-01 9.378662109375000000e-01 7.692871093750000000e-01 6.764648437500000999e-02 1.044365234375000062e+00 -9.794936523437500764e-01 3.767089843750000000e+00 -2.170410156250000000e+00 1.608886718750000000e+00 -2.937011718750000000e+00 1.618652343750000000e+00
4.767138671874999734e-01 5.628662109375000000e-01 8.592871093750000799e-01 3.764648437499999722e-02 9.943652343750000178e-01 -1.395993652343749947e+00 1.267089843750000000e+00 3.295898437500000000e-01 -8.911132812500000000e-01 -4.370117187500000000e-01 1.186523437500000000e-01
2.867138671875000266e-01 8.128662109375000000e-01 6.792871093750000311e-01 5.764648437500000111e-02 8.943652343750000400e-01 -5.629936523437499840e-01 -3.732910156250000000e+00 -4.670410156250000000e+00 4.108886718750000000e+00 4.562988281250000000e+00 1.118652343750000000e+00
2.392138671874999845e-01 5.003662109375000000e-01 8.142871093750000400e-01 4.264648437500000167e-02 1.019365234374999929e+00 -3.547436523437501599e-01 -2.482910156250000000e+00 -9.204101562500000000e-01 -4.641113281250000000e+00 -1.687011718750000000e+00 3.686523437500000000e-01
4.292138671874999867e-01 7.503662109375000000e-01 6.342871093749999911e-01 6.264648437500000555e-02 9.193652343750000622e-01 -1.187743652343749901e+00 2.517089843750000000e+00 4.079589843750000000e+00 3.588867187500000000e-01 3.312988281250000000e+00 1.368652343750000000e+00
3.342138671875000133e-01 6.253662109375000000e-01 7.242871093750000711e-01 3.264648437499999972e-02 9.693652343749999956e-01 -7.712436523437500302e-01 1.708984375000000000e-02 -3.420410156250000000e+00 -2.141113281250000000e+00 8.129882812500000000e-01 8.686523437500000000e-01
1.442138671875000111e-01 8.753662109375000000e-01 9.042871093750000089e-01 5.264648437500000361e-02 1.069365234374999973e+00 -1.604243652343749993e+00 -4.982910156250000000e+00 1.579589843750000000e+00 2.858886718750000000e+00 -4.187011718750000000e+00 1.868652343750000000e+00
1.560888671874999800e-01 6.409912109375000000e-01 7.580371093750000178e-01 5.639648437500000000e-02 9.756152343749999734e-01 -1.239806152343750023e+00 4.704589843750000000e+00 3.767089843750000000e+00 3.171386718750000000e+00 3.000488281250000000e+00 1.181152343750000000e+00
3.460888671874999822e-01 8.909912109375000000e-01 5.780371093750000799e-01 3.639648437500000305e-02 8.756152343749999956e-01 -4.068061523437500604e-01 -2.954101562500000000e-01 -1.232910156250000000e+00 -1.828613281250000000e+00 -1.999511718750000000e+00 1.811523437500000000e-01
4.410888671875000111e-01 5.159912109375000000e-01 6.680371093750000488e-01 6.639648437500000888e-02 9.256152343750000400e-01 -1.656306152343749893e+00 -2.795410156250000000e+00 1.267089843750000000e+00 6.713867187500000000e-01 -4.499511718750000000e+00 1.681152343750000000e+00
2.510888671875000089e-01 7.659912109375000000e-01 8.480371093750000977e-01 4.639648437500000500e-02 1.025615234375000018e+00 -8.233061523437501528e-01 2.204589843750000000e+00 -3.732910156250000000e+00 -4.328613281250000000e+00 5.004882812500000000e-01 6.811523437500000000e-01
2.985888671874999956e-01 5.784912109375000000e-01 6.230371093750000089e-01 5.139648437500000250e-02 9.506152343750000622e-01 -1.031556152343750199e+00 3.454589843750000000e+00 -2.482910156250000000e+00 4.421386718750000000e+00 -3.249511718750000000e+00 1.931152343750000000e+00
4.885888671874999978e-01 8.284912109375000000e-01 8.030371093750000577e-01 3.139648437499999861e-02 1.050615234375000151e+00 -1.864556152343749940e+00 -1.545410156250000000e+00 2.517089843750000000e+00 -5.786132812500000000e-01 1.750488281250000000e+00 9.311523437500000000e-01
3.935888671875000244e-01 7.034912109375000000e-01 8.930371093750000266e-01 6.139648437500000444e-02 1.000615234375000107e+00 -6.150561523437501066e-01 -4.045410156250000000e+00 -4.982910156250000000e+00 1.921386718750000000e+00 4.250488281250000000e+00 1.431152343750000000e+00
2.035888671874999944e-01 9.534912109375000000e-01 7.130371093750000888e-01 4.139648437500000056e-02 9.006152343750000178e-01 -1.448056152343750069e+00 9.545898437500000000e-01 1.708984375000000000e-02 -3.078613281250000000e+00 -7.495117187500000000e-01 4.311523437500000000e-01
1.798388671875000011e-01 5.472412109375000000e-01 8.255371093750000222e-01 3.389648437500000083e-02 8.881152343749999512e-01 -1.552181152343750092e+00 4.079589843750000000e+00 -4.357910156250000000e+00 3.796386718750000000e+00 3.625488281250000000e+00 3.061523437500000000e-01
3.698388671875000311e-01 7.972412109375000000e-01 6.455371093750000844e-01 5.389648437500000472e-02 9.881152343750000400e-01 -7.191811523437501297e-01 -9.204101562500000000e-01 6.420898437500000000e-01 -1.203613281250000000e+00 -1.374511718750000000e+00 1.306152343750000000e+00
4.648388671875000044e-01 6.722412109375000000e-01 5.555371093750000044e-01 4.389648437500000278e-02 1.038115234374999973e+00 -1.968681152343749963e+00 -3.420410156250000000e+00 -1.857910156250000000e+00 1.296386718750000000e+00 -3.874511718750000000e+00 8.061523437500000000e-01
2.748388671875000022e-01 9.222412109375000000e-01 7.355371093750000533e-01 6.389648437500000666e-02 9.381152343749999956e-01 -1.135681152343750000e+00 1.579589843750000000e+00 3.142089843750000000e+00 -3.703613281250000000e+00 1.125488281250000000e+00 1.806152343750000000e+00
2.273388671875000155e-01 7.347412109375000000e-01 6.905371093750000133e-01 3.889648437499999833e-02 1.063115234375000107e+00 -9.274311523437499538e-01 2.829589843750000000e+00 1.892089843750000000e+00 2.546386718750000000e+00 -2.624511718750000000e+00 5.561523437500000000e-01
4.173388671875000178e-01 9.847412109375000000e-01 8.705371093750000622e-01 5.889648437500000222e-02 9.631152343750000178e-01 -1.760431152343749917e+00 -2.170410156250000000e+00 -3.107910156250000000e+00 -2.453613281250000000e+00 2.375488281250000000e+00 1.556152343750000000e+00
3.223388671874999889e-01 6.097412109375000000e-01 7.805371093749999822e-01 4.889648437500000722e-02 9.131152343749999734e-01 -5.109311523437500835e-01 -4.670410156250000000e+00 4.392089843750000000e+00 4.638671875000000000e-02 4.875488281250000000e+00 5.615234375000000000e-02
1.323388671874999867e-01 8.597412109375000000e-01 6.005371093750000444e-01 6.889648437500001110e-02 1.013115234375000062e+00 -1.343931152343750046e+00 3.295898437500000000e-01 -6.079101562500000000e-01 -4.953613281250000000e+00 -1.245117187500000000e-01 1.056152343750000000e+00
1.382763671874999989e-01 7.269287109375000000e-01 8.536621093750000888e-01 4.327148437500000222e-02 9.662402343750000622e-01 -1.109649902343750050e+00 -2.951660156250000000e+00 7.983398437500000000e-01 5.151367187500000000e-01 1.594238281250000000e+00 1.587402343750000000e+00
3.282763671874999734e-01 9.769287109375000000e-01 6.736621093750000400e-01 6.327148437500000611e-02 1.066240234375000151e+00 -1.942649902343750012e+00 2.048339843750000000e+00 -4.201660156250000000e+00 -4.484863281250000000e+00 -3.405761718750000000e+00 5.874023437500000000e-01
4.232763671875000022e-01 6.019287109375000000e-01 5.836621093750000711e-01 3.327148437500000028e-02 1.016240234375000107e+00 -6.931499023437499574e-01 4.548339843750000000e+00 3.298339843750000000e+00 3.015136718750000000e+00 -9.057617187500000000e-01 1.087402343750000000e+00
2.332763671875000000e-01 8.519287109375000000e-01 7.636621093750000089e-01 5.327148437500000416e-02 9.162402343750000178e-01 -1.526149902343750142e+00 -4.516601562500000000e-01 -1.701660156250000000e+00 -1.984863281250000000e+00 4.094238281250000000e+00 8.740234375000000000e-02
2.807763671874999867e-01 5.394287109375000000e-01 7.186621093750000799e-01 4.827148437500000666e-02 9.912402343750000844e-01 -1.317899902343750096e+00 -4.201660156250000000e+00 -2.951660156250000000e+00 1.765136718750000000e+00 -2.155761718750000000e+00 1.337402343750000000e+00
4.707763671874999889e-01 7.894287109375000000e-01 8.986621093750000178e-01 6.827148437499999667e-02 8.912402343749999956e-01 -4.848999023437501332e-01 7.983398437500000000e-01 2.048339843750000000e+00 -3.234863281250000000e+00 2.844238281250000000e+00 3.374023437500000000e-01
3.757763671875000155e-01 6.644287109375000000e-01 8.086621093750000488e-01 3.827148437499999778e-02 9.412402343750000400e-01 -1.734399902343749966e+00 3.298339843750000000e+00 -4.516601562500000000e-01 4.265136718750000000e+00 3.442382812500000000e-01 1.837402343750000000e+00
1.857763671875000133e-01 9.144287109375000000e-01 6.286621093750000000e-01 5.827148437500000167e-02 1.041240234375000018e+00 -9.013999023437500036e-01 -1.701660156250000000e+00 4.548339843750000000e+00 -7.348632812500000000e-01 -4.655761718750000000e+00 8.374023437500000000e-01
2.095263671875000067e-01 5.706787109375000000e-01 7.411621093750000444e-01 6.577148437500000833e-02 1.053740234374999973e+00 -7.972749023437499805e-01 -3.576660156250000000e+00 -1.076660156250000000e+00 2.390136718750000000e+00 2.219238281250000000e+00 9.624023437500000000e-01
3.995263671875000089e-01 8.206787109375000000e-01 5.611621093749999956e-01 4.577148437500000444e-02 9.537402343749999956e-01 -1.630274902343749943e+00 1.423339843750000000e+00 3.923339843750000000e+00 -2.609863281250000000e+00 -2.780761718750000000e+00 1.962402343750000000e+00
4.945263671874999822e-01 6.956787109375000000e-01 6.511621093750000755e-01 5.577148437499999944e-02 9.037402343750000622e-01 -3.807749023437501101e-01 3.923339843750000000e+00 -3.576660156250000000e+00 4.890136718750000000e+00 -2.807617187500000000e-01 4.624023437500000000e-01
3.045263671875000355e-01 9.456787109375000000e-01 8.311621093750000133e-01 3.577148437500000250e-02 1.003740234374999929e+00 -1.213774902343750073e+00 -1.076660156250000000e+00 1.423339843750000000e+00 -1.098632812500000000e-01 4.719238281250000000e+00 1.462402343750000000e+00
2.570263671874999933e-01 6.331787109375000000e-01 6.061621093750000355e-01 6.077148437500000389e-02 8.787402343750000400e-01 -1.422024902343749897e+00 -4.826660156250000000e+00 2.673339843750000000e+00 1.140136718750000000e+00 -1.530761718750000000e+00 2.124023437500000000e-01
4.470263671874999956e-01 8.831787109375000000e-01 7.861621093749999734e-01 4.077148437500000000e-02 9.787402343750000178e-01 -5.890249023437501563e-01 1.733398437500000000e-01 -2.326660156250000000e+00 -3.859863281250000000e+00 3.469238281250000000e+00 1.212402343750000000e+00
3.520263671875000222e-01 5.081787109375000000e-01 8.761621093750000533e-01 5.077148437500000194e-02 1.028740234375000062e+00 -1.838524902343749989e+00 2.673339843750000000e+00 1.733398437500000000e-01 3.640136718750000000e+00 9.692382812500000000e-01 7.124023437500000000e-01
1.620263671874999922e-01 7.581787109375000000e-01 6.961621093750000044e-01 3.077148437499999806e-02 9.287402343749999734e-01 -1.005524902343750027e+00 -2.326660156250000000e+00 -4.826660156250000000e+00 -1.359863281250000000e+00 -4.030761718750000000e+00 1.712402343750000000e+00
1.501513671874999956e-01 5.238037109375000000e-01 5.724121093750000888e-01 3.952148437499999889e-02 9.099902343750000400e-01 -6.410874023437500568e-01 2.360839843750000000e+00 -2.014160156250000000e+00 -2.297363281250000000e+00 2.531738281250000000e+00 1.274902343750000000e+00
3.401513671874999978e-01 7.738037109375000000e-01 7.524121093750000266e-01 5.952148437500000278e-02 1.009990234375000018e+00 -1.474087402343750020e+00 -2.639160156250000000e+00 2.985839843750000000e+00 2.702636718750000000e+00 -2.468261718750000000e+00 2.749023437500000000e-01
4.351513671875000266e-01 6.488037109375000000e-01 8.424121093750001066e-01 4.952148437500000777e-02 1.059990234375000062e+00 -1.057587402343750149e+00 -1.391601562500000000e-01 -4.514160156250000000e+00 -4.797363281250000000e+00 -4.968261718750000000e+00 1.774902343750000000e+00
2.451513671874999967e-01 8.988037109375000000e-01 6.624121093750000577e-01 6.952148437499999778e-02 9.599902343749999734e-01 -1.890587402343749890e+00 4.860839843750000000e+00 4.858398437500000000e-01 2.026367187500000000e-01 3.173828125000000000e-02 7.749023437500000000e-01
2.926513671875000111e-01 7.113037109375000000e-01 7.974121093750000666e-01 3.452148437500000139e-02 1.034990234374999929e+00 -1.682337402343750066e+00 1.110839843750000000e+00 4.235839843750000000e+00 -1.047363281250000000e+00 -3.718261718750000000e+00 1.524902343750000000e+00
4.826513671875000133e-01 9.613037109375000000e-01 6.174121093750000178e-01 5.452148437500000527e-02 9.349902343750000622e-01 -8.493374023437501030e-01 -3.889160156250000000e+00 -7.641601562500000000e-01 3.952636718750000000e+00 1.281738281250000000e+00 5.249023437500000000e-01
3.876513671874999845e-01 5.863037109375000000e-01 7.074121093750000977e-01 4.452148437500000333e-02 8.849902343750000178e-01 -1.265837402343750195e+00 -1.389160156250000000e+00 1.735839843750000000e+00 -3.547363281250000000e+00 3.781738281250000000e+00 1.024902343750000000e+00
1.976513671874999822e-01 8.363037109375000000e-01 8.874121093750000355e-01 6.452148437500000722e-02 9.849902343749999956e-01 -4.328374023437500107e-01 3.610839843750000000e+00 -3.264160156250000000e+00 1.452636718750000000e+00 -1.218261718750000000e+00 2.490234375000000000e-02
1.739013671874999889e-01 6.800537109375000000e-01 6.849121093750000222e-01 5.202148437500000305e-02 9.974902343750000622e-01 -5.369624023437500338e-01 1.735839843750000000e+00 2.360839843750000000e+00 -4.223632812500000000e-01 3.156738281250000000e+00 1.499023437500000000e-01
3.639013671874999911e-01 9.300537109375000000e-01 8.649121093750000711e-01 3.202148437499999917e-02 8.974902343749999734e-01 -1.369962402343749996e+00 -3.264160156250000000e+00 -2.639160156250000000e+00 4.577636718750000000e+00 -1.843261718750000000e+00 1.149902343750000000e+00
4.589013671875000200e-01 5.550537109375000000e-01 7.749121093749999911e-01 6.202148437500000500e-02 9.474902343750000178e-01 -9.534624023437501261e-01 -7.641601562500000000e-01 4.860839843750000000e+00 -2.922363281250000000e+00 -4.343261718750000000e+00 6.499023437500000000e-01
2.689013671875000178e-01 8.050537109375000000e-01 5.949121093750000533e-01 4.202148437500000111e-02 1.047490234375000107e+00 -1.786462402343750089e+00 4.235839843750000000e+00 -1.391601562500000000e-01 2.077636718750000000e+00 6.567382812500000000e-01 1.649902343750000000e+00
2.214013671875000033e-01 6.175537109375000000e-01 9.099121093750000000e-01 5.702148437500000056e-02 9.224902343749999956e-01 -1.994712402343749913e+00 4.858398437500000000e-01 -3.889160156250000000e+00 -1.672363281250000000e+00 -3.093261718750000000e+00 8.999023437500000000e-01
4.114013671874999778e-01 8.675537109375000000e-01 7.299121093750000622e-01 3.702148437499999667e-02 1.022490234374999973e+00 -1.161712402343749950e+00 -4.514160156250000000e+00 1.110839843750000000e+00 3.327636718750000000e+00 1.906738281250000000e+00 1.899902343750000000e+00
3.164013671875000044e-01 7.425537109375000000e-01 6.399121093749999822e-01 6.702148437500000944e-02 9.724902343750000400e-01 -1.578212402343750043e+00 -2.014160156250000000e+00 -1.389160156250000000e+00 -4.172363281250000000e+00 4.406738281250000000e+00 3.999023437500000000e-01
1.264013671875000022e-01 9.925537109375000000e-01 8.199121093750000311e-01 4.702148437500000555e-02 8.724902343749999512e-01 -7.452124023437500799e-01 2.985839843750000000e+00 3.610839843750000000e+00 8.276367187500000000e-01 -5.932617187500000000e-01 1.399902343750000000e+00
1.293701171874999944e-01 6.683349609375000000e-01 6.314746093749999956e-01 3.233398437499999944e-02 1.064677734375000018e+00 -4.198217773437500355e-01 -4.123535156250000000e+00 4.077148437500000000e-01 -3.469238281250000000e+00 4.797363281250000000e+00 6.342773437500000000e-01
3.193701171874999689e-01 9.183349609375000000e-01 8.114746093750000444e-01 5.233398437500000333e-02 9.646777343750000400e-01 -1.252821777343749998e+00 8.764648437500000000e-01 -4.592285156250000000e+00 1.530761718750000000e+00 -2.026367187500000000e-01 1.634277343750000000e+00
4.143701171874999978e-01 5.433349609375000000e-01 9.014746093750000133e-01 4.233398437500000139e-02 9.146777343749999956e-01 -8.363217773437501279e-01 3.376464843750000000e+00 2.907714843750000000e+00 -9.692382812500000000e-01 -2.702636718750000000e+00 1.342773437500000000e-01
2.243701171874999956e-01 7.933349609375000000e-01 7.214746093750000755e-01 6.233398437500000527e-02 1.014677734374999973e+00 -1.669321777343750091e+00 -1.623535156250000000e+00 -2.092285156250000000e+00 4.030761718750000000e+00 2.297363281250000000e+00 1.134277343750000000e+00
2.718701171874999822e-01 6.058349609375000000e-01 7.664746093750000044e-01 3.733398437500000389e-02 8.896777343749999734e-01 -1.877571777343749915e+00 -2.873535156250000000e+00 -3.342285156250000000e+00 -4.719238281250000000e+00 -3.952636718750000000e+00 3.842773437500000000e-01
4.618701171874999845e-01 8.558349609375000000e-01 5.864746093750000666e-01 5.733398437500000777e-02 9.896777343750000622e-01 -1.044571777343750174e+00 2.126464843750000000e+00 1.657714843750000000e+00 2.807617187500000000e-01 1.047363281250000000e+00 1.384277343750000000e+00
3.668701171875000111e-01 7.308349609375000000e-01 6.764746093750000355e-01 4.733398437499999889e-02 1.039677734375000107e+00 -1.461071777343750044e+00 4.626464843750000000e+00 -8.422851562500000000e-01 -2.219238281250000000e+00 3.547363281250000000e+00 8.842773437500000000e-01
1.768701171875000089e-01 9.808349609375000000e-01 8.564746093749999734e-01 6.733398437500000278e-02 9.396777343750000178e-01 -6.280717773437500817e-01 -3.735351562500000000e-01 4.157714843750000000e+00 2.780761718750000000e+00 -1.452636718750000000e+00 1.884277343750000000e+00
2.006201171875000022e-01 5.120849609375000000e-01 6.989746093750000000e-01 5.983398437500000305e-02 9.521777343749999734e-01 -7.321967773437501048e-01 -4.748535156250000000e+00 -2.172851562500000000e-01 -4.094238281250000000e+00 4.172363281250000000e+00 1.759277343750000000e+00
3.906201171875000044e-01 7.620849609375000000e-01 8.789746093750000488e-01 3.983398437499999917e-02 1.052177734375000062e+00 -1.565196777343750068e+00 2.514648437500000000e-01 4.782714843750000000e+00 9.057617187500000000e-01 -8.276367187500000000e-01 7.592773437500000000e-01
4.856201171874999778e-01 6.370849609375000000e-01 7.889746093750000799e-01 6.983398437500000500e-02 1.002177734375000018e+00 -1.148696777343749975e+00 2.751464843750000000e+00 -2.717285156250000000e+00 -1.594238281250000000e+00 -3.327636718750000000e+00 1.259277343750000000e+00
2.956201171875000311e-01 8.870849609375000000e-01 6.089746093750000311e-01 4.983398437500000111e-02 9.021777343750000400e-01 -1.981696777343749938e+00 -2.248535156250000000e+00 2.282714843750000000e+00 3.405761718750000000e+00 1.672363281250000000e+00 2.592773437500000000e-01
2.481201171874999889e-01 6.995849609375000000e-01 8.339746093750000089e-01 5.483398437500000555e-02 9.771777343749999956e-01 -1.773446777343750114e+00 -3.498535156250000000e+00 3.532714843750000000e+00 -2.844238281250000000e+00 -4.577636718750000000e+00 1.009277343750000000e+00
4.381201171874999911e-01 9.495849609375000000e-01 6.539746093750000711e-01 3.483398437500000167e-02 8.771777343750000178e-01 -9.404467773437501510e-01 1.501464843750000000e+00 -1.467285156250000000e+00 2.155761718750000000e+00 4.223632812500000000e-01 9.277343750000000000e-03
3.431201171875000178e-01 5.745849609375000000e-01 5.639746093749999911e-01 6.483398437500001443e-02 9.271777343750000622e-01 -1.356946777343750021e+00 4.001464843750000000e+00 1.032714843750000000e+00 -3.442382812500000000e-01 2.922363281250000000e+00 1.509277343750000000e+00
1.531201171874999878e-01 8.245849609375000000e-01 7.439746093750000400e-01 4.483398437500000361e-02 1.027177734374999929e+00 -5.239467773437500586e-01 -9.985351562500000000e-01 -3.967285156250000000e+00 4.655761718750000000e+00 -2.077636718750000000e+00 5.092773437500000000e-01
1.649951171874999845e-01 5.902099609375000000e-01 8.677246093749999556e-01 4.608398437499999778e-02 1.008427734375000107e+00 -8.883842773437500284e-01 1.188964843750000000e+00 -1.779785156250000000e+00 4.343261718750000000e+00 7.348632812500000000e-01 4.467773437500000000e-01
3.549951171874999867e-01 8.402099609375000000e-01 6.877246093750000178e-01 6.608398437500001554e-02 9.084277343750000178e-01 -1.721384277343749991e+00 -3.811035156250000000e+00 3.220214843750000000e+00 -6.567382812500000000e-01 -4.265136718750000000e+00 1.446777343750000000e+00
4.499951171875000155e-01 7.152099609375000000e-01 5.977246093750000488e-01 3.608398437500000278e-02 9.584277343750000622e-01 -4.718842773437501581e-01 -1.311035156250000000e+00 -4.279785156250000000e+00 1.843261718750000000e+00 -1.765136718750000000e+00 9.467773437500000000e-01
2.599951171875000133e-01 9.652099609375000000e-01 7.777246093750000977e-01 5.608398437500000666e-02 1.058427734375000151e+00 -1.304884277343750121e+00 3.688964843750000000e+00 7.202148437500000000e-01 -3.156738281250000000e+00 3.234863281250000000e+00 1.946777343750000000e+00
3.074951171875000000e-01 6.527099609375000000e-01 6.427246093750000888e-01 4.108398437500000028e-02 9.334277343750000400e-01 -1.513134277343749945e+00 2.438964843750000000e+00 4.470214843750000000e+00 3.093261718750000000e+00 -5.151367187500000000e-01 6.967773437500000000e-01
4.974951171875000022e-01 9.027099609375000000e-01 8.227246093750000266e-01 6.108398437500000416e-02 1.033427734375000018e+00 -6.801342773437499822e-01 -2.561035156250000000e+00 -5.297851562500000000e-01 -1.906738281250000000e+00 4.484863281250000000e+00 1.696777343750000000e+00
4.024951171874999734e-01 5.277099609375000000e-01 7.327246093750000577e-01 3.108398437499999833e-02 9.834277343749999734e-01 -1.929634277343750037e+00 -6.103515625000000000e-02 1.970214843750000000e+00 5.932617187500000000e-01 1.984863281250000000e+00 1.967773437500000000e-01
2.124951171874999989e-01 7.777099609375000000e-01 5.527246093750000089e-01 5.108398437500000222e-02 8.834277343749999956e-01 -1.096634277343750075e+00 4.938964843750000000e+00 -3.029785156250000000e+00 -4.406738281250000000e+00 -3.015136718750000000e+00 1.196777343750000000e+00
1.887451171874999778e-01 7.464599609375000000e-01 8.002246093750000622e-01 6.358398437500001332e-02 8.959277343749999512e-01 -9.925092773437500515e-01 5.639648437500000000e-01 1.345214843750000000e+00 3.718261718750000000e+00 1.098632812500000000e-01 1.071777343750000000e+00
3.787451171874999800e-01 9.964599609375000000e-01 6.202246093750000133e-01 4.358398437500000250e-02 9.959277343750000400e-01 -1.825509277343750014e+00 -4.436035156250000000e+00 -3.654785156250000000e+00 -1.281738281250000000e+00 -4.890136718750000000e+00 7.177734375000000000e-02
4.737451171875000089e-01 6.214599609375000000e-01 7.102246093749999822e-01 5.358398437500000444e-02 1.045927734374999973e+00 -5.760092773437499591e-01 -1.936035156250000000e+00 3.845214843750000000e+00 1.218261718750000000e+00 -2.390136718750000000e+00 1.571777343750000000e+00
2.837451171875000067e-01 8.714599609375000000e-01 8.902246093750000311e-01 3.358398437500000056e-02 9.459277343749999956e-01 -1.409009277343749922e+00 3.063964843750000000e+00 -1.154785156250000000e+00 -3.781738281250000000e+00 2.609863281250000000e+00 5.717773437500000000e-01
2.362451171874999922e-01 5.589599609375000000e-01 5.752246093750000844e-01 6.858398437500000389e-02 1.020927734375000062e+00 -1.200759277343749876e+00 1.813964843750000000e+00 -4.904785156250000000e+00 4.968261718750000000e+00 -1.140136718750000000e+00 1.821777343750000000e+00
4.262451171875000222e-01 8.089599609375000000e-01 7.552246093750000222e-01 4.858398437500000000e-02 9.209277343749999734e-01 -3.677592773437501350e-01 -3.186035156250000000e+00 9.521484375000000000e-02 -3.173828125000000000e-02 3.859863281250000000e+00 8.217773437500000000e-01
3.312451171874999933e-01 6.839599609375000000e-01 8.452246093749999911e-01 5.858398437500000888e-02 8.709277343750000400e-01 -1.617259277343749968e+00 -6.860351562500000000e-01 -2.404785156250000000e+00 2.468261718750000000e+00 1.359863281250000000e+00 1.321777343750000000e+00
1.412451171874999911e-01 9.339599609375000000e-01 6.652246093750000533e-01 3.858398437499999806e-02 9.709277343750000178e-01 -7.842592773437500053e-01 4.313964843750000000e+00 2.595214843750000000e+00 -2.531738281250000000e+00 -3.640136718750000000e+00 3.217773437500000000e-01
1.353076171875000067e-01 5.355224609375000000e-01 7.833496093750000888e-01 5.420898437500000500e-02 9.303027343749999956e-01 -1.435040527343749872e+00 -1.779785156250000000e+00 -3.498535156250000000e+00 1.999511718750000000e+00 4.641113281250000000e+00 7.905273437500000000e-01
3.253076171875000089e-01 7.855224609375000000e-01 6.033496093750000400e-01 3.420898437500000111e-02 1.030302734374999973e+00 -6.020405273437501315e-01 3.220214843750000000e+00 1.501464843750000000e+00 -3.000488281250000000e+00 -3.588867187500000000e-01 1.790527343750000000e+00
4.203076171874999822e-01 6.605224609375000000e-01 6.933496093750000089e-01 6.420898437500000000e-02 9.803027343750000400e-01 -1.851540527343749964e+00 7.202148437500000000e-01 -9.985351562500000000e-01 4.499511718750000000e+00 -2.858886718750000000e+00 2.905273437500000000e-01
2.303076171874999800e-01 9.105224609375000000e-01 8.733496093750000577e-01 4.420898437500000305e-02 8.803027343749999512e-01 -1.018540527343750002e+00 -4.279785156250000000e+00 4.001464843750000000e+00 -5.004882812500000000e-01 2.141113281250000000e+00 1.290527343750000000e+00
2.778076171875000222e-01 7.230224609375000000e-01 5.583496093750000000e-01 5.920898437500000944e-02 1.005302734375000062e+00 -8.102905273437499556e-01 -5.297851562500000000e-01 2.514648437500000000e-01 7.495117187500000000e-01 -4.108886718750000000e+00 4.052734375000000000e-02
4.678076171875000244e-01 9.730224609375000000e-01 7.383496093750000488e-01 3.920898437499999861e-02 9.053027343749999734e-01 -1.643290527343749918e+00 4.470214843750000000e+00 -4.748535156250000000e+00 -4.250488281250000000e+00 8.911132812500000000e-01 1.040527343750000000e+00
3.728076171874999956e-01 5.980224609375000000e-01 8.283496093750000178e-01 6.920898437500000444e-02 9.553027343750000178e-01 -3.937905273437500853e-01 1.970214843750000000e+00 2.751464843750000000e+00 3.249511718750000000e+00 3.391113281250000000e+00 5.405273437500000000e-01
1.828076171874999933e-01 8.480224609375000000e-01 6.483496093750000799e-01 4.920898437500000056e-02 1.055302734375000107e+00 -1.226790527343750048e+00 -3.029785156250000000e+00 -2.248535156250000000e+00 -1.750488281250000000e+00 -1.608886718750000000e+00 1.540527343750000000e+00
2.065576171874999867e-01 6.292724609375000000e-01 8.958496093750000222e-01 3.670898437500000333e-02 1.042802734374999929e+00 -1.330915527343750071e+00 -2.404785156250000000e+00 3.376464843750000000e+00 1.245117187500000000e-01 4.016113281250000000e+00 1.665527343750000000e+00
3.965576171874999889e-01 8.792724609375000000e-01 7.158496093749999734e-01 5.670898437500000722e-02 9.428027343750000622e-01 -4.979155273437501084e-01 2.595214843750000000e+00 -1.623535156250000000e+00 -4.875488281250000000e+00 -9.838867187500000000e-01 6.655273437500000000e-01
4.915576171875000178e-01 5.042724609375000000e-01 6.258496093750000044e-01 4.670898437499999833e-02 8.928027343750000178e-01 -1.747415527343749941e+00 9.521484375000000000e-02 8.764648437500000000e-01 2.624511718750000000e+00 -3.483886718750000000e+00 1.165527343750000000e+00
3.015576171874999600e-01 7.542724609375000000e-01 8.058496093750000533e-01 6.670898437500000222e-02 9.928027343749999956e-01 -9.144155273437499787e-01 -4.904785156250000000e+00 -4.123535156250000000e+00 -2.375488281250000000e+00 1.516113281250000000e+00 1.655273437500000000e-01
2.540576171874999734e-01 5.667724609375000000e-01 6.708496093750000444e-01 3.170898437499999889e-02 9.178027343750000400e-01 -1.122665527343750025e+00 -1.154785156250000000e+00 -3.735351562500000000e-01 1.374511718750000000e+00 -4.733886718750000000e+00 1.415527343750000000e+00
4.440576171874999756e-01 8.167724609375000000e-01 8.508496093749999822e-01 5.170898437500000278e-02 1.017802734375000018e+00 -1.955665527343749988e+00 3.845214843750000000e+00 4.626464843750000000e+00 -3.625488281250000000e+00 2.661132812500000000e-01 4.155273437500000000e-01
3.490576171875000022e-01 6.917724609375000000e-01 7.608496093750000133e-01 4.170898437500000083e-02 1.067802734375000062e+00 -7.061655273437501545e-01 1.345214843750000000e+00 -2.873535156250000000e+00 3.874511718750000000e+00 2.766113281250000000e+00 1.915527343750000000e+00
1.590576171875000000e-01 9.417724609375000000e-01 5.808496093750000755e-01 6.170898437500000472e-02 9.678027343749999734e-01 -1.539165527343750117e+00 -3.654785156250000000e+00 2.126464843750000000e+00 -1.125488281250000000e+00 -2.233886718750000000e+00 9.155273437500000000e-01
1.471826171875000033e-01 7.073974609375000000e-01 7.270996093750000666e-01 6.795898437500000333e-02 8.740527343749999734e-01 -1.903603027343750087e+00 3.532714843750000000e+00 4.938964843750000000e+00 -1.879882812500000000e-01 1.203613281250000000e+00 1.030273437500000000e-01
3.371826171874999778e-01 9.573974609375000000e-01 9.070996093750000044e-01 4.795898437499999944e-02 9.740527343750000622e-01 -1.070603027343750124e+00 -1.467285156250000000e+00 -6.103515625000000000e-02 4.812011718750000000e+00 -3.796386718750000000e+00 1.103027343750000000e+00
4.321826171875000067e-01 5.823974609375000000e-01 8.170996093750000355e-01 5.795898437500000833e-02 1.024052734375000107e+00 -1.487103027343749995e+00 -3.967285156250000000e+00 2.438964843750000000e+00 -2.687988281250000000e+00 -1.296386718750000000e+00 6.030273437500000000e-01
2.421826171875000044e-01 8.323974609375000000e-01 6.370996093750000977e-01 3.795898437500000444e-02 9.240527343750000178e-01 -6.541030273437500320e-01 1.032714843750000000e+00 -2.561035156250000000e+00 2.312011718750000000e+00 3.703613281250000000e+00 1.603027343750000000e+00
2.896826171874999911e-01 5.198974609375000000e-01 8.620996093749999645e-01 6.295898437499999889e-02 1.049052734375000018e+00 -4.458530273437499858e-01 4.782714843750000000e+00 -1.311035156250000000e+00 -1.437988281250000000e+00 -4.638671875000000000e-02 8.530273437500000000e-01
4.796826171874999933e-01 7.698974609375000000e-01 6.820996093750000266e-01 4.295898437500000194e-02 9.490527343750000400e-01 -1.278853027343750171e+00 -2.172851562500000000e-01 3.688964843750000000e+00 3.562011718750000000e+00 4.953613281250000000e+00 1.853027343750000000e+00
3.846826171875000200e-01 6.448974609375000000e-01 5.920996093750000577e-01 5.295898437500000389e-02 8.990527343749999956e-01 -8.623530273437500782e-01 -2.717285156250000000e+00 -3.811035156250000000e+00 -3.937988281250000000e+00 2.453613281250000000e+00 3.530273437500000000e-01
1.946826171874999900e-01 8.948974609375000000e-01 7.720996093749999956e-01 3.295898437500000000e-02 9.990527343749999734e-01 -1.695353027343750041e+00 2.282714843750000000e+00 1.188964843750000000e+00 1.062011718750000000e+00 -2.546386718750000000e+00 1.353027343750000000e+00
1.709326171874999967e-01 6.136474609375000000e-01 6.145996093750000222e-01 4.045898437499999972e-02 9.865527343750000178e-01 -1.591228027343750018e+00 2.907714843750000000e+00 -4.436035156250000000e+00 -2.062988281250000000e+00 5.786132812500000000e-01 1.478027343750000000e+00
3.609326171875000266e-01 8.636474609375000000e-01 7.945996093750000711e-01 6.045898437500000361e-02 8.865527343750000400e-01 -7.582280273437500551e-01 -2.092285156250000000e+00 5.639648437500000000e-01 2.937011718750000000e+00 -4.421386718750000000e+00 4.780273437500000000e-01
4.559326171875000000e-01 7.386474609375000000e-01 8.845996093750000400e-01 3.045898437499999778e-02 9.365527343749999734e-01 -1.174728027343749925e+00 -4.592285156250000000e+00 -1.936035156250000000e+00 -4.562988281250000000e+00 -1.921386718750000000e+00 1.978027343750000000e+00
2.659326171874999978e-01 9.886474609375000000e-01 7.045996093749999911e-01 5.045898437500000167e-02 1.036552734375000062e+00 -3.417280273437501847e-01 4.077148437500000000e-01 3.063964843750000000e+00 4.370117187500000000e-01 3.078613281250000000e+00 9.780273437500000000e-01
2.184326171875000111e-01 6.761474609375000000e-01 7.495996093750000311e-01 4.545898437500000416e-02 9.615527343749999956e-01 -5.499780273437500089e-01 4.157714843750000000e+00 1.813964843750000000e+00 -8.129882812500000000e-01 -6.713867187500000000e-01 1.728027343750000000e+00
4.084326171875000133e-01 9.261474609375000000e-01 5.695996093750000933e-01 6.545898437500000111e-02 1.061552734374999973e+00 -1.382978027343749972e+00 -8.422851562500000000e-01 -3.186035156250000000e+00 4.187011718750000000e+00 4.328613281250000000e+00 7.280273437500000000e-01
3.134326171874999845e-01 5.511474609375000000e-01 6.595996093750000622e-01 3.545898437500000222e-02 1.011552734374999929e+00 -9.664780273437501013e-01 -3.342285156250000000e+00 4.313964843750000000e+00 -3.312988281250000000e+00 1.828613281250000000e+00 1.228027343750000000e+00
1.234326171874999961e-01 8.011474609375000000e-01 8.395996093750000000e-01 5.545898437500000611e-02 9.115527343750000622e-01 -1.799478027343750064e+00 1.657714843750000000e+00 -6.860351562500000000e-01 1.687011718750000000e+00 -3.171386718750000000e+00 2.280273437500000000e-01
1.249169921874999922e-01 6.976318359375000000e-01 7.341308593750000000e-01 3.780273437500000083e-02 1.013896484375000018e+00 -1.532657714843749908e+00 -4.709472656250000000e+00 -2.287597656250000000e+00 1.335449218750000000e+00 -2.819824218750000000e+00 8.608398437500000000e-01
3.149169921875000222e-01 9.476318359375000000e-01 5.541308593750000622e-01 5.780273437500000472e-02 9.138964843750000400e-01 -6.996577148437501670e-01 2.905273437500000000e-01 2.712402343750000000e+00 -3.664550781250000000e+00 2.180175781250000000e+00 1.860839843750000000e+00
4.099169921874999956e-01 5.726318359375000000e-01 6.441308593750000311e-01 4.780273437500000278e-02 9.638964843749999734e-01 -1.949157714843750000e+00 2.790527343750000000e+00 -4.787597656250000000e+00 3.835449218750000000e+00 4.680175781250000000e+00 3.608398437500000000e-01
2.199169921874999933e-01 8.226318359375000000e-01 8.241308593750000799e-01 6.780273437500000666e-02 1.063896484375000062e+00 -1.116157714843750037e+00 -2.209472656250000000e+00 2.124023437500000000e-01 -1.164550781250000000e+00 -3.198242187500000000e-01 1.360839843750000000e+00
2.674169921875000355e-01 5.101318359375000000e-01 5.991308593749999911e-01 3.280273437499999639e-02 9.388964843750000622e-01 -9.079077148437499911e-01 -3.459472656250000000e+00 3.962402343750000000e+00 8.544921875000000000e-02 3.430175781250000000e+00 1.108398437500000000e-01
4.574169921874999822e-01 7.601318359375000000e-01 7.791308593750000400e-01 5.280273437500000722e-02 1.038896484374999929e+00 -1.740907714843749954e+00 1.540527343750000000e+00 -1.037597656250000000e+00 -4.914550781250000000e+00 -1.569824218750000000e+00 1.110839843750000000e+00
3.624169921875000089e-01 6.351318359375000000e-01 8.691308593750000089e-01 4.280273437499999833e-02 9.888964843749999956e-01 -4.914077148437501208e-01 4.040527343750000000e+00 1.462402343750000000e+00 2.585449218750000000e+00 -4.069824218750000000e+00 6.108398437500000000e-01
1.724169921875000067e-01 8.851318359375000000e-01 6.891308593750000711e-01 6.280273437500000222e-02 8.888964843750000178e-01 -1.324407714843750083e+00 -9.594726562500000000e-01 -3.537597656250000000e+00 -2.414550781250000000e+00 9.301757812500000000e-01 1.610839843750000000e+00
1.961669921875000000e-01 6.038818359375000000e-01 8.466308593750000444e-01 5.030273437500000500e-02 9.013964843749999734e-01 -1.220282714843750060e+00 -4.084472656250000000e+00 2.087402343750000000e+00 7.104492187500000000e-01 -3.444824218750000000e+00 1.735839843750000000e+00
3.861669921875000022e-01 8.538818359375000000e-01 6.666308593749999956e-01 3.030273437499999764e-02 1.001396484375000062e+00 -3.872827148437500977e-01 9.155273437500000000e-01 -2.912597656250000000e+00 -4.289550781250000000e+00 1.555175781250000000e+00 7.358398437500000000e-01
4.811669921874999756e-01 7.288818359375000000e-01 5.766308593750000266e-01 6.030273437500000000e-02 1.051396484375000107e+00 -1.636782714843750153e+00 3.415527343750000000e+00 4.587402343750000000e+00 3.210449218750000000e+00 4.055175781250000000e+00 1.235839843750000000e+00
2.911669921874999734e-01 9.788818359375000000e-01 7.566308593750000755e-01 4.030273437500000305e-02 9.513964843750000178e-01 -8.037827148437499680e-01 -1.584472656250000000e+00 -4.125976562500000000e-01 -1.789550781250000000e+00 -9.448242187500000000e-01 2.358398437500000000e-01
2.436669921874999867e-01 6.663818359375000000e-01 7.116308593750000355e-01 5.530273437500000250e-02 1.026396484374999973e+00 -1.012032714843750014e+00 -2.834472656250000000e+00 -4.162597656250000000e+00 1.960449218750000000e+00 2.805175781250000000e+00 1.485839843750000000e+00
4.336669921874999889e-01 9.163818359375000000e-01 8.916308593749999734e-01 3.530273437499999861e-02 9.263964843749999956e-01 -1.845032714843749977e+00 2.165527343750000000e+00 8.374023437500000000e-01 -3.039550781250000000e+00 -2.194824218750000000e+00 4.858398437500000000e-01
3.386669921874999600e-01 5.413818359375000000e-01 8.016308593750001155e-01 6.530273437500000444e-02 8.763964843749999512e-01 -5.955327148437501439e-01 4.665527343750000000e+00 -1.662597656250000000e+00 4.460449218750000000e+00 -4.694824218750000000e+00 1.985839843750000000e+00
1.486669921874999856e-01 7.913818359375000000e-01 6.216308593750000666e-01 4.530273437500000056e-02 9.763964843750000400e-01 -1.428532714843750107e+00 -3.344726562500000000e-01 3.337402343750000000e+00 -5.395507812500000000e-01 3.051757812500000000e-01 9.858398437500000000e-01
1.605419921874999822e-01 5.570068359375000000e-01 6.778808593750000888e-01 4.405273437499999944e-02 1.057646484374999973e+00 -1.792970214843750076e+00 6.030273437500000000e-01 1.149902343750000000e+00 -8.520507812500000000e-01 -1.257324218750000000e+00 4.833984375000000000e-02
3.505419921874999845e-01 8.070068359375000000e-01 8.578808593750000266e-01 6.405273437500000333e-02 9.576464843749999956e-01 -9.599702148437501137e-01 -4.396972656250000000e+00 -3.850097656250000000e+00 4.147949218750000000e+00 3.742675781250000000e+00 1.048339843750000000e+00
4.455419921875000133e-01 6.820068359375000000e-01 7.678808593750000577e-01 3.405273437499999750e-02 9.076464843750000622e-01 -1.376470214843749984e+00 -1.896972656250000000e+00 3.649902343750000000e+00 -3.352050781250000000e+00 1.242675781250000000e+00 5.483398437500000000e-01
2.555419921874999556e-01 9.320068359375000000e-01 5.878808593750000089e-01 5.405273437500000833e-02 1.007646484374999929e+00 -5.434702148437500213e-01 3.103027343750000000e+00 -1.350097656250000000e+00 1.647949218750000000e+00 -3.757324218750000000e+00 1.548339843750000000e+00
3.030419921874999978e-01 7.445068359375000000e-01 9.028808593749999556e-01 4.905273437500000389e-02 8.826464843750000400e-01 -3.352202148437499751e-01 1.853027343750000000e+00 -2.600097656250000000e+00 -2.102050781250000000e+00 2.492675781250000000e+00 7.983398437500000000e-01
4.930419921875000000e-01 9.945068359375000000e-01 7.228808593750000178e-01 6.905273437500000777e-02 9.826464843750000178e-01 -1.168220214843750160e+00 -3.146972656250000000e+00 2.399902343750000000e+00 2.897949218750000000e+00 -2.507324218750000000e+00 1.798339843750000000e+00
3.980419921874999711e-01 6.195068359375000000e-01 6.328808593750000488e-01 3.905273437500000194e-02 1.032646484375000062e+00 -7.517202148437500675e-01 -6.469726562500000000e-01 -1.000976562500000000e-01 -4.602050781250000000e+00 -7.324218750000000000e-03 2.983398437500000000e-01
2.080419921874999967e-01 8.695068359375000000e-01 8.128808593750000977e-01 5.905273437500000583e-02 9.326464843749999734e-01 -1.584720214843750030e+00 4.353027343750000000e+00 4.899902343750000000e+00 3.979492187500000000e-01 4.992675781250000000e+00 1.298339843750000000e+00
1.842919921874999756e-01 6.507568359375000000e-01 5.653808593750000444e-01 6.655273437500000555e-02 9.451464843750000400e-01 -1.688845214843750053e+00 1.228027343750000000e+00 -7.250976562500000000e-01 -1.477050781250000000e+00 -1.882324218750000000e+00 1.423339843750000000e+00
3.742919921874999778e-01 9.007568359375000000e-01 7.453808593749999822e-01 4.655273437500000167e-02 1.045146484375000018e+00 -8.558452148437500906e-01 -3.771972656250000000e+00 4.274902343750000000e+00 3.522949218750000000e+00 3.117675781250000000e+00 4.233398437500000000e-01
4.692919921875000067e-01 5.257568359375000000e-01 8.353808593750000622e-01 5.655273437500000361e-02 9.951464843749999734e-01 -1.272345214843749961e+00 -1.271972656250000000e+00 -3.225097656250000000e+00 -3.977050781250000000e+00 6.176757812500000000e-01 1.923339843750000000e+00
2.792919921875000044e-01 7.757568359375000000e-01 6.553808593750000133e-01 3.655273437499999972e-02 8.951464843749999956e-01 -4.393452148437499982e-01 3.728027343750000000e+00 1.774902343750000000e+00 1.022949218750000000e+00 -4.382324218750000000e+00 9.233398437500000000e-01
2.317919921874999900e-01 5.882568359375000000e-01 7.903808593750000222e-01 6.155273437500000805e-02 9.701464843750000622e-01 -6.475952148437500444e-01 2.478027343750000000e+00 3.024902343750000000e+00 -2.270507812500000000e-01 1.867675781250000000e+00 1.673339843750000000e+00
4.217919921875000200e-01 8.382568359375000000e-01 6.103808593750000844e-01 4.155273437499999722e-02 8.701464843749999734e-01 -1.480595214843750007e+00 -2.521972656250000000e+00 -1.975097656250000000e+00 4.772949218750000000e+00 -3.132324218750000000e+00 6.733398437500000000e-01
3.267919921874999911e-01 7.132568359375000000e-01 7.003808593750000533e-01 5.155273437500000611e-02 9.201464843750000178e-01 -1.064095214843749915e+00 -2.197265625000000000e-02 5.249023437500000000e-01 -2.727050781250000000e+00 -6.323242187500000000e-01 1.173339843750000000e+00
1.367919921874999889e-01 9.632568359375000000e-01 8.803808593749999911e-01 3.155273437500000222e-02 1.020146484375000107e+00 -1.897095214843750099e+00 4.978027343750000000e+00 -4.475097656250000000e+00 2.272949218750000000e+00 4.367675781250000000e+00 1.733398437500000000e-01
1.427294921875000011e-01 5.648193359375000000e-01 5.935058593750000000e-01 5.592773437500000305e-02 8.795214843749999956e-01 -5.174389648437500711e-01 -2.365722656250000000e+00 4.118652343750000000e+00 -2.883300781250000000e+00 -2.663574218750000000e+00 7.045898437500000000e-01
3.327294921875000311e-01 8.148193359375000000e-01 7.735058593750000488e-01 3.592773437499999917e-02 9.795214843749999734e-01 -1.350438964843750034e+00 2.634277343750000000e+00 -8.813476562500000000e-01 2.116699218750000000e+00 2.336425781250000000e+00 1.704589843750000000e+00
4.277294921875000044e-01 6.898193359375000000e-01 8.635058593750000178e-01 6.592773437500000500e-02 1.029521484375000018e+00 -9.339389648437499414e-01 1.342773437500000000e-01 1.618652343750000000e+00 -3.833007812500000000e-01 4.836425781250000000e+00 2.045898437500000000e-01
2.377294921875000022e-01 9.398193359375000000e-01 6.835058593750000799e-01 4.592773437500000111e-02 9.295214843750000400e-01 -1.766938964843749904e+00 -4.865722656250000000e+00 -3.381347656250000000e+00 4.616699218750000000e+00 -1.635742187500000000e-01 1.204589843750000000e+00
2.852294921874999889e-01 6.273193359375000000e-01 8.185058593750000888e-01 5.092773437500000555e-02 1.054521484375000151e+00 -1.975188964843749950e+00 -1.115722656250000000e+00 -2.131347656250000000e+00 -4.133300781250000000e+00 3.586425781250000000e+00 4.545898437500000000e-01
4.752294921874999911e-01 8.773193359375000000e-01 6.385058593750000400e-01 3.092773437499999820e-02 9.545214843750000622e-01 -1.142188964843749988e+00 3.884277343750000000e+00 2.868652343750000000e+00 8.666992187500000000e-01 -1.413574218750000000e+00 1.454589843750000000e+00
3.802294921875000178e-01 5.023193359375000000e-01 7.285058593750000089e-01 6.092773437500000056e-02 9.045214843750000178e-01 -1.558688964843750080e+00 1.384277343750000000e+00 -4.631347656250000000e+00 -1.633300781250000000e+00 -3.913574218750000000e+00 9.545898437500000000e-01
1.902294921875000155e-01 7.523193359375000000e-01 9.085058593750000577e-01 4.092773437500000361e-02 1.004521484375000107e+00 -7.256889648437501172e-01 -3.615722656250000000e+00 3.686523437500000000e-01 3.366699218750000000e+00 1.086425781250000000e+00 1.954589843750000000e+00
2.139794921875000089e-01 7.210693359375000000e-01 6.610058593750000044e-01 3.342773437499999695e-02 9.920214843750000400e-01 -6.215639648437500941e-01 -1.740722656250000000e+00 -4.006347656250000000e+00 -4.758300781250000000e+00 -3.288574218750000000e+00 1.829589843750000000e+00
4.039794921875000111e-01 9.710693359375000000e-01 8.410058593750000533e-01 5.342773437500000777e-02 8.920214843749999512e-01 -1.454563964843750057e+00 3.259277343750000000e+00 9.936523437500000000e-01 2.416992187500000000e-01 1.711425781250000000e+00 8.295898437500000000e-01
4.989794921874999845e-01 5.960693359375000000e-01 7.510058593749999734e-01 4.342773437499999889e-02 9.420214843749999956e-01 -1.038063964843749964e+00 7.592773437500000000e-01 -1.506347656250000000e+00 -2.258300781250000000e+00 4.211425781250000000e+00 1.329589843750000000e+00
3.089794921874999822e-01 8.460693359375000000e-01 5.710058593750000355e-01 6.342773437500000278e-02 1.042021484374999973e+00 -1.871063964843749927e+00 -4.240722656250000000e+00 3.493652343750000000e+00 2.741699218750000000e+00 -7.885742187500000000e-01 3.295898437500000000e-01
2.614794921874999956e-01 5.335693359375000000e-01 8.860058593749999822e-01 3.842773437500000139e-02 9.670214843750000178e-01 -1.662813964843750103e+00 -4.907226562500000000e-01 2.243652343750000000e+00 -3.508300781250000000e+00 2.961425781250000000e+00 1.079589843750000000e+00
4.514794921874999978e-01 7.835693359375000000e-01 7.060058593750000444e-01 5.842773437500000527e-02 1.067021484375000107e+00 -8.298139648437501403e-01 4.509277343750000000e+00 -2.756347656250000000e+00 1.491699218750000000e+00 -2.038574218750000000e+00 7.958984375000000000e-02
3.564794921874999689e-01 6.585693359375000000e-01 6.160058593750000755e-01 4.842773437500000333e-02 1.017021484375000062e+00 -1.246313964843750011e+00 2.009277343750000000e+00 4.743652343750000000e+00 -1.008300781250000000e+00 -4.538574218750000000e+00 1.579589843750000000e+00
1.664794921874999944e-01 9.085693359375000000e-01 7.960058593750000133e-01 6.842773437500000722e-02 9.170214843749999734e-01 -4.133139648437500480e-01 -2.990722656250000000e+00 -2.563476562500000000e-01 3.991699218750000000e+00 4.614257812500000000e-01 5.795898437500000000e-01
1.546044921874999978e-01 6.741943359375000000e-01 8.297558593750000711e-01 6.217773437500000860e-02 9.232714843750000622e-01 -7.777514648437500178e-01 2.946777343750000000e+00 -3.068847656250000000e+00 4.929199218750000000e+00 -1.726074218750000000e+00 3.920898437500000000e-01
3.446044921875000000e-01 9.241943359375000000e-01 6.497558593750000222e-01 4.217773437499999778e-02 1.023271484374999929e+00 -1.610751464843749980e+00 -2.053222656250000000e+00 1.931152343750000000e+00 -7.080078125000000000e-02 3.273925781250000000e+00 1.392089843750000000e+00
4.396044921874999734e-01 5.491943359375000000e-01 5.597558593750000533e-01 5.217773437500000666e-02 9.732714843749999956e-01 -3.612514648437501474e-01 -4.553222656250000000e+00 -5.688476562500000000e-01 2.429199218750000000e+00 7.739257812500000000e-01 8.920898437500000000e-01
2.496044921874999989e-01 7.991943359375000000e-01 7.397558593749999911e-01 3.217773437500000278e-02 8.732714843750000178e-01 -1.194251464843750110e+00 4.467773437500000000e-01 4.431152343750000000e+00 -2.570800781250000000e+00 -4.226074218750000000e+00 1.892089843750000000e+00
2.971044921875000133e-01 6.116943359375000000e-01 6.947558593750000622e-01 6.717773437500000611e-02 9.982714843750000178e-01 -1.402501464843750156e+00 4.196777343750000000e+00 6.811523437500000000e-01 3.679199218750000000e+00 2.023925781250000000e+00 6.420898437500000000e-01
4.871044921875000155e-01 8.616943359375000000e-01 8.747558593750000000e-01 4.717773437500000222e-02 8.982714843750000400e-01 -5.695014648437499716e-01 -8.032226562500000000e-01 -4.318847656250000000e+00 -1.320800781250000000e+00 -2.976074218750000000e+00 1.642089843750000000e+00
3.921044921874999867e-01 7.366943359375000000e-01 7.847558593750000311e-01 5.717773437500000416e-02 9.482714843749999734e-01 -1.819001464843750027e+00 -3.303222656250000000e+00 3.181152343750000000e+00 1.179199218750000000e+00 -4.760742187500000000e-01 1.420898437500000000e-01
2.021044921874999845e-01 9.866943359375000000e-01 6.047558593750000933e-01 3.717773437500000028e-02 1.048271484375000062e+00 -9.860014648437500639e-01 1.696777343750000000e+00 -1.818847656250000000e+00 -3.820800781250000000e+00 4.523925781250000000e+00 1.142089843750000000e+00
1.783544921874999911e-01 5.179443359375000000e-01 7.622558593750000666e-01 4.967773437500000444e-02 1.035771484375000107e+00 -1.090126464843750087e+00 3.571777343750000000e+00 2.556152343750000000e+00 3.054199218750000000e+00 -2.351074218750000000e+00 1.017089843750000000e+00
3.683544921874999933e-01 7.679443359375000000e-01 5.822558593750000178e-01 6.967773437500000833e-02 9.357714843750000178e-01 -1.923126464843750050e+00 -1.428222656250000000e+00 -2.443847656250000000e+00 -1.945800781250000000e+00 2.648925781250000000e+00 1.708984375000000000e-02
4.633544921875000222e-01 6.429443359375000000e-01 6.722558593750000977e-01 3.967773437500000250e-02 8.857714843749999734e-01 -6.736264648437499947e-01 -3.928222656250000000e+00 5.615234375000000000e-02 5.541992187500000000e-01 1.489257812500000000e-01 1.517089843750000000e+00
2.733544921874999645e-01 8.929443359375000000e-01 8.522558593750000355e-01 5.967773437500000638e-02 9.857714843750000622e-01 -1.506626464843749957e+00 1.071777343750000000e+00 -4.943847656250000000e+00 -4.445800781250000000e+00 -4.851074218750000000e+00 5.170898437500000000e-01
2.258544921874999778e-01 7.054443359375000000e-01 6.272558593750000577e-01 4.467773437500000000e-02 9.107714843749999956e-01 -1.298376464843749911e+00 4.821777343750000000e+00 -1.193847656250000000e+00 4.304199218750000000e+00 1.398925781250000000e+00 1.767089843750000000e+00
4.158544921874999800e-01 9.554443359375000000e-01 8.072558593750001066e-01 6.467773437500000389e-02 1.010771484374999973e+00 -4.653764648437501705e-01 -1.782226562500000000e-01 3.806152343750000000e+00 -6.958007812500000000e-01 -3.601074218750000000e+00 7.670898437500000000e-01
3.208544921875000067e-01 5.804443359375000000e-01 8.972558593749999645e-01 3.467773437499999806e-02 1.060771484375000018e+00 -1.714876464843750004e+00 -2.678222656250000000e+00 -3.693847656250000000e+00 1.804199218750000000e+00 -1.101074218750000000e+00 1.267089843750000000e+00
1.308544921875000044e-01 8.304443359375000000e-01 7.172558593750000266e-01 5.467773437500000888e-02 9.607714843750000400e-01 -8.818764648437500409e-01 2.321777343750000000e+00 1.306152343750000000e+00 -3.195800781250000000e+00 3.898925781250000000e+00 2.670898437500000000e-01
1.278857421874999845e-01 5.062255859375000000e-01 8.888183593750000888e-01 6.999023437500001554e-02 9.810839843749999956e-01 -9.990170898437500391e-01 -1.193847656250000000e+00 4.665527343750000000e+00 1.101074218750000000e+00 -8.666992187500000000e-01 1.501464843750000000e+00
3.178857421874999867e-01 7.562255859375000000e-01 7.088183593750000400e-01 4.999023437499999778e-02 8.810839843750000178e-01 -1.832017089843750002e+00 3.806152343750000000e+00 -3.344726562500000000e-01 -3.898925781250000000e+00 4.133300781250000000e+00 5.014648437500000000e-01
4.128857421875000155e-01 6.312255859375000000e-01 6.188183593750000711e-01 5.999023437500000666e-02 9.310839843750000622e-01 -5.825170898437501688e-01 1.306152343750000000e+00 2.165527343750000000e+00 3.601074218750000000e+00 1.633300781250000000e+00 1.001464843750000000e+00
2.228857421875000133e-01 8.812255859375000000e-01 7.988183593750000089e-01 3.999023437500000278e-02 1.031083984374999929e+00 -1.415517089843750131e+00 -3.693847656250000000e+00 -2.834472656250000000e+00 -1.398925781250000000e+00 -3.366699218750000000e+00 1.464843750000000000e-03
2.703857421875000000e-01 6.937255859375000000e-01 6.638183593750000000e-01 6.499023437500001110e-02 9.560839843749999734e-01 -1.207267089843750085e+00 -2.443847656250000000e+00 -1.584472656250000000e+00 2.351074218750000000e+00 3.833007812500000000e-01 1.251464843750000000e+00
4.603857421875000022e-01 9.437255859375000000e-01 8.438183593750000488e-01 4.499023437500000028e-02 1.056083984375000062e+00 -3.742670898437501226e-01 2.556152343750000000e+00 3.415527343750000000e+00 -2.648925781250000000e+00 -4.616699218750000000e+00 2.514648437500000000e-01
3.653857421874999734e-01 5.687255859375000000e-01 7.538183593750000799e-01 5.499023437500000222e-02 1.006083984375000018e+00 -1.623767089843749956e+00 5.615234375000000000e-02 -4.084472656250000000e+00 4.851074218750000000e+00 -2.116699218750000000e+00 1.751464843750000000e+00
1.753857421874999989e-01 8.187255859375000000e-01 5.738183593750000311e-01 3.499023437499999833e-02 9.060839843750000400e-01 -7.907670898437499929e-01 -4.943847656250000000e+00 9.155273437500000000e-01 -1.489257812500000000e-01 2.883300781250000000e+00 7.514648437500000000e-01
1.991357421874999922e-01 6.624755859375000000e-01 7.763183593750000444e-01 4.249023437500000500e-02 8.935839843749999734e-01 -8.948920898437500160e-01 -5.688476562500000000e-01 -4.709472656250000000e+00 1.726074218750000000e+00 -2.416992187500000000e-01 8.764648437500000000e-01
3.891357421875000222e-01 9.124755859375000000e-01 5.963183593749999956e-01 6.249023437500000194e-02 9.935839843750000622e-01 -1.727892089843749979e+00 4.431152343750000000e+00 2.905273437500000000e-01 -3.273925781250000000e+00 4.758300781250000000e+00 1.876464843750000000e+00
4.841357421874999956e-01 5.374755859375000000e-01 6.863183593750000755e-01 3.249023437499999611e-02 1.043583984375000107e+00 -4.783920898437501457e-01 1.931152343750000000e+00 -2.209472656250000000e+00 4.226074218750000000e+00 2.258300781250000000e+00 3.764648437500000000e-01
2.941357421874999933e-01 7.874755859375000000e-01 8.663183593750000133e-01 5.249023437500000000e-02 9.435839843750000178e-01 -1.311392089843749886e+00 -3.068847656250000000e+00 2.790527343750000000e+00 -7.739257812500000000e-01 -2.741699218750000000e+00 1.376464843750000000e+00
2.466357421875000067e-01 5.999755859375000000e-01 5.513183593750000666e-01 4.749023437500000250e-02 1.068583984375000018e+00 -1.519642089843749932e+00 -1.818847656250000000e+00 1.540527343750000000e+00 4.760742187500000000e-01 1.008300781250000000e+00 1.264648437500000000e-01
4.366357421875000089e-01 8.499755859375000000e-01 7.313183593750000044e-01 6.749023437500001332e-02 9.685839843750000400e-01 -6.866420898437499698e-01 3.181152343750000000e+00 -3.459472656250000000e+00 -4.523925781250000000e+00 -3.991699218750000000e+00 1.126464843750000000e+00
3.416357421875000355e-01 7.249755859375000000e-01 8.213183593749999734e-01 3.749023437500000056e-02 9.185839843749999956e-01 -1.936142089843750025e+00 6.811523437500000000e-01 4.040527343750000000e+00 2.976074218750000000e+00 -1.491699218750000000e+00 6.264648437500000000e-01
1.516357421875000056e-01 9.749755859375000000e-01 6.413183593750000355e-01 5.749023437500000444e-02 1.018583984374999973e+00 -1.103142089843750062e+00 -4.318847656250000000e+00 -9.594726562500000000e-01 -2.023925781250000000e+00 3.508300781250000000e+00 1.626464843750000000e+00
1.635107421875000022e-01 7.406005859375000000e-01 6.075683593750000888e-01 5.374023437500000111e-02 1.024833984375000062e+00 -7.387045898437500924e-01 4.118652343750000000e+00 -3.146972656250000000e+00 -1.711425781250000000e+00 -4.929199218750000000e+00 1.313964843750000000e+00
3.535107421875000044e-01 9.906005859375000000e-01 7.875683593750000266e-01 3.374023437499999722e-02 9.248339843749999734e-01 -1.571704589843750055e+00 -8.813476562500000000e-01 1.853027343750000000e+00 3.288574218750000000e+00 7.080078125000000000e-02 3.139648437500000000e-01
4.485107421874999778e-01 6.156005859375000000e-01 8.775683593750001066e-01 6.374023437500000999e-02 8.748339843750000400e-01 -1.155204589843750185e+00 -3.381347656250000000e+00 -6.469726562500000000e-01 -4.211425781250000000e+00 2.570800781250000000e+00 1.813964843750000000e+00
2.585107421875000311e-01 8.656005859375000000e-01 6.975683593750000577e-01 4.374023437499999917e-02 9.748339843750000178e-01 -1.988204589843749925e+00 1.618652343750000000e+00 4.353027343750000000e+00 7.885742187500000000e-01 -2.429199218750000000e+00 8.139648437500000000e-01
3.060107421875000178e-01 5.531005859375000000e-01 7.425683593750000977e-01 5.874023437500000555e-02 8.998339843750000622e-01 -1.779954589843750101e+00 2.868652343750000000e+00 6.030273437500000000e-01 -4.614257812500000000e-01 3.820800781250000000e+00 1.563964843750000000e+00
4.960107421875000200e-01 8.031005859375000000e-01 5.625683593750000488e-01 3.874023437500000167e-02 9.998339843750000400e-01 -9.469545898437501386e-01 -2.131347656250000000e+00 -4.396972656250000000e+00 4.538574218750000000e+00 -1.179199218750000000e+00 5.639648437500000000e-01
4.010107421874999911e-01 6.781005859375000000e-01 6.525683593750000178e-01 6.874023437500001443e-02 1.049833984374999973e+00 -1.363454589843750009e+00 -4.631347656250000000e+00 3.103027343750000000e+00 -2.961425781250000000e+00 -3.679199218750000000e+00 1.063964843750000000e+00
2.110107421874999889e-01 9.281005859375000000e-01 8.325683593749999556e-01 4.874023437500000361e-02 9.498339843749999956e-01 -5.304545898437500462e-01 3.686523437500000000e-01 -1.896972656250000000e+00 2.038574218750000000e+00 1.320800781250000000e+00 6.396484375000000000e-02
1.872607421874999956e-01 5.843505859375000000e-01 7.200683593750000222e-01 3.624023437499999944e-02 9.373339843750000400e-01 -4.263295898437500231e-01 4.743652343750000000e+00 3.728027343750000000e+00 -1.086425781250000000e+00 -4.304199218750000000e+00 1.889648437500000000e-01
3.772607421874999978e-01 8.343505859375000000e-01 9.000683593750000711e-01 5.624023437500000333e-02 1.037333984375000018e+00 -1.259329589843749986e+00 -2.563476562500000000e-01 -1.271972656250000000e+00 3.913574218750000000e+00 6.958007812500000000e-01 1.188964843750000000e+00
4.722607421875000266e-01 7.093505859375000000e-01 8.100683593749999911e-01 4.624023437500000139e-02 9.873339843749999734e-01 -8.428295898437501155e-01 -2.756347656250000000e+00 1.228027343750000000e+00 -3.586425781250000000e+00 3.195800781250000000e+00 6.889648437500000000e-01
2.822607421874999689e-01 9.593505859375000000e-01 6.300683593750000533e-01 6.624023437500001221e-02 8.873339843749999956e-01 -1.675829589843750078e+00 2.243652343750000000e+00 -3.771972656250000000e+00 1.413574218750000000e+00 -1.804199218750000000e+00 1.688964843750000000e+00
2.347607421874999822e-01 6.468505859375000000e-01 8.550683593750000311e-01 3.124023437499999847e-02 1.012333984375000107e+00 -1.884079589843749902e+00 3.493652343750000000e+00 -2.197265625000000000e-02 -2.336425781250000000e+00 4.445800781250000000e+00 9.389648437500000000e-01
4.247607421874999845e-01 8.968505859375000000e-01 6.750683593749999822e-01 5.124023437499999889e-02 9.123339843750000178e-01 -1.051079589843749940e+00 -1.506347656250000000e+00 4.978027343750000000e+00 2.663574218750000000e+00 -5.541992187500000000e-01 1.938964843750000000e+00
3.297607421875000111e-01 5.218505859375000000e-01 5.850683593750000133e-01 4.124023437500000389e-02 9.623339843750000622e-01 -1.467579589843750032e+00 -4.006347656250000000e+00 -2.521972656250000000e+00 -4.836425781250000000e+00 -3.054199218750000000e+00 4.389648437500000000e-01
1.397607421875000089e-01 7.718505859375000000e-01 7.650683593750000622e-01 6.124023437500000777e-02 1.062333984375000151e+00 -6.345795898437500693e-01 9.936523437500000000e-01 2.478027343750000000e+00 1.635742187500000000e-01 1.945800781250000000e+00 1.438964843750000000e+00
1.338232421874999967e-01 6.390380859375000000e-01 7.031933593750000488e-01 4.686523437500000194e-02 9.154589843750000622e-01 -1.597735839843750005e+00 -3.537597656250000000e+00 -1.428222656250000000e+00 -4.680175781250000000e+00 -1.022949218750000000e+00 1.907714843750000000e+00
3.238232421875000266e-01 8.890380859375000000e-01 8.831933593750000977e-01 6.686523437499999889e-02 1.015458984374999929e+00 -7.647358398437500426e-01 1.462402343750000000e+00 3.571777343750000000e+00 3.198242187500000000e-01 3.977050781250000000e+00 9.077148437500000000e-01
4.188232421875000000e-01 5.140380859375000000e-01 7.931933593750000178e-01 3.686523437500000000e-02 1.065458984374999973e+00 -1.181235839843750135e+00 3.962402343750000000e+00 -3.928222656250000000e+00 -2.180175781250000000e+00 1.477050781250000000e+00 1.407714843750000000e+00
2.288232421874999978e-01 7.640380859375000000e-01 6.131933593750000799e-01 5.686523437500000389e-02 9.654589843749999956e-01 -3.482358398437501723e-01 -1.037597656250000000e+00 1.071777343750000000e+00 2.819824218750000000e+00 -3.522949218750000000e+00 4.077148437500000000e-01
2.763232421874999845e-01 5.765380859375000000e-01 8.381933593750000577e-01 4.186523437500000444e-02 1.040458984375000062e+00 -5.564858398437499964e-01 -4.787597656250000000e+00 4.821777343750000000e+00 -3.430175781250000000e+00 2.270507812500000000e-01 1.157714843750000000e+00
4.663232421874999867e-01 8.265380859375000000e-01 6.581933593750000089e-01 6.186523437500000833e-02 9.404589843749999734e-01 -1.389485839843750181e+00 2.124023437500000000e-01 -1.782226562500000000e-01 1.569824218750000000e+00 -4.772949218750000000e+00 1.577148437500000000e-01
3.713232421875000133e-01 7.015380859375000000e-01 5.681933593750000400e-01 3.186523437500000250e-02 8.904589843750000400e-01 -9.729858398437500888e-01 2.712402343750000000e+00 2.321777343750000000e+00 -9.301757812500000000e-01 -2.272949218750000000e+00 1.657714843750000000e+00
1.813232421875000111e-01 9.515380859375000000e-01 7.481933593750000888e-01 5.186523437499999944e-02 9.904589843750000178e-01 -1.805985839843750052e+00 -2.287597656250000000e+00 -2.678222656250000000e+00 4.069824218750000000e+00 2.727050781250000000e+00 6.577148437500000000e-01
2.050732421875000044e-01 5.452880859375000000e-01 6.356933593750000444e-01 6.436523437499999667e-02 1.002958984374999973e+00 -1.910110839843750075e+00 -2.912597656250000000e+00 1.696777343750000000e+00 -2.805175781250000000e+00 -3.979492187500000000e-01 5.327148437500000000e-01
3.950732421875000067e-01 7.952880859375000000e-01 8.156933593749999822e-01 4.436523437499999972e-02 9.029589843749999956e-01 -1.077110839843749890e+00 2.087402343750000000e+00 -3.303222656250000000e+00 2.194824218750000000e+00 4.602050781250000000e+00 1.532714843750000000e+00
4.900732421874999800e-01 6.702880859375000000e-01 9.056933593750000622e-01 5.436523437500000167e-02 9.529589843750000400e-01 -1.493610839843749982e+00 4.587402343750000000e+00 4.196777343750000000e+00 -3.051757812500000000e-01 2.102050781250000000e+00 3.271484375000000000e-02
3.000732421874999778e-01 9.202880859375000000e-01 7.256933593750000133e-01 3.436523437499999778e-02 1.052958984375000018e+00 -6.606108398437500195e-01 -4.125976562500000000e-01 -8.032226562500000000e-01 4.694824218750000000e+00 -2.897949218750000000e+00 1.032714843750000000e+00
2.525732421874999911e-01 7.327880859375000000e-01 7.706933593750000533e-01 6.936523437500000111e-02 9.279589843750000178e-01 -4.523608398437499734e-01 -4.162597656250000000e+00 -4.553222656250000000e+00 -4.055175781250000000e+00 8.520507812500000000e-01 2.827148437500000000e-01
4.425732421874999933e-01 9.827880859375000000e-01 5.906933593750000044e-01 4.936523437500000416e-02 1.027958984375000107e+00 -1.285360839843749936e+00 8.374023437500000000e-01 4.467773437500000000e-01 9.448242187500000000e-01 -4.147949218750000000e+00 1.282714843750000000e+00
3.475732421874999645e-01 6.077880859375000000e-01 6.806933593749999734e-01 5.936523437500000611e-02 9.779589843750000622e-01 -8.688608398437500657e-01 3.337402343750000000e+00 -2.053222656250000000e+00 -1.555175781250000000e+00 -1.647949218750000000e+00 7.827148437500000000e-01
1.575732421874999900e-01 8.577880859375000000e-01 8.606933593750000222e-01 3.936523437500000222e-02 8.779589843749999734e-01 -1.701860839843750028e+00 -1.662597656250000000e+00 2.946777343750000000e+00 3.444824218750000000e+00 3.352050781250000000e+00 1.782714843750000000e+00
1.456982421874999933e-01 6.234130859375000000e-01 8.044433593750000000e-01 3.061523437499999792e-02 9.592089843750000178e-01 -1.337423339843750059e+00 1.774902343750000000e+00 1.342773437500000000e-01 2.507324218750000000e+00 -4.460449218750000000e+00 1.220214843750000000e+00
3.356982421874999956e-01 8.734130859375000000e-01 6.244433593750000622e-01 5.061523437499999833e-02 1.059208984375000107e+00 -5.044233398437500959e-01 -3.225097656250000000e+00 -4.865722656250000000e+00 -2.492675781250000000e+00 5.395507812500000000e-01 2.202148437500000000e-01
4.306982421875000244e-01 7.484130859375000000e-01 7.144433593750000311e-01 4.061523437500000333e-02 1.009208984375000062e+00 -1.753923339843749929e+00 -7.250976562500000000e-01 2.634277343750000000e+00 7.324218750000000000e-03 3.039550781250000000e+00 1.720214843750000000e+00
2.406982421874999944e-01 9.984130859375000000e-01 8.944433593750000799e-01 6.061523437500000722e-02 9.092089843749999734e-01 -9.209233398437499662e-01 4.274902343750000000e+00 -2.365722656250000000e+00 -4.992675781250000000e+00 -1.960449218750000000e+00 7.202148437500000000e-01
2.881982421875000089e-01 6.859130859375000000e-01 5.794433593750000222e-01 3.561523437499999889e-02 9.842089843750000400e-01 -1.129173339843750012e+00 5.249023437500000000e-01 -3.615722656250000000e+00 3.757324218750000000e+00 4.289550781250000000e+00 1.970214843750000000e+00
4.781982421875000111e-01 9.359130859375000000e-01 7.594433593750000711e-01 5.561523437500000278e-02 8.842089843749999512e-01 -1.962173339843749975e+00 -4.475097656250000000e+00 1.384277343750000000e+00 -1.242675781250000000e+00 -7.104492187500000000e-01 9.702148437500000000e-01
3.831982421874999822e-01 5.609130859375000000e-01 8.494433593750000400e-01 4.561523437500000083e-02 9.342089843749999956e-01 -7.126733398437501421e-01 -1.975097656250000000e+00 -1.115722656250000000e+00 1.257324218750000000e+00 -3.210449218750000000e+00 1.470214843750000000e+00
1.931982421874999800e-01 8.109130859375000000e-01 6.694433593749999911e-01 6.561523437499999778e-02 1.034208984374999973e+00 -1.545673339843749883e+00 3.024902343750000000e+00 3.884277343750000000e+00 -3.742675781250000000e+00 1.789550781250000000e+00 4.702148437500000000e-01
1.694482421874999867e-01 7.171630859375000000e-01 8.719433593750001155e-01 5.811523437500000500e-02 1.046708984375000151e+00 -1.441548339843750082e+00 2.399902343750000000e+00 -4.907226562500000000e-01 4.382324218750000000e+00 -3.835449218750000000e+00 3.452148437500000000e-01
3.594482421874999889e-01 9.671630859375000000e-01 6.919433593750000666e-01 3.811523437500000111e-02 9.467089843750000622e-01 -6.085483398437501190e-01 -2.600097656250000000e+00 4.509277343750000000e+00 -6.176757812500000000e-01 1.164550781250000000e+00 1.345214843750000000e+00
4.544482421875000178e-01 5.921630859375000000e-01 6.019433593750000977e-01 6.811523437500000000e-02 8.967089843750000178e-01 -1.858048339843749952e+00 -1.000976562500000000e-01 -2.990722656250000000e+00 1.882324218750000000e+00 3.664550781250000000e+00 8.452148437500000000e-01
2.644482421874999600e-01 8.421630859375000000e-01 7.819433593750000355e-01 4.811523437500000305e-02 9.967089843750001066e-01 -1.025048339843749989e+00 4.899902343750000000e+00 2.009277343750000000e+00 -3.117675781250000000e+00 -1.335449218750000000e+00 1.845214843750000000e+00
2.169482421875000011e-01 5.296630859375000000e-01 6.469433593750000266e-01 5.311523437500000056e-02 8.717089843749999956e-01 -8.167983398437499432e-01 1.149902343750000000e+00 3.259277343750000000e+00 3.132324218750000000e+00 4.914550781250000000e+00 5.952148437500000000e-01
4.069482421874999756e-01 7.796630859375000000e-01 8.269433593749999645e-01 3.311523437499999667e-02 9.717089843749999734e-01 -1.649798339843750128e+00 -3.850097656250000000e+00 -1.740722656250000000e+00 -1.867675781250000000e+00 -8.544921875000000000e-02 1.595214843750000000e+00
3.119482421875000022e-01 6.546630859375000000e-01 7.369433593750001066e-01 6.311523437499999556e-02 1.021708984375000018e+00 -4.002983398437500728e-01 -1.350097656250000000e+00 7.592773437500000000e-01 6.323242187500000000e-01 -2.585449218750000000e+00 9.521484375000000000e-02
1.219482421875000000e-01 9.046630859375000000e-01 5.569433593750000577e-01 4.311523437500000555e-02 9.217089843750000400e-01 -1.233298339843750036e+00 3.649902343750000000e+00 -4.240722656250000000e+00 -4.367675781250000000e+00 2.414550781250000000e+00 1.095214843750000000e+00
1.226904296874999911e-01 6.556396484375000000e-01 8.824902343750000711e-01 5.131835937500000416e-02 8.908496093750000178e-01 -6.118022460937500018e-01 3.100585937500000000e-01 -1.096191406250000000e+00 -1.027832031250000000e+00 5.590820312500000000e-01 5.131835937500000000e-01
3.126904296874999933e-01 9.056396484375000000e-01 7.024902343750000222e-01 3.131835937500000028e-02 9.908496093749999956e-01 -1.444802246093749964e+00 -4.689941406250000000e+00 3.903808593750000000e+00 3.972167968750000000e+00 -4.440917968750000000e+00 1.513183593750000000e+00
4.076904296875000222e-01 5.306396484375000000e-01 6.124902343750000533e-01 6.131835937500000611e-02 1.040849609374999929e+00 -1.028302246093750094e+00 -2.189941406250000000e+00 -3.596191406250000000e+00 -3.527832031250000000e+00 -1.940917968750000000e+00 1.318359375000000000e-02
2.176904296874999922e-01 7.806396484375000000e-01 7.924902343749999911e-01 4.131835937500000222e-02 9.408496093750000622e-01 -1.861302246093750057e+00 2.810058593750000000e+00 1.403808593750000000e+00 1.472167968750000000e+00 3.059082031250000000e+00 1.013183593750000000e+00
2.651904296875000067e-01 5.931396484375000000e-01 6.574902343749999822e-01 5.631835937500000167e-02 1.065849609375000062e+00 -1.653052246093750011e+00 1.560058593750000000e+00 2.653808593750000000e+00 -2.277832031250000000e+00 -6.909179687500000000e-01 2.631835937500000000e-01
4.551904296875000089e-01 8.431396484375000000e-01 8.374902343750000311e-01 3.631835937499999778e-02 9.658496093749999734e-01 -8.200522460937500480e-01 -3.439941406250000000e+00 -2.346191406250000000e+00 2.722167968750000000e+00 4.309082031250000000e+00 1.263183593750000000e+00
3.601904296875000355e-01 7.181396484375000000e-01 7.474902343750000622e-01 6.631835937499999667e-02 9.158496093750000400e-01 -1.236552246093749918e+00 -9.399414062500000000e-01 1.538085937500000000e-01 -4.777832031250000000e+00 1.809082031250000000e+00 7.631835937500000000e-01
1.701904296875000056e-01 9.681396484375000000e-01 5.674902343750000133e-01 4.631835937500000666e-02 1.015849609375000018e+00 -4.035522460937501776e-01 4.060058593750000000e+00 -4.846191406250000000e+00 2.221679687500000000e-01 -3.190917968750000000e+00 1.763183593750000000e+00
1.939404296874999989e-01 5.618896484375000000e-01 8.149902343749999556e-01 3.881835937500000000e-02 9.783496093750000400e-01 -5.076772460937499787e-01 9.350585937500000000e-01 7.788085937500000000e-01 -1.652832031250000000e+00 1.184082031250000000e+00 1.888183593750000000e+00
3.839404296874999734e-01 8.118896484375000000e-01 6.349902343750000178e-01 5.881835937500000389e-02 8.783496093749999512e-01 -1.340677246093750163e+00 -4.064941406250000000e+00 -4.221191406250000000e+00 3.347167968750000000e+00 -3.815917968750000000e+00 8.881835937500000000e-01
4.789404296875000022e-01 6.868896484375000000e-01 7.249902343750000977e-01 4.881835937500000194e-02 9.283496093749999956e-01 -9.241772460937500711e-01 -1.564941406250000000e+00 3.278808593750000000e+00 -4.152832031250000000e+00 -1.315917968750000000e+00 1.388183593750000000e+00
2.889404296875000000e-01 9.368896484375000000e-01 9.049902343750000355e-01 6.881835937499999889e-02 1.028349609374999973e+00 -1.757177246093750034e+00 3.435058593750000000e+00 -1.721191406250000000e+00 8.471679687500000000e-01 3.684082031250000000e+00 3.881835937500000000e-01
2.414404296875000133e-01 7.493896484375000000e-01 5.899902343750000888e-01 3.381835937500000250e-02 9.533496093750000178e-01 -1.965427246093750080e+00 2.185058593750000000e+00 -2.971191406250000000e+00 -4.028320312500000000e-01 -6.591796875000000000e-02 1.138183593750000000e+00
4.314404296875000155e-01 9.993896484375000000e-01 7.699902343750000266e-01 5.381835937499999944e-02 1.053349609375000107e+00 -1.132427246093750117e+00 -2.814941406250000000e+00 2.028808593750000000e+00 4.597167968750000000e+00 4.934082031250000000e+00 1.381835937500000000e-01
3.364404296874999867e-01 6.243896484375000000e-01 8.599902343750001066e-01 4.381835937500000444e-02 1.003349609375000062e+00 -1.548927246093749988e+00 -3.149414062500000000e-01 -4.711914062500000000e-01 -2.902832031250000000e+00 2.434082031250000000e+00 1.638183593750000000e+00
1.464404296874999845e-01 8.743896484375000000e-01 6.799902343750000577e-01 6.381835937500000833e-02 9.033496093749999734e-01 -7.159272460937500249e-01 4.685058593750000000e+00 4.528808593750000000e+00 2.097167968750000000e+00 -2.565917968750000000e+00 6.381835937500000000e-01
1.583154296875000089e-01 6.087646484375000000e-01 6.237402343750000355e-01 6.506835937499999556e-02 9.345996093749999734e-01 -1.080364746093749995e+00 -4.377441406250000000e+00 2.341308593750000000e+00 1.784667968750000000e+00 3.996582031250000000e+00 3.256835937500000000e-01
3.483154296875000111e-01 8.587646484375000000e-01 8.037402343749999734e-01 4.506835937500000555e-02 1.034599609375000062e+00 -1.913364746093749957e+00 6.225585937500000000e-01 -2.658691406250000000e+00 -3.215332031250000000e+00 -1.003417968750000000e+00 1.325683593750000000e+00
4.433154296874999845e-01 7.337646484375000000e-01 8.937402343750000533e-01 5.506835937500000056e-02 9.845996093750000178e-01 -6.638647460937501243e-01 3.122558593750000000e+00 4.841308593750000000e+00 4.284667968750000000e+00 -3.503417968750000000e+00 8.256835937500000000e-01
2.533154296874999822e-01 9.837646484375000000e-01 7.137402343750000044e-01 3.506835937499999667e-02 8.845996093750000400e-01 -1.496864746093749865e+00 -1.877441406250000000e+00 -1.586914062500000000e-01 -7.153320312500000000e-01 1.496582031250000000e+00 1.825683593750000000e+00
3.008154296874999689e-01 6.712646484375000000e-01 7.587402343750000444e-01 6.006835937500000500e-02 1.009599609374999929e+00 -1.288614746093750041e+00 -3.127441406250000000e+00 -3.908691406250000000e+00 5.346679687500000000e-01 -4.753417968750000000e+00 5.756835937500000000e-01
4.908154296875000266e-01 9.212646484375000000e-01 5.787402343749999956e-01 4.006835937500000111e-02 9.095996093750000622e-01 -4.556147460937500782e-01 1.872558593750000000e+00 1.091308593750000000e+00 -4.465332031250000000e+00 2.465820312500000000e-01 1.575683593750000000e+00
3.958154296874999978e-01 5.462646484375000000e-01 6.687402343750000755e-01 5.006835937500000305e-02 9.595996093749999956e-01 -1.705114746093749911e+00 4.372558593750000000e+00 -1.408691406250000000e+00 3.034667968750000000e+00 2.746582031250000000e+00 7.568359375000000000e-02
2.058154296874999956e-01 7.962646484375000000e-01 8.487402343750000133e-01 3.006835937499999917e-02 1.059599609374999973e+00 -8.721147460937499485e-01 -6.274414062500000000e-01 3.591308593750000000e+00 -1.965332031250000000e+00 -2.253417968750000000e+00 1.075683593750000000e+00
1.820654296875000022e-01 7.025146484375000000e-01 6.912402343750000400e-01 4.256835937500000333e-02 1.022099609375000107e+00 -7.679897460937501474e-01 -3.752441406250000000e+00 -2.033691406250000000e+00 1.159667968750000000e+00 4.621582031250000000e+00 1.200683593750000000e+00
3.720654296875000044e-01 9.525146484375000000e-01 8.712402343750000888e-01 6.256835937500000722e-02 9.220996093750000178e-01 -1.600989746093750110e+00 1.247558593750000000e+00 2.966308593750000000e+00 -3.840332031250000000e+00 -3.784179687500000000e-01 2.006835937500000000e-01
4.670654296874999778e-01 5.775146484375000000e-01 7.812402343750000089e-01 3.256835937500000139e-02 8.720996093749999734e-01 -3.514897460937500551e-01 3.747558593750000000e+00 -4.533691406250000000e+00 3.659667968750000000e+00 -2.878417968750000000e+00 1.700683593750000000e+00
2.770654296875000311e-01 8.275146484375000000e-01 6.012402343750000711e-01 5.256835937499999833e-02 9.720996093750000622e-01 -1.184489746093750018e+00 -1.252441406250000000e+00 4.663085937500000000e-01 -1.340332031250000000e+00 2.121582031250000000e+00 7.006835937500000000e-01
2.295654296874999889e-01 5.150146484375000000e-01 8.262402343750000488e-01 4.756835937500000083e-02 8.970996093749999956e-01 -1.392739746093750064e+00 -2.502441406250000000e+00 4.216308593750000000e+00 2.409667968750000000e+00 -4.128417968750000000e+00 1.950683593750000000e+00
4.195654296874999911e-01 7.650146484375000000e-01 6.462402343750000000e-01 6.756835937499999778e-02 9.970996093749999734e-01 -5.597397460937501013e-01 2.497558593750000000e+00 -7.836914062500000000e-01 -2.590332031250000000e+00 8.715820312500000000e-01 9.506835937500000000e-01
3.245654296875000178e-01 6.400146484375000000e-01 5.562402343750000311e-01 3.756835937499999889e-02 1.047099609375000018e+00 -1.809239746093749934e+00 4.997558593750000000e+00 1.716308593750000000e+00 4.909667968750000000e+00 3.371582031250000000e+00 1.450683593750000000e+00
1.345654296874999878e-01 8.900146484375000000e-01 7.362402343750000799e-01 5.756835937500000278e-02 9.470996093750000400e-01 -9.762397460937499716e-01 -2.441406250000000000e-03 -3.283691406250000000e+00 -9.033203125000000000e-02 -1.628417968750000000e+00 4.506835937500000000e-01
1.405029296875000000e-01 5.228271484375000000e-01 7.081152343750000133e-01 3.444335937499999611e-02 1.006474609375000107e+00 -1.262583496093749869e+00 2.653808593750000000e+00 3.122558593750000000e+00 4.440917968750000000e+00 9.033203125000000000e-02 9.194335937500000000e-01
3.305029296875000022e-01 7.728271484375000000e-01 8.881152343750000622e-01 5.444335937500000000e-02 9.064746093750000178e-01 -4.295834960937501279e-01 -2.346191406250000000e+00 -1.877441406250000000e+00 -5.590820312500000000e-01 -4.909667968750000000e+00 1.919433593750000000e+00
4.255029296874999756e-01 6.478271484375000000e-01 7.981152343749999822e-01 4.444335937500000500e-02 9.564746093750000622e-01 -1.679083496093749961e+00 -4.846191406250000000e+00 6.225585937500000000e-01 1.940917968750000000e+00 -2.409667968750000000e+00 4.194335937500000000e-01
2.355029296875000011e-01 8.978271484375000000e-01 6.181152343750000444e-01 6.444335937500000888e-02 1.056474609375000151e+00 -8.460834960937499982e-01 1.538085937500000000e-01 -4.377441406250000000e+00 -3.059082031250000000e+00 2.590332031250000000e+00 1.419433593750000000e+00
2.830029296874999600e-01 7.103271484375000000e-01 8.431152343750000222e-01 3.944335937500000056e-02 9.314746093750000400e-01 -1.054333496093750044e+00 3.903808593750000000e+00 -6.274414062500000000e-01 3.190917968750000000e+00 -1.159667968750000000e+00 1.694335937500000000e-01
4.730029296875000178e-01 9.603271484375000000e-01 6.631152343750000844e-01 5.944335937500000444e-02 1.031474609375000018e+00 -1.887333496093750007e+00 -1.096191406250000000e+00 4.372558593750000000e+00 -1.809082031250000000e+00 3.840332031250000000e+00 1.169433593750000000e+00
3.780029296874999889e-01 5.853271484375000000e-01 5.731152343750000044e-01 4.944335937500000250e-02 9.814746093749999734e-01 -6.378334960937499520e-01 -3.596191406250000000e+00 -3.127441406250000000e+00 6.909179687500000000e-01 1.340332031250000000e+00 6.694335937500000000e-01
1.880029296874999867e-01 8.353271484375000000e-01 7.531152343750000533e-01 6.944335937500001332e-02 8.814746093749999956e-01 -1.470833496093749915e+00 1.403808593750000000e+00 1.872558593750000000e+00 -4.309082031250000000e+00 -3.659667968750000000e+00 1.669433593750000000e+00
2.117529296874999800e-01 6.790771484375000000e-01 5.956152343750000799e-01 5.694335937500000222e-02 9.189746093749999734e-01 -1.574958496093749938e+00 3.278808593750000000e+00 -2.502441406250000000e+00 2.565917968750000000e+00 7.153320312500000000e-01 1.544433593750000000e+00
4.017529296874999822e-01 9.290771484375000000e-01 7.756152343750000178e-01 3.694335937499999833e-02 1.018974609375000062e+00 -7.419584960937499751e-01 -1.721191406250000000e+00 2.497558593750000000e+00 -2.434082031250000000e+00 -4.284667968750000000e+00 5.444335937500000000e-01
4.967529296875000111e-01 5.540771484375000000e-01 8.656152343750000977e-01 6.694335937500001110e-02 1.068974609375000107e+00 -1.991458496093750030e+00 -4.221191406250000000e+00 -2.441406250000000000e-03 6.591796875000000000e-02 -1.784667968750000000e+00 1.044433593750000000e+00
3.067529296875000089e-01 8.040771484375000000e-01 6.856152343750000488e-01 4.694335937500000722e-02 9.689746093750000178e-01 -1.158458496093750068e+00 7.788085937500000000e-01 4.997558593750000000e+00 -4.934082031250000000e+00 3.215332031250000000e+00 4.443359375000000000e-02
2.592529296875000222e-01 6.165771484375000000e-01 7.306152343750000888e-01 5.194335937500000472e-02 1.043974609374999973e+00 -9.502084960937500213e-01 4.528808593750000000e+00 1.247558593750000000e+00 3.815917968750000000e+00 -5.346679687500000000e-01 1.294433593750000000e+00
4.492529296875000244e-01 8.665771484375000000e-01 5.506152343750000400e-01 3.194335937500000083e-02 9.439746093749999956e-01 -1.783208496093749984e+00 -4.711914062500000000e-01 -3.752441406250000000e+00 -1.184082031250000000e+00 4.465332031250000000e+00 2.944335937500000000e-01
3.542529296874999956e-01 7.415771484375000000e-01 6.406152343750000089e-01 6.194335937500000666e-02 8.939746093749999512e-01 -5.337084960937501510e-01 -2.971191406250000000e+00 3.747558593750000000e+00 1.315917968750000000e+00 1.965332031250000000e+00 1.794433593750000000e+00
1.642529296874999933e-01 9.915771484375000000e-01 8.206152343750000577e-01 4.194335937500000278e-02 9.939746093750000400e-01 -1.366708496093750114e+00 2.028808593750000000e+00 -1.252441406250000000e+00 -3.684082031250000000e+00 -3.034667968750000000e+00 7.944335937500000000e-01
1.523779296874999967e-01 7.259521484375000000e-01 7.868652343750000000e-01 4.819335937500000139e-02 1.050224609375000062e+00 -1.731145996093750083e+00 -2.033691406250000000e+00 -4.064941406250000000e+00 -2.746582031250000000e+00 4.152832031250000000e+00 2.319335937500000000e-01
3.423779296875000266e-01 9.759521484375000000e-01 6.068652343750000622e-01 6.819335937500001221e-02 9.502246093749999734e-01 -8.981459960937501208e-01 2.966308593750000000e+00 9.350585937500000000e-01 2.253417968750000000e+00 -8.471679687500000000e-01 1.231933593750000000e+00
4.373779296875000000e-01 6.009521484375000000e-01 6.968652343750000311e-01 3.819335937499999944e-02 9.002246093750000400e-01 -1.314645996093749991e+00 4.663085937500000000e-01 -1.564941406250000000e+00 -2.465820312500000000e-01 -3.347167968750000000e+00 7.319335937500000000e-01
2.473779296874999978e-01 8.509521484375000000e-01 8.768652343750000799e-01 5.819335937500000333e-02 1.000224609375000018e+00 -4.816459960937500284e-01 -4.533691406250000000e+00 3.435058593750000000e+00 4.753417968750000000e+00 1.652832031250000000e+00 1.731933593750000000e+00
2.948779296874999845e-01 5.384521484375000000e-01 5.618652343750000222e-01 4.319335937500000389e-02 8.752246093750000178e-01 -6.898959960937500746e-01 -7.836914062500000000e-01 2.185058593750000000e+00 -3.996582031250000000e+00 -4.597167968750000000e+00 9.819335937500000000e-01
4.848779296874999867e-01 7.884521484375000000e-01 7.418652343750000711e-01 6.319335937500000777e-02 9.752246093749999956e-01 -1.522895996093750037e+00 4.216308593750000000e+00 -2.814941406250000000e+00 1.003417968750000000e+00 4.028320312500000000e-01 1.981933593750000000e+00
3.898779296875000133e-01 6.634521484375000000e-01 8.318652343750000400e-01 3.319335937500000194e-02 1.025224609374999929e+00 -1.106395996093750167e+00 1.716308593750000000e+00 4.685058593750000000e+00 -1.496582031250000000e+00 2.902832031250000000e+00 4.819335937500000000e-01
1.998779296875000111e-01 9.134521484375000000e-01 6.518652343749999911e-01 5.319335937499999889e-02 9.252246093750000622e-01 -1.939395996093749908e+00 -3.283691406250000000e+00 -3.149414062500000000e-01 3.503417968750000000e+00 -2.097167968750000000e+00 1.481933593750000000e+00
1.761279296874999900e-01 5.697021484375000000e-01 8.993652343750000444e-01 6.069335937500000555e-02 9.627246093750000400e-01 -1.835270996093750107e+00 -1.408691406250000000e+00 4.060058593750000000e+00 -4.621582031250000000e+00 4.777832031250000000e+00 1.356933593750000000e+00
3.661279296874999645e-01 8.197021484375000000e-01 7.193652343750001066e-01 4.069335937500000167e-02 1.062724609375000018e+00 -1.002270996093749922e+00 3.591308593750000000e+00 -9.399414062500000000e-01 3.784179687500000000e-01 -2.221679687500000000e-01 3.569335937500000000e-01
4.611279296874999933e-01 6.947021484375000000e-01 6.293652343750000266e-01 5.069335937500000361e-02 1.012724609374999973e+00 -1.418770996093750014e+00 1.091308593750000000e+00 1.560058593750000000e+00 -2.121582031250000000e+00 -2.722167968750000000e+00 1.856933593750000000e+00
2.711279296874999911e-01 9.447021484375000000e-01 8.093652343749999645e-01 3.069335937499999972e-02 9.127246093749999956e-01 -5.857709960937500515e-01 -3.908691406250000000e+00 -3.439941406250000000e+00 2.878417968750000000e+00 2.277832031250000000e+00 8.569335937500000000e-01
2.236279296875000044e-01 6.322021484375000000e-01 6.743652343750000666e-01 6.569335937500000999e-02 9.877246093750000622e-01 -3.775209960937500053e-01 -1.586914062500000000e-01 -2.189941406250000000e+00 -3.371582031250000000e+00 -3.972167968750000000e+00 1.606933593750000000e+00
4.136279296875000067e-01 8.822021484375000000e-01 8.543652343750001155e-01 4.569335937500000611e-02 8.877246093749999734e-01 -1.210520996093749968e+00 4.841308593750000000e+00 2.810058593750000000e+00 1.628417968750000000e+00 1.027832031250000000e+00 6.069335937500000000e-01
3.186279296874999778e-01 5.072021484375000000e-01 7.643652343750000355e-01 5.569335937500000111e-02 9.377246093750000178e-01 -7.940209960937500977e-01 2.341308593750000000e+00 -4.689941406250000000e+00 -8.715820312500000000e-01 3.527832031250000000e+00 1.106933593750000000e+00
1.286279296875000033e-01 7.572021484375000000e-01 5.843652343750000977e-01 3.569335937499999722e-02 1.037724609375000107e+00 -1.627020996093750060e+00 -2.658691406250000000e+00 3.100585937500000000e-01 4.128417968750000000e+00 -1.472167968750000000e+00 1.069335937500000000e-01
1.315966796874999956e-01 5.814208984375000000e-01 7.728027343750000222e-01 4.100585937500000194e-02 9.049121093749999956e-01 -1.926380371093749932e+00 3.825683593750000000e+00 3.200683593750000000e+00 -1.418457031250000000e+00 3.137207031250000000e+00 1.872558593750000000e+00
3.215966796874999978e-01 8.314208984375000000e-01 5.928027343750000844e-01 6.100585937500000583e-02 1.004912109374999973e+00 -1.093380371093750192e+00 -1.174316406250000000e+00 -1.799316406250000000e+00 3.581542968750000000e+00 -1.862792968750000000e+00 8.725585937500000000e-01
4.165966796875000266e-01 7.064208984375000000e-01 6.828027343750000533e-01 3.100585937500000000e-02 1.054912109375000018e+00 -1.509880371093750062e+00 -3.674316406250000000e+00 7.006835937500000000e-01 -3.918457031250000000e+00 -4.362792968750000000e+00 1.372558593750000000e+00
2.265966796874999967e-01 9.564208984375000000e-01 8.628027343749999911e-01 5.100585937500000389e-02 9.549121093750000400e-01 -6.768803710937500995e-01 1.325683593750000000e+00 -4.299316406250000000e+00 1.081542968750000000e+00 6.372070312500000000e-01 3.725585937500000000e-01
2.740966796875000111e-01 6.439208984375000000e-01 6.378027343750000133e-01 4.600585937499999944e-02 1.029912109375000107e+00 -4.686303710937500533e-01 2.575683593750000000e+00 -5.493164062500000000e-01 -1.684570312500000000e-01 -3.112792968750000000e+00 1.122558593750000000e+00
4.640966796875000133e-01 8.939208984375000000e-01 8.178027343750000622e-01 6.600585937500000333e-02 9.299121093750000178e-01 -1.301630371093750016e+00 -2.424316406250000000e+00 4.450683593750000000e+00 4.831542968750000000e+00 1.887207031250000000e+00 1.225585937500000000e-01
3.690966796875000400e-01 5.189208984375000000e-01 9.078027343750000311e-01 3.600585937499999750e-02 8.799121093749999734e-01 -8.851303710937501457e-01 -4.924316406250000000e+00 -3.049316406250000000e+00 -2.668457031250000000e+00 4.387207031250000000e+00 1.622558593750000000e+00
1.790966796874999822e-01 7.689208984375000000e-01 7.278027343749999822e-01 5.600585937500000833e-02 9.799121093750000622e-01 -1.718130371093749886e+00 7.568359375000000000e-02 1.950683593750000000e+00 2.331542968750000000e+00 -6.127929687500000000e-01 6.225585937500000000e-01
2.028466796875000033e-01 7.376708984375000000e-01 8.403027343750000266e-01 6.850585937500000555e-02 1.017412109374999929e+00 -1.614005371093750085e+00 4.450683593750000000e+00 -3.674316406250000000e+00 -7.934570312500000000e-01 2.512207031250000000e+00 7.475585937500000000e-01
3.928466796874999778e-01 9.876708984375000000e-01 6.603027343750000888e-01 4.850585937500000167e-02 9.174121093750000622e-01 -7.810053710937501226e-01 -5.493164062500000000e-01 1.325683593750000000e+00 4.206542968750000000e+00 -2.487792968750000000e+00 1.747558593750000000e+00
4.878466796875000067e-01 6.126708984375000000e-01 5.703027343750000089e-01 5.850585937500000361e-02 9.674121093749999956e-01 -1.197505371093749993e+00 -3.049316406250000000e+00 -1.174316406250000000e+00 -3.293457031250000000e+00 -4.987792968750000000e+00 2.475585937500000000e-01
2.978466796875000044e-01 8.626708984375000000e-01 7.503027343750000577e-01 3.850585937499999972e-02 1.067412109374999973e+00 -3.645053710937500302e-01 1.950683593750000000e+00 3.825683593750000000e+00 1.706542968750000000e+00 1.220703125000000000e-02 1.247558593750000000e+00
2.503466796875000178e-01 5.501708984375000000e-01 7.053027343750000178e-01 6.350585937500000111e-02 9.424121093749999734e-01 -5.727553710937500764e-01 3.200683593750000000e+00 7.568359375000000000e-02 -2.043457031250000000e+00 -3.737792968750000000e+00 4.975585937500000000e-01
4.403466796875000200e-01 8.001708984375000000e-01 8.853027343749999556e-01 4.350585937499999722e-02 1.042412109375000062e+00 -1.405755371093750039e+00 -1.799316406250000000e+00 -4.924316406250000000e+00 2.956542968750000000e+00 1.262207031250000000e+00 1.497558593750000000e+00
3.453466796874999911e-01 6.751708984375000000e-01 7.953027343750000977e-01 5.350585937500000611e-02 9.924121093750000178e-01 -9.892553710937499467e-01 -4.299316406250000000e+00 2.575683593750000000e+00 -4.543457031250000000e+00 3.762207031250000000e+00 9.975585937500000000e-01
1.553466796874999889e-01 9.251708984375000000e-01 6.153027343750000488e-01 3.350585937500000222e-02 8.924121093750000400e-01 -1.822255371093750131e+00 7.006835937500000000e-01 -2.424316406250000000e+00 4.565429687500000000e-01 -1.237792968750000000e+00 1.997558593750000000e+00
1.672216796875000133e-01 6.595458984375000000e-01 6.490527343749999956e-01 3.725585937499999861e-02 9.486621093750000622e-01 -1.457817871093749940e+00 -8.618164062500000000e-01 -4.611816406250000000e+00 7.690429687500000000e-01 2.199707031250000000e+00 1.060058593750000000e+00
3.572216796874999600e-01 9.095458984375000000e-01 8.290527343750000444e-01 5.725585937500000250e-02 1.048662109375000151e+00 -6.248178710937499769e-01 4.138183593750000000e+00 3.881835937500000000e-01 -4.230957031250000000e+00 -2.800292968750000000e+00 6.005859375000000000e-02
4.522216796874999889e-01 5.345458984375000000e-01 7.390527343750000755e-01 4.725585937500000056e-02 9.986621093750001066e-01 -1.874317871093750032e+00 1.638183593750000000e+00 -2.111816406250000000e+00 3.269042968750000000e+00 -3.002929687500000000e-01 1.560058593750000000e+00
2.622216796874999867e-01 7.845458984375000000e-01 5.590527343750000266e-01 6.725585937500000444e-02 8.986621093750000178e-01 -1.041317871093750069e+00 -3.361816406250000000e+00 2.888183593750000000e+00 -1.730957031250000000e+00 4.699707031250000000e+00 5.600585937500000000e-01
3.097216796874999734e-01 5.970458984375000000e-01 8.740527343749999734e-01 3.225585937500000111e-02 9.736621093749999734e-01 -8.330678710937500231e-01 -2.111816406250000000e+00 1.638183593750000000e+00 2.019042968750000000e+00 -1.550292968750000000e+00 1.810058593750000000e+00
4.997216796874999756e-01 8.470458984375000000e-01 6.940527343750000355e-01 5.225585937500000500e-02 8.736621093749999956e-01 -1.666067871093749986e+00 2.888183593750000000e+00 -3.361816406250000000e+00 -2.980957031250000000e+00 3.449707031250000000e+00 8.100585937500000000e-01
4.047216796875000022e-01 7.220458984375000000e-01 6.040527343750000666e-01 4.225585937500000305e-02 9.236621093750000400e-01 -4.165678710937501528e-01 3.881835937500000000e-01 4.138183593750000000e+00 4.519042968750000000e+00 9.497070312500000000e-01 1.310058593750000000e+00
2.147216796875000000e-01 9.720458984375000000e-01 7.840527343750000044e-01 6.225585937500000694e-02 1.023662109375000018e+00 -1.249567871093749893e+00 -4.611816406250000000e+00 -8.618164062500000000e-01 -4.809570312500000000e-01 -4.050292968750000000e+00 3.100585937500000000e-01
1.909716796875000067e-01 5.032958984375000000e-01 5.815527343749999911e-01 5.475585937500000722e-02 1.061162109375000107e+00 -1.353692871093750139e+00 -2.368164062500000000e-01 4.763183593750000000e+00 1.394042968750000000e+00 1.574707031250000000e+00 4.350585937500000000e-01
3.809716796875000089e-01 7.532958984375000000e-01 7.615527343750000400e-01 3.475585937500000333e-02 9.611621093750000178e-01 -5.206928710937501759e-01 4.763183593750000000e+00 -2.368164062500000000e-01 -3.605957031250000000e+00 -3.425292968750000000e+00 1.435058593750000000e+00
4.759716796874999822e-01 6.282958984375000000e-01 8.515527343750000089e-01 6.475585937500000222e-02 9.111621093749999734e-01 -1.770192871093750009e+00 2.263183593750000000e+00 2.263183593750000000e+00 3.894042968750000000e+00 -9.252929687500000000e-01 9.350585937500000000e-01
2.859716796875000355e-01 8.782958984375000000e-01 6.715527343750000711e-01 4.475585937499999833e-02 1.011162109375000062e+00 -9.371928710937500462e-01 -2.736816406250000000e+00 -2.736816406250000000e+00 -1.105957031250000000e+00 4.074707031250000000e+00 1.935058593750000000e+00
2.384716796874999933e-01 6.907958984375000000e-01 8.065527343750000799e-01 5.975585937500000472e-02 8.861621093749999512e-01 -1.145442871093750092e+00 -1.486816406250000000e+00 -1.486816406250000000e+00 1.440429687500000000e-01 -2.175292968750000000e+00 6.850585937500000000e-01
4.284716796874999956e-01 9.407958984375000000e-01 6.265527343750000311e-01 3.975585937500000083e-02 9.861621093750000400e-01 -1.978442871093750055e+00 3.513183593750000000e+00 3.513183593750000000e+00 -4.855957031250000000e+00 2.824707031250000000e+00 1.685058593750000000e+00
3.334716796875000222e-01 5.657958984375000000e-01 7.165527343750000000e-01 6.975585937500000666e-02 1.036162109374999973e+00 -7.289428710937500000e-01 1.013183593750000000e+00 -3.986816406250000000e+00 2.644042968750000000e+00 3.247070312500000000e-01 1.850585937500000000e-01
1.434716796874999922e-01 8.157958984375000000e-01 8.965527343750000488e-01 4.975585937500000278e-02 9.361621093749999956e-01 -1.561942871093749963e+00 -3.986816406250000000e+00 1.013183593750000000e+00 -2.355957031250000000e+00 -4.675292968750000000e+00 1.185058593750000000e+00
1.375341796875000078e-01 7.142333984375000000e-01 5.534277343750000355e-01 6.288085937500001443e-02 9.892871093749999734e-01 -8.590991210937499734e-01 1.481933593750000000e+00 -8.056640625000000000e-02 3.112792968750000000e+00 3.605957031250000000e+00 1.716308593750000000e+00
3.275341796874999822e-01 9.642333984375000000e-01 7.334277343749999734e-01 4.288085937500000361e-02 8.892871093749999956e-01 -1.692099121093749936e+00 -3.518066406250000000e+00 4.919433593750000000e+00 -1.887207031250000000e+00 -1.394042968750000000e+00 7.163085937500000000e-01
4.225341796875000111e-01 5.892333984375000000e-01 8.234277343750000533e-01 5.288085937500000555e-02 9.392871093750000400e-01 -4.425991210937501030e-01 -1.018066406250000000e+00 -2.580566406250000000e+00 6.127929687500000000e-01 -3.894042968750000000e+00 1.216308593750000000e+00
2.325341796875000089e-01 8.392333984375000000e-01 6.434277343750000044e-01 3.288085937500000167e-02 1.039287109375000018e+00 -1.275599121093750066e+00 3.981933593750000000e+00 2.419433593750000000e+00 -4.387207031250000000e+00 1.105957031250000000e+00 2.163085937500000000e-01
2.800341796874999956e-01 5.267333984375000000e-01 7.784277343750000133e-01 6.788085937500000500e-02 9.642871093750000622e-01 -1.483849121093749890e+00 2.319335937500000000e-01 3.669433593750000000e+00 4.362792968750000000e+00 -2.644042968750000000e+00 1.466308593750000000e+00
4.700341796874999978e-01 7.767333984375000000e-01 5.984277343750000755e-01 4.788085937500000111e-02 1.064287109375000151e+00 -6.508491210937501492e-01 -4.768066406250000000e+00 -1.330566406250000000e+00 -6.372070312500000000e-01 2.355957031250000000e+00 4.663085937500000000e-01
3.750341796875000244e-01 6.517333984375000000e-01 6.884277343750000444e-01 5.788085937500000305e-02 1.014287109375000107e+00 -1.900349121093749982e+00 -2.268066406250000000e+00 1.169433593750000000e+00 1.862792968750000000e+00 4.855957031250000000e+00 1.966308593750000000e+00
1.850341796874999944e-01 9.017333984375000000e-01 8.684277343749999822e-01 3.788085937499999917e-02 9.142871093750000178e-01 -1.067349121093750020e+00 2.731933593750000000e+00 -3.830566406250000000e+00 -3.137207031250000000e+00 -1.440429687500000000e-01 9.663085937500000000e-01
2.087841796875000155e-01 6.204833984375000000e-01 6.659277343750000799e-01 4.538085937499999889e-02 8.767871093750000400e-01 -9.632241210937499964e-01 2.106933593750000000e+00 5.444335937500000000e-01 4.987792968750000000e+00 2.980957031250000000e+00 8.413085937500000000e-01
3.987841796875000178e-01 8.704833984375000000e-01 8.459277343750000178e-01 6.538085937500000278e-02 9.767871093750000178e-01 -1.796224121093749959e+00 -2.893066406250000000e+00 -4.455566406250000000e+00 -1.220703125000000000e-02 -2.019042968750000000e+00 1.841308593750000000e+00
4.937841796874999911e-01 7.454833984375000000e-01 7.559277343750000488e-01 3.538085937499999695e-02 1.026787109375000062e+00 -5.467241210937501261e-01 -3.930664062500000000e-01 3.044433593750000000e+00 2.487792968750000000e+00 -4.519042968750000000e+00 3.413085937500000000e-01
3.037841796874999889e-01 9.954833984375000000e-01 5.759277343750000000e-01 5.538085937500000777e-02 9.267871093749999734e-01 -1.379724121093750089e+00 4.606933593750000000e+00 -1.955566406250000000e+00 -2.512207031250000000e+00 4.809570312500000000e-01 1.341308593750000000e+00
2.562841796875000022e-01 6.829833984375000000e-01 8.909277343750000577e-01 4.038085937500000139e-02 1.051787109374999973e+00 -1.171474121093750043e+00 8.569335937500000000e-01 -3.205566406250000000e+00 3.737792968750000000e+00 -3.269042968750000000e+00 9.130859375000000000e-02
4.462841796875000044e-01 9.329833984375000000e-01 7.109277343750000089e-01 6.038085937500000527e-02 9.517871093749999956e-01 -3.384741210937500799e-01 -4.143066406250000000e+00 1.794433593750000000e+00 -1.262207031250000000e+00 1.730957031250000000e+00 1.091308593750000000e+00
3.512841796875000311e-01 5.579833984375000000e-01 6.209277343750000400e-01 3.038085937499999944e-02 9.017871093750000622e-01 -1.587974121093750135e+00 -1.643066406250000000e+00 -7.055664062500000000e-01 1.237792968750000000e+00 4.230957031250000000e+00 5.913085937500000000e-01
1.612841796875000011e-01 8.079833984375000000e-01 8.009277343750000888e-01 5.038085937500000333e-02 1.001787109374999929e+00 -7.549741210937499503e-01 3.356933593750000000e+00 4.294433593750000000e+00 -3.762207031250000000e+00 -7.690429687500000000e-01 1.591308593750000000e+00
1.494091796875000044e-01 5.423583984375000000e-01 8.571777343750000000e-01 5.913085937500000416e-02 1.033037109374999929e+00 -3.905366210937499805e-01 -3.205566406250000000e+00 1.481933593750000000e+00 -4.699707031250000000e+00 2.043457031250000000e+00 1.403808593750000000e+00
3.394091796875000067e-01 7.923583984375000000e-01 6.771777343750000622e-01 3.913085937500000028e-02 9.330371093750000622e-01 -1.223536621093749943e+00 1.794433593750000000e+00 -3.518066406250000000e+00 3.002929687500000000e-01 -2.956542968750000000e+00 4.038085937500000000e-01
4.344091796874999800e-01 6.673583984375000000e-01 5.871777343750000933e-01 6.913085937500000611e-02 8.830371093750000178e-01 -8.070366210937500728e-01 4.294433593750000000e+00 3.981933593750000000e+00 -2.199707031250000000e+00 -4.565429687500000000e-01 1.903808593750000000e+00
2.444091796874999778e-01 9.173583984375000000e-01 7.671777343750000311e-01 4.913085937500000222e-02 9.830371093749999956e-01 -1.640036621093750036e+00 -7.055664062500000000e-01 -1.018066406250000000e+00 2.800292968750000000e+00 4.543457031250000000e+00 9.038085937500000000e-01
2.919091796874999645e-01 7.298583984375000000e-01 7.221777343749999911e-01 5.413085937500000666e-02 9.080371093750000400e-01 -1.848286621093750082e+00 -4.455566406250000000e+00 -4.768066406250000000e+00 -3.449707031250000000e+00 -1.706542968750000000e+00 1.653808593750000000e+00
4.819091796875000222e-01 9.798583984375000000e-01 9.021777343750000400e-01 3.413085937500000278e-02 1.008037109375000018e+00 -1.015286621093749897e+00 5.444335937500000000e-01 2.319335937500000000e-01 1.550292968750000000e+00 3.293457031250000000e+00 6.538085937500000000e-01
3.869091796874999933e-01 6.048583984375000000e-01 8.121777343750000711e-01 6.413085937500001554e-02 1.058037109375000062e+00 -1.431786621093749989e+00 3.044433593750000000e+00 -2.268066406250000000e+00 -9.497070312500000000e-01 7.934570312500000000e-01 1.153808593750000000e+00
1.969091796874999911e-01 8.548583984375000000e-01 6.321777343750000222e-01 4.413085937499999778e-02 9.580371093749999734e-01 -5.987866210937500266e-01 -1.955566406250000000e+00 2.731933593750000000e+00 4.050292968750000000e+00 -4.206542968750000000e+00 1.538085937500000000e-01
1.731591796874999978e-01 6.361083984375000000e-01 7.446777343750000666e-01 3.163085937500000056e-02 9.205371093749999956e-01 -7.029116210937500497e-01 -2.580566406250000000e+00 -1.643066406250000000e+00 -2.824707031250000000e+00 1.418457031250000000e+00 2.880859375000000000e-02
3.631591796875000000e-01 8.861083984375000000e-01 5.646777343750000178e-01 5.163085937500000444e-02 1.020537109374999973e+00 -1.535911621093750012e+00 2.419433593750000000e+00 3.356933593750000000e+00 2.175292968750000000e+00 -3.581542968750000000e+00 1.028808593750000000e+00
4.581591796874999734e-01 5.111083984375000000e-01 6.546777343750000977e-01 4.163085937500000250e-02 9.705371093750000400e-01 -1.119411621093750142e+00 4.919433593750000000e+00 -4.143066406250000000e+00 -3.247070312500000000e-01 -1.081542968750000000e+00 5.288085937500000000e-01
2.681591796875000266e-01 7.611083984375000000e-01 8.346777343750000355e-01 6.163085937500000638e-02 8.705371093749999512e-01 -1.952411621093750105e+00 -8.056640625000000000e-02 8.569335937500000000e-01 4.675292968750000000e+00 3.918457031250000000e+00 1.528808593750000000e+00
2.206591796874999845e-01 5.736083984375000000e-01 6.096777343750000577e-01 3.663085937499999806e-02 9.955371093750000622e-01 -1.744161621093750059e+00 -3.830566406250000000e+00 4.606933593750000000e+00 -4.074707031250000000e+00 -2.331542968750000000e+00 7.788085937500000000e-01
4.106591796874999867e-01 8.236083984375000000e-01 7.896777343749999956e-01 5.663085937500000888e-02 8.955371093749999734e-01 -9.111616210937500959e-01 1.169433593750000000e+00 -3.930664062500000000e-01 9.252929687500000000e-01 2.668457031250000000e+00 1.778808593750000000e+00
3.156591796875000133e-01 6.986083984375000000e-01 8.796777343749999645e-01 4.663085937500000000e-02 9.455371093750000178e-01 -1.327661621093750188e+00 3.669433593750000000e+00 2.106933593750000000e+00 -1.574707031250000000e+00 1.684570312500000000e-01 2.788085937500000000e-01
1.256591796874999833e-01 9.486083984375000000e-01 6.996777343750000266e-01 6.663085937500000389e-02 1.045537109375000107e+00 -4.946616210937500036e-01 -1.330566406250000000e+00 -2.893066406250000000e+00 3.425292968750000000e+00 -4.831542968750000000e+00 1.278808593750000000e+00
1.241748046875000011e-01 5.521240234375000000e-01 6.026464843750000133e-01 4.897460937500000555e-02 9.556933593749999956e-01 -7.614819335937501599e-01 4.411621093750000000e+00 -3.791503906250000000e+00 3.698730468750000000e+00 -3.854980468750000000e+00 1.630371093750000000e+00
3.141748046875000311e-01 8.021240234375000000e-01 7.826464843750000622e-01 6.897460937500000944e-02 1.055693359374999973e+00 -1.594481933593749901e+00 -5.883789062500000000e-01 1.208496093750000000e+00 -1.301269531250000000e+00 1.145019531250000000e+00 6.303710937500000000e-01
4.091748046875000044e-01 6.771240234375000000e-01 8.726464843750000311e-01 3.897460937499999667e-02 1.005693359374999929e+00 -3.449819335937500675e-01 -3.088378906250000000e+00 -1.291503906250000000e+00 1.198730468750000000e+00 3.645019531250000000e+00 1.130371093750000000e+00
2.191748046875000022e-01 9.271240234375000000e-01 6.926464843749999822e-01 5.897460937500000056e-02 9.056933593750000622e-01 -1.177981933593750030e+00 1.911621093750000000e+00 3.708496093750000000e+00 -3.801269531250000000e+00 -1.354980468750000000e+00 1.303710937500000000e-01
2.666748046874999889e-01 7.396240234375000000e-01 7.376464843750000222e-01 4.397460937500000111e-02 9.806933593750000178e-01 -1.386231933593750076e+00 3.161621093750000000e+00 2.458496093750000000e+00 4.948730468750000000e+00 4.895019531250000000e+00 1.380371093750000000e+00
4.566748046874999911e-01 9.896240234375000000e-01 5.576464843750000844e-01 6.397460937500000500e-02 8.806933593750000400e-01 -5.532319335937501137e-01 -1.838378906250000000e+00 -2.541503906250000000e+00 -5.126953125000000000e-02 -1.049804687500000000e-01 3.803710937500000000e-01
3.616748046875000178e-01 6.146240234375000000e-01 6.476464843750000533e-01 3.397460937499999917e-02 9.306933593749999734e-01 -1.802731933593749947e+00 -4.338378906250000000e+00 4.958496093750000000e+00 2.448730468750000000e+00 -2.604980468750000000e+00 1.880371093750000000e+00
1.716748046874999878e-01 8.646240234375000000e-01 8.276464843749999911e-01 5.397460937500000305e-02 1.030693359375000062e+00 -9.697319335937499840e-01 6.616210937500000000e-01 -4.150390625000000000e-02 -2.551269531250000000e+00 2.395019531250000000e+00 8.803710937500000000e-01
1.954248046875000089e-01 6.458740234375000000e-01 7.151464843750000577e-01 6.147460937500000278e-02 1.068193359375000151e+00 -1.073856933593750007e+00 3.786621093750000000e+00 4.333496093750000000e+00 4.323730468750000000e+00 -4.479980468750000000e+00 7.553710937500000000e-01
3.854248046875000111e-01 8.958740234375000000e-01 8.951464843750001066e-01 4.147460937499999889e-02 9.681933593750000622e-01 -1.906856933593749970e+00 -1.213378906250000000e+00 -6.665039062500000000e-01 -6.762695312500000000e-01 5.200195312500000000e-01 1.755371093750000000e+00
4.804248046874999845e-01 5.208740234375000000e-01 8.051464843750000266e-01 5.147460937500000777e-02 9.181933593750000178e-01 -6.573569335937501368e-01 -3.713378906250000000e+00 1.833496093750000000e+00 1.823730468750000000e+00 3.020019531250000000e+00 2.553710937500000000e-01
2.904248046874999822e-01 7.708740234375000000e-01 6.251464843750000888e-01 3.147460937499999695e-02 1.018193359375000107e+00 -1.490356933593750099e+00 1.286621093750000000e+00 -3.166503906250000000e+00 -3.176269531250000000e+00 -1.979980468750000000e+00 1.255371093750000000e+00
2.429248046874999956e-01 5.833740234375000000e-01 8.501464843749999556e-01 6.647460937500000722e-02 8.931933593749999956e-01 -1.282106933593750053e+00 2.536621093750000000e+00 -1.916503906250000000e+00 3.073730468750000000e+00 4.270019531250000000e+00 5.371093750000000000e-03
4.329248046874999978e-01 8.333740234375000000e-01 6.701464843750000178e-01 4.647460937500000333e-02 9.931933593750000844e-01 -4.491069335937500906e-01 -2.463378906250000000e+00 3.083496093750000000e+00 -1.926269531250000000e+00 -7.299804687500000000e-01 1.005371093750000000e+00
3.379248046874999689e-01 7.083740234375000000e-01 5.801464843750000488e-01 5.647460937500000527e-02 1.043193359375000018e+00 -1.698606933593750146e+00 -4.963378906250000000e+00 -4.416503906250000000e+00 5.737304687500000000e-01 -3.229980468750000000e+00 5.053710937500000000e-01
1.479248046874999944e-01 9.583740234375000000e-01 7.601464843750000977e-01 3.647460937500000139e-02 9.431933593750000400e-01 -8.656069335937499609e-01 3.662109375000000000e-02 5.834960937500000000e-01 -4.426269531250000000e+00 1.770019531250000000e+00 1.505371093750000000e+00
1.597998046874999911e-01 6.927490234375000000e-01 9.063964843750000888e-01 3.272460937499999806e-02 8.994433593749999734e-01 -5.011694335937499911e-01 -2.758789062500000000e-01 2.770996093750000000e+00 -4.113769531250000000e+00 -4.174804687500000000e-01 1.442871093750000000e+00
3.497998046874999933e-01 9.427490234375000000e-01 7.263964843750000400e-01 5.272460937500000194e-02 9.994433593750000622e-01 -1.334169433593749954e+00 4.724121093750000000e+00 -2.229003906250000000e+00 8.862304687500000000e-01 4.582519531250000000e+00 4.428710937500000000e-01
4.447998046875000222e-01 5.677490234375000000e-01 6.363964843750000711e-01 4.272460937500000000e-02 1.049443359375000107e+00 -9.176694335937500835e-01 2.224121093750000000e+00 2.709960937500000000e-01 -1.613769531250000000e+00 2.082519531250000000e+00 1.942871093750000000e+00
2.547998046874999645e-01 8.177490234375000000e-01 8.163964843750000089e-01 6.272460937500000389e-02 9.494433593750000178e-01 -1.750669433593750046e+00 -2.775878906250000000e+00 -4.729003906250000000e+00 3.386230468750000000e+00 -2.917480468750000000e+00 9.428710937500000000e-01
3.022998046875000067e-01 5.052490234375000000e-01 6.813964843750000000e-01 3.772460937500000250e-02 1.024443359374999973e+00 -1.958919433593750092e+00 -1.525878906250000000e+00 -9.790039062500000000e-01 -2.863769531250000000e+00 8.325195312500000000e-01 1.692871093750000000e+00
4.922998046875000089e-01 7.552490234375000000e-01 8.613964843750000488e-01 5.772460937499999944e-02 9.244433593749999956e-01 -1.125919433593749908e+00 3.474121093750000000e+00 4.020996093750000000e+00 2.136230468750000000e+00 -4.167480468750000000e+00 6.928710937500000000e-01
3.972998046874999800e-01 6.302490234375000000e-01 7.713964843750000799e-01 4.772460937500000444e-02 8.744433593749999512e-01 -1.542419433593750000e+00 9.741210937500000000e-01 -3.479003906250000000e+00 -3.637695312500000000e-01 -1.667480468750000000e+00 1.192871093750000000e+00
2.072998046874999778e-01 8.802490234375000000e-01 5.913964843750000311e-01 6.772460937500000833e-02 9.744433593750000400e-01 -7.094194335937500373e-01 -4.025878906250000000e+00 1.520996093750000000e+00 4.636230468750000000e+00 3.332519531250000000e+00 1.928710937500000000e-01
1.835498046874999845e-01 5.989990234375000000e-01 7.938964843750000444e-01 5.522460937500000416e-02 1.011943359375000018e+00 -6.052944335937500142e-01 -9.008789062500000000e-01 -2.854003906250000000e+00 -3.488769531250000000e+00 -1.042480468750000000e+00 6.787109375000000000e-02
3.735498046874999867e-01 8.489990234375000000e-01 6.138964843749999956e-01 3.522460937500000028e-02 9.119433593750000400e-01 -1.438294433593749977e+00 4.099121093750000000e+00 2.145996093750000000e+00 1.511230468750000000e+00 3.957519531250000000e+00 1.067871093750000000e+00
4.685498046875000155e-01 7.239990234375000000e-01 7.038964843750000755e-01 6.522460937500000611e-02 9.619433593749999734e-01 -1.021794433593750107e+00 1.599121093750000000e+00 -3.540039062500000000e-01 -9.887695312500000000e-01 1.457519531250000000e+00 5.678710937500000000e-01
2.785498046875000133e-01 9.739990234375000000e-01 8.838964843750000133e-01 4.522460937500000222e-02 1.061943359375000062e+00 -1.854794433593750069e+00 -3.400878906250000000e+00 4.645996093750000000e+00 4.011230468750000000e+00 -3.542480468750000000e+00 1.567871093750000000e+00
2.310498046874999989e-01 6.614990234375000000e-01 5.688964843750000666e-01 5.022460937500000666e-02 9.369433593750000622e-01 -1.646544433593750023e+00 -2.150878906250000000e+00 8.959960937500000000e-01 -4.738769531250000000e+00 2.075195312500000000e-01 8.178710937500000000e-01
4.210498046874999734e-01 9.114990234375000000e-01 7.488964843750000044e-01 3.022460937499999931e-02 1.036943359374999929e+00 -8.135444335937500604e-01 2.849121093750000000e+00 -4.104003906250000000e+00 2.612304687500000000e-01 -4.792480468750000000e+00 1.817871093750000000e+00
3.260498046875000000e-01 5.364990234375000000e-01 8.388964843749999734e-01 6.022460937500000167e-02 9.869433593749999956e-01 -1.230044433593750153e+00 3.491210937500000000e-01 3.395996093750000000e+00 -2.238769531250000000e+00 -2.292480468750000000e+00 3.178710937500000000e-01
1.360498046874999978e-01 7.864990234375000000e-01 6.588964843750000355e-01 4.022460937499999778e-02 8.869433593750000178e-01 -3.970444335937499680e-01 -4.650878906250000000e+00 -1.604003906250000000e+00 2.761230468750000000e+00 2.707519531250000000e+00 1.317871093750000000e+00
1.419873046874999822e-01 6.849365234375000000e-01 8.107714843750000178e-01 6.709960937500000777e-02 1.040068359374999973e+00 -1.828763183593749897e+00 2.067871093750000000e+00 1.989746093750000000e+00 -2.082519531250000000e+00 -4.323730468750000000e+00 1.786621093750000000e+00
3.319873046874999845e-01 9.349365234375000000e-01 6.307714843750000799e-01 4.709960937500000389e-02 9.400683593749999956e-01 -9.957631835937499343e-01 -2.932128906250000000e+00 -3.010253906250000000e+00 2.917480468750000000e+00 6.762695312500000000e-01 7.866210937500000000e-01
4.269873046875000133e-01 5.599365234375000000e-01 7.207714843750000488e-01 5.709960937500000583e-02 8.900683593749999512e-01 -1.412263183593750027e+00 -4.321289062500000000e-01 4.489746093750000000e+00 -4.582519531250000000e+00 3.176269531250000000e+00 1.286621093750000000e+00
2.369873046875000111e-01 8.099365234375000000e-01 9.007714843750000977e-01 3.709960937500000194e-02 9.900683593750000400e-01 -5.792631835937500639e-01 4.567871093750000000e+00 -5.102539062500000000e-01 4.174804687500000000e-01 -1.823730468750000000e+00 2.866210937500000000e-01
2.844873046874999978e-01 6.224365234375000000e-01 5.857714843750000400e-01 6.209960937500000333e-02 9.150683593749999734e-01 -3.710131835937500178e-01 8.178710937500000000e-01 -4.260253906250000000e+00 -8.325195312500000000e-01 4.426269531250000000e+00 1.036621093750000000e+00
4.744873046875000000e-01 8.724365234375000000e-01 7.657714843750000888e-01 4.209960937499999944e-02 1.015068359375000062e+00 -1.204013183593749980e+00 -4.182128906250000000e+00 7.397460937500000000e-01 4.167480468750000000e+00 -5.737304687500000000e-01 3.662109375000000000e-02
3.794873046874999711e-01 7.474365234375000000e-01 8.557714843750000577e-01 5.209960937500000833e-02 1.065068359375000107e+00 -7.875131835937501101e-01 -1.682128906250000000e+00 -1.760253906250000000e+00 -3.332519531250000000e+00 -3.073730468750000000e+00 1.536621093750000000e+00
1.894873046874999967e-01 9.974365234375000000e-01 6.757714843750000089e-01 3.209960937499999750e-02 9.650683593750000178e-01 -1.620513183593750073e+00 3.317871093750000000e+00 3.239746093750000000e+00 1.667480468750000000e+00 1.926269531250000000e+00 5.366210937500000000e-01
2.132373046874999900e-01 5.286865234375000000e-01 8.782714843750000222e-01 4.459960937500000167e-02 9.275683593750000400e-01 -1.724638183593750096e+00 1.442871093750000000e+00 -2.385253906250000000e+00 -2.075195312500000000e-01 -4.948730468750000000e+00 6.616210937500000000e-01
4.032373046875000200e-01 7.786865234375000000e-01 6.982714843749999734e-01 6.459960937500000555e-02 1.027568359375000018e+00 -8.916381835937501332e-01 -3.557128906250000000e+00 2.614746093750000000e+00 4.792480468750000000e+00 5.126953125000000000e-02 1.661621093750000000e+00
4.982373046874999933e-01 6.536865234375000000e-01 6.082714843750000044e-01 3.459960937499999972e-02 9.775683593749999734e-01 -1.308138183593750004e+00 -1.057128906250000000e+00 -4.885253906250000000e+00 -2.707519531250000000e+00 2.551269531250000000e+00 1.616210937500000000e-01
3.082373046874999911e-01 9.036865234375000000e-01 7.882714843750000533e-01 5.459960937500000361e-02 8.775683593749999956e-01 -4.751381835937500409e-01 3.942871093750000000e+00 1.147460937500000000e-01 2.292480468750000000e+00 -2.448730468750000000e+00 1.161621093750000000e+00
2.607373046875000044e-01 7.161865234375000000e-01 6.532714843750000444e-01 4.959960937500000611e-02 1.002568359375000107e+00 -6.833881835937500870e-01 1.928710937500000000e-01 3.864746093750000000e+00 -1.457519531250000000e+00 3.801269531250000000e+00 4.116210937500000000e-01
4.507373046875000067e-01 9.661865234375000000e-01 8.332714843749999822e-01 6.959960937500000999e-02 9.025683593750000178e-01 -1.516388183593750050e+00 -4.807128906250000000e+00 -1.135253906250000000e+00 3.542480468750000000e+00 -1.198730468750000000e+00 1.411621093750000000e+00
3.557373046874999778e-01 5.911865234375000000e-01 7.432714843750000133e-01 3.959960937499999722e-02 9.525683593750000622e-01 -1.099888183593749957e+00 -2.307128906250000000e+00 1.364746093750000000e+00 -3.957519531250000000e+00 -3.698730468750000000e+00 9.116210937500000000e-01
1.657373046875000033e-01 8.411865234375000000e-01 5.632714843750000755e-01 5.959960937500000111e-02 1.052568359375000151e+00 -1.932888183593749920e+00 2.692871093750000000e+00 -3.635253906250000000e+00 1.042480468750000000e+00 1.301269531250000000e+00 1.911621093750000000e+00
1.538623046875000067e-01 5.755615234375000000e-01 6.870214843749999911e-01 5.084960937500000722e-02 9.838183593750000622e-01 -1.568450683593749950e+00 -2.619628906250000000e+00 -8.227539062500000000e-01 1.049804687500000000e-01 -2.612304687500000000e-01 1.099121093750000000e+00
3.438623046875000089e-01 8.255615234375000000e-01 8.670214843750000400e-01 3.084960937499999986e-02 8.838183593749999734e-01 -7.354506835937499876e-01 2.380371093750000000e+00 4.177246093750000000e+00 -4.895019531250000000e+00 4.738769531250000000e+00 9.912109375000000000e-02
4.388623046874999822e-01 7.005615234375000000e-01 7.770214843750000711e-01 6.084960937500000222e-02 9.338183593750000178e-01 -1.984950683593750043e+00 4.880371093750000000e+00 -3.322753906250000000e+00 2.604980468750000000e+00 2.238769531250000000e+00 1.599121093750000000e+00
2.488623046875000078e-01 9.505615234375000000e-01 5.970214843750000222e-01 4.084960937499999833e-02 1.033818359375000107e+00 -1.151950683593750080e+00 -1.196289062500000000e-01 1.677246093750000000e+00 -2.395019531250000000e+00 -2.761230468750000000e+00 5.991210937500000000e-01
2.963623046875000222e-01 6.380615234375000000e-01 8.220214843750000000e-01 5.584960937500000472e-02 9.588183593750000400e-01 -9.437006835937500338e-01 -3.869628906250000000e+00 2.927246093750000000e+00 1.354980468750000000e+00 9.887695312500000000e-01 1.849121093750000000e+00
4.863623046875000244e-01 8.880615234375000000e-01 6.420214843750000622e-01 3.584960937500000083e-02 1.058818359375000018e+00 -1.776700683593749996e+00 1.130371093750000000e+00 -2.072753906250000000e+00 -3.645019531250000000e+00 -4.011230468750000000e+00 8.491210937500000000e-01
3.913623046874999956e-01 5.130615234375000000e-01 5.520214843750000933e-01 6.584960937500000666e-02 1.008818359374999973e+00 -5.272006835937501634e-01 3.630371093750000000e+00 4.272460937500000000e-01 3.854980468750000000e+00 -1.511230468750000000e+00 1.349121093750000000e+00
2.013623046874999933e-01 7.630615234375000000e-01 7.320214843750000311e-01 4.584960937500000278e-02 9.088183593749999956e-01 -1.360200683593749904e+00 -1.369628906250000000e+00 -4.572753906250000000e+00 -1.145019531250000000e+00 3.488769531250000000e+00 3.491210937500000000e-01
1.776123046875000000e-01 7.318115234375000000e-01 6.195214843750000977e-01 3.834960937500000305e-02 8.713183593750000178e-01 -1.256075683593750103e+00 -3.244628906250000000e+00 1.052246093750000000e+00 1.979980468750000000e+00 -8.862304687500000000e-01 4.741210937500000000e-01
3.676123046875000022e-01 9.818115234375000000e-01 7.995214843750000355e-01 5.834960937500000000e-02 9.713183593749999956e-01 -4.230756835937501403e-01 1.755371093750000000e+00 -3.947753906250000000e+00 -3.020019531250000000e+00 4.113769531250000000e+00 1.474121093750000000e+00
4.626123046874999756e-01 6.068115234375000000e-01 8.895214843750000044e-01 4.834960937500000500e-02 1.021318359374999929e+00 -1.672575683593749973e+00 4.255371093750000000e+00 3.552246093750000000e+00 4.479980468750000000e+00 1.613769531250000000e+00 9.741210937500000000e-01
2.726123046874999734e-01 8.568115234375000000e-01 7.095214843750000666e-01 6.834960937500000888e-02 9.213183593750000622e-01 -8.395756835937500107e-01 -7.446289062500000000e-01 -1.447753906250000000e+00 -5.200195312500000000e-01 -3.386230468750000000e+00 1.974121093750000000e+00
2.251123046874999867e-01 5.443115234375000000e-01 7.545214843749999956e-01 3.334960937499999861e-02 1.046318359375000062e+00 -1.047825683593750057e+00 -4.494628906250000000e+00 -2.697753906250000000e+00 7.299804687500000000e-01 3.637695312500000000e-01 7.241210937500000000e-01
4.151123046874999889e-01 7.943115234375000000e-01 5.745214843750000577e-01 5.334960937500000250e-02 9.463183593749999734e-01 -1.880825683593750020e+00 5.053710937500000000e-01 2.302246093750000000e+00 -4.270019531250000000e+00 -4.636230468750000000e+00 1.724121093750000000e+00
3.201123046874999600e-01 6.693115234375000000e-01 6.645214843750000266e-01 4.334960937500000056e-02 8.963183593750000400e-01 -6.313256835937499645e-01 3.005371093750000000e+00 -1.977539062500000000e-01 3.229980468750000000e+00 -2.136230468750000000e+00 2.241210937500000000e-01
1.301123046874999856e-01 9.193115234375000000e-01 8.445214843749999645e-01 6.334960937500000444e-02 9.963183593750000178e-01 -1.464325683593750149e+00 -1.994628906250000000e+00 4.802246093750000000e+00 -1.770019531250000000e+00 2.863769531250000000e+00 1.224121093750000000e+00
1.271435546874999933e-01 7.435302734375000000e-01 6.729589843750000133e-01 5.866210937500000722e-02 9.416308593750000178e-01 -1.373216308593749879e+00 8.959960937500000000e-01 1.755371093750000000e+00 3.776855468750000000e+00 -2.370605468750000000e+00 9.897460937500000000e-01
3.171435546874999956e-01 9.935302734375000000e-01 8.529589843750000622e-01 3.866210937500000333e-02 1.041630859375000107e+00 -5.402163085937501386e-01 -4.104003906250000000e+00 -3.244628906250000000e+00 -1.223144531250000000e+00 2.629394531250000000e+00 1.989746093750000000e+00
4.121435546875000244e-01 6.185302734375000000e-01 7.629589843749999822e-01 6.866210937500000222e-02 9.916308593750000622e-01 -1.789716308593749972e+00 -1.604003906250000000e+00 4.255371093750000000e+00 1.276855468750000000e+00 1.293945312500000000e-01 4.897460937500000000e-01
2.221435546874999944e-01 8.685302734375000000e-01 5.829589843750000444e-01 4.866210937499999833e-02 8.916308593749999734e-01 -9.567163085937500089e-01 3.395996093750000000e+00 -7.446289062500000000e-01 -3.723144531250000000e+00 -4.870605468750000000e+00 1.489746093750000000e+00
2.696435546875000089e-01 5.560302734375000000e-01 8.979589843749999911e-01 5.366210937500000278e-02 1.016630859374999973e+00 -1.164966308593750055e+00 2.145996093750000000e+00 -4.494628906250000000e+00 2.526855468750000000e+00 1.379394531250000000e+00 2.397460937500000000e-01
4.596435546875000111e-01 8.060302734375000000e-01 7.179589843750000533e-01 3.366210937499999889e-02 9.166308593749999956e-01 -1.997966308593750018e+00 -2.854003906250000000e+00 5.053710937500000000e-01 -2.473144531250000000e+00 -3.620605468750000000e+00 1.239746093750000000e+00
3.646435546874999822e-01 6.810302734375000000e-01 6.279589843750000844e-01 6.366210937499999778e-02 9.666308593750000400e-01 -7.484663085937499627e-01 -3.540039062500000000e-01 -1.994628906250000000e+00 2.685546875000000000e-02 -1.120605468750000000e+00 7.397460937500000000e-01
1.746435546874999800e-01 9.310302734375000000e-01 8.079589843750000222e-01 4.366210937500000083e-02 1.066630859375000018e+00 -1.581466308593749925e+00 4.645996093750000000e+00 3.005371093750000000e+00 -4.973144531250000000e+00 3.879394531250000000e+00 1.739746093750000000e+00
1.983935546875000011e-01 5.872802734375000000e-01 5.604589843750000799e-01 3.116210937500000014e-02 1.029130859374999929e+00 -1.477341308593750124e+00 2.709960937500000000e-01 -1.369628906250000000e+00 3.151855468750000000e+00 -1.745605468750000000e+00 1.614746093750000000e+00
3.883935546874999756e-01 8.372802734375000000e-01 7.404589843750000178e-01 5.116210937500000056e-02 9.291308593750000622e-01 -6.443413085937501616e-01 -4.729003906250000000e+00 3.630371093750000000e+00 -1.848144531250000000e+00 3.254394531250000000e+00 6.147460937500000000e-01
4.833935546875000044e-01 7.122802734375000000e-01 8.304589843750000977e-01 4.116210937499999861e-02 8.791308593750000178e-01 -1.893841308593749995e+00 -2.229003906250000000e+00 -3.869628906250000000e+00 6.518554687500000000e-01 7.543945312500000000e-01 1.114746093750000000e+00
2.933935546875000022e-01 9.622802734375000000e-01 6.504589843750000488e-01 6.116210937500000944e-02 9.791308593749999956e-01 -1.060841308593750032e+00 2.770996093750000000e+00 1.130371093750000000e+00 -4.348144531250000000e+00 -4.245605468750000000e+00 1.147460937500000000e-01
2.458935546874999878e-01 6.497802734375000000e-01 7.854589843750000577e-01 3.616210937500000111e-02 9.041308593750000400e-01 -8.525913085937499858e-01 1.520996093750000000e+00 4.880371093750000000e+00 4.401855468750000000e+00 2.004394531250000000e+00 1.364746093750000000e+00
4.358935546875000178e-01 8.997802734375000000e-01 6.054589843750000089e-01 5.616210937500000500e-02 1.004130859375000018e+00 -1.685591308593749948e+00 -3.479003906250000000e+00 -1.196289062500000000e-01 -5.981445312500000000e-01 -2.995605468750000000e+00 3.647460937500000000e-01
3.408935546874999889e-01 5.247802734375000000e-01 6.954589843750000888e-01 4.616210937500000305e-02 1.054130859375000062e+00 -4.360913085937501155e-01 -9.790039062500000000e-01 2.380371093750000000e+00 1.901855468750000000e+00 -4.956054687500000000e-01 1.864746093750000000e+00
1.508935546874999867e-01 7.747802734375000000e-01 8.754589843750000266e-01 6.616210937500000000e-02 9.541308593749999734e-01 -1.269091308593750078e+00 4.020996093750000000e+00 -2.619628906250000000e+00 -3.098144531250000000e+00 4.504394531250000000e+00 8.647460937500000000e-01
1.627685546875000111e-01 5.091552734375000000e-01 7.517089843750000000e-01 6.491210937499999889e-02 8.853808593749999956e-01 -1.633528808593750048e+00 -3.791503906250000000e+00 -4.321289062500000000e-01 -3.410644531250000000e+00 -3.308105468750000000e+00 1.772460937500000000e-01
3.527685546875000133e-01 7.591552734375000000e-01 5.717089843750000622e-01 4.491210937500000194e-02 9.853808593749999734e-01 -8.005288085937500853e-01 1.208496093750000000e+00 4.567871093750000000e+00 1.589355468750000000e+00 1.691894531250000000e+00 1.177246093750000000e+00
4.477685546874999867e-01 6.341552734375000000e-01 6.617089843750000311e-01 5.491210937500000389e-02 1.035380859375000018e+00 -1.217028808593750178e+00 3.708496093750000000e+00 -2.932128906250000000e+00 -9.106445312500000000e-01 4.191894531250000000e+00 6.772460937500000000e-01
2.577685546874999845e-01 8.841552734375000000e-01 8.417089843750000799e-01 3.491210937500000000e-02 9.353808593750000400e-01 -3.840288085937499929e-01 -1.291503906250000000e+00 2.067871093750000000e+00 4.089355468750000000e+00 -8.081054687500000000e-01 1.677246093750000000e+00
3.052685546875000266e-01 6.966552734375000000e-01 6.167089843749999911e-01 6.991210937500000333e-02 1.060380859375000151e+00 -5.922788085937500391e-01 -2.541503906250000000e+00 3.317871093750000000e+00 -4.660644531250000000e+00 2.941894531250000000e+00 9.272460937500000000e-01
4.952685546874999734e-01 9.466552734375000000e-01 7.967089843750000400e-01 4.991210937499999944e-02 9.603808593750000622e-01 -1.425278808593750002e+00 2.458496093750000000e+00 -1.682128906250000000e+00 3.393554687500000000e-01 -2.058105468750000000e+00 1.927246093750000000e+00
4.002685546875000000e-01 5.716552734375000000e-01 8.867089843750000089e-01 5.991210937500000833e-02 9.103808593750000178e-01 -1.008778808593750131e+00 4.958496093750000000e+00 8.178710937500000000e-01 -2.160644531250000000e+00 -4.558105468750000000e+00 4.272460937500000000e-01
2.102685546874999978e-01 8.216552734375000000e-01 7.067089843750000711e-01 3.991210937500000444e-02 1.010380859375000107e+00 -1.841778808593750094e+00 -4.150390625000000000e-02 -4.182128906250000000e+00 2.839355468750000000e+00 4.418945312500000000e-01 1.427246093750000000e+00
1.865185546875000044e-01 6.654052734375000000e-01 8.642089843750000444e-01 4.741210937499999722e-02 9.728808593750000178e-01 -1.945903808593749895e+00 -4.416503906250000000e+00 1.928710937500000000e-01 -4.035644531250000000e+00 -2.683105468750000000e+00 1.302246093750000000e+00
3.765185546875000067e-01 9.154052734375000000e-01 6.842089843750001066e-01 6.741210937500000111e-02 8.728808593750000400e-01 -1.112903808593749932e+00 5.834960937500000000e-01 -4.807128906250000000e+00 9.643554687500000000e-01 2.316894531250000000e+00 3.022460937500000000e-01
4.715185546874999800e-01 5.404052734375000000e-01 5.942089843750000266e-01 3.741210937500000222e-02 9.228808593749999734e-01 -1.529403808593750025e+00 3.083496093750000000e+00 2.692871093750000000e+00 -1.535644531250000000e+00 4.816894531250000000e+00 1.802246093750000000e+00
2.815185546874999778e-01 7.904052734375000000e-01 7.742089843750000755e-01 5.741210937500000611e-02 1.022880859375000062e+00 -6.964038085937500622e-01 -1.916503906250000000e+00 -2.307128906250000000e+00 3.464355468750000000e+00 -1.831054687500000000e-01 8.022460937500000000e-01
2.340185546874999911e-01 6.029052734375000000e-01 7.292089843750000355e-01 4.241210937499999972e-02 9.478808593749999956e-01 -4.881538085937500160e-01 -3.166503906250000000e+00 -3.557128906250000000e+00 -2.785644531250000000e+00 3.566894531250000000e+00 1.552246093750000000e+00
4.240185546874999933e-01 8.529052734375000000e-01 9.092089843749999734e-01 6.241210937500000361e-02 1.047880859374999973e+00 -1.321153808593749979e+00 1.833496093750000000e+00 1.442871093750000000e+00 2.214355468750000000e+00 -1.433105468750000000e+00 5.522460937500000000e-01
3.290185546874999645e-01 7.279052734375000000e-01 8.192089843750001155e-01 3.241210937499999778e-02 9.978808593750000400e-01 -9.046538085937501084e-01 4.333496093750000000e+00 -1.057128906250000000e+00 -2.856445312500000000e-01 -3.933105468750000000e+00 1.052246093750000000e+00
1.390185546874999900e-01 9.779052734375000000e-01 6.392089843750000666e-01 5.241210937500000167e-02 8.978808593749999512e-01 -1.737653808593750071e+00 -6.665039062500000000e-01 3.942871093750000000e+00 4.714355468750000000e+00 1.066894531250000000e+00 5.224609375000000000e-02
1.330810546875000056e-01 6.107177734375000000e-01 8.360839843750000888e-01 3.553710937500000056e-02 1.057255859375000107e+00 -7.224350585937500124e-01 3.239746093750000000e+00 -4.963378906250000000e+00 -4.418945312500000000e-01 -1.901855468750000000e+00 5.834960937500000000e-01
3.230810546875000355e-01 8.607177734375000000e-01 6.560839843750000400e-01 5.553710937500000444e-02 9.572558593750000178e-01 -1.555435058593749975e+00 -1.760253906250000000e+00 3.662109375000000000e-02 4.558105468750000000e+00 3.098144531250000000e+00 1.583496093750000000e+00
4.180810546875000089e-01 7.357177734375000000e-01 5.660839843750000711e-01 4.553710937500000250e-02 9.072558593749999734e-01 -1.138935058593749883e+00 -4.260253906250000000e+00 -2.463378906250000000e+00 -2.941894531250000000e+00 5.981445312500000000e-01 8.349609375000000000e-02
2.280810546875000067e-01 9.857177734375000000e-01 7.460839843750000089e-01 6.553710937500001332e-02 1.007255859375000062e+00 -1.971935058593750068e+00 7.397460937500000000e-01 2.536621093750000000e+00 2.058105468750000000e+00 -4.401855468750000000e+00 1.083496093750000000e+00
2.755810546874999933e-01 6.732177734375000000e-01 7.010839843750000799e-01 3.053710937499999958e-02 8.822558593749999512e-01 -1.763685058593750021e+00 4.489746093750000000e+00 1.286621093750000000e+00 -1.691894531250000000e+00 1.848144531250000000e+00 3.334960937500000000e-01
4.655810546874999956e-01 9.232177734375000000e-01 8.810839843750000178e-01 5.053710937500000000e-02 9.822558593750000400e-01 -9.306850585937500586e-01 -5.102539062500000000e-01 -3.713378906250000000e+00 3.308105468750000000e+00 -3.151855468750000000e+00 1.333496093750000000e+00
3.705810546875000222e-01 5.482177734375000000e-01 7.910839843750000488e-01 4.053710937500000500e-02 1.032255859374999973e+00 -1.347185058593749929e+00 -3.010253906250000000e+00 3.786621093750000000e+00 -4.191894531250000000e+00 -6.518554687500000000e-01 8.334960937500000000e-01
1.805810546874999922e-01 7.982177734375000000e-01 6.110839843750000000e-01 6.053710937500000888e-02 9.322558593749999956e-01 -5.141850585937499662e-01 1.989746093750000000e+00 -1.213378906250000000e+00 8.081054687500000000e-01 4.348144531250000000e+00 1.833496093750000000e+00
2.043310546875000133e-01 7.044677734375000000e-01 7.685839843749999734e-01 5.303710937500000222e-02 9.697558593749999734e-01 -4.100600585937501652e-01 2.614746093750000000e+00 4.411621093750000000e+00 -2.316894531250000000e+00 -1.276855468750000000e+00 1.958496093750000000e+00
3.943310546875000155e-01 9.544677734375000000e-01 5.885839843750000355e-01 3.303710937499999833e-02 1.069755859375000062e+00 -1.243060058593750128e+00 -2.385253906250000000e+00 -5.883789062500000000e-01 2.683105468750000000e+00 3.723144531250000000e+00 9.584960937500000000e-01
4.893310546874999889e-01 5.794677734375000000e-01 6.785839843750000044e-01 6.303710937500001110e-02 1.019755859375000018e+00 -8.265600585937500355e-01 -4.885253906250000000e+00 1.911621093750000000e+00 -4.816894531250000000e+00 1.223144531250000000e+00 1.458496093750000000e+00
2.993310546874999867e-01 8.294677734375000000e-01 8.585839843750000533e-01 4.303710937500000028e-02 9.197558593750000400e-01 -1.659560058593749998e+00 1.147460937500000000e-01 -3.088378906250000000e+00 1.831054687500000000e-01 -3.776855468750000000e+00 4.584960937500000000e-01
2.518310546875000000e-01 5.169677734375000000e-01 6.335839843750000755e-01 5.803710937500000666e-02 9.947558593749999956e-01 -1.867810058593750044e+00 3.864746093750000000e+00 -1.838378906250000000e+00 -1.066894531250000000e+00 2.473144531250000000e+00 1.208496093750000000e+00
4.418310546875000022e-01 7.669677734375000000e-01 8.135839843750000133e-01 3.803710937500000278e-02 8.947558593750000178e-01 -1.034810058593750082e+00 -1.135253906250000000e+00 3.161621093750000000e+00 3.933105468750000000e+00 -2.526855468750000000e+00 2.084960937500000000e-01
3.468310546874999734e-01 6.419677734375000000e-01 9.035839843749999822e-01 6.803710937500001554e-02 9.447558593750000622e-01 -1.451310058593750174e+00 -3.635253906250000000e+00 -4.338378906250000000e+00 -3.566894531250000000e+00 -2.685546875000000000e-02 1.708496093750000000e+00
1.568310546874999989e-01 8.919677734375000000e-01 7.235839843750000444e-01 4.803710937499999778e-02 1.044755859374999929e+00 -6.183100585937499893e-01 1.364746093750000000e+00 6.616210937500000000e-01 1.433105468750000000e+00 4.973144531250000000e+00 7.084960937500000000e-01
1.449560546875000022e-01 6.263427734375000000e-01 5.773339843750000533e-01 4.178710937499999917e-02 1.001005859374999973e+00 -9.827475585937499591e-01 -1.447753906250000000e+00 3.474121093750000000e+00 2.370605468750000000e+00 -3.464355468750000000e+00 2.709960937500000000e-01
3.349560546875000044e-01 8.763427734375000000e-01 7.573339843749999911e-01 6.178710937500000305e-02 9.010058593749999956e-01 -1.815747558593749922e+00 3.552246093750000000e+00 -1.525878906250000000e+00 -2.629394531250000000e+00 1.535644531250000000e+00 1.270996093750000000e+00
4.299560546874999778e-01 5.013427734375000000e-01 8.473339843750000711e-01 3.178710937499999722e-02 9.510058593750000400e-01 -5.662475585937500888e-01 1.052246093750000000e+00 9.741210937500000000e-01 4.870605468750000000e+00 4.035644531250000000e+00 7.709960937500000000e-01
2.399560546875000033e-01 7.513427734375000000e-01 6.673339843750000222e-01 5.178710937500000111e-02 1.051005859375000018e+00 -1.399247558593750052e+00 -3.947753906250000000e+00 -4.025878906250000000e+00 -1.293945312500000000e-01 -9.643554687500000000e-01 1.770996093750000000e+00
2.874560546875000178e-01 5.638427734375000000e-01 8.023339843750000311e-01 4.678710937500000361e-02 9.260058593750000178e-01 -1.190997558593750005e+00 -1.977539062500000000e-01 -2.758789062500000000e-01 1.120605468750000000e+00 2.785644531250000000e+00 5.209960937500000000e-01
4.774560546875000200e-01 8.138427734375000000e-01 6.223339843749999822e-01 6.678710937500001443e-02 1.026005859375000107e+00 -3.579975585937500426e-01 4.802246093750000000e+00 4.724121093750000000e+00 -3.879394531250000000e+00 -2.214355468750000000e+00 1.520996093750000000e+00
3.824560546874999911e-01 6.888427734375000000e-01 7.123339843750000622e-01 3.678710937500000167e-02 9.760058593750000622e-01 -1.607497558593750098e+00 2.302246093750000000e+00 -2.775878906250000000e+00 3.620605468750000000e+00 -4.714355468750000000e+00 2.099609375000000000e-02
1.924560546874999889e-01 9.388427734375000000e-01 8.923339843750000000e-01 5.678710937500000555e-02 8.760058593749999734e-01 -7.744975585937501350e-01 -2.697753906250000000e+00 2.224121093750000000e+00 -1.379394531250000000e+00 2.856445312500000000e-01 1.020996093750000000e+00
1.687060546874999956e-01 5.325927734375000000e-01 6.448339843750000577e-01 6.928710937500001665e-02 9.135058593750000622e-01 -8.786225585937501581e-01 -2.072753906250000000e+00 -3.400878906250000000e+00 4.956054687500000000e-01 -2.839355468750000000e+00 1.145996093750000000e+00
3.587060546874999978e-01 7.825927734375000000e-01 8.248339843750001066e-01 4.928710937499999889e-02 1.013505859374999929e+00 -1.711622558593750121e+00 2.927246093750000000e+00 1.599121093750000000e+00 -4.504394531250000000e+00 2.160644531250000000e+00 1.459960937500000000e-01
4.537060546875000266e-01 6.575927734375000000e-01 7.348339843750000266e-01 5.928710937500000777e-02 1.063505859374999973e+00 -4.621225585937500657e-01 4.272460937500000000e-01 -9.008789062500000000e-01 2.995605468750000000e+00 4.660644531250000000e+00 1.645996093750000000e+00
2.637060546874999689e-01 9.075927734375000000e-01 5.548339843750000888e-01 3.928710937500000389e-02 9.635058593749999956e-01 -1.295122558593750028e+00 -4.572753906250000000e+00 4.099121093750000000e+00 -2.004394531250000000e+00 -3.393554687500000000e-01 6.459960937500000000e-01
2.162060546874999822e-01 7.200927734375000000e-01 8.698339843750000355e-01 6.428710937500001221e-02 1.038505859375000062e+00 -1.503372558593750075e+00 -8.227539062500000000e-01 3.491210937500000000e-01 1.745605468750000000e+00 3.410644531250000000e+00 1.895996093750000000e+00
4.062060546874999845e-01 9.700927734375000000e-01 6.898339843750000977e-01 4.428710937500000139e-02 9.385058593749999734e-01 -6.703725585937501119e-01 4.177246093750000000e+00 -4.650878906250000000e+00 -3.254394531250000000e+00 -1.589355468750000000e+00 8.959960937500000000e-01
3.112060546875000111e-01 5.950927734375000000e-01 5.998339843750000178e-01 5.428710937500000333e-02 8.885058593750000400e-01 -1.919872558593749945e+00 1.677246093750000000e+00 2.849121093750000000e+00 4.245605468750000000e+00 -4.089355468750000000e+00 1.395996093750000000e+00
1.212060546874999950e-01 8.450927734375000000e-01 7.798339843750000666e-01 3.428710937499999944e-02 9.885058593750000178e-01 -1.086872558593749982e+00 -3.322753906250000000e+00 -2.150878906250000000e+00 -7.543945312500000000e-01 9.106445312500000000e-01 3.959960937500000000e-01
1.208349609374999994e-01 7.196044921875000000e-01 5.826074218750000311e-01 6.596679687500001110e-02 9.031542968750000400e-01 -1.397620605468750110e+00 2.800292968750000000e+00 -1.691894531250000000e+00 1.928710937500000000e-01 -4.431152343750000000e+00 1.713867187500000000e-01
3.108349609374999600e-01 9.696044921875000000e-01 7.626074218750000799e-01 4.596679687500000028e-02 1.003154296875000018e+00 -5.646206054687501474e-01 -2.199707031250000000e+00 3.308105468750000000e+00 -4.807128906250000000e+00 5.688476562500000000e-01 1.171386718750000000e+00
4.058349609374999889e-01 5.946044921875000000e-01 8.526074218750000488e-01 5.596679687500000222e-02 1.053154296875000062e+00 -1.814120605468749980e+00 -4.699707031250000000e+00 -4.191894531250000000e+00 2.692871093750000000e+00 3.068847656250000000e+00 6.713867187500000000e-01
2.158349609374999867e-01 8.446044921875000000e-01 6.726074218750000000e-01 3.596679687499999833e-02 9.531542968749999734e-01 -9.811206054687500178e-01 3.002929687500000000e-01 8.081054687500000000e-01 -2.307128906250000000e+00 -1.931152343750000000e+00 1.671386718750000000e+00
2.633349609374999734e-01 5.321044921875000000e-01 8.076074218750000089e-01 6.096679687500000666e-02 1.028154296874999929e+00 -7.728706054687499716e-01 4.050292968750000000e+00 4.558105468750000000e+00 1.442871093750000000e+00 4.318847656250000000e+00 9.213867187500000000e-01
4.533349609374999756e-01 7.821044921875000000e-01 6.276074218750000711e-01 4.096679687500000278e-02 9.281542968750000622e-01 -1.605870605468750156e+00 -9.497070312500000000e-01 -4.418945312500000000e-01 -3.557128906250000000e+00 -6.811523437500000000e-01 1.921386718750000000e+00
3.583349609375000022e-01 6.571044921875000000e-01 7.176074218750000400e-01 5.096679687499999778e-02 8.781542968750000178e-01 -3.563706054687501013e-01 -3.449707031250000000e+00 2.058105468750000000e+00 3.942871093750000000e+00 -3.181152343750000000e+00 4.213867187500000000e-01
1.683349609375000000e-01 9.071044921875000000e-01 8.976074218750000888e-01 3.096679687500000083e-02 9.781542968749999956e-01 -1.189370605468750064e+00 1.550292968750000000e+00 -2.941894531250000000e+00 -1.057128906250000000e+00 1.818847656250000000e+00 1.421386718750000000e+00
1.920849609374999933e-01 5.633544921875000000e-01 6.501074218750000355e-01 4.346679687500000500e-02 1.015654296874999973e+00 -1.293495605468750087e+00 3.425292968750000000e+00 1.433105468750000000e+00 2.067871093750000000e+00 -3.806152343750000000e+00 1.296386718750000000e+00
3.820849609374999956e-01 8.133544921875000000e-01 8.301074218749999734e-01 6.346679687500000888e-02 9.156542968749999956e-01 -4.604956054687501243e-01 -1.574707031250000000e+00 -3.566894531250000000e+00 -2.932128906250000000e+00 1.193847656250000000e+00 2.963867187500000000e-01
4.770849609375000244e-01 6.883544921875000000e-01 7.401074218750000044e-01 3.346679687499999611e-02 9.656542968750000400e-01 -1.709995605468749957e+00 -4.074707031250000000e+00 3.933105468750000000e+00 4.567871093750000000e+00 3.693847656250000000e+00 1.796386718750000000e+00
2.870849609375000222e-01 9.383544921875000000e-01 5.601074218750000666e-01 5.346679687500000000e-02 1.065654296875000018e+00 -8.769956054687499947e-01 9.252929687500000000e-01 -1.066894531250000000e+00 -4.321289062500000000e-01 -1.306152343750000000e+00 7.963867187500000000e-01
2.395849609374999800e-01 6.258544921875000000e-01 8.751074218750000133e-01 4.846679687500000250e-02 9.406542968750000178e-01 -1.085245605468750041e+00 4.675292968750000000e+00 -4.816894531250000000e+00 8.178710937500000000e-01 4.943847656250000000e+00 1.546386718750000000e+00
4.295849609374999822e-01 8.758544921875000000e-01 6.951074218750000755e-01 6.846679687500001332e-02 1.040654296875000107e+00 -1.918245605468750004e+00 -3.247070312500000000e-01 1.831054687500000000e-01 -4.182128906250000000e+00 -5.615234375000000000e-02 5.463867187500000000e-01
3.345849609375000089e-01 5.008544921875000000e-01 6.051074218749999956e-01 3.846679687500000056e-02 9.906542968750000622e-01 -6.687456054687501705e-01 -2.824707031250000000e+00 -2.316894531250000000e+00 3.317871093750000000e+00 -2.556152343750000000e+00 1.046386718750000000e+00
1.445849609375000067e-01 7.508544921875000000e-01 7.851074218750000444e-01 5.846679687500000444e-02 8.906542968749999734e-01 -1.501745605468749911e+00 2.175292968750000000e+00 2.683105468750000000e+00 -1.682128906250000000e+00 2.443847656250000000e+00 4.638671875000000000e-02
1.564599609375000033e-01 5.164794921875000000e-01 8.413574218749999556e-01 5.221679687499999889e-02 9.469042968749999956e-01 -1.970308105468749904e+00 -1.887207031250000000e+00 4.956054687500000000e-01 -1.994628906250000000e+00 -9.936523437500000000e-01 9.838867187500000000e-01
