# cosmological_parameters--omega_m cosmological_parameters--s_8 cosmological_parameters--omega_b baryons--bacco_M_c baryons--bacco_M1_z0_cen baryons--bacco_beta baryons--bacco_eta baryons--bacco_theta_inn
3.517480468749999978e-01 7.902832031250000000e-01 6.169921875000000666e-02 1.072363281250000000e+01 9.583984375000000000e+00 -3.882324218750000666e-01 -1.977050781250000444e-01 -1.092773437500000000e+00
4.467480468750000266e-01 6.652832031250000000e-01 5.169921875000000472e-02 1.522363281250000000e+01 1.058398437500000000e+01 3.676757812499986677e-02 2.729492187499993339e-02 -5.927734375000000000e-01
2.567480468749999689e-01 9.152832031250000000e-01 3.169921875000000083e-02 1.222363281250000000e+01 1.258398437500000000e+01 -8.132324218750000000e-01 -4.227050781249999667e-01 -1.592773437500000000e+00
3.042480468750000111e-01 7.277832031250000000e-01 6.669921875000001110e-02 1.447363281250000000e+01 1.008398437500000000e+01 -6.007324218750000888e-01 -5.352050781249999556e-01 -1.342773437500000000e+00
4.942480468750000133e-01 9.777832031250000000e-01 4.669921875000000722e-02 1.147363281250000000e+01 1.208398437500000000e+01 2.492675781250000000e-01 -8.520507812500000000e-02 -3.427734375000000000e-01
3.992480468749999845e-01 6.027832031250000000e-01 3.669921874999999833e-02 1.597363281250000000e+01 1.108398437500000000e+01 -1.757324218750000444e-01 1.397949218749999778e-01 -1.842773437500000000e+00
2.092480468749999822e-01 8.527832031250000000e-01 5.669921875000000222e-02 1.297363281250000000e+01 9.083984375000000000e+00 6.742675781250000444e-01 -3.102050781249999778e-01 -8.427734375000000000e-01
1.854980468749999889e-01 6.340332031250000000e-01 3.419921874999999611e-02 1.109863281250000000e+01 9.833984375000000000e+00 5.680175781249998668e-01 -5.914550781249999778e-01 -1.967773437500000000e+00
3.754980468749999911e-01 8.840332031250000000e-01 5.419921875000000000e-02 1.409863281250000000e+01 1.183398437500000000e+01 -2.819824218750000000e-01 -1.414550781250000222e-01 -9.677734375000000000e-01
4.704980468750000200e-01 5.090332031250000000e-01 6.419921875000000888e-02 1.259863281250000000e+01 1.283398437500000000e+01 1.430175781250000444e-01 8.354492187499995559e-02 -1.467773437500000000e+00
2.804980468750000178e-01 7.590332031250000000e-01 4.419921875000000500e-02 1.559863281250000000e+01 1.083398437500000000e+01 -7.069824218750000444e-01 -3.664550781250000000e-01 -4.677734375000000000e-01
2.329980468750000033e-01 5.715332031250000000e-01 5.919921875000000444e-02 1.034863281250000000e+01 1.233398437500000000e+01 -9.194824218749999556e-01 -4.789550781249999889e-01 -7.177734375000000000e-01
4.229980468749999778e-01 8.215332031250000000e-01 3.919921875000000056e-02 1.334863281250000000e+01 1.033398437500000000e+01 -6.948242187499997780e-02 -2.895507812499997780e-02 -1.717773437500000000e+00
3.279980468750000044e-01 6.965332031250000000e-01 4.919921875000000250e-02 1.184863281250000000e+01 9.333984375000000000e+00 -4.944824218750000222e-01 1.960449218750000000e-01 -2.177734375000000000e-01
1.379980468750000022e-01 9.465332031250000000e-01 6.919921875000001332e-02 1.484863281250000000e+01 1.133398437500000000e+01 3.555175781249999556e-01 -2.539550781250000111e-01 -1.217773437500000000e+00
1.320605468749999900e-01 5.793457031250000000e-01 3.232421875000000139e-02 1.231738281250000000e+01 1.039648437500000000e+01 -7.866699218749999556e-01 -1.489257812500000000e-02 -9.990234375000000000e-01
3.220605468749999645e-01 8.293457031250000000e-01 5.232421874999999833e-02 1.531738281250000000e+01 1.239648437500000000e+01 6.333007812499991118e-02 -4.648925781249999556e-01 -1.999023437500000000e+00
4.170605468749999933e-01 7.043457031250000000e-01 6.232421875000000722e-02 1.081738281250000000e+01 1.139648437500000000e+01 -3.616699218750000222e-01 -6.898925781249999334e-01 -4.990234375000000000e-01
2.270605468749999911e-01 9.543457031250000000e-01 4.232421875000000333e-02 1.381738281250000000e+01 9.396484375000000000e+00 4.883300781249999556e-01 -2.398925781249999778e-01 -1.499023437500000000e+00
2.745605468749999778e-01 6.418457031250000000e-01 5.732421875000000278e-02 1.156738281250000000e+01 1.189648437500000000e+01 2.758300781250000444e-01 9.760742187499993339e-02 -1.749023437500000000e+00
4.645605468749999800e-01 8.918457031250000000e-01 3.732421874999999889e-02 1.456738281250000000e+01 9.896484375000000000e+00 -5.741699218750000444e-01 -3.523925781249999667e-01 -7.490234375000000000e-01
3.695605468750000067e-01 5.168457031250000000e-01 4.732421875000000083e-02 1.006738281250000000e+01 1.089648437500000000e+01 -1.491699218750000000e-01 -5.773925781250000000e-01 -1.249023437500000000e+00
1.795605468750000044e-01 7.668457031250000000e-01 6.732421874999999778e-02 1.306738281250000000e+01 1.289648437500000000e+01 -9.991699218749999778e-01 -1.273925781250000444e-01 -2.490234375000000000e-01
2.033105468749999978e-01 7.355957031250000000e-01 4.482421875000000555e-02 1.494238281250000000e+01 1.214648437500000000e+01 -8.929199218750000222e-01 4.135742187500002220e-02 -1.124023437500000000e+00
3.933105468750000000e-01 9.855957031250000000e-01 6.482421874999999556e-02 1.194238281250000000e+01 1.014648437500000000e+01 -4.291992187500004441e-02 -4.086425781249999889e-01 -1.240234375000000000e-01
4.883105468749999734e-01 6.105957031250000000e-01 5.482421875000000056e-02 1.344238281250000000e+01 9.146484375000000000e+00 -4.679199218749999778e-01 -6.336425781249999112e-01 -1.624023437500000000e+00
2.983105468750000266e-01 8.605957031250000000e-01 3.482421874999999667e-02 1.044238281250000000e+01 1.114648437500000000e+01 3.820800781250000000e-01 -1.836425781249999556e-01 -6.240234375000000000e-01
2.508105468749999845e-01 5.480957031250000000e-01 6.982421875000000000e-02 1.569238281250000000e+01 9.646484375000000000e+00 5.945800781249999112e-01 1.538574218749999556e-01 -3.740234375000000000e-01
4.408105468749999867e-01 7.980957031250000000e-01 4.982421875000000305e-02 1.269238281250000000e+01 1.164648437500000000e+01 -2.554199218750000666e-01 -2.961425781250000000e-01 -1.374023437500000000e+00
3.458105468750000133e-01 6.730957031250000000e-01 3.982421875000000111e-02 1.419238281250000000e+01 1.264648437500000000e+01 1.695800781249998668e-01 -5.211425781249999778e-01 -8.740234375000000000e-01
1.558105468750000111e-01 9.230957031250000000e-01 5.982421875000000500e-02 1.119238281250000000e+01 1.064648437500000000e+01 -6.804199218750000000e-01 -7.114257812500002220e-02 -1.874023437500000000e+00
1.439355468749999867e-01 6.574707031250000000e-01 6.357421875000000833e-02 1.025488281250000000e+01 9.271484375000000000e+00 -2.022949218749999778e-01 -4.367675781250000000e-01 -1.311523437500000000e+00
3.339355468749999889e-01 9.074707031250000000e-01 4.357421875000000444e-02 1.325488281250000000e+01 1.127148437500000000e+01 6.477050781250000000e-01 1.323242187499995559e-02 -3.115234375000000000e-01
4.289355468750000178e-01 5.324707031250000000e-01 3.357421875000000250e-02 1.175488281250000000e+01 1.227148437500000000e+01 -6.272949218750000222e-01 -2.117675781250000222e-01 -1.811523437500000000e+00
2.389355468750000155e-01 7.824707031250000000e-01 5.357421874999999944e-02 1.475488281250000000e+01 1.027148437500000000e+01 2.227050781249999556e-01 -6.617675781249999778e-01 -8.115234375000000000e-01
2.864355468750000022e-01 5.949707031250000000e-01 4.857421875000000194e-02 1.100488281250000000e+01 1.277148437500000000e+01 1.020507812500004441e-02 -3.242675781250000111e-01 -6.152343750000000000e-02
4.764355468750000044e-01 8.449707031250000000e-01 6.857421874999999889e-02 1.400488281250000000e+01 1.077148437500000000e+01 -8.397949218750000444e-01 1.257324218750000000e-01 -1.061523437500000000e+00
3.814355468749999756e-01 7.199707031250000000e-01 5.857421875000000389e-02 1.250488281250000000e+01 9.771484375000000000e+00 4.352050781249998668e-01 -9.926757812499997780e-02 -5.615234375000000000e-01
1.914355468750000011e-01 9.699707031250000000e-01 3.857421875000000000e-02 1.550488281250000000e+01 1.177148437500000000e+01 -4.147949218750000000e-01 -5.492675781249999334e-01 -1.561523437500000000e+00
1.676855468749999800e-01 5.012207031250000000e-01 5.107421875000000416e-02 1.437988281250000000e+01 1.102148437500000000e+01 -5.210449218749999556e-01 -3.805175781249999778e-01 -6.865234375000000000e-01
3.576855468749999822e-01 7.512207031250000000e-01 3.107421875000000028e-02 1.137988281250000000e+01 9.021484375000000000e+00 3.289550781249999112e-01 6.948242187499997780e-02 -1.686523437500000000e+00
4.526855468750000111e-01 6.262207031250000000e-01 4.107421875000000222e-02 1.587988281250000000e+01 1.002148437500000000e+01 -9.460449218750000000e-01 -1.555175781250000000e-01 -1.865234375000000000e-01
2.626855468750000089e-01 8.762207031250000000e-01 6.107421875000000611e-02 1.287988281250000000e+01 1.202148437500000000e+01 -9.604492187500002220e-02 -6.055175781249999556e-01 -1.186523437500000000e+00
2.151855468749999944e-01 6.887207031250000000e-01 3.607421874999999778e-02 1.362988281250000000e+01 1.052148437500000000e+01 1.164550781250000000e-01 -2.680175781249999889e-01 -1.936523437500000000e+00
4.051855468750000244e-01 9.387207031250000000e-01 5.607421875000000167e-02 1.062988281250000000e+01 1.252148437500000000e+01 -7.335449218750000888e-01 1.819824218749999112e-01 -9.365234375000000000e-01
3.101855468749999956e-01 5.637207031250000000e-01 6.607421874999999667e-02 1.512988281250000000e+01 1.152148437500000000e+01 5.414550781250000444e-01 -4.301757812500006661e-02 -1.436523437500000000e+00
1.201855468749999933e-01 8.137207031250000000e-01 4.607421875000000666e-02 1.212988281250000000e+01 9.521484375000000000e+00 -3.085449218750000444e-01 -4.930175781249999667e-01 -4.365234375000000000e-01
1.202783203124999922e-01 6.568603515625000000e-01 5.395507812500000000e-02 1.242138671875000000e+01 1.030566406250000000e+01 -1.594238281250004441e-02 -1.100341796875000666e-01 -1.557617187500000000e-01
3.102783203125000222e-01 9.068603515625000000e-01 3.395507812499999611e-02 1.542138671875000000e+01 1.230566406250000000e+01 -8.659423828125000222e-01 -5.600341796874999112e-01 -1.155761718750000000e+00
4.052783203124999956e-01 5.318603515625000000e-01 4.395507812500000500e-02 1.092138671875000000e+01 1.130566406250000000e+01 4.090576171875000000e-01 -3.350341796874999889e-01 -6.557617187500000000e-01
2.152783203124999933e-01 7.818603515625000000e-01 6.395507812500000888e-02 1.392138671875000000e+01 9.305664062500000000e+00 -4.409423828124999778e-01 1.149658203124999112e-01 -1.655761718750000000e+00
2.627783203125000355e-01 5.943603515625000000e-01 3.895507812500000056e-02 1.167138671875000000e+01 1.180566406250000000e+01 -2.284423828125000666e-01 -2.225341796875000000e-01 -1.405761718750000000e+00
4.527783203124999822e-01 8.443603515625000000e-01 5.895507812500000444e-02 1.467138671875000000e+01 9.805664062500000000e+00 6.215576171874999112e-01 -6.725341796874999556e-01 -4.057617187500000000e-01
3.577783203125000089e-01 7.193603515625000000e-01 6.895507812500001332e-02 1.017138671875000000e+01 1.080566406250000000e+01 -6.534423828125000000e-01 -4.475341796874999778e-01 -1.905761718750000000e+00
1.677783203125000067e-01 9.693603515625000000e-01 4.895507812500000250e-02 1.317138671875000000e+01 1.280566406250000000e+01 1.965576171874998668e-01 2.465820312499977796e-03 -9.057617187500000000e-01
1.915283203125000000e-01 5.006103515625000000e-01 6.145507812500000666e-02 1.504638671875000000e+01 1.205566406250000000e+01 9.030761718749991118e-02 -5.378417968750004441e-02 -1.780761718750000000e+00
3.815283203125000022e-01 7.506103515625000000e-01 4.145507812500000278e-02 1.204638671875000000e+01 1.005566406250000000e+01 -7.596923828124999556e-01 -5.037841796875000000e-01 -7.807617187500000000e-01
4.765283203124999756e-01 6.256103515625000000e-01 3.145507812500000083e-02 1.354638671875000000e+01 9.055664062500000000e+00 5.153076171874999556e-01 -2.787841796875000222e-01 -1.280761718750000000e+00
2.865283203124999734e-01 8.756103515625000000e-01 5.145507812500000472e-02 1.054638671875000000e+01 1.105566406250000000e+01 -3.346923828125000222e-01 1.712158203124999334e-01 -2.807617187500000000e-01
2.390283203124999867e-01 6.881103515625000000e-01 4.645507812500000722e-02 1.579638671875000000e+01 9.555664062500000000e+00 -5.471923828125000444e-01 -1.662841796874999778e-01 -5.307617187500000000e-01
4.290283203124999889e-01 9.381103515625000000e-01 6.645507812500001110e-02 1.279638671875000000e+01 1.155566406250000000e+01 3.028076171875000444e-01 -6.162841796874999334e-01 -1.530761718750000000e+00
3.340283203124999600e-01 5.631103515625000000e-01 5.645507812500000222e-02 1.429638671875000000e+01 1.255566406250000000e+01 -9.721923828124999778e-01 -3.912841796875000111e-01 -3.076171875000000000e-02
1.440283203124999856e-01 8.131103515625000000e-01 3.645507812499999833e-02 1.129638671875000000e+01 1.055566406250000000e+01 -1.221923828125000000e-01 5.871582031250000000e-02 -1.030761718750000000e+00
1.559033203124999822e-01 5.787353515625000000e-01 4.020507812500000167e-02 1.035888671875000000e+01 9.430664062500000000e+00 3.559326171874999112e-01 -5.319091796874999556e-01 -1.593261718750000000e+00
3.459033203124999845e-01 8.287353515625000000e-01 6.020507812500000555e-02 1.335888671875000000e+01 1.143066406250000000e+01 -4.940673828125000666e-01 -8.190917968750000000e-02 -5.932617187500000000e-01
4.409033203125000133e-01 7.037353515625000000e-01 5.020507812500000361e-02 1.185888671875000000e+01 1.243066406250000000e+01 -6.906738281250002220e-02 1.430908203124999778e-01 -1.093261718750000000e+00
2.509033203124999556e-01 9.537353515625000000e-01 3.020507812499999972e-02 1.485888671875000000e+01 1.043066406250000000e+01 -9.190673828125000000e-01 -3.069091796874999778e-01 -9.326171875000000000e-02
2.984033203124999978e-01 6.412353515625000000e-01 6.520507812500000999e-02 1.110888671875000000e+01 1.293066406250000000e+01 -7.065673828125000888e-01 -6.444091796875000000e-01 -8.432617187500000000e-01
4.884033203125000000e-01 8.912353515625000000e-01 4.520507812500000611e-02 1.410888671875000000e+01 1.093066406250000000e+01 1.434326171875000000e-01 -1.944091796875000444e-01 -1.843261718750000000e+00
3.934033203124999711e-01 5.162353515625000000e-01 3.520507812499999722e-02 1.260888671875000000e+01 9.930664062500000000e+00 -2.815673828125000444e-01 3.059082031249993339e-02 -3.432617187500000000e-01
2.034033203124999967e-01 7.662353515625000000e-01 5.520507812500000111e-02 1.560888671875000000e+01 1.193066406250000000e+01 5.684326171875000444e-01 -4.194091796874999667e-01 -1.343261718750000000e+00
1.796533203125000033e-01 7.349853515625000000e-01 3.270507812500000194e-02 1.448388671875000000e+01 1.118066406250000000e+01 6.746826171875000000e-01 -4.756591796874999889e-01 -4.682617187500000000e-01
3.696533203124999778e-01 9.849853515625000000e-01 5.270507812499999889e-02 1.148388671875000000e+01 9.180664062500000000e+00 -1.753173828124999778e-01 -2.565917968749997780e-02 -1.468261718750000000e+00
4.646533203125000067e-01 6.099853515625000000e-01 6.270507812500000777e-02 1.598388671875000000e+01 1.018066406250000000e+01 2.496826171874999556e-01 1.993408203125000000e-01 -9.682617187500000000e-01
2.746533203125000044e-01 8.599853515625000000e-01 4.270507812500000389e-02 1.298388671875000000e+01 1.218066406250000000e+01 -6.003173828125000222e-01 -2.506591796875000111e-01 -1.968261718750000000e+00
2.271533203124999900e-01 5.474853515625000000e-01 5.770507812500000333e-02 1.373388671875000000e+01 1.068066406250000000e+01 -8.128173828125000444e-01 -5.881591796874999778e-01 -1.218261718750000000e+00
4.171533203125000200e-01 7.974853515625000000e-01 3.770507812499999944e-02 1.073388671875000000e+01 1.268066406250000000e+01 3.718261718750004441e-02 -1.381591796875000222e-01 -2.182617187500000000e-01
3.221533203124999911e-01 6.724853515625000000e-01 4.770507812500000139e-02 1.523388671875000000e+01 1.168066406250000000e+01 -3.878173828125000000e-01 8.684082031249995559e-02 -1.718261718750000000e+00
1.321533203124999889e-01 9.224853515625000000e-01 6.770507812500001221e-02 1.223388671875000000e+01 9.680664062500000000e+00 4.621826171874998668e-01 -3.631591796875000000e-01 -7.182617187500000000e-01
1.380908203125000011e-01 5.396728515625000000e-01 3.083007812500000028e-02 1.570263671875000000e+01 1.261816406250000000e+01 -6.800048828125000444e-01 1.009033203124999334e-01 -1.499511718750000000e+00
3.280908203125000311e-01 7.896728515625000000e-01 5.083007812500000416e-02 1.270263671875000000e+01 1.061816406250000000e+01 1.699951171875000444e-01 -3.490966796874999667e-01 -4.995117187500000000e-01
4.230908203125000044e-01 6.646728515625000000e-01 6.083007812500000611e-02 1.420263671875000000e+01 9.618164062500000000e+00 -2.550048828125000000e-01 -5.740966796875000000e-01 -1.999511718750000000e+00
2.330908203125000022e-01 9.146728515625000000e-01 4.083007812500000222e-02 1.120263671875000000e+01 1.161816406250000000e+01 5.949951171874998668e-01 -1.240966796875000444e-01 -9.995117187500000000e-01
2.805908203124999889e-01 7.271728515625000000e-01 5.583007812500000167e-02 1.495263671875000000e+01 9.118164062500000000e+00 3.824951171874999556e-01 -1.159667968750000000e-02 -2.495117187500000000e-01
4.705908203124999911e-01 9.771728515625000000e-01 3.583007812499999778e-02 1.195263671875000000e+01 1.111816406250000000e+01 -4.675048828125000222e-01 -4.615966796874999556e-01 -1.249511718750000000e+00
3.755908203125000178e-01 6.021728515625000000e-01 4.583007812500000666e-02 1.345263671875000000e+01 1.211816406250000000e+01 -4.250488281249997780e-02 -6.865966796874999334e-01 -7.495117187500000000e-01
1.855908203125000155e-01 8.521728515625000000e-01 6.583007812499999667e-02 1.045263671875000000e+01 1.011816406250000000e+01 -8.925048828124999556e-01 -2.365966796874999778e-01 -1.749511718750000000e+00
2.093408203125000089e-01 6.334228515625000000e-01 4.333007812500000444e-02 1.157763671875000000e+01 1.086816406250000000e+01 -9.987548828125000222e-01 1.571533203124999556e-01 -6.245117187500000000e-01
3.993408203125000111e-01 8.834228515625000000e-01 6.333007812500000833e-02 1.457763671875000000e+01 1.286816406250000000e+01 -1.487548828125000444e-01 -2.928466796875000000e-01 -1.624511718750000000e+00
4.943408203124999845e-01 5.084228515625000000e-01 5.333007812499999944e-02 1.007763671875000000e+01 1.186816406250000000e+01 -5.737548828125000888e-01 -5.178466796874999778e-01 -1.245117187500000000e-01
3.043408203124999822e-01 7.584228515625000000e-01 3.333007812500000250e-02 1.307763671875000000e+01 9.868164062500000000e+00 2.762451171875000000e-01 -6.784667968750002220e-02 -1.124511718750000000e+00
2.568408203124999956e-01 5.709228515625000000e-01 6.833007812499999889e-02 1.232763671875000000e+01 1.136816406250000000e+01 4.887451171874999112e-01 4.465332031250002220e-02 -1.874511718750000000e+00
4.468408203124999978e-01 8.209228515625000000e-01 4.833007812500000194e-02 1.532763671875000000e+01 9.368164062500000000e+00 -3.612548828125000666e-01 -4.053466796874999889e-01 -8.745117187500000000e-01
3.518408203124999689e-01 6.959228515625000000e-01 3.833007812500000000e-02 1.082763671875000000e+01 1.036816406250000000e+01 6.374511718749986677e-02 -6.303466796874999112e-01 -1.374511718750000000e+00
1.618408203124999944e-01 9.459228515625000000e-01 5.833007812500000389e-02 1.382763671875000000e+01 1.236816406250000000e+01 -7.862548828125000000e-01 -1.803466796874999556e-01 -3.745117187500000000e-01
1.499658203124999978e-01 7.115478515625000000e-01 6.458007812499999556e-02 1.364013671875000000e+01 1.174316406250000000e+01 -3.081298828124999778e-01 -3.209716796875000111e-01 -8.120117187500000000e-01
3.399658203125000000e-01 9.615478515625000000e-01 4.458007812500000555e-02 1.064013671875000000e+01 9.743164062500000000e+00 5.418701171875000000e-01 1.290283203125000000e-01 -1.812011718750000000e+00
4.349658203124999734e-01 5.865478515625000000e-01 3.458007812499999667e-02 1.514013671875000000e+01 1.074316406250000000e+01 -7.331298828125000222e-01 -9.597167968749997780e-02 -3.120117187500000000e-01
2.449658203124999989e-01 8.365478515625000000e-01 5.458007812500000056e-02 1.214013671875000000e+01 1.274316406250000000e+01 1.168701171874999556e-01 -5.459716796874999334e-01 -1.312011718750000000e+00
2.924658203125000133e-01 5.240478515625000000e-01 4.958007812500000305e-02 1.439013671875000000e+01 1.024316406250000000e+01 -9.562988281250006661e-02 -4.334716796875000000e-01 -1.562011718750000000e+00
4.824658203125000155e-01 7.740478515625000000e-01 6.958007812500000000e-02 1.139013671875000000e+01 1.224316406250000000e+01 -9.456298828125000444e-01 1.652832031249995559e-02 -5.620117187500000000e-01
3.874658203124999867e-01 6.490478515625000000e-01 5.958007812500000500e-02 1.589013671875000000e+01 1.124316406250000000e+01 3.293701171874998668e-01 -2.084716796875000222e-01 -1.062011718750000000e+00
1.974658203124999845e-01 8.990478515625000000e-01 3.958007812500000111e-02 1.289013671875000000e+01 9.243164062500000000e+00 -5.206298828125000000e-01 -6.584716796874999778e-01 -6.201171875000000000e-02
1.737158203124999911e-01 6.177978515625000000e-01 5.208007812499999833e-02 1.101513671875000000e+01 9.993164062500000000e+00 -4.143798828125000444e-01 -2.647216796874999889e-01 -1.187011718750000000e+00
3.637158203124999933e-01 8.677978515625000000e-01 3.208007812500000139e-02 1.401513671875000000e+01 1.199316406250000000e+01 4.356201171875000444e-01 1.852783203124999112e-01 -1.870117187500000000e-01
4.587158203125000222e-01 7.427978515625000000e-01 4.208007812500000333e-02 1.251513671875000000e+01 1.299316406250000000e+01 -8.393798828124999778e-01 -3.972167968750006661e-02 -1.687011718750000000e+00
2.687158203124999645e-01 9.927978515625000000e-01 6.208007812500000722e-02 1.551513671875000000e+01 1.099316406250000000e+01 1.062011718750000000e-02 -4.897216796874999667e-01 -6.870117187500000000e-01
2.212158203124999778e-01 6.802978515625000000e-01 3.708007812499999889e-02 1.026513671875000000e+01 1.249316406250000000e+01 2.231201171874999112e-01 -3.772216796874999778e-01 -4.370117187500000000e-01
4.112158203124999800e-01 9.302978515625000000e-01 5.708007812500000278e-02 1.326513671875000000e+01 1.049316406250000000e+01 -6.268798828124999556e-01 7.277832031249997780e-02 -1.437011718750000000e+00
3.162158203125000067e-01 5.552978515625000000e-01 6.708007812499999778e-02 1.176513671875000000e+01 9.493164062500000000e+00 6.481201171874999556e-01 -1.522216796875000000e-01 -9.370117187500000000e-01
1.262158203125000044e-01 8.052978515625000000e-01 4.708007812500000083e-02 1.476513671875000000e+01 1.149316406250000000e+01 -2.018798828125000222e-01 -6.022216796874999556e-01 -1.937011718750000000e+00
1.291845703124999967e-01 6.060791015625000000e-01 6.676757812500000444e-02 1.396826171875000000e+01 1.058691406250000000e+01 -5.073486328125000888e-01 -1.862792968750004441e-02 -1.265136718750000000e+00
3.191845703125000266e-01 8.560791015625000000e-01 4.676757812500000056e-02 1.096826171875000000e+01 1.258691406250000000e+01 3.426513671875000000e-01 -4.686279296875000000e-01 -2.651367187500000000e-01
4.141845703125000000e-01 7.310791015625000000e-01 3.676757812499999861e-02 1.546826171875000000e+01 1.158691406250000000e+01 -9.323486328125000222e-01 -6.936279296874999778e-01 -1.765136718750000000e+00
2.241845703124999978e-01 9.810791015625000000e-01 5.676757812500000250e-02 1.246826171875000000e+01 9.586914062500000000e+00 -8.234863281250004441e-02 -2.436279296875000222e-01 -7.651367187500000000e-01
2.716845703124999845e-01 6.685791015625000000e-01 4.176757812500000305e-02 1.321826171875000000e+01 1.108691406250000000e+01 1.301513671874998668e-01 9.387207031250000000e-02 -1.513671875000000000e-02
4.616845703124999867e-01 9.185791015625000000e-01 6.176757812500000694e-02 1.021826171875000000e+01 9.086914062500000000e+00 -7.198486328125000000e-01 -3.561279296875000111e-01 -1.015136718750000000e+00
3.666845703125000133e-01 5.435791015625000000e-01 5.176757812500000500e-02 1.471826171875000000e+01 1.008691406250000000e+01 5.551513671874999112e-01 -5.811279296874999334e-01 -5.151367187500000000e-01
1.766845703125000111e-01 7.935791015625000000e-01 3.176757812500000111e-02 1.171826171875000000e+01 1.208691406250000000e+01 -2.948486328125000666e-01 -1.311279296874999778e-01 -1.515136718750000000e+00
2.004345703125000044e-01 6.998291015625000000e-01 5.926757812500000472e-02 1.059326171875000000e+01 1.283691406250000000e+01 -1.885986328125000000e-01 3.762207031249997780e-02 -6.401367187500000000e-01
3.904345703125000067e-01 9.498291015625000000e-01 3.926757812500000083e-02 1.359326171875000000e+01 1.083691406250000000e+01 6.614013671874998668e-01 -4.123779296874999778e-01 -1.640136718750000000e+00
4.854345703124999800e-01 5.748291015625000000e-01 4.926757812500000278e-02 1.209326171875000000e+01 9.836914062500000000e+00 -6.135986328125000444e-01 -6.373779296874999556e-01 -1.401367187500000000e-01
2.954345703124999778e-01 8.248291015625000000e-01 6.926757812500000666e-02 1.509326171875000000e+01 1.183691406250000000e+01 2.364013671875000444e-01 -1.873779296875000000e-01 -1.140136718750000000e+00
2.479345703124999911e-01 5.123291015625000000e-01 3.426757812500000333e-02 1.134326171875000000e+01 9.336914062500000000e+00 2.390136718749991118e-02 1.501220703124999112e-01 -1.890136718750000000e+00
4.379345703124999933e-01 7.623291015625000000e-01 5.426757812500000722e-02 1.434326171875000000e+01 1.133691406250000000e+01 -8.260986328124999556e-01 -2.998779296874999889e-01 -8.901367187500000000e-01
3.429345703124999645e-01 6.373291015625000000e-01 6.426757812500000222e-02 1.284326171875000000e+01 1.233691406250000000e+01 4.489013671874999556e-01 -5.248779296874999112e-01 -1.390136718750000000e+00
1.529345703124999900e-01 8.873291015625000000e-01 4.426757812499999833e-02 1.584326171875000000e+01 1.033691406250000000e+01 -4.010986328125000222e-01 -7.487792968750006661e-02 -3.901367187500000000e-01
1.648095703124999867e-01 6.529541015625000000e-01 3.801757812499999972e-02 1.453076171875000000e+01 9.711914062500000000e+00 -8.792236328125000444e-01 -4.405029296874999889e-01 -9.526367187500000000e-01
3.548095703124999889e-01 9.029541015625000000e-01 5.801757812500000361e-02 1.153076171875000000e+01 1.171191406250000000e+01 -2.922363281250006661e-02 9.497070312500022204e-03 -1.952636718750000000e+00
4.498095703125000178e-01 5.279541015625000000e-01 6.801757812500000555e-02 1.303076171875000000e+01 1.271191406250000000e+01 -4.542236328125000000e-01 -2.155029296875000111e-01 -4.526367187500000000e-01
2.598095703124999600e-01 7.779541015625000000e-01 4.801757812500000167e-02 1.003076171875000000e+01 1.071191406250000000e+01 3.957763671874998668e-01 -6.655029296874999112e-01 -1.452636718750000000e+00
3.073095703125000022e-01 5.904541015625000000e-01 5.301757812500000611e-02 1.528076171875000000e+01 1.221191406250000000e+01 6.082763671875000000e-01 -3.280029296875000000e-01 -1.702636718750000000e+00
4.973095703125000044e-01 8.404541015625000000e-01 3.301757812500000222e-02 1.228076171875000000e+01 1.021191406250000000e+01 -2.417236328124999778e-01 1.219970703124999556e-01 -7.026367187500000000e-01
4.023095703124999756e-01 7.154541015625000000e-01 4.301757812499999722e-02 1.378076171875000000e+01 9.211914062500000000e+00 1.832763671874999556e-01 -1.030029296875000222e-01 -1.202636718750000000e+00
2.123095703125000011e-01 9.654541015625000000e-01 6.301757812500000111e-02 1.078076171875000000e+01 1.121191406250000000e+01 -6.667236328125000222e-01 -5.530029296874999778e-01 -2.026367187500000000e-01
1.885595703124999800e-01 5.592041015625000000e-01 4.551757812499999944e-02 1.265576171875000000e+01 1.196191406250000000e+01 -7.729736328124999778e-01 -3.842529296874999667e-01 -1.077636718750000000e+00
3.785595703124999822e-01 8.092041015625000000e-01 6.551757812500000333e-02 1.565576171875000000e+01 9.961914062500000000e+00 7.702636718750000000e-02 6.574707031249993339e-02 -7.763671875000000000e-02
4.735595703125000111e-01 6.842041015625000000e-01 5.551757812500000833e-02 1.115576171875000000e+01 1.096191406250000000e+01 -3.479736328125000444e-01 -1.592529296875000444e-01 -1.577636718750000000e+00
2.835595703125000089e-01 9.342041015625000000e-01 3.551757812499999750e-02 1.415576171875000000e+01 1.296191406250000000e+01 5.020263671875000444e-01 -6.092529296875000000e-01 -5.776367187500000000e-01
2.360595703124999944e-01 7.467041015625000000e-01 6.051757812500000583e-02 1.190576171875000000e+01 1.046191406250000000e+01 2.895263671874999112e-01 -2.717529296874999778e-01 -3.276367187500000000e-01
4.260595703125000244e-01 9.967041015625000000e-01 4.051757812500000194e-02 1.490576171875000000e+01 1.246191406250000000e+01 -5.604736328124999556e-01 1.782470703124999778e-01 -1.327636718750000000e+00
3.310595703124999956e-01 6.217041015625000000e-01 3.051757812500000000e-02 1.040576171875000000e+01 1.146191406250000000e+01 -1.354736328125000222e-01 -4.675292968750000000e-02 -8.276367187500000000e-01
1.410595703124999933e-01 8.717041015625000000e-01 5.051757812500000389e-02 1.340576171875000000e+01 9.461914062500000000e+00 -9.854736328125000000e-01 -4.967529296874999556e-01 -1.827636718750000000e+00
1.351220703125000089e-01 7.232666015625000000e-01 4.864257812500000222e-02 1.143701171875000000e+01 1.227441406250000000e+01 5.817138671874999556e-01 -2.295654296874999889e-01 -1.088867187500000000e-01
3.251220703125000111e-01 9.732666015625000000e-01 6.864257812500000611e-02 1.443701171875000000e+01 1.027441406250000000e+01 -2.682861328125000222e-01 -6.795654296875000000e-01 -1.108886718750000000e+00
4.201220703124999845e-01 5.982666015625000000e-01 5.864257812500000416e-02 1.293701171875000000e+01 9.274414062500000000e+00 1.567138671874999112e-01 -4.545654296874999667e-01 -6.088867187500000000e-01
2.301220703124999822e-01 8.482666015625000000e-01 3.864257812500000028e-02 1.593701171875000000e+01 1.127441406250000000e+01 -6.932861328124999556e-01 -4.565429687500066613e-03 -1.608886718750000000e+00
2.776220703124999689e-01 5.357666015625000000e-01 6.364257812500001554e-02 1.068701171875000000e+01 9.774414062500000000e+00 -9.057861328124999778e-01 -1.170654296875000000e-01 -1.358886718750000000e+00
4.676220703125000266e-01 7.857666015625000000e-01 4.364257812499999778e-02 1.368701171875000000e+01 1.177441406250000000e+01 -5.578613281250000000e-02 -5.670654296874999556e-01 -3.588867187500000000e-01
3.726220703124999978e-01 6.607666015625000000e-01 3.364257812500000278e-02 1.218701171875000000e+01 1.277441406250000000e+01 -4.807861328125000444e-01 -3.420654296874999778e-01 -1.858886718750000000e+00
1.826220703124999956e-01 9.107666015625000000e-01 5.364257812500000666e-02 1.518701171875000000e+01 1.077441406250000000e+01 3.692138671875000444e-01 1.079345703124999778e-01 -8.588867187500000000e-01
2.063720703124999889e-01 5.670166015625000000e-01 3.614257812499999806e-02 1.331201171875000000e+01 1.002441406250000000e+01 4.754638671875000000e-01 -1.733154296875000222e-01 -1.983886718750000000e+00
3.963720703124999911e-01 8.170166015625000000e-01 5.614257812500000888e-02 1.031201171875000000e+01 1.202441406250000000e+01 -3.745361328124999778e-01 -6.233154296874999778e-01 -9.838867187500000000e-01
4.913720703125000200e-01 6.920166015625000000e-01 6.614257812500000389e-02 1.481201171875000000e+01 1.102441406250000000e+01 5.046386718749995559e-02 -3.983154296875000000e-01 -1.483886718750000000e+00
3.013720703125000178e-01 9.420166015625000000e-01 4.614257812500000000e-02 1.181201171875000000e+01 9.024414062500000000e+00 -7.995361328125000222e-01 5.168457031249995559e-02 -4.838867187500000000e-01
2.538720703125000311e-01 6.295166015625000000e-01 5.114257812500000444e-02 1.406201171875000000e+01 1.152441406250000000e+01 -5.870361328125000000e-01 -6.081542968749997780e-02 -7.338867187500000000e-01
4.438720703124999778e-01 8.795166015625000000e-01 3.114257812500000056e-02 1.106201171875000000e+01 9.524414062500000000e+00 2.629638671874998668e-01 -5.108154296874999334e-01 -1.733886718750000000e+00
3.488720703125000044e-01 5.045166015625000000e-01 4.114257812500000250e-02 1.556201171875000000e+01 1.052441406250000000e+01 -1.620361328125000666e-01 -2.858154296875000111e-01 -2.338867187500000000e-01
1.588720703125000022e-01 7.545166015625000000e-01 6.114257812500000638e-02 1.256201171875000000e+01 1.252441406250000000e+01 6.879638671874999112e-01 1.641845703125000000e-01 -1.233886718750000000e+00
1.469970703125000056e-01 5.201416015625000000e-01 5.739257812500000305e-02 1.199951171875000000e+01 1.139941406250000000e+01 2.098388671875000000e-01 -6.514404296874999334e-01 -1.671386718750000000e+00
3.369970703125000355e-01 7.701416015625000000e-01 3.739257812499999917e-02 1.499951171875000000e+01 9.399414062500000000e+00 -6.401611328125000888e-01 -2.014404296874999778e-01 -6.713867187500000000e-01
4.319970703125000089e-01 6.451416015625000000e-01 4.739257812500000111e-02 1.049951171875000000e+01 1.039941406250000000e+01 6.348388671875000444e-01 2.355957031250000000e-02 -1.171386718750000000e+00
2.419970703125000067e-01 8.951416015625000000e-01 6.739257812500000500e-02 1.349951171875000000e+01 1.239941406250000000e+01 -2.151611328125000444e-01 -4.264404296874999556e-01 -1.713867187500000000e-01
2.894970703124999933e-01 7.076416015625000000e-01 3.239257812500000167e-02 1.274951171875000000e+01 1.089941406250000000e+01 -4.276611328125000666e-01 -5.389404296875000000e-01 -9.213867187500000000e-01
4.794970703124999956e-01 9.576416015625000000e-01 5.239257812500000555e-02 1.574951171875000000e+01 1.289941406250000000e+01 4.223388671874999112e-01 -8.894042968750004441e-02 -1.921386718750000000e+00
3.844970703125000222e-01 5.826416015625000000e-01 6.239257812500000749e-02 1.124951171875000000e+01 1.189941406250000000e+01 -8.526611328125000000e-01 1.360595703124999334e-01 -4.213867187500000000e-01
1.944970703124999922e-01 8.326416015625000000e-01 4.239257812500000361e-02 1.424951171875000000e+01 9.899414062500000000e+00 -2.661132812500022204e-03 -3.139404296874999667e-01 -1.421386718750000000e+00
1.707470703124999989e-01 6.763916015625000000e-01 6.989257812500000722e-02 1.537451171875000000e+01 9.149414062500000000e+00 -1.089111328124999778e-01 -5.951904296874999112e-01 -2.963867187500000000e-01
3.607470703124999734e-01 9.263916015625000000e-01 4.989257812500000333e-02 1.237451171875000000e+01 1.114941406250000000e+01 -9.589111328124999556e-01 -1.451904296874999556e-01 -1.296386718750000000e+00
4.557470703125000022e-01 5.513916015625000000e-01 3.989257812500000139e-02 1.387451171875000000e+01 1.214941406250000000e+01 3.160888671874999556e-01 7.980957031250002220e-02 -7.963867187500000000e-01
2.657470703125000000e-01 8.013916015625000000e-01 5.989257812500000527e-02 1.087451171875000000e+01 1.014941406250000000e+01 -5.339111328125000222e-01 -3.701904296874999889e-01 -1.796386718750000000e+00
2.182470703125000133e-01 6.138916015625000000e-01 4.489257812499999889e-02 1.462451171875000000e+01 1.264941406250000000e+01 -3.214111328125000000e-01 -4.826904296874999778e-01 -1.046386718750000000e+00
4.082470703125000155e-01 8.638916015625000000e-01 6.489257812500000278e-02 1.162451171875000000e+01 1.064941406250000000e+01 5.285888671874998668e-01 -3.269042968750002220e-02 -4.638671875000000000e-02
3.132470703124999867e-01 7.388916015625000000e-01 5.489257812500000777e-02 1.312451171875000000e+01 9.649414062500000000e+00 -7.464111328125000444e-01 1.923095703124999556e-01 -1.546386718750000000e+00
1.232470703124999983e-01 9.888916015625000000e-01 3.489257812499999695e-02 1.012451171875000000e+01 1.164941406250000000e+01 1.035888671875000444e-01 -2.576904296875000000e-01 -5.463867187500000000e-01
1.247314453124999944e-01 5.103759765625000000e-01 4.254882812500000028e-02 1.352294921875000000e+01 9.571289062500000000e+00 6.946044921874998668e-01 3.410644531249995559e-02 -8.666992187500000000e-01
3.147314453124999689e-01 7.603759765625000000e-01 6.254882812500001110e-02 1.052294921875000000e+01 1.157128906250000000e+01 -1.553955078125000000e-01 -4.158935546875000000e-01 -1.866699218750000000e+00
4.097314453124999978e-01 6.353759765625000000e-01 5.254882812500000222e-02 1.502294921875000000e+01 1.257128906250000000e+01 2.696044921875000444e-01 -6.408935546874999778e-01 -3.666992187500000000e-01
2.197314453124999956e-01 8.853759765625000000e-01 3.254882812499999833e-02 1.202294921875000000e+01 1.057128906250000000e+01 -5.803955078125000444e-01 -1.908935546875000222e-01 -1.366699218750000000e+00
2.672314453124999822e-01 6.978759765625000000e-01 6.754882812500001554e-02 1.427294921875000000e+01 1.207128906250000000e+01 -7.928955078124999556e-01 1.466064453125000000e-01 -1.616699218750000000e+00
4.572314453124999845e-01 9.478759765625000000e-01 4.754882812499999778e-02 1.127294921875000000e+01 1.007128906250000000e+01 5.710449218749991118e-02 -3.033935546875000111e-01 -6.166992187500000000e-01
3.622314453125000111e-01 5.728759765625000000e-01 3.754882812500000278e-02 1.577294921875000000e+01 9.071289062500000000e+00 -3.678955078125000222e-01 -5.283935546874999334e-01 -1.116699218750000000e+00
1.722314453125000089e-01 8.228759765625000000e-01 5.754882812500000666e-02 1.277294921875000000e+01 1.107128906250000000e+01 4.821044921874999556e-01 -7.839355468749997780e-02 -1.166992187500000000e-01
1.959814453125000022e-01 6.666259765625000000e-01 3.004882812499999958e-02 1.089794921875000000e+01 1.182128906250000000e+01 3.758544921875000000e-01 -2.214355468750006661e-02 -1.241699218750000000e+00
3.859814453125000044e-01 9.166259765625000000e-01 5.004882812500000000e-02 1.389794921875000000e+01 9.821289062500000000e+00 -4.741455078124999778e-01 -4.721435546874999667e-01 -2.416992187500000000e-01
4.809814453124999778e-01 5.416259765625000000e-01 6.004882812500000888e-02 1.239794921875000000e+01 1.082128906250000000e+01 -4.914550781250004441e-02 -6.971435546875000000e-01 -1.741699218750000000e+00
2.909814453125000311e-01 7.916259765625000000e-01 4.004882812500000500e-02 1.539794921875000000e+01 1.282128906250000000e+01 -8.991455078125000222e-01 -2.471435546874999889e-01 -7.416992187500000000e-01
2.434814453124999889e-01 6.041259765625000000e-01 5.504882812500000444e-02 1.014794921875000000e+01 1.032128906250000000e+01 -6.866455078125000000e-01 9.035644531249997780e-02 -4.916992187500000000e-01
4.334814453124999911e-01 8.541259765625000000e-01 3.504882812500000056e-02 1.314794921875000000e+01 1.232128906250000000e+01 1.633544921874998668e-01 -3.596435546874999778e-01 -1.491699218750000000e+00
3.384814453125000178e-01 7.291259765625000000e-01 4.504882812500000250e-02 1.164794921875000000e+01 1.132128906250000000e+01 -2.616455078125000666e-01 -5.846435546874999556e-01 -9.916992187500000000e-01
1.484814453124999878e-01 9.791259765625000000e-01 6.504882812500001332e-02 1.464794921875000000e+01 9.321289062500000000e+00 5.883544921874999112e-01 -1.346435546875000000e-01 -1.991699218750000000e+00
1.603564453124999845e-01 7.447509765625000000e-01 5.129882812500000111e-02 1.596044921875000000e+01 1.069628906250000000e+01 1.102294921875000000e-01 -3.877685546874999889e-01 -1.429199218750000000e+00
3.503564453124999867e-01 9.947509765625000000e-01 3.129882812499999722e-02 1.296044921875000000e+01 1.269628906250000000e+01 -7.397705078125000888e-01 6.223144531250002220e-02 -4.291992187500000000e-01
4.453564453125000155e-01 6.197509765625000000e-01 4.129882812499999917e-02 1.446044921875000000e+01 1.169628906250000000e+01 5.352294921875000444e-01 -1.627685546874999556e-01 -1.929199218750000000e+00
2.553564453125000133e-01 8.697509765625000000e-01 6.129882812500000305e-02 1.146044921875000000e+01 9.696289062500000000e+00 -3.147705078125000444e-01 -6.127685546874999112e-01 -9.291992187500000000e-01
3.028564453125000000e-01 5.572509765625000000e-01 3.629882812500000167e-02 1.521044921875000000e+01 1.119628906250000000e+01 -5.272705078124999556e-01 -2.752685546875000000e-01 -1.791992187500000000e-01
4.928564453125000022e-01 8.072509765625000000e-01 5.629882812500000555e-02 1.221044921875000000e+01 9.196289062500000000e+00 3.227294921874999112e-01 1.747314453124999556e-01 -1.179199218750000000e+00
3.978564453124999734e-01 6.822509765625000000e-01 6.629882812500001443e-02 1.371044921875000000e+01 1.019628906250000000e+01 -9.522705078125000000e-01 -5.026855468750002220e-02 -6.791992187500000000e-01
2.078564453124999989e-01 9.322509765625000000e-01 4.629882812500000361e-02 1.071044921875000000e+01 1.219628906250000000e+01 -1.022705078125000222e-01 -5.002685546874999778e-01 -1.679199218750000000e+00
1.841064453124999778e-01 5.885009765625000000e-01 6.379882812500001221e-02 1.183544921875000000e+01 1.294628906250000000e+01 3.979492187500044409e-03 -4.440185546874999556e-01 -5.541992187500000000e-01
3.741064453124999800e-01 8.385009765625000000e-01 4.379882812500000139e-02 1.483544921875000000e+01 1.094628906250000000e+01 -8.460205078125000444e-01 5.981445312500000000e-03 -1.554199218750000000e+00
4.691064453125000089e-01 7.135009765625000000e-01 3.379882812499999944e-02 1.033544921875000000e+01 9.946289062500000000e+00 4.289794921874998668e-01 -2.190185546874999778e-01 -5.419921875000000000e-02
2.791064453125000067e-01 9.635009765625000000e-01 5.379882812500000333e-02 1.333544921875000000e+01 1.194628906250000000e+01 -4.210205078125000000e-01 -6.690185546874999334e-01 -1.054199218750000000e+00
2.316064453124999922e-01 6.510009765625000000e-01 4.879882812499999889e-02 1.258544921875000000e+01 9.446289062500000000e+00 -2.085205078124999778e-01 -3.315185546874999667e-01 -1.804199218750000000e+00
4.216064453125000222e-01 9.010009765625000000e-01 6.879882812500001665e-02 1.558544921875000000e+01 1.144628906250000000e+01 6.414794921875000000e-01 1.184814453124999334e-01 -8.041992187500000000e-01
3.266064453124999933e-01 5.260009765625000000e-01 5.879882812500000777e-02 1.108544921875000000e+01 1.244628906250000000e+01 -6.335205078125000222e-01 -1.065185546875000444e-01 -1.304199218750000000e+00
1.366064453124999911e-01 7.760009765625000000e-01 3.879882812500000389e-02 1.408544921875000000e+01 1.044628906250000000e+01 2.164794921874999556e-01 -5.565185546875000000e-01 -3.041992187500000000e-01
1.425439453125000033e-01 6.275634765625000000e-01 6.192382812500000361e-02 1.005419921875000000e+01 1.125878906250000000e+01 -3.944580078125000666e-01 -1.768310546875000444e-01 -1.522949218750000000e+00
3.325439453124999778e-01 8.775634765625000000e-01 4.192382812499999972e-02 1.305419921875000000e+01 9.258789062500000000e+00 4.555419921874999112e-01 -6.268310546875000000e-01 -5.229492187500000000e-01
4.275439453125000067e-01 5.025634765625000000e-01 3.192382812499999778e-02 1.155419921875000000e+01 1.025878906250000000e+01 -8.194580078125000000e-01 -4.018310546874999667e-01 -1.022949218750000000e+00
2.375439453125000044e-01 7.525634765625000000e-01 5.192382812500000167e-02 1.455419921875000000e+01 1.225878906250000000e+01 3.054199218749986677e-02 4.816894531249993339e-02 -2.294921875000000000e-02
2.850439453124999911e-01 5.650634765625000000e-01 4.692382812499999722e-02 1.080419921875000000e+01 1.075878906250000000e+01 2.430419921875000000e-01 -6.433105468750000000e-02 -7.729492187500000000e-01
4.750439453124999933e-01 8.150634765625000000e-01 6.692382812500000111e-02 1.380419921875000000e+01 1.275878906250000000e+01 -6.069580078125000888e-01 -5.143310546874999556e-01 -1.772949218750000000e+00
3.800439453125000200e-01 6.900634765625000000e-01 5.692382812500000611e-02 1.230419921875000000e+01 1.175878906250000000e+01 6.680419921875000444e-01 -2.893310546874999778e-01 -2.729492187500000000e-01
1.900439453124999900e-01 9.400634765625000000e-01 3.692382812500000222e-02 1.530419921875000000e+01 9.758789062500000000e+00 -1.819580078125000444e-01 1.606689453124999778e-01 -1.272949218750000000e+00
2.137939453125000111e-01 5.338134765625000000e-01 5.442382812500000389e-02 1.417919921875000000e+01 9.008789062500000000e+00 -2.882080078125000000e-01 -2.330810546875000111e-01 -3.979492187500000000e-01
4.037939453125000133e-01 7.838134765625000000e-01 3.442382812500000000e-02 1.117919921875000000e+01 1.100878906250000000e+01 5.617919921874998668e-01 -6.830810546874999112e-01 -1.397949218750000000e+00
4.987939453124999867e-01 6.588134765625000000e-01 4.442382812500000194e-02 1.567919921875000000e+01 1.200878906250000000e+01 -7.132080078125000444e-01 -4.580810546874999889e-01 -8.979492187500000000e-01
3.087939453124999845e-01 9.088134765625000000e-01 6.442382812499999889e-02 1.267919921875000000e+01 1.000878906250000000e+01 1.367919921875000444e-01 -8.081054687499977796e-03 -1.897949218750000000e+00
2.612939453124999978e-01 7.213134765625000000e-01 3.942382812500000444e-02 1.342919921875000000e+01 1.250878906250000000e+01 -7.570800781249997780e-02 -1.205810546875000222e-01 -1.147949218750000000e+00
4.512939453125000000e-01 9.713134765625000000e-01 5.942382812500000833e-02 1.042919921875000000e+01 1.050878906250000000e+01 -9.257080078124999556e-01 -5.705810546874999778e-01 -1.479492187500000000e-01
3.562939453125000266e-01 5.963134765625000000e-01 6.942382812500000333e-02 1.492919921875000000e+01 9.508789062500000000e+00 3.492919921874999556e-01 -3.455810546875000000e-01 -1.647949218750000000e+00
1.662939453124999967e-01 8.463134765625000000e-01 4.942382812499999944e-02 1.192919921875000000e+01 1.150878906250000000e+01 -5.007080078125000222e-01 1.044189453124999556e-01 -6.479492187500000000e-01
1.544189453125000000e-01 6.119384765625000000e-01 3.317382812499999889e-02 1.249169921875000000e+01 1.238378906250000000e+01 -9.788330078125000444e-01 -5.987060546874999334e-01 -2.104492187500000000e-01
3.444189453125000022e-01 8.619384765625000000e-01 5.317382812500000278e-02 1.549169921875000000e+01 1.038378906250000000e+01 -1.288330078125000666e-01 -1.487060546874999778e-01 -1.210449218750000000e+00
4.394189453124999756e-01 7.369384765625000000e-01 6.317382812499999778e-02 1.099169921875000000e+01 9.383789062500000000e+00 -5.538330078125000000e-01 7.629394531250000000e-02 -7.104492187500000000e-01
2.494189453125000011e-01 9.869384765625000000e-01 4.317382812500000083e-02 1.399169921875000000e+01 1.138378906250000000e+01 2.961669921874998668e-01 -3.737060546875000111e-01 -1.710449218750000000e+00
2.969189453124999600e-01 6.744384765625000000e-01 5.817382812500000722e-02 1.174169921875000000e+01 9.883789062500000000e+00 5.086669921875000000e-01 -4.862060546875000000e-01 -1.460449218750000000e+00
4.869189453125000178e-01 9.244384765625000000e-01 3.817382812500000333e-02 1.474169921875000000e+01 1.188378906250000000e+01 -3.413330078124999778e-01 -3.620605468750004441e-02 -4.604492187500000000e-01
3.919189453124999889e-01 5.494384765625000000e-01 4.817382812499999833e-02 1.024169921875000000e+01 1.288378906250000000e+01 8.366699218749995559e-02 1.887939453124999334e-01 -1.960449218750000000e+00
2.019189453124999867e-01 7.994384765625000000e-01 6.817382812500000222e-02 1.324169921875000000e+01 1.088378906250000000e+01 -7.663330078125000222e-01 -2.612060546875000222e-01 -9.604492187500000000e-01
1.781689453124999933e-01 7.056884765625000000e-01 4.067382812499999861e-02 1.511669921875000000e+01 1.013378906250000000e+01 -6.600830078124999556e-01 -6.549560546874999556e-01 -1.835449218750000000e+00
3.681689453124999956e-01 9.556884765625000000e-01 6.067382812500000944e-02 1.211669921875000000e+01 1.213378906250000000e+01 1.899169921874999112e-01 -2.049560546875000000e-01 -8.354492187500000000e-01
4.631689453125000244e-01 5.806884765625000000e-01 5.067382812500000056e-02 1.361669921875000000e+01 1.113378906250000000e+01 -2.350830078125000222e-01 2.004394531249997780e-02 -1.335449218750000000e+00
2.731689453125000222e-01 8.306884765625000000e-01 3.067382812500000014e-02 1.061669921875000000e+01 9.133789062500000000e+00 6.149169921874999556e-01 -4.299560546874999778e-01 -3.354492187500000000e-01
2.256689453124999800e-01 5.181884765625000000e-01 6.567382812500000000e-02 1.586669921875000000e+01 1.163378906250000000e+01 4.024169921875000444e-01 -5.424560546874999112e-01 -5.854492187500000000e-01
4.156689453124999822e-01 7.681884765625000000e-01 4.567382812500000305e-02 1.286669921875000000e+01 9.633789062500000000e+00 -4.475830078125000444e-01 -9.245605468750006661e-02 -1.585449218750000000e+00
3.206689453125000089e-01 6.431884765625000000e-01 3.567382812500000111e-02 1.436669921875000000e+01 1.063378906250000000e+01 -2.258300781250000000e-02 1.325439453124999112e-01 -8.544921875000000000e-02
1.306689453125000067e-01 8.931884765625000000e-01 5.567382812500000500e-02 1.136669921875000000e+01 1.263378906250000000e+01 -8.725830078124999778e-01 -3.174560546874999889e-01 -1.085449218750000000e+00
1.277001953124999867e-01 6.939697265625000000e-01 3.536132812500000083e-02 1.206982421875000000e+01 9.290039062500000000e+00 -7.796142578125000444e-01 -5.729980468750006661e-02 -1.726074218750000000e+00
3.177001953124999889e-01 9.439697265625000000e-01 5.536132812500000472e-02 1.506982421875000000e+01 1.129003906250000000e+01 7.038574218750004441e-02 -5.072998046874999112e-01 -7.260742187500000000e-01
4.127001953125000178e-01 5.689697265625000000e-01 6.536132812500000666e-02 1.056982421875000000e+01 1.229003906250000000e+01 -3.546142578125000000e-01 -2.822998046874999889e-01 -1.226074218750000000e+00
2.227001953125000155e-01 8.189697265625000000e-01 4.536132812500000278e-02 1.356982421875000000e+01 1.029003906250000000e+01 4.953857421874998668e-01 1.677001953124999112e-01 -2.260742187500000000e-01
2.702001953125000022e-01 5.064697265625000000e-01 5.036132812500000722e-02 1.281982421875000000e+01 1.279003906250000000e+01 2.828857421874999556e-01 -1.697998046875000000e-01 -9.760742187500000000e-01
4.602001953125000044e-01 7.564697265625000000e-01 3.036132812499999986e-02 1.581982421875000000e+01 1.079003906250000000e+01 -5.671142578125000222e-01 -6.197998046874999556e-01 -1.976074218750000000e+00
3.652001953125000311e-01 6.314697265625000000e-01 4.036132812499999833e-02 1.131982421875000000e+01 9.790039062500000000e+00 -1.421142578124999778e-01 -3.947998046874999778e-01 -4.760742187500000000e-01
1.752001953125000011e-01 8.814697265625000000e-01 6.036132812500000222e-02 1.431982421875000000e+01 1.179003906250000000e+01 -9.921142578124999556e-01 5.520019531249997780e-02 -1.476074218750000000e+00
1.989501953124999944e-01 6.002197265625000000e-01 4.786132812500000500e-02 1.544482421875000000e+01 1.104003906250000000e+01 -8.858642578125000000e-01 -1.135498046874999778e-01 -3.510742187500000000e-01
3.889501953125000244e-01 8.502197265625000000e-01 6.786132812500000888e-02 1.244482421875000000e+01 9.040039062500000000e+00 -3.586425781250002220e-02 -5.635498046874999334e-01 -1.351074218750000000e+00
4.839501953124999978e-01 7.252197265625000000e-01 5.786132812500000000e-02 1.394482421875000000e+01 1.004003906250000000e+01 -4.608642578125000666e-01 -3.385498046875000111e-01 -8.510742187500000000e-01
2.939501953124999956e-01 9.752197265625000000e-01 3.786132812499999611e-02 1.094482421875000000e+01 1.204003906250000000e+01 3.891357421874999112e-01 1.114501953125000000e-01 -1.851074218750000000e+00
2.464501953125000089e-01 6.627197265625000000e-01 6.286132812500000444e-02 1.469482421875000000e+01 1.054003906250000000e+01 6.016357421875000444e-01 -2.260498046875000222e-01 -1.101074218750000000e+00
4.364501953125000111e-01 9.127197265625000000e-01 4.286132812500000056e-02 1.169482421875000000e+01 1.254003906250000000e+01 -2.483642578125000444e-01 -6.760498046874999778e-01 -1.010742187500000000e-01
3.414501953124999822e-01 5.377197265625000000e-01 3.286132812499999861e-02 1.319482421875000000e+01 1.154003906250000000e+01 1.766357421875000000e-01 -4.510498046875000000e-01 -1.601074218750000000e+00
1.514501953124999800e-01 7.877197265625000000e-01 5.286132812500000250e-02 1.019482421875000000e+01 9.540039062500000000e+00 -6.733642578125000888e-01 -1.049804687500044409e-03 -6.010742187500000000e-01
1.633251953125000044e-01 5.533447265625000000e-01 6.911132812500000999e-02 1.113232421875000000e+01 1.041503906250000000e+01 -1.952392578125000666e-01 -4.791748046874999556e-01 -3.857421875000000000e-02
3.533251953125000067e-01 8.033447265625000000e-01 4.911132812500000611e-02 1.413232421875000000e+01 1.241503906250000000e+01 6.547607421874999112e-01 -2.917480468750000000e-02 -1.038574218750000000e+00
4.483251953124999800e-01 6.783447265625000000e-01 3.911132812499999722e-02 1.263232421875000000e+01 1.141503906250000000e+01 -6.202392578125000000e-01 1.958251953124999778e-01 -5.385742187500000000e-01
2.583251953124999778e-01 9.283447265625000000e-01 5.911132812500000111e-02 1.563232421875000000e+01 9.415039062500000000e+00 2.297607421874998668e-01 -2.541748046874999778e-01 -1.538574218750000000e+00
3.058251953124999645e-01 7.408447265625000000e-01 4.411132812500000167e-02 1.038232421875000000e+01 1.191503906250000000e+01 1.726074218749995559e-02 -5.916748046875000000e-01 -1.288574218750000000e+00
4.958251953125000222e-01 9.908447265625000000e-01 6.411132812500000555e-02 1.338232421875000000e+01 9.915039062500000000e+00 -8.327392578125000222e-01 -1.416748046875000444e-01 -2.885742187500000000e-01
4.008251953124999933e-01 6.158447265625000000e-01 5.411132812500000361e-02 1.188232421875000000e+01 1.091503906250000000e+01 4.422607421875000000e-01 8.332519531249993339e-02 -1.788574218750000000e+00
2.108251953124999911e-01 8.658447265625000000e-01 3.411132812499999972e-02 1.488232421875000000e+01 1.291503906250000000e+01 -4.077392578124999778e-01 -3.666748046874999667e-01 -7.885742187500000000e-01
1.870751953124999978e-01 6.470947265625000000e-01 5.661132812499999889e-02 1.300732421875000000e+01 1.216503906250000000e+01 -5.139892578125000444e-01 -5.354248046874999778e-01 -1.913574218750000000e+00
3.770751953125000000e-01 8.970947265625000000e-01 3.661132812500000194e-02 1.000732421875000000e+01 1.016503906250000000e+01 3.360107421875000444e-01 -8.542480468750002220e-02 -9.135742187500000000e-01
4.720751953124999734e-01 5.220947265625000000e-01 4.661132812500000389e-02 1.450732421875000000e+01 9.165039062500000000e+00 -9.389892578124999778e-01 1.395751953124999556e-01 -1.413574218750000000e+00
2.820751953125000266e-01 7.720947265625000000e-01 6.661132812500000777e-02 1.150732421875000000e+01 1.116503906250000000e+01 -8.898925781250000000e-02 -3.104248046875000000e-01 -4.135742187500000000e-01
2.345751953124999845e-01 5.845947265625000000e-01 3.161132812499999750e-02 1.375732421875000000e+01 9.665039062500000000e+00 1.235107421874999112e-01 -6.479248046874999112e-01 -6.635742187500000000e-01
4.245751953124999867e-01 8.345947265625000000e-01 5.161132812500000139e-02 1.075732421875000000e+01 1.166503906250000000e+01 -7.264892578124999556e-01 -1.979248046874999556e-01 -1.663574218750000000e+00
3.295751953125000133e-01 7.095947265625000000e-01 6.161132812500000333e-02 1.525732421875000000e+01 1.266503906250000000e+01 5.485107421874999556e-01 2.707519531250002220e-02 -1.635742187500000000e-01
1.395751953125000111e-01 9.595947265625000000e-01 4.161132812499999944e-02 1.225732421875000000e+01 1.066503906250000000e+01 -3.014892578125000222e-01 -4.229248046874999889e-01 -1.163574218750000000e+00
1.336376953124999989e-01 5.767822265625000000e-01 5.973632812500000167e-02 1.478857421875000000e+01 1.160253906250000000e+01 -1.155517578125000444e-01 1.536376953124999334e-01 -8.823242187500000000e-01
3.236376953124999734e-01 8.267822265625000000e-01 3.973632812499999778e-02 1.178857421875000000e+01 9.602539062500000000e+00 -9.655517578125000222e-01 -2.963623046875000222e-01 -1.882324218750000000e+00
4.186376953125000022e-01 7.017822265625000000e-01 4.973632812500000666e-02 1.328857421875000000e+01 1.060253906250000000e+01 3.094482421875000000e-01 -5.213623046875000000e-01 -3.823242187500000000e-01
2.286376953125000000e-01 9.517822265625000000e-01 6.973632812499999667e-02 1.028857421875000000e+01 1.260253906250000000e+01 -5.405517578125000888e-01 -7.136230468750004441e-02 -1.382324218750000000e+00
2.761376953124999867e-01 6.392822265625000000e-01 3.473632812500000028e-02 1.553857421875000000e+01 1.010253906250000000e+01 -3.280517578125000666e-01 4.113769531250000000e-02 -1.632324218750000000e+00
4.661376953124999889e-01 8.892822265625000000e-01 5.473632812500000416e-02 1.253857421875000000e+01 1.210253906250000000e+01 5.219482421874999112e-01 -4.088623046875000111e-01 -6.323242187500000000e-01
3.711376953125000155e-01 5.142822265625000000e-01 6.473632812500000611e-02 1.403857421875000000e+01 1.110253906250000000e+01 -7.530517578125000000e-01 -6.338623046874999334e-01 -1.132324218750000000e+00
1.811376953125000133e-01 7.642822265625000000e-01 4.473632812500000222e-02 1.103857421875000000e+01 9.102539062500000000e+00 9.694824218749986677e-02 -1.838623046874999778e-01 -1.323242187500000000e-01
2.048876953125000067e-01 7.330322265625000000e-01 6.723632812500000833e-02 1.291357421875000000e+01 9.852539062500000000e+00 2.031982421875000444e-01 9.738769531249991118e-02 -1.007324218750000000e+00
3.948876953125000089e-01 9.830322265625000000e-01 4.723632812500000444e-02 1.591357421875000000e+01 1.185253906250000000e+01 -6.468017578125000444e-01 -3.526123046874999889e-01 -7.324218750000000000e-03
4.898876953124999822e-01 6.080322265625000000e-01 3.723632812500000250e-02 1.141357421875000000e+01 1.285253906250000000e+01 6.281982421874998668e-01 -5.776123046874999112e-01 -1.507324218750000000e+00
2.998876953125000355e-01 8.580322265625000000e-01 5.723632812499999944e-02 1.441357421875000000e+01 1.085253906250000000e+01 -2.218017578125000000e-01 -1.276123046875000666e-01 -5.073242187500000000e-01
2.523876953124999933e-01 5.455322265625000000e-01 4.223632812500000000e-02 1.216357421875000000e+01 1.235253906250000000e+01 -4.343017578125000222e-01 -1.511230468750002220e-02 -2.573242187500000000e-01
4.423876953124999956e-01 7.955322265625000000e-01 6.223632812500000389e-02 1.516357421875000000e+01 1.035253906250000000e+01 4.156982421874999556e-01 -4.651123046874999778e-01 -1.257324218750000000e+00
3.473876953125000222e-01 6.705322265625000000e-01 5.223632812500000194e-02 1.066357421875000000e+01 9.352539062500000000e+00 -8.593017578124999556e-01 -6.901123046874999556e-01 -7.573242187500000000e-01
1.573876953124999922e-01 9.205322265625000000e-01 3.223632812499999806e-02 1.366357421875000000e+01 1.135253906250000000e+01 -9.301757812499977796e-03 -2.401123046875000000e-01 -1.757324218750000000e+00
1.455126953124999956e-01 6.861572265625000000e-01 4.598632812500000333e-02 1.385107421875000000e+01 1.272753906250000000e+01 4.688232421875000444e-01 -2.682373046875000111e-01 -1.319824218750000000e+00
3.355126953124999978e-01 9.361572265625000000e-01 6.598632812500000722e-02 1.085107421875000000e+01 1.072753906250000000e+01 -3.811767578125000444e-01 1.817626953125000000e-01 -3.198242187500000000e-01
4.305126953125000266e-01 5.611572265625000000e-01 5.598632812500000527e-02 1.535107421875000000e+01 9.727539062500000000e+00 4.382324218750000000e-02 -4.323730468749997780e-02 -1.819824218750000000e+00
2.405126953124999967e-01 8.111572265625000000e-01 3.598632812500000139e-02 1.235107421875000000e+01 1.172753906250000000e+01 -8.061767578124999778e-01 -4.932373046874999889e-01 -8.198242187500000000e-01
2.880126953125000111e-01 6.236572265625000000e-01 6.098632812500000278e-02 1.310107421875000000e+01 9.227539062500000000e+00 -5.936767578124999556e-01 -3.807373046875000000e-01 -6.982421875000000000e-02
4.780126953125000133e-01 8.736572265625000000e-01 4.098632812499999889e-02 1.010107421875000000e+01 1.122753906250000000e+01 2.563232421874999112e-01 6.926269531249995559e-02 -1.069824218750000000e+00
3.830126953124999845e-01 7.486572265625000000e-01 3.098632812500000042e-02 1.460107421875000000e+01 1.222753906250000000e+01 -1.686767578125000222e-01 -1.557373046875000222e-01 -5.698242187500000000e-01
1.930126953124999822e-01 9.986572265625000000e-01 5.098632812500000777e-02 1.160107421875000000e+01 1.022753906250000000e+01 6.813232421874999556e-01 -6.057373046874999778e-01 -1.569824218750000000e+00
1.692626953124999889e-01 5.299072265625000000e-01 3.848632812499999667e-02 1.047607421875000000e+01 1.097753906250000000e+01 5.750732421875000000e-01 -3.244873046874999778e-01 -6.948242187500000000e-01
3.592626953124999911e-01 7.799072265625000000e-01 5.848632812500000056e-02 1.347607421875000000e+01 1.297753906250000000e+01 -2.749267578124999778e-01 1.255126953124999778e-01 -1.694824218750000000e+00
4.542626953125000200e-01 6.549072265625000000e-01 6.848632812500000944e-02 1.197607421875000000e+01 1.197753906250000000e+01 1.500732421874999556e-01 -9.948730468750000000e-02 -1.948242187500000000e-01
2.642626953125000178e-01 9.049072265625000000e-01 4.848632812500000555e-02 1.497607421875000000e+01 9.977539062500000000e+00 -6.999267578125000222e-01 -5.494873046874999556e-01 -1.194824218750000000e+00
2.167626953125000033e-01 7.174072265625000000e-01 5.348632812500000305e-02 1.122607421875000000e+01 1.147753906250000000e+01 -9.124267578125000444e-01 -4.369873046874999667e-01 -1.944824218750000000e+00
4.067626953124999778e-01 9.674072265625000000e-01 3.348632812499999917e-02 1.422607421875000000e+01 9.477539062500000000e+00 -6.242675781250006661e-02 1.301269531249993339e-02 -9.448242187500000000e-01
3.117626953125000044e-01 5.924072265625000000e-01 4.348632812500000111e-02 1.272607421875000000e+01 1.047753906250000000e+01 -4.874267578125000000e-01 -2.119873046874999889e-01 -1.444824218750000000e+00
1.217626953125000022e-01 8.424072265625000000e-01 6.348632812500000500e-02 1.572607421875000000e+01 1.247753906250000000e+01 3.625732421874998668e-01 -6.619873046875000000e-01 -4.448242187500000000e-01
1.225048828124999933e-01 5.933837890625000000e-01 3.981445312500000305e-02 1.112060546875000000e+01 1.109472656250000000e+01 -2.716064453125000000e-01 -4.176513671875000111e-01 -5.659179687500000000e-01
3.125048828124999956e-01 8.433837890625000000e-01 5.981445312500000000e-02 1.412060546875000000e+01 9.094726562500000000e+00 5.783935546874998668e-01 3.234863281250000000e-02 -1.565917968750000000e+00
4.075048828125000244e-01 7.183837890625000000e-01 6.981445312500000888e-02 1.262060546875000000e+01 1.009472656250000000e+01 -6.966064453125000444e-01 -1.926513671874999778e-01 -6.591796875000000000e-02
2.175048828124999944e-01 9.683837890625000000e-01 4.981445312500000500e-02 1.562060546875000000e+01 1.209472656250000000e+01 1.533935546875000444e-01 -6.426513671874999334e-01 -1.065917968750000000e+00
2.650048828125000089e-01 6.558837890625000000e-01 5.481445312500000250e-02 1.037060546875000000e+01 1.059472656250000000e+01 -5.910644531249997780e-02 -3.051513671875000222e-01 -1.815917968750000000e+00
4.550048828125000111e-01 9.058837890625000000e-01 3.481445312499999861e-02 1.337060546875000000e+01 1.259472656250000000e+01 -9.091064453124999556e-01 1.448486328124999334e-01 -8.159179687500000000e-01
3.600048828124999822e-01 5.308837890625000000e-01 4.481445312500000056e-02 1.187060546875000000e+01 1.159472656250000000e+01 3.658935546874999556e-01 -8.015136718750004441e-02 -1.315917968750000000e+00
1.700048828124999800e-01 7.808837890625000000e-01 6.481445312500000444e-02 1.487060546875000000e+01 9.594726562500000000e+00 -4.841064453125000222e-01 -5.301513671875000000e-01 -3.159179687500000000e-01
1.937548828125000011e-01 7.496337890625000000e-01 4.731445312500000278e-02 1.374560546875000000e+01 9.344726562500000000e+00 -3.778564453125000666e-01 -4.739013671874999778e-01 -1.440917968750000000e+00
3.837548828124999756e-01 9.996337890625000000e-01 6.731445312500000666e-02 1.074560546875000000e+01 1.134472656250000000e+01 4.721435546874999112e-01 -2.390136718750002220e-02 -4.409179687500000000e-01
4.787548828125000044e-01 6.246337890625000000e-01 5.731445312500000472e-02 1.524560546875000000e+01 1.234472656250000000e+01 -8.028564453125000000e-01 -2.489013671875000000e-01 -1.940917968750000000e+00
2.887548828125000022e-01 8.746337890625000000e-01 3.731445312500000083e-02 1.224560546875000000e+01 1.034472656250000000e+01 4.714355468749986677e-02 -6.989013671874999556e-01 -9.409179687500000000e-01
2.412548828125000155e-01 5.621337890625000000e-01 6.231445312500000222e-02 1.449560546875000000e+01 1.284472656250000000e+01 2.596435546875000000e-01 -3.614013671874999889e-01 -1.909179687500000000e-01
4.312548828125000178e-01 8.121337890625000000e-01 4.231445312499999833e-02 1.149560546875000000e+01 1.084472656250000000e+01 -5.903564453125000888e-01 8.859863281249991118e-02 -1.190917968750000000e+00
3.362548828124999889e-01 6.871337890625000000e-01 3.231445312499999639e-02 1.599560546875000000e+01 9.844726562500000000e+00 6.846435546875000444e-01 -1.364013671875000666e-01 -6.909179687500000000e-01
1.462548828124999867e-01 9.371337890625000000e-01 5.231445312500000722e-02 1.299560546875000000e+01 1.184472656250000000e+01 -1.653564453125000444e-01 -5.864013671874999112e-01 -1.690917968750000000e+00
1.581298828125000111e-01 6.715087890625000000e-01 6.606445312500000555e-02 1.168310546875000000e+01 1.221972656250000000e+01 -6.434814453124999556e-01 6.047363281249995559e-02 -1.128417968750000000e+00
3.481298828125000133e-01 9.215087890625000000e-01 4.606445312500000167e-02 1.468310546875000000e+01 1.021972656250000000e+01 2.065185546874999112e-01 -3.895263671875000000e-01 -1.284179687500000000e-01
4.431298828124999867e-01 5.465087890625000000e-01 3.606445312499999972e-02 1.018310546875000000e+01 9.219726562500000000e+00 -2.184814453125000222e-01 -6.145263671874999778e-01 -1.628417968750000000e+00
2.531298828124999845e-01 7.965087890625000000e-01 5.606445312500000361e-02 1.318310546875000000e+01 1.121972656250000000e+01 6.315185546874999556e-01 -1.645263671875000222e-01 -6.284179687500000000e-01
3.006298828125000266e-01 6.090087890625000000e-01 4.106445312499999722e-02 1.243310546875000000e+01 9.719726562500000000e+00 4.190185546875000444e-01 1.729736328125000000e-01 -3.784179687500000000e-01
4.906298828124999734e-01 8.590087890625000000e-01 6.106445312500000111e-02 1.543310546875000000e+01 1.171972656250000000e+01 -4.309814453125000444e-01 -2.770263671875000111e-01 -1.378417968750000000e+00
3.956298828125000000e-01 7.340087890625000000e-01 5.106445312500000611e-02 1.093310546875000000e+01 1.271972656250000000e+01 -5.981445312500000000e-03 -5.020263671875000444e-01 -8.784179687500000000e-01
2.056298828124999978e-01 9.840087890625000000e-01 3.106445312499999875e-02 1.393310546875000000e+01 1.071972656250000000e+01 -8.559814453124999778e-01 -5.202636718749997780e-02 -1.878417968750000000e+00
1.818798828125000044e-01 5.152587890625000000e-01 5.856445312500000583e-02 1.580810546875000000e+01 1.046972656250000000e+01 -9.622314453125000444e-01 4.223632812499933387e-03 -7.534179687500000000e-01
3.718798828125000067e-01 7.652587890625000000e-01 3.856445312500000194e-02 1.280810546875000000e+01 1.246972656250000000e+01 -1.122314453125000666e-01 -4.457763671874999667e-01 -1.753417968750000000e+00
4.668798828124999800e-01 6.402587890625000000e-01 4.856445312500000389e-02 1.430810546875000000e+01 1.146972656250000000e+01 -5.372314453125000000e-01 -6.707763671875000000e-01 -2.534179687500000000e-01
2.768798828124999778e-01 8.902587890625000000e-01 6.856445312500000777e-02 1.130810546875000000e+01 9.469726562500000000e+00 3.127685546874998668e-01 -2.207763671874999889e-01 -1.253417968750000000e+00
2.293798828124999911e-01 7.027587890625000000e-01 3.356445312499999750e-02 1.505810546875000000e+01 1.196972656250000000e+01 5.252685546875000000e-01 1.167236328124999778e-01 -1.503417968750000000e+00
4.193798828124999933e-01 9.527587890625000000e-01 5.356445312500000833e-02 1.205810546875000000e+01 9.969726562500000000e+00 -3.247314453124999778e-01 -3.332763671874999778e-01 -5.034179687500000000e-01
3.243798828124999645e-01 5.777587890625000000e-01 6.356445312500000333e-02 1.355810546875000000e+01 1.096972656250000000e+01 1.002685546874999556e-01 -5.582763671874999556e-01 -1.003417968750000000e+00
1.343798828124999900e-01 8.277587890625000000e-01 4.356445312499999944e-02 1.055810546875000000e+01 1.296972656250000000e+01 -7.497314453125000222e-01 -1.082763671875000000e-01 -3.417968750000000000e-03
1.403173828125000022e-01 7.105712890625000000e-01 5.543945312500000305e-02 1.440185546875000000e+01 9.782226562500000000e+00 3.393310546874999112e-01 -6.285888671874999556e-01 -1.784667968750000000e+00
3.303173828125000044e-01 9.605712890625000000e-01 3.543945312499999917e-02 1.140185546875000000e+01 1.178222656250000000e+01 -5.106689453124999556e-01 -1.785888671875000000e-01 -7.846679687500000000e-01
4.253173828124999778e-01 5.855712890625000000e-01 4.543945312500000111e-02 1.590185546875000000e+01 1.278222656250000000e+01 -8.566894531250002220e-02 4.641113281249997780e-02 -1.284667968750000000e+00
2.353173828125000033e-01 8.355712890625000000e-01 6.543945312500000500e-02 1.290185546875000000e+01 1.078222656250000000e+01 -9.356689453125000000e-01 -4.035888671874999778e-01 -2.846679687500000000e-01
2.828173828125000178e-01 5.230712890625000000e-01 3.043945312499999820e-02 1.365185546875000000e+01 1.228222656250000000e+01 -7.231689453125000888e-01 -5.160888671874999112e-01 -5.346679687500000000e-01
4.728173828125000200e-01 7.730712890625000000e-01 5.043945312500000555e-02 1.065185546875000000e+01 1.028222656250000000e+01 1.268310546875000000e-01 -6.608886718750006661e-02 -1.534667968750000000e+00
3.778173828124999911e-01 6.480712890625000000e-01 6.043945312500000056e-02 1.515185546875000000e+01 9.282226562500000000e+00 -2.981689453125000444e-01 1.589111328124999112e-01 -3.466796875000000000e-02
1.878173828124999889e-01 8.980712890625000000e-01 4.043945312499999667e-02 1.215185546875000000e+01 1.128222656250000000e+01 5.518310546875000444e-01 -2.910888671874999889e-01 -1.034667968750000000e+00
2.115673828124999822e-01 6.168212890625000000e-01 6.793945312500000722e-02 1.027685546875000000e+01 1.153222656250000000e+01 6.580810546875000000e-01 -6.848388671874999778e-01 -1.596679687500000000e-01
4.015673828124999845e-01 8.668212890625000000e-01 4.793945312500000333e-02 1.327685546875000000e+01 9.532226562500000000e+00 -1.919189453124999778e-01 -2.348388671875000222e-01 -1.159667968750000000e+00
4.965673828125000133e-01 7.418212890625000000e-01 3.793945312500000139e-02 1.177685546875000000e+01 1.053222656250000000e+01 2.330810546874999556e-01 -9.838867187500044409e-03 -6.596679687500000000e-01
3.065673828125000111e-01 9.918212890625000000e-01 5.793945312500000527e-02 1.477685546875000000e+01 1.253222656250000000e+01 -6.169189453125000222e-01 -4.598388671875000000e-01 -1.659667968750000000e+00
2.590673828124999689e-01 6.793212890625000000e-01 4.293945312499999889e-02 1.102685546875000000e+01 1.003222656250000000e+01 -8.294189453125000444e-01 -5.723388671874999334e-01 -1.409667968750000000e+00
4.490673828125000266e-01 9.293212890625000000e-01 6.293945312500000278e-02 1.402685546875000000e+01 1.203222656250000000e+01 2.058105468750004441e-02 -1.223388671874999778e-01 -4.096679687500000000e-01
3.540673828124999978e-01 5.543212890625000000e-01 5.293945312500000777e-02 1.252685546875000000e+01 1.103222656250000000e+01 -4.044189453125000000e-01 1.026611328125000000e-01 -1.909667968750000000e+00
1.640673828124999956e-01 8.043212890625000000e-01 3.293945312499999695e-02 1.552685546875000000e+01 9.032226562500000000e+00 4.455810546874998668e-01 -3.473388671875000111e-01 -9.096679687500000000e-01
1.521923828124999989e-01 5.386962890625000000e-01 4.918945312500000444e-02 1.496435546875000000e+01 1.090722656250000000e+01 -3.254394531250004441e-02 -1.504638671875000444e-01 -4.721679687500000000e-01
3.421923828124999734e-01 7.886962890625000000e-01 6.918945312500000833e-02 1.196435546875000000e+01 1.290722656250000000e+01 -8.825439453125000222e-01 -6.004638671875000000e-01 -1.472167968750000000e+00
4.371923828125000022e-01 6.636962890625000000e-01 5.918945312499999944e-02 1.346435546875000000e+01 1.190722656250000000e+01 3.924560546875000000e-01 -3.754638671874999667e-01 -9.721679687500000000e-01
2.471923828125000000e-01 9.136962890625000000e-01 3.918945312500000250e-02 1.046435546875000000e+01 9.907226562500000000e+00 -4.575439453124999778e-01 7.453613281249993339e-02 -1.972167968750000000e+00
2.946923828124999867e-01 7.261962890625000000e-01 6.418945312500000389e-02 1.571435546875000000e+01 1.140722656250000000e+01 -2.450439453125000666e-01 -3.796386718750000000e-02 -1.222167968750000000e+00
4.846923828124999889e-01 9.761962890625000000e-01 4.418945312500000000e-02 1.271435546875000000e+01 9.407226562500000000e+00 6.049560546874999112e-01 -4.879638671874999556e-01 -2.221679687500000000e-01
3.896923828125000155e-01 6.011962890625000000e-01 3.418945312499999806e-02 1.421435546875000000e+01 1.040722656250000000e+01 -6.700439453125000000e-01 -2.629638671874999778e-01 -1.722167968750000000e+00
1.996923828125000133e-01 8.511962890625000000e-01 5.418945312500000194e-02 1.121435546875000000e+01 1.240722656250000000e+01 1.799560546874998668e-01 1.870361328124999778e-01 -7.221679687500000000e-01
1.759423828124999922e-01 6.324462890625000000e-01 3.668945312500000028e-02 1.233935546875000000e+01 1.265722656250000000e+01 7.370605468749991118e-02 -2.067138671875000111e-01 -1.597167968750000000e+00
3.659423828125000222e-01 8.824462890625000000e-01 5.668945312500000416e-02 1.533935546875000000e+01 1.065722656250000000e+01 -7.762939453124999556e-01 -6.567138671874999112e-01 -5.971679687500000000e-01
4.609423828124999956e-01 5.074462890625000000e-01 6.668945312500000611e-02 1.083935546875000000e+01 9.657226562500000000e+00 4.987060546874999556e-01 -4.317138671874999889e-01 -1.097167968750000000e+00
2.709423828124999933e-01 7.574462890625000000e-01 4.668945312500000222e-02 1.383935546875000000e+01 1.165722656250000000e+01 -3.512939453125000222e-01 1.828613281250002220e-02 -9.716796875000000000e-02
2.234423828125000067e-01 5.699462890625000000e-01 5.168945312500000666e-02 1.158935546875000000e+01 9.157226562500000000e+00 -5.637939453125000444e-01 -9.421386718750002220e-02 -8.471679687500000000e-01
4.134423828125000089e-01 8.199462890625000000e-01 3.168945312500000278e-02 1.458935546875000000e+01 1.115722656250000000e+01 2.862060546875000444e-01 -5.442138671874999778e-01 -1.847167968750000000e+00
3.184423828125000355e-01 6.949462890625000000e-01 4.168945312499999778e-02 1.008935546875000000e+01 1.215722656250000000e+01 -9.887939453124999778e-01 -3.192138671875000000e-01 -3.471679687500000000e-01
1.284423828125000056e-01 9.449462890625000000e-01 6.168945312500000167e-02 1.308935546875000000e+01 1.015722656250000000e+01 -1.387939453125000000e-01 1.307861328124999556e-01 -1.347167968750000000e+00
1.314111328124999978e-01 6.441650390625000000e-01 4.200195312500000500e-02 1.529248046875000000e+01 1.175097656250000000e+01 1.932373046875000000e-01 -5.090576171874999778e-01 -1.956542968750000000e+00
3.214111328125000000e-01 8.941650390625000000e-01 6.200195312500000194e-02 1.229248046875000000e+01 9.750976562500000000e+00 -6.567626953125000888e-01 -5.905761718750002220e-02 -9.565429687500000000e-01
4.164111328124999734e-01 5.191650390625000000e-01 5.200195312500000000e-02 1.379248046875000000e+01 1.075097656250000000e+01 6.182373046875000444e-01 1.659423828124999556e-01 -1.456542968750000000e+00
2.264111328124999989e-01 7.691650390625000000e-01 3.200195312499999611e-02 1.079248046875000000e+01 1.275097656250000000e+01 -2.317626953125000444e-01 -2.840576171875000000e-01 -4.565429687500000000e-01
2.739111328125000133e-01 5.816650390625000000e-01 6.700195312500001332e-02 1.454248046875000000e+01 1.025097656250000000e+01 -4.442626953125000666e-01 -6.215576171874999112e-01 -7.065429687500000000e-01
4.639111328125000155e-01 8.316650390625000000e-01 4.700195312500000250e-02 1.154248046875000000e+01 1.225097656250000000e+01 4.057373046874999112e-01 -1.715576171874999556e-01 -1.706542968750000000e+00
3.689111328124999867e-01 7.066650390625000000e-01 3.700195312500000056e-02 1.304248046875000000e+01 1.125097656250000000e+01 -8.692626953125000000e-01 5.344238281250002220e-02 -2.065429687500000000e-01
1.789111328124999845e-01 9.566650390625000000e-01 5.700195312500000444e-02 1.004248046875000000e+01 9.250976562500000000e+00 -1.926269531250002220e-02 -3.965576171874999889e-01 -1.206542968750000000e+00
2.026611328124999778e-01 5.504150390625000000e-01 3.450195312499999833e-02 1.191748046875000000e+01 9.500976562500000000e+00 -1.255126953124999778e-01 -5.653076171875000000e-01 -8.154296875000000000e-02
3.926611328124999800e-01 8.004150390625000000e-01 5.450195312500000222e-02 1.491748046875000000e+01 1.150097656250000000e+01 -9.755126953124999556e-01 -1.153076171875000444e-01 -1.081542968750000000e+00
4.876611328125000089e-01 6.754150390625000000e-01 6.450195312500001110e-02 1.041748046875000000e+01 1.250097656250000000e+01 2.994873046874999556e-01 1.096923828124999334e-01 -5.815429687500000000e-01
2.976611328125000067e-01 9.254150390625000000e-01 4.450195312500000028e-02 1.341748046875000000e+01 1.050097656250000000e+01 -5.505126953125000222e-01 -3.403076171874999667e-01 -1.581542968750000000e+00
2.501611328124999645e-01 7.379150390625000000e-01 5.950195312500000666e-02 1.266748046875000000e+01 1.200097656250000000e+01 -3.380126953125000000e-01 -6.778076171874999334e-01 -1.331542968750000000e+00
4.401611328125000222e-01 9.879150390625000000e-01 3.950195312500000278e-02 1.566748046875000000e+01 1.000097656250000000e+01 5.119873046874998668e-01 -2.278076171874999778e-01 -3.315429687500000000e-01
3.451611328124999933e-01 6.129150390625000000e-01 4.950195312499999778e-02 1.116748046875000000e+01 9.000976562500000000e+00 -7.630126953125000444e-01 -2.807617187500000000e-03 -1.831542968750000000e+00
1.551611328124999911e-01 8.629150390625000000e-01 6.950195312500001554e-02 1.416748046875000000e+01 1.100097656250000000e+01 8.698730468750004441e-02 -4.528076171874999556e-01 -8.315429687500000000e-01
1.670361328124999878e-01 5.972900390625000000e-01 5.325195312500000111e-02 1.322998046875000000e+01 1.287597656250000000e+01 5.651123046874999556e-01 -3.093261718750006661e-02 -2.690429687500000000e-01
3.570361328125000178e-01 8.472900390625000000e-01 3.325195312499999722e-02 1.022998046875000000e+01 1.087597656250000000e+01 -2.848876953125000222e-01 -4.809326171874999667e-01 -1.269042968750000000e+00
4.520361328124999911e-01 7.222900390625000000e-01 4.325195312499999917e-02 1.472998046875000000e+01 9.875976562500000000e+00 1.401123046874999112e-01 -2.559326171874999889e-01 -7.690429687500000000e-01
2.620361328124999889e-01 9.722900390625000000e-01 6.325195312500000999e-02 1.172998046875000000e+01 1.187597656250000000e+01 -7.098876953124999556e-01 1.940673828124999112e-01 -1.769042968750000000e+00
3.095361328125000311e-01 6.597900390625000000e-01 3.825195312500000167e-02 1.397998046875000000e+01 9.375976562500000000e+00 -9.223876953124999778e-01 -1.434326171875000000e-01 -1.019042968750000000e+00
4.995361328124999778e-01 9.097900390625000000e-01 5.825195312500000555e-02 1.097998046875000000e+01 1.137597656250000000e+01 -7.238769531250000000e-02 -5.934326171874999556e-01 -1.904296875000000000e-02
4.045361328125000044e-01 5.347900390625000000e-01 6.825195312500001443e-02 1.547998046875000000e+01 1.237597656250000000e+01 -4.973876953125000444e-01 -3.684326171874999778e-01 -1.519042968750000000e+00
2.145361328125000022e-01 7.847900390625000000e-01 4.825195312500000361e-02 1.247998046875000000e+01 1.037597656250000000e+01 3.526123046875000444e-01 8.156738281249997780e-02 -5.190429687500000000e-01
1.907861328125000089e-01 6.910400390625000000e-01 6.075195312500000777e-02 1.135498046875000000e+01 1.062597656250000000e+01 4.588623046875000000e-01 -8.718261718749997780e-02 -1.644042968750000000e+00
3.807861328125000111e-01 9.410400390625000000e-01 4.075195312500000389e-02 1.435498046875000000e+01 1.262597656250000000e+01 -3.911376953124999778e-01 -5.371826171874999334e-01 -6.440429687500000000e-01
4.757861328124999845e-01 5.660400390625000000e-01 3.075195312499999847e-02 1.285498046875000000e+01 1.162597656250000000e+01 3.386230468749995559e-02 -3.121826171875000111e-01 -1.144042968750000000e+00
2.857861328124999822e-01 8.160400390625000000e-01 5.075195312499999889e-02 1.585498046875000000e+01 9.625976562500000000e+00 -8.161376953125000222e-01 1.378173828125000000e-01 -1.440429687500000000e-01
2.382861328124999956e-01 5.035400390625000000e-01 4.575195312500000139e-02 1.060498046875000000e+01 1.112597656250000000e+01 -6.036376953125000000e-01 -1.996826171875000222e-01 -8.940429687500000000e-01
4.282861328124999978e-01 7.535400390625000000e-01 6.575195312500001221e-02 1.360498046875000000e+01 9.125976562500000000e+00 2.463623046874998668e-01 -6.496826171874999778e-01 -1.894042968750000000e+00
3.332861328124999689e-01 6.285400390625000000e-01 5.575195312500000333e-02 1.210498046875000000e+01 1.012597656250000000e+01 -1.786376953125000666e-01 -4.246826171875000000e-01 -3.940429687500000000e-01
1.432861328124999944e-01 8.785400390625000000e-01 3.575195312499999944e-02 1.510498046875000000e+01 1.212597656250000000e+01 6.713623046874999112e-01 2.531738281249995559e-02 -1.394042968750000000e+00
1.373486328124999822e-01 5.269775390625000000e-01 6.262695312499999556e-02 1.276123046875000000e+01 9.063476562500000000e+00 -8.427001953124999556e-01 -2.981201171874999778e-01 -6.752929687500000000e-01
3.273486328124999845e-01 7.769775390625000000e-01 4.262695312500000555e-02 1.576123046875000000e+01 1.106347656250000000e+01 7.299804687499911182e-03 1.518798828124999778e-01 -1.675292968750000000e+00
4.223486328125000133e-01 6.519775390625000000e-01 3.262695312499999667e-02 1.126123046875000000e+01 1.206347656250000000e+01 -4.177001953125000222e-01 -7.312011718750000000e-02 -1.752929687500000000e-01
2.323486328125000111e-01 9.019775390625000000e-01 5.262695312500000056e-02 1.426123046875000000e+01 1.006347656250000000e+01 4.322998046874999556e-01 -5.231201171874999556e-01 -1.175292968750000000e+00
2.798486328124999978e-01 7.144775390625000000e-01 4.762695312500000305e-02 1.201123046875000000e+01 1.256347656250000000e+01 6.447998046874998668e-01 -4.106201171874999667e-01 -1.925292968750000000e+00
4.698486328125000000e-01 9.644775390625000000e-01 6.762695312500000000e-02 1.501123046875000000e+01 1.056347656250000000e+01 -2.052001953125000000e-01 3.937988281249993339e-02 -9.252929687500000000e-01
3.748486328124999711e-01 5.894775390625000000e-01 5.762695312500000500e-02 1.051123046875000000e+01 9.563476562500000000e+00 2.197998046875000444e-01 -1.856201171875000444e-01 -1.425292968750000000e+00
1.848486328124999967e-01 8.394775390625000000e-01 3.762695312500000111e-02 1.351123046875000000e+01 1.156347656250000000e+01 -6.302001953125000444e-01 -6.356201171875000000e-01 -4.252929687500000000e-01
2.085986328124999900e-01 6.832275390625000000e-01 5.012695312499999833e-02 1.463623046875000000e+01 1.131347656250000000e+01 -7.364501953125000000e-01 -3.543701171875000000e-01 -1.300292968750000000e+00
3.985986328125000200e-01 9.332275390625000000e-01 3.012695312499999792e-02 1.163623046875000000e+01 9.313476562500000000e+00 1.135498046874998668e-01 9.562988281249995559e-02 -3.002929687500000000e-01
4.935986328124999933e-01 5.582275390625000000e-01 4.012695312500000333e-02 1.313623046875000000e+01 1.031347656250000000e+01 -3.114501953125000666e-01 -1.293701171875000222e-01 -1.800292968750000000e+00
3.035986328124999911e-01 8.082275390625000000e-01 6.012695312500000722e-02 1.013623046875000000e+01 1.231347656250000000e+01 5.385498046874999112e-01 -5.793701171874999778e-01 -8.002929687500000000e-01
2.560986328125000044e-01 6.207275390625000000e-01 3.512695312499999889e-02 1.538623046875000000e+01 1.081347656250000000e+01 3.260498046875000000e-01 -4.668701171874999889e-01 -5.029296875000000000e-02
4.460986328125000067e-01 8.707275390625000000e-01 5.512695312500000278e-02 1.238623046875000000e+01 1.281347656250000000e+01 -5.239501953125000888e-01 -1.687011718749997780e-02 -1.050292968750000000e+00
3.510986328124999778e-01 7.457275390625000000e-01 6.512695312499999778e-02 1.388623046875000000e+01 1.181347656250000000e+01 -9.895019531250004441e-02 -2.418701171875000111e-01 -5.502929687500000000e-01
1.610986328125000033e-01 9.957275390625000000e-01 4.512695312500000083e-02 1.088623046875000000e+01 9.813476562500000000e+00 -9.489501953125000222e-01 -6.918701171874999112e-01 -1.550292968750000000e+00
1.492236328125000067e-01 7.301025390625000000e-01 3.137695312500000250e-02 1.069873046875000000e+01 1.018847656250000000e+01 -4.708251953125000000e-01 1.800048828124999334e-01 -1.112792968750000000e+00
3.392236328125000089e-01 9.801025390625000000e-01 5.137695312499999944e-02 1.369873046875000000e+01 1.218847656250000000e+01 3.791748046874998668e-01 -2.699951171875000222e-01 -1.127929687500000000e-01
4.342236328124999822e-01 6.051025390625000000e-01 6.137695312500000833e-02 1.219873046875000000e+01 1.118847656250000000e+01 -8.958251953125000444e-01 -4.949951171875000000e-01 -1.612792968750000000e+00
2.442236328124999800e-01 8.551025390625000000e-01 4.137695312500000444e-02 1.519873046875000000e+01 9.188476562500000000e+00 -4.582519531250006661e-02 -4.499511718750004441e-02 -6.127929687500000000e-01
2.917236328125000222e-01 5.426025390625000000e-01 5.637695312500000389e-02 1.144873046875000000e+01 1.168847656250000000e+01 1.666748046874999556e-01 6.750488281250000000e-02 -3.627929687500000000e-01
4.817236328125000244e-01 7.926025390625000000e-01 3.637695312500000000e-02 1.444873046875000000e+01 9.688476562500000000e+00 -6.833251953125000222e-01 -3.824951171875000111e-01 -1.362792968750000000e+00
3.867236328124999956e-01 6.676025390625000000e-01 4.637695312500000194e-02 1.294873046875000000e+01 1.068847656250000000e+01 5.916748046875000000e-01 -6.074951171874999334e-01 -8.627929687500000000e-01
1.967236328124999933e-01 9.176025390625000000e-01 6.637695312499999889e-02 1.594873046875000000e+01 1.268847656250000000e+01 -2.583251953124999778e-01 -1.574951171874999778e-01 -1.862792968750000000e+00
1.729736328125000000e-01 5.738525390625000000e-01 4.387695312499999972e-02 1.407373046875000000e+01 1.243847656250000000e+01 -1.520751953125000222e-01 1.237548828124999112e-01 -9.877929687500000000e-01
3.629736328125000022e-01 8.238525390625000000e-01 6.387695312499999667e-02 1.107373046875000000e+01 1.043847656250000000e+01 6.979248046874999556e-01 -3.262451171874999889e-01 -1.987792968750000000e+00
4.579736328124999756e-01 6.988525390625000000e-01 5.387695312500000167e-02 1.557373046875000000e+01 9.438476562500000000e+00 -5.770751953124999556e-01 -5.512451171874999112e-01 -4.877929687500000000e-01
2.679736328124999734e-01 9.488525390625000000e-01 3.387695312499999778e-02 1.257373046875000000e+01 1.143847656250000000e+01 2.729248046874999112e-01 -1.012451171875000666e-01 -1.487792968750000000e+00
2.204736328124999867e-01 6.363525390625000000e-01 6.887695312500000111e-02 1.332373046875000000e+01 9.938476562500000000e+00 6.042480468750000000e-02 1.125488281249997780e-02 -1.737792968750000000e+00
4.104736328124999889e-01 8.863525390625000000e-01 4.887695312500000416e-02 1.032373046875000000e+01 1.193847656250000000e+01 -7.895751953124999778e-01 -4.387451171874999778e-01 -7.377929687500000000e-01
3.154736328124999600e-01 5.113525390625000000e-01 3.887695312500000222e-02 1.482373046875000000e+01 1.293847656250000000e+01 4.854248046875000444e-01 -6.637451171874999556e-01 -1.237792968750000000e+00
1.254736328124999856e-01 7.613525390625000000e-01 5.887695312500000611e-02 1.182373046875000000e+01 1.093847656250000000e+01 -3.645751953125000444e-01 -2.137451171875000000e-01 -2.377929687500000000e-01
1.239892578124999895e-01 7.398681640625000000e-01 6.872070312500000444e-02 1.522216796875000000e+01 1.276660156250000000e+01 -9.555908203124999778e-01 -5.617919921874999778e-01 -4.174804687500000000e-01
3.139892578124999778e-01 9.898681640625000000e-01 4.872070312500000056e-02 1.222216796875000000e+01 1.076660156250000000e+01 -1.055908203125000000e-01 -1.117919921875000222e-01 -1.417480468750000000e+00
4.089892578125000067e-01 6.148681640625000000e-01 3.872070312499999861e-02 1.372216796875000000e+01 9.766601562500000000e+00 -5.305908203125000444e-01 1.132080078124999556e-01 -9.174804687500000000e-01
2.189892578125000044e-01 8.648681640625000000e-01 5.872070312500000944e-02 1.072216796875000000e+01 1.176660156250000000e+01 3.194091796875000444e-01 -3.367919921875000000e-01 -1.917480468750000000e+00
2.664892578124999911e-01 5.523681640625000000e-01 4.372070312500000305e-02 1.597216796875000000e+01 9.266601562500000000e+00 5.319091796874999556e-01 -6.742919921874999112e-01 -1.167480468750000000e+00
4.564892578124999933e-01 8.023681640625000000e-01 6.372070312500000000e-02 1.297216796875000000e+01 1.126660156250000000e+01 -3.180908203125000222e-01 -2.242919921875000111e-01 -1.674804687500000000e-01
3.614892578124999645e-01 6.773681640625000000e-01 5.372070312500000500e-02 1.447216796875000000e+01 1.226660156250000000e+01 1.069091796874999112e-01 7.080078125000222045e-04 -1.667480468750000000e+00
1.714892578124999900e-01 9.273681640625000000e-01 3.372070312500000111e-02 1.147216796875000000e+01 1.026660156250000000e+01 -7.430908203124999556e-01 -4.492919921874999889e-01 -6.674804687500000000e-01
1.952392578125000111e-01 5.836181640625000000e-01 5.622070312500000722e-02 1.259716796875000000e+01 1.051660156250000000e+01 -6.368408203125000000e-01 -5.055419921874999556e-01 -1.542480468750000000e+00
3.852392578125000133e-01 8.336181640625000000e-01 3.622070312500000333e-02 1.559716796875000000e+01 1.251660156250000000e+01 2.131591796874998668e-01 -5.554199218750000000e-02 -5.424804687500000000e-01
4.802392578124999867e-01 7.086181640625000000e-01 4.622070312499999833e-02 1.109716796875000000e+01 1.151660156250000000e+01 -2.118408203125000666e-01 1.694580078124999778e-01 -1.042480468750000000e+00
2.902392578124999845e-01 9.586181640625000000e-01 6.622070312500000222e-02 1.409716796875000000e+01 9.516601562500000000e+00 6.381591796874999112e-01 -2.805419921874999778e-01 -4.248046875000000000e-02
2.427392578124999978e-01 6.461181640625000000e-01 3.122070312499999889e-02 1.184716796875000000e+01 1.101660156250000000e+01 4.256591796875000000e-01 -6.180419921875000000e-01 -7.924804687500000000e-01
4.327392578125000000e-01 8.961181640625000000e-01 5.122070312500000278e-02 1.484716796875000000e+01 9.016601562500000000e+00 -4.243408203124999778e-01 -1.680419921875000444e-01 -1.792480468750000000e+00
3.377392578125000266e-01 5.211181640625000000e-01 6.122070312500000472e-02 1.034716796875000000e+01 1.001660156250000000e+01 6.591796874999555911e-04 5.695800781249993339e-02 -2.924804687500000000e-01
1.477392578124999967e-01 7.711181640625000000e-01 4.122070312500000083e-02 1.334716796875000000e+01 1.201660156250000000e+01 -8.493408203125000222e-01 -3.930419921874999667e-01 -1.292480468750000000e+00
1.596142578124999933e-01 5.054931640625000000e-01 3.747070312499999750e-02 1.428466796875000000e+01 1.189160156250000000e+01 -3.712158203125000000e-01 -8.366699218750006661e-02 -1.854980468750000000e+00
3.496142578124999956e-01 7.554931640625000000e-01 5.747070312500000833e-02 1.128466796875000000e+01 9.891601562500000000e+00 4.787841796874998668e-01 -5.336669921874999112e-01 -8.549804687500000000e-01
4.446142578125000244e-01 6.304931640625000000e-01 6.747070312500000333e-02 1.578466796875000000e+01 1.089160156250000000e+01 -7.962158203125000444e-01 -3.086669921874999889e-01 -1.354980468750000000e+00
2.546142578125000222e-01 8.804931640625000000e-01 4.747070312499999944e-02 1.278466796875000000e+01 1.289160156250000000e+01 5.378417968750004441e-02 1.413330078124999112e-01 -3.549804687500000000e-01
3.021142578125000089e-01 6.929931640625000000e-01 5.247070312500000389e-02 1.353466796875000000e+01 1.039160156250000000e+01 2.662841796874999556e-01 -1.961669921875000000e-01 -6.049804687500000000e-01
4.921142578125000111e-01 9.429931640625000000e-01 3.247070312500000000e-02 1.053466796875000000e+01 1.239160156250000000e+01 -5.837158203125000222e-01 -6.461669921874999556e-01 -1.604980468750000000e+00
3.971142578124999822e-01 5.679931640625000000e-01 4.247070312500000194e-02 1.503466796875000000e+01 1.139160156250000000e+01 6.912841796875000000e-01 -4.211669921874999778e-01 -1.049804687500000000e-01
2.071142578124999800e-01 8.179931640625000000e-01 6.247070312500000583e-02 1.203466796875000000e+01 9.391601562500000000e+00 -1.587158203124999778e-01 2.883300781249997780e-02 -1.104980468750000000e+00
1.833642578124999867e-01 6.617431640625000000e-01 4.997070312500000167e-02 1.015966796875000000e+01 9.641601562500000000e+00 -2.649658203125000444e-01 -2.741699218750004441e-02 -2.299804687500000000e-01
3.733642578124999889e-01 9.117431640625000000e-01 6.997070312500000555e-02 1.315966796875000000e+01 1.164160156250000000e+01 5.850341796875000444e-01 -4.774169921875000000e-01 -1.229980468750000000e+00
4.683642578125000178e-01 5.367431640625000000e-01 5.997070312500000361e-02 1.165966796875000000e+01 1.264160156250000000e+01 -6.899658203125000888e-01 -2.524169921875000222e-01 -7.299804687500000000e-01
2.783642578124999600e-01 7.867431640625000000e-01 3.997070312499999972e-02 1.465966796875000000e+01 1.064160156250000000e+01 1.600341796875000000e-01 1.975830078124999334e-01 -1.729980468750000000e+00
2.308642578125000011e-01 5.992431640625000000e-01 6.497070312500000111e-02 1.090966796875000000e+01 1.214160156250000000e+01 -5.246582031250002220e-02 -1.399169921874999778e-01 -1.479980468750000000e+00
4.208642578124999756e-01 8.492431640625000000e-01 4.497070312500000416e-02 1.390966796875000000e+01 1.014160156250000000e+01 -9.024658203125000000e-01 -5.899169921874999334e-01 -4.799804687500000000e-01
3.258642578125000022e-01 7.242431640625000000e-01 3.497070312500000222e-02 1.240966796875000000e+01 9.141601562500000000e+00 3.725341796874999112e-01 -3.649169921875000111e-01 -1.979980468750000000e+00
1.358642578125000000e-01 9.742431640625000000e-01 5.497070312500000611e-02 1.540966796875000000e+01 1.114160156250000000e+01 -4.774658203125000666e-01 8.508300781250000000e-02 -9.799804687500000000e-01
1.418017578124999845e-01 6.226806640625000000e-01 4.684570312499999889e-02 1.175341796875000000e+01 1.007910156250000000e+01 8.034667968749986677e-02 -3.508544921874999778e-01 -1.198730468750000000e+00
3.318017578124999867e-01 8.726806640625000000e-01 6.684570312500000278e-02 1.475341796875000000e+01 1.207910156250000000e+01 -7.696533203125000000e-01 9.914550781249997780e-02 -1.987304687500000000e-01
4.268017578125000155e-01 7.476806640625000000e-01 5.684570312500000777e-02 1.025341796875000000e+01 1.107910156250000000e+01 5.053466796874999112e-01 -1.258544921875000000e-01 -1.698730468750000000e+00
2.368017578125000133e-01 9.976806640625000000e-01 3.684570312500000389e-02 1.325341796875000000e+01 9.079101562500000000e+00 -3.446533203125000666e-01 -5.758544921874999556e-01 -6.987304687500000000e-01
2.843017578125000000e-01 6.851806640625000000e-01 6.184570312500000527e-02 1.250341796875000000e+01 1.157910156250000000e+01 -5.571533203125000888e-01 -4.633544921874999667e-01 -4.487304687500000000e-01
4.743017578125000022e-01 9.351806640625000000e-01 4.184570312500000139e-02 1.550341796875000000e+01 9.579101562500000000e+00 2.928466796875000000e-01 -1.335449218750006661e-02 -1.448730468750000000e+00
3.793017578124999734e-01 5.601806640625000000e-01 3.184570312499999944e-02 1.100341796875000000e+01 1.057910156250000000e+01 -9.821533203125000222e-01 -2.383544921874999889e-01 -9.487304687500000000e-01
1.893017578124999989e-01 8.101806640625000000e-01 5.184570312500000333e-02 1.400341796875000000e+01 1.257910156250000000e+01 -1.321533203125000444e-01 -6.883544921875000000e-01 -1.948730468750000000e+00
2.130517578124999922e-01 7.164306640625000000e-01 3.934570312499999917e-02 1.587841796875000000e+01 1.232910156250000000e+01 -2.590332031249997780e-02 -2.946044921875000111e-01 -8.237304687500000000e-01
4.030517578125000222e-01 9.664306640625000000e-01 5.934570312500000305e-02 1.287841796875000000e+01 1.032910156250000000e+01 -8.759033203124999556e-01 1.553955078125000000e-01 -1.823730468750000000e+00
4.980517578124999956e-01 5.914306640625000000e-01 6.934570312500000500e-02 1.437841796875000000e+01 9.329101562500000000e+00 3.990966796874999556e-01 -6.960449218749997780e-02 -3.237304687500000000e-01
3.080517578124999933e-01 8.414306640625000000e-01 4.934570312500000111e-02 1.137841796875000000e+01 1.132910156250000000e+01 -4.509033203125000222e-01 -5.196044921874999334e-01 -1.323730468750000000e+00
2.605517578125000067e-01 5.289306640625000000e-01 5.434570312500000555e-02 1.512841796875000000e+01 9.829101562500000000e+00 -2.384033203125000000e-01 -4.071044921875000000e-01 -1.573730468750000000e+00
4.505517578125000089e-01 7.789306640625000000e-01 3.434570312500000167e-02 1.212841796875000000e+01 1.182910156250000000e+01 6.115966796874998668e-01 4.289550781249995559e-02 -5.737304687500000000e-01
3.555517578125000355e-01 6.539306640625000000e-01 4.434570312500000361e-02 1.362841796875000000e+01 1.282910156250000000e+01 -6.634033203125000444e-01 -1.821044921875000222e-01 -1.073730468750000000e+00
1.655517578125000056e-01 9.039306640625000000e-01 6.434570312500001443e-02 1.062841796875000000e+01 1.082910156250000000e+01 1.865966796875000444e-01 -6.321044921874999778e-01 -7.373046875000000000e-02
1.536767578125000089e-01 6.383056640625000000e-01 5.809570312500000888e-02 1.081591796875000000e+01 9.204101562500000000e+00 6.647216796874999556e-01 1.272705078124999334e-01 -5.112304687500000000e-01
3.436767578125000111e-01 8.883056640625000000e-01 3.809570312499999806e-02 1.381591796875000000e+01 1.120410156250000000e+01 -1.852783203125000222e-01 -3.227294921874999667e-01 -1.511230468750000000e+00
4.386767578124999845e-01 5.133056640625000000e-01 4.809570312500000000e-02 1.231591796875000000e+01 1.220410156250000000e+01 2.397216796874999112e-01 -5.477294921875000000e-01 -1.123046875000000000e-02
2.486767578125000100e-01 7.633056640625000000e-01 6.809570312500000389e-02 1.531591796875000000e+01 1.020410156250000000e+01 -6.102783203124999556e-01 -9.772949218750004441e-02 -1.011230468750000000e+00
2.961767578124999689e-01 5.758056640625000000e-01 3.309570312500000056e-02 1.006591796875000000e+01 1.270410156250000000e+01 -8.227783203124999778e-01 1.477050781250000000e-02 -1.761230468750000000e+00
4.861767578125000266e-01 8.258056640625000000e-01 5.309570312500000444e-02 1.306591796875000000e+01 1.070410156250000000e+01 2.722167968750000000e-02 -4.352294921874999556e-01 -7.612304687500000000e-01
3.911767578124999978e-01 7.008056640625000000e-01 6.309570312500001332e-02 1.156591796875000000e+01 9.704101562500000000e+00 -3.977783203125000444e-01 -6.602294921874999334e-01 -1.261230468750000000e+00
2.011767578124999956e-01 9.508056640625000000e-01 4.309570312500000250e-02 1.456591796875000000e+01 1.170410156250000000e+01 4.522216796875000444e-01 -2.102294921874999778e-01 -2.612304687500000000e-01
1.774267578125000022e-01 5.445556640625000000e-01 6.559570312500001554e-02 1.344091796875000000e+01 1.145410156250000000e+01 3.459716796874998668e-01 1.835205078124999556e-01 -1.386230468750000000e+00
3.674267578125000044e-01 7.945556640625000000e-01 4.559570312499999778e-02 1.044091796875000000e+01 9.454101562500000000e+00 -5.040283203125000000e-01 -2.664794921875000000e-01 -3.862304687500000000e-01
4.624267578124999778e-01 6.695556640625000000e-01 3.559570312500000278e-02 1.494091796875000000e+01 1.045410156250000000e+01 -7.902832031250006661e-02 -4.914794921874999778e-01 -1.886230468750000000e+00
2.724267578125000311e-01 9.195556640625000000e-01 5.559570312500000666e-02 1.194091796875000000e+01 1.245410156250000000e+01 -9.290283203125000444e-01 -4.147949218750002220e-02 -8.862304687500000000e-01
2.249267578124999889e-01 7.320556640625000000e-01 4.059570312500000028e-02 1.419091796875000000e+01 1.095410156250000000e+01 -7.165283203125000222e-01 7.102050781250002220e-02 -1.362304687500000000e-01
4.149267578124999911e-01 9.820556640625000000e-01 6.059570312500000416e-02 1.119091796875000000e+01 1.295410156250000000e+01 1.334716796874999556e-01 -3.789794921874999889e-01 -1.136230468750000000e+00
3.199267578125000178e-01 6.070556640625000000e-01 5.059570312500000222e-02 1.569091796875000000e+01 1.195410156250000000e+01 -2.915283203124999778e-01 -6.039794921874999112e-01 -6.362304687500000000e-01
1.299267578124999878e-01 8.570556640625000000e-01 3.059570312499999833e-02 1.269091796875000000e+01 9.954101562500000000e+00 5.584716796875000000e-01 -1.539794921874999556e-01 -1.636230468750000000e+00
1.269580078124999956e-01 5.562744140625000000e-01 5.090820312500000250e-02 1.039404296875000000e+01 1.211035156250000000e+01 4.389404296874999112e-01 -4.703857421874999556e-01 -1.058105468750000000e+00
3.169580078124999978e-01 8.062744140625000000e-01 3.090820312499999861e-02 1.339404296875000000e+01 1.011035156250000000e+01 -4.110595703125000666e-01 -2.038574218750000000e-02 -5.810546875000000000e-02
4.119580078125000266e-01 6.812744140625000000e-01 4.090820312500000056e-02 1.189404296875000000e+01 9.110351562500000000e+00 1.394042968749986677e-02 -2.453857421874999778e-01 -1.558105468750000000e+00
2.219580078124999967e-01 9.312744140625000000e-01 6.090820312500000444e-02 1.489404296875000000e+01 1.111035156250000000e+01 -8.360595703125000000e-01 -6.953857421874999334e-01 -5.581054687500000000e-01
2.694580078125000111e-01 7.437744140625000000e-01 3.590820312500000305e-02 1.114404296875000000e+01 9.610351562500000000e+00 -6.235595703125000888e-01 -3.578857421874999667e-01 -3.081054687500000000e-01
4.594580078125000133e-01 9.937744140625000000e-01 5.590820312500000000e-02 1.414404296875000000e+01 1.161035156250000000e+01 2.264404296875000000e-01 9.211425781249993339e-02 -1.308105468750000000e+00
3.644580078125000400e-01 6.187744140625000000e-01 6.590820312500000888e-02 1.264404296875000000e+01 1.261035156250000000e+01 -1.985595703125000444e-01 -1.328857421875000444e-01 -8.081054687500000000e-01
1.744580078124999822e-01 8.687744140625000000e-01 4.590820312500000500e-02 1.564404296875000000e+01 1.061035156250000000e+01 6.514404296875000444e-01 -5.828857421875000000e-01 -1.808105468750000000e+00
1.982080078125000033e-01 6.500244140625000000e-01 6.340820312500000666e-02 1.376904296875000000e+01 1.036035156250000000e+01 5.451904296874998668e-01 -4.141357421874999889e-01 -9.331054687500000000e-01
3.882080078124999778e-01 9.000244140625000000e-01 4.340820312500000278e-02 1.076904296875000000e+01 1.236035156250000000e+01 -3.048095703125000000e-01 3.586425781250002220e-02 -1.933105468750000000e+00
4.832080078125000067e-01 5.250244140625000000e-01 3.340820312500000083e-02 1.526904296875000000e+01 1.136035156250000000e+01 1.201904296875000444e-01 -1.891357421874999556e-01 -4.331054687500000000e-01
2.932080078125000044e-01 7.750244140625000000e-01 5.340820312500000472e-02 1.226904296875000000e+01 9.360351562500000000e+00 -7.298095703125000444e-01 -6.391357421874999112e-01 -1.433105468750000000e+00
2.457080078124999900e-01 5.875244140625000000e-01 4.840820312500000722e-02 1.301904296875000000e+01 1.186035156250000000e+01 -9.423095703124999556e-01 -3.016357421875000000e-01 -1.683105468750000000e+00
4.357080078125000200e-01 8.375244140625000000e-01 6.840820312500001110e-02 1.001904296875000000e+01 9.860351562500000000e+00 -9.230957031249997780e-02 1.483642578124999556e-01 -6.831054687500000000e-01
3.407080078124999911e-01 7.125244140625000000e-01 5.840820312500000222e-02 1.451904296875000000e+01 1.086035156250000000e+01 -5.173095703125000222e-01 -7.663574218750002220e-02 -1.183105468750000000e+00
1.507080078124999889e-01 9.625244140625000000e-01 3.840820312499999833e-02 1.151904296875000000e+01 1.286035156250000000e+01 3.326904296874999556e-01 -5.266357421874999778e-01 -1.831054687500000000e-01
1.625830078125000133e-01 6.968994140625000000e-01 4.465820312500000389e-02 1.283154296875000000e+01 1.123535156250000000e+01 -1.454345703125000666e-01 7.739257812499955591e-03 -7.456054687500000000e-01
3.525830078124999600e-01 9.468994140625000000e-01 6.465820312500000777e-02 1.583154296875000000e+01 9.235351562500000000e+00 -9.954345703125000444e-01 -4.422607421875000000e-01 -1.745605468750000000e+00
4.475830078124999889e-01 5.718994140625000000e-01 5.465820312499999889e-02 1.133154296875000000e+01 1.023535156250000000e+01 2.795654296874998668e-01 -6.672607421874999778e-01 -2.456054687500000000e-01
2.575830078124999867e-01 8.218994140625000000e-01 3.465820312500000194e-02 1.433154296875000000e+01 1.223535156250000000e+01 -5.704345703125000000e-01 -2.172607421875000222e-01 -1.245605468750000000e+00
3.050830078124999734e-01 5.093994140625000000e-01 6.965820312500001221e-02 1.208154296875000000e+01 1.073535156250000000e+01 -3.579345703124999778e-01 1.202392578125000000e-01 -1.995605468750000000e+00
4.950830078124999756e-01 7.593994140625000000e-01 4.965820312500000139e-02 1.508154296875000000e+01 1.273535156250000000e+01 4.920654296875000000e-01 -3.297607421875000111e-01 -9.956054687500000000e-01
4.000830078125000022e-01 6.343994140625000000e-01 3.965820312499999944e-02 1.058154296875000000e+01 1.173535156250000000e+01 -7.829345703125000222e-01 -5.547607421874999334e-01 -1.495605468750000000e+00
2.100830078125000000e-01 8.843994140625000000e-01 5.965820312500000333e-02 1.358154296875000000e+01 9.735351562500000000e+00 6.706542968749995559e-02 -1.047607421874999778e-01 -4.956054687500000000e-01
1.863330078125000067e-01 6.031494140625000000e-01 3.215820312499999972e-02 1.470654296875000000e+01 9.485351562500000000e+00 1.733154296874999112e-01 6.398925781249997780e-02 -1.370605468750000000e+00
3.763330078125000089e-01 8.531494140625000000e-01 5.215820312500000361e-02 1.170654296875000000e+01 1.148535156250000000e+01 -6.766845703124999556e-01 -3.860107421874999778e-01 -3.706054687500000000e-01
4.713330078124999822e-01 7.281494140625000000e-01 6.215820312500000555e-02 1.320654296875000000e+01 1.248535156250000000e+01 5.983154296874999556e-01 -6.110107421874999556e-01 -1.870605468750000000e+00
2.813330078125000355e-01 9.781494140625000000e-01 4.215820312500000167e-02 1.020654296875000000e+01 1.048535156250000000e+01 -2.516845703125000222e-01 -1.610107421875000000e-01 -8.706054687500000000e-01
2.338330078124999933e-01 6.656494140625000000e-01 5.715820312500000111e-02 1.545654296875000000e+01 1.298535156250000000e+01 -4.641845703125000444e-01 1.764892578124999112e-01 -1.206054687500000000e-01
4.238330078124999956e-01 9.156494140625000000e-01 3.715820312499999722e-02 1.245654296875000000e+01 1.098535156250000000e+01 3.858154296875000444e-01 -2.735107421874999889e-01 -1.120605468750000000e+00
3.288330078125000222e-01 5.406494140625000000e-01 4.715820312500000611e-02 1.395654296875000000e+01 9.985351562500000000e+00 -8.891845703124999778e-01 -4.985107421874999667e-01 -6.206054687500000000e-01
1.388330078124999922e-01 7.906494140625000000e-01 6.715820312500000999e-02 1.095654296875000000e+01 1.198535156250000000e+01 -3.918457031250000000e-02 -4.851074218750006661e-02 -1.620605468750000000e+00
1.328955078125000078e-01 6.734619140625000000e-01 3.403320312500000139e-02 1.311279296875000000e+01 1.079785156250000000e+01 -1.719970703125000000e-01 -6.813232421874999556e-01 -3.393554687500000000e-01
3.228955078124999822e-01 9.234619140625000000e-01 5.403320312500000527e-02 1.011279296875000000e+01 1.279785156250000000e+01 6.780029296874998668e-01 -2.313232421875000000e-01 -1.339355468750000000e+00
4.178955078125000111e-01 5.484619140625000000e-01 6.403320312500000722e-02 1.461279296875000000e+01 1.179785156250000000e+01 -5.969970703125000444e-01 -6.323242187500022204e-03 -8.393554687500000000e-01
2.278955078125000089e-01 7.984619140625000000e-01 4.403320312500000333e-02 1.161279296875000000e+01 9.797851562500000000e+00 2.530029296875000444e-01 -4.563232421874999778e-01 -1.839355468750000000e+00
2.753955078124999956e-01 6.109619140625000000e-01 5.903320312500000278e-02 1.386279296875000000e+01 1.129785156250000000e+01 4.050292968749991118e-02 -5.688232421874999112e-01 -1.089355468750000000e+00
4.653955078124999978e-01 8.609619140625000000e-01 3.903320312499999889e-02 1.086279296875000000e+01 9.297851562500000000e+00 -8.094970703124999556e-01 -1.188232421875000666e-01 -8.935546875000000000e-02
3.703955078125000244e-01 7.359619140625000000e-01 4.903320312500000777e-02 1.536279296875000000e+01 1.029785156250000000e+01 4.655029296874999556e-01 1.061767578124999112e-01 -1.589355468750000000e+00
1.803955078124999944e-01 9.859619140625000000e-01 6.903320312499999778e-02 1.236279296875000000e+01 1.229785156250000000e+01 -3.844970703125000222e-01 -3.438232421874999889e-01 -5.893554687500000000e-01
2.041455078125000155e-01 5.172119140625000000e-01 4.153320312500000111e-02 1.123779296875000000e+01 1.254785156250000000e+01 -4.907470703124999778e-01 -6.250732421874999334e-01 -1.714355468750000000e+00
3.941455078125000178e-01 7.672119140625000000e-01 6.153320312500000500e-02 1.423779296875000000e+01 1.054785156250000000e+01 3.592529296875000000e-01 -1.750732421874999778e-01 -7.143554687500000000e-01
4.891455078124999911e-01 6.422119140625000000e-01 5.153320312500000305e-02 1.273779296875000000e+01 9.547851562500000000e+00 -9.157470703125000222e-01 4.992675781250000000e-02 -1.214355468750000000e+00
2.991455078124999889e-01 8.922119140625000000e-01 3.153320312499999917e-02 1.573779296875000000e+01 1.154785156250000000e+01 -6.574707031250004441e-02 -4.000732421875000111e-01 -2.143554687500000000e-01
2.516455078125000022e-01 7.047119140625000000e-01 6.653320312500000944e-02 1.048779296875000000e+01 9.047851562500000000e+00 1.467529296874998668e-01 -5.125732421875000000e-01 -9.643554687500000000e-01
4.416455078125000044e-01 9.547119140625000000e-01 4.653320312500000555e-02 1.348779296875000000e+01 1.104785156250000000e+01 -7.032470703125000000e-01 -6.257324218750004441e-02 -1.964355468750000000e+00
3.466455078125000311e-01 5.797119140625000000e-01 3.653320312499999667e-02 1.198779296875000000e+01 1.204785156250000000e+01 5.717529296874999112e-01 1.624267578124999334e-01 -4.643554687500000000e-01
1.566455078125000011e-01 8.297119140625000000e-01 5.653320312500000056e-02 1.498779296875000000e+01 1.004785156250000000e+01 -2.782470703125000666e-01 -2.875732421875000222e-01 -1.464355468750000000e+00
1.447705078125000044e-01 5.640869140625000000e-01 6.028320312500000389e-02 1.555029296875000000e+01 9.922851562500000000e+00 -7.563720703124999778e-01 -2.031982421874999889e-01 -1.901855468750000000e+00
3.347705078125000067e-01 8.140869140625000000e-01 4.028320312500000000e-02 1.255029296875000000e+01 1.192285156250000000e+01 9.362792968750000000e-02 -6.531982421875000000e-01 -9.018554687500000000e-01
4.297705078124999800e-01 6.890869140625000000e-01 3.028320312499999806e-02 1.405029296875000000e+01 1.292285156250000000e+01 -3.313720703125000444e-01 -4.281982421874999667e-01 -1.401855468750000000e+00
2.397705078124999778e-01 9.390869140625000000e-01 5.028320312500000194e-02 1.105029296875000000e+01 1.092285156250000000e+01 5.186279296875000444e-01 2.180175781249993339e-02 -4.018554687500000000e-01
2.872705078124999645e-01 6.265869140625000000e-01 4.528320312500000444e-02 1.480029296875000000e+01 1.242285156250000000e+01 3.061279296874999112e-01 -9.069824218750000000e-02 -6.518554687500000000e-01
4.772705078125000222e-01 8.765869140625000000e-01 6.528320312500000833e-02 1.180029296875000000e+01 1.042285156250000000e+01 -5.438720703124999556e-01 -5.406982421874999556e-01 -1.651855468750000000e+00
3.822705078124999933e-01 5.015869140625000000e-01 5.528320312499999944e-02 1.330029296875000000e+01 9.422851562500000000e+00 -1.188720703125000222e-01 -3.156982421874999778e-01 -1.518554687500000000e-01
1.922705078124999911e-01 7.515869140625000000e-01 3.528320312500000250e-02 1.030029296875000000e+01 1.142285156250000000e+01 -9.688720703125000000e-01 1.343017578124999778e-01 -1.151855468750000000e+00
1.685205078124999978e-01 7.203369140625000000e-01 5.278320312500000416e-02 1.217529296875000000e+01 1.167285156250000000e+01 -8.626220703125000444e-01 -1.469482421875000222e-01 -2.685546875000000000e-02
3.585205078125000000e-01 9.703369140625000000e-01 3.278320312500000028e-02 1.517529296875000000e+01 9.672851562500000000e+00 -1.262207031250006661e-02 -5.969482421874999778e-01 -1.026855468750000000e+00
4.535205078124999734e-01 5.953369140625000000e-01 4.278320312500000222e-02 1.067529296875000000e+01 1.067285156250000000e+01 -4.376220703125000000e-01 -3.719482421875000000e-01 -5.268554687500000000e-01
2.635205078125000266e-01 8.453369140625000000e-01 6.278320312500000611e-02 1.367529296875000000e+01 1.267285156250000000e+01 4.123779296874998668e-01 7.805175781249995559e-02 -1.526855468750000000e+00
2.160205078124999845e-01 5.328369140625000000e-01 3.778320312499999778e-02 1.292529296875000000e+01 1.017285156250000000e+01 6.248779296875000000e-01 -3.444824218749997780e-02 -1.276855468750000000e+00
4.060205078124999867e-01 7.828369140625000000e-01 5.778320312500000167e-02 1.592529296875000000e+01 1.217285156250000000e+01 -2.251220703124999778e-01 -4.844482421874999889e-01 -2.768554687500000000e-01
3.110205078125000133e-01 6.578369140625000000e-01 6.778320312499999667e-02 1.142529296875000000e+01 1.117285156250000000e+01 1.998779296874999556e-01 -2.594482421875000111e-01 -1.776855468750000000e+00
1.210205078124999972e-01 9.078369140625000000e-01 4.778320312500000666e-02 1.442529296875000000e+01 9.172851562500000000e+00 -6.501220703125000222e-01 1.905517578125000000e-01 -7.768554687500000000e-01
1.213916015624999928e-01 5.313720703125000000e-01 6.086914062500000527e-02 1.153662109375000000e+01 1.185644531250000000e+01 5.169677734375000000e-01 -6.435302734374999112e-01 -9.936523437500000000e-01
3.113916015625000089e-01 7.813720703125000000e-01 4.086914062500000139e-02 1.453662109375000000e+01 9.856445312500000000e+00 -3.330322265624999778e-01 -1.935302734374999556e-01 -1.993652343750000000e+00
4.063916015624999822e-01 6.563720703125000000e-01 3.086914062499999944e-02 1.003662109375000000e+01 1.085644531250000000e+01 9.196777343749995559e-02 3.146972656250002220e-02 -4.936523437500000000e-01
2.163916015624999800e-01 9.063720703125000000e-01 5.086914062500000333e-02 1.303662109375000000e+01 1.285644531250000000e+01 -7.580322265625000222e-01 -4.185302734374999889e-01 -1.493652343750000000e+00
2.638916015625000222e-01 7.188720703125000000e-01 4.586914062499999889e-02 1.228662109375000000e+01 1.035644531250000000e+01 -9.705322265625000444e-01 -5.310302734374999778e-01 -1.743652343750000000e+00
4.538916015625000244e-01 9.688720703125000000e-01 6.586914062500000278e-02 1.528662109375000000e+01 1.235644531250000000e+01 -1.205322265625000666e-01 -8.103027343750002220e-02 -7.436523437500000000e-01
3.588916015624999956e-01 5.938720703125000000e-01 5.586914062500000777e-02 1.078662109375000000e+01 1.135644531250000000e+01 -5.455322265625000000e-01 1.439697265624999556e-01 -1.243652343750000000e+00
1.688916015624999933e-01 8.438720703125000000e-01 3.586914062500000389e-02 1.378662109375000000e+01 9.356445312500000000e+00 3.044677734374998668e-01 -3.060302734375000000e-01 -2.436523437500000000e-01
1.926416015624999867e-01 6.251220703125000000e-01 5.336914062500000555e-02 1.566162109375000000e+01 9.606445312500000000e+00 4.107177734375000444e-01 -6.997802734374999334e-01 -1.118652343750000000e+00
3.826416015624999889e-01 8.751220703125000000e-01 3.336914062500000167e-02 1.266162109375000000e+01 1.160644531250000000e+01 -4.392822265625000444e-01 -2.497802734374999778e-01 -1.186523437500000000e-01
4.776416015625000178e-01 5.001220703125000000e-01 4.336914062500000361e-02 1.416162109375000000e+01 1.260644531250000000e+01 -1.428222656250000000e-02 -2.478027343750000000e-02 -1.618652343750000000e+00
2.876416015624999600e-01 7.501220703125000000e-01 6.336914062500001443e-02 1.116162109375000000e+01 1.060644531250000000e+01 -8.642822265624999778e-01 -4.747802734374999556e-01 -6.186523437500000000e-01
2.401416015625000011e-01 5.626220703125000000e-01 3.836914062499999917e-02 1.491162109375000000e+01 1.210644531250000000e+01 -6.517822265624999556e-01 -5.872802734375000000e-01 -3.686523437500000000e-01
4.301416015624999756e-01 8.126220703125000000e-01 5.836914062500000305e-02 1.191162109375000000e+01 1.010644531250000000e+01 1.982177734374999112e-01 -1.372802734375000444e-01 -1.368652343750000000e+00
3.351416015625000022e-01 6.876220703125000000e-01 6.836914062500000500e-02 1.341162109375000000e+01 9.106445312500000000e+00 -2.267822265625000222e-01 8.771972656249993339e-02 -8.686523437500000000e-01
1.451416015625000000e-01 9.376220703125000000e-01 4.836914062500000111e-02 1.041162109375000000e+01 1.110644531250000000e+01 6.232177734374999556e-01 -3.622802734374999667e-01 -1.868652343750000000e+00
1.570166015624999967e-01 7.032470703125000000e-01 3.461914062500000278e-02 1.097412109375000000e+01 1.298144531250000000e+01 2.513427734375000000e-01 -1.654052734375000000e-01 -1.306152343750000000e+00
3.470166015625000266e-01 9.532470703125000000e-01 5.461914062500000666e-02 1.397412109375000000e+01 1.098144531250000000e+01 -5.986572265625000888e-01 -6.154052734374999556e-01 -3.061523437500000000e-01
4.420166015625000000e-01 5.782470703125000000e-01 6.461914062500001554e-02 1.247412109375000000e+01 9.981445312500000000e+00 6.763427734375000444e-01 -3.904052734374999778e-01 -1.806152343750000000e+00
2.520166015624999978e-01 8.282470703125000000e-01 4.461914062499999778e-02 1.547412109375000000e+01 1.198144531250000000e+01 -1.736572265625000444e-01 5.959472656249997780e-02 -8.061523437500000000e-01
2.995166015624999845e-01 5.157470703125000000e-01 5.961914062500000416e-02 1.022412109375000000e+01 9.481445312500000000e+00 -3.861572265625000666e-01 -5.290527343750006661e-02 -5.615234375000000000e-02
4.895166015624999867e-01 7.657470703125000000e-01 3.961914062500000028e-02 1.322412109375000000e+01 1.148144531250000000e+01 4.638427734374999112e-01 -5.029052734374999112e-01 -1.056152343750000000e+00
3.945166015625000133e-01 6.407470703125000000e-01 4.961914062500000222e-02 1.172412109375000000e+01 1.248144531250000000e+01 -8.111572265625000000e-01 -2.779052734374999889e-01 -5.561523437500000000e-01
2.045166015625000111e-01 8.907470703125000000e-01 6.961914062500000611e-02 1.472412109375000000e+01 1.048144531250000000e+01 3.884277343749986677e-02 1.720947265624999112e-01 -1.556152343750000000e+00
1.807666015624999900e-01 6.094970703125000000e-01 4.211914062500000250e-02 1.359912109375000000e+01 1.073144531250000000e+01 -6.740722656249997780e-02 -2.216552734375000222e-01 -6.811523437500000000e-01
3.707666015625000200e-01 8.594970703125000000e-01 6.211914062500000638e-02 1.059912109375000000e+01 1.273144531250000000e+01 -9.174072265624999556e-01 -6.716552734374999778e-01 -1.681152343750000000e+00
4.657666015624999933e-01 7.344970703125000000e-01 5.211914062500000444e-02 1.509912109375000000e+01 1.173144531250000000e+01 3.575927734374999556e-01 -4.466552734375000000e-01 -1.811523437500000000e-01
2.757666015624999911e-01 9.844970703125000000e-01 3.211914062500000056e-02 1.209912109375000000e+01 9.731445312500000000e+00 -4.924072265625000222e-01 3.344726562499955591e-03 -1.181152343750000000e+00
2.282666015625000044e-01 6.719970703125000000e-01 6.711914062500000389e-02 1.434912109375000000e+01 1.123144531250000000e+01 -2.799072265625000000e-01 -1.091552734374999778e-01 -1.931152343750000000e+00
4.182666015625000067e-01 9.219970703125000000e-01 4.711914062500000000e-02 1.134912109375000000e+01 9.231445312500000000e+00 5.700927734374998668e-01 -5.591552734374999334e-01 -9.311523437500000000e-01
3.232666015624999778e-01 5.469970703125000000e-01 3.711914062499999806e-02 1.584912109375000000e+01 1.023144531250000000e+01 -7.049072265625000444e-01 -3.341552734375000111e-01 -1.431152343750000000e+00
1.332666015625000033e-01 7.969970703125000000e-01 5.711914062500000888e-02 1.284912109375000000e+01 1.223144531250000000e+01 1.450927734375000444e-01 1.158447265625000000e-01 -4.311523437500000000e-01
1.392041015624999878e-01 6.641845703125000000e-01 4.399414062500000416e-02 1.500537109375000000e+01 9.043945312500000000e+00 -5.720947265625000444e-01 -4.044677734375000111e-01 -1.649902343750000000e+00
3.292041015625000178e-01 9.141845703125000000e-01 6.399414062500000111e-02 1.200537109375000000e+01 1.104394531250000000e+01 2.779052734375000444e-01 4.553222656250000000e-02 -6.499023437500000000e-01
4.242041015624999911e-01 5.391845703125000000e-01 5.399414062500000611e-02 1.350537109375000000e+01 1.204394531250000000e+01 -9.970947265624999778e-01 -1.794677734374999778e-01 -1.149902343750000000e+00
2.342041015624999889e-01 7.891845703125000000e-01 3.399414062500000222e-02 1.050537109375000000e+01 1.004394531250000000e+01 -1.470947265625000000e-01 -6.294677734374999334e-01 -1.499023437500000000e-01
2.817041015625000311e-01 6.016845703125000000e-01 6.899414062500000555e-02 1.575537109375000000e+01 1.254394531250000000e+01 6.540527343749991118e-02 -2.919677734375000222e-01 -8.999023437500000000e-01
4.717041015624999778e-01 8.516845703125000000e-01 4.899414062500000167e-02 1.275537109375000000e+01 1.054394531250000000e+01 -7.845947265624999556e-01 1.580322265624999334e-01 -1.899902343750000000e+00
3.767041015625000044e-01 7.266845703125000000e-01 3.899414062499999972e-02 1.425537109375000000e+01 9.543945312500000000e+00 4.904052734374999556e-01 -6.696777343750004441e-02 -3.999023437500000000e-01
1.867041015625000022e-01 9.766845703125000000e-01 5.899414062500000361e-02 1.125537109375000000e+01 1.154394531250000000e+01 -3.595947265625000222e-01 -5.169677734375000000e-01 -1.399902343750000000e+00
2.104541015624999956e-01 5.079345703125000000e-01 3.149414062500000000e-02 1.238037109375000000e+01 1.129394531250000000e+01 -2.533447265625000666e-01 -4.607177734374999778e-01 -2.749023437500000000e-01
4.004541015624999978e-01 7.579345703125000000e-01 5.149414062500000389e-02 1.538037109375000000e+01 9.293945312500000000e+00 5.966552734374999112e-01 -1.071777343750002220e-02 -1.274902343750000000e+00
4.954541015625000266e-01 6.329345703125000000e-01 6.149414062500000583e-02 1.088037109375000000e+01 1.029394531250000000e+01 -6.783447265625000000e-01 -2.357177734375000000e-01 -7.749023437500000000e-01
3.054541015624999689e-01 8.829345703125000000e-01 4.149414062500000194e-02 1.388037109375000000e+01 1.229394531250000000e+01 1.716552734374998668e-01 -6.857177734374999556e-01 -1.774902343750000000e+00
2.579541015624999822e-01 6.954345703125000000e-01 5.649414062500000833e-02 1.163037109375000000e+01 1.079394531250000000e+01 -4.084472656250004441e-02 -3.482177734374999889e-01 -1.024902343750000000e+00
4.479541015624999845e-01 9.454345703125000000e-01 3.649414062499999750e-02 1.463037109375000000e+01 1.279394531250000000e+01 -8.908447265625000222e-01 1.017822265624999112e-01 -2.490234375000000000e-02
3.529541015625000111e-01 5.704345703125000000e-01 4.649414062499999944e-02 1.013037109375000000e+01 1.179394531250000000e+01 3.841552734375000000e-01 -1.232177734375000666e-01 -1.524902343750000000e+00
1.629541015625000089e-01 8.204345703125000000e-01 6.649414062500000333e-02 1.313037109375000000e+01 9.793945312500000000e+00 -4.658447265624999778e-01 -5.732177734374999112e-01 -5.249023437500000000e-01
1.510791015624999845e-01 5.860595703125000000e-01 5.024414062500000278e-02 1.444287109375000000e+01 1.016894531250000000e+01 -8.377197265625000444e-01 7.365722656249995559e-02 -8.740234375000000000e-02
3.410791015624999867e-01 8.360595703125000000e-01 3.024414062499999889e-02 1.144287109375000000e+01 1.216894531250000000e+01 1.228027343750004441e-02 -3.763427734375000000e-01 -1.087402343750000000e+00
4.360791015625000155e-01 7.110595703125000000e-01 4.024414062500000083e-02 1.594287109375000000e+01 1.116894531250000000e+01 -4.127197265625000000e-01 -6.013427734374999778e-01 -5.874023437500000000e-01
2.460791015624999856e-01 9.610595703125000000e-01 6.024414062500000472e-02 1.294287109375000000e+01 9.168945312500000000e+00 4.372802734374998668e-01 -1.513427734375000222e-01 -1.587402343750000000e+00
2.935791015625000000e-01 6.485595703125000000e-01 3.524414062500000333e-02 1.369287109375000000e+01 1.166894531250000000e+01 6.497802734375000000e-01 1.861572265625000000e-01 -1.337402343750000000e+00
4.835791015625000022e-01 8.985595703125000000e-01 5.524414062500000722e-02 1.069287109375000000e+01 9.668945312500000000e+00 -2.002197265624999778e-01 -2.638427734375000111e-01 -3.374023437500000000e-01
3.885791015624999734e-01 5.235595703125000000e-01 6.524414062500000222e-02 1.519287109375000000e+01 1.066894531250000000e+01 2.247802734374999556e-01 -4.888427734374999889e-01 -1.837402343750000000e+00
1.985791015624999989e-01 7.735595703125000000e-01 4.524414062499999833e-02 1.219287109375000000e+01 1.266894531250000000e+01 -6.252197265625000222e-01 -3.884277343749997780e-02 -8.374023437500000000e-01
1.748291015625000056e-01 7.423095703125000000e-01 6.274414062500000000e-02 1.031787109375000000e+01 1.241894531250000000e+01 -7.314697265625000888e-01 1.740722656249993339e-02 -1.962402343750000000e+00
3.648291015625000355e-01 9.923095703125000000e-01 4.274414062500000305e-02 1.331787109375000000e+01 1.041894531250000000e+01 1.185302734375000000e-01 -4.325927734374999667e-01 -9.624023437500000000e-01
4.598291015625000089e-01 6.173095703125000000e-01 3.274414062500000111e-02 1.181787109375000000e+01 9.418945312500000000e+00 -3.064697265625000444e-01 -6.575927734375000000e-01 -1.462402343750000000e+00
2.698291015625000067e-01 8.673095703125000000e-01 5.274414062500000500e-02 1.481787109375000000e+01 1.141894531250000000e+01 5.435302734375000444e-01 -2.075927734374999889e-01 -4.624023437500000000e-01
2.223291015624999922e-01 5.548095703125000000e-01 4.774414062500000056e-02 1.106787109375000000e+01 9.918945312500000000e+00 3.310302734374999112e-01 1.299072265624999778e-01 -7.124023437500000000e-01
4.123291015625000222e-01 8.048095703125000000e-01 6.774414062500000444e-02 1.406787109375000000e+01 1.191894531250000000e+01 -5.189697265624999556e-01 -3.200927734374999778e-01 -1.712402343750000000e+00
3.173291015624999933e-01 6.798095703125000000e-01 5.774414062500000944e-02 1.256787109375000000e+01 1.291894531250000000e+01 -9.396972656250002220e-02 -5.450927734374999556e-01 -2.124023437500000000e-01
1.273291015624999911e-01 9.298095703125000000e-01 3.774414062499999861e-02 1.556787109375000000e+01 1.091894531250000000e+01 -9.439697265625000000e-01 -9.509277343750000000e-02 -1.212402343750000000e+00
1.302978515624999833e-01 7.305908203125000000e-01 5.868164062500000333e-02 1.336474609375000000e+01 1.101269531250000000e+01 -6.119384765625000000e-01 -2.849365234374999778e-01 -1.603027343750000000e+00
3.202978515625000133e-01 9.805908203125000000e-01 3.868164062499999944e-02 1.036474609375000000e+01 9.012695312500000000e+00 2.380615234374998668e-01 1.650634765624999778e-01 -6.030273437500000000e-01
4.152978515624999867e-01 6.055908203125000000e-01 4.868164062500000139e-02 1.486474609375000000e+01 1.001269531250000000e+01 -1.869384765625000666e-01 -5.993652343750000000e-02 -1.103027343750000000e+00
2.252978515624999845e-01 8.555908203125000000e-01 6.868164062500001221e-02 1.186474609375000000e+01 1.201269531250000000e+01 6.630615234374999112e-01 -5.099365234374999556e-01 -1.030273437500000000e-01
2.727978515625000266e-01 5.430908203125000000e-01 3.368164062500000194e-02 1.411474609375000000e+01 1.051269531250000000e+01 4.505615234375000000e-01 -3.974365234374999667e-01 -8.530273437500000000e-01
4.627978515624999734e-01 7.930908203125000000e-01 5.368164062499999889e-02 1.111474609375000000e+01 1.251269531250000000e+01 -3.994384765624999778e-01 5.256347656249993339e-02 -1.853027343750000000e+00
3.677978515625000000e-01 6.680908203125000000e-01 6.368164062500000777e-02 1.561474609375000000e+01 1.151269531250000000e+01 2.556152343749995559e-02 -1.724365234375000444e-01 -3.530273437500000000e-01
1.777978515624999978e-01 9.180908203125000000e-01 4.368164062500000389e-02 1.261474609375000000e+01 9.512695312500000000e+00 -8.244384765625000222e-01 -6.224365234375000000e-01 -1.353027343750000000e+00
2.015478515624999911e-01 5.743408203125000000e-01 6.618164062500000999e-02 1.148974609375000000e+01 9.262695312500000000e+00 -9.306884765624999778e-01 -3.411865234375000000e-01 -4.780273437500000000e-01
3.915478515624999933e-01 8.243408203125000000e-01 4.618164062500000611e-02 1.448974609375000000e+01 1.126269531250000000e+01 -8.068847656250000000e-02 1.088134765624999556e-01 -1.478027343750000000e+00
4.865478515625000222e-01 6.993408203125000000e-01 3.618164062499999722e-02 1.298974609375000000e+01 1.226269531250000000e+01 -5.056884765625000444e-01 -1.161865234375000222e-01 -9.780273437500000000e-01
2.965478515624999645e-01 9.493408203125000000e-01 5.618164062500000111e-02 1.598974609375000000e+01 1.026269531250000000e+01 3.443115234375000444e-01 -5.661865234374999778e-01 -1.978027343750000000e+00
2.490478515625000056e-01 6.368408203125000000e-01 4.118164062500000167e-02 1.073974609375000000e+01 1.276269531250000000e+01 5.568115234374999556e-01 -4.536865234374999889e-01 -1.228027343750000000e+00
4.390478515624999800e-01 8.868408203125000000e-01 6.118164062500000555e-02 1.373974609375000000e+01 1.076269531250000000e+01 -2.931884765625000222e-01 -3.686523437499977796e-03 -2.280273437500000000e-01
3.440478515625000067e-01 5.118408203125000000e-01 5.118164062500000361e-02 1.223974609375000000e+01 9.762695312500000000e+00 1.318115234374999112e-01 -2.286865234375000111e-01 -1.728027343750000000e+00
1.540478515625000044e-01 7.618408203125000000e-01 3.118164062499999972e-02 1.523974609375000000e+01 1.176269531250000000e+01 -7.181884765624999556e-01 -6.786865234374999112e-01 -7.280273437500000000e-01
1.659228515625000011e-01 5.274658203125000000e-01 4.743164062500000722e-02 1.542724609375000000e+01 1.213769531250000000e+01 -3.463134765625000000e-01 1.931884765624999334e-01 -1.655273437500000000e-01
3.559228515625000311e-01 7.774658203125000000e-01 6.743164062500001110e-02 1.242724609375000000e+01 1.013769531250000000e+01 5.036865234374998668e-01 -2.568115234375000222e-01 -1.165527343750000000e+00
4.509228515625000044e-01 6.524658203125000000e-01 5.743164062500000222e-02 1.392724609375000000e+01 9.137695312500000000e+00 -7.713134765625000444e-01 -4.818115234375000000e-01 -6.655273437500000000e-01
2.609228515625000022e-01 9.024658203125000000e-01 3.743164062499999833e-02 1.092724609375000000e+01 1.113769531250000000e+01 7.868652343750004441e-02 -3.181152343750004441e-02 -1.665527343750000000e+00
3.084228515624999889e-01 7.149658203125000000e-01 6.243164062500000666e-02 1.467724609375000000e+01 9.637695312500000000e+00 -1.338134765624999778e-01 8.068847656250000000e-02 -1.415527343750000000e+00
4.984228515624999911e-01 9.649658203125000000e-01 4.243164062500000278e-02 1.167724609375000000e+01 1.163769531250000000e+01 -9.838134765624999556e-01 -3.693115234375000111e-01 -4.155273437500000000e-01
4.034228515625000178e-01 5.899658203125000000e-01 3.243164062500000083e-02 1.317724609375000000e+01 1.263769531250000000e+01 2.911865234374999556e-01 -5.943115234374999334e-01 -1.915527343750000000e+00
2.134228515625000155e-01 8.399658203125000000e-01 5.243164062500000472e-02 1.017724609375000000e+01 1.063769531250000000e+01 -5.588134765625000222e-01 -1.443115234374999778e-01 -9.155273437500000000e-01
1.896728515624999944e-01 6.837158203125000000e-01 3.993164062500000056e-02 1.205224609375000000e+01 1.038769531250000000e+01 -4.525634765625000666e-01 1.369384765624999112e-01 -1.790527343750000000e+00
3.796728515625000244e-01 9.337158203125000000e-01 5.993164062500000444e-02 1.505224609375000000e+01 1.238769531250000000e+01 3.974365234374999112e-01 -3.130615234374999889e-01 -7.905273437500000000e-01
4.746728515624999978e-01 5.587158203125000000e-01 6.993164062500001332e-02 1.055224609375000000e+01 1.138769531250000000e+01 -8.775634765625000000e-01 -5.380615234374999112e-01 -1.290527343750000000e+00
2.846728515624999956e-01 8.087158203125000000e-01 4.993164062500000250e-02 1.355224609375000000e+01 9.387695312500000000e+00 -2.756347656250002220e-02 -8.806152343750006661e-02 -2.905273437500000000e-01
2.371728515625000089e-01 6.212158203125000000e-01 5.493164062500000000e-02 1.280224609375000000e+01 1.188769531250000000e+01 1.849365234375000000e-01 2.443847656249997780e-02 -5.405273437500000000e-01
4.271728515625000111e-01 8.712158203125000000e-01 3.493164062499999611e-02 1.580224609375000000e+01 9.887695312500000000e+00 -6.650634765625000888e-01 -4.255615234374999778e-01 -1.540527343750000000e+00
3.321728515624999822e-01 7.462158203125000000e-01 4.493164062500000500e-02 1.130224609375000000e+01 1.088769531250000000e+01 6.099365234375000444e-01 -6.505615234374999556e-01 -4.052734375000000000e-02
1.421728515625000078e-01 9.962158203125000000e-01 6.493164062500000888e-02 1.430224609375000000e+01 1.288769531250000000e+01 -2.400634765625000444e-01 -2.005615234375000000e-01 -1.040527343750000000e+00
1.362353515624999956e-01 5.977783203125000000e-01 3.680664062499999778e-02 1.064599609375000000e+01 9.825195312500000000e+00 5.212402343750000000e-02 -5.239990234374999334e-01 -7.592773437500000000e-01
3.262353515624999978e-01 8.477783203125000000e-01 5.680664062500000167e-02 1.364599609375000000e+01 1.182519531250000000e+01 -7.978759765624999778e-01 -7.399902343749997780e-02 -1.759277343750000000e+00
4.212353515625000266e-01 7.227783203125000000e-01 6.680664062499999667e-02 1.214599609375000000e+01 1.282519531250000000e+01 4.771240234375000444e-01 1.510009765625000000e-01 -2.592773437500000000e-01
2.312353515624999967e-01 9.727783203125000000e-01 4.680664062500000666e-02 1.514599609375000000e+01 1.082519531250000000e+01 -3.728759765625000444e-01 -2.989990234375000111e-01 -1.259277343750000000e+00
2.787353515625000111e-01 6.602783203125000000e-01 5.180664062500000416e-02 1.139599609375000000e+01 1.232519531250000000e+01 -1.603759765625000222e-01 -6.364990234374999778e-01 -1.509277343750000000e+00
4.687353515625000133e-01 9.102783203125000000e-01 3.180664062500000028e-02 1.439599609375000000e+01 1.032519531250000000e+01 6.896240234374999556e-01 -1.864990234375000222e-01 -5.092773437500000000e-01
3.737353515624999845e-01 5.352783203125000000e-01 4.180664062500000222e-02 1.289599609375000000e+01 9.325195312500000000e+00 -5.853759765624999556e-01 3.850097656249995559e-02 -1.009277343750000000e+00
1.837353515624999822e-01 7.852783203125000000e-01 6.180664062500000611e-02 1.589599609375000000e+01 1.132519531250000000e+01 2.646240234374999112e-01 -4.114990234375000000e-01 -9.277343750000000000e-03
2.074853515625000033e-01 6.915283203125000000e-01 4.930664062500000194e-02 1.402099609375000000e+01 1.157519531250000000e+01 1.583740234374999556e-01 -5.802490234374999556e-01 -1.134277343750000000e+00
3.974853515624999778e-01 9.415283203125000000e-01 6.930664062499999889e-02 1.102099609375000000e+01 9.575195312500000000e+00 -6.916259765625000222e-01 -1.302490234375000000e-01 -1.342773437500000000e-01
4.924853515625000067e-01 5.665283203125000000e-01 5.930664062500000389e-02 1.552099609375000000e+01 1.057519531250000000e+01 5.833740234375000000e-01 9.475097656249997780e-02 -1.634277343750000000e+00
3.024853515625000044e-01 8.165283203125000000e-01 3.930664062500000000e-02 1.252099609375000000e+01 1.257519531250000000e+01 -2.666259765624999778e-01 -3.552490234374999778e-01 -6.342773437500000000e-01
2.549853515625000178e-01 5.040283203125000000e-01 6.430664062500000833e-02 1.327099609375000000e+01 1.007519531250000000e+01 -4.791259765625000000e-01 -6.927490234375000000e-01 -3.842773437500000000e-01
4.449853515625000200e-01 7.540283203125000000e-01 4.430664062500000444e-02 1.027099609375000000e+01 1.207519531250000000e+01 3.708740234374998668e-01 -2.427490234374999889e-01 -1.384277343750000000e+00
3.499853515624999911e-01 6.290283203125000000e-01 3.430664062500000250e-02 1.477099609375000000e+01 1.107519531250000000e+01 -9.041259765625000444e-01 -1.774902343750006661e-02 -8.842773437500000000e-01
1.599853515624999889e-01 8.790283203125000000e-01 5.430664062499999944e-02 1.177099609375000000e+01 9.075195312500000000e+00 -5.412597656250006661e-02 -4.677490234374999667e-01 -1.884277343750000000e+00
1.481103515624999922e-01 6.446533203125000000e-01 6.805664062499999778e-02 1.270849609375000000e+01 1.095019531250000000e+01 3.177490234375000000e-01 -4.587402343750002220e-02 -1.446777343750000000e+00
3.381103515625000222e-01 8.946533203125000000e-01 4.805664062500000083e-02 1.570849609375000000e+01 1.295019531250000000e+01 -5.322509765625000888e-01 -4.958740234374999778e-01 -4.467773437500000000e-01
4.331103515624999956e-01 5.196533203125000000e-01 3.805664062499999889e-02 1.120849609375000000e+01 1.195019531250000000e+01 -1.072509765625000444e-01 -2.708740234375000000e-01 -1.946777343750000000e+00
2.431103515624999933e-01 7.696533203125000000e-01 5.805664062500000278e-02 1.420849609375000000e+01 9.950195312500000000e+00 -9.572509765625000222e-01 1.791259765624999556e-01 -9.467773437500000000e-01
2.906103515625000355e-01 5.821533203125000000e-01 4.305664062500000333e-02 1.195849609375000000e+01 1.145019531250000000e+01 -7.447509765625000000e-01 -1.583740234374999556e-01 -1.967773437500000000e-01
4.806103515624999822e-01 8.321533203125000000e-01 6.305664062500000722e-02 1.495849609375000000e+01 9.450195312500000000e+00 1.052490234374998668e-01 -6.083740234374999112e-01 -1.196777343750000000e+00
3.856103515625000089e-01 7.071533203125000000e-01 5.305664062499999833e-02 1.045849609375000000e+01 1.045019531250000000e+01 -3.197509765625000666e-01 -3.833740234374999889e-01 -6.967773437500000000e-01
1.956103515625000067e-01 9.571533203125000000e-01 3.305664062500000139e-02 1.345849609375000000e+01 1.245019531250000000e+01 5.302490234374999112e-01 6.662597656250002220e-02 -1.696777343750000000e+00
1.718603515625000133e-01 5.509033203125000000e-01 5.555664062500000056e-02 1.458349609375000000e+01 1.270019531250000000e+01 6.364990234374998668e-01 -1.021240234375000444e-01 -5.717773437500000000e-01
3.618603515624999600e-01 8.009033203125000000e-01 3.555664062499999667e-02 1.158349609375000000e+01 1.070019531250000000e+01 -2.135009765625000000e-01 -5.521240234375000000e-01 -1.571777343750000000e+00
4.568603515624999889e-01 6.759033203125000000e-01 4.555664062500000555e-02 1.308349609375000000e+01 9.700195312500000000e+00 2.114990234375000444e-01 -3.271240234374999667e-01 -7.177734375000000000e-02
2.668603515624999867e-01 9.259033203125000000e-01 6.555664062499999556e-02 1.008349609375000000e+01 1.170019531250000000e+01 -6.385009765625000444e-01 1.228759765624999334e-01 -1.071777343750000000e+00
2.193603515625000000e-01 7.384033203125000000e-01 3.055664062499999917e-02 1.533349609375000000e+01 9.200195312500000000e+00 -8.510009765624999556e-01 -2.146240234374999778e-01 -1.821777343750000000e+00
4.093603515625000022e-01 9.884033203125000000e-01 5.055664062500000305e-02 1.233349609375000000e+01 1.120019531250000000e+01 -1.000976562499977796e-03 -6.646240234374999334e-01 -8.217773437500000000e-01
3.143603515624999734e-01 6.134033203125000000e-01 6.055664062500000500e-02 1.383349609375000000e+01 1.220019531250000000e+01 -4.260009765625000222e-01 -4.396240234374999556e-01 -1.321777343750000000e+00
1.243603515624999989e-01 8.634033203125000000e-01 4.055664062500000111e-02 1.083349609375000000e+01 1.020019531250000000e+01 4.239990234374999556e-01 1.037597656250000000e-02 -3.217773437500000000e-01
1.258447265625000089e-01 6.348876953125000000e-01 3.196289062499999695e-02 1.413818359375000000e+01 1.202832031250000000e+01 -4.748535156250000000e-02 -3.376708984374999778e-01 -1.708984375000000000e-02
3.158447265625000111e-01 8.848876953125000000e-01 5.196289062500000777e-02 1.113818359375000000e+01 1.002832031250000000e+01 -8.974853515624999778e-01 1.123291015624999778e-01 -1.017089843750000000e+00
4.108447265624999845e-01 5.098876953125000000e-01 6.196289062500000278e-02 1.563818359375000000e+01 9.028320312500000000e+00 3.775146484375000444e-01 -1.126708984375000000e-01 -5.170898437500000000e-01
2.208447265624999822e-01 7.598876953125000000e-01 4.196289062499999889e-02 1.263818359375000000e+01 1.102832031250000000e+01 -4.724853515625000444e-01 -5.626708984374999556e-01 -1.517089843750000000e+00
2.683447265624999689e-01 5.723876953125000000e-01 5.696289062500000527e-02 1.338818359375000000e+01 9.528320312500000000e+00 -2.599853515625000222e-01 -4.501708984374999667e-01 -1.267089843750000000e+00
4.583447265625000266e-01 8.223876953125000000e-01 3.696289062500000139e-02 1.038818359375000000e+01 1.152832031250000000e+01 5.900146484374999556e-01 -1.708984375000666134e-04 -2.670898437500000000e-01
3.633447265624999978e-01 6.973876953125000000e-01 4.696289062500000333e-02 1.488818359375000000e+01 1.252832031250000000e+01 -6.849853515624999556e-01 -2.251708984374999889e-01 -1.767089843750000000e+00
1.733447265624999956e-01 9.473876953125000000e-01 6.696289062500000722e-02 1.188818359375000000e+01 1.052832031250000000e+01 1.650146484374999112e-01 -6.751708984375000000e-01 -7.670898437500000000e-01
1.970947265624999889e-01 5.411376953125000000e-01 4.446289062500000111e-02 1.001318359375000000e+01 1.027832031250000000e+01 2.712646484374998668e-01 -2.814208984375000111e-01 -1.892089843750000000e+00
3.870947265624999911e-01 7.911376953125000000e-01 6.446289062500000500e-02 1.301318359375000000e+01 1.227832031250000000e+01 -5.787353515625000000e-01 1.685791015625000000e-01 -8.920898437500000000e-01
4.820947265625000200e-01 6.661376953125000000e-01 5.446289062500000305e-02 1.151318359375000000e+01 1.127832031250000000e+01 6.962646484374999112e-01 -5.642089843749997780e-02 -1.392089843750000000e+00
2.920947265625000178e-01 9.161376953125000000e-01 3.446289062499999917e-02 1.451318359375000000e+01 9.278320312500000000e+00 -1.537353515625000666e-01 -5.064208984374999334e-01 -3.920898437500000000e-01
2.445947265625000033e-01 7.286376953125000000e-01 6.946289062500000944e-02 1.076318359375000000e+01 1.177832031250000000e+01 -3.662353515624999778e-01 -3.939208984375000000e-01 -6.420898437500000000e-01
4.345947265624999778e-01 9.786376953125000000e-01 4.946289062500000555e-02 1.376318359375000000e+01 9.778320312500000000e+00 4.837646484375000000e-01 5.607910156249995559e-02 -1.642089843750000000e+00
3.395947265625000044e-01 6.036376953125000000e-01 3.946289062499999667e-02 1.226318359375000000e+01 1.077832031250000000e+01 -7.912353515625000222e-01 -1.689208984375000222e-01 -1.420898437500000000e-01
1.495947265625000022e-01 8.536376953125000000e-01 5.946289062500000056e-02 1.526318359375000000e+01 1.277832031250000000e+01 5.876464843749995559e-02 -6.189208984374999778e-01 -1.142089843750000000e+00
1.614697265624999989e-01 6.192626953125000000e-01 6.321289062500000389e-02 1.507568359375000000e+01 1.115332031250000000e+01 4.306396484374999112e-01 1.404541015624999334e-01 -1.704589843750000000e+00
3.514697265624999734e-01 8.692626953125000000e-01 4.321289062500000000e-02 1.207568359375000000e+01 9.153320312500000000e+00 -4.193603515625000666e-01 -3.095458984374999667e-01 -7.045898437500000000e-01
4.464697265625000022e-01 7.442626953125000000e-01 3.321289062499999806e-02 1.357568359375000000e+01 1.015332031250000000e+01 5.639648437499866773e-03 -5.345458984375000000e-01 -1.204589843750000000e+00
2.564697265625000000e-01 9.942626953125000000e-01 5.321289062500000194e-02 1.057568359375000000e+01 1.215332031250000000e+01 -8.443603515625000000e-01 -8.454589843750004441e-02 -2.045898437500000000e-01
3.039697265624999867e-01 6.817626953125000000e-01 4.821289062500000444e-02 1.582568359375000000e+01 1.065332031250000000e+01 -6.318603515625000888e-01 2.795410156250000000e-02 -9.545898437500000000e-01
4.939697265624999889e-01 9.317626953125000000e-01 6.821289062500000833e-02 1.282568359375000000e+01 1.265332031250000000e+01 2.181396484375000000e-01 -4.220458984374999556e-01 -1.954589843750000000e+00
3.989697265625000155e-01 5.567626953125000000e-01 5.821289062499999944e-02 1.432568359375000000e+01 1.165332031250000000e+01 -2.068603515625000444e-01 -6.470458984374999334e-01 -4.545898437500000000e-01
2.089697265625000133e-01 8.067626953125000000e-01 3.821289062500000250e-02 1.132568359375000000e+01 9.653320312500000000e+00 6.431396484375000444e-01 -1.970458984374999778e-01 -1.454589843750000000e+00
1.852197265624999922e-01 7.130126953125000000e-01 5.071289062500000666e-02 1.245068359375000000e+01 9.403320312500000000e+00 5.368896484374998668e-01 1.967041015624999556e-01 -3.295898437500000000e-01
3.752197265625000222e-01 9.630126953125000000e-01 3.071289062499999931e-02 1.545068359375000000e+01 1.140332031250000000e+01 -3.131103515625000000e-01 -2.532958984375000000e-01 -1.329589843750000000e+00
4.702197265624999956e-01 5.880126953125000000e-01 4.071289062499999778e-02 1.095068359375000000e+01 1.240332031250000000e+01 1.118896484375000444e-01 -4.782958984374999778e-01 -8.295898437500000000e-01
2.802197265624999933e-01 8.380126953125000000e-01 6.071289062500000167e-02 1.395068359375000000e+01 1.040332031250000000e+01 -7.381103515625000444e-01 -2.829589843750002220e-02 -1.829589843750000000e+00
2.327197265625000067e-01 5.255126953125000000e-01 3.571289062500000028e-02 1.170068359375000000e+01 1.290332031250000000e+01 -9.506103515624999556e-01 8.420410156250002220e-02 -1.079589843750000000e+00
4.227197265625000089e-01 7.755126953125000000e-01 5.571289062500000416e-02 1.470068359375000000e+01 1.090332031250000000e+01 -1.006103515624999778e-01 -3.657958984374999889e-01 -7.958984375000000000e-02
3.277197265625000355e-01 6.505126953125000000e-01 6.571289062500000611e-02 1.020068359375000000e+01 9.903320312500000000e+00 -5.256103515625000222e-01 -5.907958984374999112e-01 -1.579589843750000000e+00
1.377197265625000056e-01 9.005126953125000000e-01 4.571289062500000222e-02 1.320068359375000000e+01 1.190332031250000000e+01 3.243896484374999556e-01 -1.407958984374999556e-01 -5.795898437500000000e-01
1.436572265624999900e-01 5.020751953125000000e-01 5.258789062500000833e-02 1.085693359375000000e+01 1.084082031250000000e+01 -7.115478515625000000e-01 -5.767333984374999334e-01 -1.360839843750000000e+00
3.336572265624999645e-01 7.520751953125000000e-01 3.258789062499999750e-02 1.385693359375000000e+01 1.284082031250000000e+01 1.384521484374998668e-01 -1.267333984374999778e-01 -3.608398437500000000e-01
4.286572265624999933e-01 6.270751953125000000e-01 4.258789062499999944e-02 1.235693359375000000e+01 1.184082031250000000e+01 -2.865478515625000666e-01 9.826660156250000000e-02 -1.860839843750000000e+00
2.386572265624999911e-01 8.770751953125000000e-01 6.258789062500000333e-02 1.535693359375000000e+01 9.840820312500000000e+00 5.634521484374999112e-01 -3.517333984375000111e-01 -8.608398437500000000e-01
2.861572265624999778e-01 6.895751953125000000e-01 3.758789062500000194e-02 1.010693359375000000e+01 1.134082031250000000e+01 3.509521484375000000e-01 -6.892333984374999778e-01 -1.108398437500000000e-01
4.761572265624999800e-01 9.395751953125000000e-01 5.758789062500000583e-02 1.310693359375000000e+01 9.340820312500000000e+00 -4.990478515624999778e-01 -2.392333984375000222e-01 -1.110839843750000000e+00
3.811572265625000067e-01 5.645751953125000000e-01 6.758789062500000777e-02 1.160693359375000000e+01 1.034082031250000000e+01 -7.404785156250004441e-02 -1.423339843750004441e-02 -6.108398437500000000e-01
1.911572265625000044e-01 8.145751953125000000e-01 4.758789062500000389e-02 1.460693359375000000e+01 1.234082031250000000e+01 -9.240478515625000222e-01 -4.642333984375000000e-01 -1.610839843750000000e+00
2.149072265624999978e-01 6.583251953125000000e-01 6.008789062500000111e-02 1.348193359375000000e+01 1.259082031250000000e+01 -8.177978515624999556e-01 -5.204833984374999112e-01 -7.358398437500000000e-01
4.049072265625000000e-01 9.083251953125000000e-01 4.008789062499999722e-02 1.048193359375000000e+01 1.059082031250000000e+01 3.220214843749991118e-02 -7.048339843750006661e-02 -1.735839843750000000e+00
4.999072265624999734e-01 5.333251953125000000e-01 3.008789062499999875e-02 1.498193359375000000e+01 9.590820312500000000e+00 -3.927978515625000222e-01 1.545166015624999112e-01 -2.358398437500000000e-01
3.099072265625000266e-01 7.833251953125000000e-01 5.008789062500000611e-02 1.198193359375000000e+01 1.159082031250000000e+01 4.572021484374999556e-01 -2.954833984374999889e-01 -1.235839843750000000e+00
2.624072265624999845e-01 5.958251953125000000e-01 4.508789062500000167e-02 1.423193359375000000e+01 9.090820312500000000e+00 6.697021484374998668e-01 -6.329833984374999556e-01 -1.985839843750000000e+00
4.524072265624999867e-01 8.458251953125000000e-01 6.508789062500000555e-02 1.123193359375000000e+01 1.109082031250000000e+01 -1.802978515625000000e-01 -1.829833984375000000e-01 -9.858398437500000000e-01
3.574072265625000133e-01 7.208251953125000000e-01 5.508789062500000361e-02 1.573193359375000000e+01 1.209082031250000000e+01 2.447021484375000444e-01 4.201660156249997780e-02 -1.485839843750000000e+00
1.674072265625000111e-01 9.708251953125000000e-01 3.508789062499999972e-02 1.273193359375000000e+01 1.009082031250000000e+01 -6.052978515625000444e-01 -4.079833984374999778e-01 -4.858398437500000000e-01
1.555322265624999867e-01 7.364501953125000000e-01 4.133789062499999833e-02 1.179443359375000000e+01 9.965820312500000000e+00 -2.334228515624999778e-01 -9.860839843750002220e-02 -9.233398437500000000e-01
3.455322265624999889e-01 9.864501953125000000e-01 6.133789062500000222e-02 1.479443359375000000e+01 1.196582031250000000e+01 6.165771484375000000e-01 -5.486083984374999778e-01 -1.923339843750000000e+00
4.405322265625000178e-01 6.114501953125000000e-01 5.133789062500000722e-02 1.029443359375000000e+01 1.296582031250000000e+01 -6.584228515625000222e-01 -3.236083984375000000e-01 -4.233398437500000000e-01
2.505322265624999600e-01 8.614501953125000000e-01 3.133789062499999639e-02 1.329443359375000000e+01 1.096582031250000000e+01 1.915771484374999556e-01 1.263916015624999556e-01 -1.423339843750000000e+00
2.980322265625000022e-01 5.489501953125000000e-01 6.633789062500000666e-02 1.254443359375000000e+01 1.246582031250000000e+01 -2.092285156250006661e-02 -2.111083984375000111e-01 -1.673339843750000000e+00
4.880322265625000044e-01 7.989501953125000000e-01 4.633789062500000278e-02 1.554443359375000000e+01 1.046582031250000000e+01 -8.709228515625000444e-01 -6.611083984374999112e-01 -6.733398437500000000e-01
3.930322265624999756e-01 6.739501953125000000e-01 3.633789062500000083e-02 1.104443359375000000e+01 9.465820312500000000e+00 4.040771484374998668e-01 -4.361083984374999889e-01 -1.173339843750000000e+00
2.030322265625000011e-01 9.239501953125000000e-01 5.633789062500000472e-02 1.404443359375000000e+01 1.146582031250000000e+01 -4.459228515625000000e-01 1.389160156250002220e-02 -1.733398437500000000e-01
1.792822265624999800e-01 5.802001953125000000e-01 3.383789062499999861e-02 1.591943359375000000e+01 1.171582031250000000e+01 -5.521728515624999556e-01 -4.235839843750000000e-02 -1.048339843750000000e+00
3.692822265624999822e-01 8.302001953125000000e-01 5.383789062500000250e-02 1.291943359375000000e+01 9.715820312500000000e+00 2.978271484374999112e-01 -4.923583984374999556e-01 -4.833984375000000000e-02
4.642822265625000111e-01 7.052001953125000000e-01 6.383789062500000444e-02 1.441943359375000000e+01 1.071582031250000000e+01 -9.771728515625000000e-01 -2.673583984374999778e-01 -1.548339843750000000e+00
2.742822265625000089e-01 9.552001953125000000e-01 4.383789062500000056e-02 1.141943359375000000e+01 1.271582031250000000e+01 -1.271728515625000222e-01 1.826416015624999778e-01 -5.483398437500000000e-01
2.267822265624999944e-01 6.427001953125000000e-01 5.883789062500000000e-02 1.516943359375000000e+01 1.021582031250000000e+01 8.532714843750000000e-02 -1.548583984375000444e-01 -2.983398437500000000e-01
4.167822265625000244e-01 8.927001953125000000e-01 3.883789062500000305e-02 1.216943359375000000e+01 1.221582031250000000e+01 -7.646728515624999778e-01 -6.048583984375000000e-01 -1.298339843750000000e+00
3.217822265624999956e-01 5.177001953125000000e-01 4.883789062500000500e-02 1.366943359375000000e+01 1.121582031250000000e+01 5.103271484375000444e-01 -3.798583984374999667e-01 -7.983398437500000000e-01
1.317822265624999933e-01 7.677001953125000000e-01 6.883789062500000888e-02 1.066943359375000000e+01 9.215820312500000000e+00 -3.396728515625000444e-01 7.014160156249993339e-02 -1.798339843750000000e+00
1.288134765625000011e-01 5.684814453125000000e-01 4.977539062499999889e-02 1.296630859375000000e+01 1.287207031250000000e+01 -4.592041015625000222e-01 -6.962646484374999112e-01 -1.376464843750000000e+00
3.188134765625000311e-01 8.184814453125000000e-01 6.977539062500001665e-02 1.596630859375000000e+01 1.087207031250000000e+01 3.907958984374999556e-01 -2.462646484375000111e-01 -3.764648437500000000e-01
4.138134765625000044e-01 6.934814453125000000e-01 5.977539062500000777e-02 1.146630859375000000e+01 9.872070312500000000e+00 -8.842041015624999556e-01 -2.126464843749997780e-02 -1.876464843750000000e+00
2.238134765625000022e-01 9.434814453125000000e-01 3.977539062500000389e-02 1.446630859375000000e+01 1.187207031250000000e+01 -3.420410156249997780e-02 -4.712646484374999889e-01 -8.764648437500000000e-01
2.713134765624999889e-01 6.309814453125000000e-01 6.477539062500001221e-02 1.221630859375000000e+01 9.372070312500000000e+00 1.782958984375000444e-01 -5.837646484374999778e-01 -1.264648437500000000e-01
4.613134765624999911e-01 8.809814453125000000e-01 4.477539062500000139e-02 1.521630859375000000e+01 1.137207031250000000e+01 -6.717041015625000444e-01 -1.337646484375000222e-01 -1.126464843750000000e+00
3.663134765625000178e-01 5.059814453125000000e-01 3.477539062499999944e-02 1.071630859375000000e+01 1.237207031250000000e+01 6.032958984374998668e-01 9.123535156249995559e-02 -6.264648437500000000e-01
1.763134765624999878e-01 7.559814453125000000e-01 5.477539062500000333e-02 1.371630859375000000e+01 1.037207031250000000e+01 -2.467041015625000000e-01 -3.587646484375000000e-01 -1.626464843750000000e+00
2.000634765625000089e-01 7.247314453125000000e-01 3.727539062500000167e-02 1.484130859375000000e+01 1.062207031250000000e+01 -3.529541015625000666e-01 -6.400146484375000000e-01 -5.014648437500000000e-01
3.900634765625000111e-01 9.747314453125000000e-01 5.727539062500000555e-02 1.184130859375000000e+01 1.262207031250000000e+01 4.970458984374999112e-01 -1.900146484375000444e-01 -1.501464843750000000e+00
4.850634765624999845e-01 5.997314453125000000e-01 6.727539062500001443e-02 1.334130859375000000e+01 1.162207031250000000e+01 -7.779541015625000000e-01 3.498535156249993339e-02 -1.464843750000000000e-03
2.950634765624999822e-01 8.497314453125000000e-01 4.727539062500000361e-02 1.034130859375000000e+01 9.622070312500000000e+00 7.204589843749986677e-02 -4.150146484374999667e-01 -1.001464843750000000e+00
2.475634765624999956e-01 5.372314453125000000e-01 5.227539062500000111e-02 1.559130859375000000e+01 1.112207031250000000e+01 -1.404541015625000444e-01 -5.275146484374999556e-01 -1.751464843750000000e+00
4.375634765624999978e-01 7.872314453125000000e-01 3.227539062499999722e-02 1.259130859375000000e+01 9.122070312500000000e+00 -9.904541015625000222e-01 -7.751464843750000000e-02 -7.514648437500000000e-01
3.425634765624999689e-01 6.622314453125000000e-01 4.227539062499999917e-02 1.409130859375000000e+01 1.012207031250000000e+01 2.845458984375000000e-01 1.474853515624999778e-01 -1.251464843750000000e+00
1.525634765624999944e-01 9.122314453125000000e-01 6.227539062500000305e-02 1.109130859375000000e+01 1.212207031250000000e+01 -5.654541015625000888e-01 -3.025146484374999778e-01 -2.514648437500000000e-01
1.644384765624999911e-01 6.778564453125000000e-01 5.602539062500000444e-02 1.052880859375000000e+01 1.199707031250000000e+01 -9.373291015625000444e-01 -2.181396484375000000e-01 -8.139648437500000000e-01
3.544384765624999933e-01 9.278564453125000000e-01 3.602539062500000056e-02 1.352880859375000000e+01 9.997070312500000000e+00 -8.732910156250006661e-02 -6.681396484374999556e-01 -1.813964843750000000e+00
4.494384765625000222e-01 5.528564453125000000e-01 4.602539062500000250e-02 1.202880859375000000e+01 1.099707031250000000e+01 -5.123291015625000000e-01 -4.431396484374999778e-01 -3.139648437500000000e-01
2.594384765624999645e-01 8.028564453125000000e-01 6.602539062500001332e-02 1.502880859375000000e+01 1.299707031250000000e+01 3.376708984374998668e-01 6.860351562499977796e-03 -1.313964843750000000e+00
3.069384765625000067e-01 6.153564453125000000e-01 3.102539062499999958e-02 1.127880859375000000e+01 1.049707031250000000e+01 5.501708984375000000e-01 -1.056396484375000666e-01 -1.563964843750000000e+00
4.969384765625000089e-01 8.653564453125000000e-01 5.102539062500000000e-02 1.427880859375000000e+01 1.249707031250000000e+01 -2.998291015624999778e-01 -5.556396484374999112e-01 -5.639648437500000000e-01
4.019384765624999800e-01 7.403564453125000000e-01 6.102539062500000888e-02 1.277880859375000000e+01 1.149707031250000000e+01 1.251708984374999556e-01 -3.306396484374999889e-01 -1.063964843750000000e+00
2.119384765624999778e-01 9.903564453125000000e-01 4.102539062500000500e-02 1.577880859375000000e+01 9.497070312500000000e+00 -7.248291015625000222e-01 1.193603515624999112e-01 -6.396484375000000000e-02
1.881884765624999845e-01 5.216064453125000000e-01 6.852539062500001554e-02 1.390380859375000000e+01 9.747070312500000000e+00 -6.185791015624999556e-01 -1.618896484374999778e-01 -1.188964843750000000e+00
3.781884765624999867e-01 7.716064453125000000e-01 4.852539062499999778e-02 1.090380859375000000e+01 1.174707031250000000e+01 2.314208984374999112e-01 -6.118896484374999334e-01 -1.889648437500000000e-01
4.731884765625000155e-01 6.466064453125000000e-01 3.852539062500000278e-02 1.540380859375000000e+01 1.274707031250000000e+01 -1.935791015625000222e-01 -3.868896484375000111e-01 -1.688964843750000000e+00
2.831884765625000133e-01 8.966064453125000000e-01 5.852539062500000666e-02 1.240380859375000000e+01 1.074707031250000000e+01 6.564208984374999556e-01 6.311035156250000000e-02 -6.889648437500000000e-01
2.356884765624999989e-01 7.091064453125000000e-01 4.352539062500000028e-02 1.315380859375000000e+01 1.224707031250000000e+01 4.439208984375000444e-01 -4.938964843750004441e-02 -4.389648437500000000e-01
4.256884765624999734e-01 9.591064453125000000e-01 6.352539062500001110e-02 1.015380859375000000e+01 1.024707031250000000e+01 -4.060791015625000444e-01 -4.993896484375000000e-01 -1.438964843750000000e+00
3.306884765625000000e-01 5.841064453125000000e-01 5.352539062500000222e-02 1.465380859375000000e+01 9.247070312500000000e+00 1.892089843750000000e-02 -2.743896484375000222e-01 -9.389648437500000000e-01
1.406884765624999978e-01 8.341064453125000000e-01 3.352539062499999833e-02 1.165380859375000000e+01 1.124707031250000000e+01 -8.310791015624999778e-01 1.756103515624999334e-01 -1.938964843750000000e+00
1.347509765624999856e-01 7.012939453125000000e-01 6.540039062499999889e-02 1.549755859375000000e+01 1.005957031250000000e+01 6.298583984374999112e-01 -4.572021484374999556e-01 -2.202148437500000000e-01
3.247509765624999600e-01 9.512939453125000000e-01 4.540039062500000194e-02 1.249755859375000000e+01 1.205957031250000000e+01 -2.201416015625000666e-01 -7.202148437500000000e-03 -1.220214843750000000e+00
4.197509765624999889e-01 5.762939453125000000e-01 3.540039062500000000e-02 1.399755859375000000e+01 1.105957031250000000e+01 2.048583984374998668e-01 -2.322021484374999778e-01 -7.202148437500000000e-01
2.297509765624999867e-01 8.262939453125000000e-01 5.540039062500000389e-02 1.099755859375000000e+01 9.059570312500000000e+00 -6.451416015625000000e-01 -6.822021484374999334e-01 -1.720214843750000000e+00
2.772509765624999734e-01 5.137939453125000000e-01 4.040039062500000444e-02 1.474755859375000000e+01 1.155957031250000000e+01 -8.576416015625000222e-01 -3.447021484374999667e-01 -1.470214843750000000e+00
4.672509765624999756e-01 7.637939453125000000e-01 6.040039062500000833e-02 1.174755859375000000e+01 9.559570312500000000e+00 -7.641601562500044409e-03 1.052978515624999334e-01 -4.702148437500000000e-01
3.722509765625000022e-01 6.387939453125000000e-01 5.040039062499999944e-02 1.324755859375000000e+01 1.055957031250000000e+01 -4.326416015624999778e-01 -1.197021484375000444e-01 -1.970214843750000000e+00
1.822509765625000000e-01 8.887939453125000000e-01 3.040039062499999903e-02 1.024755859375000000e+01 1.255957031250000000e+01 4.173583984375000000e-01 -5.697021484375000000e-01 -9.702148437500000000e-01
2.060009765624999933e-01 6.075439453125000000e-01 5.790039062500000611e-02 1.212255859375000000e+01 1.230957031250000000e+01 3.111083984375000444e-01 -4.009521484374999889e-01 -1.845214843750000000e+00
3.960009765624999956e-01 8.575439453125000000e-01 3.790039062500000222e-02 1.512255859375000000e+01 1.030957031250000000e+01 -5.388916015625000444e-01 4.904785156250002220e-02 -8.452148437500000000e-01
4.910009765625000244e-01 7.325439453125000000e-01 4.790039062499999722e-02 1.062255859375000000e+01 9.309570312500000000e+00 -1.138916015625000000e-01 -1.759521484374999556e-01 -1.345214843750000000e+00
3.010009765625000222e-01 9.825439453125000000e-01 6.790039062500000111e-02 1.362255859375000000e+01 1.130957031250000000e+01 -9.638916015624999778e-01 -6.259521484374999112e-01 -3.452148437500000000e-01
2.535009765625000355e-01 6.700439453125000000e-01 3.290039062499999778e-02 1.287255859375000000e+01 9.809570312500000000e+00 -7.513916015624999556e-01 -2.884521484375000000e-01 -5.952148437500000000e-01
4.435009765624999822e-01 9.200439453125000000e-01 5.290039062500000167e-02 1.587255859375000000e+01 1.180957031250000000e+01 9.860839843749991118e-02 1.615478515624999556e-01 -1.595214843750000000e+00
3.485009765625000089e-01 5.450439453125000000e-01 6.290039062499999667e-02 1.137255859375000000e+01 1.280957031250000000e+01 -3.263916015625000222e-01 -6.345214843750002220e-02 -9.521484375000000000e-02
1.585009765625000067e-01 7.950439453125000000e-01 4.290039062499999972e-02 1.437255859375000000e+01 1.080957031250000000e+01 5.236083984374999556e-01 -5.134521484374999778e-01 -1.095214843750000000e+00
1.466259765624999822e-01 5.606689453125000000e-01 3.915039062500000333e-02 1.306005859375000000e+01 9.184570312500000000e+00 1.517333984375000000e-01 2.092285156249995559e-02 -1.532714843750000000e+00
3.366259765624999845e-01 8.106689453125000000e-01 5.915039062500000722e-02 1.006005859375000000e+01 1.118457031250000000e+01 -6.982666015625000888e-01 -4.290771484375000000e-01 -5.327148437500000000e-01
4.316259765625000133e-01 6.856689453125000000e-01 6.915039062500000222e-02 1.456005859375000000e+01 1.218457031250000000e+01 5.767333984375000444e-01 -6.540771484374999778e-01 -1.032714843750000000e+00
2.416259765625000111e-01 9.356689453125000000e-01 4.915039062499999833e-02 1.156005859375000000e+01 1.018457031250000000e+01 -2.732666015625000444e-01 -2.040771484375000222e-01 -3.271484375000000000e-02
2.891259765624999978e-01 7.481689453125000000e-01 5.415039062500000278e-02 1.381005859375000000e+01 1.268457031250000000e+01 -4.857666015625000666e-01 1.334228515625000000e-01 -7.827148437500000000e-01
4.791259765625000000e-01 9.981689453125000000e-01 3.415039062499999889e-02 1.081005859375000000e+01 1.068457031250000000e+01 3.642333984374999112e-01 -3.165771484375000111e-01 -1.782714843750000000e+00
3.841259765624999711e-01 6.231689453125000000e-01 4.415039062500000083e-02 1.531005859375000000e+01 9.684570312500000000e+00 -9.107666015625000000e-01 -5.415771484374999334e-01 -2.827148437500000000e-01
1.941259765624999967e-01 8.731689453125000000e-01 6.415039062499999778e-02 1.231005859375000000e+01 1.168457031250000000e+01 -6.076660156250002220e-02 -9.157714843749997780e-02 -1.282714843750000000e+00
1.703759765625000033e-01 6.544189453125000000e-01 4.665039062500000305e-02 1.118505859375000000e+01 1.143457031250000000e+01 4.548339843750004441e-02 7.717285156249997780e-02 -4.077148437500000000e-01
3.603759765624999778e-01 9.044189453125000000e-01 6.665039062500000000e-02 1.418505859375000000e+01 9.434570312500000000e+00 -8.045166015625000444e-01 -3.728271484374999778e-01 -1.407714843750000000e+00
4.553759765625000067e-01 5.294189453125000000e-01 5.665039062500000500e-02 1.268505859375000000e+01 1.043457031250000000e+01 4.704833984374998668e-01 -5.978271484374999556e-01 -9.077148437500000000e-01
2.653759765625000044e-01 7.794189453125000000e-01 3.665039062500000111e-02 1.568505859375000000e+01 1.243457031250000000e+01 -3.795166015625000000e-01 -1.478271484375000000e-01 -1.907714843750000000e+00
2.178759765624999900e-01 5.919189453125000000e-01 6.165039062500000250e-02 1.043505859375000000e+01 1.093457031250000000e+01 -1.670166015624999778e-01 1.896728515624999112e-01 -1.157714843750000000e+00
4.078759765625000200e-01 8.419189453125000000e-01 4.165039062499999861e-02 1.343505859375000000e+01 1.293457031250000000e+01 6.829833984375000000e-01 -2.603271484374999889e-01 -1.577148437500000000e-01
3.128759765624999911e-01 7.169189453125000000e-01 3.165039062499999667e-02 1.193505859375000000e+01 1.193457031250000000e+01 -5.920166015625000222e-01 -4.853271484374999667e-01 -1.657714843750000000e+00
1.228759765624999889e-01 9.669189453125000000e-01 5.165039062500000056e-02 1.493505859375000000e+01 9.934570312500000000e+00 2.579833984374999556e-01 -3.532714843750006661e-02 -6.577148437500000000e-01
1.221337890624999978e-01 7.178955078125000000e-01 4.532226562500000361e-02 1.021240234375000000e+01 1.055175781250000000e+01 -8.011962890624999556e-01 1.140869140624999334e-01 -2.866210937500000000e-01
3.121337890625000000e-01 9.678955078125000000e-01 6.532226562500001443e-02 1.321240234375000000e+01 1.255175781250000000e+01 4.880371093749991118e-02 -3.359130859374999667e-01 -1.286621093750000000e+00
4.071337890624999734e-01 5.928955078125000000e-01 5.532226562500000555e-02 1.171240234375000000e+01 1.155175781250000000e+01 -3.761962890625000222e-01 -5.609130859375000000e-01 -7.866210937500000000e-01
2.171337890624999989e-01 8.428955078125000000e-01 3.532226562500000167e-02 1.471240234375000000e+01 9.551757812500000000e+00 4.738037109374999556e-01 -1.109130859375000444e-01 -1.786621093750000000e+00
2.646337890625000133e-01 5.303955078125000000e-01 6.032226562500000305e-02 1.096240234375000000e+01 1.105175781250000000e+01 6.863037109374998668e-01 1.586914062500000000e-03 -1.036621093750000000e+00
4.546337890625000155e-01 7.803955078125000000e-01 4.032226562499999917e-02 1.396240234375000000e+01 9.051757812500000000e+00 -1.636962890625000000e-01 -4.484130859374999556e-01 -3.662109375000000000e-02
3.596337890624999867e-01 6.553955078125000000e-01 3.032226562499999722e-02 1.246240234375000000e+01 1.005175781250000000e+01 2.613037109375000444e-01 -6.734130859374999334e-01 -1.536621093750000000e+00
1.696337890624999845e-01 9.053955078125000000e-01 5.032226562500000111e-02 1.546240234375000000e+01 1.205175781250000000e+01 -5.886962890625000444e-01 -2.234130859374999778e-01 -5.366210937500000000e-01
1.933837890624999778e-01 6.241455078125000000e-01 3.782226562500000389e-02 1.433740234375000000e+01 1.280175781250000000e+01 -6.949462890625000000e-01 1.703369140624999556e-01 -1.661621093750000000e+00
3.833837890624999800e-01 8.741455078125000000e-01 5.782226562500000777e-02 1.133740234375000000e+01 1.080175781250000000e+01 1.550537109374998668e-01 -2.796630859375000000e-01 -6.616210937500000000e-01
4.783837890625000089e-01 7.491455078125000000e-01 6.782226562500000278e-02 1.583740234375000000e+01 9.801757812500000000e+00 -2.699462890625000666e-01 -5.046630859374999778e-01 -1.161621093750000000e+00
2.883837890625000067e-01 9.991455078125000000e-01 4.782226562499999889e-02 1.283740234375000000e+01 1.180175781250000000e+01 5.800537109374999112e-01 -5.466308593750002220e-02 -1.616210937500000000e-01
2.408837890624999922e-01 6.866455078125000000e-01 5.282226562500000333e-02 1.358740234375000000e+01 9.301757812500000000e+00 3.675537109375000000e-01 5.783691406250002220e-02 -9.116210937500000000e-01
4.308837890625000222e-01 9.366455078125000000e-01 3.282226562499999944e-02 1.058740234375000000e+01 1.130175781250000000e+01 -4.824462890624999778e-01 -3.921630859374999889e-01 -1.911621093750000000e+00
3.358837890624999933e-01 5.616455078125000000e-01 4.282226562500000139e-02 1.508740234375000000e+01 1.230175781250000000e+01 -5.744628906250004441e-02 -6.171630859374999112e-01 -4.116210937500000000e-01
1.458837890624999911e-01 8.116455078125000000e-01 6.282226562500001221e-02 1.208740234375000000e+01 1.030175781250000000e+01 -9.074462890625000222e-01 -1.671630859374999556e-01 -1.411621093750000000e+00
1.577587890624999878e-01 5.460205078125000000e-01 5.907226562500000888e-02 1.227490234375000000e+01 9.676757812500000000e+00 -5.355712890624999556e-01 -3.077880859375000111e-01 -1.974121093750000000e+00
3.477587890625000178e-01 7.960205078125000000e-01 3.907226562499999806e-02 1.527490234375000000e+01 1.167675781250000000e+01 3.144287109374999112e-01 1.422119140625000000e-01 -9.741210937500000000e-01
4.427587890624999911e-01 6.710205078125000000e-01 4.907226562500000000e-02 1.077490234375000000e+01 1.267675781250000000e+01 -9.605712890625000000e-01 -8.278808593749997780e-02 -1.474121093750000000e+00
2.527587890624999889e-01 9.210205078125000000e-01 6.907226562500000389e-02 1.377490234375000000e+01 1.067675781250000000e+01 -1.105712890625000222e-01 -5.327880859374999334e-01 -4.741210937500000000e-01
3.002587890625000311e-01 7.335205078125000000e-01 3.407226562500000056e-02 1.152490234375000000e+01 1.217675781250000000e+01 1.019287109375000000e-01 -4.202880859375000000e-01 -7.241210937500000000e-01
4.902587890624999778e-01 9.835205078125000000e-01 5.407226562500000444e-02 1.452490234375000000e+01 1.017675781250000000e+01 -7.480712890625000888e-01 2.971191406249995559e-02 -1.724121093750000000e+00
3.952587890625000044e-01 6.085205078125000000e-01 6.407226562500001332e-02 1.002490234375000000e+01 9.176757812500000000e+00 5.269287109375000444e-01 -1.952880859375000222e-01 -2.241210937500000000e-01
2.052587890625000022e-01 8.585205078125000000e-01 4.407226562500000250e-02 1.302490234375000000e+01 1.117675781250000000e+01 -3.230712890625000444e-01 -6.452880859374999778e-01 -1.224121093750000000e+00
1.815087890625000089e-01 6.397705078125000000e-01 6.657226562500001554e-02 1.489990234375000000e+01 1.192675781250000000e+01 -2.168212890624999778e-01 -2.515380859374999889e-01 -9.912109375000000000e-02
3.715087890625000111e-01 8.897705078125000000e-01 4.657226562499999778e-02 1.189990234375000000e+01 9.926757812500000000e+00 6.331787109375000000e-01 1.984619140624999112e-01 -1.099121093750000000e+00
4.665087890624999845e-01 5.147705078125000000e-01 3.657226562500000278e-02 1.339990234375000000e+01 1.092675781250000000e+01 -6.418212890625000222e-01 -2.653808593750006661e-02 -5.991210937500000000e-01
2.765087890624999822e-01 7.647705078125000000e-01 5.657226562500000666e-02 1.039990234375000000e+01 1.292675781250000000e+01 2.081787109374999556e-01 -4.765380859374999667e-01 -1.599121093750000000e+00
2.290087890624999956e-01 5.772705078125000000e-01 4.157226562500000028e-02 1.564990234375000000e+01 1.042675781250000000e+01 -4.321289062500066613e-03 -3.640380859374999778e-01 -1.349121093750000000e+00
4.190087890624999978e-01 8.272705078125000000e-01 6.157226562500000416e-02 1.264990234375000000e+01 1.242675781250000000e+01 -8.543212890625000444e-01 8.596191406249997780e-02 -3.491210937500000000e-01
3.240087890624999689e-01 7.022705078125000000e-01 5.157226562500000222e-02 1.414990234375000000e+01 1.142675781250000000e+01 4.206787109374998668e-01 -1.390380859375000000e-01 -1.849121093750000000e+00
1.340087890624999944e-01 9.522705078125000000e-01 3.157226562499999833e-02 1.114990234375000000e+01 9.426757812500000000e+00 -4.293212890625000000e-01 -5.890380859374999556e-01 -8.491210937500000000e-01
1.399462890625000067e-01 5.850830078125000000e-01 6.969726562500000444e-02 1.368115234375000000e+01 1.236425781250000000e+01 2.347412109375000000e-01 -1.249755859375000222e-01 -1.067871093750000000e+00
3.299462890625000089e-01 8.350830078125000000e-01 4.969726562500000056e-02 1.068115234375000000e+01 1.036425781250000000e+01 -6.152587890625000888e-01 -5.749755859374999778e-01 -6.787109375000000000e-02
4.249462890624999822e-01 7.100830078125000000e-01 3.969726562499999861e-02 1.518115234375000000e+01 9.364257812500000000e+00 6.597412109375000444e-01 -3.499755859375000000e-01 -1.567871093750000000e+00
2.349462890624999800e-01 9.600830078125000000e-01 5.969726562500000944e-02 1.218115234375000000e+01 1.136425781250000000e+01 -1.902587890625000444e-01 1.000244140624999556e-01 -5.678710937500000000e-01
2.824462890625000222e-01 6.475830078125000000e-01 4.469726562500000305e-02 1.443115234375000000e+01 9.864257812500000000e+00 -4.027587890625000666e-01 -2.374755859375000111e-01 -3.178710937500000000e-01
4.724462890625000244e-01 8.975830078125000000e-01 6.469726562500000000e-02 1.143115234375000000e+01 1.186425781250000000e+01 4.472412109374999112e-01 -6.874755859374999112e-01 -1.317871093750000000e+00
3.774462890624999956e-01 5.225830078125000000e-01 5.469726562500000500e-02 1.593115234375000000e+01 1.286425781250000000e+01 -8.277587890625000000e-01 -4.624755859374999889e-01 -8.178710937500000000e-01
1.874462890624999933e-01 7.725830078125000000e-01 3.469726562500000111e-02 1.293115234375000000e+01 1.086425781250000000e+01 2.224121093749986677e-02 -1.247558593749997780e-02 -1.817871093750000000e+00
2.111962890624999867e-01 7.413330078125000000e-01 5.719726562500000722e-02 1.105615234375000000e+01 1.011425781250000000e+01 -8.400878906249997780e-02 -6.872558593750000000e-02 -9.428710937500000000e-01
4.011962890624999889e-01 9.913330078125000000e-01 3.719726562500000333e-02 1.405615234375000000e+01 1.211425781250000000e+01 -9.340087890624999556e-01 -5.187255859374999556e-01 -1.942871093750000000e+00
4.961962890625000178e-01 6.163330078125000000e-01 4.719726562499999833e-02 1.255615234375000000e+01 1.111425781250000000e+01 3.409912109374999556e-01 -2.937255859374999778e-01 -4.428710937500000000e-01
3.061962890624999600e-01 8.663330078125000000e-01 6.719726562500000222e-02 1.555615234375000000e+01 9.114257812500000000e+00 -5.090087890625000222e-01 1.562744140624999778e-01 -1.442871093750000000e+00
2.586962890624999734e-01 5.538330078125000000e-01 3.219726562499999889e-02 1.030615234375000000e+01 1.161425781250000000e+01 -2.965087890625000000e-01 -1.812255859375000444e-01 -1.692871093750000000e+00
4.486962890624999756e-01 8.038330078125000000e-01 5.219726562500000278e-02 1.330615234375000000e+01 9.614257812500000000e+00 5.534912109374998668e-01 -6.312255859375000000e-01 -6.928710937500000000e-01
3.536962890625000022e-01 6.788330078125000000e-01 6.219726562500000472e-02 1.180615234375000000e+01 1.061425781250000000e+01 -7.215087890625000444e-01 -4.062255859374999667e-01 -1.192871093750000000e+00
1.636962890625000000e-01 9.288330078125000000e-01 4.219726562500000083e-02 1.480615234375000000e+01 1.261425781250000000e+01 1.284912109375000444e-01 4.377441406249993339e-02 -1.928710937500000000e-01
1.518212890625000033e-01 6.632080078125000000e-01 3.594726562500000222e-02 1.574365234375000000e+01 1.148925781250000000e+01 5.003662109375000000e-01 -5.468505859374999112e-01 -6.303710937500000000e-01
3.418212890624999778e-01 9.132080078125000000e-01 5.594726562500000611e-02 1.274365234375000000e+01 9.489257812500000000e+00 -3.496337890624999778e-01 -9.685058593750006661e-02 -1.630371093750000000e+00
4.368212890625000067e-01 5.382080078125000000e-01 6.594726562500000111e-02 1.424365234375000000e+01 1.048925781250000000e+01 7.536621093749995559e-02 1.281494140624999112e-01 -1.303710937500000000e-01
2.468212890625000044e-01 7.882080078125000000e-01 4.594726562499999722e-02 1.124365234375000000e+01 1.248925781250000000e+01 -7.746337890625000222e-01 -3.218505859374999889e-01 -1.130371093750000000e+00
2.943212890624999911e-01 6.007080078125000000e-01 5.094726562500000167e-02 1.499365234375000000e+01 1.098925781250000000e+01 -9.871337890625000444e-01 -6.593505859374999556e-01 -1.880371093750000000e+00
4.843212890624999933e-01 8.507080078125000000e-01 3.094726562499999778e-02 1.199365234375000000e+01 1.298925781250000000e+01 -1.371337890625000666e-01 -2.093505859375000000e-01 -8.803710937500000000e-01
3.893212890625000200e-01 7.257080078125000000e-01 4.094726562499999972e-02 1.349365234375000000e+01 1.198925781250000000e+01 -5.621337890625000000e-01 1.564941406249997780e-02 -1.380371093750000000e+00
1.993212890624999900e-01 9.757080078125000000e-01 6.094726562500000361e-02 1.049365234375000000e+01 9.989257812500000000e+00 2.878662109374998668e-01 -4.343505859374999778e-01 -3.803710937500000000e-01
1.755712890624999967e-01 5.069580078125000000e-01 4.844726562499999944e-02 1.161865234375000000e+01 9.239257812500000000e+00 3.941162109375000444e-01 -4.906005859375000000e-01 -1.255371093750000000e+00
3.655712890625000266e-01 7.569580078125000000e-01 6.844726562500000333e-02 1.461865234375000000e+01 1.123925781250000000e+01 -4.558837890625000444e-01 -4.060058593750004441e-02 -2.553710937500000000e-01
4.605712890625000000e-01 6.319580078125000000e-01 5.844726562500000833e-02 1.011865234375000000e+01 1.223925781250000000e+01 -3.088378906250000000e-02 1.843994140624999334e-01 -1.755371093750000000e+00
2.705712890624999978e-01 8.819580078125000000e-01 3.844726562500000444e-02 1.311865234375000000e+01 1.023925781250000000e+01 -8.808837890624999778e-01 -2.656005859375000222e-01 -7.553710937500000000e-01
2.230712890625000111e-01 6.944580078125000000e-01 6.344726562499999889e-02 1.236865234375000000e+01 1.273925781250000000e+01 -6.683837890624999556e-01 -6.031005859374999334e-01 -5.371093750000000000e-03
4.130712890625000133e-01 9.444580078125000000e-01 4.344726562500000194e-02 1.536865234375000000e+01 1.073925781250000000e+01 1.816162109374999112e-01 -1.531005859374999778e-01 -1.005371093750000000e+00
3.180712890624999845e-01 5.694580078125000000e-01 3.344726562500000000e-02 1.086865234375000000e+01 9.739257812500000000e+00 -2.433837890625000222e-01 7.189941406250000000e-02 -5.053710937500000000e-01
1.280712890624999822e-01 8.194580078125000000e-01 5.344726562500000389e-02 1.386865234375000000e+01 1.173925781250000000e+01 6.066162109374999556e-01 -3.781005859375000111e-01 -1.505371093750000000e+00
1.310400390625000022e-01 5.186767578125000000e-01 3.250976562499999917e-02 1.466552734375000000e+01 1.033300781250000000e+01 3.011474609375000000e-01 -2.445068359375000000e-01 -1.177246093750000000e+00
3.210400390625000044e-01 7.686767578125000000e-01 5.250976562500000305e-02 1.166552734375000000e+01 1.233300781250000000e+01 -5.488525390625000888e-01 -6.945068359374999556e-01 -1.772460937500000000e-01
4.160400390624999778e-01 6.436767578125000000e-01 6.250976562500000500e-02 1.316552734375000000e+01 1.133300781250000000e+01 -1.238525390625000444e-01 -4.695068359374999778e-01 -1.677246093750000000e+00
2.260400390625000033e-01 8.936767578125000000e-01 4.250976562500000111e-02 1.016552734375000000e+01 9.333007812500000000e+00 -9.738525390625000222e-01 -1.950683593750002220e-02 -6.772460937500000000e-01
2.735400390625000178e-01 7.061767578125000000e-01 5.750976562500000056e-02 1.541552734375000000e+01 1.183300781250000000e+01 -7.613525390625000000e-01 -1.320068359375000666e-01 -4.272460937500000000e-01
4.635400390625000200e-01 9.561767578125000000e-01 3.750976562499999667e-02 1.241552734375000000e+01 9.833007812500000000e+00 8.864746093749986677e-02 -5.820068359374999112e-01 -1.427246093750000000e+00
3.685400390624999911e-01 5.811767578125000000e-01 4.750976562500000555e-02 1.391552734375000000e+01 1.083300781250000000e+01 -3.363525390625000666e-01 -3.570068359374999889e-01 -9.272460937500000000e-01
1.785400390624999889e-01 8.311767578125000000e-01 6.750976562500000944e-02 1.091552734375000000e+01 1.283300781250000000e+01 5.136474609374999112e-01 9.299316406249991118e-02 -1.927246093750000000e+00
2.022900390624999822e-01 6.749267578125000000e-01 4.000976562499999889e-02 1.279052734375000000e+01 1.208300781250000000e+01 6.198974609374998668e-01 -1.882568359374999778e-01 -8.022460937500000000e-01
3.922900390624999845e-01 9.249267578125000000e-01 6.000976562500000278e-02 1.579052734375000000e+01 1.008300781250000000e+01 -2.301025390625000000e-01 -6.382568359374999334e-01 -1.802246093750000000e+00
4.872900390625000133e-01 5.499267578125000000e-01 5.000976562500000777e-02 1.129052734375000000e+01 9.083007812500000000e+00 1.948974609375000444e-01 -4.132568359375000111e-01 -3.022460937500000000e-01
2.972900390625000111e-01 7.999267578125000000e-01 3.000976562500000042e-02 1.429052734375000000e+01 1.108300781250000000e+01 -6.551025390625000444e-01 3.674316406250000000e-02 -1.302246093750000000e+00
2.497900390624999967e-01 6.124267578125000000e-01 6.500976562500000722e-02 1.204052734375000000e+01 9.583007812500000000e+00 -8.676025390624999556e-01 -7.575683593750004441e-02 -1.552246093750000000e+00
4.397900390625000266e-01 8.624267578125000000e-01 4.500976562500000333e-02 1.504052734375000000e+01 1.158300781250000000e+01 -1.760253906249997780e-02 -5.257568359375000000e-01 -5.522460937500000000e-01
3.447900390624999978e-01 7.374267578125000000e-01 3.500976562500000139e-02 1.054052734375000000e+01 1.258300781250000000e+01 -4.426025390625000222e-01 -3.007568359375000222e-01 -1.052246093750000000e+00
1.547900390624999956e-01 9.874267578125000000e-01 5.500976562500000527e-02 1.354052734375000000e+01 1.058300781250000000e+01 4.073974609374999556e-01 1.492431640624999334e-01 -5.224609375000000000e-02
1.666650390624999922e-01 7.218017578125000000e-01 6.125976562500000389e-02 1.410302734375000000e+01 9.458007812500000000e+00 3.552246093750000000e-02 -6.663818359375000000e-01 -6.147460937500000000e-01
3.566650390625000222e-01 9.718017578125000000e-01 4.125976562500000000e-02 1.110302734375000000e+01 1.145800781250000000e+01 -8.144775390624999778e-01 -2.163818359374999889e-01 -1.614746093750000000e+00
4.516650390624999956e-01 5.968017578125000000e-01 3.125976562499999806e-02 1.560302734375000000e+01 1.245800781250000000e+01 4.605224609375000444e-01 8.618164062499933387e-03 -1.147460937500000000e-01
2.616650390624999933e-01 8.468017578125000000e-01 5.125976562500000194e-02 1.260302734375000000e+01 1.045800781250000000e+01 -3.894775390625000444e-01 -4.413818359374999667e-01 -1.114746093750000000e+00
3.091650390625000355e-01 5.343017578125000000e-01 4.625976562500000444e-02 1.335302734375000000e+01 1.295800781250000000e+01 -1.769775390625000222e-01 -5.538818359374999556e-01 -1.864746093750000000e+00
4.991650390624999822e-01 7.843017578125000000e-01 6.625976562500000833e-02 1.035302734375000000e+01 1.095800781250000000e+01 6.730224609374999556e-01 -1.038818359375000000e-01 -8.647460937500000000e-01
4.041650390625000089e-01 6.593017578125000000e-01 5.625976562499999944e-02 1.485302734375000000e+01 9.958007812500000000e+00 -6.019775390624999556e-01 1.211181640624999778e-01 -1.364746093750000000e+00
2.141650390625000067e-01 9.093017578125000000e-01 3.625976562500000250e-02 1.185302734375000000e+01 1.195800781250000000e+01 2.480224609374999112e-01 -3.288818359374999778e-01 -3.647460937500000000e-01
1.904150390625000133e-01 5.655517578125000000e-01 5.375976562500000416e-02 1.072802734375000000e+01 1.120800781250000000e+01 1.417724609374999556e-01 -6.101318359374999778e-01 -1.489746093750000000e+00
3.804150390625000155e-01 8.155517578125000000e-01 3.375976562500000028e-02 1.372802734375000000e+01 9.208007812500000000e+00 -7.082275390625000222e-01 -1.601318359375000222e-01 -4.897460937500000000e-01
4.754150390624999889e-01 6.905517578125000000e-01 4.375976562500000222e-02 1.222802734375000000e+01 1.020800781250000000e+01 5.667724609375000000e-01 6.486816406249995559e-02 -1.989746093750000000e+00
2.854150390624999867e-01 9.405517578125000000e-01 6.375976562500000611e-02 1.522802734375000000e+01 1.220800781250000000e+01 -2.832275390624999778e-01 -3.851318359375000000e-01 -9.897460937500000000e-01
2.379150390625000000e-01 6.280517578125000000e-01 3.875976562499999778e-02 1.147802734375000000e+01 1.070800781250000000e+01 -4.957275390625000000e-01 -4.976318359374999889e-01 -2.397460937500000000e-01
4.279150390625000022e-01 8.780517578125000000e-01 5.875976562500000167e-02 1.447802734375000000e+01 1.270800781250000000e+01 3.542724609374998668e-01 -4.763183593749997780e-02 -1.239746093750000000e+00
3.329150390624999734e-01 5.030517578125000000e-01 6.875976562499999667e-02 1.297802734375000000e+01 1.170800781250000000e+01 -9.207275390625000444e-01 1.773681640625000000e-01 -7.397460937500000000e-01
1.429150390624999989e-01 7.530517578125000000e-01 4.875976562500000666e-02 1.597802734375000000e+01 9.708007812500000000e+00 -7.072753906250006661e-02 -2.726318359375000111e-01 -1.739746093750000000e+00
1.369775390624999867e-01 6.514892578125000000e-01 5.188476562500000250e-02 1.194677734375000000e+01 1.252050781250000000e+01 -3.097900390625000222e-01 -5.444335937500044409e-03 -4.584960937500000000e-01
3.269775390624999889e-01 9.014892578125000000e-01 3.188476562499999861e-02 1.494677734375000000e+01 1.052050781250000000e+01 5.402099609374999556e-01 -4.554443359375000000e-01 -1.458496093750000000e+00
4.219775390625000178e-01 5.264892578125000000e-01 4.188476562500000056e-02 1.044677734375000000e+01 9.520507812500000000e+00 -7.347900390624999556e-01 -6.804443359374999778e-01 -9.584960937500000000e-01
2.319775390625000155e-01 7.764892578125000000e-01 6.188476562500000444e-02 1.344677734375000000e+01 1.152050781250000000e+01 1.152099609374999112e-01 -2.304443359375000222e-01 -1.958496093750000000e+00
2.794775390625000022e-01 5.889892578125000000e-01 3.688476562500000305e-02 1.269677734375000000e+01 9.020507812500000000e+00 -9.729003906250000000e-02 1.070556640625000000e-01 -1.208496093750000000e+00
4.694775390625000044e-01 8.389892578125000000e-01 5.688476562500000000e-02 1.569677734375000000e+01 1.102050781250000000e+01 -9.472900390624999778e-01 -3.429443359375000111e-01 -2.084960937500000000e-01
3.744775390624999756e-01 7.139892578125000000e-01 6.688476562500000888e-02 1.119677734375000000e+01 1.202050781250000000e+01 3.277099609375000444e-01 -5.679443359374999334e-01 -1.708496093750000000e+00
1.844775390625000011e-01 9.639892578125000000e-01 4.688476562500000500e-02 1.419677734375000000e+01 1.002050781250000000e+01 -5.222900390625000444e-01 -1.179443359374999778e-01 -7.084960937500000000e-01
2.082275390624999944e-01 5.577392578125000000e-01 6.438476562500000666e-02 1.532177734375000000e+01 1.077050781250000000e+01 -4.160400390624999778e-01 5.080566406249997780e-02 -1.583496093750000000e+00
3.982275390625000244e-01 8.077392578125000000e-01 4.438476562500000278e-02 1.232177734375000000e+01 1.277050781250000000e+01 4.339599609375000000e-01 -3.991943359374999778e-01 -5.834960937500000000e-01
4.932275390624999978e-01 6.827392578125000000e-01 3.438476562500000083e-02 1.382177734375000000e+01 1.177050781250000000e+01 -8.410400390625000222e-01 -6.241943359374999556e-01 -1.083496093750000000e+00
3.032275390624999956e-01 9.327392578125000000e-01 5.438476562500000472e-02 1.082177734375000000e+01 9.770507812500000000e+00 8.959960937499955591e-03 -1.741943359375000000e-01 -8.349609375000000000e-02
2.557275390625000089e-01 7.452392578125000000e-01 4.938476562500000722e-02 1.457177734375000000e+01 1.127050781250000000e+01 2.214599609374998668e-01 1.633056640624999112e-01 -8.334960937500000000e-01
4.457275390625000111e-01 9.952392578125000000e-01 6.938476562500001110e-02 1.157177734375000000e+01 9.270507812500000000e+00 -6.285400390625000000e-01 -2.866943359374999889e-01 -1.833496093750000000e+00
3.507275390624999822e-01 6.202392578125000000e-01 5.938476562500000222e-02 1.307177734375000000e+01 1.027050781250000000e+01 6.464599609374999112e-01 -5.116943359374999112e-01 -3.334960937500000000e-01
1.607275390624999800e-01 8.702392578125000000e-01 3.938476562499999833e-02 1.007177734375000000e+01 1.227050781250000000e+01 -2.035400390625000666e-01 -6.169433593750006661e-02 -1.333496093750000000e+00
1.488525390625000111e-01 6.046142578125000000e-01 4.313476562500000167e-02 1.138427734375000000e+01 1.164550781250000000e+01 -5.754150390625000222e-01 -4.273193359374999889e-01 -1.770996093750000000e+00
3.388525390625000133e-01 8.546142578125000000e-01 6.313476562500000555e-02 1.438427734375000000e+01 9.645507812500000000e+00 2.745849609374999556e-01 2.268066406250002220e-02 -7.709960937500000000e-01
4.338525390624999867e-01 7.296142578125000000e-01 5.313476562500000361e-02 1.288427734375000000e+01 1.064550781250000000e+01 -1.504150390624999778e-01 -2.023193359375000111e-01 -1.270996093750000000e+00
2.438525390624999845e-01 9.796142578125000000e-01 3.313476562499999972e-02 1.588427734375000000e+01 1.264550781250000000e+01 6.995849609375000000e-01 -6.523193359374999112e-01 -2.709960937500000000e-01
2.913525390625000266e-01 6.671142578125000000e-01 6.813476562500000999e-02 1.063427734375000000e+01 1.014550781250000000e+01 4.870849609374998668e-01 -3.148193359375000000e-01 -5.209960937500000000e-01
4.813525390624999734e-01 9.171142578125000000e-01 4.813476562500000611e-02 1.363427734375000000e+01 1.214550781250000000e+01 -3.629150390625000000e-01 1.351806640624999556e-01 -1.520996093750000000e+00
3.863525390625000000e-01 5.421142578125000000e-01 3.813476562499999722e-02 1.213427734375000000e+01 1.114550781250000000e+01 6.208496093750004441e-02 -8.981933593750002220e-02 -2.099609375000000000e-02
1.963525390624999978e-01 7.921142578125000000e-01 5.813476562500000111e-02 1.513427734375000000e+01 9.145507812500000000e+00 -7.879150390625000444e-01 -5.398193359374999778e-01 -1.020996093750000000e+00
1.726025390625000044e-01 6.983642578125000000e-01 3.063476562499999750e-02 1.325927734375000000e+01 9.895507812500000000e+00 -8.941650390625000000e-01 -3.710693359374999667e-01 -1.459960937500000000e-01
3.626025390625000067e-01 9.483642578125000000e-01 5.063476562500000139e-02 1.025927734375000000e+01 1.189550781250000000e+01 -4.416503906250002220e-02 7.893066406249993339e-02 -1.145996093750000000e+00
4.576025390624999800e-01 5.733642578125000000e-01 6.063476562500000333e-02 1.475927734375000000e+01 1.289550781250000000e+01 -4.691650390625000666e-01 -1.460693359375000444e-01 -6.459960937500000000e-01
2.676025390624999778e-01 8.233642578125000000e-01 4.063476562499999944e-02 1.175927734375000000e+01 1.089550781250000000e+01 3.808349609374999112e-01 -5.960693359375000000e-01 -1.645996093750000000e+00
2.201025390624999911e-01 5.108642578125000000e-01 5.563476562499999889e-02 1.400927734375000000e+01 1.239550781250000000e+01 5.933349609375000444e-01 -2.585693359374999778e-01 -1.395996093750000000e+00
4.101025390624999933e-01 7.608642578125000000e-01 3.563476562500000194e-02 1.100927734375000000e+01 1.039550781250000000e+01 -2.566650390625000444e-01 1.914306640624999778e-01 -3.959960937500000000e-01
3.151025390624999645e-01 6.358642578125000000e-01 4.563476562500000389e-02 1.550927734375000000e+01 9.395507812500000000e+00 1.683349609375000000e-01 -3.356933593750000000e-02 -1.895996093750000000e+00
1.251025390624999900e-01 8.858642578125000000e-01 6.563476562500000777e-02 1.250927734375000000e+01 1.139550781250000000e+01 -6.816650390625000888e-01 -4.835693359374999556e-01 -8.959960937500000000e-01
1.236181640624999939e-01 6.143798828125000000e-01 5.672851562500000333e-02 1.581396484375000000e+01 9.317382812500000000e+00 -2.101806640625000222e-01 -1.917724609375000000e-01 -7.006835937500000000e-01
3.136181640624999822e-01 8.643798828125000000e-01 3.672851562499999944e-02 1.281396484375000000e+01 1.131738281250000000e+01 6.398193359374999556e-01 -6.417724609374999556e-01 -1.700683593750000000e+00
4.086181640625000111e-01 7.393798828125000000e-01 4.672851562500000139e-02 1.431396484375000000e+01 1.231738281250000000e+01 -6.351806640624999556e-01 -4.167724609374999778e-01 -2.006835937500000000e-01
2.186181640625000089e-01 9.893798828125000000e-01 6.672851562500001221e-02 1.131396484375000000e+01 1.031738281250000000e+01 2.148193359374999112e-01 3.322753906249997780e-02 -1.200683593750000000e+00
2.661181640624999956e-01 6.768798828125000000e-01 3.172851562500000194e-02 1.506396484375000000e+01 1.281738281250000000e+01 2.319335937500000000e-03 -7.927246093750006661e-02 -1.950683593750000000e+00
4.561181640624999978e-01 9.268798828125000000e-01 5.172851562499999889e-02 1.206396484375000000e+01 1.081738281250000000e+01 -8.476806640624999778e-01 -5.292724609374999112e-01 -9.506835937500000000e-01
3.611181640624999689e-01 5.518798828125000000e-01 6.172851562500000777e-02 1.356396484375000000e+01 9.817382812500000000e+00 4.273193359375000444e-01 -3.042724609374999889e-01 -1.450683593750000000e+00
1.711181640624999944e-01 8.018798828125000000e-01 4.172851562500000389e-02 1.056396484375000000e+01 1.181738281250000000e+01 -4.226806640625000444e-01 1.457275390624999112e-01 -4.506835937500000000e-01
1.948681640625000155e-01 7.081298828125000000e-01 6.922851562500001443e-02 1.168896484375000000e+01 1.106738281250000000e+01 -5.289306640625000000e-01 -2.480224609375000222e-01 -1.325683593750000000e+00
3.848681640625000178e-01 9.581298828125000000e-01 4.922851562500000361e-02 1.468896484375000000e+01 9.067382812500000000e+00 3.210693359374998668e-01 -6.980224609374999778e-01 -3.256835937500000000e-01
4.798681640624999911e-01 5.831298828125000000e-01 3.922851562500000167e-02 1.018896484375000000e+01 1.006738281250000000e+01 -9.539306640625000444e-01 -4.730224609375000000e-01 -1.825683593750000000e+00
2.898681640624999889e-01 8.331298828125000000e-01 5.922851562500000555e-02 1.318896484375000000e+01 1.206738281250000000e+01 -1.039306640625000666e-01 -2.302246093750004441e-02 -8.256835937500000000e-01
2.423681640625000022e-01 5.206298828125000000e-01 4.422851562499999917e-02 1.243896484375000000e+01 1.056738281250000000e+01 1.085693359374999556e-01 -1.355224609374999778e-01 -7.568359375000000000e-02
4.323681640625000044e-01 7.706298828125000000e-01 6.422851562500000999e-02 1.543896484375000000e+01 1.256738281250000000e+01 -7.414306640625000222e-01 -5.855224609374999334e-01 -1.075683593750000000e+00
3.373681640625000311e-01 6.456298828125000000e-01 5.422851562500000111e-02 1.093896484375000000e+01 1.156738281250000000e+01 5.335693359375000000e-01 -3.605224609375000111e-01 -5.756835937500000000e-01
1.473681640625000011e-01 8.956298828125000000e-01 3.422851562499999722e-02 1.393896484375000000e+01 9.567382812500000000e+00 -3.164306640624999778e-01 8.947753906250000000e-02 -1.575683593750000000e+00
1.592431640624999978e-01 6.300048828125000000e-01 4.797851562500000250e-02 1.337646484375000000e+01 1.044238281250000000e+01 -6.883056640625000444e-01 -6.136474609375000000e-01 -1.013183593750000000e+00
3.492431640625000000e-01 8.800048828125000000e-01 6.797851562500001332e-02 1.037646484375000000e+01 1.244238281250000000e+01 1.616943359375000444e-01 -1.636474609375000444e-01 -1.318359375000000000e-02
4.442431640624999734e-01 5.050048828125000000e-01 5.797851562500000444e-02 1.487646484375000000e+01 1.144238281250000000e+01 -2.633056640625000000e-01 6.135253906249993339e-02 -1.513183593750000000e+00
2.542431640625000266e-01 7.550048828125000000e-01 3.797851562500000056e-02 1.187646484375000000e+01 9.442382812500000000e+00 5.866943359374998668e-01 -3.886474609374999667e-01 -5.131835937500000000e-01
3.017431640625000133e-01 5.675048828125000000e-01 6.297851562500000888e-02 1.412646484375000000e+01 1.194238281250000000e+01 3.741943359374999556e-01 -5.011474609374999556e-01 -2.631835937500000000e-01
4.917431640625000155e-01 8.175048828125000000e-01 4.297851562500000500e-02 1.112646484375000000e+01 9.942382812500000000e+00 -4.758056640625000222e-01 -5.114746093750000000e-02 -1.263183593750000000e+00
3.967431640624999867e-01 6.925048828125000000e-01 3.297851562499999611e-02 1.562646484375000000e+01 1.094238281250000000e+01 -5.080566406249997780e-02 1.738525390624999778e-01 -7.631835937500000000e-01
2.067431640624999845e-01 9.425048828125000000e-01 5.297851562500000000e-02 1.262646484375000000e+01 1.294238281250000000e+01 -9.008056640624999556e-01 -2.761474609374999778e-01 -1.763183593750000000e+00
1.829931640624999911e-01 5.362548828125000000e-01 3.547851562499999833e-02 1.075146484375000000e+01 1.219238281250000000e+01 -7.945556640625000000e-01 -6.698974609374999112e-01 -8.881835937500000000e-01
3.729931640624999933e-01 7.862548828125000000e-01 5.547851562500000222e-02 1.375146484375000000e+01 1.019238281250000000e+01 5.544433593749986677e-02 -2.198974609375000111e-01 -1.888183593750000000e+00
4.679931640625000222e-01 6.612548828125000000e-01 6.547851562500001110e-02 1.225146484375000000e+01 9.192382812500000000e+00 -3.695556640625000666e-01 5.102539062500022204e-03 -3.881835937500000000e-01
2.779931640624999645e-01 9.112548828125000000e-01 4.547851562500000028e-02 1.525146484375000000e+01 1.119238281250000000e+01 4.804443359374999112e-01 -4.448974609374999889e-01 -1.388183593750000000e+00
2.304931640624999778e-01 7.237548828125000000e-01 5.047851562499999778e-02 1.000146484375000000e+01 9.692382812500000000e+00 6.929443359375000444e-01 -5.573974609374999778e-01 -1.638183593750000000e+00
4.204931640624999800e-01 9.737548828125000000e-01 3.047851562499999736e-02 1.300146484375000000e+01 1.169238281250000000e+01 -1.570556640625000444e-01 -1.073974609375000222e-01 -6.381835937500000000e-01
3.254931640625000067e-01 5.987548828125000000e-01 4.047851562500000278e-02 1.150146484375000000e+01 1.269238281250000000e+01 2.679443359375000000e-01 1.176025390624999556e-01 -1.138183593750000000e+00
1.354931640625000044e-01 8.487548828125000000e-01 6.047851562500000666e-02 1.450146484375000000e+01 1.069238281250000000e+01 -5.820556640625000888e-01 -3.323974609375000000e-01 -1.381835937500000000e-01
1.414306640624999889e-01 7.471923828125000000e-01 3.860351562500000111e-02 1.253271484375000000e+01 1.150488281250000000e+01 4.007568359375000000e-01 4.729003906249995559e-02 -1.919433593750000000e+00
3.314306640624999911e-01 9.971923828125000000e-01 5.860351562500000500e-02 1.553271484375000000e+01 9.504882812500000000e+00 -4.492431640624999778e-01 -4.027099609375000000e-01 -9.194335937500000000e-01
4.264306640625000200e-01 6.221923828125000000e-01 6.860351562500000000e-02 1.103271484375000000e+01 1.050488281250000000e+01 -2.424316406250004441e-02 -6.277099609374999778e-01 -1.419433593750000000e+00
2.364306640624999900e-01 8.721923828125000000e-01 4.860351562500000305e-02 1.403271484375000000e+01 1.250488281250000000e+01 -8.742431640625000222e-01 -1.777099609375000222e-01 -4.194335937500000000e-01
2.839306640625000044e-01 5.596923828125000000e-01 5.360351562500000056e-02 1.178271484375000000e+01 1.000488281250000000e+01 -6.617431640625000000e-01 1.597900390625000000e-01 -6.694335937500000000e-01
4.739306640625000067e-01 8.096923828125000000e-01 3.360351562499999667e-02 1.478271484375000000e+01 1.200488281250000000e+01 1.882568359374998668e-01 -2.902099609375000111e-01 -1.669433593750000000e+00
3.789306640624999778e-01 6.846923828125000000e-01 4.360351562500000555e-02 1.028271484375000000e+01 1.100488281250000000e+01 -2.367431640625000666e-01 -5.152099609374999334e-01 -1.694335937500000000e-01
1.889306640624999756e-01 9.346923828125000000e-01 6.360351562499999556e-02 1.328271484375000000e+01 9.004882812500000000e+00 6.132568359374999112e-01 -6.520996093749997780e-02 -1.169433593750000000e+00
2.126806640624999967e-01 5.909423828125000000e-01 4.610351562500000083e-02 1.515771484375000000e+01 9.754882812500000000e+00 5.070068359374999556e-01 -8.959960937500066613e-03 -4.443359375000000000e-02
4.026806640624999711e-01 8.409423828125000000e-01 6.610351562499999778e-02 1.215771484375000000e+01 1.175488281250000000e+01 -3.429931640625000222e-01 -4.589599609374999667e-01 -1.044433593750000000e+00
4.976806640625000000e-01 7.159423828125000000e-01 5.610351562500000278e-02 1.365771484375000000e+01 1.275488281250000000e+01 8.200683593749991118e-02 -6.839599609375000000e-01 -5.444335937500000000e-01
3.076806640624999978e-01 9.659423828125000000e-01 3.610351562499999889e-02 1.065771484375000000e+01 1.075488281250000000e+01 -7.679931640624999556e-01 -2.339599609374999889e-01 -1.544433593750000000e+00
2.601806640624999556e-01 6.534423828125000000e-01 6.110351562500000722e-02 1.590771484375000000e+01 1.225488281250000000e+01 -9.804931640624999778e-01 1.035400390624999778e-01 -1.294433593750000000e+00
4.501806640625000133e-01 9.034423828125000000e-01 4.110351562500000333e-02 1.290771484375000000e+01 1.025488281250000000e+01 -1.304931640625000000e-01 -3.464599609374999778e-01 -2.944335937500000000e-01
3.551806640624999845e-01 5.284423828125000000e-01 3.110351562499999792e-02 1.440771484375000000e+01 9.254882812500000000e+00 -5.554931640625000444e-01 -5.714599609374999556e-01 -1.794433593750000000e+00
1.651806640624999822e-01 7.784423828125000000e-01 5.110351562499999833e-02 1.140771484375000000e+01 1.125488281250000000e+01 2.945068359375000444e-01 -1.214599609375000000e-01 -7.944335937500000000e-01
1.533056640624999856e-01 5.128173828125000000e-01 6.735351562499999889e-02 1.009521484375000000e+01 1.262988281250000000e+01 -7.736816406250002220e-02 -3.745849609374999889e-01 -3.569335937500000000e-01
3.433056640624999600e-01 7.628173828125000000e-01 4.735351562500000194e-02 1.309521484375000000e+01 1.062988281250000000e+01 -9.273681640625000000e-01 7.541503906250002220e-02 -1.356933593750000000e+00
4.383056640624999889e-01 6.378173828125000000e-01 3.735351562500000000e-02 1.159521484375000000e+01 9.629882812500000000e+00 3.476318359374999112e-01 -1.495849609374999556e-01 -8.569335937500000000e-01
2.483056640624999867e-01 8.878173828125000000e-01 5.735351562500000389e-02 1.459521484375000000e+01 1.162988281250000000e+01 -5.023681640624999556e-01 -5.995849609374999112e-01 -1.856933593750000000e+00
2.958056640624999734e-01 7.003173828125000000e-01 4.235351562500000444e-02 1.084521484375000000e+01 9.129882812500000000e+00 -2.898681640625000444e-01 -2.620849609375000000e-01 -1.106933593750000000e+00
4.858056640624999756e-01 9.503173828125000000e-01 6.235351562500000833e-02 1.384521484375000000e+01 1.112988281250000000e+01 5.601318359375000444e-01 1.879150390624999556e-01 -1.069335937500000000e-01
3.908056640625000022e-01 5.753173828125000000e-01 5.235351562499999944e-02 1.234521484375000000e+01 1.212988281250000000e+01 -7.148681640625000888e-01 -3.708496093750002220e-02 -1.606933593750000000e+00
2.008056640625000000e-01 8.253173828125000000e-01 3.235351562500000250e-02 1.534521484375000000e+01 1.012988281250000000e+01 1.351318359375000000e-01 -4.870849609374999778e-01 -6.069335937500000000e-01
1.770556640625000067e-01 6.690673828125000000e-01 5.985351562500000611e-02 1.422021484375000000e+01 1.087988281250000000e+01 2.413818359374999556e-01 -4.308349609374999556e-01 -1.731933593750000000e+00
