# cosmological_parameters--omega_m cosmological_parameters--s_8 cosmological_parameters--omega_b baryons--bacco_M_c baryons--bacco_M1_z0_cen baryons--bacco_beta baryons--bacco_eta baryons--bacco_theta_inn
3.934960937499999978e-01 7.983398437500000000e-01 3.191406249999999972e-02 1.574804687500000000e+01 1.233984375000000000e+01 -7.293945312500000888e-01 -2.315429687500000222e-01 -1.716796875000000000e+00
4.884960937500000266e-01 6.733398437500000000e-01 4.191406250000000167e-02 1.124804687500000000e+01 1.133984375000000000e+01 5.456054687500000444e-01 -6.542968750000044409e-03 -2.167968750000000000e-01
2.984960937499999689e-01 9.233398437500000000e-01 6.191406250000000555e-02 1.424804687500000000e+01 9.339843750000000000e+00 -3.043945312500000444e-01 -4.565429687500000000e-01 -1.216796875000000000e+00
2.509960937499999822e-01 7.358398437500000000e-01 3.691406249999999722e-02 1.199804687500000000e+01 1.183984375000000000e+01 -5.168945312499999556e-01 -5.690429687499999334e-01 -1.966796875000000000e+00
4.409960937499999845e-01 9.858398437500000000e-01 5.691406250000000111e-02 1.499804687500000000e+01 9.839843750000000000e+00 3.331054687499999112e-01 -1.190429687499999778e-01 -9.667968750000000000e-01
3.459960937500000111e-01 6.108398437500000000e-01 6.691406250000000999e-02 1.049804687500000000e+01 1.083984375000000000e+01 -9.418945312500000000e-01 1.059570312500000000e-01 -1.466796875000000000e+00
1.559960937500000089e-01 8.608398437500000000e-01 4.691406250000000611e-02 1.349804687500000000e+01 1.283984375000000000e+01 -9.189453125000002220e-02 -3.440429687500000111e-01 -4.667968750000000000e-01
1.441210937499999845e-01 5.952148437500000000e-01 3.066406249999999861e-02 1.406054687500000000e+01 1.121484375000000000e+01 2.799804687500000444e-01 -1.471679687500000444e-01 -9.042968750000000000e-01
3.341210937499999867e-01 8.452148437500000000e-01 5.066406250000000250e-02 1.106054687500000000e+01 9.214843750000000000e+00 -5.700195312500000444e-01 -5.971679687500000000e-01 -1.904296875000000000e+00
4.291210937500000155e-01 7.202148437500000000e-01 6.066406250000000444e-02 1.556054687500000000e+01 1.021484375000000000e+01 -1.450195312500000000e-01 -3.721679687499999667e-01 -4.042968750000000000e-01
2.391210937500000133e-01 9.702148437500000000e-01 4.066406250000000056e-02 1.256054687500000000e+01 1.221484375000000000e+01 -9.950195312499999778e-01 7.783203124999993339e-02 -1.404296875000000000e+00
2.866210937500000000e-01 6.577148437500000000e-01 5.566406250000000000e-02 1.331054687500000000e+01 1.071484375000000000e+01 -7.825195312499999556e-01 -3.466796875000000000e-02 -1.654296875000000000e+00
4.766210937500000022e-01 9.077148437500000000e-01 3.566406249999999611e-02 1.031054687500000000e+01 1.271484375000000000e+01 6.748046874999991118e-02 -4.846679687499999556e-01 -6.542968750000000000e-01
3.816210937499999734e-01 5.327148437500000000e-01 4.566406250000000500e-02 1.481054687500000000e+01 1.171484375000000000e+01 -3.575195312500000222e-01 -2.596679687499999778e-01 -1.154296875000000000e+00
1.916210937499999989e-01 7.827148437500000000e-01 6.566406250000000888e-02 1.181054687500000000e+01 9.714843750000000000e+00 4.924804687499999556e-01 1.903320312499999778e-01 -1.542968750000000000e-01
1.678710937500000056e-01 6.889648437500000000e-01 4.316406250000000278e-02 1.068554687500000000e+01 9.464843750000000000e+00 5.987304687499999112e-01 -2.034179687500000111e-01 -1.029296875000000000e+00
3.578710937500000355e-01 9.389648437500000000e-01 6.316406250000000666e-02 1.368554687500000000e+01 1.146484375000000000e+01 -2.512695312500000666e-01 -6.534179687499999112e-01 -2.929687500000000000e-02
4.528710937500000089e-01 5.639648437500000000e-01 5.316406250000000472e-02 1.218554687500000000e+01 1.246484375000000000e+01 1.737304687499998668e-01 -4.284179687499999889e-01 -1.529296875000000000e+00
2.628710937500000067e-01 8.139648437500000000e-01 3.316406250000000083e-02 1.518554687500000000e+01 1.046484375000000000e+01 -6.762695312500000000e-01 2.158203125000002220e-02 -5.292968750000000000e-01
2.153710937499999922e-01 5.014648437500000000e-01 6.816406250000001110e-02 1.143554687500000000e+01 1.296484375000000000e+01 -8.887695312500000222e-01 -9.091796875000002220e-02 -2.792968750000000000e-01
4.053710937500000222e-01 7.514648437500000000e-01 4.816406250000000722e-02 1.443554687500000000e+01 1.096484375000000000e+01 -3.876953125000004441e-02 -5.409179687499999778e-01 -1.279296875000000000e+00
3.103710937499999933e-01 6.264648437500000000e-01 3.816406249999999833e-02 1.293554687500000000e+01 9.964843750000000000e+00 -4.637695312499999778e-01 -3.159179687500000000e-01 -7.792968750000000000e-01
1.203710937499999911e-01 8.764648437500000000e-01 5.816406250000000222e-02 1.593554687500000000e+01 1.196484375000000000e+01 3.862304687500000000e-01 1.340820312499999556e-01 -1.779296875000000000e+00
1.205566406249999889e-01 6.882324218750000000e-01 6.291015625000001554e-02 1.392871093750000000e+01 1.144726562500000000e+01 2.276855468749998668e-01 5.805664062499993339e-02 -3.408203125000000000e-01
3.105566406249999911e-01 9.382324218750000000e-01 4.291015624999999778e-02 1.092871093750000000e+01 9.447265625000000000e+00 -6.223144531250000000e-01 -3.919433593749999667e-01 -1.340820312500000000e+00
4.055566406250000200e-01 5.632324218750000000e-01 3.291015625000000278e-02 1.542871093750000000e+01 1.044726562500000000e+01 6.526855468749999112e-01 -6.169433593750000000e-01 -8.408203125000000000e-01
2.155566406249999900e-01 8.132324218750000000e-01 5.291015625000000666e-02 1.242871093750000000e+01 1.244726562500000000e+01 -1.973144531250000666e-01 -1.669433593750000444e-01 -1.840820312500000000e+00
2.630566406250000044e-01 5.007324218750000000e-01 4.791015625000000222e-02 1.317871093750000000e+01 1.094726562500000000e+01 -4.098144531249999778e-01 1.705566406249999778e-01 -1.090820312500000000e+00
4.530566406250000067e-01 7.507324218750000000e-01 6.791015625000000611e-02 1.017871093750000000e+01 1.294726562500000000e+01 4.401855468750000000e-01 -2.794433593749999778e-01 -9.082031250000000000e-02
3.580566406249999778e-01 6.257324218750000000e-01 5.791015625000000416e-02 1.467871093750000000e+01 1.194726562500000000e+01 -8.348144531250000222e-01 -5.044433593749999556e-01 -1.590820312500000000e+00
1.680566406250000033e-01 8.757324218750000000e-01 3.791015625000000028e-02 1.167871093750000000e+01 9.947265625000000000e+00 1.518554687499995559e-02 -5.444335937500000000e-02 -5.908203125000000000e-01
1.918066406249999967e-01 5.944824218750000000e-01 5.041015625000000444e-02 1.055371093750000000e+01 9.197265625000000000e+00 -9.106445312500000000e-02 1.806640625000022204e-03 -1.715820312500000000e+00
3.818066406249999711e-01 8.444824218750000000e-01 3.041015625000000056e-02 1.355371093750000000e+01 1.119726562500000000e+01 -9.410644531249999778e-01 -4.481933593749999889e-01 -7.158203125000000000e-01
4.768066406250000000e-01 7.194824218750000000e-01 4.041015625000000250e-02 1.205371093750000000e+01 1.219726562500000000e+01 3.339355468750000444e-01 -6.731933593749999112e-01 -1.215820312500000000e+00
2.868066406249999978e-01 9.694824218750000000e-01 6.041015625000000638e-02 1.505371093750000000e+01 1.019726562500000000e+01 -5.160644531250000444e-01 -2.231933593750000111e-01 -2.158203125000000000e-01
2.393066406250000111e-01 6.569824218750000000e-01 3.541015624999999806e-02 1.130371093750000000e+01 1.269726562500000000e+01 -3.035644531250000222e-01 1.143066406249999556e-01 -9.658203125000000000e-01
4.293066406250000133e-01 9.069824218750000000e-01 5.541015625000000888e-02 1.430371093750000000e+01 1.069726562500000000e+01 5.464355468749999556e-01 -3.356933593750000000e-01 -1.965820312500000000e+00
3.343066406249999845e-01 5.319824218750000000e-01 6.541015625000000389e-02 1.280371093750000000e+01 9.697265625000000000e+00 -7.285644531249999556e-01 -5.606933593749999778e-01 -4.658203125000000000e-01
1.443066406249999822e-01 7.819824218750000000e-01 4.541015625000000000e-02 1.580371093750000000e+01 1.169726562500000000e+01 1.214355468749999112e-01 -1.106933593750000222e-01 -1.465820312500000000e+00
1.561816406250000067e-01 5.476074218750000000e-01 3.166015625000000167e-02 1.486621093750000000e+01 1.232226562500000000e+01 4.933105468749998668e-01 -3.638183593750000111e-01 -1.903320312500000000e+00
3.461816406250000089e-01 7.976074218750000000e-01 5.166015625000000555e-02 1.186621093750000000e+01 1.032226562500000000e+01 -3.566894531250000000e-01 8.618164062500000000e-02 -9.033203125000000000e-01
4.411816406249999822e-01 6.726074218750000000e-01 6.166015625000000749e-02 1.336621093750000000e+01 9.322265625000000000e+00 6.831054687500004441e-02 -1.388183593749999778e-01 -1.403320312500000000e+00
2.511816406250000355e-01 9.226074218750000000e-01 4.166015625000000361e-02 1.036621093750000000e+01 1.132226562500000000e+01 -7.816894531250000444e-01 -5.888183593749999334e-01 -4.033203125000000000e-01
2.986816406250000222e-01 7.351074218750000000e-01 5.666015625000000305e-02 1.561621093750000000e+01 9.822265625000000000e+00 -9.941894531249999556e-01 -2.513183593750000222e-01 -6.533203125000000000e-01
4.886816406250000244e-01 9.851074218750000000e-01 3.666015624999999917e-02 1.261621093750000000e+01 1.182226562500000000e+01 -1.441894531249999778e-01 1.986816406249999334e-01 -1.653320312500000000e+00
3.936816406249999956e-01 6.101074218750000000e-01 4.666015625000000111e-02 1.411621093750000000e+01 1.282226562500000000e+01 -5.691894531250000222e-01 -2.631835937500004441e-02 -1.533203125000000000e-01
2.036816406249999933e-01 8.601074218750000000e-01 6.666015625000000500e-02 1.111621093750000000e+01 1.082226562500000000e+01 2.808105468749999556e-01 -4.763183593750000000e-01 -1.153320312500000000e+00
1.799316406250000000e-01 6.413574218750000000e-01 4.416015624999999889e-02 1.299121093750000000e+01 1.007226562500000000e+01 3.870605468749999112e-01 -4.200683593749999778e-01 -2.832031250000000000e-02
3.699316406250000022e-01 8.913574218750000000e-01 6.416015625000000278e-02 1.599121093750000000e+01 1.207226562500000000e+01 -4.629394531250000666e-01 2.993164062499997780e-02 -1.028320312500000000e+00
4.649316406249999756e-01 5.163574218750000000e-01 5.416015625000000777e-02 1.149121093750000000e+01 1.107226562500000000e+01 -3.793945312500002220e-02 -1.950683593750000000e-01 -5.283203125000000000e-01
2.749316406249999734e-01 7.663574218750000000e-01 3.416015624999999695e-02 1.449121093750000000e+01 9.072265625000000000e+00 -8.879394531250000000e-01 -6.450683593749999556e-01 -1.528320312500000000e+00
2.274316406249999867e-01 5.788574218750000000e-01 6.916015625000000722e-02 1.224121093750000000e+01 1.157226562500000000e+01 -6.754394531250000888e-01 -3.075683593749999889e-01 -1.278320312500000000e+00
4.174316406249999889e-01 8.288574218750000000e-01 4.916015625000000333e-02 1.524121093750000000e+01 9.572265625000000000e+00 1.745605468750000000e-01 1.424316406249999112e-01 -2.783203125000000000e-01
3.224316406249999600e-01 7.038574218750000000e-01 3.916015625000000139e-02 1.074121093750000000e+01 1.057226562500000000e+01 -2.504394531250000444e-01 -8.256835937500006661e-02 -1.778320312500000000e+00
1.324316406249999856e-01 9.538574218750000000e-01 5.916015625000000527e-02 1.374121093750000000e+01 1.257226562500000000e+01 5.995605468750000444e-01 -5.325683593749999112e-01 -7.783203125000000000e-01
1.383691406249999978e-01 5.710449218750000000e-01 4.228515624999999722e-02 1.120996093750000000e+01 9.634765625000000000e+00 -8.082519531249999778e-01 -1.810058593750000222e-01 -1.059570312500000000e+00
3.283691406250000000e-01 8.210449218750000000e-01 6.228515625000000805e-02 1.420996093750000000e+01 1.163476562500000000e+01 4.174804687500000000e-02 -6.310058593749999778e-01 -5.957031250000000000e-02
4.233691406249999734e-01 6.960449218750000000e-01 5.228515625000000611e-02 1.270996093750000000e+01 1.263476562500000000e+01 -3.832519531250000444e-01 -4.060058593750000000e-01 -1.559570312500000000e+00
2.333691406249999989e-01 9.460449218750000000e-01 3.228515625000000222e-02 1.570996093750000000e+01 1.063476562500000000e+01 4.667480468750000444e-01 4.399414062499995559e-02 -5.595703125000000000e-01
2.808691406250000133e-01 6.335449218750000000e-01 6.728515625000000555e-02 1.045996093750000000e+01 1.213476562500000000e+01 6.792480468749999556e-01 -6.850585937499997780e-02 -3.095703125000000000e-01
4.708691406250000155e-01 8.835449218750000000e-01 4.728515625000000167e-02 1.345996093750000000e+01 1.013476562500000000e+01 -1.707519531250000222e-01 -5.185058593749999334e-01 -1.309570312500000000e+00
3.758691406249999867e-01 5.085449218750000000e-01 3.728515624999999972e-02 1.195996093750000000e+01 9.134765625000000000e+00 2.542480468749999112e-01 -2.935058593750000111e-01 -8.095703125000000000e-01
1.858691406249999845e-01 7.585449218750000000e-01 5.728515625000000361e-02 1.495996093750000000e+01 1.113476562500000000e+01 -5.957519531249999556e-01 1.564941406250000000e-01 -1.809570312500000000e+00
2.096191406249999778e-01 7.272949218750000000e-01 3.478515624999999750e-02 1.308496093750000000e+01 1.188476562500000000e+01 -7.020019531250000222e-01 -2.372558593749999889e-01 -9.345703125000000000e-01
3.996191406249999800e-01 9.772949218750000000e-01 5.478515625000000833e-02 1.008496093750000000e+01 9.884765625000000000e+00 1.479980468749999556e-01 -6.872558593750000000e-01 -1.934570312500000000e+00
4.946191406250000089e-01 6.022949218750000000e-01 6.478515625000000333e-02 1.458496093750000000e+01 1.088476562500000000e+01 -2.770019531249999778e-01 -4.622558593749999667e-01 -4.345703125000000000e-01
3.046191406250000067e-01 8.522949218750000000e-01 4.478515624999999944e-02 1.158496093750000000e+01 1.288476562500000000e+01 5.729980468750000000e-01 -1.225585937500006661e-02 -1.434570312500000000e+00
2.571191406249999645e-01 5.397949218750000000e-01 5.978515625000000583e-02 1.383496093750000000e+01 1.038476562500000000e+01 3.604980468749998668e-01 -1.247558593750000000e-01 -1.684570312500000000e+00
4.471191406250000222e-01 7.897949218750000000e-01 3.978515625000000194e-02 1.083496093750000000e+01 1.238476562500000000e+01 -4.895019531250000000e-01 -5.747558593749999556e-01 -6.845703125000000000e-01
3.521191406249999933e-01 6.647949218750000000e-01 4.978515625000000389e-02 1.533496093750000000e+01 1.138476562500000000e+01 -6.450195312500006661e-02 -3.497558593749999778e-01 -1.184570312500000000e+00
1.621191406249999911e-01 9.147949218750000000e-01 6.978515625000000777e-02 1.233496093750000000e+01 9.384765625000000000e+00 -9.145019531250000444e-01 1.002441406249999778e-01 -1.845703125000000000e-01
1.502441406249999944e-01 6.804199218750000000e-01 5.353515625000000722e-02 1.214746093750000000e+01 1.050976562500000000e+01 -5.426269531250000888e-01 -6.028808593749999112e-01 -7.470703125000000000e-01
3.402441406249999689e-01 9.304199218750000000e-01 3.353515624999999639e-02 1.514746093750000000e+01 1.250976562500000000e+01 3.073730468750000000e-01 -1.528808593749999556e-01 -1.747070312500000000e+00
4.352441406249999978e-01 5.554199218750000000e-01 4.353515624999999833e-02 1.064746093750000000e+01 1.150976562500000000e+01 -9.676269531250000222e-01 7.211914062500002220e-02 -2.470703125000000000e-01
2.452441406249999956e-01 8.054199218750000000e-01 6.353515625000000222e-02 1.364746093750000000e+01 9.509765625000000000e+00 -1.176269531250000444e-01 -3.778808593749999889e-01 -1.247070312500000000e+00
2.927441406249999822e-01 6.179199218750000000e-01 3.853515625000000083e-02 1.289746093750000000e+01 1.100976562500000000e+01 9.487304687499986677e-02 -4.903808593749999778e-01 -1.997070312500000000e+00
4.827441406249999845e-01 8.679199218750000000e-01 5.853515625000000472e-02 1.589746093750000000e+01 9.009765625000000000e+00 -7.551269531250000000e-01 -4.038085937500002220e-02 -9.970703125000000000e-01
3.877441406250000111e-01 7.429199218750000000e-01 6.853515625000000666e-02 1.139746093750000000e+01 1.000976562500000000e+01 5.198730468749999112e-01 1.846191406249999556e-01 -1.497070312500000000e+00
1.977441406250000089e-01 9.929199218750000000e-01 4.853515625000000278e-02 1.439746093750000000e+01 1.200976562500000000e+01 -3.301269531250000666e-01 -2.653808593750000000e-01 -4.970703125000000000e-01
1.739941406249999878e-01 5.241699218750000000e-01 6.103515625000000000e-02 1.552246093750000000e+01 1.275976562500000000e+01 -2.238769531250000000e-01 -6.591308593749999334e-01 -1.372070312500000000e+00
3.639941406250000178e-01 7.741699218750000000e-01 4.103515625000000305e-02 1.252246093750000000e+01 1.075976562500000000e+01 6.261230468749998668e-01 -2.091308593749999778e-01 -3.720703125000000000e-01
4.589941406249999911e-01 6.491699218750000000e-01 3.103515624999999764e-02 1.402246093750000000e+01 9.759765625000000000e+00 -6.488769531250000444e-01 1.586914062500000000e-02 -1.872070312500000000e+00
2.689941406249999889e-01 8.991699218750000000e-01 5.103515625000000500e-02 1.102246093750000000e+01 1.175976562500000000e+01 2.011230468750000444e-01 -4.341308593749999556e-01 -8.720703125000000000e-01
2.214941406250000022e-01 7.116699218750000000e-01 4.603515625000000056e-02 1.477246093750000000e+01 9.259765625000000000e+00 -1.137695312499997780e-02 -5.466308593750000000e-01 -1.220703125000000000e-01
4.114941406250000044e-01 9.616699218750000000e-01 6.603515625000000444e-02 1.177246093750000000e+01 1.125976562500000000e+01 -8.613769531249999556e-01 -9.663085937500004441e-02 -1.122070312500000000e+00
3.164941406250000311e-01 5.866699218750000000e-01 5.603515625000000250e-02 1.327246093750000000e+01 1.225976562500000000e+01 4.136230468749999556e-01 1.283691406249999334e-01 -6.220703125000000000e-01
1.264941406250000011e-01 8.366699218750000000e-01 3.603515624999999861e-02 1.027246093750000000e+01 1.025976562500000000e+01 -4.363769531250000222e-01 -3.216308593749999667e-01 -1.622070312500000000e+00
1.294628906249999933e-01 5.124511718750000000e-01 5.509765625000000167e-02 1.247558593750000000e+01 1.166601562500000000e+01 -3.168457031250000444e-01 -7.553710937500002220e-02 -1.200195312500000000e+00
3.194628906249999956e-01 7.624511718750000000e-01 3.509765624999999778e-02 1.547558593750000000e+01 9.666015625000000000e+00 5.331542968750000444e-01 -5.255371093749999778e-01 -2.001953125000000000e-01
4.144628906250000244e-01 6.374511718750000000e-01 4.509765624999999972e-02 1.097558593750000000e+01 1.066601562500000000e+01 -7.418457031250000888e-01 -3.005371093750000000e-01 -1.700195312500000000e+00
2.244628906249999944e-01 8.874511718750000000e-01 6.509765624999999667e-02 1.397558593750000000e+01 1.266601562500000000e+01 1.081542968750000000e-01 1.494628906249999556e-01 -7.001953125000000000e-01
2.719628906250000089e-01 6.999511718750000000e-01 3.009765625000000028e-02 1.172558593750000000e+01 1.016601562500000000e+01 -1.043457031250000222e-01 -1.880371093749999556e-01 -4.501953125000000000e-01
4.619628906250000111e-01 9.499511718750000000e-01 5.009765625000000416e-02 1.472558593750000000e+01 1.216601562500000000e+01 -9.543457031250000000e-01 -6.380371093749999112e-01 -1.450195312500000000e+00
3.669628906249999822e-01 5.749511718750000000e-01 6.009765625000000611e-02 1.022558593750000000e+01 1.116601562500000000e+01 3.206542968749999112e-01 -4.130371093749999889e-01 -9.501953125000000000e-01
1.769628906249999800e-01 8.249511718750000000e-01 4.009765625000000222e-02 1.322558593750000000e+01 9.166015625000000000e+00 -5.293457031249999556e-01 3.696289062500002220e-02 -1.950195312500000000e+00
2.007128906250000011e-01 6.687011718750000000e-01 6.759765624999999889e-02 1.510058593750000000e+01 9.916015625000000000e+00 -4.230957031250000000e-01 -1.317871093750000444e-01 -8.251953125000000000e-01
3.907128906249999756e-01 9.187011718750000000e-01 4.759765625000000194e-02 1.210058593750000000e+01 1.191601562500000000e+01 4.269042968749998668e-01 -5.817871093750000000e-01 -1.825195312500000000e+00
4.857128906250000044e-01 5.437011718750000000e-01 3.759765625000000000e-02 1.360058593750000000e+01 1.291601562500000000e+01 -8.480957031250000444e-01 -3.567871093749999667e-01 -3.251953125000000000e-01
2.957128906250000022e-01 7.937011718750000000e-01 5.759765625000000389e-02 1.060058593750000000e+01 1.091601562500000000e+01 1.904296875000044409e-03 9.321289062499993339e-02 -1.325195312500000000e+00
2.482128906249999878e-01 6.062011718750000000e-01 4.259765625000000444e-02 1.585058593750000000e+01 1.241601562500000000e+01 2.144042968749999556e-01 -2.442871093749999778e-01 -1.575195312500000000e+00
4.382128906250000178e-01 8.562011718750000000e-01 6.259765625000000833e-02 1.285058593750000000e+01 1.041601562500000000e+01 -6.355957031250000222e-01 -6.942871093749999334e-01 -5.751953125000000000e-01
3.432128906249999889e-01 7.312011718750000000e-01 5.259765624999999944e-02 1.435058593750000000e+01 9.416015625000000000e+00 6.394042968750000000e-01 -4.692871093749999556e-01 -1.075195312500000000e+00
1.532128906249999867e-01 9.812011718750000000e-01 3.259765625000000250e-02 1.135058593750000000e+01 1.141601562500000000e+01 -2.105957031249999778e-01 -1.928710937500000000e-02 -7.519531250000000000e-02
1.650878906250000111e-01 7.468261718750000000e-01 4.884765625000000305e-02 1.003808593750000000e+01 1.254101562500000000e+01 -5.824707031250000444e-01 -4.974121093749999667e-01 -5.126953125000000000e-01
3.550878906250000133e-01 9.968261718750000000e-01 6.884765625000000000e-02 1.303808593750000000e+01 1.054101562500000000e+01 2.675292968750000444e-01 -4.741210937500006661e-02 -1.512695312500000000e+00
4.500878906249999867e-01 6.218261718750000000e-01 5.884765625000000500e-02 1.153808593750000000e+01 9.541015625000000000e+00 -1.574707031250000000e-01 1.775878906249999112e-01 -1.269531250000000000e-02
2.600878906249999845e-01 8.718261718750000000e-01 3.884765625000000111e-02 1.453808593750000000e+01 1.154101562500000000e+01 6.925292968749998668e-01 -2.724121093749999889e-01 -1.012695312500000000e+00
3.075878906250000266e-01 5.593261718750000000e-01 6.384765624999999556e-02 1.078808593750000000e+01 9.041015625000000000e+00 4.800292968749999556e-01 -6.099121093749999556e-01 -1.762695312500000000e+00
4.975878906249999734e-01 8.093261718750000000e-01 4.384765625000000555e-02 1.378808593750000000e+01 1.104101562500000000e+01 -3.699707031250000222e-01 -1.599121093750000000e-01 -7.626953125000000000e-01
4.025878906250000000e-01 6.843261718750000000e-01 3.384765624999999667e-02 1.228808593750000000e+01 1.204101562500000000e+01 5.502929687499991118e-02 6.508789062499997780e-02 -1.262695312500000000e+00
2.125878906249999978e-01 9.343261718750000000e-01 5.384765625000000056e-02 1.528808593750000000e+01 1.004101562500000000e+01 -7.949707031249999556e-01 -3.849121093749999778e-01 -2.626953125000000000e-01
1.888378906250000044e-01 5.905761718750000000e-01 3.634765624999999889e-02 1.416308593750000000e+01 1.079101562500000000e+01 -9.012207031250000222e-01 -5.536621093749999334e-01 -1.387695312500000000e+00
3.788378906250000067e-01 8.405761718750000000e-01 5.634765625000000278e-02 1.116308593750000000e+01 1.279101562500000000e+01 -5.122070312500004441e-02 -1.036621093749999778e-01 -3.876953125000000000e-01
4.738378906249999800e-01 7.155761718750000000e-01 6.634765624999999778e-02 1.566308593750000000e+01 1.179101562500000000e+01 -4.762207031249999778e-01 1.213378906250000000e-01 -1.887695312500000000e+00
2.838378906249999778e-01 9.655761718750000000e-01 4.634765625000000083e-02 1.266308593750000000e+01 9.791015625000000000e+00 3.737792968750000000e-01 -3.286621093750000111e-01 -8.876953125000000000e-01
2.363378906249999911e-01 6.530761718750000000e-01 5.134765624999999833e-02 1.341308593750000000e+01 1.129101562500000000e+01 5.862792968749999112e-01 -6.661621093749999778e-01 -1.376953125000000000e-01
4.263378906249999933e-01 9.030761718750000000e-01 3.134765625000000139e-02 1.041308593750000000e+01 9.291015625000000000e+00 -2.637207031250000666e-01 -2.161621093750000222e-01 -1.137695312500000000e+00
3.313378906249999645e-01 5.280761718750000000e-01 4.134765625000000333e-02 1.491308593750000000e+01 1.029101562500000000e+01 1.612792968749998668e-01 8.837890624999955591e-03 -6.376953125000000000e-01
1.413378906249999900e-01 7.780761718750000000e-01 6.134765625000000722e-02 1.191308593750000000e+01 1.229101562500000000e+01 -6.887207031250000000e-01 -4.411621093750000000e-01 -1.637695312500000000e+00
1.354003906250000056e-01 6.296386718750000000e-01 3.947265625000000167e-02 1.594433593750000000e+01 9.478515625000000000e+00 2.940917968749998668e-01 1.635253906249999334e-01 -4.189453125000000000e-01
3.254003906250000355e-01 8.796386718750000000e-01 5.947265625000000555e-02 1.294433593750000000e+01 1.147851562500000000e+01 -5.559082031250000000e-01 -2.864746093750000222e-01 -1.418945312500000000e+00
4.204003906250000089e-01 5.046386718750000000e-01 6.947265625000001443e-02 1.444433593750000000e+01 1.247851562500000000e+01 -1.309082031250000666e-01 -5.114746093750000000e-01 -9.189453125000000000e-01
2.304003906250000067e-01 7.546386718750000000e-01 4.947265625000000361e-02 1.144433593750000000e+01 1.047851562500000000e+01 -9.809082031250000444e-01 -6.147460937500004441e-02 -1.918945312500000000e+00
2.779003906249999933e-01 5.671386718750000000e-01 5.447265625000000111e-02 1.519433593750000000e+01 1.297851562500000000e+01 -7.684082031250000222e-01 5.102539062500000000e-02 -1.168945312500000000e+00
4.679003906249999956e-01 8.171386718750000000e-01 3.447265624999999722e-02 1.219433593750000000e+01 1.097851562500000000e+01 8.159179687499995559e-02 -3.989746093750000111e-01 -1.689453125000000000e-01
3.729003906250000222e-01 6.921386718750000000e-01 4.447265624999999917e-02 1.369433593750000000e+01 9.978515625000000000e+00 -3.434082031249999778e-01 -6.239746093749999334e-01 -1.668945312500000000e+00
1.829003906249999922e-01 9.421386718750000000e-01 6.447265625000000999e-02 1.069433593750000000e+01 1.197851562500000000e+01 5.065917968750000000e-01 -1.739746093749999778e-01 -6.689453125000000000e-01
2.066503906250000133e-01 5.358886718750000000e-01 4.697265625000000139e-02 1.181933593750000000e+01 1.122851562500000000e+01 6.128417968749999556e-01 1.072753906249999112e-01 -1.543945312500000000e+00
3.966503906250000155e-01 7.858886718750000000e-01 6.697265625000001221e-02 1.481933593750000000e+01 9.228515625000000000e+00 -2.371582031250000222e-01 -3.427246093749999889e-01 -5.439453125000000000e-01
4.916503906249999889e-01 6.608886718750000000e-01 5.697265625000000333e-02 1.031933593750000000e+01 1.022851562500000000e+01 1.878417968749999112e-01 -5.677246093749999112e-01 -1.043945312500000000e+00
3.016503906249999867e-01 9.108886718750000000e-01 3.697265624999999944e-02 1.331933593750000000e+01 1.222851562500000000e+01 -6.621582031249999556e-01 -1.177246093750000666e-01 -4.394531250000000000e-02
2.541503906250000000e-01 7.233886718750000000e-01 6.197265625000000777e-02 1.256933593750000000e+01 1.072851562500000000e+01 -8.746582031249999778e-01 -5.224609375000022204e-03 -7.939453125000000000e-01
4.441503906250000022e-01 9.733886718750000000e-01 4.197265625000000389e-02 1.556933593750000000e+01 1.272851562500000000e+01 -2.465820312500000000e-02 -4.552246093749999778e-01 -1.793945312500000000e+00
3.491503906249999734e-01 5.983886718750000000e-01 3.197265625000000194e-02 1.106933593750000000e+01 1.172851562500000000e+01 -4.496582031250000444e-01 -6.802246093749999556e-01 -2.939453125000000000e-01
1.591503906249999989e-01 8.483886718750000000e-01 5.197265624999999889e-02 1.406933593750000000e+01 9.728515625000000000e+00 4.003417968750000444e-01 -2.302246093750000000e-01 -1.293945312500000000e+00
1.472753906250000022e-01 6.140136718750000000e-01 6.572265625000001110e-02 1.350683593750000000e+01 1.035351562500000000e+01 2.846679687499986677e-02 -2.583496093750000111e-01 -1.856445312500000000e+00
3.372753906250000044e-01 8.640136718750000000e-01 4.572265625000000028e-02 1.050683593750000000e+01 1.235351562500000000e+01 -8.215332031250000000e-01 1.916503906250000000e-01 -8.564453125000000000e-01
4.322753906249999778e-01 7.390136718750000000e-01 3.572265624999999833e-02 1.500683593750000000e+01 1.135351562500000000e+01 4.534667968749999112e-01 -3.334960937499997780e-02 -1.356445312500000000e+00
2.422753906250000033e-01 9.890136718750000000e-01 5.572265625000000222e-02 1.200683593750000000e+01 9.353515625000000000e+00 -3.965332031250000666e-01 -4.833496093749999889e-01 -3.564453125000000000e-01
2.897753906250000178e-01 6.765136718750000000e-01 4.072265625000000278e-02 1.425683593750000000e+01 1.185351562500000000e+01 -1.840332031250000444e-01 -3.708496093750000000e-01 -6.064453125000000000e-01
4.797753906250000200e-01 9.265136718750000000e-01 6.072265625000000666e-02 1.125683593750000000e+01 9.853515625000000000e+00 6.659667968750000444e-01 7.915039062499995559e-02 -1.606445312500000000e+00
3.847753906249999911e-01 5.515136718750000000e-01 5.072265624999999778e-02 1.575683593750000000e+01 1.085351562500000000e+01 -6.090332031250000888e-01 -1.458496093750000222e-01 -1.064453125000000000e-01
1.947753906249999889e-01 8.015136718750000000e-01 3.072265624999999736e-02 1.275683593750000000e+01 1.285351562500000000e+01 2.409667968750000000e-01 -5.958496093749999778e-01 -1.106445312500000000e+00
1.710253906249999956e-01 7.077636718750000000e-01 5.822265625000000444e-02 1.088183593750000000e+01 1.210351562500000000e+01 1.347167968750000444e-01 -3.145996093749999778e-01 -2.314453125000000000e-01
3.610253906249999978e-01 9.577636718750000000e-01 3.822265625000000056e-02 1.388183593750000000e+01 1.010351562500000000e+01 -7.152832031250000444e-01 1.354003906249999778e-01 -1.231445312500000000e+00
4.560253906250000266e-01 5.827636718750000000e-01 4.822265625000000250e-02 1.238183593750000000e+01 9.103515625000000000e+00 5.597167968749998668e-01 -8.959960937500000000e-02 -7.314453125000000000e-01
2.660253906249999689e-01 8.327636718750000000e-01 6.822265625000001332e-02 1.538183593750000000e+01 1.110351562500000000e+01 -2.902832031250000000e-01 -5.395996093749999556e-01 -1.731445312500000000e+00
2.185253906249999822e-01 5.202636718750000000e-01 3.322265624999999611e-02 1.013183593750000000e+01 9.603515625000000000e+00 -5.027832031250000222e-01 -4.270996093749999667e-01 -1.481445312500000000e+00
4.085253906249999845e-01 7.702636718750000000e-01 5.322265625000000000e-02 1.313183593750000000e+01 1.160351562500000000e+01 3.472167968749999556e-01 2.290039062499993339e-02 -4.814453125000000000e-01
3.135253906250000111e-01 6.452636718750000000e-01 6.322265625000000888e-02 1.163183593750000000e+01 1.260351562500000000e+01 -9.277832031249999556e-01 -2.020996093749999889e-01 -1.981445312500000000e+00
1.235253906249999950e-01 8.952636718750000000e-01 4.322265625000000500e-02 1.463183593750000000e+01 1.060351562500000000e+01 -7.778320312499997780e-02 -6.520996093750000000e-01 -9.814453125000000000e-01
1.250097656249999911e-01 6.042480468750000000e-01 3.431640625000000056e-02 1.203027343750000000e+01 1.268164062500000000e+01 4.069824218750000000e-01 -1.353027343750000666e-01 -6.767578125000000000e-01
3.150097656249999933e-01 8.542480468750000000e-01 5.431640625000000444e-02 1.503027343750000000e+01 1.068164062500000000e+01 -4.430175781249999778e-01 -5.853027343749999112e-01 -1.676757812500000000e+00
4.100097656250000222e-01 7.292480468750000000e-01 6.431640625000001332e-02 1.053027343750000000e+01 9.681640625000000000e+00 -1.801757812500004441e-02 -3.603027343749999889e-01 -1.767578125000000000e-01
2.200097656249999922e-01 9.792480468750000000e-01 4.431640625000000250e-02 1.353027343750000000e+01 1.168164062500000000e+01 -8.680175781250000222e-01 8.969726562499991118e-02 -1.176757812500000000e+00
2.675097656250000067e-01 6.667480468750000000e-01 5.931640625000000888e-02 1.278027343750000000e+01 9.181640625000000000e+00 -6.555175781250000000e-01 -2.478027343750000000e-01 -1.926757812500000000e+00
4.575097656250000089e-01 9.167480468750000000e-01 3.931640625000000500e-02 1.578027343750000000e+01 1.118164062500000000e+01 1.944824218749998668e-01 -6.978027343749999556e-01 -9.267578125000000000e-01
3.625097656250000355e-01 5.417480468750000000e-01 4.931640625000000000e-02 1.128027343750000000e+01 1.218164062500000000e+01 -2.305175781250000666e-01 -4.728027343749999778e-01 -1.426757812500000000e+00
1.725097656250000056e-01 7.917480468750000000e-01 6.931640625000000389e-02 1.428027343750000000e+01 1.018164062500000000e+01 6.194824218749999112e-01 -2.280273437500002220e-02 -4.267578125000000000e-01
1.962597656249999989e-01 6.979980468750000000e-01 4.181640625000000028e-02 1.540527343750000000e+01 1.093164062500000000e+01 5.132324218749999556e-01 -7.905273437500004441e-02 -1.301757812500000000e+00
3.862597656249999734e-01 9.479980468750000000e-01 6.181640625000000416e-02 1.240527343750000000e+01 1.293164062500000000e+01 -3.367675781250000222e-01 -5.290527343750000000e-01 -3.017578125000000000e-01
4.812597656250000022e-01 5.729980468750000000e-01 5.181640625000000222e-02 1.390527343750000000e+01 1.193164062500000000e+01 8.823242187499991118e-02 -3.040527343750000222e-01 -1.801757812500000000e+00
2.912597656250000000e-01 8.229980468750000000e-01 3.181640624999999833e-02 1.090527343750000000e+01 9.931640625000000000e+00 -7.617675781249999556e-01 1.459472656249999334e-01 -8.017578125000000000e-01
2.437597656250000133e-01 5.104980468750000000e-01 6.681640625000001554e-02 1.465527343750000000e+01 1.143164062500000000e+01 -9.742675781249999778e-01 -1.915527343749999778e-01 -5.175781250000000000e-02
4.337597656250000155e-01 7.604980468750000000e-01 4.681640624999999778e-02 1.165527343750000000e+01 9.431640625000000000e+00 -1.242675781250000000e-01 -6.415527343749999334e-01 -1.051757812500000000e+00
3.387597656249999867e-01 6.354980468750000000e-01 3.681640625000000278e-02 1.315527343750000000e+01 1.043164062500000000e+01 -5.492675781250000444e-01 -4.165527343750000111e-01 -5.517578125000000000e-01
1.487597656249999845e-01 8.854980468750000000e-01 5.681640625000000666e-02 1.015527343750000000e+01 1.243164062500000000e+01 3.007324218750000444e-01 3.344726562500000000e-02 -1.551757812500000000e+00
1.606347656250000089e-01 6.511230468750000000e-01 6.056640625000000999e-02 1.146777343750000000e+01 1.155664062500000000e+01 -7.114257812500002220e-02 -5.571777343749999556e-01 -1.114257812500000000e+00
3.506347656250000111e-01 9.011230468750000000e-01 4.056640624999999917e-02 1.446777343750000000e+01 9.556640625000000000e+00 -9.211425781250000000e-01 -1.071777343750000000e-01 -1.142578125000000000e-01
4.456347656249999845e-01 5.261230468750000000e-01 3.056640624999999722e-02 1.296777343750000000e+01 1.055664062500000000e+01 3.538574218749999112e-01 1.178222656249999778e-01 -1.614257812500000000e+00
2.556347656249999822e-01 7.761230468750000000e-01 5.056640625000000111e-02 1.596777343750000000e+01 1.255664062500000000e+01 -4.961425781250000666e-01 -3.321777343749999778e-01 -6.142578125000000000e-01
3.031347656249999689e-01 5.886230468750000000e-01 4.556640625000000361e-02 1.071777343750000000e+01 1.005664062500000000e+01 -2.836425781250000444e-01 -6.696777343750000000e-01 -3.642578125000000000e-01
4.931347656250000266e-01 8.386230468750000000e-01 6.556640625000001443e-02 1.371777343750000000e+01 1.205664062500000000e+01 5.663574218750000444e-01 -2.196777343749999889e-01 -1.364257812500000000e+00
3.981347656249999978e-01 7.136230468750000000e-01 5.556640625000000555e-02 1.221777343750000000e+01 1.105664062500000000e+01 -7.086425781250000888e-01 5.322265624999933387e-03 -8.642578125000000000e-01
2.081347656249999956e-01 9.636230468750000000e-01 3.556640625000000167e-02 1.521777343750000000e+01 9.056640625000000000e+00 1.413574218750000000e-01 -4.446777343749999667e-01 -1.864257812500000000e+00
1.843847656250000022e-01 5.573730468750000000e-01 5.306640625000000333e-02 1.334277343750000000e+01 9.806640625000000000e+00 2.476074218749999556e-01 -5.009277343750000444e-01 -9.892578125000000000e-01
3.743847656250000044e-01 8.073730468750000000e-01 3.306640624999999944e-02 1.034277343750000000e+01 1.180664062500000000e+01 -6.023925781250000222e-01 -5.092773437499997780e-02 -1.989257812500000000e+00
4.693847656249999778e-01 6.823730468750000000e-01 4.306640625000000139e-02 1.484277343750000000e+01 1.280664062500000000e+01 6.726074218750000000e-01 1.740722656250000000e-01 -4.892578125000000000e-01
2.793847656250000311e-01 9.323730468750000000e-01 6.306640625000001221e-02 1.184277343750000000e+01 1.080664062500000000e+01 -1.773925781249999778e-01 -2.759277343750000111e-01 -1.489257812500000000e+00
2.318847656249999889e-01 7.448730468750000000e-01 3.806640625000000389e-02 1.409277343750000000e+01 1.230664062500000000e+01 -3.898925781250000000e-01 -6.134277343749999778e-01 -1.739257812500000000e+00
4.218847656249999911e-01 9.948730468750000000e-01 5.806640625000000777e-02 1.109277343750000000e+01 1.030664062500000000e+01 4.601074218749998668e-01 -1.634277343750000222e-01 -7.392578125000000000e-01
3.268847656250000178e-01 6.198730468750000000e-01 6.806640625000001665e-02 1.559277343750000000e+01 9.306640625000000000e+00 -8.148925781250000444e-01 6.157226562499995559e-02 -1.239257812500000000e+00
1.368847656249999878e-01 8.698730468750000000e-01 4.806640624999999889e-02 1.259277343750000000e+01 1.130664062500000000e+01 3.510742187500004441e-02 -3.884277343750000000e-01 -2.392578125000000000e-01
1.428222656250000000e-01 7.214355468750000000e-01 5.119140625000000167e-02 1.456152343750000000e+01 1.049414062500000000e+01 -2.039550781250000222e-01 1.037597656250000000e-01 -1.958007812500000000e+00
3.328222656250000022e-01 9.714355468750000000e-01 3.119140624999999778e-02 1.156152343750000000e+01 1.249414062500000000e+01 6.460449218749999556e-01 -3.462402343750000111e-01 -9.580078125000000000e-01
4.278222656249999756e-01 5.964355468750000000e-01 4.119140624999999972e-02 1.306152343750000000e+01 1.149414062500000000e+01 -6.289550781249999556e-01 -5.712402343749999334e-01 -1.458007812500000000e+00
2.378222656250000011e-01 8.464355468750000000e-01 6.119140625000000361e-02 1.006152343750000000e+01 9.494140625000000000e+00 2.210449218749999112e-01 -1.212402343749999778e-01 -4.580078125000000000e-01
2.853222656249999600e-01 5.339355468750000000e-01 3.619140625000000222e-02 1.531152343750000000e+01 1.199414062500000000e+01 8.544921875000000000e-03 -8.740234375000044409e-03 -7.080078125000000000e-01
4.753222656250000178e-01 7.839355468750000000e-01 5.619140625000000611e-02 1.231152343750000000e+01 9.994140625000000000e+00 -8.414550781249999778e-01 -4.587402343750000000e-01 -1.708007812500000000e+00
3.803222656249999889e-01 6.589355468750000000e-01 6.619140625000000111e-02 1.381152343750000000e+01 1.099414062500000000e+01 4.335449218750000444e-01 -6.837402343749999778e-01 -2.080078125000000000e-01
1.903222656249999867e-01 9.089355468750000000e-01 4.619140624999999722e-02 1.081152343750000000e+01 1.299414062500000000e+01 -4.164550781250000444e-01 -2.337402343750000222e-01 -1.208007812500000000e+00
2.140722656249999800e-01 5.651855468750000000e-01 6.369140624999999889e-02 1.268652343750000000e+01 1.224414062500000000e+01 -5.227050781250000000e-01 1.600097656249999112e-01 -8.300781250000000000e-02
4.040722656249999822e-01 8.151855468750000000e-01 4.369140625000000194e-02 1.568652343750000000e+01 1.024414062500000000e+01 3.272949218749998668e-01 -2.899902343749999889e-01 -1.083007812500000000e+00
4.990722656250000111e-01 6.901855468750000000e-01 3.369140625000000000e-02 1.118652343750000000e+01 9.244140625000000000e+00 -9.477050781250000444e-01 -5.149902343749999112e-01 -5.830078125000000000e-01
3.090722656250000089e-01 9.401855468750000000e-01 5.369140625000000389e-02 1.418652343750000000e+01 1.124414062500000000e+01 -9.770507812500006661e-02 -6.499023437500006661e-02 -1.583007812500000000e+00
2.615722656250000222e-01 6.276855468750000000e-01 4.869140624999999944e-02 1.193652343750000000e+01 9.744140625000000000e+00 1.147949218749999556e-01 4.750976562499997780e-02 -1.333007812500000000e+00
4.515722656250000244e-01 8.776855468750000000e-01 6.869140625000000333e-02 1.493652343750000000e+01 1.174414062500000000e+01 -7.352050781250000222e-01 -4.024902343749999778e-01 -3.330078125000000000e-01
3.565722656249999956e-01 5.026855468750000000e-01 5.869140625000000833e-02 1.043652343750000000e+01 1.274414062500000000e+01 5.397949218750000000e-01 -6.274902343749999556e-01 -1.833007812500000000e+00
1.665722656249999933e-01 7.526855468750000000e-01 3.869140625000000444e-02 1.343652343750000000e+01 1.074414062500000000e+01 -3.102050781249999778e-01 -1.774902343750000000e-01 -8.330078125000000000e-01
1.546972656249999967e-01 5.183105468750000000e-01 4.494140625000000305e-02 1.399902343750000000e+01 9.369140625000000000e+00 -6.820800781250000444e-01 -3.181152343750000000e-01 -2.705078125000000000e-01
3.446972656250000266e-01 7.683105468750000000e-01 6.494140625000000000e-02 1.099902343750000000e+01 1.136914062500000000e+01 1.679199218750000444e-01 1.318847656249999556e-01 -1.270507812500000000e+00
4.396972656250000000e-01 6.433105468750000000e-01 5.494140625000000500e-02 1.549902343750000000e+01 1.236914062500000000e+01 -2.570800781250000000e-01 -9.311523437500002220e-02 -7.705078125000000000e-01
2.496972656249999978e-01 8.933105468750000000e-01 3.494140625000000111e-02 1.249902343750000000e+01 1.036914062500000000e+01 5.929199218749998668e-01 -5.431152343749999778e-01 -1.770507812500000000e+00
2.971972656249999845e-01 7.058105468750000000e-01 6.994140625000000444e-02 1.324902343750000000e+01 1.286914062500000000e+01 3.804199218749999556e-01 -4.306152343749999889e-01 -1.020507812500000000e+00
4.871972656249999867e-01 9.558105468750000000e-01 4.994140625000000056e-02 1.024902343750000000e+01 1.086914062500000000e+01 -4.695800781250000222e-01 1.938476562500002220e-02 -2.050781250000000000e-02
3.921972656250000133e-01 5.808105468750000000e-01 3.994140624999999861e-02 1.474902343750000000e+01 9.869140625000000000e+00 -4.458007812499997780e-02 -2.056152343750000111e-01 -1.520507812500000000e+00
2.021972656250000111e-01 8.308105468750000000e-01 5.994140625000000944e-02 1.174902343750000000e+01 1.186914062500000000e+01 -8.945800781249999556e-01 -6.556152343749999112e-01 -5.205078125000000000e-01
1.784472656249999900e-01 6.745605468750000000e-01 3.244140624999999889e-02 1.062402343750000000e+01 1.111914062500000000e+01 -7.883300781250000000e-01 -2.618652343749999778e-01 -1.645507812500000000e+00
3.684472656249999645e-01 9.245605468750000000e-01 5.244140625000000278e-02 1.362402343750000000e+01 9.119140625000000000e+00 6.166992187499986677e-02 1.881347656249999778e-01 -6.455078125000000000e-01
4.634472656249999933e-01 5.495605468750000000e-01 6.244140625000000472e-02 1.212402343750000000e+01 1.011914062500000000e+01 -3.633300781250000666e-01 -3.686523437500000000e-02 -1.145507812500000000e+00
2.734472656249999911e-01 7.995605468750000000e-01 4.244140625000000083e-02 1.512402343750000000e+01 1.211914062500000000e+01 4.866699218749999112e-01 -4.868652343749999556e-01 -1.455078125000000000e-01
2.259472656250000044e-01 6.120605468750000000e-01 5.744140625000000722e-02 1.137402343750000000e+01 1.061914062500000000e+01 6.991699218750000444e-01 -3.743652343749999667e-01 -8.955078125000000000e-01
4.159472656250000067e-01 8.620605468750000000e-01 3.744140625000000333e-02 1.437402343750000000e+01 1.261914062500000000e+01 -1.508300781250000444e-01 7.563476562499993339e-02 -1.895507812500000000e+00
3.209472656249999778e-01 7.370605468750000000e-01 4.744140624999999833e-02 1.287402343750000000e+01 1.161914062500000000e+01 2.741699218750000000e-01 -1.493652343750000444e-01 -3.955078125000000000e-01
1.309472656250000033e-01 9.870605468750000000e-01 6.744140625000000222e-02 1.587402343750000000e+01 9.619140625000000000e+00 -5.758300781250000888e-01 -5.993652343750000000e-01 -1.395507812500000000e+00
1.279785156249999833e-01 6.628417968750000000e-01 4.650390625000000444e-02 1.357714843750000000e+01 1.246289062500000000e+01 -9.078613281249999778e-01 -1.708984375000000000e-03 -1.786132812500000000e+00
3.179785156250000133e-01 9.128417968750000000e-01 6.650390625000000833e-02 1.057714843750000000e+01 1.046289062500000000e+01 -5.786132812500000000e-02 -4.517089843749999556e-01 -7.861328125000000000e-01
4.129785156249999867e-01 5.378417968750000000e-01 5.650390624999999944e-02 1.507714843750000000e+01 9.462890625000000000e+00 -4.828613281250000444e-01 -6.767089843749999334e-01 -1.286132812500000000e+00
2.229785156249999845e-01 7.878417968750000000e-01 3.650390625000000250e-02 1.207714843750000000e+01 1.146289062500000000e+01 3.671386718750000444e-01 -2.267089843749999778e-01 -2.861328125000000000e-01
2.704785156250000266e-01 6.003417968750000000e-01 6.150390625000000389e-02 1.432714843750000000e+01 9.962890625000000000e+00 5.796386718749999556e-01 1.107910156249999334e-01 -5.361328125000000000e-01
4.604785156249999734e-01 8.503417968750000000e-01 4.150390625000000000e-02 1.132714843750000000e+01 1.196289062500000000e+01 -2.703613281250000222e-01 -3.392089843749999667e-01 -1.536132812500000000e+00
3.654785156250000000e-01 7.253417968750000000e-01 3.150390624999999806e-02 1.582714843750000000e+01 1.296289062500000000e+01 1.546386718749999112e-01 -5.642089843750000000e-01 -3.613281250000000000e-02
1.754785156249999978e-01 9.753417968750000000e-01 5.150390625000000194e-02 1.282714843750000000e+01 1.096289062500000000e+01 -6.953613281249999556e-01 -1.142089843750000444e-01 -1.036132812500000000e+00
1.992285156249999911e-01 5.065917968750000000e-01 3.900390624999999778e-02 1.095214843750000000e+01 1.021289062500000000e+01 -5.891113281250000000e-01 5.454101562500002220e-02 -1.611328125000000000e-01
3.892285156249999933e-01 7.565917968750000000e-01 5.900390625000000167e-02 1.395214843750000000e+01 1.221289062500000000e+01 2.608886718749998668e-01 -3.954589843749999889e-01 -1.161132812500000000e+00
4.842285156250000222e-01 6.315917968750000000e-01 6.900390624999999667e-02 1.245214843750000000e+01 1.121289062500000000e+01 -1.641113281250000666e-01 -6.204589843749999112e-01 -6.611328125000000000e-01
2.942285156249999645e-01 8.815917968750000000e-01 4.900390625000000666e-02 1.545214843750000000e+01 9.212890625000000000e+00 6.858886718749999112e-01 -1.704589843749999556e-01 -1.661132812500000000e+00
2.467285156250000056e-01 6.940917968750000000e-01 5.400390625000000416e-02 1.020214843750000000e+01 1.171289062500000000e+01 4.733886718750000000e-01 1.670410156249999556e-01 -1.411132812500000000e+00
4.367285156249999800e-01 9.440917968750000000e-01 3.400390625000000028e-02 1.320214843750000000e+01 9.712890625000000000e+00 -3.766113281249999778e-01 -2.829589843750000000e-01 -4.111328125000000000e-01
3.417285156250000067e-01 5.690917968750000000e-01 4.400390625000000222e-02 1.170214843750000000e+01 1.071289062500000000e+01 4.838867187499995559e-02 -5.079589843749999778e-01 -1.911132812500000000e+00
1.517285156250000044e-01 8.190917968750000000e-01 6.400390625000000611e-02 1.470214843750000000e+01 1.271289062500000000e+01 -8.016113281250000222e-01 -5.795898437500002220e-02 -9.111328125000000000e-01
1.636035156250000011e-01 5.847167968750000000e-01 5.775390625000000056e-02 1.563964843750000000e+01 1.133789062500000000e+01 -4.297363281250000666e-01 -4.235839843750000000e-01 -4.736328125000000000e-01
3.536035156250000311e-01 8.347167968750000000e-01 3.775390624999999667e-02 1.263964843750000000e+01 9.337890625000000000e+00 4.202636718749999112e-01 2.641601562499995559e-02 -1.473632812500000000e+00
4.486035156250000044e-01 7.097167968750000000e-01 4.775390625000000555e-02 1.413964843750000000e+01 1.033789062500000000e+01 -8.547363281250000000e-01 -1.985839843750000222e-01 -9.736328125000000000e-01
2.586035156250000022e-01 9.597167968750000000e-01 6.775390625000000944e-02 1.113964843750000000e+01 1.233789062500000000e+01 -4.736328125000022204e-03 -6.485839843749999778e-01 -1.973632812500000000e+00
3.061035156249999889e-01 6.472167968750000000e-01 3.275390624999999917e-02 1.488964843750000000e+01 1.083789062500000000e+01 2.077636718750000000e-01 -3.110839843750000111e-01 -1.223632812500000000e+00
4.961035156249999911e-01 8.972167968750000000e-01 5.275390625000000305e-02 1.188964843750000000e+01 1.283789062500000000e+01 -6.422363281250000888e-01 1.389160156250000000e-01 -2.236328125000000000e-01
4.011035156250000178e-01 5.222167968750000000e-01 6.275390625000000500e-02 1.338964843750000000e+01 1.183789062500000000e+01 6.327636718750000444e-01 -8.608398437499997780e-02 -1.723632812500000000e+00
2.111035156250000155e-01 7.722167968750000000e-01 4.275390625000000111e-02 1.038964843750000000e+01 9.837890625000000000e+00 -2.172363281250000444e-01 -5.360839843749999334e-01 -7.236328125000000000e-01
1.873535156249999944e-01 7.409667968750000000e-01 6.525390625000000722e-02 1.151464843750000000e+01 9.087890625000000000e+00 -3.234863281250000000e-01 -3.673339843749999778e-01 -1.598632812500000000e+00
3.773535156250000244e-01 9.909667968750000000e-01 4.525390625000000333e-02 1.451464843750000000e+01 1.108789062500000000e+01 5.265136718749998668e-01 8.266601562499997780e-02 -5.986328125000000000e-01
4.723535156249999978e-01 6.159667968750000000e-01 3.525390625000000139e-02 1.001464843750000000e+01 1.208789062500000000e+01 -7.484863281250000444e-01 -1.423339843750000000e-01 -1.098632812500000000e+00
2.823535156249999956e-01 8.659667968750000000e-01 5.525390625000000527e-02 1.301464843750000000e+01 1.008789062500000000e+01 1.015136718750000444e-01 -5.923339843749999556e-01 -9.863281250000000000e-02
2.348535156250000089e-01 5.534667968750000000e-01 4.025390624999999889e-02 1.226464843750000000e+01 1.258789062500000000e+01 -1.109863281249999778e-01 -2.548339843749999889e-01 -8.486328125000000000e-01
4.248535156250000111e-01 8.034667968750000000e-01 6.025390625000000278e-02 1.526464843750000000e+01 1.058789062500000000e+01 -9.609863281249999556e-01 1.951660156249999112e-01 -1.848632812500000000e+00
3.298535156249999822e-01 6.784667968750000000e-01 5.025390625000000777e-02 1.076464843750000000e+01 9.587890625000000000e+00 3.140136718749999556e-01 -2.983398437500006661e-02 -3.486328125000000000e-01
1.398535156250000078e-01 9.284667968750000000e-01 3.025390625000000042e-02 1.376464843750000000e+01 1.158789062500000000e+01 -5.359863281250000222e-01 -4.798339843749999667e-01 -1.348632812500000000e+00
1.339160156249999956e-01 5.456542968750000000e-01 6.837890625000000999e-02 1.029589843750000000e+01 1.065039062500000000e+01 1.280761718749998668e-01 -2.407714843750000111e-01 -5.673828125000000000e-01
3.239160156249999978e-01 7.956542968750000000e-01 4.837890625000000611e-02 1.329589843750000000e+01 1.265039062500000000e+01 -7.219238281250000000e-01 -6.907714843749999112e-01 -1.567382812500000000e+00
4.189160156250000266e-01 6.706542968750000000e-01 3.837890624999999722e-02 1.179589843750000000e+01 1.165039062500000000e+01 5.530761718749999112e-01 -4.657714843749999889e-01 -6.738281250000000000e-02
2.289160156249999967e-01 9.206542968750000000e-01 5.837890625000000111e-02 1.479589843750000000e+01 9.650390625000000000e+00 -2.969238281250000666e-01 -1.577148437499997780e-02 -1.067382812500000000e+00
2.764160156250000111e-01 7.331542968750000000e-01 4.337890625000000167e-02 1.104589843750000000e+01 1.115039062500000000e+01 -5.094238281250000888e-01 -1.282714843750000222e-01 -1.817382812500000000e+00
4.664160156250000133e-01 9.831542968750000000e-01 6.337890625000000555e-02 1.404589843750000000e+01 9.150390625000000000e+00 3.405761718750000000e-01 -5.782714843749999778e-01 -8.173828125000000000e-01
3.714160156249999845e-01 6.081542968750000000e-01 5.337890625000000361e-02 1.254589843750000000e+01 1.015039062500000000e+01 -9.344238281250000222e-01 -3.532714843750000000e-01 -1.317382812500000000e+00
1.814160156249999822e-01 8.581542968750000000e-01 3.337890624999999972e-02 1.554589843750000000e+01 1.215039062500000000e+01 -8.442382812500004441e-02 9.672851562499995559e-02 -3.173828125000000000e-01
2.051660156250000033e-01 6.394042968750000000e-01 5.587890624999999889e-02 1.442089843750000000e+01 1.290039062500000000e+01 2.182617187499991118e-02 -1.845214843750000444e-01 -1.442382812500000000e+00
3.951660156249999778e-01 8.894042968750000000e-01 3.587890625000000194e-02 1.142089843750000000e+01 1.090039062500000000e+01 -8.281738281249999556e-01 -6.345214843750000000e-01 -4.423828125000000000e-01
4.901660156250000067e-01 5.144042968750000000e-01 4.587890625000000389e-02 1.592089843750000000e+01 9.900390625000000000e+00 4.468261718749999556e-01 -4.095214843749999667e-01 -1.942382812500000000e+00
3.001660156250000044e-01 7.644042968750000000e-01 6.587890625000000777e-02 1.292089843750000000e+01 1.190039062500000000e+01 -4.031738281250000222e-01 4.047851562499993339e-02 -9.423828125000000000e-01
2.526660156250000178e-01 5.769042968750000000e-01 3.087890624999999750e-02 1.367089843750000000e+01 9.400390625000000000e+00 -1.906738281250000000e-01 -7.202148437500000000e-02 -1.923828125000000000e-01
4.426660156250000200e-01 8.269042968750000000e-01 5.087890625000000139e-02 1.067089843750000000e+01 1.140039062500000000e+01 6.593261718749998668e-01 -5.220214843749999556e-01 -1.192382812500000000e+00
3.476660156249999911e-01 7.019042968750000000e-01 6.087890625000000333e-02 1.517089843750000000e+01 1.240039062500000000e+01 -6.156738281250000444e-01 -2.970214843749999778e-01 -6.923828125000000000e-01
1.576660156249999889e-01 9.519042968750000000e-01 4.087890624999999944e-02 1.217089843750000000e+01 1.040039062500000000e+01 2.343261718750000444e-01 1.529785156249999778e-01 -1.692382812500000000e+00
1.457910156249999922e-01 7.175292968750000000e-01 3.712890625000000305e-02 1.235839843750000000e+01 9.525390625000000000e+00 6.062011718750000000e-01 -6.626464843749999556e-01 -1.129882812500000000e+00
3.357910156250000222e-01 9.675292968750000000e-01 5.712890625000000000e-02 1.535839843750000000e+01 1.152539062500000000e+01 -2.437988281249999778e-01 -2.126464843750000000e-01 -1.298828125000000000e-01
4.307910156249999956e-01 5.925292968750000000e-01 6.712890625000000888e-02 1.085839843750000000e+01 1.252539062500000000e+01 1.812011718749999556e-01 1.235351562499997780e-02 -1.629882812500000000e+00
2.407910156249999933e-01 8.425292968750000000e-01 4.712890625000000500e-02 1.385839843750000000e+01 1.052539062500000000e+01 -6.687988281250000222e-01 -4.376464843749999778e-01 -6.298828125000000000e-01
2.882910156250000355e-01 5.300292968750000000e-01 5.212890625000000250e-02 1.160839843750000000e+01 1.202539062500000000e+01 -8.812988281250000444e-01 -5.501464843749999112e-01 -3.798828125000000000e-01
4.782910156249999822e-01 7.800292968750000000e-01 3.212890624999999861e-02 1.460839843750000000e+01 1.002539062500000000e+01 -3.129882812500006661e-02 -1.001464843750000666e-01 -1.379882812500000000e+00
3.832910156250000089e-01 6.550292968750000000e-01 4.212890625000000056e-02 1.010839843750000000e+01 9.025390625000000000e+00 -4.562988281250000000e-01 1.248535156249999112e-01 -8.798828125000000000e-01
1.932910156250000067e-01 9.050292968750000000e-01 6.212890625000000444e-02 1.310839843750000000e+01 1.102539062500000000e+01 3.937011718749998668e-01 -3.251464843749999889e-01 -1.879882812500000000e+00
1.695410156250000133e-01 6.237792968750000000e-01 4.962890625000000722e-02 1.498339843750000000e+01 1.177539062500000000e+01 2.874511718749999112e-01 -6.063964843749999334e-01 -7.548828125000000000e-01
3.595410156249999600e-01 8.737792968750000000e-01 6.962890625000001110e-02 1.198339843750000000e+01 9.775390625000000000e+00 -5.625488281249999556e-01 -1.563964843749999778e-01 -1.754882812500000000e+00
4.545410156249999889e-01 7.487792968750000000e-01 5.962890625000000222e-02 1.348339843750000000e+01 1.077539062500000000e+01 -1.375488281250000222e-01 6.860351562500000000e-02 -2.548828125000000000e-01
2.645410156249999867e-01 9.987792968750000000e-01 3.962890624999999833e-02 1.048339843750000000e+01 1.277539062500000000e+01 -9.875488281250000000e-01 -3.813964843750000111e-01 -1.254882812500000000e+00
2.170410156250000000e-01 6.862792968750000000e-01 6.462890625000000666e-02 1.573339843750000000e+01 1.027539062500000000e+01 -7.750488281249999778e-01 -4.938964843750000000e-01 -1.504882812500000000e+00
4.070410156250000022e-01 9.362792968750000000e-01 4.462890625000000278e-02 1.273339843750000000e+01 1.227539062500000000e+01 7.495117187500000000e-02 -4.389648437500004441e-02 -5.048828125000000000e-01
3.120410156249999734e-01 5.612792968750000000e-01 3.462890625000000083e-02 1.423339843750000000e+01 1.127539062500000000e+01 -3.500488281250000444e-01 1.811035156249999334e-01 -1.004882812500000000e+00
1.220410156249999989e-01 8.112792968750000000e-01 5.462890625000000472e-02 1.123339843750000000e+01 9.275390625000000000e+00 4.999511718750000444e-01 -2.688964843750000222e-01 -4.882812500000000000e-03
1.227832031249999900e-01 5.622558593750000000e-01 4.830078125000000083e-02 1.560449218750000000e+01 1.014257812500000000e+01 -5.658691406250000444e-01 -5.870605468749999778e-01 -8.759765625000000000e-01
3.127832031249999645e-01 8.122558593750000000e-01 6.830078124999999778e-02 1.260449218750000000e+01 1.214257812500000000e+01 2.841308593750000444e-01 -1.370605468750000222e-01 -1.875976562500000000e+00
4.077832031249999933e-01 6.872558593750000000e-01 5.830078125000000278e-02 1.410449218750000000e+01 1.114257812500000000e+01 -9.908691406249999778e-01 8.793945312499995559e-02 -3.759765625000000000e-01
2.177832031249999911e-01 9.372558593750000000e-01 3.830078124999999889e-02 1.110449218750000000e+01 9.142578125000000000e+00 -1.408691406250000000e-01 -3.620605468750000000e-01 -1.375976562500000000e+00
2.652832031249999778e-01 7.497558593750000000e-01 6.330078125000000722e-02 1.485449218750000000e+01 1.164257812500000000e+01 7.163085937499991118e-02 -6.995605468749999112e-01 -1.625976562500000000e+00
4.552832031249999800e-01 9.997558593750000000e-01 4.330078125000000333e-02 1.185449218750000000e+01 9.642578125000000000e+00 -7.783691406249999556e-01 -2.495605468750000111e-01 -6.259765625000000000e-01
3.602832031250000067e-01 6.247558593750000000e-01 3.330078125000000139e-02 1.335449218750000000e+01 1.064257812500000000e+01 4.966308593749999556e-01 -2.456054687499997780e-02 -1.125976562500000000e+00
1.702832031250000044e-01 8.747558593750000000e-01 5.330078124999999833e-02 1.035449218750000000e+01 1.264257812500000000e+01 -3.533691406250000222e-01 -4.745605468749999889e-01 -1.259765625000000000e-01
1.940332031249999978e-01 6.560058593750000000e-01 3.580078124999999667e-02 1.222949218750000000e+01 1.239257812500000000e+01 -2.471191406250000666e-01 -5.308105468749999556e-01 -1.000976562500000000e+00
3.840332031250000000e-01 9.060058593750000000e-01 5.580078125000000056e-02 1.522949218750000000e+01 1.039257812500000000e+01 6.028808593749999112e-01 -8.081054687500000000e-02 -9.765625000000000000e-04
4.790332031249999734e-01 5.310058593750000000e-01 6.580078124999999556e-02 1.072949218750000000e+01 9.392578125000000000e+00 -6.721191406250000000e-01 1.441894531249999778e-01 -1.500976562500000000e+00
2.890332031250000266e-01 7.810058593750000000e-01 4.580078125000000555e-02 1.372949218750000000e+01 1.139257812500000000e+01 1.778808593749998668e-01 -3.058105468749999778e-01 -5.009765625000000000e-01
2.415332031249999845e-01 5.935058593750000000e-01 5.080078125000000305e-02 1.297949218750000000e+01 9.892578125000000000e+00 -3.461914062500004441e-02 -6.433105468750000000e-01 -2.509765625000000000e-01
4.315332031249999867e-01 8.435058593750000000e-01 3.080078124999999917e-02 1.597949218750000000e+01 1.189257812500000000e+01 -8.846191406250000222e-01 -1.933105468750000444e-01 -1.250976562500000000e+00
3.365332031250000133e-01 7.185058593750000000e-01 4.080078125000000111e-02 1.147949218750000000e+01 1.289257812500000000e+01 3.903808593750000000e-01 3.168945312499993339e-02 -7.509765625000000000e-01
1.465332031250000111e-01 9.685058593750000000e-01 6.080078125000000500e-02 1.447949218750000000e+01 1.089257812500000000e+01 -4.596191406249999778e-01 -4.183105468749999667e-01 -1.750976562500000000e+00
1.584082031249999800e-01 7.028808593750000000e-01 5.705078125000000167e-02 1.316699218750000000e+01 9.017578125000000000e+00 -8.314941406250000444e-01 -1.089355468750000666e-01 -1.313476562500000000e+00
3.484082031249999822e-01 9.528808593750000000e-01 3.705078124999999778e-02 1.016699218750000000e+01 1.101757812500000000e+01 1.850585937500004441e-02 -5.589355468749999112e-01 -3.134765625000000000e-01
4.434082031250000111e-01 5.778808593750000000e-01 4.705078125000000666e-02 1.466699218750000000e+01 1.201757812500000000e+01 -4.064941406250000000e-01 -3.339355468749999889e-01 -1.813476562500000000e+00
2.534082031250000089e-01 8.278808593750000000e-01 6.705078124999999667e-02 1.166699218750000000e+01 1.001757812500000000e+01 4.435058593749998668e-01 1.160644531249999112e-01 -8.134765625000000000e-01
3.009082031249999956e-01 5.153808593750000000e-01 3.205078125000000028e-02 1.391699218750000000e+01 1.251757812500000000e+01 6.560058593750000000e-01 -2.214355468750000000e-01 -6.347656250000000000e-02
4.909082031249999978e-01 7.653808593750000000e-01 5.205078125000000416e-02 1.091699218750000000e+01 1.051757812500000000e+01 -1.939941406249999778e-01 -6.714355468749999556e-01 -1.063476562500000000e+00
3.959082031250000244e-01 6.403808593750000000e-01 6.205078125000000611e-02 1.541699218750000000e+01 9.517578125000000000e+00 2.310058593749999556e-01 -4.464355468749999778e-01 -5.634765625000000000e-01
2.059082031249999944e-01 8.903808593750000000e-01 4.205078125000000222e-02 1.241699218750000000e+01 1.151757812500000000e+01 -6.189941406250000222e-01 3.564453124999977796e-03 -1.563476562500000000e+00
1.821582031250000011e-01 6.091308593750000000e-01 6.955078124999999889e-02 1.129199218750000000e+01 1.126757812500000000e+01 -7.252441406250000888e-01 -5.268554687500004441e-02 -6.884765625000000000e-01
3.721582031249999756e-01 8.591308593750000000e-01 4.955078125000000194e-02 1.429199218750000000e+01 9.267578125000000000e+00 1.247558593750000000e-01 -5.026855468750000000e-01 -1.688476562500000000e+00
4.671582031250000044e-01 7.341308593750000000e-01 3.955078125000000000e-02 1.279199218750000000e+01 1.026757812500000000e+01 -3.002441406250000444e-01 -2.776855468750000222e-01 -1.884765625000000000e-01
2.771582031250000022e-01 9.841308593750000000e-01 5.955078125000000389e-02 1.579199218750000000e+01 1.226757812500000000e+01 5.497558593750000444e-01 1.723144531249999334e-01 -1.188476562500000000e+00
2.296582031250000155e-01 6.716308593750000000e-01 4.455078125000000444e-02 1.054199218750000000e+01 1.076757812500000000e+01 3.372558593749999112e-01 -1.651855468749999778e-01 -1.938476562500000000e+00
4.196582031250000178e-01 9.216308593750000000e-01 6.455078125000000833e-02 1.354199218750000000e+01 1.276757812500000000e+01 -5.127441406249999556e-01 -6.151855468749999334e-01 -9.384765625000000000e-01
3.246582031249999889e-01 5.466308593750000000e-01 5.455078124999999944e-02 1.204199218750000000e+01 1.176757812500000000e+01 -8.774414062500002220e-02 -3.901855468750000111e-01 -1.438476562500000000e+00
1.346582031249999867e-01 7.966308593750000000e-01 3.455078125000000250e-02 1.504199218750000000e+01 9.767578125000000000e+00 -9.377441406250000000e-01 5.981445312500000000e-02 -4.384765625000000000e-01
1.405957031249999989e-01 6.794433593750000000e-01 6.642578125000000999e-02 1.288574218750000000e+01 1.295507812500000000e+01 5.231933593750000000e-01 -3.479980468749999667e-01 -1.719726562500000000e+00
3.305957031249999734e-01 9.294433593750000000e-01 4.642578125000000611e-02 1.588574218750000000e+01 1.095507812500000000e+01 -3.268066406249999778e-01 1.020019531249999334e-01 -7.197265625000000000e-01
4.255957031250000022e-01 5.544433593750000000e-01 3.642578124999999722e-02 1.138574218750000000e+01 9.955078125000000000e+00 9.819335937499995559e-02 -1.229980468750000444e-01 -1.219726562500000000e+00
2.355957031250000000e-01 8.044433593750000000e-01 5.642578125000000111e-02 1.438574218750000000e+01 1.195507812500000000e+01 -7.518066406250000222e-01 -5.729980468750000000e-01 -2.197265625000000000e-01
2.830957031249999867e-01 6.169433593750000000e-01 4.142578125000000167e-02 1.213574218750000000e+01 9.455078125000000000e+00 -9.643066406250000444e-01 -4.604980468749999556e-01 -9.697265625000000000e-01
4.730957031249999889e-01 8.669433593750000000e-01 6.142578125000000555e-02 1.513574218750000000e+01 1.145507812500000000e+01 -1.143066406250000666e-01 -1.049804687500000000e-02 -1.969726562500000000e+00
3.780957031250000155e-01 7.419433593750000000e-01 5.142578125000000361e-02 1.063574218750000000e+01 1.245507812500000000e+01 -5.393066406250000000e-01 -2.354980468749999778e-01 -4.697265625000000000e-01
1.880957031250000133e-01 9.919433593750000000e-01 3.142578124999999972e-02 1.363574218750000000e+01 1.045507812500000000e+01 3.106933593749998668e-01 -6.854980468749999334e-01 -1.469726562500000000e+00
2.118457031250000067e-01 5.231933593750000000e-01 5.892578125000000333e-02 1.476074218750000000e+01 1.070507812500000000e+01 4.169433593750000444e-01 -2.917480468750000000e-01 -3.447265625000000000e-01
4.018457031250000089e-01 7.731933593750000000e-01 3.892578124999999944e-02 1.176074218750000000e+01 1.270507812500000000e+01 -4.330566406250000444e-01 1.582519531249999556e-01 -1.344726562500000000e+00
4.968457031249999822e-01 6.481933593750000000e-01 4.892578125000000139e-02 1.326074218750000000e+01 1.170507812500000000e+01 -8.056640625000000000e-03 -6.674804687500002220e-02 -8.447265625000000000e-01
3.068457031250000355e-01 8.981933593750000000e-01 6.892578125000001221e-02 1.026074218750000000e+01 9.705078125000000000e+00 -8.580566406249999778e-01 -5.167480468749999778e-01 -1.844726562500000000e+00
2.593457031249999933e-01 7.106933593750000000e-01 3.392578125000000194e-02 1.551074218750000000e+01 1.120507812500000000e+01 -6.455566406249999556e-01 -4.042480468749999889e-01 -1.094726562500000000e+00
4.493457031249999956e-01 9.606933593750000000e-01 5.392578124999999889e-02 1.251074218750000000e+01 9.205078125000000000e+00 2.044433593749999112e-01 4.575195312500002220e-02 -9.472656250000000000e-02
3.543457031250000222e-01 5.856933593750000000e-01 6.392578125000000777e-02 1.401074218750000000e+01 1.020507812500000000e+01 -2.205566406250000222e-01 -1.792480468749999556e-01 -1.594726562500000000e+00
1.643457031249999922e-01 8.356933593750000000e-01 4.392578125000000389e-02 1.101074218750000000e+01 1.220507812500000000e+01 6.294433593749999556e-01 -6.292480468749999112e-01 -5.947265625000000000e-01
1.524707031249999956e-01 5.700683593750000000e-01 3.767578124999999833e-02 1.044824218750000000e+01 1.183007812500000000e+01 2.575683593750000000e-01 1.301269531250000000e-01 -3.222656250000000000e-02
3.424707031249999978e-01 8.200683593750000000e-01 5.767578125000000222e-02 1.344824218750000000e+01 9.830078125000000000e+00 -5.924316406250000888e-01 -3.198730468750000111e-01 -1.032226562500000000e+00
4.374707031250000266e-01 6.950683593750000000e-01 6.767578125000001110e-02 1.194824218750000000e+01 1.083007812500000000e+01 6.825683593750000444e-01 -5.448730468749999334e-01 -5.322265625000000000e-01
2.474707031249999967e-01 9.450683593750000000e-01 4.767578125000000722e-02 1.494824218750000000e+01 1.283007812500000000e+01 -1.674316406250000444e-01 -9.487304687499997780e-02 -1.532226562500000000e+00
2.949707031250000111e-01 6.325683593750000000e-01 5.267578125000000472e-02 1.119824218750000000e+01 1.033007812500000000e+01 -3.799316406250000666e-01 1.762695312499995559e-02 -1.282226562500000000e+00
4.849707031250000133e-01 8.825683593750000000e-01 3.267578125000000083e-02 1.419824218750000000e+01 1.233007812500000000e+01 4.700683593749999112e-01 -4.323730468750000000e-01 -2.822265625000000000e-01
3.899707031249999845e-01 5.075683593750000000e-01 4.267578125000000278e-02 1.269824218750000000e+01 1.133007812500000000e+01 -8.049316406250000000e-01 -6.573730468749999778e-01 -1.782226562500000000e+00
1.999707031249999822e-01 7.575683593750000000e-01 6.267578125000000666e-02 1.569824218750000000e+01 9.330078125000000000e+00 4.506835937499986677e-02 -2.073730468750000222e-01 -7.822265625000000000e-01
1.762207031249999889e-01 7.263183593750000000e-01 4.517578125000000500e-02 1.382324218750000000e+01 9.580078125000000000e+00 -6.118164062499997780e-02 1.863769531249999112e-01 -1.907226562500000000e+00
3.662207031249999911e-01 9.763183593750000000e-01 6.517578125000000888e-02 1.082324218750000000e+01 1.158007812500000000e+01 -9.111816406249999556e-01 -2.636230468749999889e-01 -9.072265625000000000e-01
4.612207031250000200e-01 6.013183593750000000e-01 5.517578125000000000e-02 1.532324218750000000e+01 1.258007812500000000e+01 3.638183593749999556e-01 -4.886230468749999667e-01 -1.407226562500000000e+00
2.712207031250000178e-01 8.513183593750000000e-01 3.517578124999999611e-02 1.232324218750000000e+01 1.058007812500000000e+01 -4.861816406250000222e-01 -3.862304687500006661e-02 -4.072265625000000000e-01
2.237207031250000033e-01 5.388183593750000000e-01 6.017578125000000444e-02 1.307324218750000000e+01 1.208007812500000000e+01 -2.736816406250000000e-01 7.387695312499997780e-02 -6.572265625000000000e-01
4.137207031249999778e-01 7.888183593750000000e-01 4.017578125000000056e-02 1.007324218750000000e+01 1.008007812500000000e+01 5.763183593749998668e-01 -3.761230468749999778e-01 -1.657226562500000000e+00
3.187207031250000044e-01 6.638183593750000000e-01 3.017578124999999861e-02 1.457324218750000000e+01 9.080078125000000000e+00 -6.986816406250000444e-01 -6.011230468749999556e-01 -1.572265625000000000e-01
1.287207031250000022e-01 9.138183593750000000e-01 5.017578125000000250e-02 1.157324218750000000e+01 1.108007812500000000e+01 1.513183593750000444e-01 -1.511230468750000000e-01 -1.157226562500000000e+00
1.316894531249999944e-01 7.380371093750000000e-01 3.111328124999999944e-02 1.077636718750000000e+01 1.098632812500000000e+01 5.834960937500000000e-02 -4.534667968749999667e-01 -1.516601562500000000e+00
3.216894531249999689e-01 9.880371093750000000e-01 5.111328125000000333e-02 1.377636718750000000e+01 1.298632812500000000e+01 -7.916503906249999778e-01 -3.466796875000066613e-03 -5.166015625000000000e-01
4.166894531249999978e-01 6.130371093750000000e-01 6.111328125000000527e-02 1.227636718750000000e+01 1.198632812500000000e+01 4.833496093750000444e-01 -2.284667968749999889e-01 -1.016601562500000000e+00
2.266894531249999956e-01 8.630371093750000000e-01 4.111328125000000139e-02 1.527636718750000000e+01 9.986328125000000000e+00 -3.666503906250000444e-01 -6.784667968750000000e-01 -1.660156250000000000e-02
2.741894531249999822e-01 5.505371093750000000e-01 5.611328125000000777e-02 1.002636718750000000e+01 1.148632812500000000e+01 -1.541503906250000222e-01 -3.409667968749999778e-01 -7.666015625000000000e-01
4.641894531249999845e-01 8.005371093750000000e-01 3.611328125000000389e-02 1.302636718750000000e+01 9.486328125000000000e+00 6.958496093749999556e-01 1.090332031249999778e-01 -1.766601562500000000e+00
3.691894531250000111e-01 6.755371093750000000e-01 4.611328124999999889e-02 1.152636718750000000e+01 1.048632812500000000e+01 -5.791503906249999556e-01 -1.159667968750000000e-01 -2.666015625000000000e-01
1.791894531250000089e-01 9.255371093750000000e-01 6.611328125000000278e-02 1.452636718750000000e+01 1.248632812500000000e+01 2.708496093749999112e-01 -5.659667968749999556e-01 -1.266601562500000000e+00
2.029394531250000022e-01 5.817871093750000000e-01 4.361328125000000361e-02 1.340136718750000000e+01 1.273632812500000000e+01 1.645996093749999556e-01 -3.972167968750000000e-01 -3.916015625000000000e-01
3.929394531250000044e-01 8.317871093750000000e-01 6.361328125000001443e-02 1.040136718750000000e+01 1.073632812500000000e+01 -6.854003906250000222e-01 5.278320312499995559e-02 -1.391601562500000000e+00
4.879394531249999778e-01 7.067871093750000000e-01 5.361328125000000555e-02 1.490136718750000000e+01 9.736328125000000000e+00 5.895996093750000000e-01 -1.722167968750000222e-01 -8.916015625000000000e-01
2.979394531250000311e-01 9.567871093750000000e-01 3.361328125000000167e-02 1.190136718750000000e+01 1.173632812500000000e+01 -2.604003906249999778e-01 -6.222167968749999778e-01 -1.891601562500000000e+00
2.504394531249999889e-01 6.442871093750000000e-01 6.861328125000000500e-02 1.415136718750000000e+01 9.236328125000000000e+00 -4.729003906250000000e-01 -2.847167968750000111e-01 -1.141601562500000000e+00
4.404394531249999911e-01 8.942871093750000000e-01 4.861328125000000111e-02 1.115136718750000000e+01 1.123632812500000000e+01 3.770996093749998668e-01 1.652832031250000000e-01 -1.416015625000000000e-01
3.454394531250000178e-01 5.192871093750000000e-01 3.861328124999999917e-02 1.565136718750000000e+01 1.223632812500000000e+01 -8.979003906250000444e-01 -5.971679687499997780e-02 -1.641601562500000000e+00
1.554394531249999878e-01 7.692871093750000000e-01 5.861328125000000305e-02 1.265136718750000000e+01 1.023632812500000000e+01 -4.790039062500006661e-02 -5.097167968749999334e-01 -6.416015625000000000e-01
1.673144531249999845e-01 5.036621093750000000e-01 6.486328125000001554e-02 1.171386718750000000e+01 9.861328125000000000e+00 3.239746093750000000e-01 2.465820312500000000e-02 -2.041015625000000000e-01
3.573144531249999867e-01 7.536621093750000000e-01 4.486328124999999778e-02 1.471386718750000000e+01 1.186132812500000000e+01 -5.260253906250000888e-01 -4.253417968749999556e-01 -1.204101562500000000e+00
4.523144531250000155e-01 6.286621093750000000e-01 3.486328125000000278e-02 1.021386718750000000e+01 1.286132812500000000e+01 -1.010253906250000444e-01 -6.503417968749999334e-01 -7.041015625000000000e-01
2.623144531250000133e-01 8.786621093750000000e-01 5.486328125000000666e-02 1.321386718750000000e+01 1.086132812500000000e+01 -9.510253906250000222e-01 -2.003417968749999778e-01 -1.704101562500000000e+00
3.098144531250000000e-01 6.911621093750000000e-01 4.986328125000000222e-02 1.246386718750000000e+01 1.236132812500000000e+01 -7.385253906250000000e-01 1.371582031249999334e-01 -1.454101562500000000e+00
4.998144531250000022e-01 9.411621093750000000e-01 6.986328125000000611e-02 1.546386718750000000e+01 1.036132812500000000e+01 1.114746093749998668e-01 -3.128417968749999667e-01 -4.541015625000000000e-01
4.048144531249999734e-01 5.661621093750000000e-01 5.986328125000000416e-02 1.096386718750000000e+01 9.361328125000000000e+00 -3.135253906250000666e-01 -5.378417968750000000e-01 -1.954101562500000000e+00
2.148144531249999989e-01 8.161621093750000000e-01 3.986328125000000028e-02 1.396386718750000000e+01 1.136132812500000000e+01 5.364746093749999112e-01 -8.784179687500004441e-02 -9.541015625000000000e-01
1.910644531249999778e-01 6.599121093750000000e-01 5.236328125000000444e-02 1.583886718750000000e+01 1.161132812500000000e+01 6.427246093749998668e-01 8.090820312500002220e-02 -1.829101562500000000e+00
3.810644531249999800e-01 9.099121093750000000e-01 3.236328125000000056e-02 1.283886718750000000e+01 9.611328125000000000e+00 -2.072753906250000000e-01 -3.690917968749999889e-01 -8.291015625000000000e-01
4.760644531250000089e-01 5.349121093750000000e-01 4.236328125000000250e-02 1.433886718750000000e+01 1.061132812500000000e+01 2.177246093750000444e-01 -5.940917968749999112e-01 -1.329101562500000000e+00
2.860644531250000067e-01 7.849121093750000000e-01 6.236328125000000638e-02 1.133886718750000000e+01 1.261132812500000000e+01 -6.322753906250000444e-01 -1.440917968749999556e-01 -3.291015625000000000e-01
2.385644531249999922e-01 5.974121093750000000e-01 3.736328124999999806e-02 1.508886718750000000e+01 1.011132812500000000e+01 -8.447753906249999556e-01 1.934082031249999556e-01 -5.791015625000000000e-01
4.285644531250000222e-01 8.474121093750000000e-01 5.736328125000000888e-02 1.208886718750000000e+01 1.211132812500000000e+01 5.224609374999911182e-03 -2.565917968750000000e-01 -1.579101562500000000e+00
3.335644531249999933e-01 7.224121093750000000e-01 6.736328125000000389e-02 1.358886718750000000e+01 1.111132812500000000e+01 -4.197753906250000222e-01 -4.815917968749999778e-01 -7.910156250000000000e-02
1.435644531249999911e-01 9.724121093750000000e-01 4.736328125000000000e-02 1.058886718750000000e+01 9.111328125000000000e+00 4.302246093749999556e-01 -3.159179687500002220e-02 -1.079101562500000000e+00
1.376269531250000067e-01 6.208496093750000000e-01 5.423828125000000611e-02 1.424511718750000000e+01 1.217382812500000000e+01 -6.057128906250000000e-01 -6.925292968749999778e-01 -8.603515625000000000e-01
3.276269531250000089e-01 8.708496093750000000e-01 3.423828125000000222e-02 1.124511718750000000e+01 1.017382812500000000e+01 2.442871093749998668e-01 -2.425292968750000222e-01 -1.860351562500000000e+00
4.226269531249999822e-01 7.458496093750000000e-01 4.423828125000000416e-02 1.574511718750000000e+01 9.173828125000000000e+00 -1.807128906250000666e-01 -1.752929687500004441e-02 -3.603515625000000000e-01
2.326269531249999800e-01 9.958496093750000000e-01 6.423828125000000111e-02 1.274511718750000000e+01 1.117382812500000000e+01 6.692871093749999112e-01 -4.675292968750000000e-01 -1.360351562500000000e+00
2.801269531250000222e-01 6.833496093750000000e-01 3.923828124999999972e-02 1.349511718750000000e+01 9.673828125000000000e+00 4.567871093750000000e-01 -5.800292968749999334e-01 -1.610351562500000000e+00
4.701269531250000244e-01 9.333496093750000000e-01 5.923828125000000361e-02 1.049511718750000000e+01 1.167382812500000000e+01 -3.932128906249999778e-01 -1.300292968749999778e-01 -6.103515625000000000e-01
3.751269531249999956e-01 5.583496093750000000e-01 6.923828125000000555e-02 1.499511718750000000e+01 1.267382812500000000e+01 3.178710937499995559e-02 9.497070312500000000e-02 -1.110351562500000000e+00
1.851269531249999933e-01 8.083496093750000000e-01 4.923828125000000167e-02 1.199511718750000000e+01 1.067382812500000000e+01 -8.182128906250000222e-01 -3.550292968750000111e-01 -1.103515625000000000e-01
2.088769531249999867e-01 7.145996093750000000e-01 6.173828125000000583e-02 1.012011718750000000e+01 1.042382812500000000e+01 -9.244628906249999778e-01 -6.362792968749999556e-01 -1.235351562500000000e+00
3.988769531249999889e-01 9.645996093750000000e-01 4.173828125000000194e-02 1.312011718750000000e+01 1.242382812500000000e+01 -7.446289062500000000e-02 -1.862792968750000000e-01 -2.353515625000000000e-01
4.938769531250000178e-01 5.895996093750000000e-01 3.173828125000000000e-02 1.162011718750000000e+01 1.142382812500000000e+01 -4.994628906250000444e-01 3.872070312499997780e-02 -1.735351562500000000e+00
3.038769531249999600e-01 8.395996093750000000e-01 5.173828125000000389e-02 1.462011718750000000e+01 9.423828125000000000e+00 3.505371093750000444e-01 -4.112792968749999778e-01 -7.353515625000000000e-01
2.563769531249999734e-01 5.270996093750000000e-01 4.673828124999999944e-02 1.087011718750000000e+01 1.192382812500000000e+01 5.630371093749999556e-01 -5.237792968749999112e-01 -4.853515625000000000e-01
4.463769531249999756e-01 7.770996093750000000e-01 6.673828125000000333e-02 1.387011718750000000e+01 9.923828125000000000e+00 -2.869628906250000222e-01 -7.377929687500006661e-02 -1.485351562500000000e+00
3.513769531250000022e-01 6.520996093750000000e-01 5.673828125000000833e-02 1.237011718750000000e+01 1.092382812500000000e+01 1.380371093749999112e-01 1.512207031249999112e-01 -9.853515625000000000e-01
1.613769531250000000e-01 9.020996093750000000e-01 3.673828124999999750e-02 1.537011718750000000e+01 1.292382812500000000e+01 -7.119628906249999556e-01 -2.987792968749999889e-01 -1.985351562500000000e+00
1.495019531250000033e-01 6.364746093750000000e-01 4.048828125000000083e-02 1.518261718750000000e+01 1.104882812500000000e+01 -3.400878906250000000e-01 -2.144042968750000111e-01 -1.422851562500000000e+00
3.395019531249999778e-01 8.864746093750000000e-01 6.048828125000000472e-02 1.218261718750000000e+01 9.048828125000000000e+00 5.099121093749998668e-01 -6.644042968749999112e-01 -4.228515625000000000e-01
4.345019531250000067e-01 5.114746093750000000e-01 5.048828125000000278e-02 1.368261718750000000e+01 1.004882812500000000e+01 -7.650878906250000444e-01 -4.394042968749999889e-01 -1.922851562500000000e+00
2.445019531250000044e-01 7.614746093750000000e-01 3.048828124999999889e-02 1.068261718750000000e+01 1.204882812500000000e+01 8.491210937500004441e-02 1.059570312500002220e-02 -9.228515625000000000e-01
2.920019531249999911e-01 5.739746093750000000e-01 6.548828125000000222e-02 1.593261718750000000e+01 1.054882812500000000e+01 -1.275878906249999778e-01 -1.019042968750000222e-01 -1.728515625000000000e-01
4.820019531249999933e-01 8.239746093750000000e-01 4.548828124999999833e-02 1.293261718750000000e+01 1.254882812500000000e+01 -9.775878906249999556e-01 -5.519042968749999778e-01 -1.172851562500000000e+00
3.870019531250000200e-01 6.989746093750000000e-01 3.548828125000000333e-02 1.443261718750000000e+01 1.154882812500000000e+01 2.974121093749999556e-01 -3.269042968750000000e-01 -6.728515625000000000e-01
1.970019531249999900e-01 9.489746093750000000e-01 5.548828125000000722e-02 1.143261718750000000e+01 9.548828125000000000e+00 -5.525878906250000222e-01 1.230957031249999556e-01 -1.672851562500000000e+00
1.732519531249999967e-01 5.427246093750000000e-01 3.298828125000000111e-02 1.255761718750000000e+01 9.298828125000000000e+00 -4.463378906250000666e-01 -1.581542968750000444e-01 -5.478515625000000000e-01
3.632519531250000266e-01 7.927246093750000000e-01 5.298828125000000500e-02 1.555761718750000000e+01 1.129882812500000000e+01 4.036621093749999112e-01 -6.081542968750000000e-01 -1.547851562500000000e+00
4.582519531250000000e-01 6.677246093750000000e-01 6.298828125000000000e-02 1.105761718750000000e+01 1.229882812500000000e+01 -8.713378906250000000e-01 -3.831542968749999667e-01 -4.785156250000000000e-02
2.682519531249999978e-01 9.177246093750000000e-01 4.298828125000000305e-02 1.405761718750000000e+01 1.029882812500000000e+01 -2.133789062500002220e-02 6.684570312499993339e-02 -1.047851562500000000e+00
2.207519531250000111e-01 7.302246093750000000e-01 5.798828125000000944e-02 1.180761718750000000e+01 1.279882812500000000e+01 1.911621093750000000e-01 -4.565429687500000000e-02 -1.797851562500000000e+00
4.107519531250000133e-01 9.802246093750000000e-01 3.798828124999999861e-02 1.480761718750000000e+01 1.079882812500000000e+01 -6.588378906250000888e-01 -4.956542968749999556e-01 -7.978515625000000000e-01
3.157519531249999845e-01 6.052246093750000000e-01 4.798828125000000056e-02 1.030761718750000000e+01 9.798828125000000000e+00 6.161621093750000444e-01 -2.706542968749999778e-01 -1.297851562500000000e+00
1.257519531249999822e-01 8.552246093750000000e-01 6.798828125000000444e-02 1.330761718750000000e+01 1.179882812500000000e+01 -2.338378906250000444e-01 1.793457031249999778e-01 -2.978515625000000000e-01
1.242675781250000000e-01 6.462402343750000000e-01 5.939453125000000722e-02 1.070605468750000000e+01 9.970703125000000000e+00 -7.186035156250000222e-01 -3.937011718749999778e-01 -1.025390625000000000e-01
3.142675781250000022e-01 8.962402343750000000e-01 3.939453125000000333e-02 1.370605468750000000e+01 1.197070312500000000e+01 1.313964843749999556e-01 5.629882812499997780e-02 -1.102539062500000000e+00
4.092675781249999756e-01 5.212402343750000000e-01 4.939453124999999833e-02 1.220605468750000000e+01 1.297070312500000000e+01 -2.936035156249999778e-01 -1.687011718750000000e-01 -6.025390625000000000e-01
2.192675781250000011e-01 7.712402343750000000e-01 6.939453125000000222e-02 1.520605468750000000e+01 1.097070312500000000e+01 5.563964843750000000e-01 -6.187011718749999556e-01 -1.602539062500000000e+00
2.667675781249999600e-01 5.837402343750000000e-01 3.439453124999999889e-02 1.145605468750000000e+01 1.247070312500000000e+01 3.438964843749998668e-01 -2.812011718749999889e-01 -1.352539062500000000e+00
4.567675781250000178e-01 8.337402343750000000e-01 5.439453125000000278e-02 1.445605468750000000e+01 1.047070312500000000e+01 -5.061035156250000000e-01 1.687988281249999112e-01 -3.525390625000000000e-01
3.617675781249999889e-01 7.087402343750000000e-01 6.439453124999999778e-02 1.295605468750000000e+01 9.470703125000000000e+00 -8.110351562500006661e-02 -5.620117187500006661e-02 -1.852539062500000000e+00
1.717675781249999867e-01 9.587402343750000000e-01 4.439453125000000083e-02 1.595605468750000000e+01 1.147070312500000000e+01 -9.311035156250000444e-01 -5.062011718749999112e-01 -8.525390625000000000e-01
1.955175781249999800e-01 5.524902343750000000e-01 6.689453125000000000e-02 1.408105468750000000e+01 1.172070312500000000e+01 -8.248535156249999778e-01 -4.499511718750000000e-01 -1.977539062500000000e+00
3.855175781249999822e-01 8.024902343750000000e-01 4.689453125000000305e-02 1.108105468750000000e+01 9.720703125000000000e+00 2.514648437500000000e-02 4.882812499995559108e-05 -9.775390625000000000e-01
4.805175781250000111e-01 6.774902343750000000e-01 3.689453125000000111e-02 1.558105468750000000e+01 1.072070312500000000e+01 -3.998535156250000444e-01 -2.249511718750000222e-01 -1.477539062500000000e+00
2.905175781250000089e-01 9.274902343750000000e-01 5.689453125000000500e-02 1.258105468750000000e+01 1.272070312500000000e+01 4.501464843750000444e-01 -6.749511718749999778e-01 -4.775390625000000000e-01
2.430175781249999944e-01 7.399902343750000000e-01 4.189453124999999861e-02 1.333105468750000000e+01 1.022070312500000000e+01 6.626464843749999556e-01 -3.374511718750000111e-01 -7.275390625000000000e-01
4.330175781250000244e-01 9.899902343750000000e-01 6.189453125000000250e-02 1.033105468750000000e+01 1.222070312500000000e+01 -1.873535156250000222e-01 1.125488281250000000e-01 -1.727539062500000000e+00
3.380175781249999956e-01 6.149902343750000000e-01 5.189453125000000056e-02 1.483105468750000000e+01 1.122070312500000000e+01 2.376464843749999112e-01 -1.124511718749999778e-01 -2.275390625000000000e-01
1.480175781249999933e-01 8.649902343750000000e-01 3.189453124999999667e-02 1.183105468750000000e+01 9.220703125000000000e+00 -6.123535156249999556e-01 -5.624511718749999334e-01 -1.227539062500000000e+00
1.598925781249999900e-01 5.993652343750000000e-01 4.564453125000000194e-02 1.276855468750000000e+01 1.084570312500000000e+01 -2.404785156250000000e-01 8.442382812499993339e-02 -1.665039062500000000e+00
3.498925781249999645e-01 8.493652343750000000e-01 6.564453124999999889e-02 1.576855468750000000e+01 1.284570312500000000e+01 6.095214843749998668e-01 -3.655761718749999667e-01 -6.650390625000000000e-01
4.448925781249999933e-01 7.243652343750000000e-01 5.564453125000000389e-02 1.126855468750000000e+01 1.184570312500000000e+01 -6.654785156250000444e-01 -5.905761718750000000e-01 -1.165039062500000000e+00
2.548925781249999911e-01 9.743652343750000000e-01 3.564453125000000000e-02 1.426855468750000000e+01 9.845703125000000000e+00 1.845214843750000444e-01 -1.405761718750000444e-01 -1.650390625000000000e-01
3.023925781249999778e-01 6.618652343750000000e-01 6.064453125000000833e-02 1.201855468750000000e+01 1.134570312500000000e+01 -2.797851562499997780e-02 1.969238281249999778e-01 -9.150390625000000000e-01
4.923925781249999800e-01 9.118652343750000000e-01 4.064453125000000444e-02 1.501855468750000000e+01 9.345703125000000000e+00 -8.779785156249999556e-01 -2.530761718749999778e-01 -1.915039062500000000e+00
3.973925781250000067e-01 5.368652343750000000e-01 3.064453124999999903e-02 1.051855468750000000e+01 1.034570312500000000e+01 3.970214843749999556e-01 -4.780761718749999556e-01 -4.150390625000000000e-01
2.073925781250000044e-01 7.868652343750000000e-01 5.064453124999999944e-02 1.351855468750000000e+01 1.234570312500000000e+01 -4.529785156250000222e-01 -2.807617187500000000e-02 -1.415039062500000000e+00
1.836425781250000111e-01 6.931152343750000000e-01 3.814453125000000222e-02 1.464355468750000000e+01 1.259570312500000000e+01 -5.592285156250000888e-01 2.817382812500002220e-02 -2.900390625000000000e-01
3.736425781250000133e-01 9.431152343750000000e-01 5.814453125000000611e-02 1.164355468750000000e+01 1.059570312500000000e+01 2.907714843750000000e-01 -4.218261718749999889e-01 -1.290039062500000000e+00
4.686425781249999867e-01 5.681152343750000000e-01 6.814453125000000111e-02 1.314355468750000000e+01 9.595703125000000000e+00 -9.842285156250000222e-01 -6.468261718749999112e-01 -7.900390625000000000e-01
2.786425781249999845e-01 8.181152343750000000e-01 4.814453124999999722e-02 1.014355468750000000e+01 1.159570312500000000e+01 -1.342285156250000444e-01 -1.968261718749999556e-01 -1.790039062500000000e+00
2.311425781249999978e-01 5.056152343750000000e-01 5.314453125000000167e-02 1.539355468750000000e+01 9.095703125000000000e+00 7.827148437499986677e-02 1.406738281249999556e-01 -1.040039062500000000e+00
4.211425781250000000e-01 7.556152343750000000e-01 3.314453124999999778e-02 1.239355468750000000e+01 1.109570312500000000e+01 -7.717285156250000000e-01 -3.093261718750000000e-01 -4.003906250000000000e-02
3.261425781250000266e-01 6.306152343750000000e-01 4.314453124999999972e-02 1.389355468750000000e+01 1.209570312500000000e+01 5.032714843749999112e-01 -5.343261718749999778e-01 -1.540039062500000000e+00
1.361425781249999967e-01 8.806152343750000000e-01 6.314453124999999667e-02 1.089355468750000000e+01 1.009570312500000000e+01 -3.467285156250000666e-01 -8.432617187500002220e-02 -5.400390625000000000e-01
1.420800781250000089e-01 5.290527343750000000e-01 3.501953124999999944e-02 1.323730468750000000e+01 1.115820312500000000e+01 -5.454101562500002220e-02 -6.327636718749999334e-01 -1.258789062500000000e+00
3.320800781250000111e-01 7.790527343750000000e-01 5.501953125000000333e-02 1.023730468750000000e+01 9.158203125000000000e+00 -9.045410156250000000e-01 -1.827636718749999778e-01 -2.587890625000000000e-01
4.270800781249999845e-01 6.540527343750000000e-01 6.501953125000001221e-02 1.473730468750000000e+01 1.015820312500000000e+01 3.704589843749999112e-01 4.223632812500000000e-02 -1.758789062500000000e+00
2.370800781249999822e-01 9.040527343750000000e-01 4.501953125000000139e-02 1.173730468750000000e+01 1.215820312500000000e+01 -4.795410156250000666e-01 -4.077636718750000111e-01 -7.587890625000000000e-01
2.845800781249999689e-01 7.165527343750000000e-01 5.001953124999999889e-02 1.398730468750000000e+01 1.065820312500000000e+01 -2.670410156250000444e-01 -5.202636718750000000e-01 -8.789062500000000000e-03
4.745800781250000266e-01 9.665527343750000000e-01 3.001953124999999847e-02 1.098730468750000000e+01 1.265820312500000000e+01 5.829589843750000444e-01 -7.026367187500004441e-02 -1.008789062500000000e+00
3.795800781249999978e-01 5.915527343750000000e-01 4.001953125000000389e-02 1.548730468750000000e+01 1.165820312500000000e+01 -6.920410156250000888e-01 1.547363281249999334e-01 -5.087890625000000000e-01
1.895800781249999956e-01 8.415527343750000000e-01 6.001953125000000777e-02 1.248730468750000000e+01 9.658203125000000000e+00 1.579589843750000000e-01 -2.952636718750000222e-01 -1.508789062500000000e+00
2.133300781249999889e-01 6.853027343750000000e-01 4.751953125000000361e-02 1.136230468750000000e+01 9.408203125000000000e+00 2.642089843749999556e-01 -6.890136718749999556e-01 -6.337890625000000000e-01
4.033300781249999911e-01 9.353027343750000000e-01 6.751953125000001443e-02 1.436230468750000000e+01 1.140820312500000000e+01 -5.857910156250000222e-01 -2.390136718750000000e-01 -1.633789062500000000e+00
4.983300781250000200e-01 5.603027343750000000e-01 5.751953125000000555e-02 1.286230468750000000e+01 1.240820312500000000e+01 6.892089843750000000e-01 -1.401367187500002220e-02 -1.337890625000000000e-01
3.083300781250000178e-01 8.103027343750000000e-01 3.751953125000000167e-02 1.586230468750000000e+01 1.040820312500000000e+01 -1.607910156249999778e-01 -4.640136718749999778e-01 -1.133789062500000000e+00
2.608300781250000311e-01 6.228027343750000000e-01 6.251953125000000999e-02 1.061230468750000000e+01 1.290820312500000000e+01 -3.732910156250000000e-01 -5.765136718749999112e-01 -1.883789062500000000e+00
4.508300781249999778e-01 8.728027343750000000e-01 4.251953124999999917e-02 1.361230468750000000e+01 1.090820312500000000e+01 4.767089843749998668e-01 -1.265136718750000666e-01 -8.837890625000000000e-01
3.558300781250000044e-01 7.478027343750000000e-01 3.251953124999999722e-02 1.211230468750000000e+01 9.908203125000000000e+00 -7.982910156250000444e-01 9.848632812499991118e-02 -1.383789062500000000e+00
1.658300781250000022e-01 9.978027343750000000e-01 5.251953125000000111e-02 1.511230468750000000e+01 1.190820312500000000e+01 5.170898437500004441e-02 -3.515136718749999889e-01 -3.837890625000000000e-01
1.539550781250000056e-01 7.321777343750000000e-01 6.876953125000001554e-02 1.529980468750000000e+01 1.203320312500000000e+01 4.235839843750000000e-01 -1.546386718750000222e-01 -9.462890625000000000e-01
3.439550781250000355e-01 9.821777343750000000e-01 4.876953124999999778e-02 1.229980468750000000e+01 1.003320312500000000e+01 -4.264160156249999778e-01 -6.046386718749999778e-01 -1.946289062500000000e+00
4.389550781250000089e-01 6.071777343750000000e-01 3.876953125000000278e-02 1.379980468750000000e+01 9.033203125000000000e+00 -1.416015625000044409e-03 -3.796386718750000000e-01 -4.462890625000000000e-01
2.489550781250000067e-01 8.571777343750000000e-01 5.876953125000000666e-02 1.079980468750000000e+01 1.103320312500000000e+01 -8.514160156250000222e-01 7.036132812499995559e-02 -1.446289062500000000e+00
2.964550781249999933e-01 5.446777343750000000e-01 4.376953125000000028e-02 1.454980468750000000e+01 9.533203125000000000e+00 -6.389160156250000000e-01 -4.213867187499997780e-02 -1.696289062500000000e+00
4.864550781249999956e-01 7.946777343750000000e-01 6.376953125000001110e-02 1.154980468750000000e+01 1.153320312500000000e+01 2.110839843749998668e-01 -4.921386718749999889e-01 -6.962890625000000000e-01
3.914550781250000222e-01 6.696777343750000000e-01 5.376953125000000222e-02 1.304980468750000000e+01 1.253320312500000000e+01 -2.139160156250000666e-01 -2.671386718750000111e-01 -1.196289062500000000e+00
2.014550781249999922e-01 9.196777343750000000e-01 3.376953124999999833e-02 1.004980468750000000e+01 1.053320312500000000e+01 6.360839843749999112e-01 1.828613281250000000e-01 -1.962890625000000000e-01
1.777050781249999989e-01 5.759277343750000000e-01 5.626953125000000444e-02 1.192480468750000000e+01 1.028320312500000000e+01 5.298339843749999556e-01 -2.108886718749999889e-01 -1.071289062500000000e+00
3.677050781249999734e-01 8.259277343750000000e-01 3.626953125000000056e-02 1.492480468750000000e+01 1.228320312500000000e+01 -3.201660156250000222e-01 -6.608886718750000000e-01 -7.128906250000000000e-02
4.627050781250000022e-01 7.009277343750000000e-01 4.626953125000000250e-02 1.042480468750000000e+01 1.128320312500000000e+01 1.048339843749999112e-01 -4.358886718749999667e-01 -1.571289062500000000e+00
2.727050781250000000e-01 9.509277343750000000e-01 6.626953125000001332e-02 1.342480468750000000e+01 9.283203125000000000e+00 -7.451660156249999556e-01 1.411132812499993339e-02 -5.712890625000000000e-01
2.252050781250000133e-01 6.384277343750000000e-01 3.126953124999999611e-02 1.267480468750000000e+01 1.178320312500000000e+01 -9.576660156249999778e-01 -9.838867187500000000e-02 -3.212890625000000000e-01
4.152050781250000155e-01 8.884277343750000000e-01 5.126953125000000000e-02 1.567480468750000000e+01 9.783203125000000000e+00 -1.076660156250000000e-01 -5.483886718749999556e-01 -1.321289062500000000e+00
3.202050781249999867e-01 5.134277343750000000e-01 6.126953125000000194e-02 1.117480468750000000e+01 1.078320312500000000e+01 -5.326660156250000444e-01 -3.233886718749999778e-01 -8.212890625000000000e-01
1.302050781249999845e-01 7.634277343750000000e-01 4.126953125000000500e-02 1.417480468750000000e+01 1.278320312500000000e+01 3.173339843750000444e-01 1.266113281249999778e-01 -1.821289062500000000e+00
1.272363281249999922e-01 5.876464843750000000e-01 6.220703125000000278e-02 1.487792968750000000e+01 9.126953125000000000e+00 6.228027343750000000e-01 -5.272949218749999334e-01 -1.493164062500000000e+00
3.172363281250000222e-01 8.376464843750000000e-01 4.220703124999999889e-02 1.187792968750000000e+01 1.112695312500000000e+01 -2.271972656249999778e-01 -7.729492187499997780e-02 -4.931640625000000000e-01
4.122363281249999956e-01 7.126464843750000000e-01 3.220703124999999695e-02 1.337792968750000000e+01 1.212695312500000000e+01 1.978027343749999556e-01 1.477050781250000000e-01 -1.993164062500000000e+00
2.222363281249999933e-01 9.626464843750000000e-01 5.220703125000000777e-02 1.037792968750000000e+01 1.012695312500000000e+01 -6.521972656250000222e-01 -3.022949218750000111e-01 -9.931640625000000000e-01
2.697363281250000355e-01 6.501464843750000000e-01 4.720703125000000333e-02 1.562792968750000000e+01 1.262695312500000000e+01 -8.646972656250000444e-01 -6.397949218749999778e-01 -2.431640625000000000e-01
4.597363281249999822e-01 9.001464843750000000e-01 6.720703125000000722e-02 1.262792968750000000e+01 1.062695312500000000e+01 -1.469726562500006661e-02 -1.897949218750000222e-01 -1.243164062500000000e+00
3.647363281250000089e-01 5.251464843750000000e-01 5.720703125000000527e-02 1.412792968750000000e+01 9.626953125000000000e+00 -4.396972656250000000e-01 3.520507812499995559e-02 -7.431640625000000000e-01
1.747363281250000067e-01 7.751464843750000000e-01 3.720703125000000139e-02 1.112792968750000000e+01 1.162695312500000000e+01 4.103027343749998668e-01 -4.147949218750000000e-01 -1.743164062500000000e+00
1.984863281250000000e-01 7.438964843750000000e-01 5.470703125000000305e-02 1.225292968750000000e+01 1.137695312500000000e+01 3.040527343749999112e-01 -5.835449218749999556e-01 -6.181640625000000000e-01
3.884863281250000022e-01 9.938964843750000000e-01 3.470703124999999917e-02 1.525292968750000000e+01 9.376953125000000000e+00 -5.459472656249999556e-01 -1.335449218750000000e-01 -1.618164062500000000e+00
4.834863281249999756e-01 6.188964843750000000e-01 4.470703125000000111e-02 1.075292968750000000e+01 1.037695312500000000e+01 -1.209472656250000222e-01 9.145507812499997780e-02 -1.181640625000000000e-01
2.934863281249999734e-01 8.688964843750000000e-01 6.470703125000000500e-02 1.375292968750000000e+01 1.237695312500000000e+01 -9.709472656250000000e-01 -3.585449218749999778e-01 -1.118164062500000000e+00
2.459863281249999867e-01 5.563964843750000000e-01 3.970703124999999667e-02 1.150292968750000000e+01 1.087695312500000000e+01 -7.584472656249999778e-01 -6.960449218750000000e-01 -1.868164062500000000e+00
4.359863281249999889e-01 8.063964843750000000e-01 5.970703125000000056e-02 1.450292968750000000e+01 1.287695312500000000e+01 9.155273437500000000e-02 -2.460449218749999889e-01 -8.681640625000000000e-01
3.409863281249999600e-01 6.813964843750000000e-01 6.970703125000000944e-02 1.000292968750000000e+01 1.187695312500000000e+01 -3.334472656250000444e-01 -2.104492187500006661e-02 -1.368164062500000000e+00
1.509863281249999856e-01 9.313964843750000000e-01 4.970703125000000555e-02 1.300292968750000000e+01 9.876953125000000000e+00 5.165527343750000444e-01 -4.710449218749999667e-01 -3.681640625000000000e-01
1.628613281249999822e-01 6.657714843750000000e-01 3.345703124999999806e-02 1.431542968750000000e+01 1.000195312500000000e+01 1.446777343749998668e-01 -4.916992187500002220e-02 -8.056640625000000000e-01
3.528613281249999845e-01 9.157714843750000000e-01 5.345703125000000194e-02 1.131542968750000000e+01 1.200195312500000000e+01 -7.053222656250000000e-01 -4.991699218749999778e-01 -1.805664062500000000e+00
4.478613281250000133e-01 5.407714843750000000e-01 6.345703125000000389e-02 1.581542968750000000e+01 1.100195312500000000e+01 5.696777343749999112e-01 -2.741699218750000000e-01 -3.056640625000000000e-01
2.578613281249999556e-01 7.907714843750000000e-01 4.345703125000000000e-02 1.281542968750000000e+01 9.001953125000000000e+00 -2.803222656250000666e-01 1.758300781249999556e-01 -1.305664062500000000e+00
3.053613281249999978e-01 6.032714843750000000e-01 5.845703124999999944e-02 1.356542968750000000e+01 1.150195312500000000e+01 -4.928222656249999778e-01 -1.616699218749999556e-01 -1.555664062500000000e+00
4.953613281250000000e-01 8.532714843750000000e-01 3.845703125000000250e-02 1.056542968750000000e+01 9.501953125000000000e+00 3.571777343750000000e-01 -6.116699218749999112e-01 -5.556640625000000000e-01
4.003613281249999711e-01 7.282714843750000000e-01 4.845703125000000444e-02 1.506542968750000000e+01 1.050195312500000000e+01 -9.178222656250000222e-01 -3.866699218749999889e-01 -1.055664062500000000e+00
2.103613281249999967e-01 9.782714843750000000e-01 6.845703125000000833e-02 1.206542968750000000e+01 1.250195312500000000e+01 -6.782226562500004441e-02 6.333007812500002220e-02 -5.566406250000000000e-02
1.866113281249999756e-01 5.095214843750000000e-01 4.095703124999999778e-02 1.019042968750000000e+01 1.225195312500000000e+01 3.842773437499991118e-02 -1.054199218750000444e-01 -1.180664062500000000e+00
3.766113281249999778e-01 7.595214843750000000e-01 6.095703125000000167e-02 1.319042968750000000e+01 1.025195312500000000e+01 -8.115722656249999556e-01 -5.554199218750000000e-01 -1.806640625000000000e-01
4.716113281250000067e-01 6.345214843750000000e-01 5.095703125000000666e-02 1.169042968750000000e+01 9.251953125000000000e+00 4.634277343749999556e-01 -3.304199218749999667e-01 -1.680664062500000000e+00
2.816113281250000044e-01 8.845214843750000000e-01 3.095703124999999931e-02 1.469042968750000000e+01 1.125195312500000000e+01 -3.865722656250000222e-01 1.195800781249999334e-01 -6.806640625000000000e-01
2.341113281249999900e-01 6.970214843750000000e-01 6.595703125000000611e-02 1.094042968750000000e+01 9.751953125000000000e+00 -1.740722656250000000e-01 -2.179199218749999778e-01 -4.306640625000000000e-01
4.241113281250000200e-01 9.470214843750000000e-01 4.595703125000000222e-02 1.394042968750000000e+01 1.175195312500000000e+01 6.759277343749998668e-01 -6.679199218749999334e-01 -1.430664062500000000e+00
3.291113281249999911e-01 5.720214843750000000e-01 3.595703125000000028e-02 1.244042968750000000e+01 1.275195312500000000e+01 -5.990722656250000444e-01 -4.429199218749999556e-01 -9.306640625000000000e-01
1.391113281249999889e-01 8.220214843750000000e-01 5.595703125000000416e-02 1.544042968750000000e+01 1.075195312500000000e+01 2.509277343750000444e-01 7.080078125000000000e-03 -1.930664062500000000e+00
1.331738281250000044e-01 7.048339843750000000e-01 4.283203124999999944e-02 1.159667968750000000e+01 1.193945312500000000e+01 -4.662597656250000444e-01 -2.882324218749999778e-01 -1.494140625000000000e-01
3.231738281250000067e-01 9.548339843750000000e-01 6.283203125000000333e-02 1.459667968750000000e+01 9.939453125000000000e+00 3.837402343750000444e-01 1.617675781249999778e-01 -1.149414062500000000e+00
4.181738281249999800e-01 5.798339843750000000e-01 5.283203125000000833e-02 1.009667968750000000e+01 1.093945312500000000e+01 -8.912597656249999778e-01 -6.323242187500000000e-02 -6.494140625000000000e-01
2.281738281249999778e-01 8.298339843750000000e-01 3.283203124999999750e-02 1.309667968750000000e+01 1.293945312500000000e+01 -4.125976562500000000e-02 -5.132324218749999556e-01 -1.649414062500000000e+00
2.756738281249999645e-01 5.173339843750000000e-01 6.783203125000000777e-02 1.234667968750000000e+01 1.043945312500000000e+01 1.712402343749999112e-01 -4.007324218749999667e-01 -1.399414062500000000e+00
4.656738281250000222e-01 7.673339843750000000e-01 4.783203125000000389e-02 1.534667968750000000e+01 1.243945312500000000e+01 -6.787597656249999556e-01 4.926757812499993339e-02 -3.994140625000000000e-01
3.706738281249999933e-01 6.423339843750000000e-01 3.783203125000000194e-02 1.084667968750000000e+01 1.143945312500000000e+01 5.962402343749999556e-01 -1.757324218750000444e-01 -1.899414062500000000e+00
1.806738281249999911e-01 8.923339843750000000e-01 5.783203125000000583e-02 1.384667968750000000e+01 9.439453125000000000e+00 -2.537597656250000222e-01 -6.257324218750000000e-01 -8.994140625000000000e-01
2.044238281249999845e-01 6.110839843750000000e-01 3.033203124999999875e-02 1.572167968750000000e+01 9.689453125000000000e+00 -3.600097656249999778e-01 -3.444824218750000000e-01 -1.774414062500000000e+00
3.944238281249999867e-01 8.610839843750000000e-01 5.033203125000000611e-02 1.272167968750000000e+01 1.168945312500000000e+01 4.899902343750000000e-01 1.055175781249999556e-01 -7.744140625000000000e-01
4.894238281250000155e-01 7.360839843750000000e-01 6.033203125000000111e-02 1.422167968750000000e+01 1.268945312500000000e+01 -7.850097656250000222e-01 -1.194824218750000222e-01 -1.274414062500000000e+00
2.994238281250000133e-01 9.860839843750000000e-01 4.033203124999999722e-02 1.122167968750000000e+01 1.068945312500000000e+01 6.499023437499995559e-02 -5.694824218749999778e-01 -2.744140625000000000e-01
2.519238281250000266e-01 6.735839843750000000e-01 5.533203125000000361e-02 1.497167968750000000e+01 1.218945312500000000e+01 -1.475097656250000666e-01 -4.569824218749999889e-01 -5.244140625000000000e-01
4.419238281249999734e-01 9.235839843750000000e-01 3.533203124999999972e-02 1.197167968750000000e+01 1.018945312500000000e+01 -9.975097656250000444e-01 -6.982421874999977796e-03 -1.524414062500000000e+00
3.469238281250000000e-01 5.485839843750000000e-01 4.533203125000000167e-02 1.347167968750000000e+01 9.189453125000000000e+00 2.774902343749998668e-01 -2.319824218750000111e-01 -2.441406250000000000e-02
1.569238281249999978e-01 7.985839843750000000e-01 6.533203125000000555e-02 1.047167968750000000e+01 1.118945312500000000e+01 -5.725097656250000000e-01 -6.819824218749999112e-01 -1.024414062500000000e+00
1.450488281250000011e-01 5.329589843750000000e-01 5.158203125000000722e-02 1.103417968750000000e+01 1.281445312500000000e+01 -9.443847656249999556e-01 1.898925781249999334e-01 -1.586914062500000000e+00
3.350488281250000311e-01 7.829589843750000000e-01 3.158203124999999639e-02 1.403417968750000000e+01 1.081445312500000000e+01 -9.438476562499997780e-02 -2.601074218750000222e-01 -5.869140625000000000e-01
4.300488281250000044e-01 6.579589843750000000e-01 4.158203124999999833e-02 1.253417968750000000e+01 9.814453125000000000e+00 -5.193847656250000222e-01 -4.851074218750000000e-01 -1.086914062500000000e+00
2.400488281250000022e-01 9.079589843750000000e-01 6.158203125000000222e-02 1.553417968750000000e+01 1.181445312500000000e+01 3.306152343749999556e-01 -3.510742187500004441e-02 -8.691406250000000000e-02
2.875488281249999889e-01 7.204589843750000000e-01 3.658203125000000083e-02 1.028417968750000000e+01 9.314453125000000000e+00 5.431152343749998668e-01 7.739257812500000000e-02 -8.369140625000000000e-01
4.775488281249999911e-01 9.704589843750000000e-01 5.658203125000000472e-02 1.328417968750000000e+01 1.131445312500000000e+01 -3.068847656250000000e-01 -3.726074218750000111e-01 -1.836914062500000000e+00
3.825488281250000178e-01 5.954589843750000000e-01 6.658203125000000666e-02 1.178417968750000000e+01 1.231445312500000000e+01 1.181152343750000444e-01 -5.976074218749999334e-01 -3.369140625000000000e-01
1.925488281250000155e-01 8.454589843750000000e-01 4.658203125000000278e-02 1.478417968750000000e+01 1.031445312500000000e+01 -7.318847656250000444e-01 -1.476074218749999778e-01 -1.336914062500000000e+00
1.687988281249999944e-01 6.267089843750000000e-01 6.408203125000000444e-02 1.365917968750000000e+01 1.056445312500000000e+01 -6.256347656250000888e-01 1.336425781249999112e-01 -4.619140625000000000e-01
3.587988281249999689e-01 8.767089843750000000e-01 4.408203125000000056e-02 1.065917968750000000e+01 1.256445312500000000e+01 2.243652343750000000e-01 -3.163574218749999889e-01 -1.461914062500000000e+00
4.537988281249999978e-01 5.017089843750000000e-01 3.408203124999999861e-02 1.515917968750000000e+01 1.156445312500000000e+01 -2.006347656250000444e-01 -5.413574218749999112e-01 -9.619140625000000000e-01
2.637988281249999956e-01 7.517089843750000000e-01 5.408203125000000250e-02 1.215917968750000000e+01 9.564453125000000000e+00 6.493652343750000444e-01 -9.135742187500006661e-02 -1.961914062500000000e+00
2.162988281250000089e-01 5.642089843750000000e-01 4.908203125000000500e-02 1.440917968750000000e+01 1.106445312500000000e+01 4.368652343749999112e-01 2.114257812499997780e-02 -1.211914062500000000e+00
4.062988281250000111e-01 8.142089843750000000e-01 6.908203125000000888e-02 1.140917968750000000e+01 9.064453125000000000e+00 -4.131347656250000666e-01 -4.288574218749999778e-01 -2.119140625000000000e-01
3.112988281249999822e-01 6.892089843750000000e-01 5.908203125000000000e-02 1.590917968750000000e+01 1.006445312500000000e+01 1.186523437499986677e-02 -6.538574218749999556e-01 -1.711914062500000000e+00
1.212988281249999939e-01 9.392089843750000000e-01 3.908203125000000305e-02 1.290917968750000000e+01 1.206445312500000000e+01 -8.381347656250000000e-01 -2.038574218750000000e-01 -7.119140625000000000e-01
1.209277343749999983e-01 5.627441406250000000e-01 5.224609375000000000e-02 1.303222656250000000e+01 1.090429687500000000e+01 3.322753906250000000e-01 -3.611816406249999667e-01 -5.576171875000000000e-01
3.109277343749999867e-01 8.127441406250000000e-01 3.224609374999999611e-02 1.003222656250000000e+01 1.290429687500000000e+01 -5.177246093750000888e-01 8.881835937499993339e-02 -1.557617187500000000e+00
4.059277343750000155e-01 6.877441406250000000e-01 4.224609375000000500e-02 1.453222656250000000e+01 1.190429687500000000e+01 -9.272460937500004441e-02 -1.361816406250000444e-01 -5.761718750000000000e-02
2.159277343750000133e-01 9.377441406250000000e-01 6.224609375000000194e-02 1.153222656250000000e+01 9.904296875000000000e+00 -9.427246093750000222e-01 -5.861816406250000000e-01 -1.057617187500000000e+00
2.634277343750000000e-01 6.252441406250000000e-01 3.724609375000000056e-02 1.378222656250000000e+01 1.140429687500000000e+01 -7.302246093750000000e-01 -4.736816406249999556e-01 -1.807617187500000000e+00
4.534277343750000022e-01 8.752441406250000000e-01 5.724609375000000444e-02 1.078222656250000000e+01 9.404296875000000000e+00 1.197753906249998668e-01 -2.368164062500000000e-02 -8.076171875000000000e-01
3.584277343749999734e-01 5.002441406250000000e-01 6.724609375000001332e-02 1.528222656250000000e+01 1.040429687500000000e+01 -3.052246093750000666e-01 -2.486816406249999778e-01 -1.307617187500000000e+00
1.684277343749999989e-01 7.502441406250000000e-01 4.724609375000000250e-02 1.228222656250000000e+01 1.240429687500000000e+01 5.447753906249999112e-01 -6.986816406249999334e-01 -3.076171875000000000e-01
1.921777343749999922e-01 7.189941406250000000e-01 6.474609375000001110e-02 1.115722656250000000e+01 1.265429687500000000e+01 6.510253906249998668e-01 -3.049316406250000000e-01 -1.432617187500000000e+00
3.821777343750000222e-01 9.689941406250000000e-01 4.474609375000000028e-02 1.415722656250000000e+01 1.065429687500000000e+01 -1.989746093750000000e-01 1.450683593749999556e-01 -4.326171875000000000e-01
4.771777343749999956e-01 5.939941406250000000e-01 3.474609374999999833e-02 1.265722656250000000e+01 9.654296875000000000e+00 2.260253906250000444e-01 -7.993164062500002220e-02 -1.932617187500000000e+00
2.871777343749999933e-01 8.439941406250000000e-01 5.474609375000000222e-02 1.565722656250000000e+01 1.165429687500000000e+01 -6.239746093750000444e-01 -5.299316406249999778e-01 -9.326171875000000000e-01
2.396777343750000067e-01 5.314941406250000000e-01 4.974609374999999778e-02 1.040722656250000000e+01 9.154296875000000000e+00 -8.364746093749999556e-01 -4.174316406249999889e-01 -1.826171875000000000e-01
4.296777343750000089e-01 7.814941406250000000e-01 6.974609375000001554e-02 1.340722656250000000e+01 1.115429687500000000e+01 1.352539062499991118e-02 3.256835937500002220e-02 -1.182617187500000000e+00
3.346777343750000355e-01 6.564941406250000000e-01 5.974609375000000666e-02 1.190722656250000000e+01 1.215429687500000000e+01 -4.114746093750000222e-01 -1.924316406249999556e-01 -6.826171875000000000e-01
1.446777343750000056e-01 9.064941406250000000e-01 3.974609375000000278e-02 1.490722656250000000e+01 1.015429687500000000e+01 4.385253906249999556e-01 -6.424316406249999112e-01 -1.682617187500000000e+00
1.565527343750000022e-01 6.721191406250000000e-01 4.349609374999999917e-02 1.546972656250000000e+01 9.779296875000000000e+00 -3.959960937500006661e-02 1.169433593750000000e-01 -1.245117187500000000e+00
3.465527343750000044e-01 9.221191406250000000e-01 6.349609375000000999e-02 1.246972656250000000e+01 1.177929687500000000e+01 -8.895996093750000444e-01 -3.330566406250000111e-01 -2.451171875000000000e-01
4.415527343749999778e-01 5.471191406250000000e-01 5.349609375000000111e-02 1.396972656250000000e+01 1.277929687500000000e+01 3.854003906249998668e-01 -5.580566406249999334e-01 -1.745117187500000000e+00
2.515527343750000311e-01 7.971191406250000000e-01 3.349609374999999722e-02 1.096972656250000000e+01 1.077929687500000000e+01 -4.645996093750000000e-01 -1.080566406249999778e-01 -7.451171875000000000e-01
2.990527343750000178e-01 6.096191406250000000e-01 6.849609375000001443e-02 1.471972656250000000e+01 1.227929687500000000e+01 -2.520996093749999778e-01 4.443359374999955591e-03 -4.951171875000000000e-01
4.890527343750000200e-01 8.596191406250000000e-01 4.849609375000000361e-02 1.171972656250000000e+01 1.027929687500000000e+01 5.979003906250000000e-01 -4.455566406250000000e-01 -1.495117187500000000e+00
3.940527343749999911e-01 7.346191406250000000e-01 3.849609375000000167e-02 1.321972656250000000e+01 9.279296875000000000e+00 -6.770996093750000222e-01 -6.705566406249999778e-01 -9.951171875000000000e-01
2.040527343749999889e-01 9.846191406250000000e-01 5.849609375000000555e-02 1.021972656250000000e+01 1.127929687500000000e+01 1.729003906249999556e-01 -2.205566406250000222e-01 -1.995117187500000000e+00
1.803027343749999956e-01 5.158691406250000000e-01 3.099609374999999847e-02 1.209472656250000000e+01 1.152929687500000000e+01 6.665039062500000000e-02 1.731933593749999112e-01 -8.701171875000000000e-01
3.703027343749999978e-01 7.658691406250000000e-01 5.099609374999999889e-02 1.509472656250000000e+01 9.529296875000000000e+00 -7.833496093749999778e-01 -2.768066406249999889e-01 -1.870117187500000000e+00
4.653027343750000266e-01 6.408691406250000000e-01 6.099609375000000777e-02 1.059472656250000000e+01 1.052929687500000000e+01 4.916503906250000444e-01 -5.018066406249999112e-01 -3.701171875000000000e-01
2.753027343749999689e-01 8.908691406250000000e-01 4.099609375000000389e-02 1.359472656250000000e+01 1.252929687500000000e+01 -3.583496093750000444e-01 -5.180664062500006661e-02 -1.370117187500000000e+00
2.278027343749999822e-01 7.033691406250000000e-01 5.599609375000000333e-02 1.284472656250000000e+01 1.002929687500000000e+01 -5.708496093749999556e-01 6.069335937499997780e-02 -1.620117187500000000e+00
4.178027343749999845e-01 9.533691406250000000e-01 3.599609374999999944e-02 1.584472656250000000e+01 1.202929687500000000e+01 2.791503906249999112e-01 -3.893066406249999778e-01 -6.201171875000000000e-01
3.228027343750000111e-01 5.783691406250000000e-01 4.599609375000000139e-02 1.134472656250000000e+01 1.102929687500000000e+01 -9.958496093750000000e-01 -6.143066406249999556e-01 -1.120117187500000000e+00
1.328027343750000089e-01 8.283691406250000000e-01 6.599609375000001221e-02 1.434472656250000000e+01 9.029296875000000000e+00 -1.458496093750000222e-01 -1.643066406250000000e-01 -1.201171875000000000e-01
1.387402343749999933e-01 6.955566406250000000e-01 3.287109374999999667e-02 1.050097656250000000e+01 1.221679687500000000e+01 -2.786621093750000222e-01 -5.721191406249999112e-01 -1.838867187500000000e+00
3.287402343749999956e-01 9.455566406250000000e-01 5.287109375000000056e-02 1.350097656250000000e+01 1.021679687500000000e+01 5.713378906249999556e-01 -1.221191406250000666e-01 -8.388671875000000000e-01
4.237402343750000244e-01 5.705566406250000000e-01 6.287109374999999556e-02 1.200097656250000000e+01 9.216796875000000000e+00 -7.036621093749999556e-01 1.028808593749999112e-01 -1.338867187500000000e+00
2.337402343749999944e-01 8.205566406250000000e-01 4.287109375000000555e-02 1.500097656250000000e+01 1.121679687500000000e+01 1.463378906249999112e-01 -3.471191406249999889e-01 -3.388671875000000000e-01
2.812402343750000089e-01 5.080566406250000000e-01 5.787109375000000500e-02 1.125097656250000000e+01 9.716796875000000000e+00 -6.616210937500000000e-02 -6.846191406249999556e-01 -5.888671875000000000e-01
4.712402343750000111e-01 7.580566406250000000e-01 3.787109375000000111e-02 1.425097656250000000e+01 1.171679687500000000e+01 -9.161621093749999778e-01 -2.346191406250000000e-01 -1.588867187500000000e+00
3.762402343749999822e-01 6.330566406250000000e-01 4.787109375000000305e-02 1.275097656250000000e+01 1.271679687500000000e+01 3.588378906250000444e-01 -9.619140625000022204e-03 -8.886718750000000000e-02
1.862402343749999800e-01 8.830566406250000000e-01 6.787109375000000000e-02 1.575097656250000000e+01 1.071679687500000000e+01 -4.911621093750000444e-01 -4.596191406249999778e-01 -1.088867187500000000e+00
2.099902343750000011e-01 6.018066406250000000e-01 4.037109375000000333e-02 1.387597656250000000e+01 1.046679687500000000e+01 -3.849121093749999778e-01 -5.158691406250000000e-01 -2.138671875000000000e-01
3.999902343749999756e-01 8.518066406250000000e-01 6.037109375000000722e-02 1.087597656250000000e+01 1.246679687500000000e+01 4.650878906250000000e-01 -6.586914062500004441e-02 -1.213867187500000000e+00
4.949902343750000044e-01 7.268066406250000000e-01 5.037109374999999833e-02 1.537597656250000000e+01 1.146679687500000000e+01 -8.099121093750000222e-01 1.591308593749999334e-01 -7.138671875000000000e-01
3.049902343750000022e-01 9.768066406250000000e-01 3.037109374999999792e-02 1.237597656250000000e+01 9.466796875000000000e+00 4.008789062499995559e-02 -2.908691406250000222e-01 -1.713867187500000000e+00
2.574902343749999600e-01 6.643066406250000000e-01 6.537109374999999778e-02 1.312597656250000000e+01 1.196679687500000000e+01 2.525878906249998668e-01 -6.283691406249999334e-01 -1.463867187500000000e+00
4.474902343750000178e-01 9.143066406250000000e-01 4.537109375000000083e-02 1.012597656250000000e+01 9.966796875000000000e+00 -5.974121093750000000e-01 -1.783691406249999778e-01 -4.638671875000000000e-01
3.524902343749999889e-01 5.393066406250000000e-01 3.537109374999999889e-02 1.462597656250000000e+01 1.096679687500000000e+01 6.775878906249999112e-01 4.663085937500000000e-02 -1.963867187500000000e+00
1.624902343749999867e-01 7.893066406250000000e-01 5.537109375000000278e-02 1.162597656250000000e+01 1.296679687500000000e+01 -1.724121093750000666e-01 -4.033691406250000111e-01 -9.638671875000000000e-01
1.506152343749999900e-01 5.549316406250000000e-01 6.162109375000000833e-02 1.293847656250000000e+01 1.109179687500000000e+01 -6.505371093750000888e-01 -9.399414062500000000e-02 -4.013671875000000000e-01
3.406152343749999645e-01 8.049316406250000000e-01 4.162109375000000444e-02 1.593847656250000000e+01 9.091796875000000000e+00 1.994628906250000000e-01 -5.439941406249999556e-01 -1.401367187500000000e+00
4.356152343749999933e-01 6.799316406250000000e-01 3.162109375000000250e-02 1.143847656250000000e+01 1.009179687500000000e+01 -2.255371093750000444e-01 -3.189941406249999778e-01 -9.013671875000000000e-01
2.456152343749999911e-01 9.299316406250000000e-01 5.162109374999999944e-02 1.443847656250000000e+01 1.209179687500000000e+01 6.244628906250000444e-01 1.310058593749999778e-01 -1.901367187500000000e+00
2.931152343749999778e-01 7.424316406250000000e-01 4.662109375000000194e-02 1.218847656250000000e+01 1.059179687500000000e+01 4.119628906249999112e-01 -2.064941406249999889e-01 -1.151367187500000000e+00
4.831152343749999800e-01 9.924316406250000000e-01 6.662109374999999889e-02 1.518847656250000000e+01 1.259179687500000000e+01 -4.380371093750000666e-01 -6.564941406250000000e-01 -1.513671875000000000e-01
3.881152343750000067e-01 6.174316406250000000e-01 5.662109375000000389e-02 1.068847656250000000e+01 1.159179687500000000e+01 -1.303710937500002220e-02 -4.314941406249999667e-01 -1.651367187500000000e+00
1.981152343750000044e-01 8.674316406250000000e-01 3.662109375000000000e-02 1.368847656250000000e+01 9.591796875000000000e+00 -8.630371093750000000e-01 1.850585937499993339e-02 -6.513671875000000000e-01
1.743652343750000111e-01 6.486816406250000000e-01 5.412109375000000167e-02 1.481347656250000000e+01 9.341796875000000000e+00 -9.692871093749999556e-01 -3.774414062499997780e-02 -1.526367187500000000e+00
3.643652343750000133e-01 8.986816406250000000e-01 3.412109374999999778e-02 1.181347656250000000e+01 1.134179687500000000e+01 -1.192871093749999778e-01 -4.877441406249999889e-01 -5.263671875000000000e-01
4.593652343749999867e-01 5.236816406250000000e-01 4.412109374999999972e-02 1.331347656250000000e+01 1.234179687500000000e+01 -5.442871093750000222e-01 -2.627441406250000111e-01 -1.026367187500000000e+00
2.693652343749999845e-01 7.736816406250000000e-01 6.412109374999999667e-02 1.031347656250000000e+01 1.034179687500000000e+01 3.057128906249999556e-01 1.872558593750000000e-01 -2.636718750000000000e-02
2.218652343749999978e-01 5.861816406250000000e-01 3.912109375000000222e-02 1.556347656250000000e+01 1.284179687500000000e+01 5.182128906249998668e-01 -1.502441406250000222e-01 -7.763671875000000000e-01
4.118652343750000000e-01 8.361816406250000000e-01 5.912109375000000611e-02 1.256347656250000000e+01 1.084179687500000000e+01 -3.317871093750000000e-01 -6.002441406249999778e-01 -1.776367187500000000e+00
3.168652343750000266e-01 7.111816406250000000e-01 6.912109375000000111e-02 1.406347656250000000e+01 9.841796875000000000e+00 9.321289062500004441e-02 -3.752441406250000000e-01 -2.763671875000000000e-01
1.268652343749999967e-01 9.611816406250000000e-01 4.912109375000000416e-02 1.106347656250000000e+01 1.184179687500000000e+01 -7.567871093750000444e-01 7.475585937499995559e-02 -1.276367187500000000e+00
1.298339843749999889e-01 6.369628906250000000e-01 6.943359375000000833e-02 1.186035156250000000e+01 1.024804687500000000e+01 -8.497558593749999778e-01 -6.775878906249999112e-01 -1.916992187500000000e+00
3.198339843749999911e-01 8.869628906250000000e-01 4.943359375000000444e-02 1.486035156250000000e+01 1.224804687500000000e+01 2.441406250000000000e-04 -2.275878906250000111e-01 -9.169921875000000000e-01
4.148339843750000200e-01 5.119628906250000000e-01 3.943359375000000250e-02 1.036035156250000000e+01 1.124804687500000000e+01 -4.247558593750000444e-01 -2.587890624999977796e-03 -1.416992187500000000e+00
2.248339843749999900e-01 7.619628906250000000e-01 5.943359374999999944e-02 1.336035156250000000e+01 9.248046875000000000e+00 4.252441406250000444e-01 -4.525878906249999889e-01 -4.169921875000000000e-01
2.723339843750000044e-01 5.744628906250000000e-01 4.443359375000000000e-02 1.261035156250000000e+01 1.174804687500000000e+01 6.377441406249999556e-01 -5.650878906249999778e-01 -6.669921875000000000e-01
4.623339843750000067e-01 8.244628906250000000e-01 6.443359375000000389e-02 1.561035156250000000e+01 9.748046875000000000e+00 -2.122558593750000222e-01 -1.150878906250000222e-01 -1.666992187500000000e+00
3.673339843749999778e-01 6.994628906250000000e-01 5.443359375000000194e-02 1.111035156250000000e+01 1.074804687500000000e+01 2.127441406249999112e-01 1.099121093749999556e-01 -1.669921875000000000e-01
1.773339843750000033e-01 9.494628906250000000e-01 3.443359374999999806e-02 1.411035156250000000e+01 1.274804687500000000e+01 -6.372558593749999556e-01 -3.400878906250000000e-01 -1.166992187500000000e+00
2.010839843749999967e-01 5.432128906250000000e-01 5.693359375000000416e-02 1.598535156250000000e+01 1.249804687500000000e+01 -7.435058593750000222e-01 -6.213378906250000000e-01 -4.199218750000000000e-02
3.910839843749999711e-01 7.932128906250000000e-01 3.693359375000000028e-02 1.298535156250000000e+01 1.049804687500000000e+01 1.064941406249999556e-01 -1.713378906250000444e-01 -1.041992187500000000e+00
4.860839843750000000e-01 6.682128906250000000e-01 4.693359375000000222e-02 1.448535156250000000e+01 9.498046875000000000e+00 -3.185058593749999778e-01 5.366210937499993339e-02 -5.419921875000000000e-01
2.960839843749999978e-01 9.182128906250000000e-01 6.693359375000000611e-02 1.148535156250000000e+01 1.149804687500000000e+01 5.314941406250000000e-01 -3.963378906249999667e-01 -1.541992187500000000e+00
2.485839843749999833e-01 7.307128906250000000e-01 3.193359375000000278e-02 1.523535156250000000e+01 9.998046875000000000e+00 3.189941406249998668e-01 -5.088378906249999556e-01 -1.291992187500000000e+00
4.385839843750000133e-01 9.807128906250000000e-01 5.193359375000000666e-02 1.223535156250000000e+01 1.199804687500000000e+01 -5.310058593750000000e-01 -5.883789062500000000e-02 -2.919921875000000000e-01
3.435839843749999845e-01 6.057128906250000000e-01 6.193359375000000167e-02 1.373535156250000000e+01 1.299804687500000000e+01 -1.060058593750000666e-01 1.661621093749999778e-01 -1.791992187500000000e+00
1.535839843749999822e-01 8.557128906250000000e-01 4.193359374999999778e-02 1.073535156250000000e+01 1.099804687500000000e+01 -9.560058593750000444e-01 -2.838378906249999778e-01 -7.919921875000000000e-01
1.654589843750000067e-01 6.213378906250000000e-01 3.568359374999999917e-02 1.092285156250000000e+01 9.123046875000000000e+00 -4.778808593750000222e-01 -1.994628906250000000e-01 -3.544921875000000000e-01
3.554589843750000089e-01 8.713378906250000000e-01 5.568359375000000305e-02 1.392285156250000000e+01 1.112304687500000000e+01 3.721191406249999556e-01 -6.494628906249999556e-01 -1.354492187500000000e+00
4.504589843749999822e-01 7.463378906250000000e-01 6.568359375000000500e-02 1.242285156250000000e+01 1.212304687500000000e+01 -9.028808593749999556e-01 -4.244628906249999778e-01 -8.544921875000000000e-01
2.604589843750000355e-01 9.963378906250000000e-01 4.568359375000000111e-02 1.542285156250000000e+01 1.012304687500000000e+01 -5.288085937499997780e-02 2.553710937499997780e-02 -1.854492187500000000e+00
3.079589843750000222e-01 6.838378906250000000e-01 5.068359375000000555e-02 1.017285156250000000e+01 1.262304687500000000e+01 1.596191406250000444e-01 -8.696289062500006661e-02 -1.104492187500000000e+00
4.979589843750000244e-01 9.338378906250000000e-01 3.068359374999999820e-02 1.317285156250000000e+01 1.062304687500000000e+01 -6.903808593750000444e-01 -5.369628906249999112e-01 -1.044921875000000000e-01
4.029589843749999956e-01 5.588378906250000000e-01 4.068359374999999667e-02 1.167285156250000000e+01 9.623046875000000000e+00 5.846191406249998668e-01 -3.119628906249999889e-01 -1.604492187500000000e+00
2.129589843749999933e-01 8.088378906250000000e-01 6.068359375000000056e-02 1.467285156250000000e+01 1.162304687500000000e+01 -2.653808593750000000e-01 1.380371093749999112e-01 -6.044921875000000000e-01
1.892089843750000000e-01 7.150878906250000000e-01 4.818359375000000333e-02 1.354785156250000000e+01 1.137304687500000000e+01 -1.591308593750000444e-01 -1.432128906249999778e-01 -1.729492187500000000e+00
3.792089843750000022e-01 9.650878906250000000e-01 6.818359375000000722e-02 1.054785156250000000e+01 9.373046875000000000e+00 6.908691406250000444e-01 -5.932128906249999334e-01 -7.294921875000000000e-01
4.742089843749999756e-01 5.900878906250000000e-01 5.818359375000000527e-02 1.504785156250000000e+01 1.037304687500000000e+01 -5.841308593750000888e-01 -3.682128906250000111e-01 -1.229492187500000000e+00
2.842089843749999734e-01 8.400878906250000000e-01 3.818359375000000139e-02 1.204785156250000000e+01 1.237304687500000000e+01 2.658691406250000000e-01 8.178710937500000000e-02 -2.294921875000000000e-01
2.367089843749999867e-01 5.275878906250000000e-01 6.318359375000000278e-02 1.429785156250000000e+01 1.087304687500000000e+01 5.336914062499986677e-02 -3.071289062500004441e-02 -9.794921875000000000e-01
4.267089843749999889e-01 7.775878906250000000e-01 4.318359374999999889e-02 1.129785156250000000e+01 1.287304687500000000e+01 -7.966308593750000000e-01 -4.807128906250000000e-01 -1.979492187500000000e+00
3.317089843749999600e-01 6.525878906250000000e-01 3.318359374999999695e-02 1.579785156250000000e+01 1.187304687500000000e+01 4.783691406249999112e-01 -2.557128906250000222e-01 -4.794921875000000000e-01
1.417089843749999856e-01 9.025878906250000000e-01 5.318359375000000777e-02 1.279785156250000000e+01 9.873046875000000000e+00 -3.716308593750000666e-01 1.942871093749999334e-01 -1.479492187500000000e+00
1.357714843750000011e-01 5.041503906250000000e-01 4.505859375000000056e-02 1.514160156250000000e+01 1.293554687500000000e+01 1.861816406249998668e-01 -4.666503906249999667e-01 -6.982421875000000000e-01
3.257714843750000311e-01 7.541503906250000000e-01 6.505859375000000444e-02 1.214160156250000000e+01 1.093554687500000000e+01 -6.638183593750000000e-01 -1.665039062500006661e-02 -1.698242187500000000e+00
4.207714843750000044e-01 6.291503906250000000e-01 5.505859375000000250e-02 1.364160156250000000e+01 9.935546875000000000e+00 6.111816406249999112e-01 -2.416503906249999889e-01 -1.982421875000000000e-01
2.307714843750000022e-01 8.791503906250000000e-01 3.505859374999999861e-02 1.064160156250000000e+01 1.193554687500000000e+01 -2.388183593750000666e-01 -6.916503906250000000e-01 -1.198242187500000000e+00
2.782714843749999889e-01 6.916503906250000000e-01 6.005859375000000000e-02 1.589160156250000000e+01 9.435546875000000000e+00 -4.513183593749999778e-01 -3.541503906249999778e-01 -1.948242187500000000e+00
4.682714843749999911e-01 9.416503906250000000e-01 4.005859375000000305e-02 1.289160156250000000e+01 1.143554687500000000e+01 3.986816406250000000e-01 9.584960937499997780e-02 -9.482421875000000000e-01
3.732714843750000178e-01 5.666503906250000000e-01 3.005859374999999764e-02 1.439160156250000000e+01 1.243554687500000000e+01 -8.763183593750000222e-01 -1.291503906250000000e-01 -1.448242187500000000e+00
1.832714843750000155e-01 8.166503906250000000e-01 5.005859375000000500e-02 1.139160156250000000e+01 1.043554687500000000e+01 -2.631835937500004441e-02 -5.791503906249999556e-01 -4.482421875000000000e-01
2.070214843750000089e-01 6.604003906250000000e-01 3.755859375000000083e-02 1.251660156250000000e+01 1.068554687500000000e+01 -1.325683593750000000e-01 -4.104003906250000000e-01 -1.323242187500000000e+00
3.970214843750000111e-01 9.104003906250000000e-01 5.755859375000000472e-02 1.551660156250000000e+01 1.268554687500000000e+01 -9.825683593749999778e-01 3.959960937499995559e-02 -3.232421875000000000e-01
4.920214843749999845e-01 5.354003906250000000e-01 6.755859375000000666e-02 1.101660156250000000e+01 1.168554687500000000e+01 2.924316406250000444e-01 -1.854003906250000222e-01 -1.823242187500000000e+00
3.020214843749999822e-01 7.854003906250000000e-01 4.755859375000000278e-02 1.401660156250000000e+01 9.685546875000000000e+00 -5.575683593750000444e-01 -6.354003906249999778e-01 -8.232421875000000000e-01
2.545214843749999956e-01 5.979003906250000000e-01 5.255859375000000722e-02 1.176660156250000000e+01 1.118554687500000000e+01 -3.450683593750000222e-01 -2.979003906250000111e-01 -7.324218750000000000e-02
4.445214843749999978e-01 8.479003906250000000e-01 3.255859374999999639e-02 1.476660156250000000e+01 9.185546875000000000e+00 5.049316406249999556e-01 1.520996093750000000e-01 -1.073242187500000000e+00
3.495214843749999689e-01 7.229003906250000000e-01 4.255859374999999833e-02 1.026660156250000000e+01 1.018554687500000000e+01 -7.700683593749999556e-01 -7.290039062499997780e-02 -5.732421875000000000e-01
1.595214843749999944e-01 9.729003906250000000e-01 6.255859375000000222e-02 1.326660156250000000e+01 1.218554687500000000e+01 7.993164062499991118e-02 -5.229003906249999334e-01 -1.573242187500000000e+00
1.476464843749999978e-01 7.385253906250000000e-01 5.880859375000000583e-02 1.420410156250000000e+01 1.181054687500000000e+01 5.580566406250000444e-01 1.147460937500000000e-02 -1.010742187500000000e+00
3.376464843750000000e-01 9.885253906250000000e-01 3.880859375000000194e-02 1.120410156250000000e+01 9.810546875000000000e+00 -2.919433593750000444e-01 -4.385253906249999556e-01 -1.074218750000000000e-02
4.326464843749999734e-01 6.135253906250000000e-01 4.880859375000000389e-02 1.570410156250000000e+01 1.081054687500000000e+01 1.330566406250000000e-01 -6.635253906249999334e-01 -1.510742187500000000e+00
2.426464843749999989e-01 8.635253906250000000e-01 6.880859375000000777e-02 1.270410156250000000e+01 1.281054687500000000e+01 -7.169433593750000888e-01 -2.135253906249999778e-01 -5.107421875000000000e-01
2.901464843750000133e-01 5.510253906250000000e-01 3.380859374999999750e-02 1.345410156250000000e+01 1.031054687500000000e+01 -9.294433593750000000e-01 1.239746093749999334e-01 -2.607421875000000000e-01
4.801464843750000155e-01 8.010253906250000000e-01 5.380859375000000833e-02 1.045410156250000000e+01 1.231054687500000000e+01 -7.944335937500002220e-02 -3.260253906249999667e-01 -1.260742187500000000e+00
3.851464843749999867e-01 6.760253906250000000e-01 6.380859375000000333e-02 1.495410156250000000e+01 1.131054687500000000e+01 -5.044433593749999556e-01 -5.510253906250000000e-01 -7.607421875000000000e-01
1.951464843749999845e-01 9.260253906250000000e-01 4.380859374999999944e-02 1.195410156250000000e+01 9.310546875000000000e+00 3.455566406249999112e-01 -1.010253906250000444e-01 -1.760742187500000000e+00
1.713964843749999911e-01 5.822753906250000000e-01 6.630859375000000555e-02 1.007910156250000000e+01 9.560546875000000000e+00 4.518066406249998668e-01 6.772460937500002220e-02 -8.857421875000000000e-01
3.613964843749999933e-01 8.322753906250000000e-01 4.630859375000000167e-02 1.307910156250000000e+01 1.156054687500000000e+01 -3.981933593750000000e-01 -3.822753906249999889e-01 -1.885742187500000000e+00
4.563964843750000222e-01 7.072753906250000000e-01 3.630859374999999972e-02 1.157910156250000000e+01 1.256054687500000000e+01 2.680664062500004441e-02 -6.072753906249999112e-01 -3.857421875000000000e-01
2.663964843749999645e-01 9.572753906250000000e-01 5.630859375000000361e-02 1.457910156250000000e+01 1.056054687500000000e+01 -8.231933593750000444e-01 -1.572753906249999556e-01 -1.385742187500000000e+00
2.188964843749999778e-01 6.447753906250000000e-01 4.130859374999999722e-02 1.082910156250000000e+01 1.206054687500000000e+01 -6.106933593750000222e-01 1.802246093749999556e-01 -1.635742187500000000e+00
4.088964843749999800e-01 8.947753906250000000e-01 6.130859375000000805e-02 1.382910156250000000e+01 1.006054687500000000e+01 2.393066406249999556e-01 -2.697753906250000000e-01 -6.357421875000000000e-01
3.138964843750000067e-01 5.197753906250000000e-01 5.130859375000000611e-02 1.232910156250000000e+01 9.060546875000000000e+00 -1.856933593749999778e-01 -4.947753906249999778e-01 -1.135742187500000000e+00
1.238964843749999906e-01 7.697753906250000000e-01 3.130859375000000222e-02 1.532910156250000000e+01 1.106054687500000000e+01 6.643066406250000000e-01 -4.477539062500002220e-02 -1.357421875000000000e-01
1.253808593749999867e-01 7.287597656250000000e-01 4.115234375000000056e-02 1.263378906250000000e+01 9.232421875000000000e+00 8.657226562499986677e-02 -6.178222656249999778e-01 -4.560546875000000000e-01
3.153808593749999889e-01 9.787597656250000000e-01 6.115234375000000444e-02 1.563378906250000000e+01 1.123242187500000000e+01 -7.634277343750000000e-01 -1.678222656250000222e-01 -1.456054687500000000e+00
4.103808593750000178e-01 6.037597656250000000e-01 5.115234375000000250e-02 1.113378906250000000e+01 1.223242187500000000e+01 5.115722656249999112e-01 5.717773437499995559e-02 -9.560546875000000000e-01
2.203808593750000155e-01 8.537597656250000000e-01 3.115234374999999861e-02 1.413378906250000000e+01 1.023242187500000000e+01 -3.384277343750000666e-01 -3.928222656250000000e-01 -1.956054687500000000e+00
2.678808593750000022e-01 5.412597656250000000e-01 6.615234375000000888e-02 1.188378906250000000e+01 1.273242187500000000e+01 -5.509277343750000888e-01 -5.053222656249999334e-01 -1.206054687500000000e+00
4.578808593750000044e-01 7.912597656250000000e-01 4.615234375000000500e-02 1.488378906250000000e+01 1.073242187500000000e+01 2.990722656250000000e-01 -5.532226562499997780e-02 -2.060546875000000000e-01
3.628808593750000311e-01 6.662597656250000000e-01 3.615234375000000305e-02 1.038378906250000000e+01 9.732421875000000000e+00 -9.759277343750000222e-01 1.696777343750000000e-01 -1.706054687500000000e+00
1.728808593750000011e-01 9.162597656250000000e-01 5.615234375000000000e-02 1.338378906250000000e+01 1.173242187500000000e+01 -1.259277343750000444e-01 -2.803222656250000111e-01 -7.060546875000000000e-01
1.966308593749999944e-01 5.725097656250000000e-01 3.365234375000000083e-02 1.450878906250000000e+01 1.148242187500000000e+01 -1.967773437499997780e-02 -6.740722656250000000e-01 -1.581054687500000000e+00
3.866308593750000244e-01 8.225097656250000000e-01 5.365234375000000472e-02 1.150878906250000000e+01 9.482421875000000000e+00 -8.696777343749999556e-01 -2.240722656249999889e-01 -5.810546875000000000e-01
4.816308593749999978e-01 6.975097656250000000e-01 6.365234375000000666e-02 1.300878906250000000e+01 1.048242187500000000e+01 4.053222656249999556e-01 9.277343749999333866e-04 -1.081054687500000000e+00
2.916308593749999956e-01 9.475097656250000000e-01 4.365234375000000278e-02 1.000878906250000000e+01 1.248242187500000000e+01 -4.446777343750000222e-01 -4.490722656249999667e-01 -8.105468750000000000e-02
2.441308593750000089e-01 6.350097656250000000e-01 5.865234375000000222e-02 1.525878906250000000e+01 1.098242187500000000e+01 -2.321777343750000000e-01 -5.615722656249999556e-01 -8.310546875000000000e-01
4.341308593750000111e-01 8.850097656250000000e-01 3.865234374999999833e-02 1.225878906250000000e+01 1.298242187500000000e+01 6.178222656249998668e-01 -1.115722656250000000e-01 -1.831054687500000000e+00
3.391308593749999822e-01 5.100097656250000000e-01 4.865234375000000722e-02 1.375878906250000000e+01 1.198242187500000000e+01 -6.571777343750000444e-01 1.134277343749999778e-01 -3.310546875000000000e-01
1.491308593750000078e-01 7.600097656250000000e-01 6.865234375000001110e-02 1.075878906250000000e+01 9.982421875000000000e+00 1.928222656250000444e-01 -3.365722656249999778e-01 -1.331054687500000000e+00
1.610058593750000044e-01 5.256347656250000000e-01 5.490234374999999889e-02 1.057128906250000000e+01 1.010742187500000000e+01 6.709472656249999556e-01 -1.396972656249999556e-01 -1.768554687500000000e+00
3.510058593750000067e-01 7.756347656250000000e-01 3.490234375000000194e-02 1.357128906250000000e+01 1.210742187500000000e+01 -1.790527343750000222e-01 -5.896972656249999112e-01 -7.685546875000000000e-01
4.460058593749999800e-01 6.506347656250000000e-01 4.490234375000000389e-02 1.207128906250000000e+01 1.110742187500000000e+01 2.459472656249999112e-01 -3.646972656249999889e-01 -1.268554687500000000e+00
2.560058593749999778e-01 9.006347656250000000e-01 6.490234375000000777e-02 1.507128906250000000e+01 9.107421875000000000e+00 -6.040527343749999556e-01 8.530273437500002220e-02 -2.685546875000000000e-01
3.035058593749999645e-01 7.131347656250000000e-01 3.990234374999999944e-02 1.132128906250000000e+01 1.160742187500000000e+01 -8.165527343749999778e-01 -2.719726562500002220e-02 -5.185546875000000000e-01
4.935058593750000222e-01 9.631347656250000000e-01 5.990234375000000333e-02 1.432128906250000000e+01 9.607421875000000000e+00 3.344726562500000000e-02 -4.771972656249999778e-01 -1.518554687500000000e+00
3.985058593749999933e-01 5.881347656250000000e-01 6.990234375000001221e-02 1.282128906250000000e+01 1.060742187500000000e+01 -3.915527343750000444e-01 -2.521972656250000000e-01 -1.855468750000000000e-02
2.085058593749999911e-01 8.381347656250000000e-01 4.990234375000000139e-02 1.582128906250000000e+01 1.260742187500000000e+01 4.584472656250000444e-01 1.978027343749999556e-01 -1.018554687500000000e+00
1.847558593749999978e-01 6.818847656250000000e-01 6.240234375000000555e-02 1.394628906250000000e+01 1.235742187500000000e+01 3.521972656249998668e-01 -1.959472656249999778e-01 -1.435546875000000000e-01
3.747558593750000000e-01 9.318847656250000000e-01 4.240234375000000167e-02 1.094628906250000000e+01 1.035742187500000000e+01 -4.978027343750000000e-01 -6.459472656249999334e-01 -1.143554687500000000e+00
4.697558593749999734e-01 5.568847656250000000e-01 3.240234374999999972e-02 1.544628906250000000e+01 9.357421875000000000e+00 -7.280273437500006661e-02 -4.209472656249999556e-01 -6.435546875000000000e-01
2.797558593750000266e-01 8.068847656250000000e-01 5.240234375000000361e-02 1.244628906250000000e+01 1.135742187500000000e+01 -9.228027343750000444e-01 2.905273437500000000e-02 -1.643554687500000000e+00
2.322558593749999845e-01 6.193847656250000000e-01 4.740234375000000611e-02 1.319628906250000000e+01 9.857421875000000000e+00 -7.103027343750000222e-01 -8.344726562500004441e-02 -1.393554687500000000e+00
4.222558593749999867e-01 8.693847656250000000e-01 6.740234375000000999e-02 1.019628906250000000e+01 1.185742187500000000e+01 1.396972656249999556e-01 -5.334472656250000000e-01 -3.935546875000000000e-01
3.272558593750000133e-01 7.443847656250000000e-01 5.740234375000000111e-02 1.469628906250000000e+01 1.285742187500000000e+01 -2.853027343749999778e-01 -3.084472656249999667e-01 -1.893554687500000000e+00
1.372558593750000111e-01 9.943847656250000000e-01 3.740234374999999722e-02 1.169628906250000000e+01 1.085742187500000000e+01 5.646972656250000000e-01 1.415527343749999334e-01 -8.935546875000000000e-01
1.431933593749999956e-01 5.959472656250000000e-01 6.427734375000000722e-02 1.535253906250000000e+01 1.191992187500000000e+01 -9.493652343749999778e-01 -4.068847656249999778e-01 -1.174804687500000000e+00
3.331933593749999978e-01 8.459472656250000000e-01 4.427734375000000333e-02 1.235253906250000000e+01 9.919921875000000000e+00 -9.936523437500000000e-02 4.311523437499997780e-02 -1.748046875000000000e-01
4.281933593750000266e-01 7.209472656250000000e-01 3.427734375000000139e-02 1.385253906250000000e+01 1.091992187500000000e+01 -5.243652343750000444e-01 -1.818847656250000000e-01 -1.674804687500000000e+00
2.381933593749999967e-01 9.709472656250000000e-01 5.427734375000000527e-02 1.085253906250000000e+01 1.291992187500000000e+01 3.256347656250000444e-01 -6.318847656249999556e-01 -6.748046875000000000e-01
2.856933593750000111e-01 6.584472656250000000e-01 4.927734375000000777e-02 1.460253906250000000e+01 1.041992187500000000e+01 5.381347656249999556e-01 -2.943847656249999889e-01 -4.248046875000000000e-01
4.756933593750000133e-01 9.084472656250000000e-01 6.927734374999999778e-02 1.160253906250000000e+01 1.241992187500000000e+01 -3.118652343750000222e-01 1.556152343749999112e-01 -1.424804687500000000e+00
3.806933593749999845e-01 5.334472656250000000e-01 5.927734375000000278e-02 1.310253906250000000e+01 1.141992187500000000e+01 1.131347656249999112e-01 -6.938476562500006661e-02 -9.248046875000000000e-01
1.906933593749999822e-01 7.834472656250000000e-01 3.927734374999999889e-02 1.010253906250000000e+01 9.419921875000000000e+00 -7.368652343749999556e-01 -5.193847656249999112e-01 -1.924804687500000000e+00
2.144433593750000033e-01 6.896972656250000000e-01 5.177734375000000305e-02 1.197753906250000000e+01 9.669921875000000000e+00 -6.306152343750000000e-01 -4.631347656250000000e-01 -7.998046875000000000e-01
4.044433593749999778e-01 9.396972656250000000e-01 3.177734374999999917e-02 1.497753906250000000e+01 1.166992187500000000e+01 2.193847656249998668e-01 -1.313476562500004441e-02 -1.799804687500000000e+00
4.994433593750000067e-01 5.646972656250000000e-01 4.177734375000000111e-02 1.047753906250000000e+01 1.266992187500000000e+01 -2.056152343750000666e-01 -2.381347656250000222e-01 -2.998046875000000000e-01
3.094433593750000044e-01 8.146972656250000000e-01 6.177734375000000500e-02 1.347753906250000000e+01 1.066992187500000000e+01 6.443847656249999112e-01 -6.881347656249999778e-01 -1.299804687500000000e+00
2.619433593750000178e-01 5.021972656250000000e-01 3.677734374999999667e-02 1.272753906250000000e+01 1.216992187500000000e+01 4.318847656250000000e-01 -3.506347656250000111e-01 -1.549804687500000000e+00
4.519433593750000200e-01 7.521972656250000000e-01 5.677734375000000056e-02 1.572753906250000000e+01 1.016992187500000000e+01 -4.181152343749999778e-01 9.936523437500000000e-02 -5.498046875000000000e-01
3.569433593749999911e-01 6.271972656250000000e-01 6.677734375000000944e-02 1.122753906250000000e+01 9.169921875000000000e+00 6.884765624999955591e-03 -1.256347656249999778e-01 -1.049804687500000000e+00
1.669433593749999889e-01 8.771972656250000000e-01 4.677734375000000555e-02 1.422753906250000000e+01 1.116992187500000000e+01 -8.431152343750000222e-01 -5.756347656249999334e-01 -4.980468750000000000e-02
1.550683593749999922e-01 6.428222656250000000e-01 3.052734374999999806e-02 1.329003906250000000e+01 1.279492187500000000e+01 -3.649902343750000000e-01 7.124023437499993339e-02 -6.123046875000000000e-01
3.450683593750000222e-01 8.928222656250000000e-01 5.052734375000000194e-02 1.029003906250000000e+01 1.079492187500000000e+01 4.850097656249998668e-01 -3.787597656249999667e-01 -1.612304687500000000e+00
4.400683593749999956e-01 5.178222656250000000e-01 6.052734375000000389e-02 1.479003906250000000e+01 9.794921875000000000e+00 -7.899902343750000444e-01 -6.037597656250000000e-01 -1.123046875000000000e-01
2.500683593749999933e-01 7.678222656250000000e-01 4.052734375000000000e-02 1.179003906250000000e+01 1.179492187500000000e+01 6.000976562500004441e-02 -1.537597656250000444e-01 -1.112304687500000000e+00
2.975683593750000355e-01 5.803222656250000000e-01 5.552734374999999944e-02 1.404003906250000000e+01 9.294921875000000000e+00 2.725097656249999556e-01 1.837402343749999778e-01 -1.862304687500000000e+00
4.875683593749999822e-01 8.303222656250000000e-01 3.552734375000000250e-02 1.104003906250000000e+01 1.129492187500000000e+01 -5.774902343750000222e-01 -2.662597656249999778e-01 -8.623046875000000000e-01
3.925683593750000089e-01 7.053222656250000000e-01 4.552734375000000444e-02 1.554003906250000000e+01 1.229492187500000000e+01 6.975097656250000000e-01 -4.912597656249999556e-01 -1.362304687500000000e+00
2.025683593750000067e-01 9.553222656250000000e-01 6.552734375000000833e-02 1.254003906250000000e+01 1.029492187500000000e+01 -1.524902343749999778e-01 -4.125976562500000000e-02 -3.623046875000000000e-01
1.788183593750000133e-01 5.490722656250000000e-01 4.302734375000000222e-02 1.141503906250000000e+01 1.054492187500000000e+01 -2.587402343750000444e-01 1.499023437500002220e-02 -1.487304687500000000e+00
3.688183593749999600e-01 7.990722656250000000e-01 6.302734375000000611e-02 1.441503906250000000e+01 1.254492187500000000e+01 5.912597656250000444e-01 -4.350097656249999889e-01 -4.873046875000000000e-01
4.638183593749999889e-01 6.740722656250000000e-01 5.302734375000000416e-02 1.291503906250000000e+01 1.154492187500000000e+01 -6.837402343750000888e-01 -6.600097656249999112e-01 -1.987304687500000000e+00
2.738183593749999867e-01 9.240722656250000000e-01 3.302734375000000028e-02 1.591503906250000000e+01 9.544921875000000000e+00 1.662597656250000000e-01 -2.100097656250000111e-01 -9.873046875000000000e-01
2.263183593750000000e-01 7.365722656250000000e-01 6.802734374999999667e-02 1.066503906250000000e+01 1.104492187500000000e+01 -4.624023437500002220e-02 1.274902343749999556e-01 -2.373046875000000000e-01
4.163183593750000022e-01 9.865722656250000000e-01 4.802734375000000666e-02 1.366503906250000000e+01 9.044921875000000000e+00 -8.962402343750000000e-01 -3.225097656250000000e-01 -1.237304687500000000e+00
3.213183593749999734e-01 6.115722656250000000e-01 3.802734374999999778e-02 1.216503906250000000e+01 1.004492187500000000e+01 3.787597656249999112e-01 -5.475097656249999778e-01 -7.373046875000000000e-01
1.313183593749999989e-01 8.615722656250000000e-01 5.802734375000000167e-02 1.516503906250000000e+01 1.204492187500000000e+01 -4.712402343750000666e-01 -9.750976562500002220e-02 -1.737304687500000000e+00
1.283496093750000067e-01 5.373535156250000000e-01 3.833984374999999806e-02 1.446191406250000000e+01 9.888671875000000000e+00 -1.657714843750000000e-01 -3.014160156249999778e-01 -1.065429687500000000e+00
3.183496093750000089e-01 7.873535156250000000e-01 5.833984375000000888e-02 1.146191406250000000e+01 1.188867187500000000e+01 6.842285156249998668e-01 1.485839843749999778e-01 -6.542968750000000000e-02
4.133496093749999822e-01 6.623535156250000000e-01 6.833984375000000389e-02 1.596191406250000000e+01 1.288867187500000000e+01 -5.907714843750000444e-01 -7.641601562500000000e-02 -1.565429687500000000e+00
2.233496093749999800e-01 9.123535156250000000e-01 4.833984375000000000e-02 1.296191406250000000e+01 1.088867187500000000e+01 2.592285156250000444e-01 -5.264160156249999556e-01 -5.654296875000000000e-01
2.708496093750000222e-01 7.248535156250000000e-01 5.333984375000000444e-02 1.371191406250000000e+01 1.238867187500000000e+01 4.672851562499991118e-02 -4.139160156249999667e-01 -3.154296875000000000e-01
4.608496093750000244e-01 9.748535156250000000e-01 3.333984375000000056e-02 1.071191406250000000e+01 1.038867187500000000e+01 -8.032714843749999556e-01 3.608398437499993339e-02 -1.315429687500000000e+00
3.658496093749999956e-01 5.998535156250000000e-01 4.333984375000000250e-02 1.521191406250000000e+01 9.388671875000000000e+00 4.717285156249999556e-01 -1.889160156250000444e-01 -8.154296875000000000e-01
1.758496093749999933e-01 8.498535156250000000e-01 6.333984375000001332e-02 1.221191406250000000e+01 1.138867187500000000e+01 -3.782714843750000222e-01 -6.389160156250000000e-01 -1.815429687500000000e+00
1.995996093749999867e-01 6.311035156250000000e-01 4.583984374999999778e-02 1.033691406250000000e+01 1.163867187500000000e+01 -4.845214843749999778e-01 -3.576660156250000000e-01 -9.404296875000000000e-01
3.895996093749999889e-01 8.811035156250000000e-01 6.583984375000001554e-02 1.333691406250000000e+01 9.638671875000000000e+00 3.654785156250000000e-01 9.233398437499995559e-02 -1.940429687500000000e+00
4.845996093750000178e-01 5.061035156250000000e-01 5.583984375000000666e-02 1.183691406250000000e+01 1.063867187500000000e+01 -9.095214843750000222e-01 -1.326660156250000222e-01 -4.404296875000000000e-01
2.945996093749999600e-01 7.561035156250000000e-01 3.583984375000000278e-02 1.483691406250000000e+01 1.263867187500000000e+01 -5.952148437500004441e-02 -5.826660156249999778e-01 -1.440429687500000000e+00
2.470996093750000011e-01 5.686035156250000000e-01 6.083984375000000416e-02 1.108691406250000000e+01 1.013867187500000000e+01 1.529785156249998668e-01 -4.701660156249999889e-01 -1.690429687500000000e+00
4.370996093749999756e-01 8.186035156250000000e-01 4.083984375000000028e-02 1.408691406250000000e+01 1.213867187500000000e+01 -6.970214843750000000e-01 -2.016601562499997780e-02 -6.904296875000000000e-01
3.420996093750000022e-01 6.936035156250000000e-01 3.083984374999999833e-02 1.258691406250000000e+01 1.113867187500000000e+01 5.779785156249999112e-01 -2.451660156250000111e-01 -1.190429687500000000e+00
1.520996093750000000e-01 9.436035156250000000e-01 5.083984375000000222e-02 1.558691406250000000e+01 9.138671875000000000e+00 -2.720214843750000666e-01 -6.951660156249999112e-01 -1.904296875000000000e-01
1.639746093749999967e-01 7.092285156250000000e-01 6.708984375000000278e-02 1.502441406250000000e+01 1.076367187500000000e+01 -7.501464843749999778e-01 1.767089843749999334e-01 -6.279296875000000000e-01
3.539746093750000266e-01 9.592285156250000000e-01 4.708984374999999889e-02 1.202441406250000000e+01 1.276367187500000000e+01 9.985351562500000000e-02 -2.732910156250000222e-01 -1.627929687500000000e+00
4.489746093750000000e-01 5.842285156250000000e-01 3.708984375000000389e-02 1.352441406250000000e+01 1.176367187500000000e+01 -3.251464843750000444e-01 -4.982910156250000000e-01 -1.279296875000000000e-01
2.589746093749999978e-01 8.342285156250000000e-01 5.708984375000000777e-02 1.052441406250000000e+01 9.763671875000000000e+00 5.248535156250000444e-01 -4.829101562500004441e-02 -1.127929687500000000e+00
3.064746093749999845e-01 5.217285156250000000e-01 4.208984375000000139e-02 1.577441406250000000e+01 1.126367187500000000e+01 3.123535156249999112e-01 6.420898437500000000e-02 -1.877929687500000000e+00
4.964746093749999867e-01 7.717285156250000000e-01 6.208984375000000527e-02 1.277441406250000000e+01 9.263671875000000000e+00 -5.376464843749999556e-01 -3.857910156250000111e-01 -8.779296875000000000e-01
4.014746093750000133e-01 6.467285156250000000e-01 5.208984375000000333e-02 1.427441406250000000e+01 1.026367187500000000e+01 -1.126464843750000222e-01 -6.107910156249999334e-01 -1.377929687500000000e+00
2.114746093750000111e-01 8.967285156250000000e-01 3.208984374999999944e-02 1.127441406250000000e+01 1.226367187500000000e+01 -9.626464843750000000e-01 -1.607910156249999778e-01 -3.779296875000000000e-01
1.877246093749999900e-01 6.154785156250000000e-01 5.958984375000000305e-02 1.239941406250000000e+01 1.251367187500000000e+01 -8.563964843750000444e-01 1.204589843749999112e-01 -1.252929687500000000e+00
3.777246093750000200e-01 8.654785156250000000e-01 3.958984374999999917e-02 1.539941406250000000e+01 1.051367187500000000e+01 -6.396484375000066613e-03 -3.295410156249999889e-01 -2.529296875000000000e-01
4.727246093749999933e-01 7.404785156250000000e-01 4.958984375000000111e-02 1.089941406250000000e+01 9.513671875000000000e+00 -4.313964843750000000e-01 -5.545410156249999112e-01 -1.752929687500000000e+00
2.827246093749999911e-01 9.904785156250000000e-01 6.958984375000000500e-02 1.389941406250000000e+01 1.151367187500000000e+01 4.186035156249998668e-01 -1.045410156250000666e-01 -7.529296875000000000e-01
2.352246093750000044e-01 6.779785156250000000e-01 3.458984375000000167e-02 1.164941406250000000e+01 9.013671875000000000e+00 6.311035156250000000e-01 7.958984374999977796e-03 -2.929687500000000000e-03
4.252246093750000067e-01 9.279785156250000000e-01 5.458984375000000555e-02 1.464941406250000000e+01 1.101367187500000000e+01 -2.188964843749999778e-01 -4.420410156249999778e-01 -1.002929687500000000e+00
3.302246093749999778e-01 5.529785156250000000e-01 6.458984375000001443e-02 1.014941406250000000e+01 1.201367187500000000e+01 2.061035156249999556e-01 -6.670410156249999556e-01 -5.029296875000000000e-01
1.402246093750000033e-01 8.029785156250000000e-01 4.458984375000000361e-02 1.314941406250000000e+01 1.001367187500000000e+01 -6.438964843750000222e-01 -2.170410156250000000e-01 -1.502929687500000000e+00
1.342871093749999911e-01 6.701660156250000000e-01 5.646484375000000722e-02 1.099316406250000000e+01 1.120117187500000000e+01 4.451660156249999112e-01 -5.123535156249999778e-01 -2.841796875000000000e-01
3.242871093749999933e-01 9.201660156250000000e-01 3.646484375000000333e-02 1.399316406250000000e+01 9.201171875000000000e+00 -4.048339843750000666e-01 -6.235351562500002220e-02 -1.284179687500000000e+00
4.192871093750000222e-01 5.451660156250000000e-01 4.646484374999999833e-02 1.249316406250000000e+01 1.020117187500000000e+01 2.016601562499986677e-02 1.626464843749999556e-01 -7.841796875000000000e-01
2.292871093749999922e-01 7.951660156250000000e-01 6.646484375000000222e-02 1.549316406250000000e+01 1.220117187500000000e+01 -8.298339843750000000e-01 -2.873535156250000000e-01 -1.784179687500000000e+00
2.767871093750000067e-01 6.076660156250000000e-01 3.146484374999999889e-02 1.024316406250000000e+01 1.070117187500000000e+01 -6.173339843750000888e-01 -6.248535156249999112e-01 -1.034179687500000000e+00
4.667871093750000089e-01 8.576660156250000000e-01 5.146484375000000278e-02 1.324316406250000000e+01 1.270117187500000000e+01 2.326660156250000000e-01 -1.748535156249999556e-01 -3.417968750000000000e-02
3.717871093749999800e-01 7.326660156250000000e-01 6.146484375000000472e-02 1.174316406250000000e+01 1.170117187500000000e+01 -1.923339843750000444e-01 5.014648437500002220e-02 -1.534179687500000000e+00
1.817871093750000056e-01 9.826660156250000000e-01 4.146484375000000083e-02 1.474316406250000000e+01 9.701171875000000000e+00 6.576660156250000444e-01 -3.998535156249999889e-01 -5.341796875000000000e-01
2.055371093749999989e-01 5.139160156250000000e-01 6.896484375000000444e-02 1.361816406250000000e+01 9.451171875000000000e+00 5.514160156249998668e-01 -5.686035156250000000e-01 -1.659179687500000000e+00
3.955371093749999734e-01 7.639160156250000000e-01 4.896484375000000056e-02 1.061816406250000000e+01 1.145117187500000000e+01 -2.985839843750000000e-01 -1.186035156250000444e-01 -6.591796875000000000e-01
4.905371093750000022e-01 6.389160156250000000e-01 3.896484374999999861e-02 1.511816406250000000e+01 1.245117187500000000e+01 1.264160156250000444e-01 1.063964843749999334e-01 -1.159179687500000000e+00
3.005371093750000000e-01 8.889160156250000000e-01 5.896484375000000944e-02 1.211816406250000000e+01 1.045117187500000000e+01 -7.235839843750000444e-01 -3.436035156249999667e-01 -1.591796875000000000e-01
2.530371093750000133e-01 7.014160156250000000e-01 4.396484375000000305e-02 1.436816406250000000e+01 1.295117187500000000e+01 -9.360839843749999556e-01 -6.811035156249999334e-01 -9.091796875000000000e-01
4.430371093750000155e-01 9.514160156250000000e-01 6.396484375000000000e-02 1.136816406250000000e+01 1.095117187500000000e+01 -8.608398437499997780e-02 -2.311035156249999778e-01 -1.909179687500000000e+00
3.480371093749999867e-01 5.764160156250000000e-01 5.396484375000000500e-02 1.586816406250000000e+01 9.951171875000000000e+00 -5.110839843750000222e-01 -6.103515625000000000e-03 -4.091796875000000000e-01
1.580371093749999845e-01 8.264160156250000000e-01 3.396484375000000111e-02 1.286816406250000000e+01 1.195117187500000000e+01 3.389160156249999556e-01 -4.561035156249999556e-01 -1.409179687500000000e+00
1.461621093749999878e-01 5.920410156250000000e-01 4.771484374999999944e-02 1.155566406250000000e+01 1.207617187500000000e+01 -1.392089843750000666e-01 -3.422851562500006661e-02 -1.971679687500000000e+00
3.361621093750000178e-01 8.420410156250000000e-01 6.771484375000000333e-02 1.455566406250000000e+01 1.007617187500000000e+01 -9.892089843750000444e-01 -4.842285156249999667e-01 -9.716796875000000000e-01
4.311621093749999911e-01 7.170410156250000000e-01 5.771484375000000833e-02 1.005566406250000000e+01 9.076171875000000000e+00 2.857910156249998668e-01 -2.592285156249999889e-01 -1.471679687500000000e+00
2.411621093749999889e-01 9.670410156250000000e-01 3.771484374999999750e-02 1.305566406250000000e+01 1.107617187500000000e+01 -5.642089843750000000e-01 1.907714843749999112e-01 -4.716796875000000000e-01
2.886621093750000311e-01 6.545410156250000000e-01 6.271484374999999889e-02 1.230566406250000000e+01 9.576171875000000000e+00 -3.517089843749999778e-01 -1.467285156250000000e-01 -7.216796875000000000e-01
4.786621093749999778e-01 9.045410156250000000e-01 4.271484375000000194e-02 1.530566406250000000e+01 1.157617187500000000e+01 4.982910156250000000e-01 -5.967285156249999556e-01 -1.721679687500000000e+00
3.836621093750000044e-01 5.295410156250000000e-01 3.271484375000000000e-02 1.080566406250000000e+01 1.257617187500000000e+01 -7.767089843750000222e-01 -3.717285156249999778e-01 -2.216796875000000000e-01
1.936621093750000022e-01 7.795410156250000000e-01 5.271484375000000389e-02 1.380566406250000000e+01 1.057617187500000000e+01 7.329101562499995559e-02 7.827148437499997780e-02 -1.221679687500000000e+00
1.699121093750000089e-01 7.482910156250000000e-01 3.521484375000000222e-02 1.568066406250000000e+01 1.032617187500000000e+01 1.795410156249999112e-01 -9.047851562499997780e-02 -9.667968750000000000e-02
3.599121093750000111e-01 9.982910156250000000e-01 5.521484375000000611e-02 1.268066406250000000e+01 1.232617187500000000e+01 -6.704589843749999556e-01 -5.404785156249999334e-01 -1.096679687500000000e+00
4.549121093749999845e-01 6.232910156250000000e-01 6.521484375000000111e-02 1.418066406250000000e+01 1.132617187500000000e+01 6.045410156249999556e-01 -3.154785156250000111e-01 -5.966796875000000000e-01
2.649121093749999822e-01 8.732910156250000000e-01 4.521484375000000416e-02 1.118066406250000000e+01 9.326171875000000000e+00 -2.454589843750000222e-01 1.345214843750000000e-01 -1.596679687500000000e+00
2.174121093749999956e-01 5.607910156250000000e-01 5.021484375000000167e-02 1.493066406250000000e+01 1.182617187500000000e+01 -4.579589843750000444e-01 -2.029785156250000222e-01 -1.346679687500000000e+00
4.074121093749999978e-01 8.107910156250000000e-01 3.021484374999999778e-02 1.193066406250000000e+01 9.826171875000000000e+00 3.920410156250000444e-01 -6.529785156249999778e-01 -3.466796875000000000e-01
3.124121093749999689e-01 6.857910156250000000e-01 4.021484374999999972e-02 1.343066406250000000e+01 1.082617187500000000e+01 -8.829589843749999778e-01 -4.279785156250000000e-01 -1.846679687500000000e+00
1.224121093749999944e-01 9.357910156250000000e-01 6.021484375000000361e-02 1.043066406250000000e+01 1.282617187500000000e+01 -3.295898437500000000e-02 2.202148437499995559e-02 -8.466796875000000000e-01
1.216699218749999895e-01 6.867675781250000000e-01 3.654296875000000167e-02 1.473144531250000000e+01 1.169335937500000000e+01 -6.737792968750000444e-01 -1.660644531249999556e-01 -2.255859375000000000e-01
3.116699218749999778e-01 9.367675781250000000e-01 5.654296875000000555e-02 1.173144531250000000e+01 9.693359375000000000e+00 1.762207031250000444e-01 -6.160644531249999112e-01 -1.225585937500000000e+00
4.066699218750000067e-01 5.617675781250000000e-01 6.654296875000001443e-02 1.323144531250000000e+01 1.069335937500000000e+01 -2.487792968750000000e-01 -3.910644531249999889e-01 -7.255859375000000000e-01
2.166699218750000044e-01 8.117675781250000000e-01 4.654296875000000361e-02 1.023144531250000000e+01 1.269335937500000000e+01 6.012207031249998668e-01 5.893554687500002220e-02 -1.725585937500000000e+00
2.641699218749999911e-01 6.242675781250000000e-01 5.154296875000000111e-02 1.548144531250000000e+01 1.019335937500000000e+01 3.887207031249999556e-01 -5.356445312500002220e-02 -1.475585937500000000e+00
4.541699218749999933e-01 8.742675781250000000e-01 3.154296874999999722e-02 1.248144531250000000e+01 1.219335937500000000e+01 -4.612792968750000222e-01 -5.035644531249999778e-01 -4.755859375000000000e-01
3.591699218749999645e-01 7.492675781250000000e-01 4.154296874999999917e-02 1.398144531250000000e+01 1.119335937500000000e+01 -3.627929687499997780e-02 -2.785644531250000000e-01 -1.975585937500000000e+00
1.691699218749999900e-01 9.992675781250000000e-01 6.154296875000000305e-02 1.098144531250000000e+01 9.193359375000000000e+00 -8.862792968749999556e-01 1.714355468749999556e-01 -9.755859375000000000e-01
1.929199218750000111e-01 5.305175781250000000e-01 4.904296874999999889e-02 1.285644531250000000e+01 9.943359375000000000e+00 -9.925292968750000222e-01 -2.223144531249999778e-01 -1.850585937500000000e+00
3.829199218750000133e-01 7.805175781250000000e-01 6.904296875000001665e-02 1.585644531250000000e+01 1.194335937500000000e+01 -1.425292968750000444e-01 -6.723144531249999334e-01 -8.505859375000000000e-01
4.779199218749999867e-01 6.555175781250000000e-01 5.904296875000000777e-02 1.135644531250000000e+01 1.294335937500000000e+01 -5.675292968750000888e-01 -4.473144531249999556e-01 -1.350585937500000000e+00
2.879199218749999845e-01 9.055175781250000000e-01 3.904296875000000389e-02 1.435644531250000000e+01 1.094335937500000000e+01 2.824707031250000000e-01 2.685546875000000000e-03 -3.505859375000000000e-01
2.404199218749999978e-01 7.180175781250000000e-01 6.404296875000001221e-02 1.210644531250000000e+01 1.244335937500000000e+01 4.949707031249999112e-01 -1.098144531250000444e-01 -6.005859375000000000e-01
4.304199218750000000e-01 9.680175781250000000e-01 4.404296875000000139e-02 1.510644531250000000e+01 1.044335937500000000e+01 -3.550292968750000666e-01 -5.598144531250000000e-01 -1.600585937500000000e+00
3.354199218750000266e-01 5.930175781250000000e-01 3.404296874999999944e-02 1.060644531250000000e+01 9.443359375000000000e+00 6.997070312499986677e-02 -3.348144531249999667e-01 -1.005859375000000000e-01
1.454199218749999967e-01 8.430175781250000000e-01 5.404296875000000333e-02 1.360644531250000000e+01 1.144335937500000000e+01 -7.800292968750000000e-01 1.151855468749999334e-01 -1.100585937500000000e+00
1.572949218749999933e-01 5.773925781250000000e-01 6.779296875000001554e-02 1.379394531250000000e+01 1.256835937500000000e+01 -3.019042968749999778e-01 -5.879394531249999556e-01 -1.538085937500000000e+00
3.472949218749999956e-01 8.273925781250000000e-01 4.779296874999999778e-02 1.079394531250000000e+01 1.056835937500000000e+01 5.480957031250000000e-01 -1.379394531250000000e-01 -5.380859375000000000e-01
4.422949218750000244e-01 7.023925781250000000e-01 3.779296875000000278e-02 1.529394531250000000e+01 9.568359375000000000e+00 -7.269042968750000222e-01 8.706054687499997780e-02 -1.038085937500000000e+00
2.522949218750000222e-01 9.523925781250000000e-01 5.779296875000000666e-02 1.229394531250000000e+01 1.156835937500000000e+01 1.230957031249999556e-01 -3.629394531249999778e-01 -3.808593750000000000e-02
2.997949218750000089e-01 6.398925781250000000e-01 4.279296875000000028e-02 1.304394531250000000e+01 9.068359375000000000e+00 -8.940429687500006661e-02 -4.754394531249999667e-01 -7.880859375000000000e-01
4.897949218750000111e-01 8.898925781250000000e-01 6.279296875000001110e-02 1.004394531250000000e+01 1.106835937500000000e+01 -9.394042968750000444e-01 -2.543945312500006661e-02 -1.788085937500000000e+00
3.947949218749999822e-01 5.148925781250000000e-01 5.279296875000000222e-02 1.454394531250000000e+01 1.206835937500000000e+01 3.355957031249998668e-01 1.995605468749999112e-01 -2.880859375000000000e-01
2.047949218749999800e-01 7.648925781250000000e-01 3.279296874999999833e-02 1.154394531250000000e+01 1.006835937500000000e+01 -5.144042968750000000e-01 -2.504394531249999889e-01 -1.288085937500000000e+00
1.810449218749999867e-01 7.336425781250000000e-01 5.529296875000000444e-02 1.041894531250000000e+01 1.081835937500000000e+01 -4.081542968750000444e-01 -6.441894531249999778e-01 -4.130859375000000000e-01
3.710449218749999889e-01 9.836425781250000000e-01 3.529296875000000056e-02 1.341894531250000000e+01 1.281835937500000000e+01 4.418457031250000444e-01 -1.941894531250000222e-01 -1.413085937500000000e+00
4.660449218750000178e-01 6.086425781250000000e-01 4.529296875000000250e-02 1.191894531250000000e+01 1.181835937500000000e+01 -8.331542968749999778e-01 3.081054687499995559e-02 -9.130859375000000000e-01
2.760449218749999600e-01 8.586425781250000000e-01 6.529296875000001332e-02 1.491894531250000000e+01 9.818359375000000000e+00 1.684570312500000000e-02 -4.191894531250000000e-01 -1.913085937500000000e+00
2.285449218750000011e-01 5.461425781250000000e-01 3.029296874999999958e-02 1.116894531250000000e+01 1.131835937500000000e+01 2.293457031249999112e-01 -5.316894531249999334e-01 -1.163085937500000000e+00
4.185449218749999756e-01 7.961425781250000000e-01 5.029296875000000000e-02 1.416894531250000000e+01 9.318359375000000000e+00 -6.206542968749999556e-01 -8.168945312499997780e-02 -1.630859375000000000e-01
3.235449218750000022e-01 6.711425781250000000e-01 6.029296875000000888e-02 1.266894531250000000e+01 1.031835937500000000e+01 6.543457031249999556e-01 1.433105468750000000e-01 -1.663085937500000000e+00
1.335449218750000000e-01 9.211425781250000000e-01 4.029296875000000500e-02 1.566894531250000000e+01 1.231835937500000000e+01 -1.956542968750000222e-01 -3.066894531250000111e-01 -6.630859375000000000e-01
1.394824218749999845e-01 5.539550781250000000e-01 5.841796875000000722e-02 1.220019531250000000e+01 9.380859375000000000e+00 -9.716796875000044409e-03 4.487304687499993339e-02 -1.381835937500000000e+00
3.294824218749999867e-01 8.039550781250000000e-01 3.841796875000000333e-02 1.520019531250000000e+01 1.138085937500000000e+01 -8.597167968750000222e-01 -4.051269531249999667e-01 -3.818359375000000000e-01
4.244824218750000155e-01 6.789550781250000000e-01 4.841796874999999833e-02 1.070019531250000000e+01 1.238085937500000000e+01 4.152832031250000000e-01 -6.301269531250000000e-01 -1.881835937500000000e+00
2.344824218750000133e-01 9.289550781250000000e-01 6.841796875000000222e-02 1.370019531250000000e+01 1.038085937500000000e+01 -4.347167968749999778e-01 -1.801269531250000444e-01 -8.818359375000000000e-01
2.819824218750000000e-01 7.414550781250000000e-01 3.341796874999999889e-02 1.295019531250000000e+01 1.288085937500000000e+01 -2.222167968750000666e-01 1.573730468749999778e-01 -1.318359375000000000e-01
4.719824218750000022e-01 9.914550781250000000e-01 5.341796875000000278e-02 1.595019531250000000e+01 1.088085937500000000e+01 6.277832031249999112e-01 -2.926269531249999778e-01 -1.131835937500000000e+00
3.769824218749999734e-01 6.164550781250000000e-01 6.341796874999999778e-02 1.145019531250000000e+01 9.880859375000000000e+00 -6.472167968750000000e-01 -5.176269531249999556e-01 -6.318359375000000000e-01
1.869824218749999989e-01 8.664550781250000000e-01 4.341796875000000083e-02 1.445019531250000000e+01 1.188085937500000000e+01 2.027832031249998668e-01 -6.762695312500000000e-02 -1.631835937500000000e+00
2.107324218749999922e-01 6.477050781250000000e-01 6.591796875000000000e-02 1.557519531250000000e+01 1.113085937500000000e+01 9.653320312499991118e-02 -1.137695312499997780e-02 -5.068359375000000000e-01
4.007324218750000222e-01 8.977050781250000000e-01 4.591796875000000305e-02 1.257519531250000000e+01 9.130859375000000000e+00 -7.534667968749999556e-01 -4.613769531249999889e-01 -1.506835937500000000e+00
4.957324218749999956e-01 5.227050781250000000e-01 3.591796875000000111e-02 1.407519531250000000e+01 1.013085937500000000e+01 5.215332031249999556e-01 -6.863769531249999112e-01 -6.835937500000000000e-03
3.057324218749999933e-01 7.727050781250000000e-01 5.591796875000000500e-02 1.107519531250000000e+01 1.213085937500000000e+01 -3.284667968750000222e-01 -2.363769531250000111e-01 -1.006835937500000000e+00
2.582324218750000067e-01 5.852050781250000000e-01 4.091796874999999861e-02 1.482519531250000000e+01 1.063085937500000000e+01 -5.409667968750000444e-01 1.011230468749999556e-01 -1.756835937500000000e+00
4.482324218750000089e-01 8.352050781250000000e-01 6.091796875000000944e-02 1.182519531250000000e+01 1.263085937500000000e+01 3.090332031250000444e-01 -3.488769531250000000e-01 -7.568359375000000000e-01
3.532324218750000355e-01 7.102050781250000000e-01 5.091796875000000056e-02 1.332519531250000000e+01 1.163085937500000000e+01 -9.659667968749999778e-01 -5.738769531249999778e-01 -1.256835937500000000e+00
1.632324218750000056e-01 9.602050781250000000e-01 3.091796875000000014e-02 1.032519531250000000e+01 9.630859375000000000e+00 -1.159667968750000000e-01 -1.238769531250000222e-01 -2.568359375000000000e-01
1.513574218750000089e-01 6.945800781250000000e-01 4.716796874999999722e-02 1.126269531250000000e+01 1.025585937500000000e+01 3.621582031249999112e-01 -3.770019531250000111e-01 -8.193359375000000000e-01
3.413574218750000111e-01 9.445800781250000000e-01 6.716796875000000111e-02 1.426269531250000000e+01 1.225585937500000000e+01 -4.878417968750000666e-01 7.299804687500000000e-02 -1.819335937500000000e+00
4.363574218749999845e-01 5.695800781250000000e-01 5.716796875000000611e-02 1.276269531250000000e+01 1.125585937500000000e+01 -6.284179687500002220e-02 -1.520019531249999778e-01 -3.193359375000000000e-01
2.463574218750000100e-01 8.195800781250000000e-01 3.716796875000000222e-02 1.576269531250000000e+01 9.255859375000000000e+00 -9.128417968750000000e-01 -6.020019531249999334e-01 -1.319335937500000000e+00
2.938574218749999689e-01 5.070800781250000000e-01 6.216796875000000361e-02 1.051269531250000000e+01 1.175585937500000000e+01 -7.003417968750000888e-01 -2.645019531250000222e-01 -1.569335937500000000e+00
4.838574218750000266e-01 7.570800781250000000e-01 4.216796874999999972e-02 1.351269531250000000e+01 9.755859375000000000e+00 1.496582031250000000e-01 1.854980468749999334e-01 -5.693359375000000000e-01
3.888574218749999978e-01 6.320800781250000000e-01 3.216796874999999778e-02 1.201269531250000000e+01 1.075585937500000000e+01 -2.753417968750000444e-01 -3.950195312500004441e-02 -1.069335937500000000e+00
1.988574218749999956e-01 8.820800781250000000e-01 5.216796875000000167e-02 1.501269531250000000e+01 1.275585937500000000e+01 5.746582031250000444e-01 -4.895019531250000000e-01 -6.933593750000000000e-02
1.751074218750000022e-01 6.008300781250000000e-01 3.966796875000000444e-02 1.313769531250000000e+01 1.200585937500000000e+01 6.809082031250000000e-01 -4.332519531249999778e-01 -1.194335937500000000e+00
3.651074218750000044e-01 8.508300781250000000e-01 5.966796875000000833e-02 1.013769531250000000e+01 1.000585937500000000e+01 -1.690917968749999778e-01 1.674804687499997780e-02 -1.943359375000000000e-01
4.601074218749999778e-01 7.258300781250000000e-01 6.966796875000000333e-02 1.463769531250000000e+01 9.005859375000000000e+00 2.559082031249999556e-01 -2.082519531250000000e-01 -1.694335937500000000e+00
2.701074218750000311e-01 9.758300781250000000e-01 4.966796874999999944e-02 1.163769531250000000e+01 1.100585937500000000e+01 -5.940917968750000222e-01 -6.582519531249999556e-01 -6.943359375000000000e-01
2.226074218749999889e-01 6.633300781250000000e-01 5.466796875000000389e-02 1.388769531250000000e+01 9.505859375000000000e+00 -8.065917968750000444e-01 -3.207519531249999889e-01 -4.443359375000000000e-01
4.126074218749999911e-01 9.133300781250000000e-01 3.466796875000000000e-02 1.088769531250000000e+01 1.150585937500000000e+01 4.340820312500004441e-02 1.292480468749999112e-01 -1.444335937500000000e+00
3.176074218750000178e-01 5.383300781250000000e-01 4.466796875000000194e-02 1.538769531250000000e+01 1.250585937500000000e+01 -3.815917968750000000e-01 -9.575195312500006661e-02 -9.443359375000000000e-01
1.276074218749999878e-01 7.883300781250000000e-01 6.466796874999999889e-02 1.238769531250000000e+01 1.050585937500000000e+01 4.684082031249998668e-01 -5.457519531249999112e-01 -1.944335937500000000e+00
1.305761718750000078e-01 6.125488281250000000e-01 4.435546875000000167e-02 1.018457031250000000e+01 1.141210937500000000e+01 5.879394531249999556e-01 1.503417968749999334e-01 -1.366210937500000000e+00
3.205761718749999822e-01 8.625488281250000000e-01 6.435546875000000555e-02 1.318457031250000000e+01 9.412109375000000000e+00 -2.620605468750000222e-01 -2.996582031250000222e-01 -3.662109375000000000e-01
4.155761718750000111e-01 7.375488281250000000e-01 5.435546875000000361e-02 1.168457031250000000e+01 1.041210937500000000e+01 1.629394531249999112e-01 -5.246582031250000000e-01 -1.866210937500000000e+00
2.255761718750000089e-01 9.875488281250000000e-01 3.435546874999999972e-02 1.468457031250000000e+01 1.241210937500000000e+01 -6.870605468749999556e-01 -7.465820312500004441e-02 -8.662109375000000000e-01
2.730761718749999956e-01 6.750488281250000000e-01 6.935546875000000999e-02 1.093457031250000000e+01 1.091210937500000000e+01 -8.995605468749999778e-01 3.784179687500000000e-02 -1.162109375000000000e-01
4.630761718749999978e-01 9.250488281250000000e-01 4.935546875000000611e-02 1.393457031250000000e+01 1.291210937500000000e+01 -4.956054687500000000e-02 -4.121582031250000111e-01 -1.116210937500000000e+00
3.680761718749999689e-01 5.500488281250000000e-01 3.935546874999999722e-02 1.243457031250000000e+01 1.191210937500000000e+01 -4.745605468750000444e-01 -6.371582031249999334e-01 -6.162109375000000000e-01
1.780761718749999944e-01 8.000488281250000000e-01 5.935546875000000111e-02 1.543457031250000000e+01 9.912109375000000000e+00 3.754394531250000444e-01 -1.871582031249999778e-01 -1.616210937500000000e+00
2.018261718750000155e-01 7.062988281250000000e-01 3.185546874999999750e-02 1.430957031250000000e+01 9.162109375000000000e+00 4.816894531250000000e-01 9.409179687499991118e-02 -7.412109375000000000e-01
3.918261718750000178e-01 9.562988281250000000e-01 5.185546875000000833e-02 1.130957031250000000e+01 1.116210937500000000e+01 -3.683105468749999778e-01 -3.559082031249999889e-01 -1.741210937500000000e+00
4.868261718749999911e-01 5.812988281250000000e-01 6.185546875000000333e-02 1.580957031250000000e+01 1.216210937500000000e+01 5.668945312499995559e-02 -5.809082031249999112e-01 -2.412109375000000000e-01
2.968261718749999889e-01 8.312988281250000000e-01 4.185546874999999944e-02 1.280957031250000000e+01 1.016210937500000000e+01 -7.933105468750000222e-01 -1.309082031250000666e-01 -1.241210937500000000e+00
2.493261718750000022e-01 5.187988281250000000e-01 5.685546875000000583e-02 1.355957031250000000e+01 1.266210937500000000e+01 -5.808105468750000000e-01 -1.840820312500002220e-02 -1.991210937500000000e+00
4.393261718750000044e-01 7.687988281250000000e-01 3.685546875000000194e-02 1.055957031250000000e+01 1.066210937500000000e+01 2.691894531249998668e-01 -4.684082031249999778e-01 -9.912109375000000000e-01
3.443261718750000311e-01 6.437988281250000000e-01 4.685546875000000389e-02 1.505957031250000000e+01 9.662109375000000000e+00 -1.558105468750000666e-01 -6.934082031249999556e-01 -1.491210937500000000e+00
1.543261718750000011e-01 8.937988281250000000e-01 6.685546875000000777e-02 1.205957031250000000e+01 1.166210937500000000e+01 6.941894531249999112e-01 -2.434082031250000000e-01 -4.912109375000000000e-01
1.662011718749999978e-01 6.281738281250000000e-01 5.060546875000000722e-02 1.262207031250000000e+01 1.228710937500000000e+01 2.160644531250000000e-01 -2.715332031250000111e-01 -9.287109375000000000e-01
3.562011718750000000e-01 8.781738281250000000e-01 3.060546874999999986e-02 1.562207031250000000e+01 1.028710937500000000e+01 -6.339355468750000888e-01 1.784667968750000000e-01 -1.928710937500000000e+00
4.512011718749999734e-01 5.031738281250000000e-01 4.060546874999999833e-02 1.112207031250000000e+01 9.287109375000000000e+00 6.410644531250000444e-01 -4.653320312499997780e-02 -4.287109375000000000e-01
2.612011718750000266e-01 7.531738281250000000e-01 6.060546875000000222e-02 1.412207031250000000e+01 1.128710937500000000e+01 -2.089355468750000444e-01 -4.965332031249999889e-01 -1.428710937500000000e+00
3.087011718750000133e-01 5.656738281250000000e-01 3.560546875000000083e-02 1.187207031250000000e+01 9.787109375000000000e+00 -4.214355468750000666e-01 -3.840332031250000000e-01 -1.678710937500000000e+00
4.987011718750000155e-01 8.156738281250000000e-01 5.560546875000000472e-02 1.487207031250000000e+01 1.178710937500000000e+01 4.285644531249999112e-01 6.596679687499995559e-02 -6.787109375000000000e-01
4.037011718749999867e-01 6.906738281250000000e-01 6.560546875000000666e-02 1.037207031250000000e+01 1.278710937500000000e+01 -8.464355468750000000e-01 -1.590332031250000222e-01 -1.178710937500000000e+00
2.137011718749999845e-01 9.406738281250000000e-01 4.560546875000000278e-02 1.337207031250000000e+01 1.078710937500000000e+01 3.564453124999866773e-03 -6.090332031249999778e-01 -1.787109375000000000e-01
1.899511718749999911e-01 5.344238281250000000e-01 6.310546875000000444e-02 1.524707031250000000e+01 1.003710937500000000e+01 -1.026855468749999778e-01 -3.277832031249999778e-01 -1.053710937500000000e+00
3.799511718749999933e-01 7.844238281250000000e-01 4.310546875000000056e-02 1.224707031250000000e+01 1.203710937500000000e+01 -9.526855468749999556e-01 1.222167968749999778e-01 -5.371093750000000000e-02
4.749511718750000222e-01 6.594238281250000000e-01 3.310546874999999861e-02 1.374707031250000000e+01 1.103710937500000000e+01 3.223144531249999556e-01 -1.027832031250000000e-01 -1.553710937500000000e+00
2.849511718749999645e-01 9.094238281250000000e-01 5.310546875000000250e-02 1.074707031250000000e+01 9.037109375000000000e+00 -5.276855468750000222e-01 -5.527832031249999556e-01 -5.537109375000000000e-01
2.374511718749999778e-01 7.219238281250000000e-01 4.810546875000000500e-02 1.599707031250000000e+01 1.153710937500000000e+01 -3.151855468750000000e-01 -4.402832031249999667e-01 -3.037109375000000000e-01
4.274511718749999800e-01 9.719238281250000000e-01 6.810546875000000888e-02 1.299707031250000000e+01 9.537109375000000000e+00 5.348144531249998668e-01 9.716796874999933387e-03 -1.303710937500000000e+00
3.324511718750000067e-01 5.969238281250000000e-01 5.810546875000000000e-02 1.449707031250000000e+01 1.053710937500000000e+01 -7.401855468750000444e-01 -2.152832031249999889e-01 -8.037109375000000000e-01
1.424511718750000044e-01 8.469238281250000000e-01 3.810546875000000305e-02 1.149707031250000000e+01 1.253710937500000000e+01 1.098144531250000444e-01 -6.652832031250000000e-01 -1.803710937500000000e+00
1.365136718749999922e-01 7.453613281250000000e-01 6.123046875000000278e-02 1.346582031250000000e+01 9.724609375000000000e+00 -5.011230468750000888e-01 -6.059570312500006661e-02 -2.246093750000000000e-02
3.265136718750000222e-01 9.953613281250000000e-01 4.123046874999999889e-02 1.046582031250000000e+01 1.172460937500000000e+01 3.488769531250000000e-01 -5.105957031249999112e-01 -1.022460937500000000e+00
4.215136718749999956e-01 6.203613281250000000e-01 3.123046875000000042e-02 1.496582031250000000e+01 1.272460937500000000e+01 -9.261230468750000222e-01 -2.855957031249999889e-01 -5.224609375000000000e-01
2.315136718749999933e-01 8.703613281250000000e-01 5.123046875000000777e-02 1.196582031250000000e+01 1.072460937500000000e+01 -7.612304687500004441e-02 1.644042968749999112e-01 -1.522460937500000000e+00
2.790136718750000355e-01 5.578613281250000000e-01 4.623046875000000333e-02 1.421582031250000000e+01 1.222460937500000000e+01 1.363769531249998668e-01 -1.730957031250000000e-01 -1.272460937500000000e+00
4.690136718749999822e-01 8.078613281250000000e-01 6.623046875000000722e-02 1.121582031250000000e+01 1.022460937500000000e+01 -7.136230468750000000e-01 -6.230957031249999556e-01 -2.724609375000000000e-01
3.740136718750000089e-01 6.828613281250000000e-01 5.623046875000000527e-02 1.571582031250000000e+01 9.224609375000000000e+00 5.613769531249999112e-01 -3.980957031249999778e-01 -1.772460937500000000e+00
1.840136718750000067e-01 9.328613281250000000e-01 3.623046875000000139e-02 1.271582031250000000e+01 1.122460937500000000e+01 -2.886230468750000666e-01 5.190429687499997780e-02 -7.724609375000000000e-01
2.077636718750000000e-01 5.891113281250000000e-01 5.373046875000000305e-02 1.084082031250000000e+01 1.197460937500000000e+01 -1.823730468750000000e-01 -1.168457031249999778e-01 -1.897460937500000000e+00
3.977636718750000022e-01 8.391113281250000000e-01 3.373046874999999917e-02 1.384082031250000000e+01 9.974609375000000000e+00 6.676269531249998668e-01 -5.668457031249999334e-01 -8.974609375000000000e-01
4.927636718749999756e-01 7.141113281250000000e-01 4.373046875000000111e-02 1.234082031250000000e+01 1.097460937500000000e+01 -6.073730468750000444e-01 -3.418457031250000111e-01 -1.397460937500000000e+00
3.027636718749999734e-01 9.641113281250000000e-01 6.373046875000000500e-02 1.534082031250000000e+01 1.297460937500000000e+01 2.426269531250000444e-01 1.081542968750000000e-01 -3.974609375000000000e-01
2.552636718749999867e-01 6.516113281250000000e-01 3.873046874999999667e-02 1.009082031250000000e+01 1.047460937500000000e+01 3.012695312499991118e-02 -2.293457031250000222e-01 -6.474609375000000000e-01
4.452636718749999889e-01 9.016113281250000000e-01 5.873046875000000056e-02 1.309082031250000000e+01 1.247460937500000000e+01 -8.198730468749999556e-01 -6.793457031249999778e-01 -1.647460937500000000e+00
3.502636718749999600e-01 5.266113281250000000e-01 6.873046875000000944e-02 1.159082031250000000e+01 1.147460937500000000e+01 4.551269531249999556e-01 -4.543457031250000000e-01 -1.474609375000000000e-01
1.602636718750000133e-01 7.766113281250000000e-01 4.873046875000000555e-02 1.459082031250000000e+01 9.474609375000000000e+00 -3.948730468750000222e-01 -4.345703125000044409e-03 -1.147460937500000000e+00
1.483886718749999889e-01 5.109863281250000000e-01 3.498046875000000028e-02 1.590332031250000000e+01 1.059960937500000000e+01 -8.729980468750000444e-01 -4.824707031249999556e-01 -1.709960937500000000e+00
3.383886718749999911e-01 7.609863281250000000e-01 5.498046875000000416e-02 1.290332031250000000e+01 1.259960937500000000e+01 -2.299804687500006661e-02 -3.247070312500000000e-02 -7.099609375000000000e-01
4.333886718750000200e-01 6.359863281250000000e-01 6.498046875000000611e-02 1.440332031250000000e+01 1.159960937500000000e+01 -4.479980468750000000e-01 1.925292968749999778e-01 -1.209960937500000000e+00
2.433886718750000178e-01 8.859863281250000000e-01 4.498046875000000222e-02 1.140332031250000000e+01 9.599609375000000000e+00 4.020019531249998668e-01 -2.574707031249999778e-01 -2.099609375000000000e-01
2.908886718750000044e-01 6.984863281250000000e-01 5.998046875000000167e-02 1.515332031250000000e+01 1.109960937500000000e+01 6.145019531250000000e-01 -5.949707031250000000e-01 -9.599609375000000000e-01
4.808886718750000067e-01 9.484863281250000000e-01 3.998046874999999778e-02 1.215332031250000000e+01 9.099609375000000000e+00 -2.354980468749999778e-01 -1.449707031250000444e-01 -1.959960937500000000e+00
3.858886718749999778e-01 5.734863281250000000e-01 4.998046875000000666e-02 1.365332031250000000e+01 1.009960937500000000e+01 1.895019531249999556e-01 8.002929687499993339e-02 -4.599609375000000000e-01
1.958886718750000033e-01 8.234863281250000000e-01 6.998046874999999667e-02 1.065332031250000000e+01 1.209960937500000000e+01 -6.604980468750000222e-01 -3.699707031249999667e-01 -1.459960937500000000e+00
1.721386718749999822e-01 6.672363281250000000e-01 4.248046875000000000e-02 1.177832031250000000e+01 1.284960937500000000e+01 -7.667480468749999778e-01 -5.387207031249999778e-01 -3.349609375000000000e-01
3.621386718750000400e-01 9.172363281250000000e-01 6.248046875000000389e-02 1.477832031250000000e+01 1.084960937500000000e+01 8.325195312500000000e-02 -8.872070312500002220e-02 -1.334960937500000000e+00
4.571386718750000133e-01 5.422363281250000000e-01 5.248046875000000194e-02 1.027832031250000000e+01 9.849609375000000000e+00 -3.417480468750000444e-01 1.362792968749999556e-01 -8.349609375000000000e-01
2.671386718750000111e-01 7.922363281250000000e-01 3.248046874999999806e-02 1.327832031250000000e+01 1.184960937500000000e+01 5.082519531250000444e-01 -3.137207031250000000e-01 -1.834960937500000000e+00
2.196386718749999967e-01 6.047363281250000000e-01 6.748046875000000833e-02 1.252832031250000000e+01 9.349609375000000000e+00 2.957519531249999112e-01 -6.512207031249999112e-01 -1.084960937500000000e+00
4.096386718750000266e-01 8.547363281250000000e-01 4.748046875000000444e-02 1.552832031250000000e+01 1.134960937500000000e+01 -5.542480468749999556e-01 -2.012207031250000111e-01 -8.496093750000000000e-02
3.146386718749999978e-01 7.297363281250000000e-01 3.748046875000000250e-02 1.102832031250000000e+01 1.234960937500000000e+01 -1.292480468750000222e-01 2.377929687500002220e-02 -1.584960937500000000e+00
1.246386718749999956e-01 9.797363281250000000e-01 5.748046874999999944e-02 1.402832031250000000e+01 1.034960937500000000e+01 -9.792480468750000000e-01 -4.262207031249999889e-01 -5.849609375000000000e-01
1.231542968749999994e-01 5.207519531250000000e-01 6.513671875000000278e-02 1.133300781250000000e+01 1.242773437500000000e+01 -4.015136718749999778e-01 9.057617187500000000e-02 -7.646484375000000000e-01
3.131542968749999600e-01 7.707519531250000000e-01 4.513671874999999889e-02 1.433300781250000000e+01 1.042773437500000000e+01 4.484863281250000000e-01 -3.594238281250000111e-01 -1.764648437500000000e+00
4.081542968749999889e-01 6.457519531250000000e-01 3.513671874999999695e-02 1.283300781250000000e+01 9.427734375000000000e+00 -8.265136718750000222e-01 -5.844238281249999334e-01 -2.646484375000000000e-01
2.181542968749999867e-01 8.957519531250000000e-01 5.513671875000000777e-02 1.583300781250000000e+01 1.142773437500000000e+01 2.348632812499995559e-02 -1.344238281249999778e-01 -1.264648437500000000e+00
2.656542968749999734e-01 7.082519531250000000e-01 4.013671875000000139e-02 1.058300781250000000e+01 9.927734375000000000e+00 2.359863281249998668e-01 -2.192382812500004441e-02 -1.514648437500000000e+00
4.556542968749999756e-01 9.582519531250000000e-01 6.013671875000000527e-02 1.358300781250000000e+01 1.192773437500000000e+01 -6.140136718750000000e-01 -4.719238281250000000e-01 -5.146484375000000000e-01
3.606542968750000022e-01 5.832519531250000000e-01 5.013671875000000333e-02 1.208300781250000000e+01 1.292773437500000000e+01 6.609863281249999112e-01 -6.969238281249999778e-01 -1.014648437500000000e+00
1.706542968750000000e-01 8.332519531250000000e-01 3.013671874999999944e-02 1.508300781250000000e+01 1.092773437500000000e+01 -1.890136718750000666e-01 -2.469238281250000222e-01 -1.464843750000000000e-02
1.944042968749999933e-01 6.770019531250000000e-01 5.763671875000000305e-02 1.320800781250000000e+01 1.017773437500000000e+01 -2.952636718750000222e-01 1.468261718749999112e-01 -1.139648437500000000e+00
3.844042968749999956e-01 9.270019531250000000e-01 3.763671874999999917e-02 1.020800781250000000e+01 1.217773437500000000e+01 5.547363281249999556e-01 -3.031738281249999889e-01 -1.396484375000000000e-01
4.794042968750000244e-01 5.520019531250000000e-01 4.763671875000000111e-02 1.470800781250000000e+01 1.117773437500000000e+01 -7.202636718749999556e-01 -5.281738281249999112e-01 -1.639648437500000000e+00
2.894042968750000222e-01 8.020019531250000000e-01 6.763671875000000500e-02 1.170800781250000000e+01 9.177734375000000000e+00 1.297363281249999112e-01 -7.817382812500006661e-02 -6.396484375000000000e-01
2.419042968749999800e-01 6.145019531250000000e-01 3.263671875000000167e-02 1.395800781250000000e+01 1.167773437500000000e+01 -8.276367187500000000e-02 3.432617187499997780e-02 -3.896484375000000000e-01
4.319042968749999822e-01 8.645019531250000000e-01 5.263671875000000555e-02 1.095800781250000000e+01 9.677734375000000000e+00 -9.327636718749999778e-01 -4.156738281249999778e-01 -1.389648437500000000e+00
3.369042968750000089e-01 7.395019531250000000e-01 6.263671875000001443e-02 1.545800781250000000e+01 1.067773437500000000e+01 3.422363281250000444e-01 -6.406738281249999556e-01 -8.896484375000000000e-01
1.469042968750000067e-01 9.895019531250000000e-01 4.263671875000000361e-02 1.245800781250000000e+01 1.267773437500000000e+01 -5.077636718750000444e-01 -1.906738281250000000e-01 -1.889648437500000000e+00
1.587792968750000033e-01 7.238769531250000000e-01 3.888671875000000028e-02 1.189550781250000000e+01 1.130273437500000000e+01 -9.858886718749999556e-01 -3.312988281250000000e-01 -1.452148437500000000e+00
3.487792968749999778e-01 9.738769531250000000e-01 5.888671875000000416e-02 1.489550781250000000e+01 9.302734375000000000e+00 -1.358886718749999778e-01 1.187011718749999556e-01 -4.521484375000000000e-01
4.437792968750000067e-01 5.988769531250000000e-01 6.888671875000000611e-02 1.039550781250000000e+01 1.030273437500000000e+01 -5.608886718750000222e-01 -1.062988281250000222e-01 -1.952148437500000000e+00
2.537792968750000044e-01 8.488769531250000000e-01 4.888671875000000222e-02 1.339550781250000000e+01 1.230273437500000000e+01 2.891113281249999556e-01 -5.562988281249999778e-01 -9.521484375000000000e-01
3.012792968749999911e-01 5.363769531250000000e-01 5.388671875000000666e-02 1.264550781250000000e+01 1.080273437500000000e+01 5.016113281249998668e-01 -4.437988281249999889e-01 -2.021484375000000000e-01
4.912792968749999933e-01 7.863769531250000000e-01 3.388671875000000278e-02 1.564550781250000000e+01 1.280273437500000000e+01 -3.483886718750000000e-01 6.201171875000022204e-03 -1.202148437500000000e+00
3.962792968750000200e-01 6.613769531250000000e-01 4.388671874999999778e-02 1.114550781250000000e+01 1.180273437500000000e+01 7.661132812500004441e-02 -2.187988281250000111e-01 -7.021484375000000000e-01
2.062792968749999900e-01 9.113769531250000000e-01 6.388671875000001554e-02 1.414550781250000000e+01 9.802734375000000000e+00 -7.733886718750000444e-01 -6.687988281249999112e-01 -1.702148437500000000e+00
1.825292968749999967e-01 5.676269531250000000e-01 4.638671875000000000e-02 1.527050781250000000e+01 9.052734375000000000e+00 -6.671386718750000888e-01 -2.750488281249999778e-01 -5.771484375000000000e-01
3.725292968749999711e-01 8.176269531250000000e-01 6.638671875000000389e-02 1.227050781250000000e+01 1.105273437500000000e+01 1.828613281250000000e-01 1.749511718749999778e-01 -1.577148437500000000e+00
4.675292968750000000e-01 6.926269531250000000e-01 5.638671875000000888e-02 1.377050781250000000e+01 1.205273437500000000e+01 -2.421386718750000444e-01 -5.004882812500000000e-02 -7.714843750000000000e-02
2.775292968749999978e-01 9.426269531250000000e-01 3.638671874999999806e-02 1.077050781250000000e+01 1.005273437500000000e+01 6.078613281250000444e-01 -5.000488281249999556e-01 -1.077148437500000000e+00
2.300292968750000111e-01 6.301269531250000000e-01 6.138671875000000638e-02 1.452050781250000000e+01 1.255273437500000000e+01 3.953613281249999112e-01 -3.875488281249999667e-01 -1.827148437500000000e+00
4.200292968750000133e-01 8.801269531250000000e-01 4.138671875000000250e-02 1.152050781250000000e+01 1.055273437500000000e+01 -4.546386718750000666e-01 6.245117187499993339e-02 -8.271484375000000000e-01
3.250292968749999845e-01 5.051269531250000000e-01 3.138671875000000056e-02 1.302050781250000000e+01 9.552734375000000000e+00 -2.963867187500002220e-02 -1.625488281250000444e-01 -1.327148437500000000e+00
1.350292968749999822e-01 7.551269531250000000e-01 5.138671875000000444e-02 1.002050781250000000e+01 1.155273437500000000e+01 -8.796386718750000000e-01 -6.125488281250000000e-01 -3.271484375000000000e-01
1.409667968749999944e-01 6.535644531250000000e-01 4.951171875000000278e-02 1.405175781250000000e+01 1.074023437500000000e+01 6.875488281249999556e-01 -1.203613281250000000e-01 -1.608398437500000000e+00
3.309667968749999689e-01 9.035644531250000000e-01 6.951171875000000666e-02 1.105175781250000000e+01 1.274023437500000000e+01 -1.624511718750000222e-01 -5.703613281249999556e-01 -6.083984375000000000e-01
4.259667968749999978e-01 5.285644531250000000e-01 5.951171875000000472e-02 1.555175781250000000e+01 1.174023437500000000e+01 2.625488281249999112e-01 -3.453613281249999778e-01 -1.108398437500000000e+00
2.359667968749999956e-01 7.785644531250000000e-01 3.951171875000000083e-02 1.255175781250000000e+01 9.740234375000000000e+00 -5.874511718749999556e-01 1.046386718749999778e-01 -1.083984375000000000e-01
2.834667968749999822e-01 5.910644531250000000e-01 6.451171875000000222e-02 1.330175781250000000e+01 1.124023437500000000e+01 -7.999511718749999778e-01 -2.328613281249999889e-01 -8.583984375000000000e-01
4.734667968749999845e-01 8.410644531250000000e-01 4.451171874999999833e-02 1.030175781250000000e+01 9.240234375000000000e+00 5.004882812500000000e-02 -6.828613281250000000e-01 -1.858398437500000000e+00
3.784667968750000111e-01 7.160644531250000000e-01 3.451171875000000333e-02 1.480175781250000000e+01 1.024023437500000000e+01 -3.749511718750000444e-01 -4.578613281249999667e-01 -3.583984375000000000e-01
1.884667968750000089e-01 9.660644531250000000e-01 5.451171875000000722e-02 1.180175781250000000e+01 1.224023437500000000e+01 4.750488281250000444e-01 -7.861328125000066613e-03 -1.358398437500000000e+00
2.122167968750000022e-01 5.598144531250000000e-01 3.701171874999999861e-02 1.067675781250000000e+01 1.299023437500000000e+01 3.687988281249998668e-01 -6.411132812499997780e-02 -4.833984375000000000e-01
4.022167968750000044e-01 8.098144531250000000e-01 5.701171875000000250e-02 1.367675781250000000e+01 1.099023437500000000e+01 -4.812011718750000000e-01 -5.141113281249999334e-01 -1.483398437500000000e+00
4.972167968749999778e-01 6.848144531250000000e-01 6.701171875000000444e-02 1.217675781250000000e+01 9.990234375000000000e+00 -5.620117187500006661e-02 -2.891113281250000111e-01 -9.833984375000000000e-01
3.072167968750000311e-01 9.348144531250000000e-01 4.701171875000000056e-02 1.517675781250000000e+01 1.199023437500000000e+01 -9.062011718750000444e-01 1.608886718750000000e-01 -1.983398437500000000e+00
2.597167968749999889e-01 7.473144531250000000e-01 5.201171875000000500e-02 1.142675781250000000e+01 9.490234375000000000e+00 -6.937011718750000222e-01 -1.766113281250000222e-01 -1.233398437500000000e+00
4.497167968749999911e-01 9.973144531250000000e-01 3.201171875000000111e-02 1.442675781250000000e+01 1.149023437500000000e+01 1.562988281249999556e-01 -6.266113281249999778e-01 -2.333984375000000000e-01
3.547167968750000178e-01 6.223144531250000000e-01 4.201171875000000305e-02 1.292675781250000000e+01 1.249023437500000000e+01 -2.687011718749999778e-01 -4.016113281250000000e-01 -1.733398437500000000e+00
1.647167968749999878e-01 8.723144531250000000e-01 6.201171875000000694e-02 1.592675781250000000e+01 1.049023437500000000e+01 5.812988281250000000e-01 4.838867187499995559e-02 -7.333984375000000000e-01
1.528417968749999911e-01 6.066894531250000000e-01 5.576171875000000833e-02 1.461425781250000000e+01 9.615234375000000000e+00 1.031738281249998668e-01 -5.422363281250000000e-01 -1.708984375000000000e-01
3.428417968749999933e-01 8.566894531250000000e-01 3.576171874999999750e-02 1.161425781250000000e+01 1.161523437500000000e+01 -7.468261718750000000e-01 -9.223632812500004441e-02 -1.170898437500000000e+00
4.378417968750000222e-01 7.316894531250000000e-01 4.576171874999999944e-02 1.311425781250000000e+01 1.261523437500000000e+01 5.281738281249999112e-01 1.327636718749999334e-01 -6.708984375000000000e-01
2.478417968749999922e-01 9.816894531250000000e-01 6.576171875000000333e-02 1.011425781250000000e+01 1.061523437500000000e+01 -3.218261718750000666e-01 -3.172363281249999667e-01 -1.670898437500000000e+00
2.953417968750000067e-01 6.691894531250000000e-01 3.076171875000000000e-02 1.536425781250000000e+01 1.211523437500000000e+01 -5.343261718750000888e-01 -6.547363281249999334e-01 -1.420898437500000000e+00
4.853417968750000089e-01 9.191894531250000000e-01 5.076171875000000389e-02 1.236425781250000000e+01 1.011523437500000000e+01 3.156738281250000000e-01 -2.047363281249999778e-01 -4.208984375000000000e-01
3.903417968749999800e-01 5.441894531250000000e-01 6.076171875000000583e-02 1.386425781250000000e+01 9.115234375000000000e+00 -9.593261718750000222e-01 2.026367187500000000e-02 -1.920898437500000000e+00
2.003417968749999778e-01 7.941894531250000000e-01 4.076171875000000194e-02 1.086425781250000000e+01 1.111523437500000000e+01 -1.093261718750000444e-01 -4.297363281249999556e-01 -9.208984375000000000e-01
1.765917968749999845e-01 7.004394531250000000e-01 6.826171875000000555e-02 1.273925781250000000e+01 1.186523437500000000e+01 -3.076171874999977796e-03 -4.859863281249999778e-01 -1.795898437500000000e+00
3.665917968749999867e-01 9.504394531250000000e-01 4.826171875000000167e-02 1.573925781250000000e+01 9.865234375000000000e+00 -8.530761718749999556e-01 -3.598632812500002220e-02 -7.958984375000000000e-01
4.615917968750000155e-01 5.754394531250000000e-01 3.826171874999999972e-02 1.123925781250000000e+01 1.086523437500000000e+01 4.219238281249999556e-01 1.890136718749999556e-01 -1.295898437500000000e+00
2.715917968750000133e-01 8.254394531250000000e-01 5.826171875000000361e-02 1.423925781250000000e+01 1.286523437500000000e+01 -4.280761718750000222e-01 -2.609863281250000000e-01 -2.958984375000000000e-01
2.240917968749999989e-01 5.129394531250000000e-01 4.326171874999999722e-02 1.198925781250000000e+01 1.036523437500000000e+01 -2.155761718750000000e-01 -5.984863281249999112e-01 -5.458984375000000000e-01
4.140917968749999734e-01 7.629394531250000000e-01 6.326171875000000111e-02 1.498925781250000000e+01 1.236523437500000000e+01 6.344238281249998668e-01 -1.484863281249999556e-01 -1.545898437500000000e+00
3.190917968750000000e-01 6.379394531250000000e-01 5.326171875000000611e-02 1.048925781250000000e+01 1.136523437500000000e+01 -6.405761718750000444e-01 7.651367187500002220e-02 -4.589843750000000000e-02
1.290917968749999978e-01 8.879394531250000000e-01 3.326171875000000222e-02 1.348925781250000000e+01 9.365234375000000000e+00 2.094238281250000444e-01 -3.734863281249999889e-01 -1.045898437500000000e+00
1.261230468750000056e-01 7.121582031250000000e-01 5.294921874999999889e-02 1.578613281250000000e+01 1.270898437500000000e+01 -1.226074218750000666e-01 -2.258300781250000000e-01 -1.655273437500000000e+00
3.161230468750000355e-01 9.621582031250000000e-01 3.294921875000000194e-02 1.278613281250000000e+01 1.070898437500000000e+01 -9.726074218750000444e-01 -6.758300781249999556e-01 -6.552734375000000000e-01
4.111230468750000089e-01 5.871582031250000000e-01 4.294921875000000389e-02 1.428613281250000000e+01 9.708984375000000000e+00 3.023925781249998668e-01 -4.508300781249999778e-01 -1.155273437500000000e+00
2.211230468750000067e-01 8.371582031250000000e-01 6.294921875000000777e-02 1.128613281250000000e+01 1.170898437500000000e+01 -5.476074218750000000e-01 -8.300781250000222045e-04 -1.552734375000000000e-01
2.686230468749999933e-01 5.246582031250000000e-01 3.794921874999999944e-02 1.503613281250000000e+01 9.208984375000000000e+00 -3.351074218749999778e-01 -1.133300781250000666e-01 -9.052734375000000000e-01
4.586230468749999956e-01 7.746582031250000000e-01 5.794921875000000333e-02 1.203613281250000000e+01 1.120898437500000000e+01 5.148925781250000000e-01 -5.633300781249999112e-01 -1.905273437500000000e+00
3.636230468750000222e-01 6.496582031250000000e-01 6.794921875000001221e-02 1.353613281250000000e+01 1.220898437500000000e+01 -7.601074218750000222e-01 -3.383300781249999889e-01 -4.052734375000000000e-01
1.736230468749999922e-01 8.996582031250000000e-01 4.794921875000000139e-02 1.053613281250000000e+01 1.020898437500000000e+01 8.989257812499995559e-02 1.116699218749999112e-01 -1.405273437500000000e+00
1.973730468750000133e-01 6.184082031250000000e-01 6.044921875000000555e-02 1.166113281250000000e+01 1.095898437500000000e+01 1.961425781249999112e-01 -1.695800781249999778e-01 -2.802734375000000000e-01
3.873730468750000155e-01 8.684082031250000000e-01 4.044921875000000167e-02 1.466113281250000000e+01 1.295898437500000000e+01 -6.538574218749999556e-01 -6.195800781249999334e-01 -1.280273437500000000e+00
4.823730468749999889e-01 7.434082031250000000e-01 3.044921874999999972e-02 1.016113281250000000e+01 1.195898437500000000e+01 6.211425781249999556e-01 -3.945800781250000111e-01 -7.802734375000000000e-01
2.923730468749999867e-01 9.934082031250000000e-01 5.044921875000000361e-02 1.316113281250000000e+01 9.958984375000000000e+00 -2.288574218750000222e-01 5.541992187500000000e-02 -1.780273437500000000e+00
2.448730468750000000e-01 6.809082031250000000e-01 4.544921875000000611e-02 1.241113281250000000e+01 1.145898437500000000e+01 -4.413574218750000444e-01 -5.708007812500004441e-02 -1.030273437500000000e+00
4.348730468750000022e-01 9.309082031250000000e-01 6.544921875000000999e-02 1.541113281250000000e+01 9.458984375000000000e+00 4.086425781250000444e-01 -5.070800781250000000e-01 -3.027343750000000000e-02
3.398730468749999734e-01 5.559082031250000000e-01 5.544921875000000111e-02 1.091113281250000000e+01 1.045898437500000000e+01 -8.663574218749999778e-01 -2.820800781250000222e-01 -1.530273437500000000e+00
1.498730468749999989e-01 8.059082031250000000e-01 3.544921874999999722e-02 1.391113281250000000e+01 1.245898437500000000e+01 -1.635742187500000000e-02 1.679199218749999334e-01 -5.302734375000000000e-01
1.617480468749999956e-01 5.402832031250000000e-01 4.169921875000000278e-02 1.372363281250000000e+01 1.158398437500000000e+01 4.617675781249999112e-01 -6.477050781250000000e-01 -9.277343750000000000e-02
