# cosmological_parameters--omega_m cosmological_parameters--s_8 cosmological_parameters--h0 cosmological_parameters--omega_b cosmological_parameters--n_s cosmological_parameters--w intrinsic_alignment_parameters--a1 intrinsic_alignment_parameters--alpha1 intrinsic_alignment_parameters--a2 intrinsic_alignment_parameters--alpha2 intrinsic_alignment_parameters--bias_ta
3.099999999999999978e-01 7.500000000000000000e-01 7.299999999999999822e-01 5.000000000000000278e-02 9.699999999999999734e-01 -1.167000000000000037e+00 0.000000000000000000e+00 0.000000000000000000e+00 0.000000000000000000e+00 0.000000000000000000e+00 1.000000000000000000e+00
4.050000000000000266e-01 6.250000000000000000e-01 8.200000000000000622e-01 4.000000000000000083e-02 1.020000000000000018e+00 -1.583499999999999908e+00 2.500000000000000000e+00 -2.500000000000000000e+00 -2.500000000000000000e+00 2.500000000000000000e+00 5.000000000000000000e-01
2.149999999999999967e-01 8.750000000000000000e-01 6.400000000000000133e-01 6.000000000000000472e-02 9.200000000000000400e-01 -7.505000000000001670e-01 -2.500000000000000000e+00 2.500000000000000000e+00 2.500000000000000000e+00 -2.500000000000000000e+00 1.500000000000000000e+00
2.625000000000000111e-01 6.875000000000000000e-01 7.750000000000000222e-01 3.500000000000000333e-02 1.044999999999999929e+00 -5.422500000000001208e-01 -3.750000000000000000e+00 1.250000000000000000e+00 -3.750000000000000000e+00 3.750000000000000000e+00 7.500000000000000000e-01
4.525000000000000133e-01 9.375000000000000000e-01 5.950000000000000844e-01 5.500000000000000722e-02 9.450000000000000622e-01 -1.375250000000000083e+00 1.250000000000000000e+00 -3.750000000000000000e+00 1.250000000000000000e+00 -1.250000000000000000e+00 1.750000000000000000e+00
3.574999999999999845e-01 5.625000000000000000e-01 6.850000000000000533e-01 4.499999999999999833e-02 8.950000000000000178e-01 -9.587499999999999911e-01 3.750000000000000000e+00 3.750000000000000000e+00 -1.250000000000000000e+00 -3.750000000000000000e+00 2.500000000000000000e-01
1.674999999999999822e-01 8.125000000000000000e-01 8.649999999999999911e-01 6.500000000000000222e-02 9.950000000000001066e-01 -1.791749999999999954e+00 -1.250000000000000000e+00 -1.250000000000000000e+00 3.750000000000000000e+00 1.250000000000000000e+00 1.250000000000000000e+00
1.912500000000000033e-01 6.562500000000000000e-01 6.625000000000000888e-01 5.750000000000000250e-02 9.825000000000000400e-01 -1.687625000000000153e+00 -4.375000000000000000e+00 4.375000000000000000e+00 -3.125000000000000000e+00 -4.375000000000000000e+00 1.375000000000000000e+00
3.812499999999999778e-01 9.062500000000000000e-01 8.425000000000000266e-01 3.749999999999999861e-02 8.824999999999999512e-01 -8.546249999999999680e-01 6.250000000000000000e-01 -6.250000000000000000e-01 1.875000000000000000e+00 6.250000000000000000e-01 3.750000000000000000e-01
4.762500000000000067e-01 5.312500000000000000e-01 7.525000000000000577e-01 6.750000000000000444e-02 9.324999999999999956e-01 -1.271125000000000060e+00 3.125000000000000000e+00 1.875000000000000000e+00 -6.250000000000000000e-01 3.125000000000000000e+00 1.875000000000000000e+00
2.862500000000000044e-01 7.812500000000000000e-01 5.725000000000000089e-01 4.750000000000000056e-02 1.032499999999999973e+00 -4.381250000000000977e-01 -1.875000000000000000e+00 -3.125000000000000000e+00 4.375000000000000000e+00 -1.875000000000000000e+00 8.750000000000000000e-01
2.387499999999999900e-01 5.937500000000000000e-01 8.874999999999999556e-01 5.250000000000000500e-02 9.575000000000000178e-01 -6.463750000000001439e-01 -3.125000000000000000e+00 -1.875000000000000000e+00 -4.375000000000000000e+00 4.375000000000000000e+00 1.625000000000000000e+00
4.287500000000000200e-01 8.437500000000000000e-01 7.075000000000000178e-01 3.250000000000000111e-02 1.057500000000000107e+00 -1.479375000000000107e+00 1.875000000000000000e+00 3.125000000000000000e+00 6.250000000000000000e-01 -6.250000000000000000e-01 6.250000000000000000e-01
3.337499999999999911e-01 7.187500000000000000e-01 6.175000000000000488e-01 6.250000000000000000e-02 1.007500000000000062e+00 -1.062875000000000014e+00 4.375000000000000000e+00 -4.375000000000000000e+00 -1.875000000000000000e+00 -3.125000000000000000e+00 1.125000000000000000e+00
1.437499999999999889e-01 9.687500000000000000e-01 7.975000000000000977e-01 4.250000000000000305e-02 9.074999999999999734e-01 -1.895874999999999977e+00 -6.250000000000000000e-01 6.250000000000000000e-01 3.125000000000000000e+00 1.875000000000000000e+00 1.250000000000000000e-01
1.556250000000000133e-01 7.343750000000000000e-01 8.537500000000000089e-01 4.624999999999999944e-02 9.262500000000000178e-01 -1.427312499999999984e+00 3.125000000000000000e-01 3.437500000000000000e+00 2.812500000000000000e+00 -9.375000000000000000e-01 8.125000000000000000e-01
3.456249999999999600e-01 9.843750000000000000e-01 6.737500000000000711e-01 6.625000000000000333e-02 1.026250000000000107e+00 -5.943125000000000213e-01 -4.687500000000000000e+00 -1.562500000000000000e+00 -2.187500000000000000e+00 4.062500000000000000e+00 1.812500000000000000e+00
4.406249999999999889e-01 6.093750000000000000e-01 5.837499999999999911e-01 3.624999999999999750e-02 9.762500000000000622e-01 -1.843812500000000076e+00 -2.187500000000000000e+00 9.375000000000000000e-01 3.125000000000000000e-01 1.562500000000000000e+00 3.125000000000000000e-01
2.506249999999999867e-01 8.593750000000000000e-01 7.637500000000000400e-01 5.625000000000000833e-02 8.762499999999999734e-01 -1.010812500000000114e+00 2.812500000000000000e+00 -4.062500000000000000e+00 -4.687500000000000000e+00 -3.437500000000000000e+00 1.312500000000000000e+00
2.981249999999999734e-01 5.468750000000000000e-01 7.187500000000000000e-01 4.125000000000000194e-02 1.001249999999999973e+00 -8.025625000000000675e-01 1.562500000000000000e+00 -3.125000000000000000e-01 4.062500000000000000e+00 3.125000000000000000e-01 6.250000000000000000e-02
4.881249999999999756e-01 7.968750000000000000e-01 8.987500000000000488e-01 6.125000000000000583e-02 9.012499999999999956e-01 -1.635562500000000030e+00 -3.437500000000000000e+00 4.687500000000000000e+00 -9.375000000000000000e-01 -4.687500000000000000e+00 1.062500000000000000e+00
3.931250000000000022e-01 6.718750000000000000e-01 8.087500000000000799e-01 3.125000000000000000e-02 9.512500000000000400e-01 -3.860624999999999751e-01 -9.375000000000000000e-01 -2.812500000000000000e+00 1.562500000000000000e+00 -2.187500000000000000e+00 5.625000000000000000e-01
2.031250000000000000e-01 9.218750000000000000e-01 6.287500000000000311e-01 5.125000000000000389e-02 1.051250000000000018e+00 -1.219062500000000160e+00 4.062500000000000000e+00 2.187500000000000000e+00 -3.437500000000000000e+00 2.812500000000000000e+00 1.562500000000000000e+00
1.793750000000000067e-01 5.781250000000000000e-01 7.412500000000000755e-01 6.375000000000000111e-02 1.038750000000000062e+00 -1.323187499999999961e+00 9.375000000000000000e-01 -3.437500000000000000e+00 4.687500000000000000e+00 -3.125000000000000000e-01 1.687500000000000000e+00
3.693750000000000089e-01 8.281250000000000000e-01 5.612500000000000266e-01 4.374999999999999722e-02 9.387499999999999734e-01 -4.901874999999999982e-01 -4.062500000000000000e+00 1.562500000000000000e+00 -3.125000000000000000e-01 4.687500000000000000e+00 6.875000000000000000e-01
4.643749999999999822e-01 7.031250000000000000e-01 6.512499999999999956e-01 5.375000000000000611e-02 8.887500000000000400e-01 -1.739687500000000053e+00 -1.562500000000000000e+00 -9.375000000000000000e-01 2.187500000000000000e+00 2.187500000000000000e+00 1.187500000000000000e+00
2.743750000000000355e-01 9.531250000000000000e-01 8.312500000000000444e-01 3.375000000000000222e-02 9.887500000000000178e-01 -9.066875000000000906e-01 3.437500000000000000e+00 4.062500000000000000e+00 -2.812500000000000000e+00 -2.812500000000000000e+00 1.875000000000000000e-01
2.268749999999999933e-01 6.406250000000000000e-01 6.062500000000000666e-01 6.875000000000000555e-02 9.137500000000000622e-01 -1.114937499999999915e+00 2.187500000000000000e+00 3.125000000000000000e-01 3.437500000000000000e+00 9.375000000000000000e-01 1.437500000000000000e+00
4.168749999999999956e-01 8.906250000000000000e-01 7.862500000000000044e-01 4.875000000000000167e-02 1.013749999999999929e+00 -1.947937500000000099e+00 -2.812500000000000000e+00 -4.687500000000000000e+00 -1.562500000000000000e+00 -4.062500000000000000e+00 4.375000000000000000e-01
3.218750000000000222e-01 5.156250000000000000e-01 8.762499999999999734e-01 5.875000000000000361e-02 1.063749999999999973e+00 -6.984375000000000444e-01 -3.125000000000000000e-01 2.812500000000000000e+00 9.375000000000000000e-01 -1.562500000000000000e+00 1.937500000000000000e+00
1.318749999999999922e-01 7.656250000000000000e-01 6.962500000000000355e-01 3.874999999999999972e-02 9.637499999999999956e-01 -1.531437500000000007e+00 4.687500000000000000e+00 -2.187500000000000000e+00 -4.062500000000000000e+00 3.437500000000000000e+00 9.375000000000000000e-01
1.378125000000000044e-01 6.328125000000000000e-01 7.693750000000000311e-01 5.312500000000000555e-02 1.010625000000000107e+00 -9.327187500000000409e-01 -2.343750000000000000e+00 1.718750000000000000e+00 7.812500000000000000e-01 -4.531250000000000000e+00 4.062500000000000000e-01
3.278125000000000067e-01 8.828125000000000000e-01 5.893750000000000933e-01 3.312500000000000167e-02 9.106250000000000178e-01 -1.765718750000000004e+00 2.656250000000000000e+00 -3.281250000000000000e+00 -4.218750000000000000e+00 4.687500000000000000e-01 1.406250000000000000e+00
4.228124999999999800e-01 5.078125000000000000e-01 6.793750000000000622e-01 6.312500000000001443e-02 9.606250000000000622e-01 -5.162187500000001705e-01 1.562500000000000000e-01 4.218750000000000000e+00 3.281250000000000000e+00 2.968750000000000000e+00 9.062500000000000000e-01
2.328124999999999778e-01 7.578125000000000000e-01 8.593750000000000000e-01 4.312500000000000361e-02 1.060625000000000151e+00 -1.349218749999999911e+00 -4.843750000000000000e+00 -7.812500000000000000e-01 -1.718750000000000000e+00 -2.031250000000000000e+00 1.906250000000000000e+00
2.803124999999999645e-01 5.703125000000000000e-01 6.343750000000000222e-01 5.812500000000000305e-02 9.356250000000000400e-01 -1.557468749999999957e+00 -1.093750000000000000e+00 -4.531250000000000000e+00 2.031250000000000000e+00 4.218750000000000000e+00 6.562500000000000000e-01
4.703125000000000222e-01 8.203125000000000000e-01 8.143750000000000711e-01 3.812499999999999917e-02 1.035625000000000018e+00 -7.244687499999999947e-01 3.906250000000000000e+00 4.687500000000000000e-01 -2.968750000000000000e+00 -7.812500000000000000e-01 1.656250000000000000e+00
3.753124999999999933e-01 6.953125000000000000e-01 9.043750000000000400e-01 6.812500000000000500e-02 9.856249999999999734e-01 -1.973968750000000050e+00 1.406250000000000000e+00 -2.031250000000000000e+00 4.531250000000000000e+00 -3.281250000000000000e+00 1.562500000000000000e-01
1.853124999999999911e-01 9.453125000000000000e-01 7.243749999999999911e-01 4.812500000000000111e-02 8.856249999999999956e-01 -1.140968750000000087e+00 -3.593750000000000000e+00 2.968750000000000000e+00 -4.687500000000000000e-01 1.718750000000000000e+00 1.156250000000000000e+00
2.090624999999999845e-01 5.390625000000000000e-01 8.368750000000000355e-01 3.562500000000000389e-02 8.981250000000000622e-01 -1.036843750000000064e+00 -1.718750000000000000e+00 -1.406250000000000000e+00 1.406250000000000000e+00 -3.906250000000000000e+00 1.031250000000000000e+00
3.990624999999999867e-01 7.890625000000000000e-01 6.568750000000000977e-01 5.562500000000000777e-02 9.981250000000000400e-01 -1.869843750000000027e+00 3.281250000000000000e+00 3.593750000000000000e+00 -3.593750000000000000e+00 1.093750000000000000e+00 3.125000000000000000e-02
4.940625000000000155e-01 6.640625000000000000e-01 5.668750000000000178e-01 4.562499999999999889e-02 1.048124999999999973e+00 -6.203437499999999716e-01 7.812500000000000000e-01 -3.906250000000000000e+00 3.906250000000000000e+00 3.593750000000000000e+00 1.531250000000000000e+00
3.040625000000000133e-01 9.140625000000000000e-01 7.468750000000000666e-01 6.562500000000000278e-02 9.481249999999999956e-01 -1.453343750000000156e+00 -4.218750000000000000e+00 1.093750000000000000e+00 -1.093750000000000000e+00 -1.406250000000000000e+00 5.312500000000000000e-01
2.565625000000000266e-01 7.265625000000000000e-01 7.018750000000000266e-01 3.062499999999999944e-02 1.023125000000000062e+00 -1.245093750000000110e+00 -4.687500000000000000e-01 4.843750000000000000e+00 1.562500000000000000e-01 4.843750000000000000e+00 1.781250000000000000e+00
4.465624999999999734e-01 9.765625000000000000e-01 8.818749999999999645e-01 5.062500000000000333e-02 9.231249999999999734e-01 -4.120937500000001474e-01 4.531250000000000000e+00 -1.562500000000000000e-01 -4.843750000000000000e+00 -1.562500000000000000e-01 7.812500000000000000e-01
3.515625000000000000e-01 6.015625000000000000e-01 7.918749999999999956e-01 4.062500000000000139e-02 8.731250000000000400e-01 -1.661593749999999980e+00 2.031250000000000000e+00 2.343750000000000000e+00 2.656250000000000000e+00 -2.656250000000000000e+00 1.281250000000000000e+00
1.615624999999999978e-01 8.515625000000000000e-01 6.118750000000000577e-01 6.062500000000000527e-02 9.731250000000000178e-01 -8.285937500000000178e-01 -2.968750000000000000e+00 -2.656250000000000000e+00 -2.343750000000000000e+00 2.343750000000000000e+00 2.812500000000000000e-01
1.496875000000000011e-01 6.171875000000000000e-01 6.456250000000000044e-01 6.937500000000000611e-02 1.066875000000000018e+00 -3.600312500000000249e-01 2.968750000000000000e+00 -4.687500000000000000e-01 -1.406250000000000000e+00 -1.093750000000000000e+00 7.187500000000000000e-01
3.396875000000000311e-01 8.671875000000000000e-01 8.256250000000000533e-01 4.937500000000000222e-02 9.668750000000000400e-01 -1.193031249999999988e+00 -2.031250000000000000e+00 4.531250000000000000e+00 3.593750000000000000e+00 3.906250000000000000e+00 1.718750000000000000e+00
4.346875000000000044e-01 7.421875000000000000e-01 7.356249999999999734e-01 5.937500000000000416e-02 9.168749999999999956e-01 -7.765312500000001172e-01 -4.531250000000000000e+00 -2.968750000000000000e+00 -3.906250000000000000e+00 1.406250000000000000e+00 2.187500000000000000e-01
2.446875000000000022e-01 9.921875000000000000e-01 5.556250000000000355e-01 3.937500000000000028e-02 1.016874999999999973e+00 -1.609531250000000080e+00 4.687500000000000000e-01 2.031250000000000000e+00 1.093750000000000000e+00 -3.593750000000000000e+00 1.218750000000000000e+00
2.921874999999999889e-01 6.796875000000000000e-01 8.706249999999999822e-01 6.437500000000001554e-02 8.918749999999999734e-01 -1.817781249999999904e+00 4.218750000000000000e+00 3.281250000000000000e+00 -1.562500000000000000e-01 1.562500000000000000e-01 4.687500000000000000e-01
4.821874999999999911e-01 9.296875000000000000e-01 6.906250000000000444e-01 4.437499999999999778e-02 9.918750000000000622e-01 -9.847812499999999414e-01 -7.812500000000000000e-01 -1.718750000000000000e+00 4.843750000000000000e+00 -4.843750000000000000e+00 1.468750000000000000e+00
3.871875000000000178e-01 5.546875000000000000e-01 6.006250000000000755e-01 5.437500000000000666e-02 1.041875000000000107e+00 -1.401281250000000034e+00 -3.281250000000000000e+00 7.812500000000000000e-01 -2.656250000000000000e+00 -2.343750000000000000e+00 9.687500000000000000e-01
1.971875000000000155e-01 8.046875000000000000e-01 7.806250000000000133e-01 3.437500000000000278e-02 9.418750000000000178e-01 -5.682812500000000711e-01 1.718750000000000000e+00 -4.218750000000000000e+00 2.343750000000000000e+00 2.656250000000000000e+00 1.968750000000000000e+00
1.734374999999999944e-01 7.109375000000000000e-01 5.781250000000000000e-01 4.187500000000000250e-02 9.543749999999999734e-01 -6.724062500000000941e-01 3.593750000000000000e+00 1.562500000000000000e-01 -7.812500000000000000e-01 -4.687500000000000000e-01 1.843750000000000000e+00
3.634374999999999689e-01 9.609375000000000000e-01 7.581250000000000488e-01 6.187500000000000638e-02 1.054375000000000062e+00 -1.505406250000000057e+00 -1.406250000000000000e+00 -4.843750000000000000e+00 4.218750000000000000e+00 4.531250000000000000e+00 8.437500000000000000e-01
4.584374999999999978e-01 5.859375000000000000e-01 8.481250000000000178e-01 3.187500000000000056e-02 1.004375000000000018e+00 -1.088906249999999964e+00 -3.906250000000000000e+00 2.656250000000000000e+00 -3.281250000000000000e+00 2.031250000000000000e+00 1.343750000000000000e+00
2.684374999999999956e-01 8.359375000000000000e-01 6.681250000000000799e-01 5.187500000000000444e-02 9.043750000000000400e-01 -1.921906249999999927e+00 1.093750000000000000e+00 -2.343750000000000000e+00 1.718750000000000000e+00 -2.968750000000000000e+00 3.437500000000000000e-01
2.209375000000000089e-01 5.234375000000000000e-01 8.031250000000000888e-01 4.687500000000000000e-02 9.793749999999999956e-01 -1.713656250000000103e+00 4.843750000000000000e+00 -3.593750000000000000e+00 -2.031250000000000000e+00 7.812500000000000000e-01 1.093750000000000000e+00
4.109375000000000111e-01 7.734375000000000000e-01 6.231250000000000400e-01 6.687500000000000389e-02 8.793750000000000178e-01 -8.806562500000001403e-01 -1.562500000000000000e-01 1.406250000000000000e+00 2.968750000000000000e+00 -4.218750000000000000e+00 9.375000000000000000e-02
3.159374999999999822e-01 6.484375000000000000e-01 7.131250000000000089e-01 3.687499999999999806e-02 9.293750000000000622e-01 -1.297156250000000011e+00 -2.656250000000000000e+00 -1.093750000000000000e+00 -4.531250000000000000e+00 -1.718750000000000000e+00 1.593750000000000000e+00
1.259375000000000078e-01 8.984375000000000000e-01 8.931250000000000577e-01 5.687500000000000888e-02 1.029374999999999929e+00 -4.641562500000000480e-01 2.343750000000000000e+00 3.906250000000000000e+00 4.687500000000000000e-01 3.281250000000000000e+00 5.937500000000000000e-01
1.289062500000000000e-01 6.992187500000000000e-01 7.103125000000000133e-01 6.218750000000000666e-02 9.121875000000000400e-01 -5.552656250000000959e-01 -1.015625000000000000e+00 1.953125000000000000e+00 -2.578125000000000000e+00 -1.328125000000000000e+00 1.359375000000000000e+00
3.189062500000000022e-01 9.492187500000000000e-01 8.903125000000000622e-01 4.218750000000000278e-02 1.012187500000000018e+00 -1.388265625000000059e+00 3.984375000000000000e+00 -3.046875000000000000e+00 2.421875000000000000e+00 3.671875000000000000e+00 3.593750000000000000e-01
4.139062499999999756e-01 5.742187500000000000e-01 8.003124999999999822e-01 5.218750000000000472e-02 1.062187500000000062e+00 -9.717656249999999662e-01 1.484375000000000000e+00 4.453125000000000000e+00 -7.812500000000000000e-02 1.171875000000000000e+00 1.859375000000000000e+00
2.239062500000000011e-01 8.242187500000000000e-01 6.203125000000000444e-01 3.218750000000000083e-02 9.621874999999999734e-01 -1.804765624999999929e+00 -3.515625000000000000e+00 -5.468750000000000000e-01 4.921875000000000000e+00 -3.828125000000000000e+00 8.593750000000000000e-01
2.714062499999999600e-01 5.117187500000000000e-01 8.453125000000000222e-01 6.718750000000001110e-02 1.037187499999999929e+00 -1.596515624999999883e+00 -2.265625000000000000e+00 -4.296875000000000000e+00 -3.828125000000000000e+00 2.421875000000000000e+00 1.609375000000000000e+00
4.614062500000000178e-01 7.617187500000000000e-01 6.653125000000000844e-01 4.718750000000000722e-02 9.371875000000000622e-01 -7.635156250000001421e-01 2.734375000000000000e+00 7.031250000000000000e-01 1.171875000000000000e+00 -2.578125000000000000e+00 6.093750000000000000e-01
3.664062499999999889e-01 6.367187500000000000e-01 5.753125000000000044e-01 5.718750000000000222e-02 8.871875000000000178e-01 -1.180015625000000012e+00 2.343750000000000000e-01 -1.796875000000000000e+00 -1.328125000000000000e+00 -7.812500000000000000e-02 1.109375000000000000e+00
1.764062499999999867e-01 8.867187500000000000e-01 7.553125000000000533e-01 3.718749999999999833e-02 9.871874999999999956e-01 -3.470156250000000497e-01 -4.765625000000000000e+00 3.203125000000000000e+00 3.671875000000000000e+00 4.921875000000000000e+00 1.093750000000000000e-01
2.001562499999999800e-01 6.054687500000000000e-01 5.978125000000000799e-01 4.968750000000000250e-02 9.996875000000000622e-01 -4.511406250000000728e-01 -3.906250000000000000e-01 -2.421875000000000000e+00 -4.453125000000000000e+00 -1.953125000000000000e+00 2.343750000000000000e-01
3.901562499999999822e-01 8.554687500000000000e-01 7.778125000000000178e-01 6.968750000000001332e-02 8.996874999999999734e-01 -1.284140625000000036e+00 4.609375000000000000e+00 2.578125000000000000e+00 5.468750000000000000e-01 3.046875000000000000e+00 1.234375000000000000e+00
4.851562500000000111e-01 7.304687500000000000e-01 8.678125000000000977e-01 3.968750000000000056e-02 9.496875000000000178e-01 -8.676406249999999432e-01 2.109375000000000000e+00 -4.921875000000000000e+00 -1.953125000000000000e+00 5.468750000000000000e-01 7.343750000000000000e-01
2.951562500000000089e-01 9.804687500000000000e-01 6.878125000000000488e-01 5.968750000000000444e-02 1.049687500000000107e+00 -1.700640625000000128e+00 -2.890625000000000000e+00 7.812500000000000000e-02 3.046875000000000000e+00 -4.453125000000000000e+00 1.734375000000000000e+00
2.476562499999999944e-01 6.679687500000000000e-01 7.328125000000000888e-01 4.468750000000000500e-02 9.246874999999999956e-01 -1.908890624999999952e+00 -1.640625000000000000e+00 3.828125000000000000e+00 -3.203125000000000000e+00 1.796875000000000000e+00 9.843750000000000000e-01
4.376562500000000244e-01 9.179687500000000000e-01 5.528125000000000400e-01 6.468750000000000888e-02 1.024687499999999973e+00 -1.075890624999999989e+00 3.359375000000000000e+00 -1.171875000000000000e+00 1.796875000000000000e+00 -3.203125000000000000e+00 1.984375000000000000e+00
3.426562499999999956e-01 5.429687500000000000e-01 6.428125000000000089e-01 3.468749999999999611e-02 9.746875000000000400e-01 -1.492390625000000082e+00 8.593750000000000000e-01 1.328125000000000000e+00 -7.031250000000000000e-01 -7.031250000000000000e-01 4.843750000000000000e-01
1.526562499999999933e-01 7.929687500000000000e-01 8.228125000000000577e-01 5.468750000000000000e-02 8.746874999999999512e-01 -6.593906250000001190e-01 -4.140625000000000000e+00 -3.671875000000000000e+00 4.296875000000000000e+00 4.296875000000000000e+00 1.484375000000000000e+00
1.645312499999999900e-01 5.585937500000000000e-01 7.890625000000000000e-01 5.593750000000000111e-02 9.684375000000000622e-01 -1.127953124999999890e+00 4.296875000000000000e+00 -8.593750000000000000e-01 4.609375000000000000e+00 -2.890625000000000000e+00 1.546875000000000000e+00
3.545312499999999645e-01 8.085937500000000000e-01 6.090625000000000622e-01 3.593749999999999722e-02 1.068437500000000151e+00 -1.960953125000000075e+00 -7.031250000000000000e-01 4.140625000000000000e+00 -3.906250000000000000e-01 2.109375000000000000e+00 5.468750000000000000e-01
4.495312499999999933e-01 6.835937500000000000e-01 6.990625000000000311e-01 6.593750000000000999e-02 1.018437500000000107e+00 -7.114531250000000195e-01 -3.203125000000000000e+00 -3.359375000000000000e+00 2.109375000000000000e+00 4.609375000000000000e+00 1.046875000000000000e+00
2.595312499999999911e-01 9.335937500000000000e-01 8.790625000000000799e-01 4.593750000000000611e-02 9.184375000000000178e-01 -1.544453124999999982e+00 1.796875000000000000e+00 1.640625000000000000e+00 -2.890625000000000000e+00 -3.906250000000000000e-01 4.687500000000000000e-02
3.070312499999999778e-01 7.460937500000000000e-01 5.640625000000000222e-01 5.093750000000000361e-02 9.934375000000000844e-01 -1.336203124999999936e+00 3.046875000000000000e+00 2.890625000000000000e+00 3.359375000000000000e+00 3.359375000000000000e+00 1.296875000000000000e+00
4.970312499999999800e-01 9.960937500000000000e-01 7.440625000000000711e-01 3.093749999999999972e-02 8.934374999999999956e-01 -5.032031249999999734e-01 -1.953125000000000000e+00 -2.109375000000000000e+00 -1.640625000000000000e+00 -1.640625000000000000e+00 2.968750000000000000e-01
4.020312500000000067e-01 6.210937500000000000e-01 8.340625000000000400e-01 6.093750000000000555e-02 9.434375000000000400e-01 -1.752703125000000028e+00 -4.453125000000000000e+00 3.906250000000000000e-01 8.593750000000000000e-01 -4.140625000000000000e+00 1.796875000000000000e+00
2.120312500000000044e-01 8.710937500000000000e-01 6.540624999999999911e-01 4.093750000000000167e-02 1.043437500000000018e+00 -9.197031250000000657e-01 5.468750000000000000e-01 -4.609375000000000000e+00 -4.140625000000000000e+00 8.593750000000000000e-01 7.968750000000000000e-01
1.882812500000000111e-01 6.523437500000000000e-01 9.015625000000000444e-01 3.343750000000000194e-02 1.055937499999999973e+00 -8.155781250000000426e-01 4.921875000000000000e+00 1.015625000000000000e+00 2.734375000000000000e+00 -3.515625000000000000e+00 9.218750000000000000e-01
3.782812500000000133e-01 9.023437500000000000e-01 7.215625000000001066e-01 5.343749999999999889e-02 9.559374999999999956e-01 -1.648578125000000005e+00 -7.812500000000000000e-02 -3.984375000000000000e+00 -2.265625000000000000e+00 1.484375000000000000e+00 1.921875000000000000e+00
4.732812499999999867e-01 5.273437500000000000e-01 6.315625000000000266e-01 4.343750000000000389e-02 9.059375000000000622e-01 -3.990781250000001723e-01 -2.578125000000000000e+00 3.515625000000000000e+00 2.343750000000000000e-01 3.984375000000000000e+00 4.218750000000000000e-01
2.832812499999999845e-01 7.773437500000000000e-01 8.115624999999999645e-01 6.343750000000000777e-02 1.005937499999999929e+00 -1.232078125000000135e+00 2.421875000000000000e+00 -1.484375000000000000e+00 -4.765625000000000000e+00 -1.015625000000000000e+00 1.421875000000000000e+00
2.357812499999999978e-01 5.898437500000000000e-01 6.765625000000000666e-01 3.843749999999999944e-02 8.809375000000000400e-01 -1.440328125000000181e+00 3.671875000000000000e+00 -2.734375000000000000e+00 3.984375000000000000e+00 2.734375000000000000e+00 1.718750000000000000e-01
4.257812500000000000e-01 8.398437500000000000e-01 8.565625000000001155e-01 5.843750000000000333e-02 9.809375000000000178e-01 -6.073281249999999964e-01 -1.328125000000000000e+00 2.265625000000000000e+00 -1.015625000000000000e+00 -2.265625000000000000e+00 1.171875000000000000e+00
3.307812500000000266e-01 7.148437500000000000e-01 7.665625000000000355e-01 4.843750000000000139e-02 1.030937500000000062e+00 -1.856828125000000052e+00 -3.828125000000000000e+00 -2.343750000000000000e-01 1.484375000000000000e+00 -4.765625000000000000e+00 6.718750000000000000e-01
1.407812499999999967e-01 9.648437500000000000e-01 5.865625000000000977e-01 6.843750000000001221e-02 9.309374999999999734e-01 -1.023828125000000089e+00 1.171875000000000000e+00 4.765625000000000000e+00 -3.515625000000000000e+00 2.343750000000000000e-01 1.671875000000000000e+00
1.348437499999999845e-01 5.664062500000000000e-01 8.846875000000000711e-01 4.406250000000000444e-02 9.715624999999999956e-01 -1.206046875000000185e+00 -3.671875000000000000e+00 -3.828125000000000000e+00 1.640625000000000000e+00 -1.796875000000000000e+00 1.203125000000000000e+00
3.248437499999999867e-01 8.164062500000000000e-01 7.046875000000000222e-01 6.406250000000000833e-02 8.715625000000000178e-01 -3.730468750000000000e-01 1.328125000000000000e+00 1.171875000000000000e+00 -3.359375000000000000e+00 3.203125000000000000e+00 2.031250000000000000e-01
4.198437500000000155e-01 6.914062500000000000e-01 6.146875000000000533e-01 3.406250000000000250e-02 9.215625000000000622e-01 -1.622546875000000055e+00 3.828125000000000000e+00 -1.328125000000000000e+00 4.140625000000000000e+00 7.031250000000000000e-01 1.703125000000000000e+00
2.298437500000000133e-01 9.414062500000000000e-01 7.946874999999999911e-01 5.406249999999999944e-02 1.021562499999999929e+00 -7.895468750000000924e-01 -1.171875000000000000e+00 3.671875000000000000e+00 -8.593750000000000000e-01 -4.296875000000000000e+00 7.031250000000000000e-01
2.773437500000000000e-01 6.289062500000000000e-01 6.596874999999999822e-01 4.906250000000000194e-02 9.465624999999999734e-01 -9.977968750000001386e-01 -4.921875000000000000e+00 2.421875000000000000e+00 3.906250000000000000e-01 1.953125000000000000e+00 1.953125000000000000e+00
4.673437500000000022e-01 8.789062500000000000e-01 8.396875000000000311e-01 6.906249999999999889e-02 1.046562500000000062e+00 -1.830796875000000101e+00 7.812500000000000000e-02 -2.578125000000000000e+00 -4.609375000000000000e+00 -3.046875000000000000e+00 9.531250000000000000e-01
3.723437499999999734e-01 5.039062500000000000e-01 7.496875000000000622e-01 3.906250000000000000e-02 9.965625000000000178e-01 -5.812968750000000462e-01 2.578125000000000000e+00 4.921875000000000000e+00 2.890625000000000000e+00 -5.468750000000000000e-01 1.453125000000000000e+00
1.823437499999999989e-01 7.539062500000000000e-01 5.696875000000000133e-01 5.906250000000000389e-02 8.965625000000000400e-01 -1.414296875000000009e+00 -2.421875000000000000e+00 -7.812500000000000000e-02 -2.109375000000000000e+00 4.453125000000000000e+00 4.531250000000000000e-01
2.060937499999999922e-01 7.226562500000000000e-01 8.171874999999999556e-01 6.656249999999999667e-02 8.840624999999999734e-01 -1.518421875000000032e+00 -3.046875000000000000e+00 4.296875000000000000e+00 1.015625000000000000e+00 -2.421875000000000000e+00 3.281250000000000000e-01
3.960937500000000222e-01 9.726562500000000000e-01 6.371875000000000178e-01 4.656250000000000666e-02 9.840625000000000622e-01 -6.854218750000000693e-01 1.953125000000000000e+00 -7.031250000000000000e-01 -3.984375000000000000e+00 2.578125000000000000e+00 1.328125000000000000e+00
4.910937499999999956e-01 5.976562500000000000e-01 7.271875000000000977e-01 5.656250000000000167e-02 1.034062500000000107e+00 -1.934921874999999902e+00 4.453125000000000000e+00 1.796875000000000000e+00 3.515625000000000000e+00 7.812500000000000000e-02 8.281250000000000000e-01
3.010937499999999933e-01 8.476562500000000000e-01 9.071875000000000355e-01 3.656249999999999778e-02 9.340625000000000178e-01 -1.101921874999999940e+00 -5.468750000000000000e-01 -3.203125000000000000e+00 -1.484375000000000000e+00 -4.921875000000000000e+00 1.828125000000000000e+00
2.535937500000000067e-01 5.351562500000000000e-01 5.921875000000000888e-01 6.156250000000000611e-02 1.059062500000000018e+00 -8.936718750000001155e-01 -4.296875000000000000e+00 -1.953125000000000000e+00 2.265625000000000000e+00 1.328125000000000000e+00 5.781250000000000000e-01
4.435937500000000089e-01 7.851562500000000000e-01 7.721875000000000266e-01 4.156250000000000222e-02 9.590625000000000400e-01 -1.726671875000000078e+00 7.031250000000000000e-01 3.046875000000000000e+00 -2.734375000000000000e+00 -3.671875000000000000e+00 1.578125000000000000e+00
3.485937500000000355e-01 6.601562500000000000e-01 8.621875000000001066e-01 5.156250000000000416e-02 9.090624999999999956e-01 -4.771718750000000231e-01 3.203125000000000000e+00 -4.453125000000000000e+00 4.765625000000000000e+00 -1.171875000000000000e+00 7.812500000000000000e-02
1.585937500000000056e-01 9.101562500000000000e-01 6.821875000000000577e-01 3.156250000000000028e-02 1.009062499999999973e+00 -1.310171874999999986e+00 -1.796875000000000000e+00 5.468750000000000000e-01 -2.343750000000000000e-01 3.828125000000000000e+00 1.078125000000000000e+00
1.467187500000000089e-01 6.757812500000000000e-01 6.259375000000000355e-01 3.781249999999999889e-02 1.027812500000000018e+00 -1.778734374999999979e+00 1.640625000000000000e+00 2.734375000000000000e+00 -1.171875000000000000e+00 -2.734375000000000000e+00 1.890625000000000000e+00
3.367187500000000111e-01 9.257812500000000000e-01 8.059374999999999734e-01 5.781250000000000278e-02 9.278125000000000400e-01 -9.457343750000000160e-01 -3.359375000000000000e+00 -2.265625000000000000e+00 3.828125000000000000e+00 2.265625000000000000e+00 8.906250000000000000e-01
4.317187499999999845e-01 5.507812500000000000e-01 8.959375000000000533e-01 4.781250000000000083e-02 8.778124999999999956e-01 -1.362234374999999886e+00 -8.593750000000000000e-01 2.343750000000000000e-01 -3.671875000000000000e+00 4.765625000000000000e+00 1.390625000000000000e+00
2.417187499999999822e-01 8.007812500000000000e-01 7.159375000000000044e-01 6.781249999999999778e-02 9.778124999999999734e-01 -5.292343750000001457e-01 4.140625000000000000e+00 -4.765625000000000000e+00 1.328125000000000000e+00 -2.343750000000000000e-01 3.906250000000000000e-01
2.892187499999999689e-01 6.132812500000000000e-01 7.609375000000000444e-01 3.281250000000000139e-02 9.028125000000000178e-01 -7.374843749999999698e-01 3.906250000000000000e-01 -1.015625000000000000e+00 -2.421875000000000000e+00 3.515625000000000000e+00 1.140625000000000000e+00
4.792187500000000266e-01 8.632812500000000000e-01 5.809374999999999956e-01 5.281249999999999833e-02 1.002812500000000107e+00 -1.570484374999999932e+00 -4.609375000000000000e+00 3.984375000000000000e+00 2.578125000000000000e+00 -1.484375000000000000e+00 1.406250000000000000e-01
3.842187499999999978e-01 7.382812500000000000e-01 6.709375000000000755e-01 4.281250000000000333e-02 1.052812500000000151e+00 -1.153984375000000062e+00 -2.109375000000000000e+00 -3.515625000000000000e+00 -4.921875000000000000e+00 -3.984375000000000000e+00 1.640625000000000000e+00
1.942187499999999956e-01 9.882812500000000000e-01 8.509375000000000133e-01 6.281250000000000722e-02 9.528125000000000622e-01 -1.986984375000000025e+00 2.890625000000000000e+00 1.484375000000000000e+00 7.812500000000000000e-02 1.015625000000000000e+00 6.406250000000000000e-01
1.704687500000000022e-01 5.195312500000000000e-01 6.934375000000000400e-01 5.031250000000000305e-02 9.403124999999999956e-01 -1.882859375000000002e+00 2.265625000000000000e+00 -2.890625000000000000e+00 -1.796875000000000000e+00 -3.359375000000000000e+00 5.156250000000000000e-01
3.604687500000000044e-01 7.695312500000000000e-01 8.734375000000000888e-01 3.031249999999999917e-02 1.040312499999999973e+00 -1.049859375000000039e+00 -2.734375000000000000e+00 2.109375000000000000e+00 3.203125000000000000e+00 1.640625000000000000e+00 1.515625000000000000e+00
4.554687499999999778e-01 6.445312500000000000e-01 7.834375000000000089e-01 6.031250000000000500e-02 9.903125000000000400e-01 -1.466359375000000131e+00 -2.343750000000000000e-01 -3.906250000000000000e-01 -4.296875000000000000e+00 4.140625000000000000e+00 1.562500000000000000e-02
2.654687500000000311e-01 8.945312500000000000e-01 6.034375000000000711e-01 4.031250000000000111e-02 8.903124999999999512e-01 -6.333593750000001688e-01 4.765625000000000000e+00 4.609375000000000000e+00 7.031250000000000000e-01 -8.593750000000000000e-01 1.015625000000000000e+00
2.179687499999999889e-01 7.070312500000000000e-01 8.284375000000000488e-01 5.531250000000000056e-02 1.015312500000000062e+00 -4.251093750000001226e-01 1.015625000000000000e+00 8.593750000000000000e-01 -5.468750000000000000e-01 2.890625000000000000e+00 2.656250000000000000e-01
4.079687499999999911e-01 9.570312500000000000e-01 6.484375000000000000e-01 3.531249999999999667e-02 9.153124999999999734e-01 -1.258109375000000085e+00 -3.984375000000000000e+00 -4.140625000000000000e+00 4.453125000000000000e+00 -2.109375000000000000e+00 1.265625000000000000e+00
3.129687500000000178e-01 5.820312500000000000e-01 5.584375000000000311e-01 6.531249999999999556e-02 9.653125000000000178e-01 -8.416093749999999929e-01 -1.484375000000000000e+00 3.359375000000000000e+00 -3.046875000000000000e+00 -4.609375000000000000e+00 7.656250000000000000e-01
1.229687500000000017e-01 8.320312500000000000e-01 7.384375000000000799e-01 4.531250000000000555e-02 1.065312500000000107e+00 -1.674609374999999956e+00 3.515625000000000000e+00 -1.640625000000000000e+00 1.953125000000000000e+00 3.906250000000000000e-01 1.765625000000000000e+00
1.244531249999999978e-01 6.660156250000000000e-01 8.326562500000000977e-01 6.765625000000000111e-02 9.629687500000000400e-01 -1.303664062499999998e+00 -3.515625000000000000e-01 -1.171875000000000000e-01 2.304687500000000000e+00 7.421875000000000000e-01 1.132812500000000000e+00
3.144531250000000000e-01 9.160156250000000000e-01 6.526562500000000488e-01 4.765624999999999722e-02 1.062968750000000018e+00 -4.706640625000000355e-01 4.648437500000000000e+00 4.882812500000000000e+00 -2.695312500000000000e+00 -4.257812500000000000e+00 1.328125000000000000e-01
4.094531249999999734e-01 5.410156250000000000e-01 5.626562500000000799e-01 5.765625000000000611e-02 1.012968749999999973e+00 -1.720164062500000091e+00 2.148437500000000000e+00 -2.617187500000000000e+00 4.804687500000000000e+00 -1.757812500000000000e+00 1.632812500000000000e+00
2.194531249999999989e-01 7.910156250000000000e-01 7.426562500000000178e-01 3.765625000000000222e-02 9.129687499999999956e-01 -8.871640625000001279e-01 -2.851562500000000000e+00 2.382812500000000000e+00 -1.953125000000000000e-01 3.242187500000000000e+00 6.328125000000000000e-01
2.669531250000000133e-01 6.035156250000000000e-01 6.976562500000000888e-01 6.265624999999999667e-02 9.879687500000000622e-01 -1.095414062500000174e+00 -1.601562500000000000e+00 3.632812500000000000e+00 1.054687500000000000e+00 -5.078125000000000000e-01 1.882812500000000000e+00
4.569531250000000155e-01 8.535156250000000000e-01 8.776562500000000266e-01 4.265624999999999972e-02 8.879687499999999734e-01 -1.928414062499999915e+00 3.398437500000000000e+00 -1.367187500000000000e+00 -3.945312500000000000e+00 4.492187500000000000e+00 8.828125000000000000e-01
3.619531249999999867e-01 7.285156250000000000e-01 7.876562500000000577e-01 5.265625000000000167e-02 9.379687500000000178e-01 -6.789140625000000817e-01 8.984375000000000000e-01 1.132812500000000000e+00 3.554687500000000000e+00 1.992187500000000000e+00 1.382812500000000000e+00
1.719531249999999845e-01 9.785156250000000000e-01 6.076562500000000089e-01 3.265624999999999778e-02 1.037968750000000107e+00 -1.511914062500000044e+00 -4.101562500000000000e+00 -3.867187500000000000e+00 -1.445312500000000000e+00 -3.007812500000000000e+00 3.828125000000000000e-01
1.957031249999999778e-01 5.097656250000000000e-01 7.651562499999999822e-01 4.015625000000000444e-02 1.050468750000000062e+00 -1.407789062500000021e+00 -9.765625000000000000e-01 5.078125000000000000e-01 4.296875000000000000e-01 1.171875000000000000e-01 2.578125000000000000e-01
3.857031249999999800e-01 7.597656250000000000e-01 5.851562500000000444e-01 6.015625000000000833e-02 9.504687499999999734e-01 -5.747890625000000586e-01 4.023437500000000000e+00 -4.492187500000000000e+00 -4.570312500000000000e+00 -4.882812500000000000e+00 1.257812500000000000e+00
4.807031250000000089e-01 6.347656250000000000e-01 6.751562500000000133e-01 3.015624999999999903e-02 9.004687500000000400e-01 -1.824289062500000114e+00 1.523437500000000000e+00 3.007812500000000000e+00 2.929687500000000000e+00 -2.382812500000000000e+00 7.578125000000000000e-01
2.907031250000000067e-01 8.847656250000000000e-01 8.551562500000000622e-01 5.015624999999999944e-02 1.000468750000000018e+00 -9.912890625000001510e-01 -3.476562500000000000e+00 -1.992187500000000000e+00 -2.070312500000000000e+00 2.617187500000000000e+00 1.757812500000000000e+00
2.432031249999999922e-01 6.972656250000000000e-01 6.301562500000000844e-01 4.515625000000000194e-02 8.754687500000000178e-01 -7.830390625000001048e-01 -2.226562500000000000e+00 -3.242187500000000000e+00 1.679687500000000000e+00 -1.132812500000000000e+00 5.078125000000000000e-01
4.332031250000000222e-01 9.472656250000000000e-01 8.101562500000000222e-01 6.515624999999999889e-02 9.754687499999999956e-01 -1.616039062500000068e+00 2.773437500000000000e+00 1.757812500000000000e+00 -3.320312500000000000e+00 3.867187500000000000e+00 1.507812500000000000e+00
3.382031249999999933e-01 5.722656250000000000e-01 9.001562499999999911e-01 3.515625000000000000e-02 1.025468749999999929e+00 -3.665390625000000124e-01 2.734375000000000000e-01 -7.421875000000000000e-01 4.179687500000000000e+00 1.367187500000000000e+00 7.812500000000000000e-03
1.482031249999999911e-01 8.222656250000000000e-01 7.201562500000000533e-01 5.515625000000000389e-02 9.254687500000000622e-01 -1.199539062499999975e+00 -4.726562500000000000e+00 4.257812500000000000e+00 -8.203125000000000000e-01 -3.632812500000000000e+00 1.007812500000000000e+00
1.600781249999999878e-01 5.878906250000000000e-01 5.739062500000000622e-01 5.390625000000000278e-02 9.192187499999999734e-01 -1.668101562499999968e+00 4.960937500000000000e+00 1.445312500000000000e+00 -5.078125000000000000e-01 4.804687500000000000e+00 1.945312500000000000e+00
3.500781250000000178e-01 8.378906250000000000e-01 7.539062500000000000e-01 3.390624999999999889e-02 1.019218750000000062e+00 -8.351015625000000053e-01 -3.906250000000000000e-02 -3.554687500000000000e+00 4.492187500000000000e+00 -1.953125000000000000e-01 9.453125000000000000e-01
4.450781249999999911e-01 7.128906250000000000e-01 8.439062500000000799e-01 6.390624999999999778e-02 1.069218750000000107e+00 -1.251601562499999876e+00 -2.539062500000000000e+00 3.945312500000000000e+00 -3.007812500000000000e+00 -2.695312500000000000e+00 1.445312500000000000e+00
2.550781249999999889e-01 9.628906250000000000e-01 6.639062500000000311e-01 4.390625000000000083e-02 9.692187500000000178e-01 -4.186015625000001350e-01 2.460937500000000000e+00 -1.054687500000000000e+00 1.992187500000000000e+00 2.304687500000000000e+00 4.453125000000000000e-01
3.025781250000000311e-01 6.503906250000000000e-01 7.989062500000000400e-01 5.890625000000000722e-02 1.044218749999999973e+00 -6.268515624999999591e-01 3.710937500000000000e+00 -4.804687500000000000e+00 -1.757812500000000000e+00 -3.945312500000000000e+00 1.195312500000000000e+00
4.925781249999999778e-01 9.003906250000000000e-01 6.189062499999999911e-01 3.890625000000000333e-02 9.442187499999999956e-01 -1.459851562499999922e+00 -1.289062500000000000e+00 1.953125000000000000e-01 3.242187500000000000e+00 1.054687500000000000e+00 1.953125000000000000e-01
3.975781250000000044e-01 5.253906250000000000e-01 7.089062500000000711e-01 6.890625000000000222e-02 8.942187499999999512e-01 -1.043351562500000052e+00 -3.789062500000000000e+00 -2.304687500000000000e+00 -4.257812500000000000e+00 3.554687500000000000e+00 1.695312500000000000e+00
2.075781250000000022e-01 7.753906250000000000e-01 8.889062500000000089e-01 4.890624999999999833e-02 9.942187500000000400e-01 -1.876351562500000014e+00 1.210937500000000000e+00 2.695312500000000000e+00 7.421875000000000000e-01 -1.445312500000000000e+00 6.953125000000000000e-01
1.838281250000000089e-01 7.441406250000000000e-01 6.414062500000000666e-01 3.640625000000000111e-02 1.006718750000000107e+00 -1.980476562500000037e+00 4.335937500000000000e+00 -1.679687500000000000e+00 -2.382812500000000000e+00 4.179687500000000000e+00 5.703125000000000000e-01
3.738281250000000111e-01 9.941406250000000000e-01 8.214062500000001155e-01 5.640625000000000500e-02 9.067187500000000178e-01 -1.147476562500000075e+00 -6.640625000000000000e-01 3.320312500000000000e+00 2.617187500000000000e+00 -8.203125000000000000e-01 1.570312500000000000e+00
4.688281249999999845e-01 6.191406250000000000e-01 7.314062500000000355e-01 4.640625000000000305e-02 9.567187500000000622e-01 -1.563976562499999945e+00 -3.164062500000000000e+00 -4.179687500000000000e+00 -4.882812500000000000e+00 -3.320312500000000000e+00 7.031250000000000000e-02
2.788281249999999822e-01 8.691406250000000000e-01 5.514062500000000977e-01 6.640625000000000000e-02 1.056718750000000151e+00 -7.309765624999999822e-01 1.835937500000000000e+00 8.203125000000000000e-01 1.171875000000000000e-01 1.679687500000000000e+00 1.070312500000000000e+00
2.313281249999999956e-01 5.566406250000000000e-01 8.664062500000000444e-01 3.140624999999999667e-02 9.317187500000000400e-01 -5.227265625000001581e-01 3.085937500000000000e+00 4.570312500000000000e+00 -1.132812500000000000e+00 -4.570312500000000000e+00 3.203125000000000000e-01
4.213281249999999978e-01 8.066406250000000000e-01 6.864062500000001066e-01 5.140625000000000056e-02 1.031718750000000018e+00 -1.355726562500000121e+00 -1.914062500000000000e+00 -4.296875000000000000e-01 3.867187500000000000e+00 4.296875000000000000e-01 1.320312500000000000e+00
3.263281249999999689e-01 6.816406250000000000e-01 5.964062500000000266e-01 4.140624999999999861e-02 9.817187499999999734e-01 -9.392265625000000284e-01 -4.414062500000000000e+00 2.070312500000000000e+00 -3.632812500000000000e+00 2.929687500000000000e+00 8.203125000000000000e-01
1.363281249999999944e-01 9.316406250000000000e-01 7.764062500000000755e-01 6.140625000000000250e-02 8.817187499999999956e-01 -1.772226562499999991e+00 5.859375000000000000e-01 -2.929687500000000000e+00 1.367187500000000000e+00 -2.070312500000000000e+00 1.820312500000000000e+00
1.422656250000000067e-01 5.332031250000000000e-01 6.695312500000000222e-01 4.578125000000000250e-02 1.022343750000000107e+00 -6.528828125000001315e-01 -3.007812500000000000e+00 3.164062500000000000e+00 -3.164062500000000000e+00 1.210937500000000000e+00 1.289062500000000000e+00
3.322656250000000089e-01 7.832031250000000000e-01 8.495312500000000711e-01 6.578125000000001332e-02 9.223437500000000178e-01 -1.485882812499999872e+00 1.992187500000000000e+00 -1.835937500000000000e+00 1.835937500000000000e+00 -3.789062500000000000e+00 2.890625000000000000e-01
4.272656249999999822e-01 6.582031250000000000e-01 7.595312499999999911e-01 3.578125000000000056e-02 8.723437499999999734e-01 -1.069382812500000002e+00 4.492187500000000000e+00 6.640625000000000000e-01 -6.640625000000000000e-01 -1.289062500000000000e+00 1.789062500000000000e+00
2.372656249999999800e-01 9.082031250000000000e-01 5.795312500000000533e-01 5.578125000000000444e-02 9.723437500000000622e-01 -1.902382812499999964e+00 -5.078125000000000000e-01 -4.335937500000000000e+00 4.335937500000000000e+00 3.710937500000000000e+00 7.890625000000000000e-01
2.847656250000000222e-01 7.207031250000000000e-01 8.945312500000000000e-01 4.078125000000000500e-02 8.973437499999999956e-01 -1.694132812499999918e+00 -4.257812500000000000e+00 -5.859375000000000000e-01 -4.414062500000000000e+00 -3.906250000000000000e-02 1.539062500000000000e+00
4.747656250000000244e-01 9.707031250000000000e-01 7.145312500000000622e-01 6.078125000000000888e-02 9.973437499999999734e-01 -8.611328124999999556e-01 7.421875000000000000e-01 4.414062500000000000e+00 5.859375000000000000e-01 4.960937500000000000e+00 5.390625000000000000e-01
3.797656249999999956e-01 5.957031250000000000e-01 6.245312499999999822e-01 3.078124999999999958e-02 1.047343750000000018e+00 -1.277632812500000048e+00 3.242187500000000000e+00 -3.085937500000000000e+00 -1.914062500000000000e+00 2.460937500000000000e+00 1.039062500000000000e+00
1.897656249999999933e-01 8.457031250000000000e-01 8.045312500000000311e-01 5.078125000000000000e-02 9.473437500000000400e-01 -4.446328125000000853e-01 -1.757812500000000000e+00 1.914062500000000000e+00 3.085937500000000000e+00 -2.539062500000000000e+00 3.906250000000000000e-02
2.135156249999999867e-01 6.269531250000000000e-01 5.570312500000000888e-01 6.328125000000001110e-02 9.348437499999999734e-01 -3.405078125000000622e-01 -3.632812500000000000e+00 -3.710937500000000000e+00 -3.789062500000000000e+00 5.859375000000000000e-01 1.640625000000000000e-01
4.035156249999999889e-01 8.769531250000000000e-01 7.370312500000000266e-01 4.328125000000000028e-02 1.034843750000000062e+00 -1.173507812500000025e+00 1.367187500000000000e+00 1.289062500000000000e+00 1.210937500000000000e+00 -4.414062500000000000e+00 1.164062500000000000e+00
4.985156250000000178e-01 5.019531250000000000e-01 8.270312500000001066e-01 5.328125000000000222e-02 9.848437500000000178e-01 -7.570078125000001545e-01 3.867187500000000000e+00 -1.210937500000000000e+00 -1.289062500000000000e+00 -1.914062500000000000e+00 6.640625000000000000e-01
3.085156249999999600e-01 7.519531250000000000e-01 6.470312500000000577e-01 3.328124999999999833e-02 8.848437500000000400e-01 -1.590007812500000117e+00 -1.132812500000000000e+00 3.789062500000000000e+00 3.710937500000000000e+00 3.085937500000000000e+00 1.664062500000000000e+00
2.610156249999999734e-01 5.644531250000000000e-01 7.820312500000000666e-01 6.828125000000001554e-02 1.009843749999999929e+00 -1.798257812499999941e+00 -4.882812500000000000e+00 3.906250000000000000e-02 -2.539062500000000000e+00 -6.640625000000000000e-01 9.140625000000000000e-01
4.510156249999999756e-01 8.144531250000000000e-01 6.020312500000000178e-01 4.828124999999999778e-02 9.098437500000000622e-01 -9.652578124999999787e-01 1.171875000000000000e-01 -4.960937500000000000e+00 2.460937500000000000e+00 4.335937500000000000e+00 1.914062500000000000e+00
3.560156250000000022e-01 6.894531250000000000e-01 6.920312500000000977e-01 5.828125000000000666e-02 9.598437499999999956e-01 -1.381757812500000071e+00 2.617187500000000000e+00 2.539062500000000000e+00 -3.906250000000000000e-02 1.835937500000000000e+00 4.140625000000000000e-01
1.660156250000000000e-01 9.394531250000000000e-01 8.720312500000000355e-01 3.828125000000000278e-02 1.059843749999999973e+00 -5.487578125000001084e-01 -2.382812500000000000e+00 -2.460937500000000000e+00 4.960937500000000000e+00 -3.164062500000000000e+00 1.414062500000000000e+00
1.541406250000000033e-01 7.050781250000000000e-01 7.482812500000000089e-01 3.203124999999999722e-02 9.785937500000000400e-01 -1.017320312499999879e+00 2.304687500000000000e+00 -4.648437500000000000e+00 4.023437500000000000e+00 4.648437500000000000e+00 1.601562500000000000e+00
3.441406249999999778e-01 9.550781250000000000e-01 5.682812500000000711e-01 5.203125000000000111e-02 8.785937499999999512e-01 -1.850320312500000064e+00 -2.695312500000000000e+00 3.515625000000000000e-01 -9.765625000000000000e-01 -3.515625000000000000e-01 6.015625000000000000e-01
4.391406250000000067e-01 5.800781250000000000e-01 6.582812500000000400e-01 4.203124999999999917e-02 9.285937499999999956e-01 -6.008203125000000089e-01 -1.953125000000000000e-01 -2.148437500000000000e+00 1.523437500000000000e+00 -2.851562500000000000e+00 1.101562500000000000e+00
2.491406250000000044e-01 8.300781250000000000e-01 8.382812500000000888e-01 6.203125000000000305e-02 1.028593749999999973e+00 -1.433820312499999972e+00 4.804687500000000000e+00 2.851562500000000000e+00 -3.476562500000000000e+00 2.148437500000000000e+00 1.015625000000000000e-01
2.966406249999999911e-01 5.175781250000000000e-01 6.132812500000000000e-01 3.703125000000000167e-02 9.535937500000000178e-01 -1.225570312499999925e+00 1.054687500000000000e+00 1.601562500000000000e+00 2.773437500000000000e+00 -4.101562500000000000e+00 1.351562500000000000e+00
4.866406249999999933e-01 7.675781250000000000e-01 7.932812500000000488e-01 5.703125000000000555e-02 1.053593750000000107e+00 -3.925703124999999627e-01 -3.945312500000000000e+00 -3.398437500000000000e+00 -2.226562500000000000e+00 8.984375000000000000e-01 3.515625000000000000e-01
3.916406250000000200e-01 6.425781250000000000e-01 8.832812500000000178e-01 4.703125000000000361e-02 1.003593750000000062e+00 -1.642070312500000018e+00 -1.445312500000000000e+00 4.101562500000000000e+00 2.734375000000000000e-01 3.398437500000000000e+00 1.851562500000000000e+00
2.016406249999999900e-01 8.925781250000000000e-01 7.032812500000000799e-01 6.703125000000001443e-02 9.035937499999999734e-01 -8.090703125000000551e-01 3.554687500000000000e+00 -8.984375000000000000e-01 -4.726562500000000000e+00 -1.601562500000000000e+00 8.515625000000000000e-01
1.778906249999999967e-01 6.113281250000000000e-01 8.607812500000000533e-01 5.953125000000000777e-02 8.910937500000000178e-01 -9.131953125000000782e-01 1.679687500000000000e+00 4.726562500000000000e+00 3.398437500000000000e+00 4.023437500000000000e+00 9.765625000000000000e-01
3.678906250000000266e-01 8.613281250000000000e-01 6.807812500000000044e-01 3.953125000000000389e-02 9.910937499999999956e-01 -1.746195312500000041e+00 -3.320312500000000000e+00 -2.734375000000000000e-01 -1.601562500000000000e+00 -9.765625000000000000e-01 1.976562500000000000e+00
4.628906250000000000e-01 7.363281250000000000e-01 5.907812500000000355e-01 6.953125000000001665e-02 1.041093749999999929e+00 -4.966953124999999858e-01 -8.203125000000000000e-01 2.226562500000000000e+00 8.984375000000000000e-01 -3.476562500000000000e+00 4.765625000000000000e-01
2.728906249999999978e-01 9.863281250000000000e-01 7.707812499999999734e-01 4.953124999999999889e-02 9.410937500000000622e-01 -1.329695312500000171e+00 4.179687500000000000e+00 -2.773437500000000000e+00 -4.101562500000000000e+00 1.523437500000000000e+00 1.476562500000000000e+00
2.253906250000000111e-01 6.738281250000000000e-01 7.257812500000000444e-01 5.453125000000000333e-02 1.066093750000000062e+00 -1.537945312499999995e+00 4.296875000000000000e-01 -1.523437500000000000e+00 4.648437500000000000e+00 -4.726562500000000000e+00 2.265625000000000000e-01
4.153906250000000133e-01 9.238281250000000000e-01 9.057812499999999822e-01 3.453124999999999944e-02 9.660937499999999734e-01 -7.049453125000000320e-01 -4.570312500000000000e+00 3.476562500000000000e+00 -3.515625000000000000e-01 2.734375000000000000e-01 1.226562500000000000e+00
3.203906249999999845e-01 5.488281250000000000e-01 8.157812500000000133e-01 6.453125000000001221e-02 9.160937500000000400e-01 -1.954445312500000087e+00 -2.070312500000000000e+00 -4.023437500000000000e+00 2.148437500000000000e+00 2.773437500000000000e+00 7.265625000000000000e-01
1.303906249999999822e-01 7.988281250000000000e-01 6.357812500000000755e-01 4.453125000000000139e-02 1.016093750000000018e+00 -1.121445312500000124e+00 2.929687500000000000e+00 9.765625000000000000e-01 -2.851562500000000000e+00 -2.226562500000000000e+00 1.726562500000000000e+00
1.274218749999999900e-01 5.996093750000000000e-01 8.129687500000000178e-01 3.984374999999999722e-02 9.207812499999999956e-01 -8.220859375000000302e-01 -4.335937500000000000e+00 3.085937500000000000e+00 1.953125000000000000e-01 3.007812500000000000e+00 4.921875000000000000e-01
3.174218749999999645e-01 8.496093750000000000e-01 6.329687500000000799e-01 5.984375000000000111e-02 1.020781249999999973e+00 -1.655085937499999993e+00 6.640625000000000000e-01 -1.914062500000000000e+00 -4.804687500000000000e+00 -1.992187500000000000e+00 1.492187500000000000e+00
4.124218749999999933e-01 7.246093750000000000e-01 7.229687500000000488e-01 4.984375000000000611e-02 9.707812500000000400e-01 -4.055859375000001599e-01 3.164062500000000000e+00 5.859375000000000000e-01 2.695312500000000000e+00 -4.492187500000000000e+00 9.921875000000000000e-01
2.224218749999999911e-01 9.746093750000000000e-01 9.029687500000000977e-01 6.984375000000000999e-02 8.707812499999999512e-01 -1.238585937499999901e+00 -1.835937500000000000e+00 -4.414062500000000000e+00 -2.304687500000000000e+00 5.078125000000000000e-01 1.992187500000000000e+00
2.699218749999999778e-01 6.621093750000000000e-01 5.879687500000000400e-01 3.484374999999999972e-02 9.957812500000000622e-01 -1.446835937499999947e+00 -3.085937500000000000e+00 -6.640625000000000000e-01 1.445312500000000000e+00 -3.242187500000000000e+00 7.421875000000000000e-01
4.599218749999999800e-01 9.121093750000000000e-01 7.679687500000000888e-01 5.484375000000000361e-02 8.957812499999999734e-01 -6.138359374999999840e-01 1.914062500000000000e+00 4.335937500000000000e+00 -3.554687500000000000e+00 1.757812500000000000e+00 1.742187500000000000e+00
3.649218750000000067e-01 5.371093750000000000e-01 8.579687500000000577e-01 4.484375000000000167e-02 9.457812500000000178e-01 -1.863335937500000039e+00 4.414062500000000000e+00 -3.164062500000000000e+00 3.945312500000000000e+00 4.257812500000000000e+00 2.421875000000000000e-01
1.749218750000000044e-01 7.871093750000000000e-01 6.779687500000000089e-01 6.484375000000000555e-02 1.045781250000000107e+00 -1.030335937500000076e+00 -5.859375000000000000e-01 1.835937500000000000e+00 -1.054687500000000000e+00 -7.421875000000000000e-01 1.242187500000000000e+00
1.986718749999999978e-01 6.933593750000000000e-01 8.804687500000000222e-01 5.234375000000000833e-02 1.033281249999999929e+00 -1.134460937500000099e+00 -4.960937500000000000e+00 -2.539062500000000000e+00 2.070312500000000000e+00 3.632812500000000000e+00 1.117187500000000000e+00
3.886718750000000000e-01 9.433593750000000000e-01 7.004687499999999734e-01 3.234374999999999750e-02 9.332812500000000622e-01 -1.967460937500000062e+00 3.906250000000000000e-02 2.460937500000000000e+00 -2.929687500000000000e+00 -1.367187500000000000e+00 1.171875000000000000e-01
4.836718749999999734e-01 5.683593750000000000e-01 6.104687500000000044e-01 6.234375000000000333e-02 8.832812500000000178e-01 -7.179609375000000071e-01 2.539062500000000000e+00 -3.906250000000000000e-02 4.570312500000000000e+00 -3.867187500000000000e+00 1.617187500000000000e+00
2.936718750000000266e-01 8.183593750000000000e-01 7.904687500000000533e-01 4.234374999999999944e-02 9.832812499999999956e-01 -1.550960937499999970e+00 -2.460937500000000000e+00 4.960937500000000000e+00 -4.296875000000000000e-01 1.132812500000000000e+00 6.171875000000000000e-01
2.461718749999999845e-01 5.058593750000000000e-01 6.554687500000000444e-01 5.734375000000000583e-02 9.082812500000000400e-01 -1.342710937500000146e+00 -3.710937500000000000e+00 1.210937500000000000e+00 8.203125000000000000e-01 -2.617187500000000000e+00 1.867187500000000000e+00
4.361718749999999867e-01 7.558593750000000000e-01 8.354687499999999822e-01 3.734375000000000194e-02 1.008281250000000018e+00 -5.097109374999999609e-01 1.289062500000000000e+00 -3.789062500000000000e+00 -4.179687500000000000e+00 2.382812500000000000e+00 8.671875000000000000e-01
3.411718750000000133e-01 6.308593750000000000e-01 7.454687500000000133e-01 6.734375000000000777e-02 1.058281250000000062e+00 -1.759210937500000016e+00 3.789062500000000000e+00 3.710937500000000000e+00 3.320312500000000000e+00 4.882812500000000000e+00 1.367187500000000000e+00
1.511718750000000111e-01 8.808593750000000000e-01 5.654687500000000755e-01 4.734375000000000389e-02 9.582812499999999734e-01 -9.262109375000000533e-01 -1.210937500000000000e+00 -1.289062500000000000e+00 -1.679687500000000000e+00 -1.171875000000000000e-01 3.671875000000000000e-01
1.630468749999999800e-01 6.464843750000000000e-01 6.892187499999999911e-01 4.359375000000000056e-02 8.770312500000000400e-01 -4.576484375000000604e-01 9.765625000000000000e-01 -4.101562500000000000e+00 -1.992187500000000000e+00 1.445312500000000000e+00 6.796875000000000000e-01
3.530468749999999822e-01 8.964843750000000000e-01 8.692187500000000400e-01 6.359375000000000444e-02 9.770312500000000178e-01 -1.290648437500000023e+00 -4.023437500000000000e+00 8.984375000000000000e-01 3.007812500000000000e+00 -3.554687500000000000e+00 1.679687500000000000e+00
4.480468750000000111e-01 5.214843750000000000e-01 7.792187500000000711e-01 3.359374999999999861e-02 1.027031250000000062e+00 -8.741484375000001528e-01 -1.523437500000000000e+00 -1.601562500000000000e+00 -4.492187500000000000e+00 -1.054687500000000000e+00 1.796875000000000000e-01
2.580468750000000089e-01 7.714843750000000000e-01 5.992187500000000222e-01 5.359375000000000250e-02 9.270312499999999734e-01 -1.707148437499999893e+00 3.476562500000000000e+00 3.398437500000000000e+00 5.078125000000000000e-01 3.945312500000000000e+00 1.179687500000000000e+00
3.055468749999999956e-01 5.839843750000000000e-01 8.242187500000000000e-01 4.859375000000000500e-02 1.052031249999999973e+00 -1.915398437499999940e+00 2.226562500000000000e+00 2.148437500000000000e+00 -7.421875000000000000e-01 -2.304687500000000000e+00 4.296875000000000000e-01
4.955468749999999978e-01 8.339843750000000000e-01 6.442187500000000622e-01 6.859375000000000888e-02 9.520312499999999956e-01 -1.082398437500000199e+00 -2.773437500000000000e+00 -2.851562500000000000e+00 4.257812500000000000e+00 2.695312500000000000e+00 1.429687500000000000e+00
4.005468750000000244e-01 7.089843750000000000e-01 5.542187500000000933e-01 3.859375000000000305e-02 9.020312500000000622e-01 -1.498898437500000069e+00 -2.734375000000000000e-01 4.648437500000000000e+00 -3.242187500000000000e+00 1.953125000000000000e-01 9.296875000000000000e-01
2.105468749999999944e-01 9.589843750000000000e-01 7.342187500000000311e-01 5.859375000000000000e-02 1.002031249999999929e+00 -6.658984375000001066e-01 4.726562500000000000e+00 -3.515625000000000000e-01 1.757812500000000000e+00 -4.804687500000000000e+00 1.929687500000000000e+00
1.867968750000000011e-01 5.527343750000000000e-01 6.217187500000000977e-01 6.609375000000000666e-02 9.895312499999999734e-01 -5.617734375000000835e-01 3.515625000000000000e-01 4.023437500000000000e+00 -1.171875000000000000e-01 2.070312500000000000e+00 1.804687500000000000e+00
3.767968749999999756e-01 8.027343750000000000e-01 8.017187500000000355e-01 4.609375000000000278e-02 8.895312499999999956e-01 -1.394773437500000046e+00 -4.648437500000000000e+00 -9.765625000000000000e-01 4.882812500000000000e+00 -2.929687500000000000e+00 8.046875000000000000e-01
4.717968750000000044e-01 6.777343750000000000e-01 8.917187500000000044e-01 5.609375000000000472e-02 9.395312500000000400e-01 -9.782734374999999538e-01 -2.148437500000000000e+00 1.523437500000000000e+00 -2.617187500000000000e+00 -4.296875000000000000e-01 1.304687500000000000e+00
2.817968750000000022e-01 9.277343750000000000e-01 7.117187500000000666e-01 3.609375000000000083e-02 1.039531250000000018e+00 -1.811273437499999917e+00 2.851562500000000000e+00 -3.476562500000000000e+00 2.382812500000000000e+00 4.570312500000000000e+00 3.046875000000000000e-01
2.342968750000000155e-01 7.402343750000000000e-01 7.567187499999999956e-01 6.109375000000000222e-02 9.645312500000000622e-01 -1.603023437500000092e+00 1.601562500000000000e+00 -2.226562500000000000e+00 -1.367187500000000000e+00 -1.679687500000000000e+00 1.054687500000000000e+00
4.242968750000000178e-01 9.902343750000000000e-01 5.767187500000000577e-01 4.109374999999999833e-02 1.064531250000000151e+00 -7.700234375000001297e-01 -3.398437500000000000e+00 2.773437500000000000e+00 3.632812500000000000e+00 3.320312500000000000e+00 5.468750000000000000e-02
3.292968749999999889e-01 6.152343750000000000e-01 6.667187500000000266e-01 5.109375000000000722e-02 1.014531250000000107e+00 -1.186523437500000000e+00 -8.984375000000000000e-01 -4.726562500000000000e+00 -3.867187500000000000e+00 8.203125000000000000e-01 1.554687500000000000e+00
1.392968749999999867e-01 8.652343750000000000e-01 8.467187499999999645e-01 3.109374999999999986e-02 9.145312500000000178e-01 -3.535234375000000373e-01 4.101562500000000000e+00 2.734375000000000000e-01 1.132812500000000000e+00 -4.179687500000000000e+00 5.546875000000000000e-01
1.333593750000000022e-01 7.324218750000000000e-01 6.048437500000000133e-01 5.671875000000000527e-02 1.061406250000000107e+00 -1.889367187499999989e+00 -1.679687500000000000e+00 -1.132812500000000000e+00 -4.335937500000000000e+00 2.539062500000000000e+00 8.593750000000000000e-02
3.233593750000000044e-01 9.824218750000000000e-01 7.848437500000000622e-01 3.671875000000000139e-02 9.614062500000000178e-01 -1.056367187500000027e+00 3.320312500000000000e+00 3.867187500000000000e+00 6.640625000000000000e-01 -2.460937500000000000e+00 1.085937500000000000e+00
4.183593749999999778e-01 6.074218750000000000e-01 8.748437500000000311e-01 6.671875000000000722e-02 9.114062499999999734e-01 -1.472867187499999897e+00 8.203125000000000000e-01 -3.632812500000000000e+00 -1.835937500000000000e+00 -4.960937500000000000e+00 5.859375000000000000e-01
2.283593750000000033e-01 8.574218750000000000e-01 6.948437499999999822e-01 4.671875000000000333e-02 1.011406250000000062e+00 -6.398671875000001563e-01 -4.179687500000000000e+00 1.367187500000000000e+00 3.164062500000000000e+00 3.906250000000000000e-02 1.585937500000000000e+00
2.758593750000000178e-01 5.449218750000000000e-01 7.398437500000000222e-01 5.171875000000000777e-02 8.864062499999999512e-01 -4.316171875000001101e-01 -4.296875000000000000e-01 2.617187500000000000e+00 -3.085937500000000000e+00 -3.710937500000000000e+00 8.359375000000000000e-01
4.658593750000000200e-01 7.949218750000000000e-01 5.598437500000000844e-01 3.171874999999999695e-02 9.864062500000000400e-01 -1.264617187500000073e+00 4.570312500000000000e+00 -2.382812500000000000e+00 1.914062500000000000e+00 1.289062500000000000e+00 1.835937500000000000e+00
3.708593749999999911e-01 6.699218750000000000e-01 6.498437500000000533e-01 6.171875000000000278e-02 1.036406249999999973e+00 -8.481171874999999805e-01 2.070312500000000000e+00 1.171875000000000000e-01 -5.859375000000000000e-01 3.789062500000000000e+00 3.359375000000000000e-01
1.808593749999999889e-01 9.199218750000000000e-01 8.298437499999999911e-01 4.171874999999999889e-02 9.364062499999999956e-01 -1.681117187499999943e+00 -2.929687500000000000e+00 -4.882812500000000000e+00 4.414062500000000000e+00 -1.210937500000000000e+00 1.335937500000000000e+00
2.046093749999999822e-01 5.761718750000000000e-01 7.173437500000000577e-01 3.421874999999999917e-02 9.489062500000000622e-01 -1.785242187499999966e+00 -2.304687500000000000e+00 7.421875000000000000e-01 -3.710937500000000000e+00 3.164062500000000000e+00 1.460937500000000000e+00
3.946093749999999845e-01 8.261718750000000000e-01 8.973437500000001066e-01 5.421875000000000305e-02 1.048906250000000151e+00 -9.522421875000000036e-01 2.695312500000000000e+00 -4.257812500000000000e+00 1.289062500000000000e+00 -1.835937500000000000e+00 4.609375000000000000e-01
4.896093750000000133e-01 7.011718750000000000e-01 8.073437500000000266e-01 4.421875000000000111e-02 9.989062500000001066e-01 -1.368742187500000096e+00 1.953125000000000000e-01 3.242187500000000000e+00 -1.210937500000000000e+00 -4.335937500000000000e+00 1.960937500000000000e+00
2.996093750000000111e-01 9.511718750000000000e-01 6.273437500000000888e-01 6.421875000000000500e-02 8.989062500000000178e-01 -5.357421875000001332e-01 -4.804687500000000000e+00 -1.757812500000000000e+00 3.789062500000000000e+00 6.640625000000000000e-01 9.609375000000000000e-01
2.521093749999999689e-01 6.386718750000000000e-01 8.523437499999999556e-01 3.921874999999999667e-02 9.739062499999999734e-01 -7.439921874999999574e-01 -1.054687500000000000e+00 -3.007812500000000000e+00 -4.960937500000000000e+00 -3.085937500000000000e+00 1.710937500000000000e+00
4.421093750000000266e-01 8.886718750000000000e-01 6.723437500000000178e-01 5.921875000000000056e-02 8.739062499999999956e-01 -1.576992187500000142e+00 3.945312500000000000e+00 1.992187500000000000e+00 3.906250000000000000e-02 1.914062500000000000e+00 7.109375000000000000e-01
3.471093749999999978e-01 5.136718750000000000e-01 5.823437500000000488e-01 4.921875000000000555e-02 9.239062500000000400e-01 -1.160492187500000050e+00 1.445312500000000000e+00 -5.078125000000000000e-01 -2.460937500000000000e+00 4.414062500000000000e+00 1.210937500000000000e+00
1.571093749999999956e-01 7.636718750000000000e-01 7.623437500000000977e-01 6.921875000000000944e-02 1.023906250000000018e+00 -1.993492187500000012e+00 -3.554687500000000000e+00 4.492187500000000000e+00 2.539062500000000000e+00 -5.859375000000000000e-01 2.109375000000000000e-01
1.452343749999999989e-01 5.292968750000000000e-01 9.085937500000000888e-01 6.046875000000000167e-02 1.017656249999999929e+00 -1.524929687500000020e+00 3.632812500000000000e+00 2.304687500000000000e+00 3.476562500000000000e+00 1.601562500000000000e+00 7.734375000000000000e-01
3.352343749999999734e-01 7.792968750000000000e-01 7.285937500000000400e-01 4.046874999999999778e-02 9.176562500000000622e-01 -6.919296875000000568e-01 -1.367187500000000000e+00 -2.695312500000000000e+00 -1.523437500000000000e+00 -3.398437500000000000e+00 1.773437500000000000e+00
4.302343750000000022e-01 6.542968750000000000e-01 6.385937500000000711e-01 5.046875000000000666e-02 9.676562499999999956e-01 -1.941429687499999890e+00 -3.867187500000000000e+00 4.804687500000000000e+00 9.765625000000000000e-01 -8.984375000000000000e-01 2.734375000000000000e-01
2.402343750000000000e-01 9.042968750000000000e-01 8.185937500000000089e-01 3.046874999999999931e-02 1.067656249999999973e+00 -1.108429687500000149e+00 1.132812500000000000e+00 -1.953125000000000000e-01 -4.023437500000000000e+00 4.101562500000000000e+00 1.273437500000000000e+00
2.877343749999999867e-01 7.167968750000000000e-01 6.835937500000000000e-01 6.546875000000000611e-02 9.426562499999999734e-01 -9.001796875000001030e-01 4.882812500000000000e+00 -3.945312500000000000e+00 4.726562500000000000e+00 -2.148437500000000000e+00 2.343750000000000000e-02
4.777343749999999889e-01 9.667968750000000000e-01 8.635937500000000488e-01 4.546875000000000222e-02 1.042656250000000062e+00 -1.733179687500000066e+00 -1.171875000000000000e-01 1.054687500000000000e+00 -2.734375000000000000e-01 2.851562500000000000e+00 1.023437500000000000e+00
3.827343750000000155e-01 5.917968750000000000e-01 7.735937500000000799e-01 5.546875000000000416e-02 9.926562500000000178e-01 -4.836796875000000107e-01 -2.617187500000000000e+00 -1.445312500000000000e+00 2.226562500000000000e+00 3.515625000000000000e-01 5.234375000000000000e-01
1.927343750000000133e-01 8.417968750000000000e-01 5.935937500000000311e-01 3.546875000000000028e-02 8.926562500000000400e-01 -1.316679687500000195e+00 2.382812500000000000e+00 3.554687500000000000e+00 -2.773437500000000000e+00 -4.648437500000000000e+00 1.523437500000000000e+00
1.689843749999999922e-01 6.855468750000000000e-01 7.960937500000000444e-01 4.796875000000000444e-02 9.051562499999999956e-01 -1.212554687499999950e+00 3.007812500000000000e+00 -2.070312500000000000e+00 4.101562500000000000e+00 2.226562500000000000e+00 1.648437500000000000e+00
3.589843750000000222e-01 9.355468750000000000e-01 6.160937499999999956e-01 6.796875000000000833e-02 1.005156249999999973e+00 -3.795546874999999876e-01 -1.992187500000000000e+00 2.929687500000000000e+00 -8.984375000000000000e-01 -2.773437500000000000e+00 6.484375000000000000e-01
4.539843749999999956e-01 5.605468750000000000e-01 7.060937500000000755e-01 3.796875000000000250e-02 1.055156250000000018e+00 -1.629054687500000043e+00 -4.492187500000000000e+00 -4.570312500000000000e+00 1.601562500000000000e+00 -2.734375000000000000e-01 1.148437500000000000e+00
2.639843749999999933e-01 8.105468750000000000e-01 8.860937500000000133e-01 5.796874999999999944e-02 9.551562500000000400e-01 -7.960546875000000799e-01 5.078125000000000000e-01 4.296875000000000000e-01 -3.398437500000000000e+00 4.726562500000000000e+00 1.484375000000000000e-01
2.164843750000000067e-01 6.230468750000000000e-01 5.710937500000000666e-01 4.296875000000000000e-02 1.030156250000000107e+00 -1.004304687499999904e+00 4.257812500000000000e+00 4.179687500000000000e+00 2.851562500000000000e+00 -1.523437500000000000e+00 1.398437500000000000e+00
4.064843750000000089e-01 8.730468750000000000e-01 7.510937500000000044e-01 6.296875000000000389e-02 9.301562500000000178e-01 -1.837304687500000089e+00 -7.421875000000000000e-01 -8.203125000000000000e-01 -2.148437500000000000e+00 3.476562500000000000e+00 3.984375000000000000e-01
3.114843750000000355e-01 7.480468750000000000e-01 8.410937499999999734e-01 3.296874999999999806e-02 8.801562499999999734e-01 -5.878046875000000338e-01 -3.242187500000000000e+00 1.679687500000000000e+00 3.515625000000000000e-01 9.765625000000000000e-01 1.898437500000000000e+00
1.214843749999999917e-01 9.980468750000000000e-01 6.610937500000000355e-01 5.296875000000000194e-02 9.801562500000000622e-01 -1.420804687499999996e+00 1.757812500000000000e+00 -3.320312500000000000e+00 -4.648437500000000000e+00 -4.023437500000000000e+00 8.984375000000000000e-01
1.222265624999999967e-01 7.490234375000000000e-01 7.855468750000000888e-01 4.132812500000000028e-02 1.036796875000000062e+00 -3.763007812500001048e-01 4.667968750000000000e+00 -1.425781250000000000e+00 -1.367187500000000000e-01 -3.339843750000000000e+00 1.488281250000000000e+00
3.122265625000000266e-01 9.990234375000000000e-01 6.055468750000000400e-01 6.132812500000000416e-02 9.367968749999999734e-01 -1.209300781250000068e+00 -3.320312500000000000e-01 3.574218750000000000e+00 4.863281250000000000e+00 1.660156250000000000e+00 4.882812500000000000e-01
4.072265625000000000e-01 6.240234375000000000e-01 6.955468750000000089e-01 3.132812499999999833e-02 8.867968750000000400e-01 -7.928007812499999751e-01 -2.832031250000000000e+00 -3.925781250000000000e+00 -2.636718750000000000e+00 4.160156250000000000e+00 1.988281250000000000e+00
2.172265624999999978e-01 8.740234375000000000e-01 8.755468750000000577e-01 5.132812500000000222e-02 9.867968750000000178e-01 -1.625800781249999938e+00 2.167968750000000000e+00 1.074218750000000000e+00 2.363281250000000000e+00 -8.398437500000000000e-01 9.882812500000000000e-01
2.647265624999999845e-01 5.615234375000000000e-01 5.605468750000000000e-01 4.632812499999999778e-02 9.117968750000000622e-01 -1.834050781249999984e+00 3.417968750000000000e+00 4.824218750000000000e+00 -1.386718750000000000e+00 2.910156250000000000e+00 1.738281250000000000e+00
4.547265624999999867e-01 8.115234375000000000e-01 7.405468750000000488e-01 6.632812500000001554e-02 1.011796874999999929e+00 -1.001050781250000021e+00 -1.582031250000000000e+00 -1.757812500000000000e-01 3.613281250000000000e+00 -2.089843750000000000e+00 7.382812500000000000e-01
3.597265625000000133e-01 6.865234375000000000e-01 8.305468750000000178e-01 3.632812500000000278e-02 1.061796874999999973e+00 -1.417550781250000114e+00 -4.082031250000000000e+00 2.324218750000000000e+00 -3.886718750000000000e+00 -4.589843750000000000e+00 1.238281250000000000e+00
1.697265625000000111e-01 9.365234375000000000e-01 6.505468750000000799e-01 5.632812500000000666e-02 9.617968749999999956e-01 -5.845507812500001510e-01 9.179687500000000000e-01 -2.675781250000000000e+00 1.113281250000000000e+00 4.101562500000000000e-01 2.382812500000000000e-01
1.934765625000000044e-01 5.927734375000000000e-01 8.980468750000000222e-01 6.882812500000000389e-02 9.242968750000000178e-01 -6.886757812499999520e-01 4.042968750000000000e+00 1.699218750000000000e+00 -2.011718750000000000e+00 -2.714843750000000000e+00 1.132812500000000000e-01
3.834765625000000067e-01 8.427734375000000000e-01 7.180468749999999734e-01 4.882812500000000000e-02 1.024296875000000107e+00 -1.521675781249999915e+00 -9.570312500000000000e-01 -3.300781250000000000e+00 2.988281250000000000e+00 2.285156250000000000e+00 1.113281250000000000e+00
4.784765624999999800e-01 7.177734375000000000e-01 6.280468750000000044e-01 5.882812500000000888e-02 9.742968750000000622e-01 -1.105175781250000044e+00 -3.457031250000000000e+00 4.199218750000000000e+00 -4.511718750000000000e+00 4.785156250000000000e+00 6.132812500000000000e-01
2.884765624999999778e-01 9.677734375000000000e-01 8.080468750000000533e-01 3.882812499999999806e-02 8.742968749999999734e-01 -1.938175781250000007e+00 1.542968750000000000e+00 -8.007812500000000000e-01 4.882812500000000000e-01 -2.148437500000000000e-01 1.613281250000000000e+00
2.409765624999999911e-01 6.552734375000000000e-01 6.730468750000000444e-01 6.382812500000001332e-02 9.992968749999999734e-01 -1.729925781249999961e+00 2.792968750000000000e+00 -4.550781250000000000e+00 -7.617187500000000000e-01 3.535156250000000000e+00 8.632812500000000000e-01
4.309765624999999933e-01 9.052734375000000000e-01 8.530468749999999822e-01 4.382812500000000250e-02 8.992968749999999956e-01 -8.969257812499999982e-01 -2.207031250000000000e+00 4.492187500000000000e-01 4.238281250000000000e+00 -1.464843750000000000e+00 1.863281250000000000e+00
3.359765624999999645e-01 5.302734375000000000e-01 7.630468750000000133e-01 5.382812500000000444e-02 9.492968750000000400e-01 -1.313425781249999869e+00 -4.707031250000000000e+00 -2.050781250000000000e+00 -3.261718750000000000e+00 -3.964843750000000000e+00 3.632812500000000000e-01
1.459765624999999900e-01 7.802734375000000000e-01 5.830468750000000755e-01 3.382812500000000056e-02 1.049296875000000018e+00 -4.804257812500001279e-01 2.929687500000000000e-01 2.949218750000000000e+00 1.738281250000000000e+00 1.035156250000000000e+00 1.363281250000000000e+00
1.578515624999999867e-01 5.146484375000000000e-01 7.292968750000000666e-01 3.507812500000000167e-02 9.930468749999999956e-01 -9.489882812500001208e-01 -1.953125000000000000e-02 1.367187500000000000e-01 2.050781250000000000e+00 -2.402343750000000000e+00 1.675781250000000000e+00
3.478515624999999889e-01 7.646484375000000000e-01 9.092968750000000044e-01 5.507812500000000555e-02 8.930468750000000178e-01 -1.781988281250000083e+00 4.980468750000000000e+00 -4.863281250000000000e+00 -2.949218750000000000e+00 2.597656250000000000e+00 6.757812500000000000e-01
4.428515625000000178e-01 6.396484375000000000e-01 8.192968750000000355e-01 4.507812500000000361e-02 9.430468750000000622e-01 -5.324882812500000284e-01 2.480468750000000000e+00 2.636718750000000000e+00 4.550781250000000000e+00 9.765625000000000000e-02 1.175781250000000000e+00
2.528515624999999600e-01 8.896484375000000000e-01 6.392968750000000977e-01 6.507812500000001443e-02 1.043046874999999929e+00 -1.365488281249999991e+00 -2.519531250000000000e+00 -2.363281250000000000e+00 -4.492187500000000000e-01 -4.902343750000000000e+00 1.757812500000000000e-01
3.003515625000000022e-01 7.021484375000000000e-01 8.642968749999999645e-01 3.007812499999999722e-02 9.680468749999999734e-01 -1.573738281250000037e+00 -1.269531250000000000e+00 -3.613281250000000000e+00 8.007812500000000000e-01 1.347656250000000000e+00 1.425781250000000000e+00
4.903515625000000044e-01 9.521484375000000000e-01 6.842968750000000266e-01 5.007812500000000111e-02 1.068046875000000062e+00 -7.407382812500000746e-01 3.730468750000000000e+00 1.386718750000000000e+00 -4.199218750000000000e+00 -3.652343750000000000e+00 4.257812500000000000e-01
3.953515624999999756e-01 5.771484375000000000e-01 5.942968750000000577e-01 4.007812499999999917e-02 1.018046875000000018e+00 -1.990238281249999908e+00 1.230468750000000000e+00 -1.113281250000000000e+00 3.300781250000000000e+00 -1.152343750000000000e+00 1.925781250000000000e+00
2.053515625000000011e-01 8.271484375000000000e-01 7.742968749999999956e-01 6.007812500000000305e-02 9.180468750000000400e-01 -1.157238281250000167e+00 -3.769531250000000000e+00 3.886718750000000000e+00 -1.699218750000000000e+00 3.847656250000000000e+00 9.257812500000000000e-01
1.816015624999999800e-01 6.708984375000000000e-01 6.167968750000000222e-01 5.257812500000000333e-02 8.805468749999999512e-01 -1.053113281249999922e+00 -6.445312500000000000e-01 -4.882812500000000000e-01 1.757812500000000000e-01 -1.777343750000000000e+00 8.007812500000000000e-01
3.716015624999999822e-01 9.208984375000000000e-01 7.967968750000000711e-01 3.257812499999999944e-02 9.805468750000000400e-01 -1.886113281250000107e+00 4.355468750000000000e+00 4.511718750000000000e+00 -4.824218750000000000e+00 3.222656250000000000e+00 1.800781250000000000e+00
4.666015625000000111e-01 5.458984375000000000e-01 8.867968750000000400e-01 6.257812500000001221e-02 1.030546874999999973e+00 -6.366132812500000515e-01 1.855468750000000000e+00 -2.988281250000000000e+00 2.675781250000000000e+00 7.226562500000000000e-01 3.007812500000000000e-01
2.766015625000000089e-01 7.958984375000000000e-01 7.067968749999999911e-01 4.257812500000000139e-02 9.305468749999999956e-01 -1.469613281250000014e+00 -3.144531250000000000e+00 2.011718750000000000e+00 -2.324218750000000000e+00 -4.277343750000000000e+00 1.300781250000000000e+00
2.291015624999999944e-01 6.083984375000000000e-01 7.517968750000000311e-01 5.757812500000000777e-02 1.055546875000000107e+00 -1.261363281249999968e+00 -1.894531250000000000e+00 3.261718750000000000e+00 1.425781250000000000e+00 1.972656250000000000e+00 5.078125000000000000e-02
4.191015625000000244e-01 8.583984375000000000e-01 5.717968750000000933e-01 3.757812500000000389e-02 9.555468750000000178e-01 -4.283632812500000053e-01 3.105468750000000000e+00 -1.738281250000000000e+00 -3.574218750000000000e+00 -3.027343750000000000e+00 1.050781250000000000e+00
3.241015624999999956e-01 7.333984375000000000e-01 6.617968750000000622e-01 6.757812500000000278e-02 9.055468749999999734e-01 -1.677863281250000060e+00 6.054687500000000000e-01 7.617187500000000000e-01 3.925781250000000000e+00 -5.273437500000000000e-01 5.507812500000000000e-01
1.341015624999999933e-01 9.833984375000000000e-01 8.417968750000000000e-01 4.757812499999999889e-02 1.005546875000000062e+00 -8.448632812500000977e-01 -4.394531250000000000e+00 -4.238281250000000000e+00 -1.074218750000000000e+00 4.472656250000000000e+00 1.550781250000000000e+00
1.400390625000000056e-01 6.162109375000000000e-01 6.336718749999999956e-01 6.445312500000000000e-02 9.461718749999999956e-01 -1.391519531250000163e+00 2.011718750000000000e+00 4.667968750000000000e+00 4.082031250000000000e+00 -3.496093750000000000e+00 1.082031250000000000e+00
3.300390625000000355e-01 8.662109375000000000e-01 8.136718750000000444e-01 4.445312500000000305e-02 1.046171874999999973e+00 -5.585195312499999787e-01 -2.988281250000000000e+00 -3.320312500000000000e-01 -9.179687500000000000e-01 1.503906250000000000e+00 8.203125000000000000e-02
4.250390625000000089e-01 7.412109375000000000e-01 9.036718750000000133e-01 5.445312500000000500e-02 9.961718750000000400e-01 -1.808019531250000034e+00 -4.882812500000000000e-01 2.167968750000000000e+00 1.582031250000000000e+00 4.003906250000000000e+00 1.582031250000000000e+00
2.350390625000000067e-01 9.912109375000000000e-01 7.236718750000000755e-01 3.445312500000000111e-02 8.961718749999999512e-01 -9.750195312500000711e-01 4.511718750000000000e+00 -2.832031250000000000e+00 -3.417968750000000000e+00 -9.960937500000000000e-01 5.820312500000000000e-01
2.825390624999999933e-01 6.787109375000000000e-01 7.686718750000000044e-01 6.945312500000000444e-02 9.711718750000000178e-01 -7.667695312500000249e-01 7.617187500000000000e-01 -1.582031250000000000e+00 2.832031250000000000e+00 2.753906250000000000e+00 1.832031250000000000e+00
4.725390624999999956e-01 9.287109375000000000e-01 5.886718750000000666e-01 4.945312500000000056e-02 8.711718750000000400e-01 -1.599769531249999988e+00 -4.238281250000000000e+00 3.417968750000000000e+00 -2.167968750000000000e+00 -2.246093750000000000e+00 8.320312500000000000e-01
3.775390625000000222e-01 5.537109375000000000e-01 6.786718750000000355e-01 5.945312500000000944e-02 9.211718749999999734e-01 -3.502695312500001545e-01 -1.738281250000000000e+00 -4.082031250000000000e+00 3.320312500000000000e-01 -4.746093750000000000e+00 1.332031250000000000e+00
1.875390624999999922e-01 8.037109375000000000e-01 8.586718749999999734e-01 3.945312499999999861e-02 1.021171875000000062e+00 -1.183269531250000117e+00 3.261718750000000000e+00 9.179687500000000000e-01 -4.667968750000000000e+00 2.539062500000000000e-01 3.320312500000000000e-01
2.112890625000000133e-01 7.099609375000000000e-01 7.011718750000000000e-01 4.695312499999999833e-02 1.058671875000000151e+00 -1.287394531249999918e+00 1.386718750000000000e+00 -4.707031250000000000e+00 3.457031250000000000e+00 -2.871093750000000000e+00 4.570312500000000000e-01
4.012890625000000155e-01 9.599609375000000000e-01 8.811718750000000488e-01 6.695312500000000222e-02 9.586718750000000622e-01 -4.543945312500001776e-01 -3.613281250000000000e+00 2.929687500000000000e-01 -1.542968750000000000e+00 2.128906250000000000e+00 1.457031250000000000e+00
4.962890624999999889e-01 5.849609375000000000e-01 7.911718750000000799e-01 3.695312500000000333e-02 9.086718750000000178e-01 -1.703894531250000011e+00 -1.113281250000000000e+00 -2.207031250000000000e+00 9.570312500000000000e-01 4.628906250000000000e+00 9.570312500000000000e-01
3.062890624999999867e-01 8.349609375000000000e-01 6.111718750000000311e-01 5.695312500000000722e-02 1.008671875000000107e+00 -8.708945312500000480e-01 3.886718750000000000e+00 2.792968750000000000e+00 -4.042968750000000000e+00 -3.710937500000000000e-01 1.957031250000000000e+00
2.587890625000000000e-01 5.224609375000000000e-01 8.361718750000000089e-01 4.195312500000000083e-02 8.836718749999999956e-01 -1.079144531250000094e+00 1.367187500000000000e-01 1.542968750000000000e+00 4.707031250000000000e+00 3.378906250000000000e+00 7.070312500000000000e-01
4.487890625000000022e-01 7.724609375000000000e-01 6.561718750000000711e-01 6.195312500000000472e-02 9.836718749999999734e-01 -1.912144531250000057e+00 -4.863281250000000000e+00 -3.457031250000000000e+00 -2.929687500000000000e-01 -1.621093750000000000e+00 1.707031250000000000e+00
3.537890624999999734e-01 6.474609375000000000e-01 5.661718749999999911e-01 3.195312499999999889e-02 1.033671875000000018e+00 -6.626445312500000018e-01 -2.363281250000000000e+00 4.042968750000000000e+00 2.207031250000000000e+00 -4.121093750000000000e+00 2.070312500000000000e-01
1.637890624999999989e-01 8.974609375000000000e-01 7.461718750000000400e-01 5.195312500000000278e-02 9.336718750000000400e-01 -1.495644531249999964e+00 2.636718750000000000e+00 -9.570312500000000000e-01 -2.792968750000000000e+00 8.789062500000000000e-01 1.207031250000000000e+00
1.519140625000000022e-01 6.318359375000000000e-01 8.699218749999999556e-01 5.820312500000000833e-02 9.024218750000000400e-01 -1.964207031249999957e+00 -2.675781250000000000e+00 -3.144531250000000000e+00 -3.730468750000000000e+00 -1.933593750000000000e+00 1.769531250000000000e+00
3.419140625000000044e-01 8.818359375000000000e-01 6.899218750000000178e-01 3.820312500000000444e-02 1.002421875000000018e+00 -1.131207031249999995e+00 2.324218750000000000e+00 1.855468750000000000e+00 1.269531250000000000e+00 3.066406250000000000e+00 7.695312500000000000e-01
4.369140624999999778e-01 5.068359375000000000e-01 5.999218750000000488e-01 6.820312500000000333e-02 1.052421875000000062e+00 -1.547707031250000087e+00 4.824218750000000000e+00 -6.445312500000000000e-01 -1.230468750000000000e+00 5.664062500000000000e-01 1.269531250000000000e+00
2.469140625000000033e-01 7.568359375000000000e-01 7.799218750000000977e-01 4.820312499999999944e-02 9.524218749999999734e-01 -7.147070312500001243e-01 -1.757812500000000000e-01 4.355468750000000000e+00 3.769531250000000000e+00 -4.433593750000000000e+00 2.695312500000000000e-01
2.944140625000000178e-01 5.693359375000000000e-01 6.449218750000000888e-01 5.320312500000000389e-02 1.027421874999999929e+00 -5.064570312500000782e-01 -3.925781250000000000e+00 6.054687500000000000e-01 -4.980468750000000000e+00 1.816406250000000000e+00 1.019531250000000000e+00
4.844140625000000200e-01 8.193359375000000000e-01 8.249218750000000266e-01 3.320312500000000000e-02 9.274218750000000622e-01 -1.339457031250000041e+00 1.074218750000000000e+00 -4.394531250000000000e+00 1.953125000000000000e-02 -3.183593750000000000e+00 1.953125000000000000e-02
3.894140624999999911e-01 6.943359375000000000e-01 7.349218750000000577e-01 6.320312499999999889e-02 8.774218750000000178e-01 -9.229570312499999485e-01 3.574218750000000000e+00 3.105468750000000000e+00 -2.480468750000000000e+00 -6.835937500000000000e-01 1.519531250000000000e+00
1.994140624999999889e-01 9.443359375000000000e-01 5.549218750000000089e-01 4.320312500000000194e-02 9.774218749999999956e-01 -1.755957031249999911e+00 -1.425781250000000000e+00 -1.894531250000000000e+00 2.519531250000000000e+00 4.316406250000000000e+00 5.195312500000000000e-01
1.756640624999999956e-01 5.380859375000000000e-01 8.024218750000000622e-01 3.070312499999999778e-02 1.014921874999999973e+00 -1.651832031250000110e+00 -3.300781250000000000e+00 3.730468750000000000e+00 -4.355468750000000000e+00 -1.308593750000000000e+00 6.445312500000000000e-01
3.656640624999999978e-01 7.880859375000000000e-01 6.224218750000000133e-01 5.070312500000000167e-02 9.149218749999999956e-01 -8.188320312500001474e-01 1.699218750000000000e+00 -1.269531250000000000e+00 6.445312500000000000e-01 3.691406250000000000e+00 1.644531250000000000e+00
4.606640625000000266e-01 6.630859375000000000e-01 7.124218749999999822e-01 4.070312499999999972e-02 9.649218750000000400e-01 -1.235332031250000018e+00 4.199218750000000000e+00 1.230468750000000000e+00 -1.855468750000000000e+00 1.191406250000000000e+00 1.445312500000000000e-01
2.706640624999999689e-01 9.130859375000000000e-01 8.924218750000000311e-01 6.070312500000000361e-02 1.064921875000000018e+00 -4.023320312500000551e-01 -8.007812500000000000e-01 -3.769531250000000000e+00 3.144531250000000000e+00 -3.808593750000000000e+00 1.144531250000000000e+00
2.231640624999999822e-01 7.255859375000000000e-01 5.774218750000000844e-01 3.570312500000000222e-02 9.399218750000000178e-01 -6.105820312500001013e-01 -4.550781250000000000e+00 -1.953125000000000000e-02 -3.105468750000000000e+00 2.441406250000000000e+00 3.945312500000000000e-01
4.131640624999999845e-01 9.755859375000000000e-01 7.574218750000000222e-01 5.570312500000000611e-02 1.039921875000000107e+00 -1.443582031250000064e+00 4.492187500000000000e-01 4.980468750000000000e+00 1.894531250000000000e+00 -2.558593750000000000e+00 1.394531250000000000e+00
3.181640625000000111e-01 6.005859375000000000e-01 8.474218749999999911e-01 4.570312499999999722e-02 9.899218750000000622e-01 -1.027082031249999972e+00 2.949218750000000000e+00 -2.519531250000000000e+00 -6.054687500000000000e-01 -5.859375000000000000e-02 8.945312500000000000e-01
1.281640625000000089e-01 8.505859375000000000e-01 6.674218750000000533e-01 6.570312500000000111e-02 8.899218749999999734e-01 -1.860082031249999934e+00 -2.050781250000000000e+00 2.480468750000000000e+00 4.394531250000000000e+00 4.941406250000000000e+00 1.894531250000000000e+00
1.311328125000000011e-01 5.498046875000000000e-01 8.502343750000000977e-01 5.101562500000000194e-02 1.047734375000000107e+00 -1.742941406249999936e+00 6.835937500000000000e-01 4.121093750000000000e+00 -2.402343750000000000e+00 -4.492187500000000000e-01 1.289062500000000000e-01
3.211328125000000311e-01 7.998046875000000000e-01 6.702343750000000488e-01 3.101562499999999806e-02 9.477343750000000178e-01 -9.099414062499999734e-01 -4.316406250000000000e+00 -8.789062500000000000e-01 2.597656250000000000e+00 4.550781250000000000e+00 1.128906250000000000e+00
4.161328125000000044e-01 6.748046875000000000e-01 5.802343750000000799e-01 6.101562500000000389e-02 8.977343749999999734e-01 -1.326441406250000066e+00 -1.816406250000000000e+00 1.621093750000000000e+00 -4.902343750000000000e+00 2.050781250000000000e+00 6.289062500000000000e-01
2.261328125000000022e-01 9.248046875000000000e-01 7.602343750000000178e-01 4.101562500000000000e-02 9.977343750000000622e-01 -4.934414062500001030e-01 3.183593750000000000e+00 -3.378906250000000000e+00 9.765625000000000000e-02 -2.949218750000000000e+00 1.628906250000000000e+00
2.736328124999999889e-01 7.373046875000000000e-01 7.152343750000000888e-01 5.601562499999999944e-02 8.727343749999999512e-01 -7.016914062500001492e-01 1.933593750000000000e+00 -2.128906250000000000e+00 -1.152343750000000000e+00 8.007812500000000000e-01 8.789062500000000000e-01
4.636328124999999911e-01 9.873046875000000000e-01 8.952343750000000266e-01 3.601562500000000250e-02 9.727343750000000400e-01 -1.534691406249999890e+00 -3.066406250000000000e+00 2.871093750000000000e+00 3.847656250000000000e+00 -4.199218750000000000e+00 1.878906250000000000e+00
3.686328125000000178e-01 6.123046875000000000e-01 8.052343750000000577e-01 6.601562500000000833e-02 1.022734374999999973e+00 -1.118191406250000020e+00 -5.664062500000000000e-01 -4.628906250000000000e+00 -3.652343750000000000e+00 -1.699218750000000000e+00 3.789062500000000000e-01
1.786328124999999878e-01 8.623046875000000000e-01 6.252343750000000089e-01 4.601562500000000444e-02 9.227343749999999956e-01 -1.951191406249999982e+00 4.433593750000000000e+00 3.710937500000000000e-01 1.347656250000000000e+00 3.300781250000000000e+00 1.378906250000000000e+00
2.023828125000000089e-01 6.435546875000000000e-01 7.377343750000000533e-01 3.851562499999999778e-02 9.602343749999999734e-01 -1.847066406249999959e+00 5.859375000000000000e-02 -4.003906250000000000e+00 -5.273437500000000000e-01 -1.074218750000000000e+00 1.253906250000000000e+00
3.923828125000000111e-01 8.935546875000000000e-01 5.577343750000000044e-01 5.851562500000000167e-02 1.060234375000000062e+00 -1.014066406249999996e+00 -4.941406250000000000e+00 9.960937500000000000e-01 4.472656250000000000e+00 3.925781250000000000e+00 2.539062500000000000e-01
4.873828124999999845e-01 5.185546875000000000e-01 6.477343750000000844e-01 4.851562500000000666e-02 1.010234375000000018e+00 -1.430566406250000089e+00 -2.441406250000000000e+00 -1.503906250000000000e+00 -3.027343750000000000e+00 1.425781250000000000e+00 1.753906250000000000e+00
2.973828124999999822e-01 7.685546875000000000e-01 8.277343750000000222e-01 6.851562499999999667e-02 9.102343750000000400e-01 -5.975664062500001261e-01 2.558593750000000000e+00 3.496093750000000000e+00 1.972656250000000000e+00 -3.574218750000000000e+00 7.539062500000000000e-01
2.498828124999999956e-01 5.810546875000000000e-01 6.027343750000000444e-01 3.351562500000000028e-02 9.852343749999999956e-01 -3.893164062500000799e-01 1.308593750000000000e+00 2.246093750000000000e+00 -1.777343750000000000e+00 1.757812500000000000e-01 1.503906250000000000e+00
4.398828124999999978e-01 8.310546875000000000e-01 7.827343749999999822e-01 5.351562500000000416e-02 8.852343750000000178e-01 -1.222316406250000043e+00 -3.691406250000000000e+00 -2.753906250000000000e+00 3.222656250000000000e+00 -4.824218750000000000e+00 5.039062500000000000e-01
3.448828124999999689e-01 7.060546875000000000e-01 8.727343750000000622e-01 4.351562500000000222e-02 9.352343750000000622e-01 -8.058164062499999503e-01 -1.191406250000000000e+00 4.746093750000000000e+00 -4.277343750000000000e+00 -2.324218750000000000e+00 1.003906250000000000e+00
1.548828124999999944e-01 9.560546875000000000e-01 6.927343750000000133e-01 6.351562500000000611e-02 1.035234374999999929e+00 -1.638816406250000135e+00 3.808593750000000000e+00 -2.539062500000000000e-01 7.226562500000000000e-01 2.675781250000000000e+00 3.906250000000000000e-03
1.667578124999999911e-01 6.904296875000000000e-01 5.689843750000000977e-01 6.726562500000000944e-02 1.003984374999999929e+00 -1.170253906250000142e+00 -4.003906250000000000e+00 -3.066406250000000000e+00 4.101562500000000000e-01 -3.886718750000000000e+00 9.414062500000000000e-01
3.567578124999999933e-01 9.404296875000000000e-01 7.489843750000000355e-01 4.726562500000000555e-02 9.039843750000000622e-01 -3.372539062500001794e-01 9.960937500000000000e-01 1.933593750000000000e+00 -4.589843750000000000e+00 1.113281250000000000e+00 1.941406250000000000e+00
4.517578125000000222e-01 5.654296875000000000e-01 8.389843750000001155e-01 5.726562500000000056e-02 9.539843749999999956e-01 -1.586753906250000012e+00 3.496093750000000000e+00 -5.664062500000000000e-01 2.910156250000000000e+00 3.613281250000000000e+00 4.414062500000000000e-01
2.617578124999999645e-01 8.154296875000000000e-01 6.589843750000000666e-01 3.726562499999999667e-02 1.053984374999999973e+00 -7.537539062500000497e-01 -1.503906250000000000e+00 4.433593750000000000e+00 -2.089843750000000000e+00 -1.386718750000000000e+00 1.441406250000000000e+00
3.092578125000000067e-01 5.029296875000000000e-01 7.939843750000000755e-01 6.226562500000000500e-02 9.289843749999999734e-01 -9.620039062500000959e-01 -2.753906250000000000e+00 6.835937500000000000e-01 1.660156250000000000e+00 4.863281250000000000e+00 1.914062500000000000e-01
4.992578125000000089e-01 7.529296875000000000e-01 6.139843750000000266e-01 4.226562500000000111e-02 1.028984375000000062e+00 -1.795003906250000059e+00 2.246093750000000000e+00 -4.316406250000000000e+00 -3.339843750000000000e+00 -1.367187500000000000e-01 1.191406250000000000e+00
4.042578124999999800e-01 6.279296875000000000e-01 7.039843750000001066e-01 5.226562500000000305e-02 9.789843750000000178e-01 -5.455039062500000036e-01 4.746093750000000000e+00 3.183593750000000000e+00 4.160156250000000000e+00 -2.636718750000000000e+00 6.914062500000000000e-01
2.142578124999999778e-01 8.779296875000000000e-01 8.839843750000000444e-01 3.226562499999999917e-02 8.789843750000000400e-01 -1.378503906250000188e+00 -2.539062500000000000e-01 -1.816406250000000000e+00 -8.398437500000000000e-01 2.363281250000000000e+00 1.691406250000000000e+00
1.905078124999999845e-01 5.966796875000000000e-01 6.814843750000000311e-01 4.476562500000000333e-02 9.164843750000000178e-01 -1.482628906249999989e+00 -4.628906250000000000e+00 2.558593750000000000e+00 2.285156250000000000e+00 -4.511718750000000000e+00 1.566406250000000000e+00
3.805078124999999867e-01 8.466796875000000000e-01 8.614843750000000799e-01 6.476562500000000722e-02 1.016484375000000107e+00 -6.496289062500000266e-01 3.710937500000000000e-01 -2.441406250000000000e+00 -2.714843750000000000e+00 4.882812500000000000e-01 5.664062500000000000e-01
4.755078125000000155e-01 7.216796875000000000e-01 7.714843750000000000e-01 3.476562500000000139e-02 1.066484375000000151e+00 -1.899128906250000082e+00 2.871093750000000000e+00 5.859375000000000000e-02 4.785156250000000000e+00 2.988281250000000000e+00 1.066406250000000000e+00
2.855078125000000133e-01 9.716796875000000000e-01 5.914843750000000622e-01 5.476562500000000527e-02 9.664843750000000622e-01 -1.066128906249999897e+00 -2.128906250000000000e+00 -4.941406250000000000e+00 -2.148437500000000000e-01 -2.011718750000000000e+00 6.640625000000000000e-02
2.380078124999999989e-01 6.591796875000000000e-01 9.064843750000000089e-01 4.976562500000000777e-02 1.041484375000000018e+00 -8.578789062500000728e-01 -3.378906250000000000e+00 -1.191406250000000000e+00 1.035156250000000000e+00 4.238281250000000000e+00 1.316406250000000000e+00
4.280078124999999734e-01 9.091796875000000000e-01 7.264843750000000711e-01 6.976562499999999778e-02 9.414843750000000400e-01 -1.690878906250000036e+00 1.621093750000000000e+00 3.808593750000000000e+00 -3.964843750000000000e+00 -7.617187500000000000e-01 3.164062500000000000e-01
3.330078125000000000e-01 5.341796875000000000e-01 6.364843749999999911e-01 3.976562499999999889e-02 8.914843749999999956e-01 -4.413789062499999805e-01 4.121093750000000000e+00 -3.691406250000000000e+00 3.535156250000000000e+00 -3.261718750000000000e+00 1.816406250000000000e+00
1.430078124999999978e-01 7.841796875000000000e-01 8.164843750000000400e-01 5.976562500000000278e-02 9.914843750000000844e-01 -1.274378906249999943e+00 -8.789062500000000000e-01 1.308593750000000000e+00 -1.464843750000000000e+00 1.738281250000000000e+00 8.164062500000000000e-01
1.370703124999999856e-01 6.826171875000000000e-01 6.533593750000000755e-01 3.289062499999999972e-02 9.383593749999999956e-01 -1.144222656250000192e+00 3.339843750000000000e+00 -2.285156250000000000e+00 3.378906250000000000e+00 -2.929687500000000000e-01 2.851562500000000000e-01
3.270703124999999600e-01 9.326171875000000000e-01 8.333593750000000133e-01 5.289062500000000361e-02 1.038359374999999973e+00 -1.977222656249999932e+00 -1.660156250000000000e+00 2.714843750000000000e+00 -1.621093750000000000e+00 4.707031250000000000e+00 1.285156250000000000e+00
4.220703124999999889e-01 5.576171875000000000e-01 7.433593750000000444e-01 4.289062500000000167e-02 9.883593750000000400e-01 -7.277226562500000995e-01 -4.160156250000000000e+00 -4.785156250000000000e+00 8.789062500000000000e-01 2.207031250000000000e+00 7.851562500000000000e-01
2.320703124999999867e-01 8.076171875000000000e-01 5.633593749999999956e-01 6.289062500000000555e-02 8.883593749999999512e-01 -1.560722656250000062e+00 8.398437500000000000e-01 2.148437500000000000e-01 -4.121093750000000000e+00 -2.792968750000000000e+00 1.785156250000000000e+00
2.795703124999999734e-01 6.201171875000000000e-01 8.783593750000000533e-01 3.789062499999999722e-02 1.013359375000000062e+00 -1.352472656250000016e+00 4.589843750000000000e+00 3.964843750000000000e+00 4.628906250000000000e+00 9.570312500000000000e-01 5.351562500000000000e-01
4.695703124999999756e-01 8.701171875000000000e-01 6.983593750000000044e-01 5.789062500000000111e-02 9.133593749999999734e-01 -5.194726562500000533e-01 -4.101562500000000000e-01 -1.035156250000000000e+00 -3.710937500000000000e-01 -4.042968750000000000e+00 1.535156250000000000e+00
3.745703125000000022e-01 7.451171875000000000e-01 6.083593750000000355e-01 4.789062500000000611e-02 9.633593750000000178e-01 -1.768972656249999886e+00 -2.910156250000000000e+00 1.464843750000000000e+00 2.128906250000000000e+00 -1.542968750000000000e+00 3.515625000000000000e-02
1.845703125000000000e-01 9.951171875000000000e-01 7.883593749999999734e-01 6.789062500000000999e-02 1.063359375000000107e+00 -9.359726562500001457e-01 2.089843750000000000e+00 -3.535156250000000000e+00 -2.871093750000000000e+00 3.457031250000000000e+00 1.035156250000000000e+00
2.083203124999999933e-01 5.263671875000000000e-01 5.858593750000000711e-01 5.539062499999999889e-02 1.025859375000000018e+00 -8.318476562500001226e-01 2.714843750000000000e+00 2.089843750000000000e+00 4.003906250000000000e+00 -9.179687500000000000e-01 1.160156250000000000e+00
3.983203124999999956e-01 7.763671875000000000e-01 7.658593750000000089e-01 3.539062500000000194e-02 9.258593750000000400e-01 -1.664847656250000085e+00 -2.285156250000000000e+00 -2.910156250000000000e+00 -9.960937500000000000e-01 4.082031250000000000e+00 1.601562500000000000e-01
4.933203125000000244e-01 6.513671875000000000e-01 8.558593750000000888e-01 6.539062500000000777e-02 8.758593749999999956e-01 -4.153476562500000302e-01 -4.785156250000000000e+00 4.589843750000000000e+00 1.503906250000000000e+00 1.582031250000000000e+00 1.660156250000000000e+00
3.033203125000000222e-01 9.013671875000000000e-01 6.758593750000000400e-01 4.539062500000000389e-02 9.758593749999999734e-01 -1.248347656249999993e+00 2.148437500000000000e-01 -4.101562500000000000e-01 -3.496093750000000000e+00 -3.417968750000000000e+00 6.601562500000000000e-01
2.558203125000000355e-01 7.138671875000000000e-01 8.108593750000000488e-01 5.039062500000000139e-02 9.008593750000000178e-01 -1.456597656250000039e+00 3.964843750000000000e+00 -4.160156250000000000e+00 2.753906250000000000e+00 3.320312500000000000e-01 1.910156250000000000e+00
4.458203124999999822e-01 9.638671875000000000e-01 6.308593750000000000e-01 3.039062499999999750e-02 1.000859375000000107e+00 -6.235976562500000764e-01 -1.035156250000000000e+00 8.398437500000000000e-01 -2.246093750000000000e+00 -4.667968750000000000e+00 9.101562500000000000e-01
3.508203125000000089e-01 5.888671875000000000e-01 7.208593750000000799e-01 6.039062500000000333e-02 1.050859375000000151e+00 -1.873097656249999909e+00 -3.535156250000000000e+00 -1.660156250000000000e+00 2.539062500000000000e-01 -2.167968750000000000e+00 1.410156250000000000e+00
1.608203125000000067e-01 8.388671875000000000e-01 9.008593750000000178e-01 4.039062499999999944e-02 9.508593750000000622e-01 -1.040097656249999947e+00 1.464843750000000000e+00 3.339843750000000000e+00 -4.746093750000000000e+00 2.832031250000000000e+00 4.101562500000000000e-01
1.489453124999999822e-01 5.732421875000000000e-01 7.546093750000000266e-01 4.914062500000000722e-02 8.946093750000000400e-01 -5.715351562499999538e-01 -1.347656250000000000e+00 1.152343750000000000e+00 -3.808593750000000000e+00 -4.355468750000000000e+00 5.976562500000000000e-01
3.389453124999999845e-01 8.232421875000000000e-01 5.746093750000000888e-01 6.914062500000001110e-02 9.946093750000000178e-01 -1.404535156250000139e+00 3.652343750000000000e+00 -3.847656250000000000e+00 1.191406250000000000e+00 6.445312500000000000e-01 1.597656250000000000e+00
4.339453125000000133e-01 6.982421875000000000e-01 6.646093750000000577e-01 3.914062499999999833e-02 1.044609375000000062e+00 -9.880351562500000462e-01 1.152343750000000000e+00 3.652343750000000000e+00 -1.308593750000000000e+00 3.144531250000000000e+00 9.765625000000000000e-02
2.439453125000000111e-01 9.482421875000000000e-01 8.446093750000001066e-01 5.914062500000000222e-02 9.446093749999999734e-01 -1.821035156250000009e+00 -3.847656250000000000e+00 -1.347656250000000000e+00 3.691406250000000000e+00 -1.855468750000000000e+00 1.097656250000000000e+00
2.914453124999999978e-01 6.357421875000000000e-01 6.196093750000000178e-01 4.414062500000000278e-02 1.069609374999999973e+00 -1.612785156249999963e+00 -9.765625000000000000e-02 -2.597656250000000000e+00 -2.558593750000000000e+00 4.394531250000000000e+00 3.476562500000000000e-01
4.814453125000000000e-01 8.857421875000000000e-01 7.996093750000000666e-01 6.414062500000000666e-02 9.696093749999999956e-01 -7.797851562500000000e-01 4.902343750000000000e+00 2.402343750000000000e+00 2.441406250000000000e+00 -6.054687500000000000e-01 1.347656250000000000e+00
3.864453124999999711e-01 5.107421875000000000e-01 8.896093750000000355e-01 3.414062500000000083e-02 9.196093750000000622e-01 -1.196285156250000092e+00 2.402343750000000000e+00 -9.765625000000000000e-02 -5.859375000000000000e-02 -3.105468750000000000e+00 8.476562500000000000e-01
1.964453124999999967e-01 7.607421875000000000e-01 7.096093750000000977e-01 5.414062500000000472e-02 1.019609374999999929e+00 -3.632851562500001297e-01 -2.597656250000000000e+00 4.902343750000000000e+00 4.941406250000000000e+00 1.894531250000000000e+00 1.847656250000000000e+00
1.726953125000000033e-01 7.294921875000000000e-01 8.221093750000000311e-01 6.164062500000000444e-02 9.821093750000000622e-01 -4.674101562500001528e-01 -1.972656250000000000e+00 -7.226562500000000000e-01 -3.183593750000000000e+00 -4.980468750000000000e+00 1.972656250000000000e+00
3.626953124999999778e-01 9.794921875000000000e-01 6.421093749999999822e-01 4.164062500000000056e-02 8.821093749999999734e-01 -1.300410156249999893e+00 3.027343750000000000e+00 4.277343750000000000e+00 1.816406250000000000e+00 1.953125000000000000e-02 9.726562500000000000e-01
4.576953125000000067e-01 6.044921875000000000e-01 5.521093750000000133e-01 5.164062500000000250e-02 9.321093750000000178e-01 -8.839101562500000231e-01 5.273437500000000000e-01 -3.222656250000000000e+00 -6.835937500000000000e-01 2.519531250000000000e+00 1.472656250000000000e+00
2.676953125000000044e-01 8.544921875000000000e-01 7.321093750000000622e-01 3.164062499999999861e-02 1.032109375000000107e+00 -1.716910156249999986e+00 -4.472656250000000000e+00 1.777343750000000000e+00 4.316406250000000000e+00 -2.480468750000000000e+00 4.726562500000000000e-01
2.201953124999999900e-01 5.419921875000000000e-01 6.871093750000000222e-01 6.664062500000000888e-02 9.571093750000000400e-01 -1.925160156250000032e+00 -7.226562500000000000e-01 3.027343750000000000e+00 -4.433593750000000000e+00 3.769531250000000000e+00 1.222656250000000000e+00
4.101953125000000200e-01 7.919921875000000000e-01 8.671093750000000711e-01 4.664062500000000500e-02 1.057109375000000018e+00 -1.092160156250000069e+00 4.277343750000000000e+00 -1.972656250000000000e+00 5.664062500000000000e-01 -1.230468750000000000e+00 2.226562500000000000e-01
3.151953124999999911e-01 6.669921875000000000e-01 7.771093749999999911e-01 5.664062500000000000e-02 1.007109374999999973e+00 -1.508660156249999940e+00 1.777343750000000000e+00 5.273437500000000000e-01 -1.933593750000000000e+00 -3.730468750000000000e+00 1.722656250000000000e+00
1.251953124999999889e-01 9.169921875000000000e-01 5.971093750000000533e-01 3.664062500000000305e-02 9.071093749999999956e-01 -6.756601562499999769e-01 -3.222656250000000000e+00 -4.472656250000000000e+00 3.066406250000000000e+00 1.269531250000000000e+00 7.226562500000000000e-01
1.237109374999999928e-01 5.830078125000000000e-01 7.053906250000000488e-01 5.898437500000000555e-02 9.969531250000001066e-01 -1.046605468750000156e+00 1.953125000000000000e-02 -3.496093750000000000e+00 2.792968750000000000e+00 2.246093750000000000e+00 3.710937500000000000e-01
3.137109375000000089e-01 8.330078125000000000e-01 8.853906250000000977e-01 3.898437500000000167e-02 8.969531250000000178e-01 -1.879605468749999897e+00 -4.980468750000000000e+00 1.503906250000000000e+00 -2.207031250000000000e+00 -2.753906250000000000e+00 1.371093750000000000e+00
4.087109374999999822e-01 7.080078125000000000e-01 7.953906250000000178e-01 6.898437500000001443e-02 9.469531250000000622e-01 -6.301054687500000639e-01 -2.480468750000000000e+00 -9.960937500000000000e-01 2.929687500000000000e-01 -2.539062500000000000e-01 8.710937500000000000e-01
2.187109374999999800e-01 9.580078125000000000e-01 6.153906250000000799e-01 4.898437500000000361e-02 1.046953125000000151e+00 -1.463105468750000027e+00 2.519531250000000000e+00 4.003906250000000000e+00 -4.707031250000000000e+00 4.746093750000000000e+00 1.871093750000000000e+00
2.662109375000000222e-01 6.455078125000000000e-01 8.403906250000000577e-01 5.398437500000000111e-02 9.219531250000000400e-01 -1.254855468749999980e+00 1.269531250000000000e+00 2.539062500000000000e-01 4.042968750000000000e+00 -1.503906250000000000e+00 6.210937500000000000e-01
4.562109375000000244e-01 8.955078125000000000e-01 6.603906250000000089e-01 3.398437499999999722e-02 1.021953125000000018e+00 -4.218554687500000178e-01 -3.730468750000000000e+00 -4.746093750000000000e+00 -9.570312500000000000e-01 3.496093750000000000e+00 1.621093750000000000e+00
3.612109374999999956e-01 5.205078125000000000e-01 5.703906250000000400e-01 6.398437500000000999e-02 9.719531249999999734e-01 -1.671355468750000073e+00 -1.230468750000000000e+00 2.753906250000000000e+00 1.542968750000000000e+00 9.960937500000000000e-01 1.210937500000000000e-01
1.712109374999999933e-01 7.705078125000000000e-01 7.503906250000000888e-01 4.398437499999999917e-02 8.719531249999999956e-01 -8.383554687500001101e-01 3.769531250000000000e+00 -2.246093750000000000e+00 -3.457031250000000000e+00 -4.003906250000000000e+00 1.121093750000000000e+00
1.949609374999999867e-01 7.392578125000000000e-01 6.378906250000000444e-01 3.148437500000000194e-02 9.094531249999999734e-01 -9.424804687500001332e-01 6.445312500000000000e-01 3.378906250000000000e+00 4.667968750000000000e+00 1.621093750000000000e+00 1.246093750000000000e+00
3.849609374999999889e-01 9.892578125000000000e-01 8.178906249999999822e-01 5.148437499999999889e-02 1.009453125000000062e+00 -1.775480468750000096e+00 -4.355468750000000000e+00 -1.621093750000000000e+00 -3.320312500000000000e-01 -3.378906250000000000e+00 2.460937500000000000e-01
4.799609375000000178e-01 6.142578125000000000e-01 9.078906250000000622e-01 4.148437500000000389e-02 1.059453125000000107e+00 -5.259804687500000409e-01 -1.855468750000000000e+00 8.789062500000000000e-01 2.167968750000000000e+00 -8.789062500000000000e-01 1.746093750000000000e+00
2.899609374999999600e-01 8.642578125000000000e-01 7.278906250000000133e-01 6.148437500000000777e-02 9.594531250000000178e-01 -1.358980468750000004e+00 3.144531250000000000e+00 -4.121093750000000000e+00 -2.832031250000000000e+00 4.121093750000000000e+00 7.460937500000000000e-01
2.424609375000000011e-01 5.517578125000000000e-01 7.728906250000000533e-01 3.648437499999999944e-02 1.034453124999999973e+00 -1.567230468750000050e+00 1.894531250000000000e+00 -3.710937500000000000e-01 3.417968750000000000e+00 -2.128906250000000000e+00 1.996093750000000000e+00
4.324609374999999756e-01 8.017578125000000000e-01 5.928906250000000044e-01 5.648437500000000333e-02 9.344531249999999956e-01 -7.342304687500000870e-01 -3.105468750000000000e+00 4.628906250000000000e+00 -1.582031250000000000e+00 2.871093750000000000e+00 9.960937500000000000e-01
3.374609375000000022e-01 6.767578125000000000e-01 6.828906249999999734e-01 4.648437500000000139e-02 8.844531249999999512e-01 -1.983730468749999920e+00 -6.054687500000000000e-01 -2.871093750000000000e+00 9.179687500000000000e-01 3.710937500000000000e-01 1.496093750000000000e+00
1.474609375000000000e-01 9.267578125000000000e-01 8.628906250000000222e-01 6.648437500000001221e-02 9.844531250000000400e-01 -1.150730468749999957e+00 4.394531250000000000e+00 2.128906250000000000e+00 -4.082031250000000000e+00 -4.628906250000000000e+00 4.960937500000000000e-01
1.593359374999999967e-01 6.611328125000000000e-01 8.066406250000000000e-01 6.273437500000000888e-02 1.053203125000000018e+00 -6.821679687499999645e-01 -4.667968750000000000e+00 4.941406250000000000e+00 -4.394531250000000000e+00 3.183593750000000000e+00 5.585937500000000000e-01
3.493359375000000266e-01 9.111328125000000000e-01 6.266406250000000622e-01 4.273437500000000500e-02 9.532031250000000400e-01 -1.515167968750000149e+00 3.320312500000000000e-01 -5.859375000000000000e-02 6.054687500000000000e-01 -1.816406250000000000e+00 1.558593750000000000e+00
4.443359375000000000e-01 5.361328125000000000e-01 7.166406250000000311e-01 5.273437500000000000e-02 9.032031249999999956e-01 -1.098667968750000057e+00 2.832031250000000000e+00 2.441406250000000000e+00 -1.894531250000000000e+00 -4.316406250000000000e+00 5.859375000000000000e-02
2.543359374999999978e-01 7.861328125000000000e-01 8.966406250000000799e-01 3.273437499999999611e-02 1.003203124999999973e+00 -1.931667968750000020e+00 -2.167968750000000000e+00 -2.558593750000000000e+00 3.105468750000000000e+00 6.835937500000000000e-01 1.058593750000000000e+00
3.018359374999999845e-01 5.986328125000000000e-01 5.816406250000000222e-01 6.773437500000001332e-02 8.782031249999999734e-01 -1.723417968749999973e+00 -3.417968750000000000e+00 -1.308593750000000000e+00 -3.144531250000000000e+00 -3.066406250000000000e+00 3.085937500000000000e-01
4.918359374999999867e-01 8.486328125000000000e-01 7.616406250000000711e-01 4.773437500000000250e-02 9.782031250000000622e-01 -8.904179687500000107e-01 1.582031250000000000e+00 3.691406250000000000e+00 1.855468750000000000e+00 1.933593750000000000e+00 1.308593750000000000e+00
3.968359375000000133e-01 7.236328125000000000e-01 8.516406250000000400e-01 5.773437500000000444e-02 1.028203125000000107e+00 -1.306917968750000103e+00 4.082031250000000000e+00 -3.808593750000000000e+00 -6.445312500000000000e-01 4.433593750000000000e+00 8.085937500000000000e-01
2.068359375000000111e-01 9.736328125000000000e-01 6.716406249999999911e-01 3.773437500000000056e-02 9.282031250000000178e-01 -4.739179687500001403e-01 -9.179687500000000000e-01 1.191406250000000000e+00 4.355468750000000000e+00 -5.664062500000000000e-01 1.808593750000000000e+00
1.830859374999999900e-01 5.048828125000000000e-01 8.741406250000001155e-01 4.523437500000000028e-02 9.657031249999999956e-01 -3.697929687500001172e-01 -4.042968750000000000e+00 -4.433593750000000000e+00 -2.519531250000000000e+00 2.558593750000000000e+00 1.933593750000000000e+00
3.730859375000000200e-01 7.548828125000000000e-01 6.941406250000000666e-01 6.523437500000001110e-02 1.065703124999999973e+00 -1.202792968750000080e+00 9.570312500000000000e-01 5.664062500000000000e-01 2.480468750000000000e+00 -2.441406250000000000e+00 9.335937500000000000e-01
4.680859374999999933e-01 6.298828125000000000e-01 6.041406250000000977e-01 3.523437499999999833e-02 1.015703124999999929e+00 -7.862929687499999876e-01 3.457031250000000000e+00 -1.933593750000000000e+00 -1.953125000000000000e-02 -4.941406250000000000e+00 1.433593750000000000e+00
2.780859374999999911e-01 8.798828125000000000e-01 7.841406250000000355e-01 5.523437500000000222e-02 9.157031250000000622e-01 -1.619292968749999950e+00 -1.542968750000000000e+00 3.066406250000000000e+00 4.980468750000000000e+00 5.859375000000000000e-02 4.335937500000000000e-01
2.305859375000000044e-01 6.923828125000000000e-01 6.491406250000000266e-01 4.023437500000000278e-02 9.907031250000000178e-01 -1.827542968749999996e+00 -2.792968750000000000e+00 1.816406250000000000e+00 -3.769531250000000000e+00 -3.691406250000000000e+00 1.183593750000000000e+00
4.205859375000000067e-01 9.423828125000000000e-01 8.291406249999999645e-01 6.023437500000000666e-02 8.907031250000000400e-01 -9.945429687500000338e-01 2.207031250000000000e+00 -3.183593750000000000e+00 1.230468750000000000e+00 1.308593750000000000e+00 1.835937500000000000e-01
3.255859374999999778e-01 5.673828125000000000e-01 7.391406250000001066e-01 3.023437499999999736e-02 9.407031249999999734e-01 -1.411042968749999904e+00 4.707031250000000000e+00 4.316406250000000000e+00 -1.269531250000000000e+00 3.808593750000000000e+00 1.683593750000000000e+00
1.355859375000000033e-01 8.173828125000000000e-01 5.591406250000000577e-01 5.023437499999999778e-02 1.040703125000000062e+00 -5.780429687500001634e-01 -2.929687500000000000e-01 -6.835937500000000000e-01 3.730468750000000000e+00 -1.191406250000000000e+00 6.835937500000000000e-01
1.415234374999999878e-01 7.158203125000000000e-01 8.910156250000000888e-01 3.710937500000000000e-02 8.875781249999999956e-01 -1.645324218749999901e+00 2.675781250000000000e+00 4.101562500000000000e-01 -1.738281250000000000e+00 2.089843750000000000e+00 2.148437500000000000e-01
3.315234375000000178e-01 9.658203125000000000e-01 7.110156250000000400e-01 5.710937500000000389e-02 9.875781249999999734e-01 -8.123242187500001599e-01 -2.324218750000000000e+00 -4.589843750000000000e+00 3.261718750000000000e+00 -2.910156250000000000e+00 1.214843750000000000e+00
4.265234374999999911e-01 5.908203125000000000e-01 6.210156250000000711e-01 4.710937500000000194e-02 1.037578125000000018e+00 -1.228824218750000030e+00 -4.824218750000000000e+00 2.910156250000000000e+00 -4.238281250000000000e+00 -4.101562500000000000e-01 7.148437500000000000e-01
2.365234374999999889e-01 8.408203125000000000e-01 8.010156250000000089e-01 6.710937499999999889e-02 9.375781250000000400e-01 -3.958242187500000675e-01 1.757812500000000000e-01 -2.089843750000000000e+00 7.617187500000000000e-01 4.589843750000000000e+00 1.714843750000000000e+00
2.840234375000000311e-01 5.283203125000000000e-01 6.660156250000000000e-01 3.210937500000000250e-02 1.062578125000000151e+00 -6.040742187500001137e-01 3.925781250000000000e+00 -3.339843750000000000e+00 -4.882812500000000000e-01 -1.660156250000000000e+00 9.648437500000000000e-01
4.740234374999999778e-01 7.783203125000000000e-01 8.460156250000000488e-01 5.210937499999999944e-02 9.625781250000000622e-01 -1.437074218750000076e+00 -1.074218750000000000e+00 1.660156250000000000e+00 4.511718750000000000e+00 3.339843750000000000e+00 1.964843750000000000e+00
3.790234375000000044e-01 6.533203125000000000e-01 7.560156250000000799e-01 4.210937500000000444e-02 9.125781250000000178e-01 -1.020574218750000206e+00 -3.574218750000000000e+00 -8.398437500000000000e-01 -2.988281250000000000e+00 8.398437500000000000e-01 4.648437500000000000e-01
1.890234375000000022e-01 9.033203125000000000e-01 5.760156250000000311e-01 6.210937500000000833e-02 1.012578125000000107e+00 -1.853574218749999947e+00 1.425781250000000000e+00 4.160156250000000000e+00 2.011718750000000000e+00 -4.160156250000000000e+00 1.464843750000000000e+00
2.127734374999999956e-01 6.220703125000000000e-01 7.785156250000000444e-01 5.460937500000000167e-02 9.750781250000000178e-01 -1.957699218749999970e+00 3.300781250000000000e+00 -2.148437500000000000e-01 -1.113281250000000000e+00 1.464843750000000000e+00 1.339843750000000000e+00
4.027734374999999978e-01 8.720703125000000000e-01 5.985156249999999956e-01 3.460937499999999778e-02 8.750781250000000400e-01 -1.124699218750000007e+00 -1.699218750000000000e+00 4.785156250000000000e+00 3.886718750000000000e+00 -3.535156250000000000e+00 3.398437500000000000e-01
4.977734375000000266e-01 7.470703125000000000e-01 6.885156250000000755e-01 6.460937499999999667e-02 9.250781249999999734e-01 -1.541199218750000099e+00 -4.199218750000000000e+00 -2.714843750000000000e+00 -3.613281250000000000e+00 -1.035156250000000000e+00 1.839843750000000000e+00
3.077734374999999689e-01 9.970703125000000000e-01 8.685156250000000133e-01 4.460937499999999972e-02 1.025078125000000062e+00 -7.081992187500001368e-01 8.007812500000000000e-01 2.285156250000000000e+00 1.386718750000000000e+00 3.964843750000000000e+00 8.398437500000000000e-01
2.602734374999999822e-01 6.845703125000000000e-01 5.535156250000000666e-01 5.960937500000000611e-02 9.500781249999999956e-01 -4.999492187500000906e-01 4.550781250000000000e+00 3.535156250000000000e+00 -2.363281250000000000e+00 -2.285156250000000000e+00 1.589843750000000000e+00
4.502734374999999845e-01 9.345703125000000000e-01 7.335156250000000044e-01 3.960937500000000222e-02 1.050078124999999973e+00 -1.332949218750000053e+00 -4.492187500000000000e-01 -1.464843750000000000e+00 2.636718750000000000e+00 2.714843750000000000e+00 5.898437500000000000e-01
3.552734375000000111e-01 5.595703125000000000e-01 8.235156249999999734e-01 6.960937500000000111e-02 1.000078124999999929e+00 -9.164492187499999609e-01 -2.949218750000000000e+00 1.035156250000000000e+00 -4.863281250000000000e+00 2.148437500000000000e-01 1.089843750000000000e+00
1.652734375000000089e-01 8.095703125000000000e-01 6.435156250000000355e-01 4.960937500000000416e-02 9.000781250000000622e-01 -1.749449218750000146e+00 2.050781250000000000e+00 -3.964843750000000000e+00 1.367187500000000000e-01 -4.785156250000000000e+00 8.984375000000000000e-02
1.533984374999999845e-01 5.439453125000000000e-01 6.097656250000000888e-01 4.085937500000000333e-02 9.438281250000000178e-01 -1.280886718750000153e+00 -2.011718750000000000e+00 -1.777343750000000000e+00 1.074218750000000000e+00 3.652343750000000000e+00 9.023437500000000000e-01
3.433984374999999867e-01 7.939453125000000000e-01 7.897656250000000266e-01 6.085937500000000722e-02 1.043828125000000107e+00 -4.478867187499999680e-01 2.988281250000000000e+00 3.222656250000000000e+00 -3.925781250000000000e+00 -1.347656250000000000e+00 1.902343750000000000e+00
4.383984375000000155e-01 6.689453125000000000e-01 8.797656250000001066e-01 3.085937499999999792e-02 9.938281250000000622e-01 -1.697386718750000023e+00 4.882812500000000000e-01 -4.277343750000000000e+00 3.574218750000000000e+00 -3.847656250000000000e+00 4.023437500000000000e-01
2.483984374999999856e-01 9.189453125000000000e-01 6.997656250000000577e-01 5.085937499999999833e-02 8.938281249999999734e-01 -8.643867187500000604e-01 -4.511718750000000000e+00 7.226562500000000000e-01 -1.425781250000000000e+00 1.152343750000000000e+00 1.402343750000000000e+00
2.958984375000000000e-01 7.314453125000000000e-01 7.447656250000000977e-01 4.585937500000000083e-02 1.018828124999999973e+00 -1.072636718750000107e+00 -7.617187500000000000e-01 4.472656250000000000e+00 2.324218750000000000e+00 -2.597656250000000000e+00 1.523437500000000000e-01
4.858984375000000022e-01 9.814453125000000000e-01 5.647656250000000488e-01 6.585937499999999778e-02 9.188281249999999956e-01 -1.905636718750000069e+00 4.238281250000000000e+00 -5.273437500000000000e-01 -2.675781250000000000e+00 2.402343750000000000e+00 1.152343750000000000e+00
3.908984374999999734e-01 6.064453125000000000e-01 6.547656250000000178e-01 3.585937499999999889e-02 9.688281250000000400e-01 -6.561367187500000142e-01 1.738281250000000000e+00 1.972656250000000000e+00 4.824218750000000000e+00 4.902343750000000000e+00 6.523437500000000000e-01
2.008984374999999989e-01 8.564453125000000000e-01 8.347656249999999556e-01 5.585937500000000278e-02 1.068828125000000018e+00 -1.489136718749999977e+00 -3.261718750000000000e+00 -3.027343750000000000e+00 -1.757812500000000000e-01 -9.765625000000000000e-02 1.652343750000000000e+00
1.771484375000000056e-01 6.376953125000000000e-01 7.222656250000000222e-01 6.835937500000000000e-02 1.031328124999999929e+00 -1.385011718749999954e+00 -1.386718750000000000e+00 1.347656250000000000e+00 1.699218750000000000e+00 3.027343750000000000e+00 1.527343750000000000e+00
3.671484375000000355e-01 8.876953125000000000e-01 9.022656250000000711e-01 4.835937500000000305e-02 9.313281250000000622e-01 -5.520117187499999911e-01 3.613281250000000000e+00 -3.652343750000000000e+00 -3.300781250000000000e+00 -1.972656250000000000e+00 5.273437500000000000e-01
4.621484375000000089e-01 5.126953125000000000e-01 8.122656249999999911e-01 5.835937500000000500e-02 8.813281250000000178e-01 -1.801511718750000046e+00 1.113281250000000000e+00 3.847656250000000000e+00 4.199218750000000000e+00 -4.472656250000000000e+00 1.027343750000000000e+00
2.721484375000000067e-01 7.626953125000000000e-01 6.322656250000000533e-01 3.835937500000000111e-02 9.813281249999999956e-01 -9.685117187500000835e-01 -3.886718750000000000e+00 -1.152343750000000000e+00 -8.007812500000000000e-01 5.273437500000000000e-01 2.734375000000000000e-02
2.246484374999999922e-01 5.751953125000000000e-01 8.572656250000000311e-01 6.335937499999999556e-02 9.063281250000000400e-01 -7.602617187500000373e-01 -1.367187500000000000e-01 -4.902343750000000000e+00 4.492187500000000000e-01 -3.222656250000000000e+00 1.277343750000000000e+00
4.146484375000000222e-01 8.251953125000000000e-01 6.772656249999999822e-01 4.335937500000000555e-02 1.006328125000000018e+00 -1.593261718750000000e+00 4.863281250000000000e+00 9.765625000000000000e-02 -4.550781250000000000e+00 1.777343750000000000e+00 2.773437500000000000e-01
3.196484374999999933e-01 7.001953125000000000e-01 5.872656250000000133e-01 5.335937500000000056e-02 1.056328125000000062e+00 -3.437617187500001670e-01 2.363281250000000000e+00 -2.402343750000000000e+00 2.949218750000000000e+00 4.277343750000000000e+00 1.777343750000000000e+00
1.296484374999999911e-01 9.501953125000000000e-01 7.672656250000000622e-01 3.335937499999999667e-02 9.563281249999999734e-01 -1.176761718749999908e+00 -2.636718750000000000e+00 2.597656250000000000e+00 -2.050781250000000000e+00 -7.226562500000000000e-01 7.773437500000000000e-01
1.266796874999999989e-01 6.494140625000000000e-01 5.900781250000000089e-01 4.867187500000000333e-02 9.860156250000000622e-01 -1.502152343749999952e+00 4.003906250000000000e+00 8.007812500000000000e-01 4.746093750000000000e+00 4.042968750000000000e+00 1.011718750000000000e+00
3.166796874999999734e-01 8.994140625000000000e-01 7.700781250000000577e-01 6.867187500000000722e-02 8.860156249999999734e-01 -6.691523437499999893e-01 -9.960937500000000000e-01 -4.199218750000000000e+00 -2.539062500000000000e-01 -9.570312500000000000e-01 1.171875000000000000e-02
4.116796875000000022e-01 5.244140625000000000e-01 8.600781250000000266e-01 3.867187500000000139e-02 9.360156250000000178e-01 -1.918652343750000044e+00 -3.496093750000000000e+00 3.300781250000000000e+00 2.246093750000000000e+00 -3.457031250000000000e+00 1.511718750000000000e+00
2.216796875000000000e-01 7.744140625000000000e-01 6.800781250000000888e-01 5.867187500000000527e-02 1.036015625000000107e+00 -1.085652343750000082e+00 1.503906250000000000e+00 -1.699218750000000000e+00 -2.753906250000000000e+00 1.542968750000000000e+00 5.117187500000000000e-01
2.691796874999999867e-01 5.869140625000000000e-01 8.150781250000000977e-01 4.367187499999999889e-02 9.610156250000000400e-01 -8.774023437500000355e-01 2.753906250000000000e+00 -2.949218750000000000e+00 3.496093750000000000e+00 -4.707031250000000000e+00 1.761718750000000000e+00
4.591796874999999889e-01 8.369140625000000000e-01 6.350781250000000488e-01 6.367187500000000278e-02 1.061015625000000018e+00 -1.710402343749999998e+00 -2.246093750000000000e+00 2.050781250000000000e+00 -1.503906250000000000e+00 2.929687500000000000e-01 7.617187500000000000e-01
3.641796874999999600e-01 7.119140625000000000e-01 7.250781250000000178e-01 3.367187499999999695e-02 1.011015624999999973e+00 -4.609023437500001652e-01 -4.746093750000000000e+00 -4.492187500000000000e-01 9.960937500000000000e-01 2.792968750000000000e+00 1.261718750000000000e+00
1.741796875000000133e-01 9.619140625000000000e-01 9.050781249999999556e-01 5.367187500000000777e-02 9.110156249999999956e-01 -1.293902343750000128e+00 2.539062500000000000e-01 4.550781250000000000e+00 -4.003906250000000000e+00 -2.207031250000000000e+00 2.617187500000000000e-01
1.979296875000000067e-01 5.556640625000000000e-01 6.575781250000000133e-01 6.117187500000000056e-02 8.735156250000000178e-01 -1.189777343749999883e+00 4.628906250000000000e+00 -1.074218750000000000e+00 2.871093750000000000e+00 4.667968750000000000e+00 3.867187500000000000e-01
3.879296875000000089e-01 8.056640625000000000e-01 8.375781250000000622e-01 4.117187500000000361e-02 9.735156249999999956e-01 -3.567773437500001421e-01 -3.710937500000000000e-01 3.925781250000000000e+00 -2.128906250000000000e+00 -3.320312500000000000e-01 1.386718750000000000e+00
4.829296874999999822e-01 6.806640625000000000e-01 7.475781249999999822e-01 5.117187500000000555e-02 1.023515624999999929e+00 -1.606277343749999975e+00 -2.871093750000000000e+00 -3.574218750000000000e+00 3.710937500000000000e-01 -2.832031250000000000e+00 8.867187500000000000e-01
2.929296875000000355e-01 9.306640625000000000e-01 5.675781250000000444e-01 3.117187499999999820e-02 9.235156250000000622e-01 -7.732773437500000124e-01 2.128906250000000000e+00 1.425781250000000000e+00 -4.628906250000000000e+00 2.167968750000000000e+00 1.886718750000000000e+00
2.454296874999999933e-01 7.431640625000000000e-01 8.825781249999999911e-01 6.617187500000000500e-02 1.048515625000000062e+00 -9.815273437500000586e-01 3.378906250000000000e+00 2.675781250000000000e+00 4.121093750000000000e+00 -4.082031250000000000e+00 6.367187500000000000e-01
4.354296874999999956e-01 9.931640625000000000e-01 7.025781250000000533e-01 4.617187500000000111e-02 9.485156249999999734e-01 -1.814527343750000021e+00 -1.621093750000000000e+00 -2.324218750000000000e+00 -8.789062500000000000e-01 9.179687500000000000e-01 1.636718750000000000e+00
3.404296875000000222e-01 6.181640625000000000e-01 6.125781250000000844e-01 5.617187500000000305e-02 8.985156250000000400e-01 -5.650273437499999662e-01 -4.121093750000000000e+00 1.757812500000000000e-01 1.621093750000000000e+00 3.417968750000000000e+00 1.367187500000000000e-01
1.504296874999999922e-01 8.681640625000000000e-01 7.925781250000000222e-01 3.617187499999999917e-02 9.985156250000000178e-01 -1.398027343749999929e+00 8.789062500000000000e-01 -4.824218750000000000e+00 -3.378906250000000000e+00 -1.582031250000000000e+00 1.136718750000000000e+00
1.623046874999999889e-01 6.025390625000000000e-01 8.263281250000000799e-01 3.492187499999999806e-02 1.042265624999999973e+00 -1.866589843749999922e+00 -6.835937500000000000e-01 -2.011718750000000000e+00 -3.066406250000000000e+00 6.054687500000000000e-01 1.824218750000000000e+00
3.523046874999999911e-01 8.525390625000000000e-01 6.463281250000000311e-01 5.492187500000000888e-02 9.422656249999999956e-01 -1.033589843750000181e+00 4.316406250000000000e+00 2.988281250000000000e+00 1.933593750000000000e+00 -4.394531250000000000e+00 8.242187500000000000e-01
4.473046875000000200e-01 7.275390625000000000e-01 5.563281250000000622e-01 4.492187500000000000e-02 8.922656249999999512e-01 -1.450089843750000052e+00 1.816406250000000000e+00 -4.511718750000000000e+00 -5.664062500000000000e-01 -1.894531250000000000e+00 1.324218750000000000e+00
2.573046875000000178e-01 9.775390625000000000e-01 7.363281250000000000e-01 6.492187500000000389e-02 9.922656250000000400e-01 -6.170898437500000888e-01 -3.183593750000000000e+00 4.882812500000000000e-01 4.433593750000000000e+00 3.105468750000000000e+00 3.242187500000000000e-01
3.048046875000000044e-01 6.650390625000000000e-01 6.913281250000000711e-01 3.992187500000000250e-02 9.172656249999999734e-01 -4.088398437500000426e-01 -1.933593750000000000e+00 4.238281250000000000e+00 -4.316406250000000000e+00 -6.445312500000000000e-01 1.074218750000000000e+00
4.948046875000000067e-01 9.150390625000000000e-01 8.713281250000000089e-01 5.992187500000000638e-02 1.017265625000000062e+00 -1.241839843750000005e+00 3.066406250000000000e+00 -7.617187500000000000e-01 6.835937500000000000e-01 4.355468750000000000e+00 7.421875000000000000e-02
3.998046874999999778e-01 5.400390625000000000e-01 7.813281250000000400e-01 4.992187500000000444e-02 1.067265625000000107e+00 -8.253398437500001350e-01 5.664062500000000000e-01 1.738281250000000000e+00 -1.816406250000000000e+00 1.855468750000000000e+00 1.574218750000000000e+00
2.098046875000000033e-01 7.900390625000000000e-01 6.013281249999999911e-01 6.992187500000000833e-02 9.672656250000000178e-01 -1.658339843750000098e+00 -4.433593750000000000e+00 -3.261718750000000000e+00 3.183593750000000000e+00 -3.144531250000000000e+00 5.742187500000000000e-01
1.860546874999999822e-01 6.962890625000000000e-01 7.588281250000000755e-01 5.742187500000000416e-02 9.297656250000000400e-01 -1.762464843750000121e+00 -5.859375000000000000e-02 2.363281250000000000e+00 -4.941406250000000000e+00 1.230468750000000000e+00 6.992187500000000000e-01
3.760546874999999845e-01 9.462890625000000000e-01 5.788281250000000266e-01 3.742187500000000028e-02 1.029765625000000018e+00 -9.294648437500001581e-01 4.941406250000000000e+00 -2.636718750000000000e+00 5.859375000000000000e-02 -3.769531250000000000e+00 1.699218750000000000e+00
4.710546875000000133e-01 5.712890625000000000e-01 6.688281249999999956e-01 6.742187500000000611e-02 9.797656249999999734e-01 -1.345964843750000028e+00 2.441406250000000000e+00 4.863281250000000000e+00 -2.441406250000000000e+00 -1.269531250000000000e+00 1.992187500000000000e-01
2.810546875000000111e-01 8.212890625000000000e-01 8.488281250000000444e-01 4.742187500000000222e-02 8.797656249999999956e-01 -5.129648437500000657e-01 -2.558593750000000000e+00 -1.367187500000000000e-01 2.558593750000000000e+00 3.730468750000000000e+00 1.199218750000000000e+00
2.335546874999999967e-01 5.087890625000000000e-01 6.238281250000000666e-01 5.242187500000000666e-02 1.004765625000000107e+00 -7.212148437500001119e-01 -1.308593750000000000e+00 -3.886718750000000000e+00 -3.691406250000000000e+00 -1.953125000000000000e-02 4.492187500000000000e-01
4.235546875000000266e-01 7.587890625000000000e-01 8.038281250000001155e-01 3.242187500000000278e-02 9.047656250000000178e-01 -1.554214843750000075e+00 3.691406250000000000e+00 1.113281250000000000e+00 1.308593750000000000e+00 4.980468750000000000e+00 1.449218750000000000e+00
3.285546874999999978e-01 6.337890625000000000e-01 8.938281249999999734e-01 6.242187500000000860e-02 9.547656250000000622e-01 -1.137714843749999982e+00 1.191406250000000000e+00 -1.386718750000000000e+00 -1.191406250000000000e+00 2.480468750000000000e+00 9.492187500000000000e-01
1.385546874999999956e-01 8.837890625000000000e-01 7.138281250000000355e-01 4.242187499999999778e-02 1.054765625000000151e+00 -1.970714843749999945e+00 -3.808593750000000000e+00 3.613281250000000000e+00 3.808593750000000000e+00 -2.519531250000000000e+00 1.949218750000000000e+00
1.326171874999999833e-01 5.166015625000000000e-01 7.307031250000000089e-01 6.554687500000000444e-02 8.953906249999999956e-01 -4.869335937500001155e-01 1.347656250000000000e+00 -2.792968750000000000e+00 -7.226562500000000000e-01 4.199218750000000000e+00 1.417968750000000000e+00
3.226171875000000133e-01 7.666015625000000000e-01 5.507031250000000711e-01 4.554687500000000056e-02 9.953906249999999734e-01 -1.319933593750000078e+00 -3.652343750000000000e+00 2.207031250000000000e+00 4.277343750000000000e+00 -8.007812500000000000e-01 4.179687500000000000e-01
4.176171874999999867e-01 6.416015625000000000e-01 6.407031250000000400e-01 5.554687500000000250e-02 1.045390625000000018e+00 -9.034335937499999858e-01 -1.152343750000000000e+00 -2.929687500000000000e-01 -3.222656250000000000e+00 -3.300781250000000000e+00 1.917968750000000000e+00
2.276171874999999845e-01 8.916015625000000000e-01 8.207031250000000888e-01 3.554687499999999861e-02 9.453906250000000400e-01 -1.736433593749999948e+00 3.847656250000000000e+00 4.707031250000000000e+00 1.777343750000000000e+00 1.699218750000000000e+00 9.179687500000000000e-01
2.751171875000000266e-01 7.041015625000000000e-01 5.957031250000000000e-01 6.054687500000000000e-02 1.020390625000000107e+00 -1.944683593749999995e+00 9.765625000000000000e-02 9.570312500000000000e-01 -1.972656250000000000e+00 -4.550781250000000000e+00 1.667968750000000000e+00
4.651171874999999734e-01 9.541015625000000000e-01 7.757031250000000488e-01 4.054687500000000305e-02 9.203906250000000178e-01 -1.111683593750000032e+00 -4.902343750000000000e+00 -4.042968750000000000e+00 3.027343750000000000e+00 4.492187500000000000e-01 6.679687500000000000e-01
3.701171875000000000e-01 5.791015625000000000e-01 8.657031250000000178e-01 5.054687500000000500e-02 8.703906249999999734e-01 -1.528183593750000124e+00 -2.402343750000000000e+00 3.457031250000000000e+00 -4.472656250000000000e+00 2.949218750000000000e+00 1.167968750000000000e+00
1.801171874999999978e-01 8.291015625000000000e-01 6.857031250000000799e-01 3.054687499999999764e-02 9.703906250000000622e-01 -6.951835937500001616e-01 2.597656250000000000e+00 -1.542968750000000000e+00 5.273437500000000000e-01 -2.050781250000000000e+00 1.679687500000000000e-01
2.038671874999999911e-01 6.728515625000000000e-01 8.432031250000000533e-01 4.304687499999999833e-02 1.007890624999999929e+00 -5.910585937500001386e-01 1.972656250000000000e+00 2.832031250000000000e+00 -1.347656250000000000e+00 4.824218750000000000e+00 4.296875000000000000e-02
3.938671874999999933e-01 9.228515625000000000e-01 6.632031250000000044e-01 6.304687500000000222e-02 9.078906250000000622e-01 -1.424058593749999879e+00 -3.027343750000000000e+00 -2.167968750000000000e+00 3.652343750000000000e+00 -1.757812500000000000e-01 1.042968750000000000e+00
4.888671875000000222e-01 5.478515625000000000e-01 5.732031250000000355e-01 3.304687499999999639e-02 9.578906249999999956e-01 -1.007558593750000009e+00 -5.273437500000000000e-01 3.320312500000000000e-01 -3.847656250000000000e+00 -2.675781250000000000e+00 5.429687500000000000e-01
2.988671874999999645e-01 7.978515625000000000e-01 7.532031249999999734e-01 5.304687500000000722e-02 1.057890624999999973e+00 -1.840558593749999972e+00 4.472656250000000000e+00 -4.667968750000000000e+00 1.152343750000000000e+00 2.324218750000000000e+00 1.542968750000000000e+00
2.513671874999999778e-01 6.103515625000000000e-01 7.082031250000000444e-01 4.804687500000000278e-02 9.328906249999999734e-01 -1.632308593749999925e+00 7.226562500000000000e-01 -9.179687500000000000e-01 -9.765625000000000000e-02 -3.925781250000000000e+00 7.929687500000000000e-01
4.413671874999999800e-01 8.603515625000000000e-01 8.882031249999999822e-01 6.804687500000000666e-02 1.032890625000000062e+00 -7.993085937499999627e-01 -4.277343750000000000e+00 4.082031250000000000e+00 4.902343750000000000e+00 1.074218750000000000e+00 1.792968750000000000e+00
3.463671875000000067e-01 7.353515625000000000e-01 7.982031250000000133e-01 3.804687500000000083e-02 9.828906250000000178e-01 -1.215808593750000055e+00 -1.777343750000000000e+00 -3.417968750000000000e+00 -2.597656250000000000e+00 3.574218750000000000e+00 2.929687500000000000e-01
1.563671875000000044e-01 9.853515625000000000e-01 6.182031250000000755e-01 5.804687500000000472e-02 8.828906250000000400e-01 -3.828085937500000924e-01 3.222656250000000000e+00 1.582031250000000000e+00 2.402343750000000000e+00 -1.425781250000000000e+00 1.292968750000000000e+00
1.444921875000000078e-01 7.197265625000000000e-01 6.744531250000000977e-01 5.179687500000000611e-02 9.516406250000000178e-01 -8.513710937500000853e-01 -3.339843750000000000e+00 3.769531250000000000e+00 1.464843750000000000e+00 1.367187500000000000e-01 1.730468750000000000e+00
3.344921874999999822e-01 9.697265625000000000e-01 8.544531250000000355e-01 3.179687500000000222e-02 1.051640625000000107e+00 -1.684371093750000048e+00 1.660156250000000000e+00 -1.230468750000000000e+00 -3.535156250000000000e+00 -4.863281250000000000e+00 7.304687500000000000e-01
4.294921875000000111e-01 5.947265625000000000e-01 7.644531250000000666e-01 6.179687500000000805e-02 1.001640625000000062e+00 -4.348710937499999929e-01 4.160156250000000000e+00 1.269531250000000000e+00 3.964843750000000000e+00 -2.363281250000000000e+00 1.230468750000000000e+00
2.394921875000000089e-01 8.447265625000000000e-01 5.844531250000000178e-01 4.179687499999999722e-02 9.016406249999999734e-01 -1.267871093750000178e+00 -8.398437500000000000e-01 -3.730468750000000000e+00 -1.035156250000000000e+00 2.636718750000000000e+00 2.304687500000000000e-01
2.869921874999999956e-01 5.322265625000000000e-01 8.994531249999999645e-01 5.679687500000000361e-02 9.766406250000000400e-01 -1.476121093750000002e+00 -4.589843750000000000e+00 -2.480468750000000000e+00 2.148437500000000000e-01 -1.113281250000000000e+00 1.480468750000000000e+00
4.769921874999999978e-01 7.822265625000000000e-01 7.194531250000000266e-01 3.679687499999999972e-02 8.766406249999999512e-01 -6.431210937500000391e-01 4.101562500000000000e-01 2.519531250000000000e+00 -4.785156250000000000e+00 3.886718750000000000e+00 4.804687500000000000e-01
3.819921875000000244e-01 6.572265625000000000e-01 6.294531250000000577e-01 6.679687500000000555e-02 9.266406249999999956e-01 -1.892621093750000094e+00 2.910156250000000000e+00 -4.980468750000000000e+00 2.714843750000000000e+00 1.386718750000000000e+00 1.980468750000000000e+00
1.919921874999999944e-01 9.072265625000000000e-01 8.094531250000001066e-01 4.679687500000000167e-02 1.026640624999999973e+00 -1.059621093750000131e+00 -2.089843750000000000e+00 1.953125000000000000e-02 -2.285156250000000000e+00 -3.613281250000000000e+00 9.804687500000000000e-01
1.682421875000000011e-01 5.634765625000000000e-01 5.619531250000000533e-01 3.929687500000000194e-02 1.064140625000000062e+00 -1.163746093749999932e+00 -2.714843750000000000e+00 -4.355468750000000000e+00 8.398437500000000000e-01 7.617187500000000000e-01 8.554687500000000000e-01
3.582421875000000311e-01 8.134765625000000000e-01 7.419531249999999911e-01 5.929687500000000583e-02 9.641406249999999734e-01 -1.996746093749999895e+00 2.285156250000000000e+00 6.445312500000000000e-01 -4.160156250000000000e+00 -4.238281250000000000e+00 1.855468750000000000e+00
4.532421875000000044e-01 6.884765625000000000e-01 8.319531250000000711e-01 4.929687500000000389e-02 9.141406250000000400e-01 -7.472460937500000622e-01 4.785156250000000000e+00 -1.855468750000000000e+00 3.339843750000000000e+00 -1.738281250000000000e+00 3.554687500000000000e-01
2.632421875000000022e-01 9.384765625000000000e-01 6.519531250000000222e-01 6.929687500000000777e-02 1.014140625000000018e+00 -1.580246093750000025e+00 -2.148437500000000000e-01 3.144531250000000000e+00 -1.660156250000000000e+00 3.261718750000000000e+00 1.355468750000000000e+00
2.157421875000000155e-01 6.259765625000000000e-01 7.869531250000000311e-01 3.429687499999999750e-02 8.891406250000000178e-01 -1.371996093749999979e+00 -3.964843750000000000e+00 1.894531250000000000e+00 2.089843750000000000e+00 -4.882812500000000000e-01 1.054687500000000000e-01
4.057421875000000178e-01 8.759765625000000000e-01 6.069531250000000933e-01 5.429687500000000833e-02 9.891406249999999956e-01 -5.389960937500000160e-01 1.035156250000000000e+00 -3.105468750000000000e+00 -2.910156250000000000e+00 4.511718750000000000e+00 1.105468750000000000e+00
3.107421874999999889e-01 5.009765625000000000e-01 6.969531250000000622e-01 4.429687499999999944e-02 1.039140624999999929e+00 -1.788496093750000071e+00 3.535156250000000000e+00 4.394531250000000000e+00 4.589843750000000000e+00 2.011718750000000000e+00 6.054687500000000000e-01
1.207421875000000006e-01 7.509765625000000000e-01 8.769531250000000000e-01 6.429687500000000333e-02 9.391406250000000622e-01 -9.554960937500001084e-01 -1.464843750000000000e+00 -6.054687500000000000e-01 -4.101562500000000000e-01 -2.988281250000000000e+00 1.605468750000000000e+00
1.211132812499999961e-01 6.254882812500000000e-01 6.804296874999999911e-01 3.605468750000000167e-02 1.049101562499999973e+00 -1.269498046874999897e+00 2.177734375000000000e+00 -7.519531250000000000e-01 1.162109375000000000e+00 1.650390625000000000e+00 1.833984375000000000e+00
3.111132812499999845e-01 8.754882812500000000e-01 8.604296875000000400e-01 5.605468750000000555e-02 9.491015624999999956e-01 -4.364980468750001563e-01 -2.822265625000000000e+00 4.248046875000000000e+00 -3.837890625000000000e+00 -3.349609375000000000e+00 8.339843750000000000e-01
4.061132812500000133e-01 5.004882812500000000e-01 7.704296875000000711e-01 4.605468750000000361e-02 8.991015625000000622e-01 -1.685998046874999989e+00 -3.222656250000000000e-01 -3.251953125000000000e+00 3.662109375000000000e+00 -8.496093750000000000e-01 1.333984375000000000e+00
2.161132812500000111e-01 7.504882812500000000e-01 5.904296875000000222e-01 6.605468750000001443e-02 9.991015625000000400e-01 -8.529980468750000266e-01 4.677734375000000000e+00 1.748046875000000000e+00 -1.337890625000000000e+00 4.150390625000000000e+00 3.339843750000000000e-01
2.636132812499999978e-01 5.629882812500000000e-01 9.054296875000000799e-01 3.105468750000000069e-02 8.741015625000000400e-01 -1.061248046875000073e+00 9.277343750000000000e-01 2.998046875000000000e+00 2.412109375000000000e+00 -2.099609375000000000e+00 1.083984375000000000e+00
4.536132812500000000e-01 8.129882812500000000e-01 7.254296875000000311e-01 5.105468750000000111e-02 9.741015625000000178e-01 -1.894248046875000036e+00 -4.072265625000000000e+00 -2.001953125000000000e+00 -2.587890625000000000e+00 2.900390625000000000e+00 8.398437500000000000e-02
3.586132812500000266e-01 6.879882812500000000e-01 6.354296875000000622e-01 4.105468749999999917e-02 1.024101562500000062e+00 -6.447480468749999805e-01 -1.572265625000000000e+00 4.980468750000000000e-01 4.912109375000000000e+00 4.003906250000000000e-01 1.583984375000000000e+00
1.686132812499999967e-01 9.379882812500000000e-01 8.154296875000000000e-01 6.105468750000000999e-02 9.241015624999999734e-01 -1.477748046874999943e+00 3.427734375000000000e+00 -4.501953125000000000e+00 -8.789062500000000000e-02 -4.599609375000000000e+00 5.839843750000000000e-01
1.923632812499999900e-01 5.317382812500000000e-01 5.679296875000000577e-01 5.355468750000000333e-02 9.616015625000000622e-01 -1.581873046874999966e+00 1.552734375000000000e+00 1.123046875000000000e+00 1.787109375000000000e+00 2.275390625000000000e+00 7.089843750000000000e-01
3.823632812500000200e-01 7.817382812500000000e-01 7.479296874999999956e-01 3.355468749999999944e-02 1.061601562500000151e+00 -7.488730468750000036e-01 -3.447265625000000000e+00 -3.876953125000000000e+00 -3.212890625000000000e+00 -2.724609375000000000e+00 1.708984375000000000e+00
4.773632812499999933e-01 6.567382812500000000e-01 8.379296874999999645e-01 6.355468750000001221e-02 1.011601562500000107e+00 -1.998373046875000059e+00 -9.472656250000000000e-01 3.623046875000000000e+00 4.287109375000000000e+00 -2.246093750000000000e-01 2.089843750000000000e-01
2.873632812499999911e-01 9.067382812500000000e-01 6.579296875000000266e-01 4.355468750000000139e-02 9.116015625000000178e-01 -1.165373046875000096e+00 4.052734375000000000e+00 -1.376953125000000000e+00 -7.128906250000000000e-01 4.775390625000000000e+00 1.208984375000000000e+00
2.398632812500000044e-01 7.192382812500000000e-01 7.929296875000000355e-01 5.855468750000000777e-02 9.866015624999999734e-01 -9.571230468750000497e-01 3.027343750000000000e-01 -2.626953125000000000e+00 5.371093750000000000e-01 -1.474609375000000000e+00 4.589843750000000000e-01
4.298632812500000067e-01 9.692382812500000000e-01 6.129296875000000977e-01 3.855468750000000389e-02 8.866015624999999956e-01 -1.790123046875000012e+00 -4.697265625000000000e+00 2.373046875000000000e+00 -4.462890625000000000e+00 3.525390625000000000e+00 1.458984375000000000e+00
3.348632812499999778e-01 5.942382812500000000e-01 7.029296875000000666e-01 6.855468750000001665e-02 9.366015625000000400e-01 -5.406230468749999574e-01 -2.197265625000000000e+00 -1.269531250000000000e-01 3.037109375000000000e+00 1.025390625000000000e+00 9.589843750000000000e-01
1.448632812500000033e-01 8.442382812500000000e-01 8.829296875000000044e-01 4.855468749999999889e-02 1.036601562500000018e+00 -1.373623046875000142e+00 2.802734375000000000e+00 4.873046875000000000e+00 -1.962890625000000000e+00 -3.974609375000000000e+00 1.958984375000000000e+00
1.567382812500000000e-01 6.098632812500000000e-01 7.366796875000000133e-01 4.230468750000000028e-02 1.005351562500000018e+00 -1.738060546874999890e+00 -2.509765625000000000e+00 2.060546875000000000e+00 -1.650390625000000000e+00 2.587890625000000000e+00 1.021484375000000000e+00
3.467382812500000022e-01 8.598632812500000000e-01 5.566796875000000755e-01 6.230468750000000416e-02 9.053515625000000400e-01 -9.050605468750001492e-01 2.490234375000000000e+00 -2.939453125000000000e+00 3.349609375000000000e+00 -2.412109375000000000e+00 2.148437500000000000e-02
4.417382812499999756e-01 7.348632812500000000e-01 6.466796875000000444e-01 3.230468749999999833e-02 9.553515624999999734e-01 -1.321560546875000020e+00 4.990234375000000000e+00 4.560546875000000000e+00 -4.150390625000000000e+00 -4.912109375000000000e+00 1.521484375000000000e+00
2.517382812499999734e-01 9.848632812500000000e-01 8.266796874999999822e-01 5.230468750000000222e-02 1.055351562500000062e+00 -4.885605468750000568e-01 -9.765625000000000000e-03 -4.394531250000000000e-01 8.496093750000000000e-01 8.789062500000000000e-02 5.214843750000000000e-01
2.992382812499999600e-01 6.723632812500000000e-01 6.016796875000000044e-01 4.730468749999999778e-02 9.303515625000000622e-01 -6.968105468750001030e-01 -3.759765625000000000e+00 -4.189453125000000000e+00 -4.003906250000000000e-01 -3.662109375000000000e+00 1.771484375000000000e+00
4.892382812500000178e-01 9.223632812500000000e-01 7.816796875000000533e-01 6.730468750000001554e-02 1.030351562499999929e+00 -1.529810546875000066e+00 1.240234375000000000e+00 8.105468750000000000e-01 4.599609375000000000e+00 1.337890625000000000e+00 7.714843750000000000e-01
3.942382812499999889e-01 5.473632812500000000e-01 8.716796875000000222e-01 3.730468750000000278e-02 9.803515624999999956e-01 -1.113310546875000195e+00 3.740234375000000000e+00 -1.689453125000000000e+00 -2.900390625000000000e+00 3.837890625000000000e+00 1.271484375000000000e+00
2.042382812499999867e-01 7.973632812500000000e-01 6.916796874999999734e-01 5.730468750000000666e-02 8.803515625000000178e-01 -1.946310546874999936e+00 -1.259765625000000000e+00 3.310546875000000000e+00 2.099609375000000000e+00 -1.162109375000000000e+00 2.714843750000000000e-01
1.804882812499999933e-01 7.036132812500000000e-01 8.491796875000000577e-01 6.980468750000000389e-02 9.178515624999999956e-01 -1.842185546874999913e+00 -3.134765625000000000e+00 -2.314453125000000000e+00 -1.025390625000000000e+00 3.212890625000000000e+00 3.964843750000000000e-01
3.704882812499999956e-01 9.536132812500000000e-01 6.691796875000000089e-01 4.980468750000000000e-02 1.017851562499999973e+00 -1.009185546874999950e+00 1.865234375000000000e+00 2.685546875000000000e+00 3.974609375000000000e+00 -1.787109375000000000e+00 1.396484375000000000e+00
4.654882812500000244e-01 5.786132812500000000e-01 5.791796875000000400e-01 5.980468750000000888e-02 1.067851562500000018e+00 -1.425685546875000043e+00 4.365234375000000000e+00 -4.814453125000000000e+00 -3.525390625000000000e+00 -4.287109375000000000e+00 8.964843750000000000e-01
2.754882812500000222e-01 8.286132812500000000e-01 7.591796875000000888e-01 3.980468750000000500e-02 9.678515625000000400e-01 -5.926855468750000799e-01 -6.347656250000000000e-01 1.855468750000000000e-01 1.474609375000000000e+00 7.128906250000000000e-01 1.896484375000000000e+00
2.279882812499999800e-01 5.161132812500000000e-01 7.141796875000000488e-01 6.480468750000001332e-02 1.042851562500000107e+00 -3.844355468750000338e-01 -4.384765625000000000e+00 3.935546875000000000e+00 -2.275390625000000000e+00 -3.037109375000000000e+00 6.464843750000000000e-01
4.179882812499999822e-01 7.661132812500000000e-01 8.941796875000000977e-01 4.480468750000000250e-02 9.428515625000000178e-01 -1.217435546874999996e+00 6.152343750000000000e-01 -1.064453125000000000e+00 2.724609375000000000e+00 1.962890625000000000e+00 1.646484375000000000e+00
3.229882812500000089e-01 6.411132812500000000e-01 8.041796875000000178e-01 5.480468750000000444e-02 8.928515624999999734e-01 -8.009355468750001261e-01 3.115234375000000000e+00 1.435546875000000000e+00 -4.775390625000000000e+00 4.462890625000000000e+00 1.464843750000000000e-01
1.329882812500000067e-01 8.911132812500000000e-01 6.241796875000000799e-01 3.480468750000000056e-02 9.928515625000000622e-01 -1.633935546875000089e+00 -1.884765625000000000e+00 -3.564453125000000000e+00 2.246093750000000000e-01 -5.371093750000000000e-01 1.146484375000000000e+00
1.389257812499999911e-01 5.083007812500000000e-01 8.210546874999999911e-01 5.792968750000000722e-02 9.334765624999999956e-01 -6.187167968750000302e-01 4.521484375000000000e+00 2.529296875000000000e+00 -4.619140625000000000e+00 1.494140625000000000e+00 1.740234375000000000e+00
3.289257812499999933e-01 7.583007812500000000e-01 6.410546875000000533e-01 3.792968750000000333e-02 1.033476562499999973e+00 -1.451716796874999993e+00 -4.785156250000000000e-01 -2.470703125000000000e+00 3.808593750000000000e-01 -3.505859375000000000e+00 7.402343750000000000e-01
4.239257812500000222e-01 6.333007812500000000e-01 5.510546875000000844e-01 6.792968750000000222e-02 9.834765625000000400e-01 -1.035216796874999901e+00 -2.978515625000000000e+00 2.929687500000000000e-02 -2.119140625000000000e+00 -1.005859375000000000e+00 1.240234375000000000e+00
2.339257812499999922e-01 8.833007812500000000e-01 7.310546875000000222e-01 4.792968749999999833e-02 8.834765624999999512e-01 -1.868216796875000085e+00 2.021484375000000000e+00 -4.970703125000000000e+00 2.880859375000000000e+00 3.994140625000000000e+00 2.402343750000000000e-01
2.814257812500000067e-01 6.958007812500000000e-01 6.860546874999999822e-01 5.292968750000000278e-02 1.008476562500000062e+00 -1.659966796875000039e+00 3.271484375000000000e+00 -1.220703125000000000e+00 -3.369140625000000000e+00 -2.255859375000000000e+00 1.490234375000000000e+00
4.714257812500000089e-01 9.458007812500000000e-01 8.660546875000000311e-01 3.292968749999999889e-02 9.084765624999999734e-01 -8.269667968750000764e-01 -1.728515625000000000e+00 3.779296875000000000e+00 1.630859375000000000e+00 2.744140625000000000e+00 4.902343750000000000e-01
3.764257812499999800e-01 5.708007812500000000e-01 7.760546875000000622e-01 6.292968749999999778e-02 9.584765625000000178e-01 -1.243466796874999947e+00 -4.228515625000000000e+00 -3.720703125000000000e+00 -8.691406250000000000e-01 2.441406250000000000e-01 1.990234375000000000e+00
1.864257812499999778e-01 8.208007812500000000e-01 5.960546875000000133e-01 4.292968750000000083e-02 1.058476562500000107e+00 -4.104667968749999840e-01 7.714843750000000000e-01 1.279296875000000000e+00 4.130859375000000000e+00 -4.755859375000000000e+00 9.902343750000000000e-01
2.101757812499999989e-01 6.645507812500000000e-01 7.535546875000000977e-01 3.042968750000000014e-02 1.020976562500000018e+00 -5.145917968750000071e-01 3.896484375000000000e+00 -3.095703125000000000e+00 -2.744140625000000000e+00 2.119140625000000000e+00 8.652343750000000000e-01
4.001757812499999734e-01 9.145507812500000000e-01 5.735546875000000488e-01 5.042968750000000056e-02 9.209765625000000400e-01 -1.347591796875000192e+00 -1.103515625000000000e+00 1.904296875000000000e+00 2.255859375000000000e+00 -2.880859375000000000e+00 1.865234375000000000e+00
4.951757812500000022e-01 5.395507812500000000e-01 6.635546875000000178e-01 4.042968749999999861e-02 8.709765624999999956e-01 -9.310917968750000995e-01 -3.603515625000000000e+00 -5.957031250000000000e-01 -2.441406250000000000e-01 -3.808593750000000000e-01 3.652343750000000000e-01
3.051757812500000000e-01 7.895507812500000000e-01 8.435546874999999556e-01 6.042968750000000944e-02 9.709765624999999734e-01 -1.764091796875000062e+00 1.396484375000000000e+00 4.404296875000000000e+00 4.755859375000000000e+00 4.619140625000000000e+00 1.365234375000000000e+00
2.576757812500000133e-01 6.020507812500000000e-01 6.185546875000000888e-01 3.542968750000000111e-02 8.959765625000000178e-01 -1.972341796875000108e+00 2.646484375000000000e+00 6.542968750000000000e-01 -3.994140625000000000e+00 -1.630859375000000000e+00 1.152343750000000000e-01
4.476757812500000155e-01 8.520507812500000000e-01 7.985546875000000266e-01 5.542968750000000500e-02 9.959765625000001066e-01 -1.139341796875000146e+00 -2.353515625000000000e+00 -4.345703125000000000e+00 1.005859375000000000e+00 3.369140625000000000e+00 1.115234375000000000e+00
3.526757812499999867e-01 7.270507812500000000e-01 8.885546875000001066e-01 4.542968750000000305e-02 1.045976562500000151e+00 -1.555841796875000016e+00 -4.853515625000000000e+00 3.154296875000000000e+00 -1.494140625000000000e+00 8.691406250000000000e-01 6.152343750000000000e-01
1.626757812499999845e-01 9.770507812500000000e-01 7.085546875000000577e-01 6.542968750000000000e-02 9.459765625000000622e-01 -7.228417968750000533e-01 1.464843750000000000e-01 -1.845703125000000000e+00 3.505859375000000000e+00 -4.130859375000000000e+00 1.615234375000000000e+00
1.508007812499999878e-01 7.426757812500000000e-01 5.848046875000000311e-01 6.417968749999999889e-02 8.897265625000000400e-01 -1.087279296875000023e+00 -1.660156250000000000e-01 -4.033203125000000000e+00 2.568359375000000000e+00 3.056640625000000000e+00 1.427734375000000000e+00
3.408007812500000178e-01 9.926757812500000000e-01 7.648046875000000799e-01 4.417968750000000194e-02 9.897265625000000178e-01 -1.920279296874999986e+00 4.833984375000000000e+00 9.667968750000000000e-01 -2.431640625000000000e+00 -1.943359375000000000e+00 4.277343750000000000e-01
4.358007812499999911e-01 6.176757812500000000e-01 8.548046875000000488e-01 5.417968750000000389e-02 1.039726562500000062e+00 -6.707792968750001528e-01 2.333984375000000000e+00 -1.533203125000000000e+00 6.835937500000000000e-02 -4.443359375000000000e+00 1.927734375000000000e+00
2.458007812499999889e-01 8.676757812500000000e-01 6.748046875000000000e-01 3.417968750000000000e-02 9.397265624999999734e-01 -1.503779296874999893e+00 -2.666015625000000000e+00 3.466796875000000000e+00 -4.931640625000000000e+00 5.566406250000000000e-01 9.277343750000000000e-01
2.933007812500000311e-01 5.551757812500000000e-01 8.098046875000000089e-01 6.917968750000000333e-02 1.064726562499999973e+00 -1.295529296875000069e+00 -1.416015625000000000e+00 2.216796875000000000e+00 3.818359375000000000e+00 -3.193359375000000000e+00 1.677734375000000000e+00
4.833007812499999778e-01 8.051757812500000000e-01 6.298046875000000711e-01 4.917968749999999944e-02 9.647265624999999956e-01 -4.625292968750001066e-01 3.583984375000000000e+00 -2.783203125000000000e+00 -1.181640625000000000e+00 1.806640625000000000e+00 6.777343750000000000e-01
3.883007812500000044e-01 6.801757812500000000e-01 7.198046875000000400e-01 5.917968750000000833e-02 9.147265625000000622e-01 -1.712029296874999940e+00 1.083984375000000000e+00 4.716796875000000000e+00 1.318359375000000000e+00 4.306640625000000000e+00 1.177734375000000000e+00
1.983007812500000022e-01 9.301757812500000000e-01 8.998046875000000888e-01 3.917968750000000444e-02 1.014726562499999929e+00 -8.790292968749999769e-01 -3.916015625000000000e+00 -2.832031250000000000e-01 -3.681640625000000000e+00 -6.933593750000000000e-01 1.777343750000000000e-01
1.745507812500000089e-01 5.864257812500000000e-01 6.523046875000000355e-01 4.667968749999999722e-02 9.772265625000000622e-01 -7.749042968749999538e-01 -7.910156250000000000e-01 4.091796875000000000e+00 4.443359375000000000e+00 3.681640625000000000e+00 5.273437500000000000e-02
3.645507812500000111e-01 8.364257812500000000e-01 8.323046874999999734e-01 6.667968750000000111e-02 8.772265624999999734e-01 -1.607904296875000139e+00 4.208984375000000000e+00 -9.082031250000000000e-01 -5.566406250000000000e-01 -1.318359375000000000e+00 1.052734375000000000e+00
4.595507812499999845e-01 7.114257812500000000e-01 7.423046875000000044e-01 3.667968750000000222e-02 9.272265625000000178e-01 -3.584042968750000835e-01 1.708984375000000000e+00 1.591796875000000000e+00 1.943359375000000000e+00 -3.818359375000000000e+00 5.527343750000000000e-01
2.695507812499999822e-01 9.614257812500000000e-01 5.623046875000000666e-01 5.667968750000000611e-02 1.027226562500000107e+00 -1.191404296875000046e+00 -3.291015625000000000e+00 -3.408203125000000000e+00 -3.056640625000000000e+00 1.181640625000000000e+00 1.552734375000000000e+00
2.220507812499999956e-01 6.489257812500000000e-01 8.773046875000000133e-01 4.167968749999999972e-02 9.522265625000000400e-01 -1.399654296875000092e+00 -2.041015625000000000e+00 -2.158203125000000000e+00 3.193359375000000000e+00 -2.568359375000000000e+00 8.027343750000000000e-01
4.120507812499999978e-01 8.989257812500000000e-01 6.973046875000000755e-01 6.167968750000000361e-02 1.052226562500000018e+00 -5.666542968750001297e-01 2.958984375000000000e+00 2.841796875000000000e+00 -1.806640625000000000e+00 2.431640625000000000e+00 1.802734375000000000e+00
3.170507812499999689e-01 5.239257812500000000e-01 6.073046874999999956e-01 3.167968749999999778e-02 1.002226562499999973e+00 -1.816154296874999963e+00 4.589843750000000000e-01 -4.658203125000000000e+00 6.933593750000000000e-01 4.931640625000000000e+00 3.027343750000000000e-01
1.270507812499999944e-01 7.739257812500000000e-01 7.873046875000000444e-01 5.167968750000000167e-02 9.022265624999999956e-01 -9.831542968750000000e-01 -4.541015625000000000e+00 3.417968750000000000e-01 -4.306640625000000000e+00 -6.835937500000000000e-02 1.302734375000000000e+00
1.300195312499999867e-01 5.747070312500000000e-01 6.157421874999999822e-01 6.636718750000000777e-02 1.035039062500000107e+00 -8.660136718750000018e-01 3.193359375000000000e+00 3.701171875000000000e+00 1.396484375000000000e+00 4.541015625000000000e+00 5.371093750000000000e-01
3.200195312499999889e-01 8.247070312500000000e-01 7.957421875000000311e-01 4.636718750000000389e-02 9.350390625000000178e-01 -1.699013671874999964e+00 -1.806640625000000000e+00 -1.298828125000000000e+00 -3.603515625000000000e+00 -4.589843750000000000e-01 1.537109375000000000e+00
4.150195312500000178e-01 6.997070312500000000e-01 8.857421875000000000e-01 5.636718749999999889e-02 8.850390624999999734e-01 -4.495136718750001315e-01 -4.306640625000000000e+00 1.201171875000000000e+00 3.896484375000000000e+00 -2.958984375000000000e+00 3.710937500000000000e-02
2.250195312500000155e-01 9.497070312500000000e-01 7.057421875000000622e-01 3.636718750000000194e-02 9.850390625000000622e-01 -1.282513671874999872e+00 6.933593750000000000e-01 -3.798828125000000000e+00 -1.103515625000000000e+00 2.041015625000000000e+00 1.037109375000000000e+00
2.725195312500000022e-01 6.372070312500000000e-01 7.507421874999999911e-01 6.136718750000000333e-02 9.100390624999999956e-01 -1.490763671874999918e+00 4.443359375000000000e+00 -4.882812500000000000e-02 1.464843750000000000e-01 -4.208984375000000000e+00 2.871093750000000000e-01
4.625195312500000044e-01 8.872070312500000000e-01 5.707421875000000533e-01 4.136718749999999944e-02 1.010039062499999973e+00 -6.577636718749999556e-01 -5.566406250000000000e-01 4.951171875000000000e+00 -4.853515625000000000e+00 7.910156250000000000e-01 1.287109375000000000e+00
3.675195312500000311e-01 5.122070312500000000e-01 6.607421875000000222e-01 5.136718750000000139e-02 1.060039062500000018e+00 -1.907263671875000011e+00 -3.056640625000000000e+00 -2.548828125000000000e+00 2.646484375000000000e+00 3.291015625000000000e+00 7.871093750000000000e-01
1.775195312500000011e-01 7.622070312500000000e-01 8.407421875000000711e-01 3.136718749999999750e-02 9.600390625000000400e-01 -1.074263671875000048e+00 1.943359375000000000e+00 2.451171875000000000e+00 -2.353515625000000000e+00 -1.708984375000000000e+00 1.787109375000000000e+00
2.012695312499999944e-01 7.309570312500000000e-01 7.282421875000000266e-01 4.386718750000000167e-02 9.225390625000000622e-01 -9.701386718750000249e-01 2.568359375000000000e+00 -3.173828125000000000e+00 7.714843750000000000e-01 3.916015625000000000e+00 1.912109375000000000e+00
3.912695312500000244e-01 9.809570312500000000e-01 9.082421874999999645e-01 6.386718750000000555e-02 1.022539062499999929e+00 -1.803138671874999988e+00 -2.431640625000000000e+00 1.826171875000000000e+00 -4.228515625000000000e+00 -1.083984375000000000e+00 9.121093750000000000e-01
4.862695312499999978e-01 6.059570312500000000e-01 8.182421875000001066e-01 3.386718749999999972e-02 9.725390624999999956e-01 -5.536386718750001545e-01 -4.931640625000000000e+00 -6.738281250000000000e-01 3.271484375000000000e+00 -3.583984375000000000e+00 1.412109375000000000e+00
2.962695312499999956e-01 8.559570312500000000e-01 6.382421875000000577e-01 5.386718750000000361e-02 8.725390625000000178e-01 -1.386638671875000117e+00 6.835937500000000000e-02 4.326171875000000000e+00 -1.728515625000000000e+00 1.416015625000000000e+00 4.121093750000000000e-01
2.487695312500000089e-01 5.434570312500000000e-01 8.632421875000000355e-01 4.886718750000000611e-02 9.975390625000000178e-01 -1.178388671875000071e+00 3.818359375000000000e+00 5.761718750000000000e-01 2.021484375000000000e+00 -4.833984375000000000e+00 1.162109375000000000e+00
4.387695312500000111e-01 7.934570312500000000e-01 6.832421875000000977e-01 6.886718750000000999e-02 8.975390625000000400e-01 -3.453886718750001084e-01 -1.181640625000000000e+00 -4.423828125000000000e+00 -2.978515625000000000e+00 1.660156250000000000e-01 1.621093750000000000e-01
3.437695312499999822e-01 6.684570312500000000e-01 5.932421875000000178e-01 3.886718749999999722e-02 9.475390624999999734e-01 -1.594888671874999941e+00 -3.681640625000000000e+00 3.076171875000000000e+00 4.521484375000000000e+00 2.666015625000000000e+00 1.662109375000000000e+00
1.537695312499999800e-01 9.184570312500000000e-01 7.732421875000000666e-01 5.886718750000000111e-02 1.047539062500000062e+00 -7.618886718749999787e-01 1.318359375000000000e+00 -1.923828125000000000e+00 -4.785156250000000000e-01 -2.333984375000000000e+00 6.621093750000000000e-01
1.656445312500000044e-01 6.840820312500000000e-01 8.969921874999999822e-01 5.011718750000000722e-02 9.912890625000000400e-01 -3.974511718750000089e-01 -1.494140625000000000e+00 -4.736328125000000000e+00 -7.910156250000000000e-01 1.103515625000000000e+00 3.496093750000000000e-01
3.556445312500000067e-01 9.340820312500000000e-01 7.169921875000000444e-01 3.011718749999999986e-02 8.912890624999999512e-01 -1.230451171874999972e+00 3.505859375000000000e+00 2.636718750000000000e-01 4.208984375000000000e+00 -3.896484375000000000e+00 1.349609375000000000e+00
4.506445312499999800e-01 5.590820312500000000e-01 6.269921875000000755e-01 6.011718750000000222e-02 9.412890624999999956e-01 -8.139511718750001013e-01 1.005859375000000000e+00 -2.236328125000000000e+00 -3.291015625000000000e+00 -1.396484375000000000e+00 8.496093750000000000e-01
2.606445312499999778e-01 8.090820312500000000e-01 8.069921875000000133e-01 4.011718749999999833e-02 1.041289062499999973e+00 -1.646951171875000064e+00 -3.994140625000000000e+00 2.763671875000000000e+00 1.708984375000000000e+00 3.603515625000000000e+00 1.849609375000000000e+00
3.081445312499999645e-01 6.215820312500000000e-01 6.719921875000000044e-01 5.511718750000000472e-02 9.662890625000000178e-01 -1.855201171875000110e+00 -2.441406250000000000e-01 1.513671875000000000e+00 -2.041015625000000000e+00 -1.464843750000000000e-01 5.996093750000000000e-01
4.981445312500000222e-01 8.715820312500000000e-01 8.519921875000000533e-01 3.511718750000000083e-02 1.066289062500000107e+00 -1.022201171874999925e+00 4.755859375000000000e+00 -3.486328125000000000e+00 2.958984375000000000e+00 4.853515625000000000e+00 1.599609375000000000e+00
4.031445312499999933e-01 7.465820312500000000e-01 7.619921874999999734e-01 6.511718750000000666e-02 1.016289062500000062e+00 -1.438701171875000018e+00 2.255859375000000000e+00 4.013671875000000000e+00 -4.541015625000000000e+00 2.353515625000000000e+00 9.960937500000000000e-02
2.131445312499999911e-01 9.965820312500000000e-01 5.819921875000000355e-01 4.511718750000000278e-02 9.162890624999999734e-01 -6.057011718750000551e-01 -2.744140625000000000e+00 -9.863281250000000000e-01 4.589843750000000000e-01 -2.646484375000000000e+00 1.099609375000000000e+00
1.893945312499999978e-01 5.278320312500000000e-01 7.844921875000000488e-01 3.761718750000000305e-02 8.787890624999999956e-01 -7.098261718750000782e-01 -2.119140625000000000e+00 4.638671875000000000e+00 -1.416015625000000000e+00 4.785156250000000000e-01 1.224609375000000000e+00
3.793945312500000000e-01 7.778320312500000000e-01 6.044921875000000000e-01 5.761718750000000000e-02 9.787890624999999734e-01 -1.542826171875000041e+00 2.880859375000000000e+00 -3.613281250000000000e-01 3.583984375000000000e+00 -4.521484375000000000e+00 2.246093750000000000e-01
4.743945312499999734e-01 6.528320312500000000e-01 6.944921875000000799e-01 4.761718750000000500e-02 1.028789062500000018e+00 -1.126326171875000171e+00 3.808593750000000000e-01 2.138671875000000000e+00 -3.916015625000000000e+00 -2.021484375000000000e+00 1.724609375000000000e+00
2.843945312500000266e-01 9.028320312500000000e-01 8.744921875000000178e-01 6.761718750000000888e-02 9.287890625000000400e-01 -1.959326171874999911e+00 -4.619140625000000000e+00 -2.861328125000000000e+00 1.083984375000000000e+00 2.978515625000000000e+00 7.246093750000000000e-01
2.368945312499999845e-01 7.153320312500000000e-01 5.594921875000000711e-01 3.261718749999999861e-02 1.053789062500000151e+00 -1.751076171875000087e+00 -8.691406250000000000e-01 -1.611328125000000000e+00 -1.660156250000000000e-01 -7.714843750000000000e-01 1.974609375000000000e+00
4.268945312499999867e-01 9.653320312500000000e-01 7.394921875000000089e-01 5.261718750000000250e-02 9.537890625000000622e-01 -9.180761718750001243e-01 4.130859375000000000e+00 3.388671875000000000e+00 4.833984375000000000e+00 4.228515625000000000e+00 9.746093750000000000e-01
3.318945312500000133e-01 5.903320312500000000e-01 8.294921875000000888e-01 4.261718750000000056e-02 9.037890625000000178e-01 -1.334576171874999995e+00 1.630859375000000000e+00 -4.111328125000000000e+00 -2.666015625000000000e+00 1.728515625000000000e+00 1.474609375000000000e+00
1.418945312500000111e-01 8.403320312500000000e-01 6.494921875000000400e-01 6.261718750000000444e-02 1.003789062500000107e+00 -5.015761718750000320e-01 -3.369140625000000000e+00 8.886718750000000000e-01 2.333984375000000000e+00 -3.271484375000000000e+00 4.746093750000000000e-01
1.359570312499999989e-01 6.918945312500000000e-01 8.013671875000000222e-01 4.949218750000000666e-02 9.506640625000000178e-01 -1.933294921874999961e+00 8.496093750000000000e-01 -5.175781250000000000e-01 -2.822265625000000000e+00 4.697265625000000000e+00 8.808593750000000000e-01
3.259570312499999734e-01 9.418945312500000000e-01 6.213671875000000844e-01 6.949218749999999667e-02 1.050664062500000107e+00 -1.100294921874999998e+00 -4.150390625000000000e+00 4.482421875000000000e+00 2.177734375000000000e+00 -3.027343750000000000e-01 1.880859375000000000e+00
4.209570312500000022e-01 5.668945312500000000e-01 7.113671875000000533e-01 3.949218749999999778e-02 1.000664062500000062e+00 -1.516794921875000091e+00 -1.650390625000000000e+00 -3.017578125000000000e+00 -3.222656250000000000e-01 -2.802734375000000000e+00 3.808593750000000000e-01
2.309570312500000000e-01 8.168945312500000000e-01 8.913671874999999911e-01 5.949218750000000167e-02 9.006640624999999734e-01 -6.837949218750001279e-01 3.349609375000000000e+00 1.982421875000000000e+00 4.677734375000000000e+00 2.197265625000000000e+00 1.380859375000000000e+00
2.784570312499999867e-01 5.043945312500000000e-01 5.763671875000000444e-01 4.449218750000000222e-02 9.756640625000000400e-01 -4.755449218750000817e-01 2.099609375000000000e+00 3.232421875000000000e+00 -4.072265625000000000e+00 -4.052734375000000000e+00 1.308593750000000000e-01
4.684570312499999889e-01 7.543945312500000000e-01 7.563671874999999822e-01 6.449218750000000611e-02 8.756640624999999512e-01 -1.308544921875000044e+00 -2.900390625000000000e+00 -1.767578125000000000e+00 9.277343750000000000e-01 9.472656250000000000e-01 1.130859375000000000e+00
3.734570312500000155e-01 6.293945312500000000e-01 8.463671875000000622e-01 3.449218750000000028e-02 9.256640624999999956e-01 -8.920449218749999520e-01 -4.003906250000000000e-01 7.324218750000000000e-01 -1.572265625000000000e+00 3.447265625000000000e+00 6.308593750000000000e-01
1.834570312500000133e-01 8.793945312500000000e-01 6.663671875000000133e-01 5.449218750000000416e-02 1.025664062499999973e+00 -1.725044921874999915e+00 4.599609375000000000e+00 -4.267578125000000000e+00 3.427734375000000000e+00 -1.552734375000000000e+00 1.630859375000000000e+00
2.072070312500000067e-01 5.981445312500000000e-01 8.688671875000000266e-01 6.199218750000000389e-02 1.063164062500000062e+00 -1.620919921875000114e+00 2.246093750000000000e-01 1.074218750000000000e-01 -4.697265625000000000e+00 4.072265625000000000e+00 1.505859375000000000e+00
3.972070312500000089e-01 8.481445312500000000e-01 6.888671875000000888e-01 4.199218750000000000e-02 9.631640624999999734e-01 -7.879199218750001510e-01 -4.775390625000000000e+00 -4.892578125000000000e+00 3.027343750000000000e-01 -9.277343750000000000e-01 5.058593750000000000e-01
4.922070312499999822e-01 7.231445312500000000e-01 5.988671875000000089e-01 5.199218750000000194e-02 9.131640625000000400e-01 -1.204419921875000021e+00 -2.275390625000000000e+00 2.607421875000000000e+00 -2.197265625000000000e+00 -3.427734375000000000e+00 1.005859375000000000e+00
3.022070312500000355e-01 9.731445312500000000e-01 7.788671875000000577e-01 3.199218749999999806e-02 1.013164062500000018e+00 -3.714199218750000586e-01 2.724609375000000000e+00 -2.392578125000000000e+00 2.802734375000000000e+00 1.572265625000000000e+00 5.859375000000000000e-03
2.547070312499999933e-01 6.606445312500000000e-01 6.438671875000000488e-01 6.699218750000000833e-02 8.881640625000000178e-01 -5.796699218750001048e-01 1.474609375000000000e+00 -3.642578125000000000e+00 -3.447265625000000000e+00 -4.677734375000000000e+00 1.255859375000000000e+00
4.447070312499999956e-01 9.106445312500000000e-01 8.238671875000000977e-01 4.699218750000000444e-02 9.881640624999999956e-01 -1.412669921875000068e+00 -3.525390625000000000e+00 1.357421875000000000e+00 1.552734375000000000e+00 3.222656250000000000e-01 2.558593750000000000e-01
3.497070312500000222e-01 5.356445312500000000e-01 7.338671875000000178e-01 5.699218749999999944e-02 1.038164062499999929e+00 -9.961699218749999751e-01 -1.025390625000000000e+00 -1.142578125000000000e+00 -9.472656250000000000e-01 2.822265625000000000e+00 1.755859375000000000e+00
1.597070312499999922e-01 7.856445312500000000e-01 5.538671875000000799e-01 3.699218750000000250e-02 9.381640625000000622e-01 -1.829169921874999938e+00 3.974609375000000000e+00 3.857421875000000000e+00 4.052734375000000000e+00 -2.177734375000000000e+00 7.558593750000000000e-01
1.478320312499999956e-01 5.512695312500000000e-01 7.001171875000000711e-01 3.324218749999999917e-02 9.069140625000000622e-01 -1.464732421874999968e+00 -3.837890625000000000e+00 1.669921875000000000e+00 4.990234375000000000e+00 6.347656250000000000e-01 1.933593750000000000e-01
3.378320312499999978e-01 8.012695312500000000e-01 8.801171875000000089e-01 5.324218750000000305e-02 1.006914062499999929e+00 -6.317324218750000053e-01 1.162109375000000000e+00 -3.330078125000000000e+00 -9.765625000000000000e-03 -4.365234375000000000e+00 1.193359375000000000e+00
4.328320312500000266e-01 6.762695312500000000e-01 7.901171875000000400e-01 4.324218750000000111e-02 1.056914062499999973e+00 -1.881232421875000060e+00 3.662109375000000000e+00 4.169921875000000000e+00 2.490234375000000000e+00 -1.865234375000000000e+00 6.933593750000000000e-01
2.428320312499999967e-01 9.262695312500000000e-01 6.101171874999999911e-01 6.324218750000000500e-02 9.569140624999999956e-01 -1.048232421875000098e+00 -1.337890625000000000e+00 -8.300781250000000000e-01 -2.509765625000000000e+00 3.134765625000000000e+00 1.693359375000000000e+00
2.903320312500000111e-01 7.387695312500000000e-01 8.351171875000000799e-01 3.824218749999999667e-02 1.031914062500000062e+00 -8.399824218750000515e-01 -2.587890625000000000e+00 -4.580078125000000000e+00 3.740234375000000000e+00 -6.152343750000000000e-01 9.433593750000000000e-01
4.803320312500000133e-01 9.887695312500000000e-01 6.551171875000000311e-01 5.824218750000000056e-02 9.319140624999999734e-01 -1.672982421875000014e+00 2.412109375000000000e+00 4.199218750000000000e-01 -1.259765625000000000e+00 4.384765625000000000e+00 1.943359375000000000e+00
3.853320312499999845e-01 6.137695312500000000e-01 5.651171875000000622e-01 4.824218750000000555e-02 8.819140625000000400e-01 -4.234824218750001812e-01 4.912109375000000000e+00 -2.080078125000000000e+00 1.240234375000000000e+00 1.884765625000000000e+00 4.433593750000000000e-01
1.953320312499999822e-01 8.637695312500000000e-01 7.451171875000000000e-01 6.824218750000000944e-02 9.819140625000000178e-01 -1.256482421874999922e+00 -8.789062500000000000e-02 2.919921875000000000e+00 -3.759765625000000000e+00 -3.115234375000000000e+00 1.443359375000000000e+00
1.715820312499999889e-01 6.450195312500000000e-01 6.326171875000000666e-01 5.574218750000000527e-02 1.019414062500000107e+00 -1.360607421875000167e+00 -4.462890625000000000e+00 -1.455078125000000000e+00 3.115234375000000000e+00 9.765625000000000000e-03 1.318359375000000000e+00
3.615820312499999911e-01 8.950195312500000000e-01 8.126171875000001155e-01 3.574218750000000139e-02 9.194140625000000178e-01 -5.276074218749999822e-01 5.371093750000000000e-01 3.544921875000000000e+00 -1.884765625000000000e+00 -4.990234375000000000e+00 3.183593750000000000e-01
4.565820312500000200e-01 5.200195312500000000e-01 9.026171874999999734e-01 6.574218750000000722e-02 9.694140625000000622e-01 -1.777107421875000037e+00 3.037109375000000000e+00 -3.955078125000000000e+00 6.152343750000000000e-01 -2.490234375000000000e+00 1.818359375000000000e+00
2.665820312500000178e-01 7.700195312500000000e-01 7.226171875000000355e-01 4.574218750000000333e-02 1.069414062500000151e+00 -9.441074218750000746e-01 -1.962890625000000000e+00 1.044921875000000000e+00 -4.384765625000000000e+00 2.509765625000000000e+00 8.183593750000000000e-01
2.190820312500000033e-01 5.825195312500000000e-01 7.676171875000000755e-01 5.074218750000000777e-02 9.444140625000000400e-01 -1.152357421875000121e+00 -3.212890625000000000e+00 4.794921875000000000e+00 4.365234375000000000e+00 -1.240234375000000000e+00 1.568359375000000000e+00
4.090820312499999778e-01 8.325195312500000000e-01 5.876171875000000266e-01 3.074218750000000042e-02 1.044414062500000018e+00 -1.985357421875000083e+00 1.787109375000000000e+00 -2.050781250000000000e-01 -6.347656250000000000e-01 3.759765625000000000e+00 5.683593750000000000e-01
3.140820312500000044e-01 7.075195312500000000e-01 6.776171875000001066e-01 6.074218750000000278e-02 9.944140625000000844e-01 -7.358574218750000284e-01 4.287109375000000000e+00 2.294921875000000000e+00 1.865234375000000000e+00 1.259765625000000000e+00 1.068359375000000000e+00
1.240820312500000022e-01 9.575195312500000000e-01 8.576171875000000444e-01 4.074218749999999889e-02 8.944140624999999956e-01 -1.568857421874999991e+00 -7.128906250000000000e-01 -2.705078125000000000e+00 -3.134765625000000000e+00 -3.740234375000000000e+00 6.835937500000000000e-02
1.255664062499999845e-01 5.415039062500000000e-01 7.605859375000000311e-01 6.371093750000000888e-02 9.842578124999999956e-01 -1.822662109374999950e+00 2.529296875000000000e+00 -4.306640625000000000e+00 -3.486328125000000000e+00 -2.763671875000000000e+00 9.667968750000000000e-01
3.155664062499999867e-01 7.915039062500000000e-01 5.805859375000000933e-01 4.371093750000000500e-02 8.842578125000000178e-01 -9.896621093749999876e-01 -2.470703125000000000e+00 6.933593750000000000e-01 1.513671875000000000e+00 2.236328125000000000e+00 1.966796875000000000e+00
4.105664062500000155e-01 6.665039062500000000e-01 6.705859375000000622e-01 5.371093750000000000e-02 9.342578125000000622e-01 -1.406162109375000080e+00 -4.970703125000000000e+00 -1.806640625000000000e+00 -9.863281250000000000e-01 4.736328125000000000e+00 4.667968750000000000e-01
2.205664062500000133e-01 9.165039062500000000e-01 8.505859375000000000e-01 3.371093749999999611e-02 1.034257812499999929e+00 -5.731621093750001172e-01 2.929687500000000000e-02 3.193359375000000000e+00 4.013671875000000000e+00 -2.636718750000000000e-01 1.466796875000000000e+00
2.680664062500000000e-01 7.290039062500000000e-01 6.255859375000000222e-01 6.871093750000001332e-02 9.592578124999999734e-01 -3.649121093750000711e-01 3.779296875000000000e+00 1.943359375000000000e+00 -4.736328125000000000e+00 3.486328125000000000e+00 2.167968750000000000e-01
4.580664062500000022e-01 9.790039062500000000e-01 8.055859375000000711e-01 4.871093750000000250e-02 1.059257812500000062e+00 -1.197912109375000034e+00 -1.220703125000000000e+00 -3.056640625000000000e+00 2.636718750000000000e-01 -1.513671875000000000e+00 1.216796875000000000e+00
3.630664062499999734e-01 6.040039062500000000e-01 8.955859375000000400e-01 5.871093750000000444e-02 1.009257812500000018e+00 -7.814121093750001634e-01 -3.720703125000000000e+00 4.443359375000000000e+00 -2.236328125000000000e+00 -4.013671875000000000e+00 7.167968750000000000e-01
1.730664062499999989e-01 8.540039062500000000e-01 7.155859374999999911e-01 3.871093750000000056e-02 9.092578125000000400e-01 -1.614412109374999904e+00 1.279296875000000000e+00 -5.566406250000000000e-01 2.763671875000000000e+00 9.863281250000000000e-01 1.716796875000000000e+00
1.968164062499999922e-01 6.352539062500000000e-01 8.280859375000000355e-01 4.621093750000000722e-02 8.717578124999999512e-01 -1.718537109375000149e+00 3.154296875000000000e+00 3.818359375000000000e+00 -4.111328125000000000e+00 -3.388671875000000000e+00 1.591796875000000000e+00
3.868164062500000222e-01 8.852539062500000000e-01 6.480859375000000977e-01 6.621093750000001110e-02 9.717578125000000400e-01 -8.855371093749999645e-01 -1.845703125000000000e+00 -1.181640625000000000e+00 8.886718750000000000e-01 1.611328125000000000e+00 5.917968750000000000e-01
4.818164062499999956e-01 5.102539062500000000e-01 5.580859375000000178e-01 3.621093749999999833e-02 1.021757812499999973e+00 -1.302037109375000057e+00 -4.345703125000000000e+00 1.318359375000000000e+00 -1.611328125000000000e+00 4.111328125000000000e+00 1.091796875000000000e+00
2.918164062499999933e-01 7.602539062500000000e-01 7.380859375000000666e-01 5.621093750000000222e-02 9.217578124999999956e-01 -4.690371093750000941e-01 6.542968750000000000e-01 -3.681640625000000000e+00 3.388671875000000000e+00 -8.886718750000000000e-01 9.179687500000000000e-02
2.443164062500000067e-01 5.727539062500000000e-01 6.930859375000000266e-01 4.121093750000000278e-02 1.046757812500000107e+00 -6.772871093750001403e-01 4.404296875000000000e+00 -2.431640625000000000e+00 -2.861328125000000000e+00 2.861328125000000000e+00 1.341796875000000000e+00
4.343164062500000089e-01 8.227539062500000000e-01 8.730859374999999645e-01 6.121093750000000666e-02 9.467578125000000178e-01 -1.510287109375000103e+00 -5.957031250000000000e-01 2.568359375000000000e+00 2.138671875000000000e+00 -2.138671875000000000e+00 3.417968750000000000e-01
3.393164062500000355e-01 6.977539062500000000e-01 7.830859374999999956e-01 3.121093750000000083e-02 8.967578124999999734e-01 -1.093787109375000011e+00 -3.095703125000000000e+00 -4.931640625000000000e+00 -3.613281250000000000e-01 -4.638671875000000000e+00 1.841796875000000000e+00
1.493164062500000056e-01 9.477539062500000000e-01 6.030859375000000577e-01 5.121093750000000472e-02 9.967578125000000622e-01 -1.926787109374999973e+00 1.904296875000000000e+00 6.835937500000000000e-02 4.638671875000000000e+00 3.613281250000000000e-01 8.417968750000000000e-01
1.611914062500000022e-01 7.133789062500000000e-01 6.593359375000000799e-01 5.996093750000000555e-02 1.040507812500000018e+00 -1.562349609375000004e+00 -2.158203125000000000e+00 2.880859375000000000e+00 4.326171875000000000e+00 -1.826171875000000000e+00 1.542968750000000000e-01
3.511914062500000044e-01 9.633789062500000000e-01 8.393359375000000178e-01 3.996093750000000167e-02 9.405078125000000400e-01 -7.293496093750000409e-01 2.841796875000000000e+00 -2.119140625000000000e+00 -6.738281250000000000e-01 3.173828125000000000e+00 1.154296875000000000e+00
4.461914062499999778e-01 5.883789062500000000e-01 7.493359375000000488e-01 6.996093750000001443e-02 8.905078124999999956e-01 -1.978849609375000096e+00 3.417968750000000000e-01 3.808593750000000000e-01 1.826171875000000000e+00 6.738281250000000000e-01 6.542968750000000000e-01
2.561914062500000311e-01 8.383789062500000000e-01 5.693359375000000000e-01 4.996093750000000361e-02 9.905078124999999734e-01 -1.145849609374999911e+00 -4.658203125000000000e+00 -4.619140625000000000e+00 -3.173828125000000000e+00 -4.326171875000000000e+00 1.654296875000000000e+00
3.036914062500000178e-01 5.258789062500000000e-01 8.843359375000000577e-01 5.496093750000000111e-02 9.155078125000000178e-01 -9.375996093750000870e-01 -9.082031250000000000e-01 -8.691406250000000000e-01 3.076171875000000000e+00 1.923828125000000000e+00 9.042968750000000000e-01
4.936914062500000200e-01 7.758789062500000000e-01 7.043359375000000089e-01 3.496093749999999722e-02 1.015507812500000107e+00 -1.770599609375000050e+00 4.091796875000000000e+00 4.130859375000000000e+00 -1.923828125000000000e+00 -3.076171875000000000e+00 1.904296875000000000e+00
3.986914062499999911e-01 6.508789062500000000e-01 6.143359375000000400e-01 6.496093750000000999e-02 1.065507812500000151e+00 -5.210996093749999947e-01 1.591796875000000000e+00 -3.369140625000000000e+00 5.761718750000000000e-01 -5.761718750000000000e-01 4.042968750000000000e-01
2.086914062499999889e-01 9.008789062500000000e-01 7.943359375000000888e-01 4.496093750000000611e-02 9.655078125000000622e-01 -1.354099609374999957e+00 -3.408203125000000000e+00 1.630859375000000000e+00 -4.423828125000000000e+00 4.423828125000000000e+00 1.404296875000000000e+00
1.849414062499999956e-01 6.196289062500000000e-01 5.918359375000000755e-01 3.246093750000000194e-02 9.280078124999999734e-01 -1.249974609375000156e+00 -1.533203125000000000e+00 -2.744140625000000000e+00 3.701171875000000000e+00 -2.451171875000000000e+00 1.279296875000000000e+00
3.749414062499999978e-01 8.696289062500000000e-01 7.718359375000000133e-01 5.246093749999999889e-02 1.028007812500000062e+00 -4.169746093749999716e-01 3.466796875000000000e+00 2.255859375000000000e+00 -1.298828125000000000e+00 2.548828125000000000e+00 2.792968750000000000e-01
4.699414062500000266e-01 7.446289062500000000e-01 8.618359374999999822e-01 4.246093750000000389e-02 9.780078125000000178e-01 -1.666474609375000027e+00 9.667968750000000000e-01 -2.441406250000000000e-01 1.201171875000000000e+00 4.882812500000000000e-02 1.779296875000000000e+00
2.799414062499999689e-01 9.946289062500000000e-01 6.818359375000000444e-01 6.246093750000000777e-02 8.780078125000000400e-01 -8.334746093750000639e-01 -4.033203125000000000e+00 4.755859375000000000e+00 -3.798828125000000000e+00 -4.951171875000000000e+00 7.792968750000000000e-01
2.324414062499999822e-01 6.821289062500000000e-01 8.168359375000000533e-01 3.746093749999999944e-02 1.003007812499999929e+00 -1.041724609375000110e+00 -2.832031250000000000e-01 1.005859375000000000e+00 4.951171875000000000e+00 1.298828125000000000e+00 1.529296875000000000e+00
4.224414062499999845e-01 9.321289062500000000e-01 6.368359375000000044e-01 5.746093750000000333e-02 9.030078125000000622e-01 -1.874724609375000073e+00 4.716796875000000000e+00 -3.994140625000000000e+00 -4.882812500000000000e-02 -3.701171875000000000e+00 5.292968750000000000e-01
3.274414062500000111e-01 5.571289062500000000e-01 7.268359374999999734e-01 4.746093750000000139e-02 9.530078124999999956e-01 -6.252246093750000178e-01 2.216796875000000000e+00 3.505859375000000000e+00 2.451171875000000000e+00 -1.201171875000000000e+00 1.029296875000000000e+00
1.374414062500000089e-01 8.071289062500000000e-01 9.068359375000000222e-01 6.746093750000001221e-02 1.053007812499999973e+00 -1.458224609374999980e+00 -2.783203125000000000e+00 -1.494140625000000000e+00 -2.548828125000000000e+00 3.798828125000000000e+00 2.929687500000000000e-02
1.433789062499999933e-01 6.586914062500000000e-01 5.637109375000000089e-01 4.058593750000000222e-02 8.998828125000000178e-01 -7.553808593749999911e-01 1.855468750000000000e-01 2.412109375000000000e+00 1.982421875000000000e+00 -2.919921875000000000e+00 6.230468750000000000e-01
3.333789062499999956e-01 9.086914062500000000e-01 7.437109375000000577e-01 6.058593750000000611e-02 9.998828125000001066e-01 -1.588380859374999954e+00 -4.814453125000000000e+00 -2.587890625000000000e+00 -3.017578125000000000e+00 2.080078125000000000e+00 1.623046875000000000e+00
4.283789062500000244e-01 5.336914062500000000e-01 8.337109375000000266e-01 3.058593750000000028e-02 1.049882812500000151e+00 -3.388808593750001208e-01 -2.314453125000000000e+00 4.912109375000000000e+00 4.482421875000000000e+00 4.580078125000000000e+00 1.230468750000000000e-01
2.383789062499999944e-01 7.836914062500000000e-01 6.537109375000000888e-01 5.058593750000000416e-02 9.498828125000000622e-01 -1.171880859375000083e+00 2.685546875000000000e+00 -8.789062500000000000e-02 -5.175781250000000000e-01 -4.199218750000000000e-01 1.123046875000000000e+00
2.858789062500000089e-01 5.961914062500000000e-01 7.887109375000000977e-01 4.558593749999999972e-02 1.024882812500000018e+00 -1.380130859374999908e+00 1.435546875000000000e+00 -3.837890625000000000e+00 7.324218750000000000e-01 3.330078125000000000e+00 3.730468750000000000e-01
4.758789062500000111e-01 8.461914062500000000e-01 6.087109375000000488e-01 6.558593749999999667e-02 9.248828125000000400e-01 -5.471308593750001670e-01 -3.564453125000000000e+00 1.162109375000000000e+00 -4.267578125000000000e+00 -1.669921875000000000e+00 1.373046875000000000e+00
3.808789062499999822e-01 7.211914062500000000e-01 6.987109375000000178e-01 3.558593749999999778e-02 8.748828124999999956e-01 -1.796630859375000000e+00 -1.064453125000000000e+00 -1.337890625000000000e+00 3.232421875000000000e+00 -4.169921875000000000e+00 8.730468750000000000e-01
1.908789062499999800e-01 9.711914062500000000e-01 8.787109374999999556e-01 5.558593750000000167e-02 9.748828124999999734e-01 -9.636308593750000373e-01 3.935546875000000000e+00 3.662109375000000000e+00 -1.767578125000000000e+00 8.300781250000000000e-01 1.873046875000000000e+00
2.146289062500000011e-01 5.024414062500000000e-01 6.762109375000000533e-01 6.808593749999999889e-02 1.012382812500000062e+00 -1.067755859375000060e+00 8.105468750000000000e-01 -1.962890625000000000e+00 1.074218750000000000e-01 -3.544921875000000000e+00 1.998046875000000000e+00
4.046289062499999756e-01 7.524414062500000000e-01 8.562109374999999911e-01 4.808593750000000194e-02 9.123828124999999734e-01 -1.900755859375000023e+00 -4.189453125000000000e+00 3.037109375000000000e+00 -4.892578125000000000e+00 1.455078125000000000e+00 9.980468750000000000e-01
4.996289062500000044e-01 6.274414062500000000e-01 7.662109375000000222e-01 5.808593750000000389e-02 9.623828125000000178e-01 -6.512558593749999680e-01 -1.689453125000000000e+00 -4.462890625000000000e+00 2.607421875000000000e+00 3.955078125000000000e+00 1.498046875000000000e+00
3.096289062500000022e-01 8.774414062500000000e-01 5.862109375000000844e-01 3.808593750000000000e-02 1.062382812500000107e+00 -1.484255859375000153e+00 3.310546875000000000e+00 5.371093750000000000e-01 -2.392578125000000000e+00 -1.044921875000000000e+00 4.980468750000000000e-01
2.621289062499999600e-01 6.899414062500000000e-01 9.012109375000000311e-01 6.308593750000000833e-02 9.373828124999999956e-01 -1.276005859375000107e+00 2.060546875000000000e+00 4.287109375000000000e+00 1.357421875000000000e+00 2.705078125000000000e+00 1.248046875000000000e+00
4.521289062500000178e-01 9.399414062500000000e-01 7.212109374999999822e-01 4.308593750000000444e-02 1.037382812499999973e+00 -4.430058593750001439e-01 -2.939453125000000000e+00 -7.128906250000000000e-01 -3.642578125000000000e+00 -2.294921875000000000e+00 2.480468750000000000e-01
3.571289062499999889e-01 5.649414062500000000e-01 6.312109375000000133e-01 5.308593749999999944e-02 9.873828125000000400e-01 -1.692505859374999977e+00 -4.394531250000000000e-01 1.787109375000000000e+00 3.857421875000000000e+00 -4.794921875000000000e+00 1.748046875000000000e+00
1.671289062499999867e-01 8.149414062500000000e-01 8.112109375000000622e-01 3.308593750000000250e-02 8.873828124999999512e-01 -8.595058593750000142e-01 4.560546875000000000e+00 -3.212890625000000000e+00 -1.142578125000000000e+00 2.050781250000000000e-01 7.480468750000000000e-01
1.552539062499999900e-01 5.805664062500000000e-01 8.449609375000000089e-01 3.683593749999999889e-02 9.561328125000000400e-01 -4.950683593750000444e-01 -4.501953125000000000e+00 -1.025390625000000000e+00 -2.050781250000000000e-01 -1.357421875000000000e+00 3.105468750000000000e-01
3.452539062499999645e-01 8.305664062500000000e-01 6.649609375000000711e-01 5.683593750000000278e-02 1.056132812500000018e+00 -1.328068359375000007e+00 4.980468750000000000e-01 3.974609375000000000e+00 4.794921875000000000e+00 3.642578125000000000e+00 1.310546875000000000e+00
4.402539062499999933e-01 7.055664062500000000e-01 5.749609374999999911e-01 4.683593750000000083e-02 1.006132812499999973e+00 -9.115683593750001368e-01 2.998046875000000000e+00 -3.525390625000000000e+00 -2.705078125000000000e+00 1.142578125000000000e+00 8.105468750000000000e-01
2.502539062499999911e-01 9.555664062500000000e-01 7.549609375000000400e-01 6.683593749999999778e-02 9.061328124999999956e-01 -1.744568359375000099e+00 -2.001953125000000000e+00 1.474609375000000000e+00 2.294921875000000000e+00 -3.857421875000000000e+00 1.810546875000000000e+00
2.977539062499999778e-01 6.430664062500000000e-01 7.099609375000000000e-01 3.183593750000000139e-02 9.811328125000000622e-01 -1.952818359374999924e+00 -3.251953125000000000e+00 2.724609375000000000e+00 -1.455078125000000000e+00 2.392578125000000000e+00 5.605468750000000000e-01
4.877539062499999800e-01 8.930664062500000000e-01 8.899609375000000488e-01 5.183593749999999833e-02 8.811328124999999734e-01 -1.119818359374999961e+00 1.748046875000000000e+00 -2.275390625000000000e+00 3.544921875000000000e+00 -2.607421875000000000e+00 1.560546875000000000e+00
3.927539062500000067e-01 5.180664062500000000e-01 7.999609375000000799e-01 4.183593750000000333e-02 9.311328125000000178e-01 -1.536318359375000053e+00 4.248046875000000000e+00 2.246093750000000000e-01 -3.955078125000000000e+00 -1.074218750000000000e-01 6.054687500000000000e-02
2.027539062500000044e-01 7.680664062500000000e-01 6.199609375000000311e-01 6.183593750000000722e-02 1.031132812500000107e+00 -7.033183593750000906e-01 -7.519531250000000000e-01 -4.775390625000000000e+00 1.044921875000000000e+00 4.892578125000000000e+00 1.060546875000000000e+00
1.790039062500000111e-01 7.368164062500000000e-01 7.324609375000000755e-01 5.433593750000000056e-02 1.068632812499999973e+00 -5.991933593750000675e-01 -3.876953125000000000e+00 8.496093750000000000e-01 -2.080078125000000000e+00 -1.982421875000000000e+00 1.185546875000000000e+00
3.690039062500000133e-01 9.868164062500000000e-01 5.524609375000000266e-01 3.433593749999999667e-02 9.686328124999999956e-01 -1.432193359375000030e+00 1.123046875000000000e+00 -4.150390625000000000e+00 2.919921875000000000e+00 3.017578125000000000e+00 1.855468750000000000e-01
4.640039062499999867e-01 6.118164062500000000e-01 6.424609374999999956e-01 6.433593749999999556e-02 9.186328125000000622e-01 -1.015693359375000160e+00 3.623046875000000000e+00 3.349609375000000000e+00 -4.580078125000000000e+00 5.175781250000000000e-01 1.685546875000000000e+00
2.740039062499999845e-01 8.618164062500000000e-01 8.224609375000000444e-01 4.433593750000000555e-02 1.018632812499999929e+00 -1.848693359374999901e+00 -1.376953125000000000e+00 -1.650390625000000000e+00 4.199218750000000000e-01 -4.482421875000000000e+00 6.855468750000000000e-01
2.265039062499999978e-01 5.493164062500000000e-01 5.974609375000000666e-01 5.933593750000000500e-02 8.936328125000000400e-01 -1.640443359375000076e+00 -2.626953125000000000e+00 -2.900390625000000000e+00 -8.300781250000000000e-01 1.767578125000000000e+00 1.935546875000000000e+00
4.165039062500000000e-01 7.993164062500000000e-01 7.774609375000000044e-01 3.933593750000000111e-02 9.936328125000000178e-01 -8.074433593750001137e-01 2.373046875000000000e+00 2.099609375000000000e+00 4.169921875000000000e+00 -3.232421875000000000e+00 9.355468750000000000e-01
3.215039062500000266e-01 6.743164062500000000e-01 8.674609374999999734e-01 6.933593750000000000e-02 1.043632812500000062e+00 -1.223943359374999984e+00 4.873046875000000000e+00 -4.003906250000000000e-01 -3.330078125000000000e+00 -7.324218750000000000e-01 1.435546875000000000e+00
1.315039062499999967e-01 9.243164062500000000e-01 6.874609375000000355e-01 4.933593750000000305e-02 9.436328124999999734e-01 -3.909433593750000213e-01 -1.269531250000000000e-01 4.599609375000000000e+00 1.669921875000000000e+00 4.267578125000000000e+00 4.355468750000000000e-01
1.285351562500000044e-01 7.250976562500000000e-01 8.758984375000000711e-01 3.402343750000000333e-02 9.983203124999999734e-01 -7.163339843750000657e-01 1.513671875000000000e+00 1.396484375000000000e+00 -4.033203125000000000e+00 -9.667968750000000000e-01 1.669921875000000000e+00
3.185351562500000067e-01 9.750976562500000000e-01 6.958984375000000222e-01 5.402343750000000722e-02 8.983203124999999956e-01 -1.549333984375000028e+00 -3.486328125000000000e+00 -3.603515625000000000e+00 9.667968750000000000e-01 4.033203125000000000e+00 6.699218750000000000e-01
4.135351562499999800e-01 6.000976562500000000e-01 6.058984375000000533e-01 4.402343749999999833e-02 9.483203125000000400e-01 -1.132833984374999936e+00 -9.863281250000000000e-01 3.896484375000000000e+00 -1.533203125000000000e+00 1.533203125000000000e+00 1.169921875000000000e+00
2.235351562499999778e-01 8.500976562500000000e-01 7.858984374999999911e-01 6.402343750000000222e-02 1.048320312500000018e+00 -1.965833984374999899e+00 4.013671875000000000e+00 -1.103515625000000000e+00 3.466796875000000000e+00 -3.466796875000000000e+00 1.699218750000000000e-01
2.710351562499999645e-01 5.375976562500000000e-01 6.508984374999999822e-01 3.902343750000000083e-02 9.233203125000000178e-01 -1.757583984375000075e+00 2.636718750000000000e-01 -4.853515625000000000e+00 -2.783203125000000000e+00 2.832031250000000000e-01 1.419921875000000000e+00
4.610351562500000222e-01 7.875976562500000000e-01 8.308984375000000311e-01 5.902343750000000472e-02 1.023320312500000107e+00 -9.245839843750001119e-01 -4.736328125000000000e+00 1.464843750000000000e-01 2.216796875000000000e+00 -4.716796875000000000e+00 4.199218750000000000e-01
3.660351562499999933e-01 6.625976562500000000e-01 7.408984375000000622e-01 4.902343750000000278e-02 9.733203125000000622e-01 -1.341083984374999982e+00 -2.236328125000000000e+00 -2.353515625000000000e+00 -2.832031250000000000e-01 -2.216796875000000000e+00 1.919921875000000000e+00
1.760351562499999911e-01 9.125976562500000000e-01 5.608984375000000133e-01 6.902343750000000666e-02 8.733203124999999734e-01 -5.080839843750000195e-01 2.763671875000000000e+00 2.646484375000000000e+00 4.716796875000000000e+00 2.783203125000000000e+00 9.199218750000000000e-01
1.997851562499999845e-01 5.688476562500000000e-01 8.083984374999999556e-01 5.652343750000000250e-02 9.108203125000000622e-01 -4.039589843749999964e-01 2.138671875000000000e+00 -1.728515625000000000e+00 -3.408203125000000000e+00 -3.417968750000000000e-01 7.949218750000000000e-01
3.897851562499999867e-01 8.188476562500000000e-01 6.283984375000000178e-01 3.652343749999999861e-02 1.010820312499999929e+00 -1.236958984375000181e+00 -2.861328125000000000e+00 3.271484375000000000e+00 1.591796875000000000e+00 4.658203125000000000e+00 1.794921875000000000e+00
4.847851562500000155e-01 6.938476562500000000e-01 7.183984375000000977e-01 6.652343750000000444e-02 1.060820312499999973e+00 -8.204589843750000888e-01 -3.613281250000000000e-01 -4.228515625000000000e+00 -9.082031250000000000e-01 2.158203125000000000e+00 2.949218750000000000e-01
2.947851562500000133e-01 9.438476562500000000e-01 8.983984375000000355e-01 4.652343750000000056e-02 9.608203124999999956e-01 -1.653458984375000052e+00 4.638671875000000000e+00 7.714843750000000000e-01 4.091796875000000000e+00 -2.841796875000000000e+00 1.294921875000000000e+00
2.472851562499999989e-01 6.313476562500000000e-01 5.833984375000000888e-01 5.152343750000000500e-02 1.035820312500000062e+00 -1.861708984375000098e+00 8.886718750000000000e-01 4.521484375000000000e+00 -4.658203125000000000e+00 9.082031250000000000e-01 4.492187500000000000e-02
4.372851562499999734e-01 8.813476562500000000e-01 7.633984375000000266e-01 3.152343750000000111e-02 9.358203124999999734e-01 -1.028708984375000135e+00 -4.111328125000000000e+00 -4.785156250000000000e-01 3.417968750000000000e-01 -4.091796875000000000e+00 1.044921875000000000e+00
3.422851562500000000e-01 5.063476562500000000e-01 8.533984375000001066e-01 6.152343750000000694e-02 8.858203125000000400e-01 -1.445208984375000005e+00 -1.611328125000000000e+00 2.021484375000000000e+00 -2.158203125000000000e+00 -1.591796875000000000e+00 5.449218750000000000e-01
1.522851562499999978e-01 7.563476562500000000e-01 6.733984375000000577e-01 4.152343750000000305e-02 9.858203125000000178e-01 -6.122089843750000426e-01 3.388671875000000000e+00 -2.978515625000000000e+00 2.841796875000000000e+00 3.408203125000000000e+00 1.544921875000000000e+00
1.641601562499999944e-01 5.219726562500000000e-01 6.396484375000000000e-01 4.777343750000000167e-02 1.054570312500000107e+00 -9.766464843750000124e-01 -3.173828125000000000e+00 -1.660156250000000000e-01 3.154296875000000000e+00 -4.404296875000000000e+00 1.482421875000000000e+00
3.541601562499999689e-01 7.719726562500000000e-01 8.196484375000000488e-01 6.777343750000000555e-02 9.545703125000000178e-01 -1.809646484374999975e+00 1.826171875000000000e+00 4.833984375000000000e+00 -1.845703125000000000e+00 5.957031250000000000e-01 4.824218750000000000e-01
4.491601562499999978e-01 6.469726562500000000e-01 9.096484375000000178e-01 3.777343749999999972e-02 9.045703124999999734e-01 -5.601464843750001421e-01 4.326171875000000000e+00 -2.666015625000000000e+00 6.542968750000000000e-01 3.095703125000000000e+00 1.982421875000000000e+00
2.591601562499999956e-01 8.969726562500000000e-01 7.296484375000000799e-01 5.777343750000000361e-02 1.004570312500000062e+00 -1.393146484374999883e+00 -6.738281250000000000e-01 2.333984375000000000e+00 -4.345703125000000000e+00 -1.904296875000000000e+00 9.824218750000000000e-01
3.066601562499999822e-01 7.094726562500000000e-01 7.746484375000000089e-01 4.277343749999999722e-02 8.795703124999999512e-01 -1.184896484375000059e+00 -4.423828125000000000e+00 3.583984375000000000e+00 4.404296875000000000e+00 4.345703125000000000e+00 1.732421875000000000e+00
4.966601562499999845e-01 9.594726562500000000e-01 5.946484375000000711e-01 6.277343750000000111e-02 9.795703125000000400e-01 -3.518964843750000959e-01 5.761718750000000000e-01 -1.416015625000000000e+00 -5.957031250000000000e-01 -6.542968750000000000e-01 7.324218750000000000e-01
4.016601562500000111e-01 5.844726562500000000e-01 6.846484375000000400e-01 3.277343750000000222e-02 1.029570312499999973e+00 -1.601396484374999929e+00 3.076171875000000000e+00 1.083984375000000000e+00 1.904296875000000000e+00 -3.154296875000000000e+00 1.232421875000000000e+00
2.116601562500000089e-01 8.344726562500000000e-01 8.646484375000000888e-01 5.277343750000000611e-02 9.295703124999999956e-01 -7.683964843749999662e-01 -1.923828125000000000e+00 -3.916015625000000000e+00 -3.095703125000000000e+00 1.845703125000000000e+00 2.324218750000000000e-01
1.879101562500000155e-01 6.782226562500000000e-01 7.071484375000000044e-01 6.027343750000000583e-02 9.670703124999999734e-01 -8.725214843749999893e-01 -2.548828125000000000e+00 4.589843750000000000e-01 3.779296875000000000e+00 -3.779296875000000000e+00 1.074218750000000000e-01
3.779101562500000178e-01 9.282226562500000000e-01 8.871484375000000533e-01 4.027343750000000194e-02 1.067070312500000062e+00 -1.705521484374999952e+00 2.451171875000000000e+00 -4.541015625000000000e+00 -1.220703125000000000e+00 1.220703125000000000e+00 1.107421875000000000e+00
4.729101562499999911e-01 5.532226562500000000e-01 7.971484374999999734e-01 5.027343750000000389e-02 1.017070312500000018e+00 -4.560214843750001190e-01 4.951171875000000000e+00 2.958984375000000000e+00 1.279296875000000000e+00 3.720703125000000000e+00 6.074218750000000000e-01
2.829101562499999889e-01 8.032226562500000000e-01 6.171484375000000355e-01 3.027343750000000000e-02 9.170703125000000400e-01 -1.289021484375000082e+00 -4.882812500000000000e-02 -2.041015625000000000e+00 -3.720703125000000000e+00 -1.279296875000000000e+00 1.607421875000000000e+00
2.354101562500000022e-01 6.157226562500000000e-01 8.421484375000000133e-01 6.527343750000000333e-02 9.920703124999999956e-01 -1.497271484375000128e+00 -3.798828125000000000e+00 -3.291015625000000000e+00 2.529296875000000000e+00 4.970703125000000000e+00 8.574218750000000000e-01
4.254101562500000044e-01 8.657226562500000000e-01 6.621484375000000755e-01 4.527343749999999944e-02 8.920703125000000178e-01 -6.642714843750001652e-01 1.201171875000000000e+00 1.708984375000000000e+00 -2.470703125000000000e+00 -2.929687500000000000e-02 1.857421875000000000e+00
3.304101562500000311e-01 7.407226562500000000e-01 5.721484374999999956e-01 5.527343750000000833e-02 9.420703125000000622e-01 -1.913771484374999998e+00 3.701171875000000000e+00 -7.910156250000000000e-01 2.929687500000000000e-02 -2.529296875000000000e+00 3.574218750000000000e-01
1.404101562500000011e-01 9.907226562500000000e-01 7.521484375000000444e-01 3.527343749999999750e-02 1.042070312499999929e+00 -1.080771484375000036e+00 -1.298828125000000000e+00 4.208984375000000000e+00 -4.970703125000000000e+00 2.470703125000000000e+00 1.357421875000000000e+00
1.344726562499999889e-01 6.079101562500000000e-01 7.240234375000000888e-01 5.214843750000000555e-02 8.826953124999999956e-01 -1.367115234374999932e+00 3.857421875000000000e+00 -4.384765625000000000e+00 4.980468750000000000e-01 -8.105468750000000000e-01 1.763671875000000000e+00
3.244726562499999911e-01 8.579101562500000000e-01 9.040234375000000266e-01 3.214843750000000167e-02 9.826953124999999734e-01 -5.341152343749999698e-01 -1.142578125000000000e+00 6.152343750000000000e-01 -4.501953125000000000e+00 4.189453125000000000e+00 7.636718750000000000e-01
4.194726562500000200e-01 7.329101562500000000e-01 8.140234375000000577e-01 6.214843750000000749e-02 1.032695312500000018e+00 -1.783615234375000025e+00 -3.642578125000000000e+00 -1.884765625000000000e+00 2.998046875000000000e+00 1.689453125000000000e+00 1.263671875000000000e+00
2.294726562499999900e-01 9.829101562500000000e-01 6.340234375000000089e-01 4.214843750000000361e-02 9.326953125000000400e-01 -9.506152343750000622e-01 1.357421875000000000e+00 3.115234375000000000e+00 -2.001953125000000000e+00 -3.310546875000000000e+00 2.636718750000000000e-01
2.769726562500000044e-01 6.704101562500000000e-01 8.590234375000000977e-01 5.714843750000000305e-02 1.057695312500000151e+00 -1.158865234374999886e+00 2.607421875000000000e+00 1.865234375000000000e+00 1.748046875000000000e+00 4.394531250000000000e-01 1.013671875000000000e+00
4.669726562500000067e-01 9.204101562500000000e-01 6.790234375000000488e-01 3.714843749999999917e-02 9.576953125000000622e-01 -1.991865234375000071e+00 -2.392578125000000000e+00 -3.134765625000000000e+00 -3.251953125000000000e+00 -4.560546875000000000e+00 1.367187500000000000e-02
3.719726562499999778e-01 5.454101562500000000e-01 5.890234375000000799e-01 6.714843750000000500e-02 9.076953125000000178e-01 -7.423652343750000160e-01 -4.892578125000000000e+00 4.365234375000000000e+00 4.248046875000000000e+00 -2.060546875000000000e+00 1.513671875000000000e+00
1.819726562500000033e-01 7.954101562500000000e-01 7.690234375000000178e-01 4.714843750000000111e-02 1.007695312500000107e+00 -1.575365234374999979e+00 1.074218750000000000e-01 -6.347656250000000000e-01 -7.519531250000000000e-01 2.939453125000000000e+00 5.136718750000000000e-01
2.057226562499999967e-01 7.016601562500000000e-01 6.115234375000000444e-01 3.964843750000000139e-02 9.701953125000000178e-01 -1.471240234375000178e+00 4.482421875000000000e+00 4.990234375000000000e+00 2.373046875000000000e+00 -1.855468750000000000e-01 6.386718750000000000e-01
3.957226562499999711e-01 9.516601562500000000e-01 7.915234374999999822e-01 5.964843750000000527e-02 8.701953125000000400e-01 -6.382402343749999929e-01 -5.175781250000000000e-01 -9.765625000000000000e-03 -2.626953125000000000e+00 4.814453125000000000e+00 1.638671875000000000e+00
4.907226562500000000e-01 5.766601562500000000e-01 8.815234375000000622e-01 4.964843750000000333e-02 9.201953124999999734e-01 -1.887740234375000048e+00 -3.017578125000000000e+00 2.490234375000000000e+00 4.873046875000000000e+00 2.314453125000000000e+00 1.386718750000000000e-01
3.007226562499999978e-01 8.266601562500000000e-01 7.015234375000000133e-01 6.964843750000000722e-02 1.020195312500000062e+00 -1.054740234375000085e+00 1.982421875000000000e+00 -2.509765625000000000e+00 -1.269531250000000000e-01 -2.685546875000000000e+00 1.138671875000000000e+00
2.532226562499999556e-01 5.141601562500000000e-01 7.465234375000000533e-01 3.464843749999999695e-02 9.451953124999999956e-01 -8.464902343750000391e-01 3.232421875000000000e+00 -1.259765625000000000e+00 1.123046875000000000e+00 1.064453125000000000e+00 3.886718750000000000e-01
4.432226562500000133e-01 7.641601562500000000e-01 5.665234375000000044e-01 5.464843750000000777e-02 1.045195312499999973e+00 -1.679490234375000002e+00 -1.767578125000000000e+00 3.740234375000000000e+00 -3.876953125000000000e+00 -3.935546875000000000e+00 1.388671875000000000e+00
3.482226562499999845e-01 6.391601562500000000e-01 6.565234375000000844e-01 4.464843749999999889e-02 9.951953125000000400e-01 -4.299902343750001688e-01 -4.267578125000000000e+00 -3.759765625000000000e+00 3.623046875000000000e+00 -1.435546875000000000e+00 8.886718750000000000e-01
1.582226562499999822e-01 8.891601562500000000e-01 8.365234375000000222e-01 6.464843750000000278e-02 8.951953124999999512e-01 -1.262990234375000131e+00 7.324218750000000000e-01 1.240234375000000000e+00 -1.376953125000000000e+00 3.564453125000000000e+00 1.888671875000000000e+00
1.463476562499999856e-01 6.547851562500000000e-01 7.802734375000000000e-01 6.589843750000000389e-02 9.389453125000000178e-01 -1.627427734374999879e+00 -8.300781250000000000e-01 3.427734375000000000e+00 -2.314453125000000000e+00 -4.873046875000000000e+00 1.076171875000000000e+00
3.363476562499999600e-01 9.047851562500000000e-01 6.002734375000000622e-01 4.589843750000000000e-02 1.038945312500000107e+00 -7.944277343750001386e-01 4.169921875000000000e+00 -1.572265625000000000e+00 2.685546875000000000e+00 1.269531250000000000e-01 7.617187500000000000e-02
4.313476562499999889e-01 5.297851562500000000e-01 6.902734375000000311e-01 5.589843750000000888e-02 9.889453125000000622e-01 -1.210927734375000009e+00 1.669921875000000000e+00 9.277343750000000000e-01 -4.814453125000000000e+00 2.626953125000000000e+00 1.576171875000000000e+00
2.413476562499999867e-01 7.797851562500000000e-01 8.702734375000000799e-01 3.589843749999999806e-02 8.889453124999999734e-01 -3.779277343750000462e-01 -3.330078125000000000e+00 -4.072265625000000000e+00 1.855468750000000000e-01 -2.373046875000000000e+00 5.761718750000000000e-01
2.888476562499999734e-01 5.922851562500000000e-01 5.552734375000000222e-01 6.089843750000000638e-02 1.013945312499999973e+00 -5.861777343750000924e-01 -2.080078125000000000e+00 -3.222656250000000000e-01 -1.064453125000000000e+00 3.876953125000000000e+00 1.826171875000000000e+00
4.788476562499999756e-01 8.422851562500000000e-01 7.352734375000000711e-01 4.089843750000000250e-02 9.139453124999999956e-01 -1.419177734375000055e+00 2.919921875000000000e+00 4.677734375000000000e+00 3.935546875000000000e+00 -1.123046875000000000e+00 8.261718750000000000e-01
3.838476562500000022e-01 7.172851562500000000e-01 8.252734375000000400e-01 5.089843750000000444e-02 9.639453125000000400e-01 -1.002677734375000185e+00 4.199218750000000000e-01 -2.822265625000000000e+00 -3.564453125000000000e+00 -3.623046875000000000e+00 1.326171875000000000e+00
1.938476562500000000e-01 9.672851562500000000e-01 6.452734374999999911e-01 3.089843750000000056e-02 1.063945312500000018e+00 -1.835677734374999925e+00 -4.580078125000000000e+00 2.177734375000000000e+00 1.435546875000000000e+00 1.376953125000000000e+00 3.261718750000000000e-01
1.700976562500000067e-01 5.610351562500000000e-01 8.927734375000000444e-01 4.339843749999999778e-02 1.026445312499999929e+00 -1.939802734374999948e+00 -2.050781250000000000e-01 -3.447265625000000000e+00 -4.394531250000000000e-01 -4.248046875000000000e+00 4.511718750000000000e-01
3.600976562500000089e-01 8.110351562500000000e-01 7.127734375000001066e-01 6.339843750000001554e-02 9.264453125000000622e-01 -1.106802734374999986e+00 4.794921875000000000e+00 1.552734375000000000e+00 4.560546875000000000e+00 7.519531250000000000e-01 1.451171875000000000e+00
4.550976562499999822e-01 6.860351562500000000e-01 6.227734375000000266e-01 3.339843750000000278e-02 8.764453125000000178e-01 -1.523302734375000078e+00 2.294921875000000000e+00 -9.472656250000000000e-01 -2.939453125000000000e+00 3.251953125000000000e+00 9.511718750000000000e-01
2.650976562500000355e-01 9.360351562500000000e-01 8.027734374999999645e-01 5.339843750000000666e-02 9.764453124999999956e-01 -6.903027343750001155e-01 -2.705078125000000000e+00 4.052734375000000000e+00 2.060546875000000000e+00 -1.748046875000000000e+00 1.951171875000000000e+00
2.175976562499999933e-01 7.485351562500000000e-01 6.677734375000000666e-01 4.839843750000000222e-02 9.014453125000000400e-01 -4.820527343750000693e-01 -1.455078125000000000e+00 3.027343750000000000e-01 -1.689453125000000000e+00 4.501953125000000000e+00 7.011718750000000000e-01
4.075976562499999956e-01 9.985351562500000000e-01 8.477734375000001155e-01 6.839843750000000611e-02 1.001445312500000018e+00 -1.315052734375000032e+00 3.544921875000000000e+00 -4.697265625000000000e+00 3.310546875000000000e+00 -4.980468750000000000e-01 1.701171875000000000e+00
3.125976562500000222e-01 6.235351562500000000e-01 7.577734375000000355e-01 3.839843750000000028e-02 1.051445312500000062e+00 -8.985527343749999396e-01 1.044921875000000000e+00 2.802734375000000000e+00 -4.189453125000000000e+00 -2.998046875000000000e+00 2.011718750000000000e-01
1.225976562499999922e-01 8.735351562500000000e-01 5.777734375000000977e-01 5.839843750000000416e-02 9.514453124999999734e-01 -1.731552734375000124e+00 -3.955078125000000000e+00 -2.197265625000000000e+00 8.105468750000000000e-01 2.001953125000000000e+00 1.201171875000000000e+00
1.218554687500000011e-01 6.245117187500000000e-01 9.033203125000000000e-01 4.722656249999999944e-02 9.080859374999999956e-01 -1.103548828125000103e+00 -2.490234375000000000e+00 -2.841796875000000000e+00 3.798828125000000000e+00 2.929687500000000000e-02 6.582031250000000000e-01
3.118554687500000311e-01 8.745117187500000000e-01 7.233203125000000622e-01 6.722656250000000333e-02 1.008085937499999973e+00 -1.936548828125000066e+00 2.509765625000000000e+00 2.158203125000000000e+00 -1.201171875000000000e+00 -4.970703125000000000e+00 1.658203125000000000e+00
4.068554687500000044e-01 7.495117187500000000e-01 6.333203124999999822e-01 3.722656249999999750e-02 1.058085937500000018e+00 -6.870488281250000107e-01 9.765625000000000000e-03 -3.417968750000000000e-01 1.298828125000000000e+00 -2.470703125000000000e+00 1.582031250000000000e-01
2.168554687500000022e-01 9.995117187500000000e-01 8.133203125000000311e-01 5.722656250000000833e-02 9.580859375000000400e-01 -1.520048828124999973e+00 -4.990234375000000000e+00 4.658203125000000000e+00 -3.701171875000000000e+00 2.529296875000000000e+00 1.158203125000000000e+00
2.643554687499999889e-01 6.870117187500000000e-01 6.783203125000000222e-01 4.222656250000000194e-02 1.033085937500000107e+00 -1.311798828125000149e+00 -1.240234375000000000e+00 9.082031250000000000e-01 2.548828125000000000e+00 -1.220703125000000000e+00 4.082031250000000000e-01
4.543554687499999911e-01 9.370117187500000000e-01 8.583203125000000711e-01 6.222656250000000583e-02 9.330859375000000178e-01 -4.787988281249999645e-01 3.759765625000000000e+00 -4.091796875000000000e+00 -2.451171875000000000e+00 3.779296875000000000e+00 1.408203125000000000e+00
3.593554687500000178e-01 5.620117187500000000e-01 7.683203124999999911e-01 3.222656250000000000e-02 8.830859374999999734e-01 -1.728298828125000020e+00 1.259765625000000000e+00 3.408203125000000000e+00 4.882812500000000000e-02 1.279296875000000000e+00 9.082031250000000000e-01
1.693554687499999878e-01 8.120117187500000000e-01 5.883203125000000533e-01 5.222656250000000389e-02 9.830859375000000622e-01 -8.952988281250000568e-01 -3.740234375000000000e+00 -1.591796875000000000e+00 -4.951171875000000000e+00 -3.720703125000000000e+00 1.908203125000000000e+00
1.931054687500000089e-01 7.182617187500000000e-01 7.908203125000000666e-01 6.472656250000000111e-02 9.955859375000000178e-01 -7.911738281250000338e-01 -1.865234375000000000e+00 2.783203125000000000e+00 3.173828125000000000e+00 6.542968750000000000e-01 1.783203125000000000e+00
3.831054687500000111e-01 9.682617187500000000e-01 6.108203125000000178e-01 4.472656250000000416e-02 8.955859375000000400e-01 -1.624173828124999996e+00 3.134765625000000000e+00 -2.216796875000000000e+00 -1.826171875000000000e+00 -4.345703125000000000e+00 7.832031250000000000e-01
4.781054687499999845e-01 5.932617187500000000e-01 7.008203125000000977e-01 5.472656250000000611e-02 9.455859374999999734e-01 -3.746738281250001634e-01 6.347656250000000000e-01 2.832031250000000000e-01 6.738281250000000000e-01 -1.845703125000000000e+00 1.283203125000000000e+00
2.881054687499999822e-01 8.432617187500000000e-01 8.808203125000000355e-01 3.472656250000000222e-02 1.045585937500000062e+00 -1.207673828124999904e+00 -4.365234375000000000e+00 -4.716796875000000000e+00 -4.326171875000000000e+00 3.154296875000000000e+00 2.832031250000000000e-01
2.406054687499999956e-01 5.307617187500000000e-01 5.658203125000000888e-01 6.972656250000000555e-02 9.205859375000000622e-01 -1.415923828124999950e+00 -6.152343750000000000e-01 -9.667968750000000000e-01 4.423828125000000000e+00 -5.957031250000000000e-01 1.033203125000000000e+00
4.306054687499999978e-01 7.807617187500000000e-01 7.458203125000000266e-01 4.972656250000000167e-02 1.020585937499999929e+00 -5.829238281249999876e-01 4.384765625000000000e+00 4.033203125000000000e+00 -5.761718750000000000e-01 4.404296875000000000e+00 3.320312500000000000e-02
3.356054687499999689e-01 6.557617187500000000e-01 8.358203125000001066e-01 5.972656250000000361e-02 9.705859374999999956e-01 -1.832423828125000043e+00 1.884765625000000000e+00 -3.466796875000000000e+00 1.923828125000000000e+00 1.904296875000000000e+00 1.533203125000000000e+00
1.456054687499999944e-01 9.057617187500000000e-01 6.558203125000000577e-01 3.972656249999999972e-02 8.705859375000000178e-01 -9.994238281250000799e-01 -3.115234375000000000e+00 1.533203125000000000e+00 -3.076171875000000000e+00 -3.095703125000000000e+00 5.332031250000000000e-01
1.574804687499999911e-01 6.401367187500000000e-01 5.995703125000000355e-01 3.097656249999999889e-02 9.643359375000000178e-01 -6.349863281250001101e-01 2.822265625000000000e+00 4.345703125000000000e+00 -3.388671875000000000e+00 4.091796875000000000e+00 4.707031250000000000e-01
3.474804687499999933e-01 8.901367187500000000e-01 7.795703124999999734e-01 5.097656250000000278e-02 1.064335937500000107e+00 -1.467986328125000073e+00 -2.177734375000000000e+00 -6.542968750000000000e-01 1.611328125000000000e+00 -9.082031250000000000e-01 1.470703125000000000e+00
4.424804687500000222e-01 5.151367187500000000e-01 8.695703125000000533e-01 4.097656250000000083e-02 1.014335937500000062e+00 -1.051486328125000203e+00 -4.677734375000000000e+00 1.845703125000000000e+00 -8.886718750000000000e-01 -3.408203125000000000e+00 9.707031250000000000e-01
2.524804687499999645e-01 7.651367187500000000e-01 6.895703125000000044e-01 6.097656250000000472e-02 9.143359374999999734e-01 -1.884486328124999943e+00 3.222656250000000000e-01 -3.154296875000000000e+00 4.111328125000000000e+00 1.591796875000000000e+00 1.970703125000000000e+00
2.999804687500000067e-01 5.776367187500000000e-01 7.345703125000000444e-01 3.597656250000000333e-02 9.893359375000000400e-01 -1.676236328124999897e+00 4.072265625000000000e+00 -1.904296875000000000e+00 -4.638671875000000000e+00 -4.658203125000000000e+00 7.207031250000000000e-01
4.899804687500000089e-01 8.276367187500000000e-01 5.545703124999999956e-01 5.597656250000000722e-02 8.893359374999999512e-01 -8.432363281250001563e-01 -9.277343750000000000e-01 3.095703125000000000e+00 3.613281250000000000e-01 3.417968750000000000e-01 1.720703125000000000e+00
3.949804687499999800e-01 7.026367187500000000e-01 6.445703125000000755e-01 4.597656249999999833e-02 9.393359374999999956e-01 -1.259736328125000027e+00 -3.427734375000000000e+00 -4.404296875000000000e+00 -2.138671875000000000e+00 2.841796875000000000e+00 2.207031250000000000e-01
2.049804687499999778e-01 9.526367187500000000e-01 8.245703125000000133e-01 6.597656250000000222e-02 1.039335937499999973e+00 -4.267363281250000639e-01 1.572265625000000000e+00 5.957031250000000000e-01 2.861328125000000000e+00 -2.158203125000000000e+00 1.220703125000000000e+00
1.812304687499999845e-01 5.463867187500000000e-01 7.120703125000000799e-01 5.847656250000000944e-02 1.051835937500000151e+00 -5.308613281250000870e-01 3.447265625000000000e+00 -3.779296875000000000e+00 -4.013671875000000000e+00 4.716796875000000000e+00 1.095703125000000000e+00
3.712304687499999867e-01 7.963867187500000000e-01 8.920703125000000178e-01 3.847656249999999861e-02 9.518359375000000622e-01 -1.363861328125000050e+00 -1.552734375000000000e+00 1.220703125000000000e+00 9.863281250000000000e-01 -2.832031250000000000e-01 9.570312500000000000e-02
4.662304687500000155e-01 6.713867187500000000e-01 8.020703125000000488e-01 6.847656250000000444e-02 9.018359375000000178e-01 -9.473613281249999574e-01 -4.052734375000000000e+00 -1.279296875000000000e+00 -1.513671875000000000e+00 -2.783203125000000000e+00 1.595703125000000000e+00
2.762304687500000133e-01 9.213867187500000000e-01 6.220703125000000000e-01 4.847656250000000056e-02 1.001835937500000107e+00 -1.780361328124999920e+00 9.472656250000000000e-01 3.720703125000000000e+00 3.486328125000000000e+00 2.216796875000000000e+00 5.957031250000000000e-01
2.287304687499999989e-01 7.338867187500000000e-01 8.470703125000000888e-01 5.347656250000000500e-02 8.768359374999999956e-01 -1.988611328124999966e+00 4.697265625000000000e+00 2.470703125000000000e+00 -2.763671875000000000e+00 -4.033203125000000000e+00 1.845703125000000000e+00
4.187304687499999734e-01 9.838867187500000000e-01 6.670703125000000400e-01 3.347656250000000111e-02 9.768359374999999734e-01 -1.155611328125000004e+00 -3.027343750000000000e-01 -2.529296875000000000e+00 2.236328125000000000e+00 9.667968750000000000e-01 8.457031250000000000e-01
3.237304687500000000e-01 6.088867187500000000e-01 5.770703125000000711e-01 6.347656250000000000e-02 1.026835937500000018e+00 -1.572111328125000096e+00 -2.802734375000000000e+00 4.970703125000000000e+00 -2.636718750000000000e-01 3.466796875000000000e+00 1.345703125000000000e+00
1.337304687499999978e-01 8.588867187500000000e-01 7.570703125000000089e-01 4.347656250000000305e-02 9.268359375000000400e-01 -7.391113281250001332e-01 2.197265625000000000e+00 -2.929687500000000000e-02 4.736328125000000000e+00 -1.533203125000000000e+00 3.457031250000000000e-01
1.396679687499999822e-01 7.416992187500000000e-01 6.951953125000001066e-01 6.910156250000000500e-02 9.737109375000000400e-01 -1.702267578125000069e+00 -4.833984375000000000e+00 1.064453125000000000e+00 -4.199218750000000000e-01 4.980468750000000000e-01 7.519531250000000000e-01
3.296679687499999845e-01 9.916992187500000000e-01 8.751953125000000444e-01 4.910156250000000111e-02 8.737109374999999512e-01 -8.692675781250001066e-01 1.660156250000000000e-01 -3.935546875000000000e+00 4.580078125000000000e+00 -4.501953125000000000e+00 1.751953125000000000e+00
4.246679687500000133e-01 6.166992187500000000e-01 7.851953125000000755e-01 5.910156250000000305e-02 9.237109374999999956e-01 -1.285767578124999977e+00 2.666015625000000000e+00 3.564453125000000000e+00 -2.919921875000000000e+00 -2.001953125000000000e+00 2.519531250000000000e-01
2.346679687500000111e-01 8.666992187500000000e-01 6.051953125000000266e-01 3.910156249999999917e-02 1.023710937499999973e+00 -4.527675781250000142e-01 -2.333984375000000000e+00 -1.435546875000000000e+00 2.080078125000000000e+00 2.998046875000000000e+00 1.251953125000000000e+00
2.821679687499999978e-01 5.541992187500000000e-01 8.301953125000001155e-01 6.410156250000001443e-02 9.487109375000000178e-01 -6.610175781250000604e-01 -3.583984375000000000e+00 -2.685546875000000000e+00 -1.669921875000000000e+00 -7.519531250000000000e-01 1.953125000000000000e-03
4.721679687500000000e-01 8.041992187500000000e-01 6.501953125000000666e-01 4.410156250000000361e-02 1.048710937500000107e+00 -1.494017578125000023e+00 1.416015625000000000e+00 2.314453125000000000e+00 3.330078125000000000e+00 4.248046875000000000e+00 1.001953125000000000e+00
3.771679687499999711e-01 6.791992187500000000e-01 5.601953125000000977e-01 5.410156250000000555e-02 9.987109375000000622e-01 -1.077517578125000153e+00 3.916015625000000000e+00 -1.855468750000000000e-01 -4.169921875000000000e+00 1.748046875000000000e+00 5.019531250000000000e-01
1.871679687499999967e-01 9.291992187500000000e-01 7.401953125000000355e-01 3.410156250000000167e-02 8.987109374999999734e-01 -1.910517578124999893e+00 -1.083984375000000000e+00 4.814453125000000000e+00 8.300781250000000000e-01 -3.251953125000000000e+00 1.501953125000000000e+00
2.109179687499999900e-01 5.854492187500000000e-01 6.276953124999999911e-01 4.160156250000000139e-02 8.862109375000000178e-01 -1.806392578125000092e+00 -4.208984375000000000e+00 -8.105468750000000000e-01 -2.294921875000000000e+00 1.123046875000000000e+00 1.626953125000000000e+00
4.009179687500000200e-01 8.354492187500000000e-01 8.076953125000000400e-01 6.160156250000000527e-02 9.862109374999999956e-01 -9.733925781250001297e-01 7.910156250000000000e-01 4.189453125000000000e+00 2.705078125000000000e+00 -3.876953125000000000e+00 6.269531250000000000e-01
4.959179687499999933e-01 7.104492187500000000e-01 8.976953125000000089e-01 3.160156249999999944e-02 1.036210937499999929e+00 -1.389892578125000000e+00 3.291015625000000000e+00 -3.310546875000000000e+00 -4.794921875000000000e+00 -1.376953125000000000e+00 1.126953125000000000e+00
3.059179687499999911e-01 9.604492187500000000e-01 7.176953125000000711e-01 5.160156250000000333e-02 9.362109375000000622e-01 -5.568925781250000373e-01 -1.708984375000000000e+00 1.689453125000000000e+00 2.050781250000000000e-01 3.623046875000000000e+00 1.269531250000000000e-01
2.584179687500000044e-01 6.479492187500000000e-01 7.626953125000000000e-01 4.660156249999999889e-02 1.061210937500000062e+00 -3.486425781249999911e-01 -2.958984375000000000e+00 2.939453125000000000e+00 -1.044921875000000000e+00 -1.269531250000000000e-01 1.376953125000000000e+00
4.484179687500000067e-01 8.979492187500000000e-01 5.826953125000000622e-01 6.660156250000000278e-02 9.612109374999999734e-01 -1.181642578124999954e+00 2.041015625000000000e+00 -2.060546875000000000e+00 3.955078125000000000e+00 4.873046875000000000e+00 3.769531250000000000e-01
3.534179687499999778e-01 5.229492187500000000e-01 6.726953125000000311e-01 3.660156250000000389e-02 9.112109375000000400e-01 -7.651425781250000835e-01 4.541015625000000000e+00 4.394531250000000000e-01 -3.544921875000000000e+00 2.373046875000000000e+00 1.876953125000000000e+00
1.634179687500000033e-01 7.729492187500000000e-01 8.526953125000000799e-01 5.660156250000000777e-02 1.011210937500000018e+00 -1.598142578125000046e+00 -4.589843750000000000e-01 -4.560546875000000000e+00 1.455078125000000000e+00 -2.626953125000000000e+00 8.769531250000000000e-01
1.515429687500000067e-01 5.073242187500000000e-01 8.189453125000000222e-01 5.285156250000000444e-02 1.029960937500000062e+00 -1.233705078125000076e+00 4.785156250000000000e-01 -2.373046875000000000e+00 2.392578125000000000e+00 3.935546875000000000e+00 6.445312500000000000e-02
3.415429687500000089e-01 7.573242187500000000e-01 6.389453125000000844e-01 3.285156250000000056e-02 9.299609374999999734e-01 -4.007050781250001137e-01 -4.521484375000000000e+00 2.626953125000000000e+00 -2.607421875000000000e+00 -1.064453125000000000e+00 1.064453125000000000e+00
4.365429687499999822e-01 6.323242187500000000e-01 7.289453125000000533e-01 6.285156250000001332e-02 8.799609375000000400e-01 -1.650205078124999947e+00 -2.021484375000000000e+00 -4.873046875000000000e+00 4.892578125000000000e+00 -3.564453125000000000e+00 5.644531250000000000e-01
2.465429687500000078e-01 8.823242187500000000e-01 9.089453124999999911e-01 4.285156250000000250e-02 9.799609375000000178e-01 -8.172050781249999840e-01 2.978515625000000000e+00 1.269531250000000000e-01 -1.074218750000000000e-01 1.435546875000000000e+00 1.564453125000000000e+00
2.940429687500000222e-01 6.948242187500000000e-01 5.939453125000000444e-01 5.785156250000000888e-02 9.049609375000000622e-01 -1.025455078125000030e+00 1.728515625000000000e+00 3.876953125000000000e+00 1.142578125000000000e+00 -4.814453125000000000e+00 8.144531250000000000e-01
4.840429687500000244e-01 9.448242187500000000e-01 7.739453124999999822e-01 3.785156249999999806e-02 1.004960937499999929e+00 -1.858455078124999993e+00 -3.271484375000000000e+00 -1.123046875000000000e+00 -3.857421875000000000e+00 1.855468750000000000e-01 1.814453125000000000e+00
3.890429687499999956e-01 5.698242187500000000e-01 8.639453125000000622e-01 6.785156250000000389e-02 1.054960937499999973e+00 -6.089550781250001599e-01 -7.714843750000000000e-01 1.376953125000000000e+00 3.642578125000000000e+00 2.685546875000000000e+00 3.144531250000000000e-01
1.990429687499999933e-01 8.198242187500000000e-01 6.839453125000000133e-01 4.785156250000000000e-02 9.549609374999999956e-01 -1.441955078124999901e+00 4.228515625000000000e+00 -3.623046875000000000e+00 -1.357421875000000000e+00 -2.314453125000000000e+00 1.314453125000000000e+00
1.752929687500000000e-01 6.635742187500000000e-01 8.864453125000000266e-01 3.535156250000000278e-02 9.424609375000000400e-01 -1.546080078125000146e+00 1.103515625000000000e+00 2.001953125000000000e+00 5.175781250000000000e-01 4.560546875000000000e+00 1.439453125000000000e+00
3.652929687500000022e-01 9.135742187500000000e-01 7.064453125000000888e-01 5.535156250000000666e-02 1.042460937500000018e+00 -7.130800781249999609e-01 -3.896484375000000000e+00 -2.998046875000000000e+00 -4.482421875000000000e+00 -4.394531250000000000e-01 4.394531250000000000e-01
4.602929687499999756e-01 5.385742187500000000e-01 6.164453125000000089e-01 4.535156249999999778e-02 9.924609375000000844e-01 -1.962580078125000016e+00 -1.396484375000000000e+00 4.501953125000000000e+00 3.017578125000000000e+00 -2.939453125000000000e+00 1.939453125000000000e+00
2.702929687499999734e-01 7.885742187500000000e-01 7.964453125000000577e-01 6.535156250000001554e-02 8.924609374999999956e-01 -1.129580078125000053e+00 3.603515625000000000e+00 -4.980468750000000000e-01 -1.982421875000000000e+00 2.060546875000000000e+00 9.394531250000000000e-01
2.227929687499999867e-01 6.010742187500000000e-01 6.614453125000000488e-01 3.035156249999999833e-02 1.017460937500000107e+00 -9.213300781250000071e-01 2.353515625000000000e+00 -4.248046875000000000e+00 1.767578125000000000e+00 -4.189453125000000000e+00 1.689453125000000000e+00
4.127929687499999889e-01 8.510742187500000000e-01 8.414453125000000977e-01 5.035156250000000222e-02 9.174609375000000178e-01 -1.754330078124999970e+00 -2.646484375000000000e+00 7.519531250000000000e-01 -3.232421875000000000e+00 8.105468750000000000e-01 6.894531250000000000e-01
3.177929687499999600e-01 7.260742187500000000e-01 7.514453125000000178e-01 4.035156250000000028e-02 9.674609375000000622e-01 -5.048300781250001368e-01 -1.464843750000000000e-01 -1.748046875000000000e+00 4.267578125000000000e+00 3.310546875000000000e+00 1.189453125000000000e+00
1.277929687499999856e-01 9.760742187500000000e-01 5.714453125000000799e-01 6.035156250000000416e-02 1.067460937500000151e+00 -1.337830078125000099e+00 4.853515625000000000e+00 3.251953125000000000e+00 -7.324218750000000000e-01 -1.689453125000000000e+00 1.894531250000000000e-01
1.307617187500000056e-01 6.752929687500000000e-01 7.430078125000000311e-01 5.503906249999999944e-02 8.752734374999999734e-01 -1.428939453124999925e+00 -3.505859375000000000e+00 2.050781250000000000e-01 3.720703125000000000e+00 3.701171875000000000e+00 1.955078125000000000e+00
3.207617187500000355e-01 9.252929687500000000e-01 5.630078125000000933e-01 3.503906250000000250e-02 9.752734375000000622e-01 -5.959394531249999627e-01 1.494140625000000000e+00 -4.794921875000000000e+00 -1.279296875000000000e+00 -1.298828125000000000e+00 9.550781250000000000e-01
4.157617187500000089e-01 5.502929687500000000e-01 6.530078125000000622e-01 6.503906250000000833e-02 1.025273437500000107e+00 -1.845439453125000018e+00 3.994140625000000000e+00 2.705078125000000000e+00 1.220703125000000000e+00 -3.798828125000000000e+00 1.455078125000000000e+00
2.257617187500000067e-01 8.002929687500000000e-01 8.330078125000000000e-01 4.503906250000000444e-02 9.252734375000000178e-01 -1.012439453125000055e+00 -1.005859375000000000e+00 -2.294921875000000000e+00 -3.779296875000000000e+00 1.201171875000000000e+00 4.550781250000000000e-01
2.732617187499999933e-01 6.127929687500000000e-01 6.080078125000000222e-01 5.003906250000000194e-02 1.050273437500000018e+00 -8.041894531250000089e-01 -4.755859375000000000e+00 -3.544921875000000000e+00 4.970703125000000000e+00 -2.548828125000000000e+00 1.205078125000000000e+00
4.632617187499999956e-01 8.627929687500000000e-01 7.880078125000000711e-01 3.003906249999999806e-02 9.502734375000000400e-01 -1.637189453124999972e+00 2.441406250000000000e-01 1.455078125000000000e+00 -2.929687500000000000e-02 2.451171875000000000e+00 2.050781250000000000e-01
3.682617187500000222e-01 7.377929687500000000e-01 8.780078125000000400e-01 6.003906250000000389e-02 9.002734374999999956e-01 -3.876894531250001386e-01 2.744140625000000000e+00 -1.044921875000000000e+00 2.470703125000000000e+00 4.951171875000000000e+00 1.705078125000000000e+00
1.782617187499999922e-01 9.877929687500000000e-01 6.980078124999999911e-01 4.003906250000000000e-02 1.000273437499999973e+00 -1.220689453124999879e+00 -2.255859375000000000e+00 3.955078125000000000e+00 -2.529296875000000000e+00 -4.882812500000000000e-02 7.050781250000000000e-01
2.020117187500000133e-01 5.190429687500000000e-01 8.555078124999999645e-01 3.253906250000000028e-02 9.877734375000000178e-01 -1.324814453125000124e+00 -2.880859375000000000e+00 -4.199218750000000000e-01 4.345703125000000000e+00 3.076171875000000000e+00 5.800781250000000000e-01
3.920117187500000155e-01 7.690429687500000000e-01 6.755078125000000266e-01 5.253906250000000416e-02 8.877734375000000400e-01 -4.918144531250001616e-01 2.119140625000000000e+00 4.580078125000000000e+00 -6.542968750000000000e-01 -1.923828125000000000e+00 1.580078125000000000e+00
4.870117187499999889e-01 6.440429687500000000e-01 5.855078125000000577e-01 4.253906250000000222e-02 9.377734374999999734e-01 -1.741314453124999995e+00 4.619140625000000000e+00 -2.919921875000000000e+00 1.845703125000000000e+00 -4.423828125000000000e+00 8.007812500000000000e-02
2.970117187499999867e-01 8.940429687500000000e-01 7.655078124999999956e-01 6.253906250000000611e-02 1.037773437500000062e+00 -9.083144531250000320e-01 -3.808593750000000000e-01 2.080078125000000000e+00 -3.154296875000000000e+00 5.761718750000000000e-01 1.080078125000000000e+00
2.495117187500000000e-01 7.065429687500000000e-01 7.205078125000000666e-01 3.753906249999999778e-02 9.627734374999999956e-01 -1.116564453125000078e+00 -4.130859375000000000e+00 3.330078125000000000e+00 3.095703125000000000e+00 -3.173828125000000000e+00 3.300781250000000000e-01
4.395117187500000022e-01 9.565429687500000000e-01 9.005078125000000044e-01 5.753906250000000167e-02 1.062773437499999973e+00 -1.949564453125000041e+00 8.691406250000000000e-01 -1.669921875000000000e+00 -1.904296875000000000e+00 1.826171875000000000e+00 1.330078125000000000e+00
3.445117187499999734e-01 5.815429687500000000e-01 8.105078125000000355e-01 4.753906250000000666e-02 1.012773437499999929e+00 -7.000644531249999858e-01 3.369140625000000000e+00 8.300781250000000000e-01 5.957031250000000000e-01 4.326171875000000000e+00 8.300781250000000000e-01
1.545117187499999989e-01 8.315429687500000000e-01 6.305078125000000977e-01 6.753906249999999667e-02 9.127734375000000622e-01 -1.533064453124999948e+00 -1.630859375000000000e+00 -4.169921875000000000e+00 -4.404296875000000000e+00 -6.738281250000000000e-01 1.830078125000000000e+00
1.663867187499999956e-01 5.659179687500000000e-01 6.642578125000000444e-01 6.128906250000000500e-02 9.315234374999999956e-01 -1.897501953124999918e+00 1.806640625000000000e+00 -1.357421875000000000e+00 -4.091796875000000000e+00 2.138671875000000000e+00 1.142578125000000000e+00
3.563867187499999978e-01 8.159179687500000000e-01 8.442578124999999822e-01 4.128906250000000111e-02 1.031523437499999973e+00 -1.064501953125000178e+00 -3.193359375000000000e+00 3.642578125000000000e+00 9.082031250000000000e-01 -2.861328125000000000e+00 1.425781250000000000e-01
4.513867187500000266e-01 6.909179687500000000e-01 7.542578125000000133e-01 5.128906250000000305e-02 9.815234375000000400e-01 -1.481001953125000048e+00 -6.933593750000000000e-01 -3.857421875000000000e+00 -1.591796875000000000e+00 -3.613281250000000000e-01 1.642578125000000000e+00
2.613867187499999689e-01 9.409179687500000000e-01 5.742578125000000755e-01 3.128906249999999917e-02 8.815234374999999512e-01 -6.480019531250000853e-01 4.306640625000000000e+00 1.142578125000000000e+00 3.408203125000000000e+00 4.638671875000000000e+00 6.425781250000000000e-01
3.088867187500000111e-01 6.284179687500000000e-01 8.892578125000000222e-01 6.628906249999999556e-02 1.006523437500000062e+00 -4.397519531250000391e-01 5.566406250000000000e-01 4.892578125000000000e+00 -2.841796875000000000e+00 -1.611328125000000000e+00 1.892578125000000000e+00
4.988867187500000133e-01 8.784179687500000000e-01 7.092578124999999734e-01 4.628906250000000555e-02 9.065234374999999734e-01 -1.272751953125000002e+00 -4.443359375000000000e+00 -1.074218750000000000e-01 2.158203125000000000e+00 3.388671875000000000e+00 8.925781250000000000e-01
4.038867187499999845e-01 5.034179687500000000e-01 6.192578125000000044e-01 5.628906250000000056e-02 9.565234375000000178e-01 -8.562519531250001315e-01 -1.943359375000000000e+00 2.392578125000000000e+00 -3.417968750000000000e-01 8.886718750000000000e-01 1.392578125000000000e+00
2.138867187499999822e-01 7.534179687500000000e-01 7.992578125000000533e-01 3.628906249999999667e-02 1.056523437500000107e+00 -1.689251953125000094e+00 3.056640625000000000e+00 -2.607421875000000000e+00 4.658203125000000000e+00 -4.111328125000000000e+00 3.925781250000000000e-01
1.901367187499999889e-01 7.221679687500000000e-01 5.517578125000000000e-01 4.878906250000000083e-02 1.044023437499999929e+00 -1.585126953125000071e+00 2.431640625000000000e+00 1.767578125000000000e+00 -3.466796875000000000e+00 1.513671875000000000e+00 2.675781250000000000e-01
3.801367187499999911e-01 9.721679687500000000e-01 7.317578125000000488e-01 6.878906249999999778e-02 9.440234375000000622e-01 -7.521269531250001084e-01 -2.568359375000000000e+00 -3.232421875000000000e+00 1.533203125000000000e+00 -3.486328125000000000e+00 1.267578125000000000e+00
4.751367187500000200e-01 5.971679687500000000e-01 8.217578125000000178e-01 3.878906249999999889e-02 8.940234375000000178e-01 -1.168626953124999979e+00 -6.835937500000000000e-02 4.267578125000000000e+00 -9.667968750000000000e-01 -9.863281250000000000e-01 7.675781250000000000e-01
2.851367187500000178e-01 8.471679687500000000e-01 6.417578125000000799e-01 5.878906250000000278e-02 9.940234374999999956e-01 -3.356269531250000160e-01 4.931640625000000000e+00 -7.324218750000000000e-01 4.033203125000000000e+00 4.013671875000000000e+00 1.767578125000000000e+00
2.376367187500000033e-01 5.346679687500000000e-01 7.767578125000000888e-01 4.378906250000000333e-02 9.190234375000000400e-01 -5.438769531250000622e-01 1.181640625000000000e+00 -4.482421875000000000e+00 -4.716796875000000000e+00 -2.236328125000000000e+00 5.175781250000000000e-01
4.276367187499999778e-01 7.846679687500000000e-01 5.967578125000000400e-01 6.378906250000000722e-02 1.019023437500000018e+00 -1.376876953125000025e+00 -3.818359375000000000e+00 5.175781250000000000e-01 2.832031250000000000e-01 2.763671875000000000e+00 1.517578125000000000e+00
3.326367187500000044e-01 6.596679687500000000e-01 6.867578125000000089e-01 3.378906250000000139e-02 1.069023437500000062e+00 -9.603769531250001545e-01 -1.318359375000000000e+00 -1.982421875000000000e+00 -2.216796875000000000e+00 2.636718750000000000e-01 1.757812500000000000e-02
1.426367187500000022e-01 9.096679687500000000e-01 8.667578125000000577e-01 5.378906249999999833e-02 9.690234374999999734e-01 -1.793376953125000117e+00 3.681640625000000000e+00 3.017578125000000000e+00 2.783203125000000000e+00 -4.736328125000000000e+00 1.017578125000000000e+00
1.366992187499999900e-01 5.581054687500000000e-01 5.798828125000000666e-01 3.816406249999999833e-02 1.009648437500000107e+00 -4.137207031250000888e-01 -1.162109375000000000e+00 -3.388671875000000000e+00 -2.060546875000000000e+00 3.232421875000000000e+00 1.611328125000000000e+00
3.266992187499999645e-01 8.081054687500000000e-01 7.598828125000000044e-01 5.816406250000000222e-02 9.096484375000000178e-01 -1.246720703125000052e+00 3.837890625000000000e+00 1.611328125000000000e+00 2.939453125000000000e+00 -1.767578125000000000e+00 6.113281250000000000e-01
4.216992187499999933e-01 6.831054687500000000e-01 8.498828124999999734e-01 4.816406250000000722e-02 9.596484375000000622e-01 -8.302207031249999591e-01 1.337890625000000000e+00 -8.886718750000000000e-01 -4.560546875000000000e+00 -4.267578125000000000e+00 1.111328125000000000e+00
2.316992187499999911e-01 9.331054687500000000e-01 6.698828125000000355e-01 6.816406250000001110e-02 1.059648437500000151e+00 -1.663220703124999922e+00 -3.662109375000000000e+00 4.111328125000000000e+00 4.394531250000000000e-01 7.324218750000000000e-01 1.113281250000000000e-01
2.791992187499999778e-01 7.456054687500000000e-01 8.048828125000000444e-01 3.316406250000000083e-02 9.346484375000000400e-01 -1.871470703124999968e+00 -2.412109375000000000e+00 3.613281250000000000e-01 -8.105468750000000000e-01 -3.017578125000000000e+00 1.361328125000000000e+00
4.691992187499999800e-01 9.956054687500000000e-01 6.248828124999999956e-01 5.316406250000000472e-02 1.034648437500000018e+00 -1.038470703125000005e+00 2.587890625000000000e+00 -4.638671875000000000e+00 4.189453125000000000e+00 1.982421875000000000e+00 3.613281250000000000e-01
3.741992187500000067e-01 6.206054687500000000e-01 7.148828125000000755e-01 4.316406250000000278e-02 9.846484374999999734e-01 -1.454970703124999876e+00 8.789062500000000000e-02 2.861328125000000000e+00 -3.310546875000000000e+00 4.482421875000000000e+00 1.861328125000000000e+00
1.841992187500000044e-01 8.706054687500000000e-01 8.948828125000000133e-01 6.316406250000000666e-02 8.846484374999999956e-01 -6.219707031250001350e-01 -4.912109375000000000e+00 -2.138671875000000000e+00 1.689453125000000000e+00 -5.175781250000000000e-01 8.613281250000000000e-01
2.079492187499999978e-01 6.518554687500000000e-01 6.473828125000000711e-01 5.066406250000000250e-02 8.971484374999999512e-01 -7.260957031250001581e-01 -5.371093750000000000e-01 3.486328125000000000e+00 -1.855468750000000000e-01 2.607421875000000000e+00 9.863281250000000000e-01
3.979492187500000000e-01 9.018554687500000000e-01 8.273828125000000089e-01 3.066406249999999861e-02 9.971484375000000400e-01 -1.559095703125000121e+00 4.462890625000000000e+00 -1.513671875000000000e+00 4.814453125000000000e+00 -2.392578125000000000e+00 1.986328125000000000e+00
4.929492187499999734e-01 5.268554687500000000e-01 7.373828125000000400e-01 6.066406250000000444e-02 1.047148437499999973e+00 -1.142595703125000028e+00 1.962890625000000000e+00 9.863281250000000000e-01 -2.685546875000000000e+00 -4.892578125000000000e+00 4.863281250000000000e-01
3.029492187500000266e-01 7.768554687500000000e-01 5.573828124999999911e-01 4.066406250000000056e-02 9.471484374999999956e-01 -1.975595703124999991e+00 -3.037109375000000000e+00 -4.013671875000000000e+00 2.314453125000000000e+00 1.074218750000000000e-01 1.486328125000000000e+00
2.554492187499999845e-01 5.893554687500000000e-01 8.723828125000000488e-01 5.566406250000000000e-02 1.022148437500000062e+00 -1.767345703124999945e+00 -1.787109375000000000e+00 -2.636718750000000000e-01 -1.435546875000000000e+00 -3.642578125000000000e+00 2.363281250000000000e-01
4.454492187499999867e-01 8.393554687500000000e-01 6.923828125000000000e-01 3.566406249999999611e-02 9.221484374999999734e-01 -9.343457031249999822e-01 3.212890625000000000e+00 4.736328125000000000e+00 3.564453125000000000e+00 1.357421875000000000e+00 1.236328125000000000e+00
3.504492187500000133e-01 7.143554687500000000e-01 6.023828125000000311e-01 6.566406250000000888e-02 8.721484375000000400e-01 -1.350845703125000075e+00 7.128906250000000000e-01 -2.763671875000000000e+00 -3.935546875000000000e+00 3.857421875000000000e+00 7.363281250000000000e-01
1.604492187500000111e-01 9.643554687500000000e-01 7.823828125000000799e-01 4.566406250000000500e-02 9.721484375000000178e-01 -5.178457031250001119e-01 -4.287109375000000000e+00 2.236328125000000000e+00 1.064453125000000000e+00 -1.142578125000000000e+00 1.736328125000000000e+00
1.485742187499999867e-01 6.987304687500000000e-01 8.386328124999999911e-01 4.441406250000000389e-02 1.065898437500000018e+00 -8.822832031250000817e-01 4.150390625000000000e+00 4.423828125000000000e+00 1.269531250000000000e-01 2.294921875000000000e+00 1.298828125000000000e+00
3.385742187499999889e-01 9.487304687500000000e-01 6.586328125000000533e-01 6.441406250000000777e-02 9.658984375000000400e-01 -1.715283203125000044e+00 -8.496093750000000000e-01 -5.761718750000000000e-01 -4.873046875000000000e+00 -2.705078125000000000e+00 2.988281250000000000e-01
4.335742187500000178e-01 5.737304687500000000e-01 5.686328125000000844e-01 3.441406250000000194e-02 9.158984374999999956e-01 -4.657832031249999893e-01 -3.349609375000000000e+00 1.923828125000000000e+00 2.626953125000000000e+00 -2.050781250000000000e-01 1.798828125000000000e+00
2.435742187500000155e-01 8.237304687500000000e-01 7.486328125000000222e-01 5.441406249999999889e-02 1.015898437499999973e+00 -1.298783203125000174e+00 1.650390625000000000e+00 -3.076171875000000000e+00 -2.373046875000000000e+00 4.794921875000000000e+00 7.988281250000000000e-01
2.910742187500000022e-01 5.112304687500000000e-01 7.036328124999999822e-01 4.941406250000000139e-02 8.908984374999999734e-01 -1.507033203124999998e+00 2.900390625000000000e+00 -1.826171875000000000e+00 1.376953125000000000e+00 -1.455078125000000000e+00 1.548828125000000000e+00
4.810742187500000044e-01 7.612304687500000000e-01 8.836328125000000311e-01 6.941406250000001221e-02 9.908984375000000622e-01 -6.740332031250000355e-01 -2.099609375000000000e+00 3.173828125000000000e+00 -3.623046875000000000e+00 3.544921875000000000e+00 5.488281250000000000e-01
3.860742187499999756e-01 6.362304687500000000e-01 7.936328125000000622e-01 3.941406249999999944e-02 1.040898437500000107e+00 -1.923533203125000091e+00 -4.599609375000000000e+00 -4.326171875000000000e+00 3.876953125000000000e+00 1.044921875000000000e+00 1.048828125000000000e+00
1.960742187500000011e-01 8.862304687500000000e-01 6.136328125000000133e-01 5.941406250000000333e-02 9.408984375000000178e-01 -1.090533203125000128e+00 4.003906250000000000e-01 6.738281250000000000e-01 -1.123046875000000000e+00 -3.955078125000000000e+00 4.882812500000000000e-02
1.723242187499999800e-01 6.049804687500000000e-01 7.711328125000000977e-01 6.691406250000000999e-02 9.533984374999999734e-01 -9.864082031250001048e-01 4.775390625000000000e+00 -4.951171875000000000e+00 2.001953125000000000e+00 1.669921875000000000e+00 1.738281250000000000e-01
3.623242187499999822e-01 8.549804687500000000e-01 5.911328125000000488e-01 4.691406250000000611e-02 1.053398437500000062e+00 -1.819408203125000068e+00 -2.246093750000000000e-01 4.882812500000000000e-02 -2.998046875000000000e+00 -3.330078125000000000e+00 1.173828125000000000e+00
4.573242187500000111e-01 7.299804687500000000e-01 6.811328125000000178e-01 5.691406250000000111e-02 1.003398437500000018e+00 -5.699082031250000124e-01 -2.724609375000000000e+00 -2.451171875000000000e+00 4.501953125000000000e+00 -8.300781250000000000e-01 6.738281250000000000e-01
2.673242187500000089e-01 9.799804687500000000e-01 8.611328124999999556e-01 3.691406249999999722e-02 9.033984375000000400e-01 -1.402908203124999975e+00 2.275390625000000000e+00 2.548828125000000000e+00 -4.980468750000000000e-01 4.169921875000000000e+00 1.673828125000000000e+00
2.198242187499999944e-01 6.674804687500000000e-01 6.361328125000000888e-01 6.191406250000000555e-02 9.783984374999999956e-01 -1.194658203124999929e+00 3.525390625000000000e+00 1.298828125000000000e+00 7.519531250000000000e-01 -2.080078125000000000e+00 9.238281250000000000e-01
4.098242187500000244e-01 9.174804687500000000e-01 8.161328125000000266e-01 4.191406250000000167e-02 8.783984375000000178e-01 -3.616582031249999662e-01 -1.474609375000000000e+00 -3.701171875000000000e+00 -4.248046875000000000e+00 2.919921875000000000e+00 1.923828125000000000e+00
3.148242187499999956e-01 5.424804687500000000e-01 9.061328125000001066e-01 5.191406250000000361e-02 9.283984375000000622e-01 -1.611158203125000021e+00 -3.974609375000000000e+00 3.798828125000000000e+00 3.251953125000000000e+00 4.199218750000000000e-01 4.238281250000000000e-01
1.248242187499999933e-01 7.924804687500000000e-01 7.261328125000000577e-01 3.191406249999999972e-02 1.028398437499999929e+00 -7.781582031250000586e-01 1.025390625000000000e+00 -1.201171875000000000e+00 -1.748046875000000000e+00 -4.580078125000000000e+00 1.423828125000000000e+00
1.233398437499999972e-01 7.084960937500000000e-01 6.206640625000000577e-01 5.488281250000000278e-02 9.260546874999999734e-01 -5.243535156250000995e-01 -2.841796875000000000e+00 -2.099609375000000000e+00 -1.474609375000000000e+00 -4.228515625000000000e+00 1.541015625000000000e+00
3.133398437500000133e-01 9.584960937500000000e-01 8.006640625000001066e-01 3.488281249999999889e-02 1.026054687500000062e+00 -1.357353515625000062e+00 2.158203125000000000e+00 2.900390625000000000e+00 3.525390625000000000e+00 7.714843750000000000e-01 5.410156250000000000e-01
4.083398437499999867e-01 5.834960937500000000e-01 8.906640624999999645e-01 6.488281249999999778e-02 9.760546875000000178e-01 -9.408535156249999698e-01 4.658203125000000000e+00 -4.599609375000000000e+00 -3.974609375000000000e+00 3.271484375000000000e+00 1.041015625000000000e+00
2.183398437499999845e-01 8.334960937500000000e-01 7.106640625000000266e-01 4.488281250000000083e-02 8.760546875000000400e-01 -1.773853515624999932e+00 -3.417968750000000000e-01 4.003906250000000000e-01 1.025390625000000000e+00 -1.728515625000000000e+00 4.101562500000000000e-02
2.658398437500000266e-01 5.209960937500000000e-01 7.556640625000000666e-01 5.988281250000000722e-02 1.001054687499999929e+00 -1.982103515624999979e+00 -4.091796875000000000e+00 4.150390625000000000e+00 -2.246093750000000000e-01 4.521484375000000000e+00 1.291015625000000000e+00
4.558398437499999734e-01 7.709960937500000000e-01 5.756640625000000178e-01 3.988281250000000333e-02 9.010546875000000622e-01 -1.149103515625000016e+00 9.082031250000000000e-01 -8.496093750000000000e-01 4.775390625000000000e+00 -4.785156250000000000e-01 2.910156250000000000e-01
3.608398437500000000e-01 6.459960937500000000e-01 6.656640625000000977e-01 6.988281250000000222e-02 9.510546874999999956e-01 -1.565603515624999886e+00 3.408203125000000000e+00 1.650390625000000000e+00 -2.724609375000000000e+00 -2.978515625000000000e+00 1.791015625000000000e+00
1.708398437499999978e-01 8.959960937500000000e-01 8.456640625000000355e-01 4.988281249999999833e-02 1.051054687499999973e+00 -7.326035156250001457e-01 -1.591796875000000000e+00 -3.349609375000000000e+00 2.275390625000000000e+00 2.021484375000000000e+00 7.910156250000000000e-01
1.945898437499999911e-01 6.147460937500000000e-01 6.881640625000000622e-01 3.738281250000000111e-02 1.038554687500000018e+00 -6.284785156250001226e-01 -3.466796875000000000e+00 2.275390625000000000e+00 -8.496093750000000000e-01 -4.853515625000000000e+00 9.160156250000000000e-01
3.845898437499999933e-01 8.647460937500000000e-01 8.681640625000000000e-01 5.738281250000000500e-02 9.385546875000000400e-01 -1.461478515625000085e+00 1.533203125000000000e+00 -2.724609375000000000e+00 4.150390625000000000e+00 1.464843750000000000e-01 1.916015625000000000e+00
4.795898437500000222e-01 7.397460937500000000e-01 7.781640625000000311e-01 4.738281250000000305e-02 8.885546874999999956e-01 -1.044978515624999993e+00 4.033203125000000000e+00 4.775390625000000000e+00 -3.349609375000000000e+00 2.646484375000000000e+00 4.160156250000000000e-01
2.895898437499999645e-01 9.897460937500000000e-01 5.981640625000000933e-01 6.738281250000000000e-02 9.885546874999999734e-01 -1.877978515624999956e+00 -9.667968750000000000e-01 -2.246093750000000000e-01 1.650390625000000000e+00 -2.353515625000000000e+00 1.416015625000000000e+00
2.420898437499999778e-01 6.772460937500000000e-01 8.231640625000000711e-01 3.238281249999999667e-02 9.135546875000000178e-01 -1.669728515625000131e+00 -4.716796875000000000e+00 -3.974609375000000000e+00 -2.099609375000000000e+00 3.896484375000000000e+00 1.660156250000000000e-01
4.320898437499999800e-01 9.272460937500000000e-01 6.431640625000000222e-01 5.238281250000000056e-02 1.013554687500000107e+00 -8.367285156249999467e-01 2.832031250000000000e-01 1.025390625000000000e+00 2.900390625000000000e+00 -1.103515625000000000e+00 1.166015625000000000e+00
3.370898437500000067e-01 5.522460937500000000e-01 5.531640625000000533e-01 4.238281250000000555e-02 1.063554687500000151e+00 -1.253228515625000039e+00 2.783203125000000000e+00 -1.474609375000000000e+00 -4.599609375000000000e+00 -3.603515625000000000e+00 6.660156250000000000e-01
1.470898437500000044e-01 8.022460937500000000e-01 7.331640624999999911e-01 6.238281250000000250e-02 9.635546875000000622e-01 -4.202285156250000764e-01 -2.216796875000000000e+00 3.525390625000000000e+00 4.003906250000000000e-01 1.396484375000000000e+00 1.666015625000000000e+00
1.589648437500000011e-01 5.366210937500000000e-01 8.794140624999999822e-01 6.863281250000000111e-02 8.823046875000000178e-01 -7.846660156250000462e-01 2.470703125000000000e+00 7.128906250000000000e-01 7.128906250000000000e-01 -1.660156250000000000e-01 1.353515625000000000e+00
3.489648437500000311e-01 7.866210937500000000e-01 6.994140625000000444e-01 4.863281250000000416e-02 9.823046874999999956e-01 -1.617666015625000009e+00 -2.529296875000000000e+00 -4.287109375000000000e+00 -4.287109375000000000e+00 4.833984375000000000e+00 3.535156250000000000e-01
4.439648437500000044e-01 6.616210937500000000e-01 6.094140625000000755e-01 5.863281250000000611e-02 1.032304687499999929e+00 -3.681660156250001759e-01 -2.929687500000000000e-02 3.212890625000000000e+00 3.212890625000000000e+00 2.333984375000000000e+00 1.853515625000000000e+00
2.539648437500000022e-01 9.116210937500000000e-01 7.894140625000000133e-01 3.863281250000000222e-02 9.323046875000000622e-01 -1.201166015625000139e+00 4.970703125000000000e+00 -1.787109375000000000e+00 -1.787109375000000000e+00 -2.666015625000000000e+00 8.535156250000000000e-01
3.014648437499999889e-01 7.241210937500000000e-01 6.544140625000000044e-01 6.363281249999999667e-02 1.057304687500000062e+00 -1.409416015625000185e+00 1.220703125000000000e+00 -3.037109375000000000e+00 1.962890625000000000e+00 1.083984375000000000e+00 1.603515625000000000e+00
4.914648437499999911e-01 9.741210937500000000e-01 8.344140625000000533e-01 4.363281249999999972e-02 9.573046874999999734e-01 -5.764160156250000000e-01 -3.779296875000000000e+00 1.962890625000000000e+00 -3.037109375000000000e+00 -3.916015625000000000e+00 6.035156250000000000e-01
3.964648437500000178e-01 5.991210937500000000e-01 7.444140624999999734e-01 5.363281250000000167e-02 9.073046875000000400e-01 -1.825916015625000055e+00 -1.279296875000000000e+00 -5.371093750000000000e-01 4.462890625000000000e+00 -1.416015625000000000e+00 1.103515625000000000e+00
2.064648437500000155e-01 8.491210937500000000e-01 5.644140625000000355e-01 3.363281249999999778e-02 1.007304687500000018e+00 -9.929160156250000924e-01 3.720703125000000000e+00 4.462890625000000000e+00 -5.371093750000000000e-01 3.583984375000000000e+00 1.035156250000000000e-01
1.827148437499999944e-01 6.303710937500000000e-01 8.119140625000000888e-01 4.113281250000000444e-02 9.948046875000000622e-01 -1.097041015624999893e+00 1.845703125000000000e+00 -1.162109375000000000e+00 1.337890625000000000e+00 -7.910156250000000000e-01 2.285156250000000000e-01
3.727148437500000244e-01 8.803710937500000000e-01 6.319140625000000400e-01 6.113281250000000833e-02 8.948046874999999734e-01 -1.930041015625000078e+00 -3.154296875000000000e+00 3.837890625000000000e+00 -3.662109375000000000e+00 4.208984375000000000e+00 1.228515625000000000e+00
4.677148437499999978e-01 5.053710937500000000e-01 7.219140625000000089e-01 3.113281249999999903e-02 9.448046875000000178e-01 -6.805410156250000231e-01 -6.542968750000000000e-01 -3.662109375000000000e+00 3.837890625000000000e+00 1.708984375000000000e+00 7.285156250000000000e-01
2.777148437499999956e-01 7.553710937500000000e-01 9.019140625000000577e-01 5.113281249999999944e-02 1.044804687500000107e+00 -1.513541015624999986e+00 4.345703125000000000e+00 1.337890625000000000e+00 -1.162109375000000000e+00 -3.291015625000000000e+00 1.728515625000000000e+00
2.302148437500000089e-01 5.678710937500000000e-01 5.869140625000000000e-01 4.613281250000000194e-02 9.698046875000000400e-01 -1.305291015624999940e+00 5.957031250000000000e-01 2.587890625000000000e+00 8.789062500000000000e-02 4.589843750000000000e-01 9.785156250000000000e-01
4.202148437500000111e-01 8.178710937500000000e-01 7.669140625000000488e-01 6.613281249999999889e-02 1.069804687500000018e+00 -4.722910156249999769e-01 -4.404296875000000000e+00 -2.412109375000000000e+00 -4.912109375000000000e+00 -4.541015625000000000e+00 1.978515625000000000e+00
3.252148437499999822e-01 6.928710937500000000e-01 8.569140625000000178e-01 3.613281250000000000e-02 1.019804687499999973e+00 -1.721791015625000032e+00 -1.904296875000000000e+00 8.789062500000000000e-02 2.587890625000000000e+00 -2.041015625000000000e+00 4.785156250000000000e-01
1.352148437500000078e-01 9.428710937500000000e-01 6.769140625000000799e-01 5.613281250000000389e-02 9.198046874999999956e-01 -8.887910156250000693e-01 3.095703125000000000e+00 -4.912109375000000000e+00 -2.412109375000000000e+00 2.958984375000000000e+00 1.478515625000000000e+00
1.411523437499999922e-01 5.913085937500000000e-01 7.950390625000000044e-01 3.175781249999999611e-02 1.060429687500000107e+00 -1.539572265624999936e+00 -4.980468750000000000e-01 3.994140625000000000e+00 3.056640625000000000e+00 -3.759765625000000000e+00 1.884765625000000000e+00
3.311523437500000222e-01 8.413085937500000000e-01 6.150390625000000666e-01 5.175781250000000000e-02 9.604296875000000178e-01 -7.065722656249999734e-01 4.501953125000000000e+00 -1.005859375000000000e+00 -1.943359375000000000e+00 1.240234375000000000e+00 8.847656250000000000e-01
4.261523437499999956e-01 7.163085937500000000e-01 7.050390625000000355e-01 4.175781250000000500e-02 9.104296874999999734e-01 -1.956072265625000028e+00 2.001953125000000000e+00 1.494140625000000000e+00 5.566406250000000000e-01 3.740234375000000000e+00 1.384765625000000000e+00
2.361523437499999933e-01 9.663085937500000000e-01 8.850390624999999734e-01 6.175781250000000194e-02 1.010429687500000062e+00 -1.123072265625000066e+00 -2.998046875000000000e+00 -3.505859375000000000e+00 -4.443359375000000000e+00 -1.259765625000000000e+00 3.847656250000000000e-01
2.836523437500000355e-01 6.538085937500000000e-01 5.700390625000000266e-01 3.675781250000000056e-02 8.854296874999999512e-01 -9.148222656250000195e-01 -1.748046875000000000e+00 -2.255859375000000000e+00 4.306640625000000000e+00 4.990234375000000000e+00 1.134765625000000000e+00
4.736523437499999822e-01 9.038085937500000000e-01 7.500390625000000755e-01 5.675781250000000444e-02 9.854296875000000400e-01 -1.747822265624999982e+00 3.251953125000000000e+00 2.744140625000000000e+00 -6.933593750000000000e-01 -9.765625000000000000e-03 1.347656250000000000e-01
3.786523437500000089e-01 5.288085937500000000e-01 8.400390625000000444e-01 4.675781250000000250e-02 1.035429687499999973e+00 -4.983222656250001492e-01 7.519531250000000000e-01 -4.755859375000000000e+00 1.806640625000000000e+00 -2.509765625000000000e+00 1.634765625000000000e+00
1.886523437500000067e-01 7.788085937500000000e-01 6.600390624999999956e-01 6.675781250000001332e-02 9.354296874999999956e-01 -1.331322265624999890e+00 -4.248046875000000000e+00 2.441406250000000000e-01 -3.193359375000000000e+00 2.490234375000000000e+00 6.347656250000000000e-01
2.124023437500000000e-01 7.475585937500000000e-01 9.075390625000000488e-01 5.925781250000000666e-02 9.479296875000000622e-01 -1.227197265625000089e+00 -1.123046875000000000e+00 -4.130859375000000000e+00 4.931640625000000000e+00 -4.384765625000000000e+00 5.097656250000000000e-01
4.024023437500000022e-01 9.975585937500000000e-01 7.275390625000000000e-01 3.925781250000000278e-02 1.047929687500000151e+00 -3.941972656250001261e-01 3.876953125000000000e+00 8.691406250000000000e-01 -6.835937500000000000e-02 6.152343750000000000e-01 1.509765625000000000e+00
4.974023437499999756e-01 6.225585937500000000e-01 6.375390625000000311e-01 6.925781250000001554e-02 9.979296875000001066e-01 -1.643697265624999959e+00 1.376953125000000000e+00 -1.630859375000000000e+00 2.431640625000000000e+00 3.115234375000000000e+00 9.765625000000000000e-03
3.074023437499999734e-01 8.725585937500000000e-01 8.175390625000000799e-01 4.925781249999999778e-02 8.979296875000000178e-01 -8.106972656249999964e-01 -3.623046875000000000e+00 3.369140625000000000e+00 -2.568359375000000000e+00 -1.884765625000000000e+00 1.009765625000000000e+00
2.599023437499999867e-01 5.600585937500000000e-01 6.825390625000000711e-01 5.425781250000000222e-02 9.729296874999999734e-01 -1.018947265625000043e+00 -2.373046875000000000e+00 2.119140625000000000e+00 3.681640625000000000e+00 4.365234375000000000e+00 2.597656250000000000e-01
4.499023437499999889e-01 8.100585937500000000e-01 8.625390625000000089e-01 3.425781249999999833e-02 8.729296874999999956e-01 -1.851947265625000005e+00 2.626953125000000000e+00 -2.880859375000000000e+00 -1.318359375000000000e+00 -6.347656250000000000e-01 1.259765625000000000e+00
3.549023437499999600e-01 6.850585937500000000e-01 7.725390625000000400e-01 6.425781250000001110e-02 9.229296875000000400e-01 -6.024472656250001723e-01 1.269531250000000000e-01 4.619140625000000000e+00 1.181640625000000000e+00 -3.134765625000000000e+00 7.597656250000000000e-01
1.649023437500000133e-01 9.350585937500000000e-01 5.925390624999999911e-01 4.425781250000000028e-02 1.022929687500000018e+00 -1.435447265625000135e+00 -4.873046875000000000e+00 -3.808593750000000000e-01 -3.818359375000000000e+00 1.865234375000000000e+00 1.759765625000000000e+00
1.530273437499999889e-01 6.694335937500000000e-01 7.162890625000000178e-01 4.550781250000000139e-02 1.016679687499999929e+00 -1.799884765625000105e+00 4.814453125000000000e+00 -2.568359375000000000e+00 -4.755859375000000000e+00 -3.222656250000000000e-01 1.197265625000000000e+00
3.430273437499999911e-01 9.194335937500000000e-01 8.962890624999999556e-01 6.550781250000001221e-02 9.166796875000000622e-01 -9.668847656250001421e-01 -1.855468750000000000e-01 2.431640625000000000e+00 2.441406250000000000e-01 4.677734375000000000e+00 1.972656250000000000e-01
4.380273437500000200e-01 5.444335937500000000e-01 8.062890625000000977e-01 3.550781249999999944e-02 9.666796874999999956e-01 -1.383384765625000012e+00 -2.685546875000000000e+00 -6.835937500000000000e-02 -2.255859375000000000e+00 2.177734375000000000e+00 1.697265625000000000e+00
2.480273437499999900e-01 7.944335937500000000e-01 6.262890625000000488e-01 5.550781250000000333e-02 1.066679687499999973e+00 -5.503847656250000497e-01 2.314453125000000000e+00 4.931640625000000000e+00 2.744140625000000000e+00 -2.822265625000000000e+00 6.972656250000000000e-01
2.955273437500000044e-01 6.069335937500000000e-01 8.512890625000000266e-01 4.050781250000000389e-02 9.416796874999999734e-01 -3.421347656250000036e-01 3.564453125000000000e+00 1.181640625000000000e+00 -3.505859375000000000e+00 9.277343750000000000e-01 1.947265625000000000e+00
4.855273437500000067e-01 8.569335937500000000e-01 6.712890625000000888e-01 6.050781250000000777e-02 1.041679687500000062e+00 -1.175134765625000188e+00 -1.435546875000000000e+00 -3.818359375000000000e+00 1.494140625000000000e+00 -4.072265625000000000e+00 9.472656250000000000e-01
3.905273437499999778e-01 7.319335937500000000e-01 5.812890625000000089e-01 3.050781249999999847e-02 9.916796875000000178e-01 -7.586347656250000959e-01 -3.935546875000000000e+00 3.681640625000000000e+00 -1.005859375000000000e+00 -1.572265625000000000e+00 1.447265625000000000e+00
2.005273437500000033e-01 9.819335937500000000e-01 7.612890625000000577e-01 5.050781249999999889e-02 8.916796875000000400e-01 -1.591634765625000059e+00 1.064453125000000000e+00 -1.318359375000000000e+00 3.994140625000000000e+00 3.427734375000000000e+00 4.472656250000000000e-01
1.767773437499999822e-01 5.131835937500000000e-01 6.037890625000000844e-01 6.300781250000000999e-02 9.041796874999999956e-01 -1.695759765625000082e+00 4.189453125000000000e+00 3.056640625000000000e+00 -2.880859375000000000e+00 -9.472656250000000000e-01 3.222656250000000000e-01
3.667773437500000400e-01 7.631835937500000000e-01 7.837890625000000222e-01 4.300781249999999917e-02 1.004179687499999973e+00 -8.627597656250001190e-01 -8.105468750000000000e-01 -1.943359375000000000e+00 2.119140625000000000e+00 4.052734375000000000e+00 1.322265625000000000e+00
4.617773437500000133e-01 6.381835937500000000e-01 8.737890624999999911e-01 5.300781250000000111e-02 1.054179687500000018e+00 -1.279259765624999989e+00 -3.310546875000000000e+00 5.566406250000000000e-01 -3.808593750000000000e-01 1.552734375000000000e+00 8.222656250000000000e-01
2.717773437500000111e-01 8.881835937500000000e-01 6.937890625000000533e-01 3.300781249999999722e-02 9.541796875000000400e-01 -4.462597656250000266e-01 1.689453125000000000e+00 -4.443359375000000000e+00 4.619140625000000000e+00 -3.447265625000000000e+00 1.822265625000000000e+00
2.242773437499999967e-01 7.006835937500000000e-01 7.387890624999999822e-01 6.800781250000001443e-02 1.029179687500000107e+00 -6.545097656250000728e-01 2.939453125000000000e+00 -6.933593750000000000e-01 -4.130859375000000000e+00 3.027343750000000000e-01 5.722656250000000000e-01
4.142773437500000266e-01 9.506835937500000000e-01 5.587890625000000444e-01 4.800781250000000361e-02 9.291796875000000178e-01 -1.487509765625000036e+00 -2.060546875000000000e+00 4.306640625000000000e+00 8.691406250000000000e-01 -4.697265625000000000e+00 1.572265625000000000e+00
3.192773437499999978e-01 5.756835937500000000e-01 6.487890625000000133e-01 5.800781250000000555e-02 8.791796874999999734e-01 -1.071009765624999943e+00 -4.560546875000000000e+00 -3.193359375000000000e+00 -1.630859375000000000e+00 -2.197265625000000000e+00 7.226562500000000000e-02
1.292773437499999956e-01 8.256835937500000000e-01 8.287890625000000622e-01 3.800781250000000167e-02 9.791796875000000622e-01 -1.904009765624999906e+00 4.394531250000000000e-01 1.806640625000000000e+00 3.369140625000000000e+00 2.802734375000000000e+00 1.072265625000000000e+00
1.263085937500000033e-01 5.249023437500000000e-01 6.403515625000000266e-01 4.269531249999999889e-02 9.588671874999999956e-01 -1.604650390625000034e+00 -1.826171875000000000e+00 4.697265625000000000e+00 -1.083984375000000000e+00 -1.962890625000000000e+00 8.378906250000000000e-01
3.163085937499999778e-01 7.749023437500000000e-01 8.203515624999999645e-01 6.269531250000000278e-02 1.058867187499999973e+00 -7.716503906250000711e-01 3.173828125000000000e+00 -3.027343750000000000e-01 3.916015625000000000e+00 3.037109375000000000e+00 1.837890625000000000e+00
4.113085937500000067e-01 6.499023437500000000e-01 7.303515625000001066e-01 3.269531249999999695e-02 1.008867187499999929e+00 -1.188150390625000163e+00 6.738281250000000000e-01 2.197265625000000000e+00 -3.583984375000000000e+00 5.371093750000000000e-01 3.378906250000000000e-01
2.213085937500000044e-01 8.999023437500000000e-01 5.503515625000000577e-01 5.269531250000000777e-02 9.088671875000000622e-01 -3.551503906249999787e-01 -4.326171875000000000e+00 -2.802734375000000000e+00 1.416015625000000000e+00 -4.462890625000000000e+00 1.337890625000000000e+00
2.688085937499999911e-01 7.124023437500000000e-01 8.653515625000001155e-01 4.769531250000000333e-02 9.838671875000000178e-01 -5.634003906250000249e-01 -5.761718750000000000e-01 -1.552734375000000000e+00 -2.333984375000000000e+00 1.787109375000000000e+00 8.789062500000000000e-02
4.588085937499999933e-01 9.624023437500000000e-01 6.853515625000000666e-01 6.769531250000000722e-02 8.838671875000000400e-01 -1.396400390624999988e+00 4.423828125000000000e+00 3.447265625000000000e+00 2.666015625000000000e+00 -3.212890625000000000e+00 1.087890625000000000e+00
3.638085937499999645e-01 5.874023437500000000e-01 5.953515625000000977e-01 3.769531250000000139e-02 9.338671874999999734e-01 -9.799003906250001172e-01 1.923828125000000000e+00 -4.052734375000000000e+00 -4.833984375000000000e+00 -7.128906250000000000e-01 5.878906250000000000e-01
1.738085937499999900e-01 8.374023437500000000e-01 7.753515625000000355e-01 5.769531250000000527e-02 1.033867187500000062e+00 -1.812900390625000080e+00 -3.076171875000000000e+00 9.472656250000000000e-01 1.660156250000000000e-01 4.287109375000000000e+00 1.587890625000000000e+00
1.975585937500000111e-01 6.811523437500000000e-01 5.728515625000000222e-01 6.519531250000000500e-02 1.046367187500000018e+00 -1.917025390625000103e+00 -2.451171875000000000e+00 -4.677734375000000000e+00 -1.708984375000000000e+00 -1.337890625000000000e+00 1.712890625000000000e+00
3.875585937500000133e-01 9.311523437500000000e-01 7.528515625000000711e-01 4.519531250000000111e-02 9.463671875000000400e-01 -1.084025390624999918e+00 2.548828125000000000e+00 3.222656250000000000e-01 3.291015625000000000e+00 3.662109375000000000e+00 7.128906250000000000e-01
4.825585937499999867e-01 5.561523437500000000e-01 8.428515625000000400e-01 5.519531250000000305e-02 8.963671874999999956e-01 -1.500525390625000011e+00 4.882812500000000000e-02 -2.177734375000000000e+00 -4.208984375000000000e+00 1.162109375000000000e+00 1.212890625000000000e+00
2.925585937499999845e-01 8.061523437500000000e-01 6.628515624999999911e-01 3.519531249999999917e-02 9.963671874999999734e-01 -6.675253906250000480e-01 -4.951171875000000000e+00 2.822265625000000000e+00 7.910156250000000000e-01 -3.837890625000000000e+00 2.128906250000000000e-01
2.450585937499999978e-01 6.186523437500000000e-01 7.978515625000000000e-01 6.019531250000000056e-02 8.713671874999999734e-01 -4.592753906250000018e-01 -1.201171875000000000e+00 1.572265625000000000e+00 -4.589843750000000000e-01 2.412109375000000000e+00 1.462890625000000000e+00
4.350585937500000000e-01 8.686523437500000000e-01 6.178515625000000622e-01 4.019531249999999667e-02 9.713671875000000622e-01 -1.292275390624999964e+00 3.798828125000000000e+00 -3.427734375000000000e+00 4.541015625000000000e+00 -2.587890625000000000e+00 4.628906250000000000e-01
3.400585937500000266e-01 7.436523437500000000e-01 7.078515625000000311e-01 5.019531250000000555e-02 1.021367187500000107e+00 -8.757753906250000941e-01 1.298828125000000000e+00 4.072265625000000000e+00 -2.958984375000000000e+00 -8.789062500000000000e-02 1.962890625000000000e+00
1.500585937499999967e-01 9.936523437500000000e-01 8.878515625000000799e-01 3.019531249999999820e-02 9.213671875000000178e-01 -1.708775390625000057e+00 -3.701171875000000000e+00 -9.277343750000000000e-01 2.041015625000000000e+00 4.912109375000000000e+00 9.628906250000000000e-01
1.619335937499999933e-01 7.280273437500000000e-01 7.641015625000000533e-01 3.894531250000000250e-02 9.151171875000000400e-01 -1.344337890624999865e+00 3.486328125000000000e+00 -3.740234375000000000e+00 1.728515625000000000e+00 -3.525390625000000000e+00 2.539062500000000000e-02
3.519335937499999956e-01 9.780273437500000000e-01 5.841015625000000044e-01 5.894531249999999944e-02 1.015117187500000018e+00 -5.113378906250001243e-01 -1.513671875000000000e+00 1.259765625000000000e+00 -3.271484375000000000e+00 1.474609375000000000e+00 1.025390625000000000e+00
4.469335937500000244e-01 6.030273437500000000e-01 6.741015625000000844e-01 4.894531250000000444e-02 1.065117187500000062e+00 -1.760837890624999957e+00 -4.013671875000000000e+00 -1.240234375000000000e+00 4.228515625000000000e+00 3.974609375000000000e+00 5.253906250000000000e-01
2.569335937500000222e-01 8.530273437500000000e-01 8.541015625000000222e-01 6.894531250000000833e-02 9.651171874999999734e-01 -9.278378906249999947e-01 9.863281250000000000e-01 3.759765625000000000e+00 -7.714843750000000000e-01 -1.025390625000000000e+00 1.525390625000000000e+00
3.044335937500000089e-01 5.405273437500000000e-01 6.291015625000000444e-01 3.394531249999999806e-02 1.040117187499999929e+00 -1.136087890625000041e+00 4.736328125000000000e+00 9.765625000000000000e-03 4.785156250000000000e-01 2.724609375000000000e+00 7.753906250000000000e-01
4.944335937500000111e-01 7.905273437500000000e-01 8.091015624999999822e-01 5.394531250000000194e-02 9.401171875000000622e-01 -1.969087890625000004e+00 -2.636718750000000000e-01 -4.990234375000000000e+00 -4.521484375000000000e+00 -2.275390625000000000e+00 1.775390625000000000e+00
3.994335937499999822e-01 6.655273437500000000e-01 8.991015625000000622e-01 4.394531250000000000e-02 8.901171875000000178e-01 -7.195878906249999485e-01 -2.763671875000000000e+00 2.509765625000000000e+00 2.978515625000000000e+00 -4.775390625000000000e+00 2.753906250000000000e-01
2.094335937499999800e-01 9.155273437500000000e-01 7.191015625000000133e-01 6.394531250000000389e-02 9.901171874999999956e-01 -1.552587890624999911e+00 2.236328125000000000e+00 -2.490234375000000000e+00 -2.021484375000000000e+00 2.246093750000000000e-01 1.275390625000000000e+00
1.856835937499999867e-01 5.717773437500000000e-01 8.316015625000000577e-01 5.144531250000000666e-02 1.002617187500000062e+00 -1.448462890625000110e+00 2.861328125000000000e+00 3.134765625000000000e+00 1.103515625000000000e+00 -2.900390625000000000e+00 1.400390625000000000e+00
3.756835937499999889e-01 8.217773437500000000e-01 6.516015625000000089e-01 3.144531249999999584e-02 9.026171874999999734e-01 -6.154628906250001474e-01 -2.138671875000000000e+00 -1.865234375000000000e+00 -3.896484375000000000e+00 2.099609375000000000e+00 4.003906250000000000e-01
4.706835937500000178e-01 6.967773437500000000e-01 5.616015625000000400e-01 6.144531250000000167e-02 9.526171875000000178e-01 -1.864962890624999980e+00 -4.638671875000000000e+00 6.347656250000000000e-01 3.603515625000000000e+00 4.599609375000000000e+00 1.900390625000000000e+00
2.806835937499999600e-01 9.467773437500000000e-01 7.416015625000000888e-01 4.144531249999999778e-02 1.052617187500000107e+00 -1.031962890625000018e+00 3.613281250000000000e-01 -4.365234375000000000e+00 -1.396484375000000000e+00 -4.003906250000000000e-01 9.003906250000000000e-01
2.331835937500000011e-01 6.342773437500000000e-01 6.966015625000000488e-01 5.644531250000000416e-02 9.276171874999999956e-01 -8.237128906249999716e-01 4.111328125000000000e+00 -6.152343750000000000e-01 2.353515625000000000e+00 3.349609375000000000e+00 1.650390625000000000e+00
4.231835937499999756e-01 8.842773437500000000e-01 8.766015625000000977e-01 3.644531250000000028e-02 1.027617187499999973e+00 -1.656712890624999934e+00 -8.886718750000000000e-01 4.384765625000000000e+00 -2.646484375000000000e+00 -1.650390625000000000e+00 6.503906250000000000e-01
3.281835937500000022e-01 5.092773437500000000e-01 7.866015625000000178e-01 6.644531250000000611e-02 9.776171875000000400e-01 -4.072128906250001013e-01 -3.388671875000000000e+00 -3.115234375000000000e+00 4.853515625000000000e+00 -4.150390625000000000e+00 1.150390625000000000e+00
1.381835937500000000e-01 7.592773437500000000e-01 6.066015625000000799e-01 4.644531250000000222e-02 8.776171874999999512e-01 -1.240212890625000064e+00 1.611328125000000000e+00 1.884765625000000000e+00 -1.464843750000000000e-01 8.496093750000000000e-01 1.503906250000000000e-01
1.322460937499999878e-01 6.420898437500000000e-01 8.597265625000000133e-01 6.082031250000000111e-02 1.024492187499999929e+00 -1.005931640625000068e+00 -4.169921875000000000e+00 -1.708984375000000000e+00 4.384765625000000000e+00 -2.431640625000000000e+00 7.441406250000000000e-01
3.222460937500000178e-01 8.920898437500000000e-01 6.797265625000000755e-01 4.082031249999999722e-02 9.244921875000000622e-01 -1.838931640625000030e+00 8.300781250000000000e-01 3.291015625000000000e+00 -6.152343750000000000e-01 2.568359375000000000e+00 1.744140625000000000e+00
4.172460937499999911e-01 5.170898437500000000e-01 5.897265624999999956e-01 5.082031250000000611e-02 8.744921875000000178e-01 -5.894316406249999751e-01 3.330078125000000000e+00 -4.208984375000000000e+00 1.884765625000000000e+00 6.835937500000000000e-02 2.441406250000000000e-01
2.272460937499999889e-01 7.670898437500000000e-01 7.697265625000000444e-01 3.082031249999999875e-02 9.744921874999999956e-01 -1.422431640625000160e+00 -1.669921875000000000e+00 7.910156250000000000e-01 -3.115234375000000000e+00 -4.931640625000000000e+00 1.244140625000000000e+00
2.747460937500000311e-01 5.795898437500000000e-01 7.247265625000000044e-01 6.582031250000000555e-02 8.994921875000000400e-01 -1.214181640625000114e+00 -2.919921875000000000e+00 4.541015625000000000e+00 3.134765625000000000e+00 1.318359375000000000e+00 4.941406250000000000e-01
4.647460937499999778e-01 8.295898437500000000e-01 9.047265625000000533e-01 4.582031250000000167e-02 9.994921875000000178e-01 -3.811816406250001510e-01 2.080078125000000000e+00 -4.589843750000000000e-01 -1.865234375000000000e+00 -3.681640625000000000e+00 1.494140625000000000e+00
3.697460937500000044e-01 7.045898437500000000e-01 8.147265624999999734e-01 5.582031250000000361e-02 1.049492187500000062e+00 -1.630681640624999984e+00 4.580078125000000000e+00 2.041015625000000000e+00 6.347656250000000000e-01 -1.181640625000000000e+00 9.941406250000000000e-01
1.797460937500000022e-01 9.545898437500000000e-01 6.347265625000000355e-01 3.582031249999999972e-02 9.494921874999999734e-01 -7.976816406250000213e-01 -4.199218750000000000e-01 -2.958984375000000000e+00 -4.365234375000000000e+00 3.818359375000000000e+00 1.994140625000000000e+00
2.034960937499999956e-01 5.483398437500000000e-01 7.472265625000000799e-01 4.832031250000000389e-02 9.369921875000000178e-01 -9.018066406250000444e-01 -4.794921875000000000e+00 1.416015625000000000e+00 2.509765625000000000e+00 -1.806640625000000000e+00 1.869140625000000000e+00
