# cosmological_parameters--omega_m cosmological_parameters--s_8 cosmological_parameters--h0 cosmological_parameters--omega_b cosmological_parameters--n_s cosmological_parameters--w intrinsic_alignment_parameters--a1 intrinsic_alignment_parameters--alpha1 intrinsic_alignment_parameters--a2 intrinsic_alignment_parameters--alpha2 intrinsic_alignment_parameters--bias_ta
3.829199218750000133e-01 7.805175781250000000e-01 9.013867187499999822e-01 6.904296875000001665e-02 1.017167968749999929e+00 -1.159678710937499968e+00 -4.692382812500000000e+00 7.470703125000000000e-01 -3.803710937500000000e+00 4.809570312500000000e+00 1.161132812500000000e+00
4.779199218749999867e-01 6.555175781250000000e-01 8.113867187500000133e-01 3.904296875000000389e-02 1.067167968749999973e+00 -1.576178710937500060e+00 -2.192382812500000000e+00 -1.752929687500000000e+00 3.696289062500000000e+00 2.309570312500000000e+00 6.611328125000000000e-01
2.879199218749999845e-01 9.055175781250000000e-01 6.313867187500000755e-01 5.904296875000000777e-02 9.671679687499999956e-01 -7.431787109375000977e-01 2.807617187500000000e+00 3.247070312500000000e+00 -1.303710937500000000e+00 -2.690429687500000000e+00 1.661132812500000000e+00
2.404199218749999978e-01 7.180175781250000000e-01 8.563867187500000533e-01 4.404296875000000139e-02 1.042167968750000062e+00 -5.349287109375000515e-01 1.557617187500000000e+00 1.997070312500000000e+00 2.446289062500000000e+00 1.059570312500000000e+00 9.111328125000000000e-01
4.304199218750000000e-01 9.680175781250000000e-01 6.763867187500000044e-01 6.404296875000001221e-02 9.421679687499999734e-01 -1.367928710937500014e+00 -3.442382812500000000e+00 -3.002929687500000000e+00 -2.553710937500000000e+00 -3.940429687500000000e+00 1.911132812500000000e+00
3.354199218750000266e-01 5.930175781250000000e-01 5.863867187500000355e-01 3.404296874999999944e-02 8.921679687500000400e-01 -9.514287109375001439e-01 -9.423828125000000000e-01 4.497070312500000000e+00 4.946289062500000000e+00 -1.440429687500000000e+00 4.111328125000000000e-01
1.454199218749999967e-01 8.430175781250000000e-01 7.663867187499999734e-01 5.404296875000000333e-02 9.921679687500000178e-01 -1.784428710937500107e+00 4.057617187500000000e+00 -5.029296875000000000e-01 -5.371093750000000000e-02 3.559570312500000000e+00 1.411132812500000000e+00
1.572949218749999933e-01 5.773925781250000000e-01 8.901367187500000000e-01 5.529296875000000444e-02 1.048417968750000151e+00 -1.315866210937500114e+00 -3.754882812500000000e+00 -2.690429687500000000e+00 -9.912109375000000000e-01 -4.877929687500000000e+00 1.598632812500000000e+00
3.472949218749999956e-01 8.273925781250000000e-01 7.101367187500000622e-01 3.529296875000000056e-02 9.484179687500000622e-01 -4.828662109375001510e-01 1.245117187500000000e+00 2.309570312500000000e+00 4.008789062500000000e+00 1.220703125000000000e-01 5.986328125000000000e-01
4.422949218750000244e-01 7.023925781250000000e-01 6.201367187499999822e-01 6.529296875000001332e-02 8.984179687500000178e-01 -1.732366210937499984e+00 3.745117187500000000e+00 -1.904296875000000000e-01 -3.491210937500000000e+00 2.622070312500000000e+00 1.098632812500000000e+00
2.522949218750000222e-01 9.523925781250000000e-01 8.001367187500000311e-01 4.529296875000000250e-02 9.984179687500001066e-01 -8.993662109375000213e-01 -1.254882812500000000e+00 4.809570312500000000e+00 1.508789062500000000e+00 -2.377929687500000000e+00 9.863281250000000000e-02
2.997949218750000089e-01 6.398925781250000000e-01 6.651367187500000222e-01 5.029296875000000000e-02 8.734179687499999956e-01 -1.107616210937500068e+00 -2.504882812500000000e+00 1.059570312500000000e+00 -2.241210937500000000e+00 3.872070312500000000e+00 1.348632812500000000e+00
4.897949218750000111e-01 8.898925781250000000e-01 8.451367187500000711e-01 3.029296874999999958e-02 9.734179687499999734e-01 -1.940616210937500030e+00 2.495117187500000000e+00 -3.940429687500000000e+00 2.758789062500000000e+00 -1.127929687500000000e+00 3.486328125000000000e-01
3.947949218749999822e-01 5.148925781250000000e-01 7.551367187499999911e-01 6.029296875000000888e-02 1.023417968750000018e+00 -6.911162109374999751e-01 4.995117187500000000e+00 3.559570312500000000e+00 -4.741210937500000000e+00 -3.627929687500000000e+00 1.848632812500000000e+00
2.047949218749999800e-01 7.648925781250000000e-01 5.751367187500000533e-01 4.029296875000000500e-02 9.234179687500000400e-01 -1.524116210937500160e+00 -4.882812500000000000e-03 -1.440429687500000000e+00 2.587890625000000000e-01 1.372070312500000000e+00 8.486328125000000000e-01
1.810449218749999867e-01 7.336425781250000000e-01 7.776367187500000666e-01 3.279296874999999833e-02 9.609179687500000178e-01 -1.419991210937499915e+00 -4.379882812500000000e+00 2.934570312500000000e+00 -1.616210937500000000e+00 -4.252929687500000000e+00 9.736328125000000000e-01
3.710449218749999889e-01 9.836425781250000000e-01 5.976367187500000178e-01 5.279296875000000222e-02 1.060917968750000107e+00 -5.869912109375001741e-01 6.201171875000000000e-01 -2.065429687500000000e+00 3.383789062500000000e+00 7.470703125000000000e-01 1.973632812500000000e+00
4.660449218750000178e-01 6.086425781250000000e-01 6.876367187500000977e-01 4.279296875000000028e-02 1.010917968750000062e+00 -1.836491210937500007e+00 3.120117187500000000e+00 4.345703125000000000e-01 -4.116210937500000000e+00 3.247070312500000000e+00 4.736328125000000000e-01
2.760449218749999600e-01 8.586425781250000000e-01 8.676367187500000355e-01 6.279296875000001110e-02 9.109179687499999734e-01 -1.003491210937500044e+00 -1.879882812500000000e+00 -4.565429687500000000e+00 8.837890625000000000e-01 -1.752929687500000000e+00 1.473632812500000000e+00
2.285449218750000011e-01 5.461425781250000000e-01 5.526367187500000888e-01 3.779296875000000278e-02 9.859179687500000400e-01 -7.952412109374999982e-01 -3.129882812500000000e+00 -8.154296875000000000e-01 -3.662109375000000000e-01 4.497070312500000000e+00 2.236328125000000000e-01
4.185449218749999756e-01 7.961425781250000000e-01 7.326367187500000266e-01 5.779296875000000666e-02 8.859179687499999512e-01 -1.628241210937499961e+00 1.870117187500000000e+00 4.184570312500000000e+00 4.633789062500000000e+00 -5.029296875000000000e-01 1.223632812500000000e+00
3.235449218750000022e-01 6.711425781250000000e-01 8.226367187500001066e-01 4.779296874999999778e-02 9.359179687499999956e-01 -3.787412109375001279e-01 4.370117187500000000e+00 -3.315429687500000000e+00 -2.866210937500000000e+00 -3.002929687500000000e+00 7.236328125000000000e-01
1.335449218750000000e-01 9.211425781250000000e-01 6.426367187500000577e-01 6.779296875000001554e-02 1.035917968749999973e+00 -1.211741210937500091e+00 -6.298828125000000000e-01 1.684570312500000000e+00 2.133789062500000000e+00 1.997070312500000000e+00 1.723632812500000000e+00
1.394824218749999845e-01 5.539550781250000000e-01 8.057617187500000222e-01 4.466796875000000194e-02 8.890429687499999956e-01 -1.029522460937499995e+00 3.276367187500000000e+00 -1.909179687500000000e+00 -2.709960937500000000e+00 -9.716796875000000000e-01 1.129882812500000000e+00
3.294824218749999867e-01 8.039550781250000000e-01 6.257617187500000844e-01 6.466796874999999889e-02 9.890429687499999734e-01 -1.862522460937499957e+00 -1.723632812500000000e+00 3.090820312500000000e+00 2.290039062500000000e+00 4.028320312500000000e+00 1.298828125000000000e-01
4.244824218750000155e-01 6.789550781250000000e-01 7.157617187500000533e-01 3.466796875000000000e-02 1.039042968750000018e+00 -6.130224609375001243e-01 -4.223632812500000000e+00 -4.409179687500000000e+00 -2.099609375000000000e-01 1.528320312500000000e+00 1.629882812500000000e+00
2.344824218750000133e-01 9.289550781250000000e-01 8.957617187499999911e-01 5.466796875000000389e-02 9.390429687500000400e-01 -1.446022460937499865e+00 7.763671875000000000e-01 5.908203125000000000e-01 4.790039062500000000e+00 -3.471679687500000000e+00 6.298828125000000000e-01
2.819824218750000000e-01 7.414550781250000000e-01 5.807617187500000444e-01 4.966796874999999944e-02 1.064042968750000151e+00 -1.237772460937500041e+00 4.526367187500000000e+00 4.340820312500000000e+00 -3.959960937500000000e+00 2.783203125000000000e-01 1.879882812500000000e+00
4.719824218750000022e-01 9.914550781250000000e-01 7.607617187499999822e-01 6.966796875000000333e-02 9.640429687500000622e-01 -4.047724609375000782e-01 -4.736328125000000000e-01 -6.591796875000000000e-01 1.040039062500000000e+00 -4.721679687500000000e+00 8.798828125000000000e-01
3.769824218749999734e-01 6.164550781250000000e-01 8.507617187500000622e-01 3.966796875000000444e-02 9.140429687500000178e-01 -1.654272460937499911e+00 -2.973632812500000000e+00 1.840820312500000000e+00 -1.459960937500000000e+00 -2.221679687500000000e+00 1.379882812500000000e+00
1.869824218749999989e-01 8.664550781250000000e-01 6.707617187500000133e-01 5.966796875000000833e-02 1.014042968750000107e+00 -8.212724609374999485e-01 2.026367187500000000e+00 -3.159179687500000000e+00 3.540039062500000000e+00 2.778320312500000000e+00 3.798828125000000000e-01
2.107324218749999922e-01 6.477050781250000000e-01 8.732617187500000266e-01 6.716796875000000111e-02 9.765429687500000178e-01 -9.253974609374999716e-01 2.651367187500000000e+00 2.465820312500000000e+00 -4.584960937500000000e+00 -3.466796875000000000e-01 2.548828125000000000e-01
4.007324218750000222e-01 8.977050781250000000e-01 6.932617187500000888e-01 4.716796874999999722e-02 8.765429687500000400e-01 -1.758397460937499934e+00 -2.348632812500000000e+00 -2.534179687500000000e+00 4.150390625000000000e-01 4.653320312500000000e+00 1.254882812500000000e+00
4.957324218749999956e-01 5.227050781250000000e-01 6.032617187500000089e-01 5.716796875000000611e-02 9.265429687499999734e-01 -5.088974609375001013e-01 -4.848632812500000000e+00 4.965820312500000000e+00 -2.084960937500000000e+00 2.153320312500000000e+00 7.548828125000000000e-01
3.057324218749999933e-01 7.727050781250000000e-01 7.832617187500000577e-01 3.716796875000000222e-02 1.026542968750000062e+00 -1.341897460937500064e+00 1.513671875000000000e-01 -3.417968750000000000e-02 2.915039062500000000e+00 -2.846679687500000000e+00 1.754882812500000000e+00
2.582324218750000067e-01 5.852050781250000000e-01 6.482617187500000488e-01 6.216796875000000361e-02 9.515429687499999956e-01 -1.550147460937500110e+00 3.901367187500000000e+00 -3.784179687500000000e+00 -3.334960937500000000e+00 9.033203125000000000e-01 5.048828125000000000e-01
4.482324218750000089e-01 8.352050781250000000e-01 8.282617187500000977e-01 4.216796874999999972e-02 1.051542968749999973e+00 -7.171474609375001474e-01 -1.098632812500000000e+00 1.215820312500000000e+00 1.665039062500000000e+00 -4.096679687500000000e+00 1.504882812500000000e+00
3.532324218750000355e-01 7.102050781250000000e-01 7.382617187500000178e-01 5.216796875000000167e-02 1.001542968749999929e+00 -1.966647460937499980e+00 -3.598632812500000000e+00 -1.284179687500000000e+00 -8.349609375000000000e-01 -1.596679687500000000e+00 4.882812500000000000e-03
1.632324218750000056e-01 9.602050781250000000e-01 5.582617187500000799e-01 3.216796874999999778e-02 9.015429687500000622e-01 -1.133647460937500018e+00 1.401367187500000000e+00 3.715820312500000000e+00 4.165039062500000000e+00 3.403320312500000000e+00 1.004882812500000000e+00
1.513574218750000089e-01 6.945800781250000000e-01 7.045117187500000711e-01 3.841796875000000333e-02 9.327929687500000622e-01 -6.650849609375000249e-01 -1.411132812500000000e+00 9.033203125000000000e-01 4.477539062500000000e+00 -4.409179687500000000e+00 1.942382812500000000e+00
3.413574218750000111e-01 9.445800781250000000e-01 8.845117187500000089e-01 5.841796875000000722e-02 1.032792968749999929e+00 -1.498084960937499988e+00 3.588867187500000000e+00 -4.096679687500000000e+00 -5.224609375000000000e-01 5.908203125000000000e-01 9.423828125000000000e-01
4.363574218749999845e-01 5.695800781250000000e-01 7.945117187500000400e-01 4.841796874999999833e-02 9.827929687499999956e-01 -1.081584960937500117e+00 1.088867187500000000e+00 3.403320312500000000e+00 1.977539062500000000e+00 3.090820312500000000e+00 1.442382812500000000e+00
2.463574218750000100e-01 8.195800781250000000e-01 6.145117187499999911e-01 6.841796875000000222e-02 8.827929687500000178e-01 -1.914584960937500080e+00 -3.911132812500000000e+00 -1.596679687500000000e+00 -3.022460937500000000e+00 -1.909179687500000000e+00 4.423828125000000000e-01
2.938574218749999689e-01 5.070800781250000000e-01 8.395117187500000799e-01 3.341796874999999889e-02 1.007792968750000018e+00 -1.706334960937500034e+00 -1.611328125000000000e-01 -2.846679687500000000e+00 3.227539062500000000e+00 4.340820312500000000e+00 1.192382812500000000e+00
4.838574218750000266e-01 7.570800781250000000e-01 6.595117187500000311e-01 5.341796875000000278e-02 9.077929687500000400e-01 -8.733349609375000711e-01 4.838867187500000000e+00 2.153320312500000000e+00 -1.772460937500000000e+00 -6.591796875000000000e-01 1.923828125000000000e-01
3.888574218749999978e-01 6.320800781250000000e-01 5.695117187500000622e-01 4.341796875000000083e-02 9.577929687499999734e-01 -1.289834960937500163e+00 2.338867187500000000e+00 -3.466796875000000000e-01 7.275390625000000000e-01 -3.159179687500000000e+00 1.692382812500000000e+00
1.988574218749999956e-01 8.820800781250000000e-01 7.495117187500000000e-01 6.341796874999999778e-02 1.057792968750000062e+00 -4.568349609374999787e-01 -2.661132812500000000e+00 4.653320312500000000e+00 -4.272460937500000000e+00 1.840820312500000000e+00 6.923828125000000000e-01
1.751074218750000022e-01 6.008300781250000000e-01 6.370117187500000666e-01 5.091796875000000056e-02 1.020292968749999973e+00 -3.527099609375001776e-01 -2.036132812500000000e+00 -9.716796875000000000e-01 2.602539062500000000e+00 -3.784179687500000000e+00 5.673828125000000000e-01
3.651074218750000044e-01 8.508300781250000000e-01 8.170117187500001155e-01 3.091796875000000014e-02 9.202929687499999956e-01 -1.185709960937499918e+00 2.963867187500000000e+00 4.028320312500000000e+00 -2.397460937500000000e+00 1.215820312500000000e+00 1.567382812500000000e+00
4.601074218749999778e-01 7.258300781250000000e-01 9.070117187499999734e-01 6.091796875000000944e-02 8.702929687499999512e-01 -7.692099609375000480e-01 4.638671875000000000e-01 -3.471679687500000000e+00 1.025390625000000000e-01 3.715820312500000000e+00 6.738281250000000000e-02
2.701074218750000311e-01 9.758300781250000000e-01 7.270117187500000355e-01 4.091796874999999861e-02 9.702929687500000400e-01 -1.602209960937500011e+00 -4.536132812500000000e+00 1.528320312500000000e+00 -4.897460937500000000e+00 -1.284179687500000000e+00 1.067382812500000000e+00
2.226074218749999889e-01 6.633300781250000000e-01 7.720117187500000755e-01 5.591796875000000500e-02 8.952929687499999734e-01 -1.810459960937500057e+00 -7.861328125000000000e-01 2.778320312500000000e+00 3.852539062500000000e+00 4.965820312500000000e+00 3.173828125000000000e-01
4.126074218749999911e-01 9.133300781250000000e-01 5.920117187500000266e-01 3.591796875000000111e-02 9.952929687500000622e-01 -9.774599609375000941e-01 4.213867187500000000e+00 -2.221679687500000000e+00 -1.147460937500000000e+00 -3.417968750000000000e-02 1.317382812500000000e+00
3.176074218750000178e-01 5.383300781250000000e-01 6.820117187500001066e-01 6.591796875000000000e-02 1.045292968750000107e+00 -1.393959960937499964e+00 1.713867187500000000e+00 2.783203125000000000e-01 1.352539062500000000e+00 -2.534179687500000000e+00 8.173828125000000000e-01
1.276074218749999878e-01 7.883300781250000000e-01 8.620117187500000444e-01 4.591796875000000305e-02 9.452929687500000178e-01 -5.609599609375000018e-01 -3.286132812500000000e+00 -4.721679687500000000e+00 -3.647460937500000000e+00 2.465820312500000000e+00 1.817382812500000000e+00
1.305761718750000078e-01 6.125488281250000000e-01 6.791992187500000000e-01 3.123046875000000042e-02 9.906054687499999956e-01 -4.438193359375000036e-01 4.448242187500000000e+00 -1.831054687500000000e+00 6.494140625000000000e-01 -2.924804687500000000e+00 8.300781250000000000e-02
3.205761718749999822e-01 8.625488281250000000e-01 8.591992187500000488e-01 5.123046875000000777e-02 8.906054687500000178e-01 -1.276819335937500188e+00 -5.517578125000000000e-01 3.168945312500000000e+00 -4.350585937500000000e+00 2.075195312500000000e+00 1.083007812500000000e+00
4.155761718750000111e-01 7.375488281250000000e-01 7.691992187500000799e-01 4.123046874999999889e-02 9.406054687500000622e-01 -8.603193359375000959e-01 -3.051757812500000000e+00 -4.331054687500000000e+00 3.149414062500000000e+00 4.575195312500000000e+00 5.830078125000000000e-01
2.255761718750000089e-01 9.875488281250000000e-01 5.891992187500000311e-01 6.123046875000000278e-02 1.040605468749999929e+00 -1.693319335937500059e+00 1.948242187500000000e+00 6.689453125000000000e-01 -1.850585937500000000e+00 -4.248046875000000000e-01 1.583007812500000000e+00
2.730761718749999956e-01 6.750488281250000000e-01 9.041992187500000888e-01 3.623046875000000139e-02 9.656054687499999734e-01 -1.901569335937500105e+00 3.198242187500000000e+00 4.418945312500000000e+00 1.899414062500000000e+00 3.325195312500000000e+00 8.330078125000000000e-01
4.630761718749999978e-01 9.250488281250000000e-01 7.241992187500000400e-01 5.623046875000000527e-02 1.065605468750000062e+00 -1.068569335937500142e+00 -1.801757812500000000e+00 -5.810546875000000000e-01 -3.100585937500000000e+00 -1.674804687500000000e+00 1.833007812500000000e+00
3.680761718749999689e-01 5.500488281250000000e-01 6.341992187500000711e-01 4.623046875000000333e-02 1.015605468750000018e+00 -1.485069335937500012e+00 -4.301757812500000000e+00 1.918945312500000000e+00 4.399414062500000000e+00 -4.174804687500000000e+00 3.330078125000000000e-01
1.780761718749999944e-01 8.000488281250000000e-01 8.141992187500000089e-01 6.623046875000000722e-02 9.156054687500000400e-01 -6.520693359375000497e-01 6.982421875000000000e-01 -3.081054687500000000e+00 -6.005859375000000000e-01 8.251953125000000000e-01 1.333007812500000000e+00
2.018261718750000155e-01 7.062988281250000000e-01 5.666992187500000666e-01 5.873046875000000056e-02 8.781054687499999512e-01 -5.479443359375000266e-01 3.823242187500000000e+00 1.293945312500000000e+00 1.274414062500000000e+00 -3.549804687500000000e+00 1.458007812500000000e+00
3.918261718750000178e-01 9.562988281250000000e-01 7.466992187500000044e-01 3.873046874999999667e-02 9.781054687500000400e-01 -1.380944335937499989e+00 -1.176757812500000000e+00 -3.706054687500000000e+00 -3.725585937500000000e+00 1.450195312500000000e+00 4.580078125000000000e-01
4.868261718749999911e-01 5.812988281250000000e-01 8.366992187499999734e-01 6.873046875000000944e-02 1.028105468749999973e+00 -9.644443359375001190e-01 -3.676757812500000000e+00 3.793945312500000000e+00 3.774414062500000000e+00 3.950195312500000000e+00 1.958007812500000000e+00
2.968261718749999889e-01 8.312988281250000000e-01 6.566992187500000355e-01 4.873046875000000555e-02 9.281054687499999956e-01 -1.797444335937500082e+00 1.323242187500000000e+00 -1.206054687500000000e+00 -1.225585937500000000e+00 -1.049804687500000000e+00 9.580078125000000000e-01
2.493261718750000022e-01 5.187988281250000000e-01 7.916992187500000444e-01 5.373046875000000305e-02 1.053105468750000107e+00 -1.589194335937500036e+00 2.573242187500000000e+00 -4.956054687500000000e+00 2.441406250000000000e-02 2.700195312500000000e+00 1.708007812500000000e+00
4.393261718750000044e-01 7.687988281250000000e-01 6.116992187499999956e-01 3.373046874999999917e-02 9.531054687500000178e-01 -7.561943359375000728e-01 -2.426757812500000000e+00 4.394531250000000000e-02 -4.975585937500000000e+00 -2.299804687500000000e+00 7.080078125000000000e-01
3.443261718750000311e-01 6.437988281250000000e-01 7.016992187500000755e-01 6.373046875000000500e-02 9.031054687499999734e-01 -1.172694335937499943e+00 -4.926757812500000000e+00 -2.456054687500000000e+00 2.524414062500000000e+00 -4.799804687500000000e+00 1.208007812500000000e+00
1.543261718750000011e-01 8.937988281250000000e-01 8.816992187500000133e-01 4.373046875000000111e-02 1.003105468750000062e+00 -3.396943359374999805e-01 7.324218750000000000e-02 2.543945312500000000e+00 -2.475585937500000000e+00 2.001953125000000000e-01 2.080078125000000000e-01
1.662011718749999978e-01 6.281738281250000000e-01 7.354492187500000222e-01 4.748046875000000444e-02 1.034355468750000062e+00 -8.082568359374999734e-01 -2.392578125000000000e-01 3.564453125000000000e-01 -1.538085937500000000e+00 -1.362304687500000000e+00 7.705078125000000000e-01
3.562011718750000000e-01 8.781738281250000000e-01 5.554492187500000844e-01 6.748046875000000833e-02 9.343554687499999734e-01 -1.641256835937499936e+00 4.760742187500000000e+00 -4.643554687500000000e+00 3.461914062500000000e+00 3.637695312500000000e+00 1.770507812500000000e+00
4.512011718749999734e-01 5.031738281250000000e-01 6.454492187500000533e-01 3.748046875000000250e-02 8.843554687500000400e-01 -3.917568359375001030e-01 2.260742187500000000e+00 2.856445312500000000e+00 -4.038085937500000000e+00 1.137695312500000000e+00 2.705078125000000000e-01
2.612011718750000266e-01 7.531738281250000000e-01 8.254492187499999911e-01 5.748046874999999944e-02 9.843554687500000178e-01 -1.224756835937500066e+00 -2.739257812500000000e+00 -2.143554687500000000e+00 9.619140625000000000e-01 -3.862304687500000000e+00 1.270507812500000000e+00
3.087011718750000133e-01 5.656738281250000000e-01 6.004492187500000133e-01 4.248046875000000000e-02 9.093554687500000622e-01 -1.433006835937499890e+00 -1.489257812500000000e+00 -3.393554687500000000e+00 -2.880859375000000000e-01 2.387695312500000000e+00 2.050781250000000000e-02
4.987011718750000155e-01 8.156738281250000000e-01 7.804492187500000622e-01 6.248046875000000389e-02 1.009355468749999929e+00 -6.000068359375001492e-01 3.510742187500000000e+00 1.606445312500000000e+00 4.711914062500000000e+00 -2.612304687500000000e+00 1.020507812500000000e+00
4.037011718749999867e-01 6.906738281250000000e-01 8.704492187500000311e-01 3.248046874999999806e-02 1.059355468749999973e+00 -1.849506835937499982e+00 1.010742187500000000e+00 -8.935546875000000000e-01 -2.788085937500000000e+00 -1.123046875000000000e-01 5.205078125000000000e-01
2.137011718749999845e-01 9.406738281250000000e-01 6.904492187499999822e-01 5.248046875000000194e-02 9.593554687499999956e-01 -1.016506835937500020e+00 -3.989257812500000000e+00 4.106445312500000000e+00 2.211914062500000000e+00 4.887695312500000000e+00 1.520507812500000000e+00
1.899511718749999911e-01 5.344238281250000000e-01 8.479492187499999556e-01 6.498046875000000611e-02 9.218554687500000178e-01 -1.120631835937500043e+00 -8.642578125000000000e-01 -2.685546875000000000e-01 -9.130859375000000000e-01 -1.987304687500000000e+00 1.645507812500000000e+00
3.799511718749999933e-01 7.844238281250000000e-01 6.679492187500000178e-01 4.498046875000000222e-02 1.021855468750000107e+00 -1.953631835937500005e+00 4.135742187500000000e+00 4.731445312500000000e+00 4.086914062500000000e+00 3.012695312500000000e+00 6.455078125000000000e-01
4.749511718750000222e-01 6.594238281250000000e-01 5.779492187500000488e-01 5.498046875000000416e-02 9.718554687500000622e-01 -7.041318359374999503e-01 1.635742187500000000e+00 -2.768554687500000000e+00 -3.413085937500000000e+00 5.126953125000000000e-01 1.145507812500000000e+00
2.849511718749999645e-01 9.094238281250000000e-01 7.579492187500000977e-01 3.498046875000000028e-02 8.718554687499999734e-01 -1.537131835937500135e+00 -3.364257812500000000e+00 2.231445312500000000e+00 1.586914062500000000e+00 -4.487304687500000000e+00 1.455078125000000000e-01
2.374511718749999778e-01 7.219238281250000000e-01 7.129492187500000577e-01 6.998046874999999667e-02 9.968554687499999734e-01 -1.328881835937500089e+00 -2.114257812500000000e+00 3.481445312500000000e+00 -2.163085937500000000e+00 1.762695312500000000e+00 1.395507812500000000e+00
4.274511718749999800e-01 9.719238281250000000e-01 8.929492187500001066e-01 4.998046875000000666e-02 8.968554687499999956e-01 -4.958818359375001261e-01 2.885742187500000000e+00 -1.518554687500000000e+00 2.836914062500000000e+00 -3.237304687500000000e+00 3.955078125000000000e-01
3.324511718750000067e-01 5.969238281250000000e-01 8.029492187500000266e-01 5.998046875000000167e-02 9.468554687500000400e-01 -1.745381835937499959e+00 3.857421875000000000e-01 9.814453125000000000e-01 -4.663085937500000000e+00 -7.373046875000000000e-01 1.895507812500000000e+00
1.424511718750000044e-01 8.469238281250000000e-01 6.229492187500000888e-01 3.998046874999999778e-02 1.046855468750000018e+00 -9.123818359374999964e-01 -4.614257812500000000e+00 -4.018554687500000000e+00 3.369140625000000000e-01 4.262695312500000000e+00 8.955078125000000000e-01
1.365136718749999922e-01 7.453613281250000000e-01 8.310742187499999822e-01 5.310546875000000250e-02 9.062304687500000178e-01 -1.511100585937499963e+00 2.104492187500000000e+00 4.887695312500000000e+00 -4.819335937500000000e+00 -2.768554687500000000e+00 4.892578125000000000e-01
3.265136718750000222e-01 9.953613281250000000e-01 6.510742187500000444e-01 3.310546874999999861e-02 1.006230468750000107e+00 -6.781005859375000000e-01 -2.895507812500000000e+00 -1.123046875000000000e-01 1.806640625000000000e-01 2.231445312500000000e+00 1.489257812500000000e+00
4.215136718749999956e-01 6.203613281250000000e-01 5.610742187500000755e-01 6.310546875000000444e-02 1.056230468750000151e+00 -1.927600585937500055e+00 -3.955078125000000000e-01 2.387695312500000000e+00 -2.319335937500000000e+00 4.731445312500000000e+00 9.892578125000000000e-01
2.315136718749999933e-01 8.703613281250000000e-01 7.410742187500000133e-01 4.310546875000000056e-02 9.562304687500000622e-01 -1.094600585937500092e+00 4.604492187500000000e+00 -2.612304687500000000e+00 2.680664062500000000e+00 -2.685546875000000000e-01 1.989257812500000000e+00
2.790136718750000355e-01 5.578613281250000000e-01 6.960742187499999734e-01 5.810546875000000000e-02 1.031230468750000018e+00 -8.863505859375000462e-01 8.544921875000000000e-01 -1.362304687500000000e+00 -3.569335937500000000e+00 3.481445312500000000e+00 7.392578125000000000e-01
4.690136718749999822e-01 8.078613281250000000e-01 8.760742187500000222e-01 3.810546875000000305e-02 9.312304687500000400e-01 -1.719350585937500009e+00 -4.145507812500000000e+00 3.637695312500000000e+00 1.430664062500000000e+00 -1.518554687500000000e+00 1.739257812500000000e+00
3.740136718750000089e-01 6.828613281250000000e-01 7.860742187500000533e-01 6.810546875000000888e-02 8.812304687499999956e-01 -4.698505859375001759e-01 -1.645507812500000000e+00 -3.862304687500000000e+00 -1.069335937500000000e+00 -4.018554687500000000e+00 2.392578125000000000e-01
1.840136718750000067e-01 9.328613281250000000e-01 6.060742187500000044e-01 4.810546875000000500e-02 9.812304687499999734e-01 -1.302850585937500139e+00 3.354492187500000000e+00 1.137695312500000000e+00 3.930664062500000000e+00 9.814453125000000000e-01 1.239257812500000000e+00
2.077636718750000000e-01 5.891113281250000000e-01 7.635742187500000888e-01 3.560546875000000083e-02 1.018730468750000062e+00 -1.198725585937499893e+00 1.479492187500000000e+00 -4.487304687500000000e+00 -2.944335937500000000e+00 -3.393554687500000000e+00 1.114257812500000000e+00
3.977636718750000022e-01 8.391113281250000000e-01 5.835742187500000400e-01 5.560546875000000472e-02 9.187304687499999734e-01 -3.657255859375001528e-01 -3.520507812500000000e+00 5.126953125000000000e-01 2.055664062500000000e+00 1.606445312500000000e+00 1.142578125000000000e-01
4.927636718749999756e-01 7.141113281250000000e-01 6.735742187500000089e-01 4.560546875000000278e-02 9.687304687500000178e-01 -1.615225585937499986e+00 -1.020507812500000000e+00 -1.987304687500000000e+00 -4.443359375000000000e-01 4.106445312500000000e+00 1.614257812500000000e+00
3.027636718749999734e-01 9.641113281250000000e-01 8.535742187500000577e-01 6.560546875000000666e-02 1.068730468750000107e+00 -7.822255859375000231e-01 3.979492187500000000e+00 3.012695312500000000e+00 4.555664062500000000e+00 -8.935546875000000000e-01 6.142578125000000000e-01
2.552636718749999867e-01 6.516113281250000000e-01 6.285742187500000799e-01 3.060546874999999986e-02 9.437304687499999956e-01 -9.904755859375000693e-01 2.294921875000000000e-01 1.762695312500000000e+00 -4.194335937500000000e+00 2.856445312500000000e+00 1.864257812500000000e+00
4.452636718749999889e-01 9.016113281250000000e-01 8.085742187500000178e-01 5.060546875000000722e-02 1.043730468749999973e+00 -1.823475585937500032e+00 -4.770507812500000000e+00 -3.237304687500000000e+00 8.056640625000000000e-01 -2.143554687500000000e+00 8.642578125000000000e-01
3.502636718749999600e-01 5.266113281250000000e-01 8.985742187500000977e-01 4.060546874999999833e-02 9.937304687500000400e-01 -5.739755859374999769e-01 -2.270507812500000000e+00 4.262695312500000000e+00 -1.694335937500000000e+00 -4.643554687500000000e+00 1.364257812500000000e+00
1.602636718750000133e-01 7.766113281250000000e-01 7.185742187500000488e-01 6.060546875000000222e-02 8.937304687499999512e-01 -1.406975585937499940e+00 2.729492187500000000e+00 -7.373046875000000000e-01 3.305664062500000000e+00 3.564453125000000000e-01 3.642578125000000000e-01
1.483886718749999889e-01 5.109863281250000000e-01 5.948242187500000222e-01 6.935546875000000999e-02 9.499804687499999734e-01 -1.875538085937499932e+00 -2.583007812500000000e+00 -3.549804687500000000e+00 2.993164062500000000e+00 -1.831054687500000000e+00 6.767578125000000000e-01
3.383886718749999911e-01 7.609863281250000000e-01 7.748242187500000711e-01 4.935546875000000611e-02 1.049980468750000062e+00 -1.042538085937500192e+00 2.416992187500000000e+00 1.450195312500000000e+00 -2.006835937500000000e+00 3.168945312500000000e+00 1.676757812500000000e+00
4.333886718750000200e-01 6.359863281250000000e-01 8.648242187500000400e-01 5.935546875000000111e-02 9.999804687500000178e-01 -1.459038085937500062e+00 4.916992187500000000e+00 -1.049804687500000000e+00 4.931640625000000000e-01 6.689453125000000000e-01 1.767578125000000000e-01
2.433886718750000178e-01 8.859863281250000000e-01 6.848242187499999911e-01 3.935546874999999722e-02 8.999804687500000400e-01 -6.260380859375000995e-01 -8.300781250000000000e-02 3.950195312500000000e+00 -4.506835937500000000e+00 -4.331054687500000000e+00 1.176757812500000000e+00
2.908886718750000044e-01 6.984863281250000000e-01 8.198242187500000000e-01 6.435546875000000555e-02 9.749804687499999956e-01 -4.177880859375000533e-01 -3.833007812500000000e+00 2.001953125000000000e-01 4.243164062500000000e+00 1.918945312500000000e+00 4.267578125000000000e-01
4.808886718750000067e-01 9.484863281250000000e-01 6.398242187500000622e-01 4.435546875000000167e-02 8.749804687500000178e-01 -1.250788085937500016e+00 1.166992187500000000e+00 -4.799804687500000000e+00 -7.568359375000000000e-01 -3.081054687500000000e+00 1.426757812500000000e+00
3.858886718749999778e-01 5.734863281250000000e-01 7.298242187500000311e-01 5.435546875000000361e-02 9.249804687500000622e-01 -8.342880859375001457e-01 3.666992187500000000e+00 2.700195312500000000e+00 1.743164062500000000e+00 -5.810546875000000000e-01 9.267578125000000000e-01
1.958886718750000033e-01 8.234863281250000000e-01 9.098242187500000799e-01 3.435546874999999972e-02 1.024980468749999929e+00 -1.667288085937499886e+00 -1.333007812500000000e+00 -2.299804687500000000e+00 -3.256835937500000000e+00 4.418945312500000000e+00 1.926757812500000000e+00
1.721386718749999822e-01 6.672363281250000000e-01 6.623242187500000266e-01 4.185546874999999944e-02 1.062480468750000018e+00 -1.771413085937500131e+00 -3.208007812500000000e+00 3.325195312500000000e+00 4.868164062500000000e+00 -2.456054687500000000e+00 1.801757812500000000e+00
3.621386718750000400e-01 9.172363281250000000e-01 8.423242187499999645e-01 6.185546875000000333e-02 9.624804687500000400e-01 -9.384130859374999467e-01 1.791992187500000000e+00 -1.674804687500000000e+00 -1.318359375000000000e-01 2.543945312500000000e+00 8.017578125000000000e-01
4.571386718750000133e-01 5.422363281250000000e-01 7.523242187499999956e-01 3.185546874999999750e-02 9.124804687499999956e-01 -1.354913085937500039e+00 4.291992187500000000e+00 8.251953125000000000e-01 2.368164062500000000e+00 4.394531250000000000e-02 1.301757812500000000e+00
2.671386718750000111e-01 7.922363281250000000e-01 5.723242187500000577e-01 5.185546875000000833e-02 1.012480468749999973e+00 -5.219130859375000764e-01 -7.080078125000000000e-01 -4.174804687500000000e+00 -2.631835937500000000e+00 -4.956054687500000000e+00 3.017578125000000000e-01
2.196386718749999967e-01 6.047363281250000000e-01 8.873242187500000044e-01 4.685546875000000389e-02 8.874804687499999734e-01 -7.301630859375001226e-01 -4.458007812500000000e+00 -4.248046875000000000e-01 3.618164062500000000e+00 1.293945312500000000e+00 1.051757812500000000e+00
4.096386718750000266e-01 8.547363281250000000e-01 7.073242187500000666e-01 6.685546875000000777e-02 9.874804687500000622e-01 -1.563163085937500085e+00 5.419921875000000000e-01 4.575195312500000000e+00 -1.381835937500000000e+00 -3.706054687500000000e+00 5.175781250000000000e-02
3.146386718749999978e-01 7.297363281250000000e-01 6.173242187500000977e-01 3.685546875000000194e-02 1.037480468750000107e+00 -1.146663085937499993e+00 3.041992187500000000e+00 -2.924804687500000000e+00 1.118164062500000000e+00 -1.206054687500000000e+00 1.551757812500000000e+00
1.246386718749999956e-01 9.797363281250000000e-01 7.973242187500000355e-01 5.685546875000000583e-02 9.374804687500000178e-01 -1.979663085937499956e+00 -1.958007812500000000e+00 2.075195312500000000e+00 -3.881835937500000000e+00 3.793945312500000000e+00 5.517578125000000000e-01
1.231542968749999994e-01 5.207519531250000000e-01 8.662304687499999822e-01 3.888671875000000028e-02 1.041386718750000107e+00 -1.413483398437500149e+00 3.784179687500000000e+00 1.176757812500000000e+00 -4.155273437500000000e+00 4.692382812500000000e+00 4.189453125000000000e-01
3.131542968749999600e-01 7.707519531250000000e-01 6.862304687500000444e-01 5.888671875000000416e-02 9.413867187500000178e-01 -5.804833984374999645e-01 -1.215820312500000000e+00 -3.823242187500000000e+00 8.447265625000000000e-01 -3.076171875000000000e-01 1.418945312500000000e+00
4.081542968749999889e-01 6.457519531250000000e-01 5.962304687500000755e-01 4.888671875000000222e-02 8.913867187499999734e-01 -1.829983398437500020e+00 -3.715820312500000000e+00 3.676757812500000000e+00 -1.655273437500000000e+00 -2.807617187500000000e+00 9.189453125000000000e-01
2.181542968749999867e-01 8.957519531250000000e-01 7.762304687500000133e-01 6.888671875000000611e-02 9.913867187500000622e-01 -9.969833984375000568e-01 1.284179687500000000e+00 -1.323242187500000000e+00 3.344726562500000000e+00 2.192382812500000000e+00 1.918945312500000000e+00
2.656542968749999734e-01 7.082519531250000000e-01 6.412304687500000044e-01 3.388671875000000278e-02 9.163867187499999956e-01 -7.887333984375000107e-01 2.534179687500000000e+00 -2.573242187500000000e+00 -2.905273437500000000e+00 -4.057617187500000000e+00 6.689453125000000000e-01
4.556542968749999756e-01 9.582519531250000000e-01 8.212304687500000533e-01 5.388671875000000666e-02 1.016386718749999973e+00 -1.621733398437499973e+00 -2.465820312500000000e+00 2.426757812500000000e+00 2.094726562500000000e+00 9.423828125000000000e-01 1.668945312500000000e+00
3.606542968750000022e-01 5.832519531250000000e-01 7.312304687499999734e-01 4.388671874999999778e-02 1.066386718750000018e+00 -3.722333984375001403e-01 -4.965820312500000000e+00 -7.324218750000000000e-02 -4.052734375000000000e-01 3.442382812500000000e+00 1.689453125000000000e-01
1.706542968750000000e-01 8.332519531250000000e-01 5.512304687500000355e-01 6.388671875000001554e-02 9.663867187500000400e-01 -1.205233398437500103e+00 3.417968750000000000e-02 4.926757812500000000e+00 4.594726562500000000e+00 -1.557617187500000000e+00 1.168945312500000000e+00
1.944042968749999933e-01 6.770019531250000000e-01 7.987304687500000888e-01 5.138671875000000444e-02 9.288867187500000622e-01 -1.309358398437499904e+00 4.409179687500000000e+00 -6.982421875000000000e-01 -3.530273437500000000e+00 4.067382812500000000e+00 1.043945312500000000e+00
3.844042968749999956e-01 9.270019531250000000e-01 6.187304687500000400e-01 3.138671875000000056e-02 1.028886718749999929e+00 -4.763583984375001634e-01 -5.908203125000000000e-01 4.301757812500000000e+00 1.469726562500000000e+00 -9.326171875000000000e-01 4.394531250000000000e-02
4.794042968750000244e-01 5.520019531250000000e-01 7.087304687500000089e-01 6.138671875000000638e-02 9.788867187499999956e-01 -1.725858398437499996e+00 -3.090820312500000000e+00 -3.198242187500000000e+00 -1.030273437500000000e+00 -3.432617187500000000e+00 1.543945312500000000e+00
2.894042968750000222e-01 8.020019531250000000e-01 8.887304687500000577e-01 4.138671875000000250e-02 8.788867187500000178e-01 -8.928583984375000338e-01 1.909179687500000000e+00 1.801757812500000000e+00 3.969726562500000000e+00 1.567382812500000000e+00 5.439453125000000000e-01
2.419042968749999800e-01 6.145019531250000000e-01 5.737304687500000000e-01 5.638671875000000888e-02 1.003886718750000018e+00 -1.101108398437500080e+00 3.159179687500000000e+00 3.051757812500000000e+00 -4.780273437500000000e+00 -4.682617187500000000e+00 1.793945312500000000e+00
4.319042968749999822e-01 8.645019531250000000e-01 7.537304687500000488e-01 3.638671874999999806e-02 9.038867187500000400e-01 -1.934108398437500043e+00 -1.840820312500000000e+00 -1.948242187500000000e+00 2.197265625000000000e-01 3.173828125000000000e-01 7.939453125000000000e-01
3.369042968750000089e-01 7.395019531250000000e-01 8.437304687500000178e-01 6.638671875000000389e-02 9.538867187499999734e-01 -6.846083984374999876e-01 -4.340820312500000000e+00 5.517578125000000000e-01 -2.280273437500000000e+00 2.817382812500000000e+00 1.293945312500000000e+00
1.469042968750000067e-01 9.895019531250000000e-01 6.637304687500000799e-01 4.638671875000000000e-02 1.053886718750000062e+00 -1.517608398437499950e+00 6.591796875000000000e-01 -4.448242187500000000e+00 2.719726562500000000e+00 -2.182617187500000000e+00 2.939453125000000000e-01
1.587792968750000033e-01 7.238769531250000000e-01 6.299804687500000222e-01 4.263671875000000361e-02 9.851367187499999734e-01 -1.986170898437499943e+00 -9.033203125000000000e-01 -2.260742187500000000e+00 3.657226562500000000e+00 6.298828125000000000e-01 7.314453125000000000e-01
3.487792968749999778e-01 9.738769531250000000e-01 8.099804687500000711e-01 6.263671875000001443e-02 8.851367187499999956e-01 -1.153170898437500203e+00 4.096679687500000000e+00 2.739257812500000000e+00 -1.342773437500000000e+00 -4.370117187500000000e+00 1.731445312500000000e+00
4.437792968750000067e-01 5.988769531250000000e-01 8.999804687500000400e-01 3.263671875000000167e-02 9.351367187500000400e-01 -1.569670898437500073e+00 1.596679687500000000e+00 -4.760742187500000000e+00 1.157226562500000000e+00 -1.870117187500000000e+00 2.314453125000000000e-01
2.537792968750000044e-01 8.488769531250000000e-01 7.199804687499999911e-01 5.263671875000000555e-02 1.035136718750000018e+00 -7.366708984375001101e-01 -3.403320312500000000e+00 2.392578125000000000e-01 -3.842773437500000000e+00 3.129882812500000000e+00 1.231445312500000000e+00
3.012792968749999911e-01 5.363769531250000000e-01 7.649804687500000311e-01 4.763671875000000111e-02 9.601367187500000622e-01 -5.284208984375000639e-01 -2.153320312500000000e+00 3.989257812500000000e+00 4.907226562500000000e+00 -6.201171875000000000e-01 4.814453125000000000e-01
4.912792968749999933e-01 7.863769531250000000e-01 5.849804687500000933e-01 6.763671875000000500e-02 1.060136718750000151e+00 -1.361420898437500027e+00 2.846679687500000000e+00 -1.010742187500000000e+00 -9.277343750000000000e-02 4.379882812500000000e+00 1.481445312500000000e+00
3.962792968750000200e-01 6.613769531250000000e-01 6.749804687500000622e-01 3.763671874999999917e-02 1.010136718750000107e+00 -9.449208984375001563e-01 3.466796875000000000e-01 1.489257812500000000e+00 2.407226562500000000e+00 1.879882812500000000e+00 9.814453125000000000e-01
2.062792968749999900e-01 9.113769531250000000e-01 8.549804687500000000e-01 5.763671875000000305e-02 9.101367187500000178e-01 -1.777920898437499897e+00 -4.653320312500000000e+00 -3.510742187500000000e+00 -2.592773437500000000e+00 -3.120117187500000000e+00 1.981445312500000000e+00
1.825292968749999967e-01 5.676269531250000000e-01 6.974804687500000266e-01 6.513671875000000278e-02 8.726367187500000400e-01 -1.673795898437500096e+00 -2.783203125000000000e-01 2.114257812500000000e+00 4.282226562500000000e+00 4.882812500000000000e-03 1.856445312500000000e+00
3.725292968749999711e-01 8.176269531250000000e-01 8.774804687499999645e-01 4.513671874999999889e-02 9.726367187500000178e-01 -8.407958984375001332e-01 4.721679687500000000e+00 -2.885742187500000000e+00 -7.177734375000000000e-01 -4.995117187500000000e+00 8.564453125000000000e-01
4.675292968750000000e-01 6.926269531250000000e-01 7.874804687499999956e-01 5.513671875000000777e-02 1.022636718750000062e+00 -1.257295898437500004e+00 2.221679687500000000e+00 4.614257812500000000e+00 1.782226562500000000e+00 -2.495117187500000000e+00 1.356445312500000000e+00
2.775292968749999978e-01 9.426269531250000000e-01 6.074804687500000577e-01 3.513671874999999695e-02 9.226367187499999734e-01 -4.242958984375000409e-01 -2.778320312500000000e+00 -3.857421875000000000e-01 -3.217773437500000000e+00 2.504882812500000000e+00 3.564453125000000000e-01
2.300292968750000111e-01 6.301269531250000000e-01 8.324804687500000355e-01 6.013671875000000527e-02 1.047636718749999973e+00 -6.325458984375000870e-01 -1.528320312500000000e+00 -4.135742187500000000e+00 3.032226562500000000e+00 -1.245117187500000000e+00 1.106445312500000000e+00
4.200292968750000133e-01 8.801269531250000000e-01 6.524804687500000977e-01 4.013671875000000139e-02 9.476367187499999956e-01 -1.465545898437500050e+00 3.471679687500000000e+00 8.642578125000000000e-01 -1.967773437500000000e+00 3.754882812500000000e+00 1.064453125000000000e-01
3.250292968749999845e-01 5.051269531250000000e-01 5.624804687500000178e-01 5.013671875000000333e-02 8.976367187499999512e-01 -1.049045898437499957e+00 9.716796875000000000e-01 -1.635742187500000000e+00 5.322265625000000000e-01 1.254882812500000000e+00 1.606445312500000000e+00
1.350292968749999822e-01 7.551269531250000000e-01 7.424804687500000666e-01 3.013671874999999944e-02 9.976367187500000400e-01 -1.882045898437499920e+00 -4.028320312500000000e+00 3.364257812500000000e+00 -4.467773437500000000e+00 -3.745117187500000000e+00 6.064453125000000000e-01
1.409667968749999944e-01 6.535644531250000000e-01 7.256054687499999822e-01 5.701171875000000250e-02 9.570117187500000178e-01 -3.462021484374999680e-01 1.440429687500000000e+00 -3.041992187500000000e+00 6.347656250000000000e-02 4.536132812500000000e+00 1.269531250000000000e-02
3.309667968749999689e-01 9.035644531250000000e-01 9.056054687500000311e-01 3.701171874999999861e-02 1.057011718750000107e+00 -1.179202148437500153e+00 -3.559570312500000000e+00 1.958007812500000000e+00 -4.936523437500000000e+00 -4.638671875000000000e-01 1.012695312500000000e+00
4.259667968749999978e-01 5.285644531250000000e-01 8.156054687500000622e-01 6.701171875000000444e-02 1.007011718750000062e+00 -7.627021484375000604e-01 -1.059570312500000000e+00 -5.419921875000000000e-01 2.563476562500000000e+00 -2.963867187500000000e+00 5.126953125000000000e-01
2.359667968749999956e-01 7.785644531250000000e-01 6.356054687500000133e-01 4.701171875000000056e-02 9.070117187499999734e-01 -1.595702148437500023e+00 3.940429687500000000e+00 4.458007812500000000e+00 -2.436523437500000000e+00 2.036132812500000000e+00 1.512695312500000000e+00
2.834667968749999822e-01 5.910644531250000000e-01 8.606054687499999911e-01 5.201171875000000500e-02 9.820117187500000400e-01 -1.803952148437500069e+00 1.904296875000000000e-01 7.080078125000000000e-01 1.313476562500000000e+00 -4.213867187500000000e+00 7.626953125000000000e-01
4.734667968749999845e-01 8.410644531250000000e-01 6.806054687500000533e-01 3.201171875000000111e-02 8.820117187499999512e-01 -9.709521484375001066e-01 -4.809570312500000000e+00 -4.291992187500000000e+00 -3.686523437500000000e+00 7.861328125000000000e-01 1.762695312500000000e+00
3.784667968750000111e-01 7.160644531250000000e-01 5.906054687500000844e-01 6.201171875000000694e-02 9.320117187499999956e-01 -1.387452148437499977e+00 -2.309570312500000000e+00 3.208007812500000000e+00 3.813476562500000000e+00 3.286132812500000000e+00 2.626953125000000000e-01
1.884667968750000089e-01 9.660644531250000000e-01 7.706054687500000222e-01 4.201171875000000305e-02 1.032011718749999973e+00 -5.544521484375000142e-01 2.690429687500000000e+00 -1.791992187500000000e+00 -1.186523437500000000e+00 -1.713867187500000000e+00 1.262695312500000000e+00
2.122167968750000022e-01 5.598144531250000000e-01 6.131054687500000488e-01 3.451171875000000333e-02 1.069511718750000062e+00 -6.585771484375000373e-01 2.065429687500000000e+00 2.583007812500000000e+00 1.938476562500000000e+00 3.911132812500000000e+00 1.387695312500000000e+00
4.022167968750000044e-01 8.098144531250000000e-01 7.931054687500000977e-01 5.451171875000000722e-02 9.695117187499999734e-01 -1.491577148437500000e+00 -2.934570312500000000e+00 -2.416992187500000000e+00 -3.061523437500000000e+00 -1.088867187500000000e+00 3.876953125000000000e-01
4.972167968749999778e-01 6.848144531250000000e-01 8.831054687499999556e-01 4.451171874999999833e-02 9.195117187500000400e-01 -1.075077148437499908e+00 -4.345703125000000000e-01 8.300781250000000000e-02 4.438476562500000000e+00 -3.588867187500000000e+00 1.887695312500000000e+00
3.072167968750000311e-01 9.348144531250000000e-01 7.031054687500000178e-01 6.451171875000000222e-02 1.019511718750000018e+00 -1.908077148437500092e+00 4.565429687500000000e+00 -4.916992187500000000e+00 -5.615234375000000000e-01 1.411132812500000000e+00 8.876953125000000000e-01
2.597167968749999889e-01 7.473144531250000000e-01 7.481054687500000577e-01 3.951171875000000083e-02 8.945117187500000178e-01 -1.699827148437500046e+00 8.154296875000000000e-01 -1.166992187500000000e+00 6.884765625000000000e-01 -4.838867187500000000e+00 1.637695312500000000e+00
4.497167968749999911e-01 9.973144531250000000e-01 5.681054687500000089e-01 5.951171875000000472e-02 9.945117187499999956e-01 -8.668271484375000835e-01 -4.184570312500000000e+00 3.833007812500000000e+00 -4.311523437500000000e+00 1.611328125000000000e-01 6.376953125000000000e-01
3.547167968750000178e-01 6.223144531250000000e-01 6.581054687500000888e-01 4.951171875000000278e-02 1.044511718749999929e+00 -1.283327148437499954e+00 -1.684570312500000000e+00 -3.666992187500000000e+00 3.188476562500000000e+00 2.661132812500000000e+00 1.137695312500000000e+00
1.647167968749999878e-01 8.723144531250000000e-01 8.381054687500000266e-01 6.951171875000000666e-02 9.445117187500000622e-01 -4.503271484374999911e-01 3.315429687500000000e+00 1.333007812500000000e+00 -1.811523437500000000e+00 -2.338867187500000000e+00 1.376953125000000000e-01
1.528417968749999911e-01 6.066894531250000000e-01 7.818554687500000044e-01 6.076171875000000583e-02 9.007617187499999956e-01 -9.188896484374999840e-01 -3.247070312500000000e+00 4.145507812500000000e+00 -2.124023437500000000e+00 1.098632812500000000e+00 8.251953125000000000e-01
3.428417968749999933e-01 8.566894531250000000e-01 6.018554687500000666e-01 4.076171875000000194e-02 1.000761718749999973e+00 -1.751889648437499947e+00 1.752929687500000000e+00 -8.544921875000000000e-01 2.875976562500000000e+00 -3.901367187500000000e+00 1.825195312500000000e+00
4.378417968750000222e-01 7.316894531250000000e-01 6.918554687500000355e-01 5.076171875000000389e-02 1.050761718750000018e+00 -5.023896484375001137e-01 4.252929687500000000e+00 1.645507812500000000e+00 -4.624023437500000000e+00 -1.401367187500000000e+00 3.251953125000000000e-01
2.478417968749999922e-01 9.816894531250000000e-01 8.718554687499999734e-01 3.076171875000000000e-02 9.507617187500000400e-01 -1.335389648437500076e+00 -7.470703125000000000e-01 -3.354492187500000000e+00 3.759765625000000000e-01 3.598632812500000000e+00 1.325195312500000000e+00
2.953417968750000067e-01 6.691894531250000000e-01 5.568554687500000266e-01 6.576171875000000333e-02 1.025761718750000107e+00 -1.543639648437499901e+00 -4.497070312500000000e+00 -2.104492187500000000e+00 -8.740234375000000000e-01 -1.513671875000000000e-01 7.519531250000000000e-02
4.853417968750000089e-01 9.191894531250000000e-01 7.368554687500000755e-01 4.576171874999999944e-02 9.257617187500000178e-01 -7.106396484375001599e-01 5.029296875000000000e-01 2.895507812500000000e+00 4.125976562500000000e+00 4.848632812500000000e+00 1.075195312500000000e+00
3.903417968749999800e-01 5.441894531250000000e-01 8.268554687500000444e-01 5.576171875000000833e-02 8.757617187499999734e-01 -1.960139648437499993e+00 3.002929687500000000e+00 -4.604492187500000000e+00 -3.374023437500000000e+00 2.348632812500000000e+00 5.751953125000000000e-01
2.003417968749999778e-01 7.941894531250000000e-01 6.468554687499999956e-01 3.576171874999999750e-02 9.757617187500000622e-01 -1.127139648437500030e+00 -1.997070312500000000e+00 3.955078125000000000e-01 1.625976562500000000e+00 -2.651367187500000000e+00 1.575195312500000000e+00
1.765917968749999845e-01 7.004394531250000000e-01 8.943554687500000488e-01 4.826171875000000167e-02 1.013261718749999929e+00 -1.023014648437500007e+00 -2.622070312500000000e+00 -3.979492187500000000e+00 -2.490234375000000000e-01 4.736328125000000000e-01 1.700195312500000000e+00
3.665917968749999867e-01 9.504394531250000000e-01 7.143554687500000000e-01 6.826171875000000555e-02 9.132617187500000622e-01 -1.856014648437499970e+00 2.377929687500000000e+00 1.020507812500000000e+00 4.750976562500000000e+00 -4.526367187500000000e+00 7.001953125000000000e-01
4.615917968750000155e-01 5.754394531250000000e-01 6.243554687500000311e-01 3.826171874999999972e-02 9.632617187499999956e-01 -6.065146484375001368e-01 4.877929687500000000e+00 -1.479492187500000000e+00 -2.749023437500000000e+00 -2.026367187500000000e+00 1.200195312500000000e+00
2.715917968750000133e-01 8.254394531250000000e-01 8.043554687500000799e-01 5.826171875000000361e-02 1.063261718749999973e+00 -1.439514648437500099e+00 -1.220703125000000000e-01 3.520507812500000000e+00 2.250976562500000000e+00 2.973632812500000000e+00 2.001953125000000000e-01
2.240917968749999989e-01 5.129394531250000000e-01 6.693554687500000711e-01 4.326171874999999722e-02 9.382617187499999734e-01 -1.231264648437500053e+00 -3.872070312500000000e+00 2.270507812500000000e+00 -1.499023437500000000e+00 -7.763671875000000000e-01 1.450195312500000000e+00
4.140917968749999734e-01 7.629394531250000000e-01 8.493554687500000089e-01 6.326171875000000111e-02 1.038261718750000062e+00 -3.982646484375000906e-01 1.127929687500000000e+00 -2.729492187500000000e+00 3.500976562500000000e+00 4.223632812500000000e+00 4.501953125000000000e-01
3.190917968750000000e-01 6.379394531250000000e-01 7.593554687500000400e-01 3.326171875000000222e-02 9.882617187500000178e-01 -1.647764648437500146e+00 3.627929687500000000e+00 4.770507812500000000e+00 -3.999023437500000000e+00 1.723632812500000000e+00 1.950195312500000000e+00
1.290917968749999978e-01 8.879394531250000000e-01 5.793554687499999911e-01 5.326171875000000611e-02 8.882617187500000400e-01 -8.147646484374999609e-01 -1.372070312500000000e+00 -2.294921875000000000e-01 1.000976562500000000e+00 -3.276367187500000000e+00 9.501953125000000000e-01
1.261230468750000056e-01 7.121582031250000000e-01 7.565429687500000444e-01 6.857421874999999889e-02 1.055449218749999973e+00 -1.140155273437500005e+00 2.685546875000000000e-01 -3.276367187500000000e+00 -3.295898437500000000e+00 1.489257812500000000e+00 1.215820312500000000e+00
3.161230468750000355e-01 9.621582031250000000e-01 5.765429687499999956e-01 4.857421875000000194e-02 9.554492187499999956e-01 -1.973155273437499968e+00 -4.731445312500000000e+00 1.723632812500000000e+00 1.704101562500000000e+00 -3.510742187500000000e+00 2.158203125000000000e-01
4.111230468750000089e-01 5.871582031250000000e-01 6.665429687500000755e-01 5.857421875000000389e-02 9.054492187500000622e-01 -7.236552734375001350e-01 -2.231445312500000000e+00 -7.763671875000000000e-01 -7.958984375000000000e-01 -1.010742187500000000e+00 1.715820312500000000e+00
2.211230468750000067e-01 8.371582031250000000e-01 8.465429687500000133e-01 3.857421875000000000e-02 1.005449218749999929e+00 -1.556655273437500098e+00 2.768554687500000000e+00 4.223632812500000000e+00 4.204101562500000000e+00 3.989257812500000000e+00 7.158203125000000000e-01
2.686230468749999933e-01 5.246582031250000000e-01 6.215429687500000355e-01 6.357421875000000833e-02 8.804492187500000400e-01 -1.348405273437500052e+00 1.518554687500000000e+00 4.736328125000000000e-01 -4.545898437500000000e+00 -2.260742187500000000e+00 1.965820312500000000e+00
4.586230468749999956e-01 7.746582031250000000e-01 8.015429687499999734e-01 4.357421875000000444e-02 9.804492187500000178e-01 -5.154052734375000888e-01 -3.481445312500000000e+00 -4.526367187500000000e+00 4.541015625000000000e-01 2.739257812500000000e+00 9.658203125000000000e-01
3.636230468750000222e-01 6.496582031250000000e-01 8.915429687500000533e-01 5.357421874999999944e-02 1.030449218750000062e+00 -1.764905273437499922e+00 -9.814453125000000000e-01 2.973632812500000000e+00 -2.045898437500000000e+00 2.392578125000000000e-01 1.465820312500000000e+00
1.736230468749999922e-01 8.996582031250000000e-01 7.115429687500000044e-01 3.357421875000000250e-02 9.304492187499999734e-01 -9.319052734374999591e-01 4.018554687500000000e+00 -2.026367187500000000e+00 2.954101562500000000e+00 -4.760742187500000000e+00 4.658203125000000000e-01
1.973730468750000133e-01 6.184082031250000000e-01 8.240429687500000488e-01 4.107421875000000222e-02 9.679492187500000622e-01 -8.277802734375001581e-01 8.935546875000000000e-01 3.598632812500000000e+00 -3.920898437500000000e+00 2.114257812500000000e+00 3.408203125000000000e-01
3.873730468750000155e-01 8.684082031250000000e-01 6.440429687500000000e-01 6.107421875000000611e-02 1.067949218750000151e+00 -1.660780273437500121e+00 -4.106445312500000000e+00 -1.401367187500000000e+00 1.079101562500000000e+00 -2.885742187500000000e+00 1.340820312500000000e+00
4.823730468749999889e-01 7.434082031250000000e-01 5.540429687500000311e-01 3.107421875000000028e-02 1.017949218750000107e+00 -4.112802734375000657e-01 -1.606445312500000000e+00 1.098632812500000000e+00 -1.420898437500000000e+00 -3.857421875000000000e-01 8.408203125000000000e-01
2.923730468749999867e-01 9.934082031250000000e-01 7.340429687500000799e-01 5.107421875000000416e-02 9.179492187500000178e-01 -1.244280273437500028e+00 3.393554687500000000e+00 -3.901367187500000000e+00 3.579101562500000000e+00 4.614257812500000000e+00 1.840820312500000000e+00
2.448730468750000000e-01 6.809082031250000000e-01 6.890429687500000400e-01 4.607421875000000666e-02 9.929492187500000844e-01 -1.452530273437500075e+00 2.143554687500000000e+00 -1.513671875000000000e-01 -2.670898437500000000e+00 -1.635742187500000000e+00 5.908203125000000000e-01
4.348730468750000022e-01 9.309082031250000000e-01 8.690429687500000888e-01 6.607421874999999667e-02 8.929492187499999956e-01 -6.195302734375001119e-01 -2.856445312500000000e+00 4.848632812500000000e+00 2.329101562500000000e+00 3.364257812500000000e+00 1.590820312500000000e+00
3.398730468749999734e-01 5.559082031250000000e-01 7.790429687500000089e-01 3.607421874999999778e-02 9.429492187500000400e-01 -1.869030273437499945e+00 -3.564453125000000000e-01 -2.651367187500000000e+00 -1.708984375000000000e-01 8.642578125000000000e-01 9.082031250000000000e-02
1.498730468749999989e-01 8.059082031250000000e-01 5.990429687500000711e-01 5.607421875000000167e-02 1.042949218750000018e+00 -1.036030273437499982e+00 4.643554687500000000e+00 2.348632812500000000e+00 4.829101562500000000e+00 -4.135742187500000000e+00 1.090820312500000000e+00
1.617480468749999956e-01 5.402832031250000000e-01 6.552929687499999822e-01 5.482421875000000056e-02 9.991992187500000622e-01 -5.674677734374999893e-01 -4.418945312500000000e+00 4.536132812500000000e+00 3.891601562500000000e+00 3.051757812500000000e+00 1.903320312500000000e+00
3.517480468749999978e-01 7.902832031250000000e-01 8.352929687500000311e-01 3.482421874999999667e-02 8.991992187499999734e-01 -1.400467773437500174e+00 5.810546875000000000e-01 -4.638671875000000000e-01 -1.108398437500000000e+00 -1.948242187500000000e+00 9.033203125000000000e-01
4.467480468750000266e-01 6.652832031250000000e-01 7.452929687500000622e-01 6.482421874999999556e-02 9.491992187500000178e-01 -9.839677734375000817e-01 3.081054687500000000e+00 2.036132812500000000e+00 1.391601562500000000e+00 -4.448242187500000000e+00 1.403320312500000000e+00
2.567480468749999689e-01 9.152832031250000000e-01 5.652929687500000133e-01 4.482421875000000555e-02 1.049199218750000107e+00 -1.816967773437500044e+00 -1.918945312500000000e+00 -2.963867187500000000e+00 -3.608398437500000000e+00 5.517578125000000000e-01 4.033203125000000000e-01
3.042480468750000111e-01 7.277832031250000000e-01 8.802929687500000711e-01 5.982421875000000500e-02 9.241992187499999956e-01 -1.608717773437499998e+00 -3.168945312500000000e+00 -1.713867187500000000e+00 2.641601562500000000e+00 -3.198242187500000000e+00 1.153320312500000000e+00
4.942480468750000133e-01 9.777832031250000000e-01 7.002929687500000222e-01 3.982421875000000111e-02 1.024199218749999973e+00 -7.757177734375000355e-01 1.831054687500000000e+00 3.286132812500000000e+00 -2.358398437500000000e+00 1.801757812500000000e+00 1.533203125000000000e-01
3.992480468749999845e-01 6.027832031250000000e-01 6.102929687500000533e-01 6.982421875000000000e-02 9.741992187500000400e-01 -1.192217773437500128e+00 4.331054687500000000e+00 -4.213867187500000000e+00 1.416015625000000000e-01 4.301757812500000000e+00 1.653320312500000000e+00
2.092480468749999822e-01 8.527832031250000000e-01 7.902929687499999911e-01 4.982421875000000305e-02 8.741992187499999512e-01 -3.592177734375001652e-01 -6.689453125000000000e-01 7.861328125000000000e-01 -4.858398437500000000e+00 -6.982421875000000000e-01 6.533203125000000000e-01
1.854980468749999889e-01 6.340332031250000000e-01 5.877929687500000888e-01 3.732421874999999889e-02 9.116992187500000400e-01 -4.633427734374999662e-01 -3.793945312500000000e+00 -4.838867187500000000e+00 3.266601562500000000e+00 3.676757812500000000e+00 5.283203125000000000e-01
3.754980468749999911e-01 8.840332031250000000e-01 7.677929687500000266e-01 5.732421875000000278e-02 1.011699218750000018e+00 -1.296342773437499929e+00 1.206054687500000000e+00 1.611328125000000000e-01 -1.733398437500000000e+00 -1.323242187500000000e+00 1.528320312500000000e+00
4.704980468750000200e-01 5.090332031250000000e-01 8.577929687500001066e-01 4.732421875000000083e-02 1.061699218750000062e+00 -8.798427734375000586e-01 3.706054687500000000e+00 -2.338867187500000000e+00 7.666015625000000000e-01 -3.823242187500000000e+00 2.832031250000000000e-02
2.804980468750000178e-01 7.590332031250000000e-01 6.777929687500000577e-01 6.732421874999999778e-02 9.616992187499999734e-01 -1.712842773437500021e+00 -1.293945312500000000e+00 2.661132812500000000e+00 -4.233398437500000000e+00 1.176757812500000000e+00 1.028320312500000000e+00
2.329980468750000033e-01 5.715332031250000000e-01 8.127929687499999556e-01 3.232421875000000139e-02 1.036699218749999929e+00 -1.921092773437500068e+00 -2.543945312500000000e+00 1.411132812500000000e+00 4.516601562500000000e+00 -2.573242187500000000e+00 2.783203125000000000e-01
4.229980468749999778e-01 8.215332031250000000e-01 6.327929687500000178e-01 5.232421874999999833e-02 9.366992187500000622e-01 -1.088092773437499883e+00 2.456054687500000000e+00 -3.588867187500000000e+00 -4.833984375000000000e-01 2.426757812500000000e+00 1.278320312500000000e+00
3.279980468750000044e-01 6.965332031250000000e-01 7.227929687500000977e-01 4.232421875000000333e-02 8.866992187500000178e-01 -1.504592773437499975e+00 4.956054687500000000e+00 3.911132812500000000e+00 2.016601562500000000e+00 4.926757812500000000e+00 7.783203125000000000e-01
1.379980468750000022e-01 9.465332031250000000e-01 9.027929687500000355e-01 6.232421875000000722e-02 9.866992187499999956e-01 -6.715927734375000124e-01 -4.394531250000000000e-02 -1.088867187500000000e+00 -2.983398437500000000e+00 -7.324218750000000000e-02 1.778320312500000000e+00
1.320605468749999900e-01 5.793457031250000000e-01 5.709179687500000044e-01 4.544921875000000611e-02 9.398242187499999956e-01 -1.790936523437500094e+00 2.612304687500000000e+00 4.882812500000000000e-03 2.485351562500000000e+00 1.645507812500000000e+00 1.372070312500000000e+00
3.220605468749999645e-01 8.293457031250000000e-01 7.509179687500000533e-01 6.544921875000000999e-02 1.039824218749999973e+00 -9.579365234375001315e-01 -2.387695312500000000e+00 -4.995117187500000000e+00 -2.514648437500000000e+00 -3.354492187500000000e+00 3.720703125000000000e-01
4.170605468749999933e-01 7.043457031250000000e-01 8.409179687500000222e-01 3.544921874999999722e-02 9.898242187500000400e-01 -1.374436523437500002e+00 -4.887695312500000000e+00 2.504882812500000000e+00 4.985351562500000000e+00 -8.544921875000000000e-01 1.872070312500000000e+00
2.270605468749999911e-01 9.543457031250000000e-01 6.609179687500000844e-01 5.544921875000000111e-02 8.898242187499999512e-01 -5.414365234375000391e-01 1.123046875000000000e-01 -2.495117187500000000e+00 -1.464843750000000000e-02 4.145507812500000000e+00 8.720703125000000000e-01
2.745605468749999778e-01 6.418457031250000000e-01 7.959179687499999822e-01 4.044921875000000167e-02 1.014824218750000062e+00 -7.496865234375000853e-01 3.862304687500000000e+00 -3.745117187500000000e+00 1.235351562500000000e+00 -2.104492187500000000e+00 1.622070312500000000e+00
4.645605468749999800e-01 8.918457031250000000e-01 6.159179687500000444e-01 6.044921875000000555e-02 9.148242187499999734e-01 -1.582686523437500048e+00 -1.137695312500000000e+00 1.254882812500000000e+00 -3.764648437500000000e+00 2.895507812500000000e+00 6.220703125000000000e-01
3.695605468750000067e-01 5.168457031250000000e-01 7.059179687500000133e-01 3.044921874999999972e-02 9.648242187500000178e-01 -1.166186523437500178e+00 -3.637695312500000000e+00 -1.245117187500000000e+00 3.735351562500000000e+00 3.955078125000000000e-01 1.122070312500000000e+00
1.795605468750000044e-01 7.668457031250000000e-01 8.859179687500000622e-01 5.044921875000000361e-02 1.064824218750000107e+00 -1.999186523437499918e+00 1.362304687500000000e+00 3.754882812500000000e+00 -1.264648437500000000e+00 -4.604492187500000000e+00 1.220703125000000000e-01
2.033105468749999978e-01 7.355957031250000000e-01 6.834179687500000488e-01 6.294921875000000777e-02 1.027324218750000018e+00 -1.895061523437500117e+00 3.237304687500000000e+00 -6.201171875000000000e-01 6.103515625000000000e-01 2.270507812500000000e+00 2.470703125000000000e-01
3.933105468750000000e-01 9.855957031250000000e-01 8.634179687500000977e-01 4.294921875000000389e-02 9.273242187500000400e-01 -1.062061523437499932e+00 -1.762695312500000000e+00 4.379882812500000000e+00 -4.389648437500000000e+00 -2.729492187500000000e+00 1.247070312500000000e+00
4.883105468749999734e-01 6.105957031250000000e-01 7.734179687500000178e-01 5.294921874999999889e-02 8.773242187499999956e-01 -1.478561523437500025e+00 -4.262695312500000000e+00 -3.120117187500000000e+00 3.110351562500000000e+00 -2.294921875000000000e-01 7.470703125000000000e-01
2.983105468750000266e-01 8.605957031250000000e-01 5.934179687500000799e-01 3.294921875000000194e-02 9.773242187499999734e-01 -6.455615234375000622e-01 7.373046875000000000e-01 1.879882812500000000e+00 -1.889648437500000000e+00 4.770507812500000000e+00 1.747070312500000000e+00
2.508105468749999845e-01 5.480957031250000000e-01 9.084179687500000266e-01 6.794921875000001221e-02 9.023242187500000178e-01 -4.373115234375000160e-01 4.487304687500000000e+00 3.129882812500000000e+00 1.860351562500000000e+00 -1.479492187500000000e+00 9.970703125000000000e-01
4.408105468749999867e-01 7.980957031250000000e-01 7.284179687500000888e-01 4.794921875000000139e-02 1.002324218750000107e+00 -1.270311523437499979e+00 -5.126953125000000000e-01 -1.870117187500000000e+00 -3.139648437500000000e+00 3.520507812500000000e+00 1.997070312500000000e+00
3.458105468750000133e-01 6.730957031250000000e-01 6.384179687500000089e-01 5.794921875000000333e-02 1.052324218750000151e+00 -8.538115234375001084e-01 -3.012695312500000000e+00 6.298828125000000000e-01 4.360351562500000000e+00 1.020507812500000000e+00 4.970703125000000000e-01
1.558105468750000111e-01 9.230957031250000000e-01 8.184179687500000577e-01 3.794921874999999944e-02 9.523242187500000622e-01 -1.686811523437500071e+00 1.987304687500000000e+00 -4.370117187500000000e+00 -6.396484375000000000e-01 -3.979492187500000000e+00 1.497070312500000000e+00
1.439355468749999867e-01 6.574707031250000000e-01 8.521679687500001155e-01 3.169921875000000083e-02 8.835742187499999734e-01 -1.218249023437500078e+00 -2.075195312500000000e+00 -1.557617187500000000e+00 -3.271484375000000000e-01 2.583007812500000000e+00 1.559570312500000000e+00
3.339355468749999889e-01 9.074707031250000000e-01 6.721679687500000666e-01 5.169921875000000472e-02 9.835742187500000622e-01 -3.852490234375001155e-01 2.924804687500000000e+00 3.442382812500000000e+00 4.672851562500000000e+00 -2.416992187500000000e+00 5.595703125000000000e-01
4.289355468750000178e-01 5.324707031250000000e-01 5.821679687500000977e-01 4.169921875000000278e-02 1.033574218750000107e+00 -1.634749023437499948e+00 4.248046875000000000e-01 -4.057617187500000000e+00 -2.827148437500000000e+00 -4.916992187500000000e+00 1.059570312500000000e+00
2.389355468750000155e-01 7.824707031250000000e-01 7.621679687500000355e-01 6.169921875000000666e-02 9.335742187500000178e-01 -8.017490234374999858e-01 -4.575195312500000000e+00 9.423828125000000000e-01 2.172851562500000000e+00 8.300781250000000000e-02 5.957031250000000000e-02
2.864355468750000022e-01 5.949707031250000000e-01 7.171679687500001066e-01 3.669921874999999833e-02 1.058574218750000018e+00 -1.009999023437500032e+00 -8.251953125000000000e-01 4.692382812500000000e+00 -1.577148437500000000e+00 -3.666992187500000000e+00 1.309570312500000000e+00
4.764355468750000044e-01 8.449707031250000000e-01 8.971679687500000444e-01 5.669921875000000222e-02 9.585742187500000400e-01 -1.842999023437499995e+00 4.174804687500000000e+00 -3.076171875000000000e-01 3.422851562500000000e+00 1.333007812500000000e+00 3.095703125000000000e-01
3.814355468749999756e-01 7.199707031250000000e-01 8.071679687499999645e-01 4.669921875000000722e-02 9.085742187499999956e-01 -5.934990234375001616e-01 1.674804687500000000e+00 2.192382812500000000e+00 -4.077148437500000000e+00 3.833007812500000000e+00 1.809570312500000000e+00
1.914355468750000011e-01 9.699707031250000000e-01 6.271679687500000266e-01 6.669921875000001110e-02 1.008574218749999973e+00 -1.426499023437500124e+00 -3.325195312500000000e+00 -2.807617187500000000e+00 9.228515625000000000e-01 -1.166992187500000000e+00 8.095703125000000000e-01
1.676855468749999800e-01 5.012207031250000000e-01 7.396679687500000711e-01 5.919921875000000444e-02 9.710742187499999956e-01 -1.530624023437499925e+00 -1.450195312500000000e+00 1.567382812500000000e+00 -2.202148437500000000e+00 3.208007812500000000e+00 9.345703125000000000e-01
3.576855468749999822e-01 7.512207031250000000e-01 5.596679687500000222e-01 3.919921875000000056e-02 8.710742187500000178e-01 -6.976240234374999627e-01 3.549804687500000000e+00 -3.432617187500000000e+00 2.797851562500000000e+00 -1.791992187500000000e+00 1.934570312500000000e+00
4.526855468750000111e-01 6.262207031250000000e-01 6.496679687499999911e-01 6.919921875000001332e-02 9.210742187500000622e-01 -1.947124023437500018e+00 1.049804687500000000e+00 4.067382812500000000e+00 -4.702148437500000000e+00 -4.291992187500000000e+00 4.345703125000000000e-01
2.626855468750000089e-01 8.762207031250000000e-01 8.296679687500000400e-01 4.919921875000000250e-02 1.021074218749999929e+00 -1.114124023437500055e+00 -3.950195312500000000e+00 -9.326171875000000000e-01 2.978515625000000000e-01 7.080078125000000000e-01 1.434570312500000000e+00
2.151855468749999944e-01 6.887207031250000000e-01 6.046679687500000622e-01 5.419921875000000000e-02 9.460742187499999734e-01 -9.058740234375000089e-01 -2.001953125000000000e-01 -4.682617187500000000e+00 -9.521484375000000000e-01 -3.041992187500000000e+00 1.845703125000000000e-01
4.051855468750000244e-01 9.387207031250000000e-01 7.846679687500000000e-01 3.419921874999999611e-02 1.046074218750000062e+00 -1.738874023437499972e+00 4.799804687500000000e+00 3.173828125000000000e-01 4.047851562500000000e+00 1.958007812500000000e+00 1.184570312500000000e+00
3.101855468749999956e-01 5.637207031250000000e-01 8.746679687500000799e-01 6.419921875000000888e-02 9.960742187500000178e-01 -4.893740234375001386e-01 2.299804687500000000e+00 -2.182617187500000000e+00 -3.452148437500000000e+00 4.458007812500000000e+00 6.845703125000000000e-01
1.201855468749999933e-01 8.137207031250000000e-01 6.946679687500000311e-01 4.419921875000000500e-02 8.960742187500000400e-01 -1.322374023437499879e+00 -2.700195312500000000e+00 2.817382812500000000e+00 1.547851562500000000e+00 -5.419921875000000000e-01 1.684570312500000000e+00
1.202783203124999922e-01 6.568603515625000000e-01 7.655957031250000266e-01 4.614257812500000000e-02 9.352832031250000178e-01 -1.035623535156250163e+00 1.555175781250000000e+00 4.221191406250000000e+00 -1.608886718750000000e+00 -1.906738281250000000e+00 1.235351562500000000e-01
3.102783203125000222e-01 9.068603515625000000e-01 5.855957031250000888e-01 6.614257812500000389e-02 1.035283203125000107e+00 -1.868623535156249904e+00 -3.444824218750000000e+00 -7.788085937500000000e-01 3.391113281250000000e+00 3.093261718750000000e+00 1.123535156250000000e+00
4.052783203124999956e-01 5.318603515625000000e-01 6.755957031250000577e-01 3.614257812499999806e-02 9.852832031250000622e-01 -6.191235351562500711e-01 -9.448242187500000000e-01 1.721191406250000000e+00 -4.108886718750000000e+00 5.932617187500000000e-01 6.235351562500000000e-01
2.152783203124999933e-01 7.818603515625000000e-01 8.555957031250001066e-01 5.614257812500000888e-02 8.852832031249999734e-01 -1.452123535156250034e+00 4.055175781250000000e+00 -3.278808593750000000e+00 8.911132812500000000e-01 -4.406738281250000000e+00 1.623535156250000000e+00
2.627783203125000355e-01 5.943603515625000000e-01 6.305957031250000178e-01 4.114257812500000250e-02 1.010283203124999973e+00 -1.243873535156249988e+00 3.051757812500000000e-01 -2.028808593750000000e+00 -3.588867187500000000e-01 1.843261718750000000e+00 8.735351562500000000e-01
4.527783203124999822e-01 8.443603515625000000e-01 8.105957031249999556e-01 6.114257812500000638e-02 9.102832031249999956e-01 -4.108735351562500249e-01 -4.694824218750000000e+00 2.971191406250000000e+00 4.641113281250000000e+00 -3.156738281250000000e+00 1.873535156250000000e+00
3.577783203125000089e-01 7.193603515625000000e-01 9.005957031250000355e-01 3.114257812500000056e-02 9.602832031250000400e-01 -1.660373535156250080e+00 -2.194824218750000000e+00 -4.528808593750000000e+00 -2.858886718750000000e+00 -6.567382812500000000e-01 3.735351562500000000e-01
1.677783203125000067e-01 9.693603515625000000e-01 7.205957031250000977e-01 5.114257812500000444e-02 1.060283203125000018e+00 -8.273735351562501172e-01 2.805175781250000000e+00 4.711914062500000000e-01 2.141113281250000000e+00 4.343261718750000000e+00 1.373535156250000000e+00
1.915283203125000000e-01 5.006103515625000000e-01 8.330957031250000311e-01 6.364257812500001554e-02 1.022783203124999929e+00 -9.314985351562501403e-01 2.180175781250000000e+00 -3.903808593750000000e+00 -9.838867187500000000e-01 -1.281738281250000000e+00 1.498535156250000000e+00
3.815283203125000022e-01 7.506103515625000000e-01 6.530957031249999822e-01 4.364257812499999778e-02 9.227832031250000622e-01 -1.764498535156250103e+00 -2.819824218750000000e+00 1.096191406250000000e+00 4.016113281250000000e+00 3.718261718750000000e+00 4.985351562500000000e-01
4.765283203124999756e-01 6.256103515625000000e-01 5.630957031250000133e-01 5.364257812500000666e-02 8.727832031250000178e-01 -5.149985351562500480e-01 -3.198242187500000000e-01 -1.403808593750000000e+00 -3.483886718750000000e+00 1.218261718750000000e+00 1.998535156250000000e+00
2.865283203124999734e-01 8.756103515625000000e-01 7.430957031250000622e-01 3.364257812500000278e-02 9.727832031249999956e-01 -1.347998535156250011e+00 4.680175781250000000e+00 3.596191406250000000e+00 1.516113281250000000e+00 -3.781738281250000000e+00 9.985351562500000000e-01
2.390283203124999867e-01 6.881103515625000000e-01 6.980957031250000222e-01 6.864257812500000611e-02 8.977832031250000400e-01 -1.556248535156250057e+00 9.301757812500000000e-01 2.346191406250000000e+00 -2.233886718750000000e+00 2.468261718750000000e+00 1.748535156250000000e+00
4.290283203124999889e-01 9.381103515625000000e-01 8.780957031250000711e-01 4.864257812500000222e-02 9.977832031250000178e-01 -7.232485351562500941e-01 -4.069824218750000000e+00 -2.653808593750000000e+00 2.766113281250000000e+00 -2.531738281250000000e+00 7.485351562500000000e-01
3.340283203124999600e-01 5.631103515625000000e-01 7.880957031249999911e-01 5.864257812500000416e-02 1.047783203125000062e+00 -1.972748535156249927e+00 -1.569824218750000000e+00 4.846191406250000000e+00 -4.733886718750000000e+00 -3.173828125000000000e-02 1.248535156250000000e+00
1.440283203124999856e-01 8.131103515625000000e-01 6.080957031250000533e-01 3.864257812500000028e-02 9.477832031249999734e-01 -1.139748535156249964e+00 3.430175781250000000e+00 -1.538085937500000000e-01 2.661132812500000000e-01 4.968261718750000000e+00 2.485351562500000000e-01
1.559033203124999822e-01 5.787353515625000000e-01 6.418457031250000000e-01 3.239257812500000167e-02 8.915332031249999512e-01 -6.711860351562499716e-01 -3.132324218750000000e+00 -2.966308593750000000e+00 1.203613281250000000e+00 -3.469238281250000000e+00 8.110351562500000000e-01
3.459033203124999845e-01 8.287353515625000000e-01 8.218457031250000488e-01 5.239257812500000555e-02 9.915332031250000400e-01 -1.504186035156250156e+00 1.867675781250000000e+00 2.033691406250000000e+00 -3.796386718750000000e+00 1.530761718750000000e+00 1.811035156250000000e+00
4.409033203125000133e-01 7.037353515625000000e-01 7.318457031250000799e-01 4.239257812500000361e-02 1.041533203124999973e+00 -1.087686035156250064e+00 4.367675781250000000e+00 -4.663085937500000000e-01 3.703613281250000000e+00 4.030761718750000000e+00 3.110351562500000000e-01
2.509033203124999556e-01 9.537353515625000000e-01 5.518457031250000311e-01 6.239257812500000749e-02 9.415332031249999956e-01 -1.920686035156250027e+00 -6.323242187500000000e-01 4.533691406250000000e+00 -1.296386718750000000e+00 -9.692382812500000000e-01 1.311035156250000000e+00
2.984033203124999978e-01 6.412353515625000000e-01 8.668457031250000888e-01 3.739257812499999917e-02 1.066533203125000107e+00 -1.712436035156249980e+00 -4.382324218750000000e+00 7.836914062500000000e-01 2.453613281250000000e+00 2.780761718750000000e+00 6.103515625000000000e-02
4.884033203125000000e-01 8.912353515625000000e-01 6.868457031250000400e-01 5.739257812500000305e-02 9.665332031250000178e-01 -8.794360351562500178e-01 6.176757812500000000e-01 -4.216308593750000000e+00 -2.546386718750000000e+00 -2.219238281250000000e+00 1.061035156250000000e+00
3.934033203124999711e-01 5.162353515625000000e-01 5.968457031250000711e-01 4.739257812500000111e-02 9.165332031249999734e-01 -1.295936035156250110e+00 3.117675781250000000e+00 3.283691406250000000e+00 4.953613281250000000e+00 -4.719238281250000000e+00 5.610351562500000000e-01
2.034033203124999967e-01 7.662353515625000000e-01 7.768457031250000089e-01 6.739257812500000500e-02 1.016533203125000062e+00 -4.629360351562501474e-01 -1.882324218750000000e+00 -1.716308593750000000e+00 -4.638671875000000000e-02 2.807617187500000000e-01 1.561035156250000000e+00
1.796533203125000033e-01 7.349853515625000000e-01 5.743457031249999956e-01 5.989257812500000527e-02 9.790332031249999734e-01 -3.588110351562501243e-01 -2.507324218750000000e+00 2.658691406250000000e+00 1.828613281250000000e+00 -2.844238281250000000e+00 1.686035156250000000e+00
3.696533203124999778e-01 9.849853515625000000e-01 7.543457031250000444e-01 3.989257812500000139e-02 8.790332031249999956e-01 -1.191811035156250087e+00 2.492675781250000000e+00 -2.341308593750000000e+00 -3.171386718750000000e+00 2.155761718750000000e+00 6.860351562500000000e-01
4.646533203125000067e-01 6.099853515625000000e-01 8.443457031250000133e-01 6.989257812500000722e-02 9.290332031250000400e-01 -7.753110351562499947e-01 4.992675781250000000e+00 1.586914062500000000e-01 4.328613281250000000e+00 4.655761718750000000e+00 1.186035156250000000e+00
2.746533203125000044e-01 8.599853515625000000e-01 6.643457031250000755e-01 4.989257812500000333e-02 1.029033203125000018e+00 -1.608311035156249957e+00 -7.324218750000000000e-03 -4.841308593750000000e+00 -6.713867187500000000e-01 -3.442382812500000000e-01 1.860351562500000000e-01
2.271533203124999900e-01 5.474853515625000000e-01 7.993457031249999734e-01 5.489257812500000777e-02 9.540332031250000622e-01 -1.816561035156250004e+00 -3.757324218750000000e+00 -1.091308593750000000e+00 5.786132812500000000e-01 3.405761718750000000e+00 1.436035156250000000e+00
4.171533203125000200e-01 7.974853515625000000e-01 6.193457031250000355e-01 3.489257812499999695e-02 1.054033203125000151e+00 -9.835610351562500409e-01 1.242675781250000000e+00 3.908691406250000000e+00 -4.421386718750000000e+00 -1.594238281250000000e+00 4.360351562500000000e-01
3.221533203124999911e-01 6.724853515625000000e-01 7.093457031250000044e-01 6.489257812500000278e-02 1.004033203125000107e+00 -1.400061035156249911e+00 3.742675781250000000e+00 -3.591308593750000000e+00 3.078613281250000000e+00 -4.094238281250000000e+00 1.936035156250000000e+00
1.321533203124999889e-01 9.224853515625000000e-01 8.893457031250000533e-01 4.489257812499999889e-02 9.040332031250000178e-01 -5.670610351562501705e-01 -1.257324218750000000e+00 1.408691406250000000e+00 -1.921386718750000000e+00 9.057617187500000000e-01 9.360351562500000000e-01
1.380908203125000011e-01 5.396728515625000000e-01 5.574707031250000222e-01 6.801757812500000555e-02 1.050908203125000107e+00 -1.686404785156250030e+00 3.898925781250000000e+00 -2.497558593750000000e+00 2.609863281250000000e+00 -2.375488281250000000e+00 4.672851562500000000e-01
3.280908203125000311e-01 7.896728515625000000e-01 7.374707031250000711e-01 4.801757812500000167e-02 9.509082031250000178e-01 -8.534047851562500675e-01 -1.101074218750000000e+00 2.502441406250000000e+00 -2.390136718750000000e+00 2.624511718750000000e+00 1.467285156250000000e+00
4.230908203125000044e-01 6.646728515625000000e-01 8.274707031250000400e-01 5.801757812500000361e-02 9.009082031249999734e-01 -1.269904785156250160e+00 -3.601074218750000000e+00 -4.997558593750000000e+00 1.098632812500000000e-01 1.245117187500000000e-01 9.672851562500000000e-01
2.330908203125000022e-01 9.146728515625000000e-01 6.474707031249999911e-01 3.801757812499999972e-02 1.000908203125000062e+00 -4.369047851562499751e-01 1.398925781250000000e+00 2.441406250000000000e-03 -4.890136718750000000e+00 -4.875488281250000000e+00 1.967285156250000000e+00
2.805908203124999889e-01 7.271728515625000000e-01 7.824707031250000000e-01 6.301757812500000111e-02 8.759082031249999512e-01 -6.451547851562500213e-01 2.648925781250000000e+00 3.752441406250000000e+00 3.859863281250000000e+00 1.374511718750000000e+00 7.172851562500000000e-01
4.705908203124999911e-01 9.771728515625000000e-01 6.024707031250000622e-01 4.301757812499999722e-02 9.759082031250000400e-01 -1.478154785156249984e+00 -2.351074218750000000e+00 -1.247558593750000000e+00 -1.140136718750000000e+00 -3.625488281250000000e+00 1.717285156250000000e+00
3.755908203125000178e-01 6.021728515625000000e-01 6.924707031250000311e-01 5.301757812500000611e-02 1.025908203124999973e+00 -1.061654785156250114e+00 -4.851074218750000000e+00 1.252441406250000000e+00 1.359863281250000000e+00 -1.125488281250000000e+00 2.172851562500000000e-01
1.855908203125000155e-01 8.521728515625000000e-01 8.724707031250000799e-01 3.301757812500000222e-02 9.259082031249999956e-01 -1.894654785156250076e+00 1.489257812500000000e-01 -3.747558593750000000e+00 -3.640136718750000000e+00 3.874511718750000000e+00 1.217285156250000000e+00
2.093408203125000089e-01 6.334228515625000000e-01 6.699707031250000666e-01 4.051757812500000194e-02 9.634082031249999734e-01 -1.998779785156250099e+00 4.523925781250000000e+00 1.877441406250000000e+00 4.484863281250000000e+00 -1.750488281250000000e+00 1.092285156250000000e+00
3.993408203125000111e-01 8.834228515625000000e-01 8.499707031250001155e-01 6.051757812500000583e-02 1.063408203125000062e+00 -1.165779785156249915e+00 -4.760742187500000000e-01 -3.122558593750000000e+00 -5.151367187500000000e-01 3.249511718750000000e+00 9.228515625000000000e-02
4.943408203124999845e-01 5.084228515625000000e-01 7.599707031250000355e-01 3.051757812500000000e-02 1.013408203125000018e+00 -1.582279785156250007e+00 -2.976074218750000000e+00 4.377441406250000000e+00 1.984863281250000000e+00 7.495117187500000000e-01 1.592285156250000000e+00
3.043408203124999822e-01 7.584228515625000000e-01 5.799707031250000977e-01 5.051757812500000389e-02 9.134082031250000400e-01 -7.492797851562500444e-01 2.023925781250000000e+00 -6.225585937500000000e-01 -3.015136718750000000e+00 -4.250488281250000000e+00 5.922851562500000000e-01
2.568408203124999956e-01 5.709228515625000000e-01 8.949707031250000444e-01 4.551757812499999944e-02 9.884082031249999956e-01 -5.410297851562499982e-01 3.273925781250000000e+00 -4.372558593750000000e+00 3.234863281250000000e+00 1.999511718750000000e+00 1.842285156250000000e+00
4.468408203124999978e-01 8.209228515625000000e-01 7.149707031250001066e-01 6.551757812500000333e-02 8.884082031250000178e-01 -1.374029785156249961e+00 -1.726074218750000000e+00 6.274414062500000000e-01 -1.765136718750000000e+00 -3.000488281250000000e+00 8.422851562500000000e-01
3.518408203124999689e-01 6.959228515625000000e-01 6.249707031250000266e-01 3.551757812499999750e-02 9.384082031250000622e-01 -9.575297851562500906e-01 -4.226074218750000000e+00 -1.872558593750000000e+00 7.348632812500000000e-01 -5.004882812500000000e-01 1.342285156250000000e+00
1.618408203124999944e-01 9.459228515625000000e-01 8.049707031249999645e-01 5.551757812500000833e-02 1.038408203124999929e+00 -1.790529785156250053e+00 7.739257812500000000e-01 3.127441406250000000e+00 -4.265136718750000000e+00 4.499511718750000000e+00 3.422851562500000000e-01
1.499658203124999978e-01 7.115478515625000000e-01 8.612207031250000977e-01 5.426757812500000722e-02 1.007158203124999929e+00 -1.321967285156250060e+00 -7.885742187500000000e-01 9.399414062500000000e-01 -4.577636718750000000e+00 -3.312988281250000000e+00 6.547851562500000000e-01
3.399658203125000000e-01 9.615478515625000000e-01 6.812207031250000488e-01 3.426757812500000333e-02 9.071582031250000622e-01 -4.889672851562500977e-01 4.211425781250000000e+00 -4.060058593750000000e+00 4.223632812500000000e-01 1.687011718750000000e+00 1.654785156250000000e+00
4.349658203124999734e-01 5.865478515625000000e-01 5.912207031250000799e-01 6.426757812500000222e-02 9.571582031249999956e-01 -1.738467285156249931e+00 1.711425781250000000e+00 3.439941406250000000e+00 -2.077636718750000000e+00 4.187011718750000000e+00 1.547851562500000000e-01
2.449658203124999989e-01 8.365478515625000000e-01 7.712207031250000178e-01 4.426757812499999833e-02 1.057158203124999973e+00 -9.054672851562499680e-01 -3.288574218750000000e+00 -1.560058593750000000e+00 2.922363281250000000e+00 -8.129882812500000000e-01 1.154785156250000000e+00
2.924658203125000133e-01 5.240478515625000000e-01 7.262207031250000888e-01 5.926757812500000472e-02 9.321582031249999734e-01 -1.113717285156250014e+00 -2.038574218750000000e+00 -2.810058593750000000e+00 -3.327636718750000000e+00 2.937011718750000000e+00 4.047851562500000000e-01
4.824658203125000155e-01 7.740478515625000000e-01 9.062207031250000266e-01 3.926757812500000083e-02 1.032158203125000062e+00 -1.946717285156249977e+00 2.961425781250000000e+00 2.189941406250000000e+00 1.672363281250000000e+00 -2.062988281250000000e+00 1.404785156250000000e+00
3.874658203124999867e-01 6.490478515625000000e-01 8.162207031250000577e-01 6.926757812500000666e-02 9.821582031250000178e-01 -6.972172851562501439e-01 4.614257812500000000e-01 -3.100585937500000000e-01 -8.276367187500000000e-01 -4.562988281250000000e+00 9.047851562500000000e-01
1.974658203124999845e-01 8.990478515625000000e-01 6.362207031250000089e-01 4.926757812500000278e-02 8.821582031250000400e-01 -1.530217285156250107e+00 -4.538574218750000000e+00 4.689941406250000000e+00 4.172363281250000000e+00 4.370117187500000000e-01 1.904785156250000000e+00
1.737158203124999911e-01 6.177978515625000000e-01 7.487207031250000533e-01 3.676757812499999861e-02 9.196582031250000178e-01 -1.426092285156249861e+00 -1.635742187500000000e-01 -9.350585937500000000e-01 -2.702636718750000000e+00 -2.687988281250000000e+00 1.779785156250000000e+00
3.637158203124999933e-01 8.677978515625000000e-01 5.687207031250000044e-01 5.676757812500000250e-02 1.019658203125000107e+00 -5.930922851562501208e-01 4.836425781250000000e+00 4.064941406250000000e+00 2.297363281250000000e+00 2.312011718750000000e+00 7.797851562500000000e-01
4.587158203125000222e-01 7.427978515625000000e-01 6.587207031250000844e-01 4.676757812500000056e-02 1.069658203125000151e+00 -1.842592285156249954e+00 2.336425781250000000e+00 -3.435058593750000000e+00 -2.026367187500000000e-01 4.812011718750000000e+00 1.279785156250000000e+00
2.687158203124999645e-01 9.927978515625000000e-01 8.387207031250000222e-01 6.676757812500000444e-02 9.696582031250000622e-01 -1.009592285156249991e+00 -2.663574218750000000e+00 1.564941406250000000e+00 4.797363281250000000e+00 -1.879882812500000000e-01 2.797851562500000000e-01
2.212158203124999778e-01 6.802978515625000000e-01 6.137207031250000444e-01 3.176757812500000111e-02 1.044658203125000018e+00 -8.013422851562499449e-01 -1.413574218750000000e+00 2.814941406250000000e+00 -3.952636718750000000e+00 3.562011718750000000e+00 1.029785156250000000e+00
4.112158203124999800e-01 9.302978515625000000e-01 7.937207031249999822e-01 5.176757812500000500e-02 9.446582031250000400e-01 -1.634342285156249908e+00 3.586425781250000000e+00 -2.185058593750000000e+00 1.047363281250000000e+00 -1.437988281250000000e+00 2.978515625000000000e-02
3.162158203125000067e-01 5.552978515625000000e-01 8.837207031250000622e-01 4.176757812500000305e-02 8.946582031249999956e-01 -3.848422851562500746e-01 1.086425781250000000e+00 3.149414062500000000e-01 -1.452636718750000000e+00 -3.937988281250000000e+00 1.529785156250000000e+00
1.262158203125000044e-01 8.052978515625000000e-01 7.037207031250000133e-01 6.176757812500000694e-02 9.946582031250000844e-01 -1.217842285156250037e+00 -3.913574218750000000e+00 -4.685058593750000000e+00 3.547363281250000000e+00 1.062011718750000000e+00 5.297851562500000000e-01
1.291845703124999967e-01 6.060791015625000000e-01 8.809082031249999556e-01 5.645507812500000222e-02 9.493457031249999956e-01 -1.517201660156250131e+00 2.570800781250000000e+00 -1.325683593750000000e+00 -9.057617187500000000e-01 -4.328613281250000000e+00 1.264160156250000000e+00
3.191845703125000266e-01 8.560791015625000000e-01 7.009082031250000178e-01 3.645507812499999833e-02 1.049345703124999973e+00 -6.842016601562501688e-01 -2.429199218750000000e+00 3.674316406250000000e+00 4.094238281250000000e+00 6.713867187500000000e-01 2.641601562500000000e-01
4.141845703125000000e-01 7.310791015625000000e-01 6.109082031250000488e-01 6.645507812500001110e-02 9.993457031250000400e-01 -1.933701660156250002e+00 -4.929199218750000000e+00 -3.825683593750000000e+00 -3.405761718750000000e+00 3.171386718750000000e+00 1.764160156250000000e+00
2.241845703124999978e-01 9.810791015625000000e-01 7.909082031250000977e-01 4.645507812500000722e-02 8.993457031250000622e-01 -1.100701660156250039e+00 7.080078125000000000e-02 1.174316406250000000e+00 1.594238281250000000e+00 -1.828613281250000000e+00 7.641601562500000000e-01
2.716845703124999845e-01 6.685791015625000000e-01 6.559082031250000888e-01 5.145507812500000472e-02 9.743457031250000178e-01 -8.924516601562499929e-01 3.820800781250000000e+00 4.924316406250000000e+00 -2.155761718750000000e+00 4.421386718750000000e+00 1.514160156250000000e+00
4.616845703124999867e-01 9.185791015625000000e-01 8.359082031250000266e-01 3.145507812500000083e-02 8.743457031250000400e-01 -1.725451660156249956e+00 -1.179199218750000000e+00 -7.568359375000000000e-02 2.844238281250000000e+00 -5.786132812500000000e-01 5.141601562500000000e-01
3.666845703125000133e-01 5.435791015625000000e-01 7.459082031250000577e-01 6.145507812500000666e-02 9.243457031249999734e-01 -4.759516601562501226e-01 -3.679199218750000000e+00 2.424316406250000000e+00 -4.655761718750000000e+00 -3.078613281250000000e+00 1.014160156250000000e+00
1.766845703125000111e-01 7.935791015625000000e-01 5.659082031250000089e-01 4.145507812500000278e-02 1.024345703125000062e+00 -1.308951660156250085e+00 1.320800781250000000e+00 -2.575683593750000000e+00 3.442382812500000000e-01 1.921386718750000000e+00 1.416015625000000000e-02
2.004345703125000044e-01 6.998291015625000000e-01 8.134082031250000622e-01 3.395507812499999611e-02 1.061845703125000151e+00 -1.204826660156250062e+00 3.195800781250000000e+00 1.799316406250000000e+00 -1.530761718750000000e+00 -4.953613281250000000e+00 1.391601562500000000e-01
3.904345703125000067e-01 9.498291015625000000e-01 6.334082031250000133e-01 5.395507812500000000e-02 9.618457031250000622e-01 -3.718266601562500995e-01 -1.804199218750000000e+00 -3.200683593750000000e+00 3.469238281250000000e+00 4.638671875000000000e-02 1.139160156250000000e+00
4.854345703124999800e-01 5.748291015625000000e-01 7.234082031249999822e-01 4.395507812500000500e-02 9.118457031250000178e-01 -1.621326660156249932e+00 -4.304199218750000000e+00 4.299316406250000000e+00 -4.030761718750000000e+00 2.546386718750000000e+00 6.391601562500000000e-01
2.954345703124999778e-01 8.248291015625000000e-01 9.034082031250000311e-01 6.395507812500000888e-02 1.011845703125000107e+00 -7.883266601562499698e-01 6.958007812500000000e-01 -7.006835937500000000e-01 9.692382812500000000e-01 -2.453613281250000000e+00 1.639160156250000000e+00
2.479345703124999911e-01 5.123291015625000000e-01 5.884082031250000844e-01 3.895507812500000056e-02 8.868457031249999956e-01 -9.965766601562500160e-01 4.445800781250000000e+00 -4.450683593750000000e+00 -2.807617187500000000e-01 3.796386718750000000e+00 8.891601562500000000e-01
4.379345703124999933e-01 7.623291015625000000e-01 7.684082031250000222e-01 5.895507812500000444e-02 9.868457031249999734e-01 -1.829576660156249979e+00 -5.541992187500000000e-01 5.493164062500000000e-01 4.719238281250000000e+00 -1.203613281250000000e+00 1.889160156250000000e+00
3.429345703124999645e-01 6.373291015625000000e-01 8.584082031249999911e-01 4.895507812500000250e-02 1.036845703125000018e+00 -5.800766601562501457e-01 -3.054199218750000000e+00 -1.950683593750000000e+00 -2.780761718750000000e+00 -3.703613281250000000e+00 3.891601562500000000e-01
1.529345703124999900e-01 8.873291015625000000e-01 6.784082031250000533e-01 6.895507812500001332e-02 9.368457031250000400e-01 -1.413076660156249886e+00 1.945800781250000000e+00 3.049316406250000000e+00 2.219238281250000000e+00 1.296386718750000000e+00 1.389160156250000000e+00
1.648095703124999867e-01 6.529541015625000000e-01 6.221582031250000311e-01 6.020507812500000555e-02 9.055957031250000400e-01 -1.881639160156250101e+00 -2.116699218750000000e+00 2.368164062500000000e-01 1.281738281250000000e+00 -2.661132812500000000e-01 1.576660156250000000e+00
3.548095703124999889e-01 9.029541015625000000e-01 8.021582031250000799e-01 4.020507812500000167e-02 1.005595703125000018e+00 -1.048639160156250139e+00 2.883300781250000000e+00 -4.763183593750000000e+00 -3.718261718750000000e+00 4.733886718750000000e+00 5.766601562500000000e-01
4.498095703125000178e-01 5.279541015625000000e-01 8.921582031250000488e-01 5.020507812500000361e-02 1.055595703125000062e+00 -1.465139160156250009e+00 3.833007812500000000e-01 2.736816406250000000e+00 3.781738281250000000e+00 2.233886718750000000e+00 1.076660156250000000e+00
2.598095703124999600e-01 7.779541015625000000e-01 7.121582031250000000e-01 3.020507812499999972e-02 9.555957031249999734e-01 -6.321391601562500462e-01 -4.616699218750000000e+00 -2.263183593750000000e+00 -1.218261718750000000e+00 -2.766113281250000000e+00 7.666015625000000000e-02
3.073095703125000022e-01 5.904541015625000000e-01 7.571582031250000400e-01 6.520507812500000999e-02 1.030595703124999929e+00 -4.238891601562500000e-01 -8.666992187500000000e-01 -3.513183593750000000e+00 3.173828125000000000e-02 9.838867187500000000e-01 1.326660156250000000e+00
4.973095703125000044e-01 8.404541015625000000e-01 5.771582031249999911e-01 4.520507812500000611e-02 9.305957031250000622e-01 -1.256889160156250185e+00 4.133300781250000000e+00 1.486816406250000000e+00 -4.968261718750000000e+00 -4.016113281250000000e+00 3.266601562500000000e-01
4.023095703124999756e-01 7.154541015625000000e-01 6.671582031250000711e-01 5.520507812500000111e-02 8.805957031250000178e-01 -8.403891601562500924e-01 1.633300781250000000e+00 -1.013183593750000000e+00 2.531738281250000000e+00 -1.516113281250000000e+00 1.826660156250000000e+00
2.123095703125000011e-01 9.654541015625000000e-01 8.471582031250000089e-01 3.520507812499999722e-02 9.805957031249999956e-01 -1.673389160156250055e+00 -3.366699218750000000e+00 3.986816406250000000e+00 -2.468261718750000000e+00 3.483886718750000000e+00 8.266601562500000000e-01
1.885595703124999800e-01 5.592041015625000000e-01 6.896582031250000355e-01 4.770507812500000139e-02 1.018095703124999973e+00 -1.777514160156250078e+00 -1.491699218750000000e+00 -3.881835937500000000e-01 6.567382812500000000e-01 -8.911132812500000000e-01 9.516601562500000000e-01
3.785595703124999822e-01 8.092041015625000000e-01 8.696582031249999734e-01 6.770507812500001221e-02 9.180957031249999956e-01 -9.445141601562501155e-01 3.508300781250000000e+00 4.611816406250000000e+00 -4.343261718750000000e+00 4.108886718750000000e+00 1.951660156250000000e+00
4.735595703125000111e-01 6.842041015625000000e-01 7.796582031250000044e-01 3.770507812499999944e-02 9.680957031250000400e-01 -1.361014160156249986e+00 1.008300781250000000e+00 -2.888183593750000000e+00 3.156738281250000000e+00 1.608886718750000000e+00 4.516601562500000000e-01
2.835595703125000089e-01 9.342041015625000000e-01 5.996582031250000666e-01 5.770507812500000333e-02 1.068095703125000018e+00 -5.280141601562500231e-01 -3.991699218750000000e+00 2.111816406250000000e+00 -1.843261718750000000e+00 -3.391113281250000000e+00 1.451660156250000000e+00
2.360595703124999944e-01 7.467041015625000000e-01 8.246582031250000444e-01 4.270507812500000389e-02 9.430957031250000178e-01 -7.362641601562500693e-01 -2.416992187500000000e-01 3.361816406250000000e+00 1.906738281250000000e+00 3.588867187500000000e-01 2.016601562500000000e-01
4.260595703125000244e-01 9.967041015625000000e-01 6.446582031249999956e-01 6.270507812500000777e-02 1.043095703125000107e+00 -1.569264160156250032e+00 4.758300781250000000e+00 -1.638183593750000000e+00 -3.093261718750000000e+00 -4.641113281250000000e+00 1.201660156250000000e+00
3.310595703124999956e-01 6.217041015625000000e-01 5.546582031250000266e-01 3.270507812500000194e-02 9.930957031250000622e-01 -1.152764160156249940e+00 2.258300781250000000e+00 8.618164062500000000e-01 4.406738281250000000e+00 -2.141113281250000000e+00 7.016601562500000000e-01
1.410595703124999933e-01 8.717041015625000000e-01 7.346582031250000755e-01 5.270507812499999889e-02 8.930957031249999734e-01 -1.985764160156249902e+00 -2.741699218750000000e+00 -4.138183593750000000e+00 -5.932617187500000000e-01 2.858886718750000000e+00 1.701660156250000000e+00
1.351220703125000089e-01 7.232666015625000000e-01 7.177832031249999911e-01 3.958007812500000111e-02 1.033720703124999973e+00 -4.499204101562501723e-01 2.270507812500000000e-01 4.455566406250000000e+00 4.875488281250000000e+00 -3.859863281250000000e+00 1.170410156250000000e+00
3.251220703125000111e-01 9.732666015625000000e-01 8.977832031250000400e-01 5.958007812500000500e-02 9.337207031249999956e-01 -1.282920410156250135e+00 -4.772949218750000000e+00 -5.444335937500000000e-01 -1.245117187500000000e-01 1.140136718750000000e+00 1.704101562500000000e-01
4.201220703124999845e-01 5.982666015625000000e-01 8.077832031250000711e-01 4.958007812500000305e-02 8.837207031249999512e-01 -8.664204101562500426e-01 -2.272949218750000000e+00 1.955566406250000000e+00 2.375488281250000000e+00 3.640136718750000000e+00 1.670410156250000000e+00
2.301220703124999822e-01 8.482666015625000000e-01 6.277832031250000222e-01 6.958007812500000000e-02 9.837207031250000400e-01 -1.699420410156250005e+00 2.727050781250000000e+00 -3.044433593750000000e+00 -2.624511718750000000e+00 -1.359863281250000000e+00 6.704101562500000000e-01
2.776220703124999689e-01 5.357666015625000000e-01 8.527832031250000000e-01 3.458007812499999667e-02 9.087207031249999734e-01 -1.907670410156250052e+00 1.477050781250000000e+00 -1.794433593750000000e+00 3.625488281250000000e+00 4.890136718750000000e+00 1.920410156250000000e+00
4.676220703125000266e-01 7.857666015625000000e-01 6.727832031250000622e-01 5.458007812500000056e-02 1.008720703125000062e+00 -1.074670410156250089e+00 -3.522949218750000000e+00 3.205566406250000000e+00 -1.374511718750000000e+00 -1.098632812500000000e-01 9.204101562500000000e-01
3.726220703124999978e-01 6.607666015625000000e-01 5.827832031250000933e-01 4.458007812500000555e-02 1.058720703125000107e+00 -1.491170410156250181e+00 -1.022949218750000000e+00 -4.294433593750000000e+00 1.125488281250000000e+00 -2.609863281250000000e+00 1.420410156250000000e+00
1.826220703124999956e-01 9.107666015625000000e-01 7.627832031250000311e-01 6.458007812499999556e-02 9.587207031250000178e-01 -6.581704101562499964e-01 3.977050781250000000e+00 7.055664062500000000e-01 -3.874511718750000000e+00 2.390136718750000000e+00 4.204101562500000000e-01
2.063720703124999889e-01 5.670166015625000000e-01 6.052832031250000577e-01 5.208007812499999833e-02 9.212207031250000400e-01 -5.540454101562499734e-01 8.520507812500000000e-01 -4.919433593750000000e+00 3.000488281250000000e+00 -4.484863281250000000e+00 2.954101562500000000e-01
3.963720703124999911e-01 8.170166015625000000e-01 7.852832031249999956e-01 3.208007812500000139e-02 1.021220703125000018e+00 -1.387045410156249936e+00 -4.147949218750000000e+00 8.056640625000000000e-02 -1.999511718750000000e+00 5.151367187500000000e-01 1.295410156250000000e+00
4.913720703125000200e-01 6.920166015625000000e-01 8.752832031249999645e-01 6.208007812500000722e-02 9.712207031249999734e-01 -9.705454101562500657e-01 -1.647949218750000000e+00 -2.419433593750000000e+00 5.004882812500000000e-01 3.015136718750000000e+00 7.954101562500000000e-01
3.013720703125000178e-01 9.420166015625000000e-01 6.952832031250000266e-01 4.208007812500000333e-02 8.712207031249999956e-01 -1.803545410156250028e+00 3.352050781250000000e+00 2.580566406250000000e+00 -4.499511718750000000e+00 -1.984863281250000000e+00 1.795410156250000000e+00
2.538720703125000311e-01 6.295166015625000000e-01 7.402832031250000666e-01 5.708007812500000278e-02 9.962207031250001066e-01 -1.595295410156249982e+00 2.102050781250000000e+00 1.330566406250000000e+00 4.250488281250000000e+00 4.265136718750000000e+00 5.454101562500000000e-01
4.438720703124999778e-01 8.795166015625000000e-01 5.602832031250000178e-01 3.708007812499999889e-02 8.962207031250000178e-01 -7.622954101562500195e-01 -2.897949218750000000e+00 -3.669433593750000000e+00 -7.495117187500000000e-01 -7.348632812500000000e-01 1.545410156250000000e+00
3.488720703125000044e-01 5.045166015625000000e-01 6.502832031250000977e-01 6.708007812499999778e-02 9.462207031250000622e-01 -1.178795410156249890e+00 -3.979492187500000000e-01 3.830566406250000000e+00 1.750488281250000000e+00 -3.234863281250000000e+00 4.541015625000000000e-02
1.588720703125000022e-01 7.545166015625000000e-01 8.302832031250000355e-01 4.708007812500000083e-02 1.046220703125000151e+00 -3.457954101562501492e-01 4.602050781250000000e+00 -1.169433593750000000e+00 -3.249511718750000000e+00 1.765136718750000000e+00 1.045410156250000000e+00
1.469970703125000056e-01 5.201416015625000000e-01 7.965332031250000888e-01 4.333007812500000444e-02 9.899707031250000178e-01 -8.143579101562501421e-01 -4.460449218750000000e+00 -3.356933593750000000e+00 -2.937011718750000000e+00 -4.223632812500000000e-01 1.982910156250000000e+00
3.369970703125000355e-01 7.701416015625000000e-01 6.165332031250000400e-01 6.333007812500000833e-02 8.899707031250000400e-01 -1.647357910156249883e+00 5.395507812500000000e-01 1.643066406250000000e+00 2.062988281250000000e+00 4.577636718750000000e+00 9.829101562500000000e-01
4.319970703125000089e-01 6.451416015625000000e-01 7.065332031250000089e-01 3.333007812500000250e-02 9.399707031249999734e-01 -3.978579101562500497e-01 3.039550781250000000e+00 -8.569335937500000000e-01 -4.370117187500000000e-01 2.077636718750000000e+00 1.482910156250000000e+00
2.419970703125000067e-01 8.951416015625000000e-01 8.865332031250000577e-01 5.333007812499999944e-02 1.039970703125000062e+00 -1.230857910156250012e+00 -1.960449218750000000e+00 4.143066406250000000e+00 4.562988281250000000e+00 -2.922363281250000000e+00 4.829101562500000000e-01
2.894970703124999933e-01 7.076416015625000000e-01 5.715332031250000000e-01 4.833007812500000194e-02 9.649707031249999956e-01 -1.439107910156250059e+00 -3.210449218750000000e+00 3.930664062500000000e-01 -4.187011718750000000e+00 8.276367187500000000e-01 1.232910156250000000e+00
4.794970703124999956e-01 9.576416015625000000e-01 7.515332031250000488e-01 6.833007812499999889e-02 1.064970703124999973e+00 -6.061079101562500959e-01 1.789550781250000000e+00 -4.606933593750000000e+00 8.129882812500000000e-01 -4.172363281250000000e+00 2.329101562500000000e-01
3.844970703125000222e-01 5.826416015625000000e-01 8.415332031250000178e-01 3.833007812500000000e-02 1.014970703124999929e+00 -1.855607910156249929e+00 4.289550781250000000e+00 2.893066406250000000e+00 -1.687011718750000000e+00 -1.672363281250000000e+00 1.732910156250000000e+00
1.944970703124999922e-01 8.326416015625000000e-01 6.615332031250000799e-01 5.833007812500000389e-02 9.149707031250000622e-01 -1.022607910156250188e+00 -7.104492187500000000e-01 -2.106933593750000000e+00 3.312988281250000000e+00 3.327636718750000000e+00 7.329101562500000000e-01
1.707470703124999989e-01 6.763916015625000000e-01 9.090332031250000222e-01 6.583007812499999667e-02 8.774707031249999734e-01 -1.126732910156249989e+00 -3.835449218750000000e+00 3.518066406250000000e+00 -4.812011718750000000e+00 -1.047363281250000000e+00 6.079101562500000000e-01
3.607470703124999734e-01 9.263916015625000000e-01 7.290332031249999734e-01 4.583007812500000666e-02 9.774707031250000622e-01 -1.959732910156249952e+00 1.164550781250000000e+00 -1.481933593750000000e+00 1.879882812500000000e-01 3.952636718750000000e+00 1.607910156250000000e+00
4.557470703125000022e-01 5.513916015625000000e-01 6.390332031250000044e-01 5.583007812500000167e-02 1.027470703125000107e+00 -7.102329101562501190e-01 3.664550781250000000e+00 1.018066406250000000e+00 -2.312011718750000000e+00 1.452636718750000000e+00 1.079101562500000000e-01
2.657470703125000000e-01 8.013916015625000000e-01 8.190332031250000533e-01 3.583007812499999778e-02 9.274707031250000178e-01 -1.543232910156250082e+00 -1.335449218750000000e+00 -3.981933593750000000e+00 2.687988281250000000e+00 -3.547363281250000000e+00 1.107910156250000000e+00
2.182470703125000133e-01 6.138916015625000000e-01 6.840332031250000444e-01 6.083007812500000611e-02 1.052470703125000018e+00 -1.334982910156250036e+00 -2.585449218750000000e+00 -2.319335937500000000e-01 -3.562011718750000000e+00 2.026367187500000000e-01 3.579101562500000000e-01
4.082470703125000155e-01 8.638916015625000000e-01 8.640332031249999822e-01 4.083007812500000222e-02 9.524707031250000400e-01 -5.019829101562500728e-01 2.414550781250000000e+00 4.768066406250000000e+00 1.437988281250000000e+00 -4.797363281250000000e+00 1.357910156250000000e+00
3.132470703124999867e-01 7.388916015625000000e-01 7.740332031250000133e-01 5.083007812500000416e-02 9.024707031249999956e-01 -1.751482910156250128e+00 4.914550781250000000e+00 -2.731933593750000000e+00 -1.062011718750000000e+00 -2.297363281250000000e+00 8.579101562500000000e-01
1.232470703124999983e-01 9.888916015625000000e-01 5.940332031250000755e-01 3.083007812500000028e-02 1.002470703124999973e+00 -9.184829101562499432e-01 -8.544921875000000000e-02 2.268066406250000000e+00 3.937988281250000000e+00 2.702636718750000000e+00 1.857910156250000000e+00
1.247314453124999944e-01 5.103759765625000000e-01 6.629394531250000222e-01 5.348632812500000305e-02 8.985644531249999956e-01 -3.392875976562501616e-01 3.156738281250000000e+00 6.665039062500000000e-01 4.289550781250000000e+00 3.601074218750000000e+00 1.240722656250000000e+00
3.147314453124999689e-01 7.603759765625000000e-01 8.429394531250000711e-01 3.348632812499999917e-02 9.985644531249999734e-01 -1.172287597656250124e+00 -1.843261718750000000e+00 -4.333496093750000000e+00 -7.104492187500000000e-01 -1.398925781250000000e+00 2.407226562500000000e-01
4.097314453124999978e-01 6.353759765625000000e-01 7.529394531249999911e-01 6.348632812500000500e-02 1.048564453125000018e+00 -7.557875976562500320e-01 -4.343261718750000000e+00 3.166503906250000000e+00 1.789550781250000000e+00 -3.898925781250000000e+00 1.740722656250000000e+00
2.197314453124999956e-01 8.853759765625000000e-01 5.729394531250000533e-01 4.348632812500000111e-02 9.485644531250000400e-01 -1.588787597656249995e+00 6.567382812500000000e-01 -1.833496093750000000e+00 -3.210449218750000000e+00 1.101074218750000000e+00 7.407226562500000000e-01
2.672314453124999822e-01 6.978759765625000000e-01 8.879394531250000000e-01 5.848632812500000056e-02 1.023564453125000107e+00 -1.797037597656250041e+00 4.406738281250000000e+00 -3.083496093750000000e+00 3.039550781250000000e+00 -2.648925781250000000e+00 1.990722656250000000e+00
4.572314453124999845e-01 9.478759765625000000e-01 7.079394531250000622e-01 3.848632812499999667e-02 9.235644531250000178e-01 -9.640375976562500782e-01 -5.932617187500000000e-01 1.916503906250000000e+00 -1.960449218750000000e+00 2.351074218750000000e+00 9.907226562500000000e-01
3.622314453125000111e-01 5.728759765625000000e-01 6.179394531249999822e-01 6.848632812500000944e-02 8.735644531249999734e-01 -1.380537597656250171e+00 -3.093261718750000000e+00 -5.834960937500000000e-01 5.395507812500000000e-01 4.851074218750000000e+00 1.490722656250000000e+00
1.722314453125000089e-01 8.228759765625000000e-01 7.979394531250000311e-01 4.848632812500000555e-02 9.735644531250000622e-01 -5.475375976562499858e-01 1.906738281250000000e+00 4.416503906250000000e+00 -4.460449218750000000e+00 -1.489257812500000000e-01 4.907226562500000000e-01
1.959814453125000022e-01 6.666259765625000000e-01 5.504394531250000888e-01 3.598632812500000139e-02 1.011064453124999929e+00 -6.516625976562500089e-01 2.531738281250000000e+00 -1.208496093750000000e+00 3.664550781250000000e+00 2.976074218750000000e+00 3.657226562500000000e-01
3.859814453125000044e-01 9.166259765625000000e-01 7.304394531250000266e-01 5.598632812500000527e-02 9.110644531250000622e-01 -1.484662597656249972e+00 -2.468261718750000000e+00 3.791503906250000000e+00 -1.335449218750000000e+00 -2.023925781250000000e+00 1.365722656250000000e+00
4.809814453124999778e-01 5.416259765625000000e-01 8.204394531250001066e-01 4.598632812500000333e-02 9.610644531249999956e-01 -1.068162597656249879e+00 -4.968261718750000000e+00 -3.708496093750000000e+00 1.164550781250000000e+00 -4.523925781250000000e+00 8.657226562500000000e-01
2.909814453125000311e-01 7.916259765625000000e-01 6.404394531250000577e-01 6.598632812500000722e-02 1.061064453124999973e+00 -1.901162597656250064e+00 3.173828125000000000e-02 1.291503906250000000e+00 -3.835449218750000000e+00 4.760742187500000000e-01 1.865722656250000000e+00
2.434814453124999889e-01 6.041259765625000000e-01 7.754394531250000666e-01 3.098632812500000042e-02 9.360644531249999734e-01 -1.692912597656250018e+00 3.781738281250000000e+00 2.541503906250000000e+00 4.914550781250000000e+00 -3.273925781250000000e+00 6.157226562500000000e-01
4.334814453124999911e-01 8.541259765625000000e-01 5.954394531250000178e-01 5.098632812500000777e-02 1.036064453125000062e+00 -8.599125976562500551e-01 -1.218261718750000000e+00 -2.458496093750000000e+00 -8.544921875000000000e-02 1.726074218750000000e+00 1.615722656250000000e+00
3.384814453125000178e-01 7.291259765625000000e-01 6.854394531250000977e-01 4.098632812499999889e-02 9.860644531250000178e-01 -1.276412597656249925e+00 -3.718261718750000000e+00 4.150390625000000000e-02 2.414550781250000000e+00 4.226074218750000000e+00 1.157226562500000000e-01
1.484814453124999878e-01 9.791259765625000000e-01 8.654394531250000355e-01 6.098632812500000278e-02 8.860644531250000400e-01 -4.434125976562499627e-01 1.281738281250000000e+00 -4.958496093750000000e+00 -2.585449218750000000e+00 -7.739257812500000000e-01 1.115722656250000000e+00
1.603564453124999845e-01 7.447509765625000000e-01 7.416894531250000089e-01 6.973632812499999667e-02 9.548144531250000178e-01 -9.119750976562499556e-01 -1.530761718750000000e+00 -2.145996093750000000e+00 -3.522949218750000000e+00 2.038574218750000000e+00 1.928222656250000000e+00
3.503564453124999867e-01 9.947509765625000000e-01 5.616894531250000711e-01 4.973632812500000666e-02 1.054814453125000107e+00 -1.744975097656249918e+00 3.469238281250000000e+00 2.854003906250000000e+00 1.477050781250000000e+00 -2.961425781250000000e+00 9.282226562500000000e-01
4.453564453125000155e-01 6.197509765625000000e-01 6.516894531250000400e-01 5.973632812500000167e-02 1.004814453125000062e+00 -4.954750976562500853e-01 9.692382812500000000e-01 -4.645996093750000000e+00 -1.022949218750000000e+00 -4.614257812500000000e-01 1.428222656250000000e+00
2.553564453125000133e-01 8.697509765625000000e-01 8.316894531250000888e-01 3.973632812499999778e-02 9.048144531249999734e-01 -1.328475097656250048e+00 -4.030761718750000000e+00 3.540039062500000000e-01 3.977050781250000000e+00 4.538574218750000000e+00 4.282226562500000000e-01
3.028564453125000000e-01 5.572509765625000000e-01 6.066894531250000000e-01 6.473632812500000611e-02 9.798144531250000400e-01 -1.536725097656250094e+00 -2.807617187500000000e-01 4.104003906250000000e+00 -4.772949218750000000e+00 -1.711425781250000000e+00 1.178222656250000000e+00
4.928564453125000022e-01 8.072509765625000000e-01 7.866894531250000488e-01 4.473632812500000222e-02 8.798144531249999512e-01 -7.037250976562501315e-01 4.719238281250000000e+00 -8.959960937500000000e-01 2.270507812500000000e-01 3.288574218750000000e+00 1.782226562500000000e-01
3.978564453124999734e-01 6.822509765625000000e-01 8.766894531250000178e-01 5.473632812500000416e-02 9.298144531249999956e-01 -1.953225097656249964e+00 2.219238281250000000e+00 1.604003906250000000e+00 -2.272949218750000000e+00 7.885742187500000000e-01 1.678222656250000000e+00
2.078564453124999989e-01 9.322509765625000000e-01 6.966894531250000799e-01 3.473632812500000028e-02 1.029814453124999973e+00 -1.120225097656250002e+00 -2.780761718750000000e+00 -3.395996093750000000e+00 2.727050781250000000e+00 -4.211425781250000000e+00 6.782226562500000000e-01
1.841064453124999778e-01 5.885009765625000000e-01 8.541894531250000533e-01 4.223632812500000000e-02 1.067314453125000062e+00 -1.016100097656249979e+00 -2.155761718750000000e+00 2.229003906250000000e+00 -4.147949218750000000e+00 1.413574218750000000e+00 5.532226562500000000e-01
3.741064453124999800e-01 8.385009765625000000e-01 6.741894531250000044e-01 6.223632812500000389e-02 9.673144531249999734e-01 -1.849100097656249941e+00 2.844238281250000000e+00 -2.770996093750000000e+00 8.520507812500000000e-01 -3.586425781250000000e+00 1.553222656250000000e+00
4.691064453125000089e-01 7.135009765625000000e-01 5.841894531250000355e-01 3.223632812499999806e-02 9.173144531250000400e-01 -5.996000976562501084e-01 3.442382812500000000e-01 4.729003906250000000e+00 -1.647949218750000000e+00 -1.086425781250000000e+00 5.322265625000000000e-02
2.791064453125000067e-01 9.635009765625000000e-01 7.641894531249999734e-01 5.223632812500000194e-02 1.017314453125000018e+00 -1.432600097656250071e+00 -4.655761718750000000e+00 -2.709960937500000000e-01 3.352050781250000000e+00 3.913574218750000000e+00 1.053222656250000000e+00
2.316064453124999922e-01 6.510009765625000000e-01 7.191894531250000444e-01 4.723632812500000444e-02 8.923144531250000178e-01 -1.224350097656250025e+00 -9.057617187500000000e-01 -4.020996093750000000e+00 -2.897949218750000000e+00 -2.336425781250000000e+00 3.032226562500000000e-01
4.216064453125000222e-01 9.010009765625000000e-01 8.991894531249999822e-01 6.723632812500000833e-02 9.923144531249999956e-01 -3.913500976562500622e-01 4.094238281250000000e+00 9.790039062500000000e-01 2.102050781250000000e+00 2.663574218750000000e+00 1.303222656250000000e+00
3.266064453124999933e-01 5.260009765625000000e-01 8.091894531250000133e-01 3.723632812500000250e-02 1.042314453124999929e+00 -1.640850097656250117e+00 1.594238281250000000e+00 -1.520996093750000000e+00 -3.979492187500000000e-01 1.635742187500000000e-01 8.032226562500000000e-01
1.366064453124999911e-01 7.760009765625000000e-01 6.291894531250000755e-01 5.723632812499999944e-02 9.423144531250000622e-01 -8.078500976562501545e-01 -3.405761718750000000e+00 3.479003906250000000e+00 4.602050781250000000e+00 -4.836425781250000000e+00 1.803222656250000000e+00
1.425439453125000033e-01 6.275634765625000000e-01 8.373144531250000799e-01 3.036132812499999986e-02 9.829394531249999734e-01 -1.406568847656250121e+00 8.129882812500000000e-01 -2.614746093750000000e+00 -2.416992187500000000e-01 3.132324218750000000e+00 1.334472656250000000e+00
3.325439453124999778e-01 8.775634765625000000e-01 6.573144531250000311e-01 5.036132812500000722e-02 8.829394531249999956e-01 -5.735688476562501581e-01 -4.187011718750000000e+00 2.385253906250000000e+00 4.758300781250000000e+00 -1.867675781250000000e+00 3.344726562500000000e-01
4.275439453125000067e-01 5.025634765625000000e-01 5.673144531250000622e-01 4.036132812499999833e-02 9.329394531250000400e-01 -1.823068847656249991e+00 -1.687011718750000000e+00 -1.147460937500000000e-01 -2.741699218750000000e+00 -4.367675781250000000e+00 1.834472656250000000e+00
2.375439453125000044e-01 7.525634765625000000e-01 7.473144531250000000e-01 6.036132812500000222e-02 1.032939453125000018e+00 -9.900688476562500284e-01 3.312988281250000000e+00 4.885253906250000000e+00 2.258300781250000000e+00 6.323242187500000000e-01 8.344726562500000000e-01
2.850439453124999911e-01 5.650634765625000000e-01 7.023144531250000711e-01 3.536132812500000083e-02 9.579394531250000622e-01 -7.818188476562499822e-01 2.062988281250000000e+00 1.135253906250000000e+00 -1.491699218750000000e+00 -3.117675781250000000e+00 1.584472656250000000e+00
4.750439453124999933e-01 8.150634765625000000e-01 8.823144531250000089e-01 5.536132812500000472e-02 1.057939453125000151e+00 -1.614818847656249945e+00 -2.937011718750000000e+00 -3.864746093750000000e+00 3.508300781250000000e+00 1.882324218750000000e+00 5.844726562500000000e-01
3.800439453125000200e-01 6.900634765625000000e-01 7.923144531250000400e-01 4.536132812500000278e-02 1.007939453125000107e+00 -3.653188476562501119e-01 -4.370117187500000000e-01 3.635253906250000000e+00 -3.991699218750000000e+00 4.382324218750000000e+00 1.084472656250000000e+00
1.900439453124999900e-01 9.400634765625000000e-01 6.123144531249999911e-01 6.536132812500000666e-02 9.079394531250000178e-01 -1.198318847656250075e+00 4.562988281250000000e+00 -1.364746093750000000e+00 1.008300781250000000e+00 -6.176757812500000000e-01 8.447265625000000000e-02
2.137939453125000111e-01 5.338134765625000000e-01 7.698144531250000755e-01 5.786132812500000000e-02 8.704394531250000400e-01 -1.302443847656249876e+00 1.879882812500000000e-01 3.010253906250000000e+00 -2.116699218750000000e+00 2.507324218750000000e+00 2.094726562500000000e-01
4.037939453125000133e-01 7.838134765625000000e-01 5.898144531250000266e-01 3.786132812499999611e-02 9.704394531250000178e-01 -4.694438476562501350e-01 -4.812011718750000000e+00 -1.989746093750000000e+00 2.883300781250000000e+00 -2.492675781250000000e+00 1.209472656250000000e+00
4.987939453124999867e-01 6.588134765625000000e-01 6.798144531250001066e-01 6.786132812500000888e-02 1.020439453125000062e+00 -1.718943847656249968e+00 -2.312011718750000000e+00 5.102539062500000000e-01 -4.616699218750000000e+00 -4.992675781250000000e+00 7.094726562500000000e-01
3.087939453124999845e-01 9.088134765625000000e-01 8.598144531250000444e-01 4.786132812500000500e-02 9.204394531249999734e-01 -8.859438476562500053e-01 2.687988281250000000e+00 -4.489746093750000000e+00 3.833007812500000000e-01 7.324218750000000000e-03 1.709472656250000000e+00
2.612939453124999978e-01 7.213134765625000000e-01 6.348144531250000666e-01 5.286132812500000250e-02 1.045439453124999973e+00 -1.094193847656250052e+00 1.437988281250000000e+00 -7.397460937500000000e-01 -8.666992187500000000e-01 -3.742675781250000000e+00 9.594726562500000000e-01
4.512939453125000000e-01 9.713134765625000000e-01 8.148144531250001155e-01 3.286132812499999861e-02 9.454394531249999956e-01 -1.927193847656250014e+00 -3.562011718750000000e+00 4.260253906250000000e+00 4.133300781250000000e+00 1.257324218750000000e+00 1.959472656250000000e+00
3.562939453125000266e-01 5.963134765625000000e-01 9.048144531249999734e-01 6.286132812500000444e-02 8.954394531249999512e-01 -6.776938476562499591e-01 -1.062011718750000000e+00 -3.239746093750000000e+00 -3.366699218750000000e+00 3.757324218750000000e+00 4.594726562500000000e-01
1.662939453124999967e-01 8.463134765625000000e-01 7.248144531250000355e-01 4.286132812500000056e-02 9.954394531250000400e-01 -1.510693847656249922e+00 3.937988281250000000e+00 1.760253906250000000e+00 1.633300781250000000e+00 -1.242675781250000000e+00 1.459472656250000000e+00
1.544189453125000000e-01 6.119384765625000000e-01 5.785644531250000444e-01 4.661132812500000389e-02 1.039189453125000107e+00 -1.979256347656249915e+00 -3.874511718750000000e+00 3.947753906250000000e+00 1.945800781250000000e+00 2.194824218750000000e+00 1.521972656250000000e+00
3.444189453125000022e-01 8.619384765625000000e-01 7.585644531249999822e-01 6.661132812500000777e-02 9.391894531250000178e-01 -1.146256347656250174e+00 1.125488281250000000e+00 -1.052246093750000000e+00 -3.054199218750000000e+00 -2.805175781250000000e+00 5.219726562500000000e-01
4.394189453124999756e-01 7.369384765625000000e-01 8.485644531250000622e-01 3.661132812500000194e-02 8.891894531249999734e-01 -1.562756347656250044e+00 3.625488281250000000e+00 1.447753906250000000e+00 4.445800781250000000e+00 -3.051757812500000000e-01 1.021972656250000000e+00
2.494189453125000011e-01 9.869384765625000000e-01 6.685644531250000133e-01 5.661132812499999889e-02 9.891894531250000622e-01 -7.297563476562500817e-01 -1.374511718750000000e+00 -3.552246093750000000e+00 -5.541992187500000000e-01 4.694824218750000000e+00 2.197265625000000000e-02
2.969189453124999600e-01 6.744384765625000000e-01 8.035644531250000222e-01 4.161132812499999944e-02 9.141894531249999956e-01 -5.215063476562500355e-01 -2.624511718750000000e+00 -2.302246093750000000e+00 6.958007812500000000e-01 -1.555175781250000000e+00 1.271972656250000000e+00
4.869189453125000178e-01 9.244384765625000000e-01 6.235644531250000844e-01 6.161132812500000333e-02 1.014189453124999973e+00 -1.354506347656249998e+00 2.375488281250000000e+00 2.697753906250000000e+00 -4.304199218750000000e+00 3.444824218750000000e+00 2.719726562500000000e-01
3.919189453124999889e-01 5.494384765625000000e-01 7.135644531250000533e-01 3.161132812499999750e-02 1.064189453125000018e+00 -9.380063476562501279e-01 4.875488281250000000e+00 -4.802246093750000000e+00 3.195800781250000000e+00 9.448242187500000000e-01 1.771972656250000000e+00
2.019189453124999867e-01 7.994384765625000000e-01 8.935644531249999911e-01 5.161132812500000139e-02 9.641894531250000400e-01 -1.771006347656250091e+00 -1.245117187500000000e-01 1.977539062500000000e-01 -1.804199218750000000e+00 -4.055175781250000000e+00 7.719726562500000000e-01
1.781689453124999933e-01 7.056884765625000000e-01 6.460644531250000488e-01 6.411132812500000555e-02 9.266894531250000622e-01 -1.666881347656250068e+00 -4.499511718750000000e+00 -4.177246093750000000e+00 7.080078125000000000e-02 1.569824218750000000e+00 8.969726562500000000e-01
3.681689453124999956e-01 9.556884765625000000e-01 8.260644531250000977e-01 4.411132812500000167e-02 1.026689453124999929e+00 -8.338813476562501048e-01 5.004882812500000000e-01 8.227539062500000000e-01 -4.929199218750000000e+00 -3.430175781250000000e+00 1.896972656250000000e+00
4.631689453125000244e-01 5.806884765625000000e-01 7.360644531250000178e-01 5.411132812500000361e-02 9.766894531249999956e-01 -1.250381347656249975e+00 3.000488281250000000e+00 -1.677246093750000000e+00 2.570800781250000000e+00 -9.301757812500000000e-01 3.969726562500000000e-01
2.731689453125000222e-01 8.306884765625000000e-01 5.560644531250000799e-01 3.411132812499999972e-02 8.766894531250000178e-01 -4.173813476562500124e-01 -1.999511718750000000e+00 3.322753906250000000e+00 -2.429199218750000000e+00 4.069824218750000000e+00 1.396972656250000000e+00
2.256689453124999800e-01 5.181884765625000000e-01 8.710644531250000266e-01 6.911132812500000999e-02 1.001689453125000018e+00 -6.256313476562500586e-01 -3.249511718750000000e+00 2.072753906250000000e+00 1.320800781250000000e+00 -2.180175781250000000e+00 1.469726562500000000e-01
4.156689453124999822e-01 7.681884765625000000e-01 6.910644531250000888e-01 4.911132812500000611e-02 9.016894531250000400e-01 -1.458631347656250021e+00 1.750488281250000000e+00 -2.927246093750000000e+00 -3.679199218750000000e+00 2.819824218750000000e+00 1.146972656250000000e+00
3.206689453125000089e-01 6.431884765625000000e-01 6.010644531250000089e-01 5.911132812500000111e-02 9.516894531249999734e-01 -1.042131347656249929e+00 4.250488281250000000e+00 4.572753906250000000e+00 3.820800781250000000e+00 3.198242187500000000e-01 6.469726562500000000e-01
1.306689453125000067e-01 8.931884765625000000e-01 7.810644531250000577e-01 3.911132812499999722e-02 1.051689453125000062e+00 -1.875131347656250114e+00 -7.495117187500000000e-01 -4.272460937500000000e-01 -1.179199218750000000e+00 -4.680175781250000000e+00 1.646972656250000000e+00
1.277001953124999867e-01 6.939697265625000000e-01 5.982519531250000133e-01 4.379882812500000139e-02 8.845019531250000178e-01 -1.784021972656250066e+00 2.141113281250000000e+00 -3.630371093750000000e+00 3.273925781250000000e+00 8.544921875000000000e-02 3.813476562500000000e-01
3.177001953124999889e-01 9.439697265625000000e-01 7.782519531250000622e-01 6.379882812500001221e-02 9.845019531249999956e-01 -9.510219726562501030e-01 -2.858886718750000000e+00 1.369628906250000000e+00 -1.726074218750000000e+00 -4.914550781250000000e+00 1.381347656250000000e+00
4.127001953125000178e-01 5.689697265625000000e-01 8.682519531250000311e-01 3.379882812499999944e-02 1.034501953124999929e+00 -1.367521972656249973e+00 -3.588867187500000000e-01 -1.130371093750000000e+00 7.739257812500000000e-01 -2.414550781250000000e+00 8.813476562500000000e-01
2.227001953125000155e-01 8.189697265625000000e-01 6.882519531249999822e-01 5.379882812500000333e-02 9.345019531250000622e-01 -5.345219726562500107e-01 4.641113281250000000e+00 3.869628906250000000e+00 -4.226074218750000000e+00 2.585449218750000000e+00 1.881347656250000000e+00
2.702001953125000022e-01 5.064697265625000000e-01 7.332519531250000222e-01 4.879882812499999889e-02 1.059501953125000062e+00 -7.427719726562500568e-01 8.911132812500000000e-01 1.196289062500000000e-01 4.523925781250000000e+00 -1.164550781250000000e+00 6.313476562500000000e-01
4.602001953125000044e-01 7.564697265625000000e-01 5.532519531250000844e-01 6.879882812500001665e-02 9.595019531249999734e-01 -1.575771972656250020e+00 -4.108886718750000000e+00 -4.880371093750000000e+00 -4.760742187500000000e-01 3.835449218750000000e+00 1.631347656250000000e+00
3.652001953125000311e-01 6.314697265625000000e-01 6.432519531250000533e-01 3.879882812500000389e-02 9.095019531250000400e-01 -1.159271972656250149e+00 -1.608886718750000000e+00 2.619628906250000000e+00 2.023925781250000000e+00 1.335449218750000000e+00 1.313476562500000000e-01
1.752001953125000011e-01 8.814697265625000000e-01 8.232519531249999911e-01 5.879882812500000777e-02 1.009501953125000018e+00 -1.992271972656249890e+00 3.391113281250000000e+00 -2.380371093750000000e+00 -2.976074218750000000e+00 -3.664550781250000000e+00 1.131347656250000000e+00
1.989501953124999944e-01 6.002197265625000000e-01 7.107519531250000577e-01 6.629882812500001443e-02 9.720019531250000400e-01 -1.888146972656250089e+00 1.516113281250000000e+00 3.244628906250000000e+00 3.898925781250000000e+00 7.104492187500000000e-01 1.006347656250000000e+00
3.889501953125000244e-01 8.502197265625000000e-01 8.907519531250001066e-01 4.629882812500000361e-02 8.720019531249999512e-01 -1.055146972656249904e+00 -3.483886718750000000e+00 -1.755371093750000000e+00 -1.101074218750000000e+00 -4.289550781250000000e+00 6.347656250000000000e-03
4.839501953124999978e-01 7.252197265625000000e-01 8.007519531250000266e-01 5.629882812500000555e-02 9.220019531249999956e-01 -1.471646972656249996e+00 -9.838867187500000000e-01 7.446289062500000000e-01 1.398925781250000000e+00 -1.789550781250000000e+00 1.506347656250000000e+00
2.939501953124999956e-01 9.752197265625000000e-01 6.207519531250000888e-01 3.629882812500000167e-02 1.022001953124999973e+00 -6.386469726562500338e-01 4.016113281250000000e+00 -4.255371093750000000e+00 -3.601074218750000000e+00 3.210449218750000000e+00 5.063476562500000000e-01
2.464501953125000089e-01 6.627197265625000000e-01 8.457519531249999556e-01 6.129882812500000305e-02 9.470019531250000178e-01 -4.303969726562499876e-01 2.661132812500000000e-01 -5.053710937500000000e-01 2.648925781250000000e+00 -5.395507812500000000e-01 1.756347656250000000e+00
4.364501953125000111e-01 9.127197265625000000e-01 6.657519531250000178e-01 4.129882812499999917e-02 1.047001953125000107e+00 -1.263396972656249950e+00 -4.733886718750000000e+00 4.494628906250000000e+00 -2.351074218750000000e+00 4.460449218750000000e+00 7.563476562500000000e-01
3.414501953124999822e-01 5.377197265625000000e-01 5.757519531250000488e-01 5.129882812500000111e-02 9.970019531250000622e-01 -8.468969726562500799e-01 -2.233886718750000000e+00 -3.005371093750000000e+00 1.489257812500000000e-01 1.960449218750000000e+00 1.256347656250000000e+00
1.514501953124999800e-01 7.877197265625000000e-01 7.557519531250000977e-01 3.129882812499999722e-02 8.970019531249999734e-01 -1.679896972656250043e+00 2.766113281250000000e+00 1.994628906250000000e+00 -4.851074218750000000e+00 -3.039550781250000000e+00 2.563476562500000000e-01
1.633251953125000044e-01 5.533447265625000000e-01 9.020019531250000888e-01 3.754882812500000278e-02 9.407519531250000400e-01 -1.211334472656250050e+00 -2.546386718750000000e+00 4.807128906250000000e+00 -3.913574218750000000e+00 4.147949218750000000e+00 6.938476562500000000e-01
3.533251953125000067e-01 8.033447265625000000e-01 7.220019531250000400e-01 5.754882812500000666e-02 1.040751953125000018e+00 -3.783344726562500870e-01 2.453613281250000000e+00 -1.928710937500000000e-01 1.086425781250000000e+00 -8.520507812500000000e-01 1.693847656250000000e+00
4.483251953124999800e-01 6.783447265625000000e-01 6.320019531250000711e-01 4.754882812499999778e-02 9.907519531249999734e-01 -1.627834472656250142e+00 4.953613281250000000e+00 2.307128906250000000e+00 -1.413574218750000000e+00 -3.352050781250000000e+00 1.938476562500000000e-01
2.583251953124999778e-01 9.283447265625000000e-01 8.120019531250000089e-01 6.754882812500001554e-02 8.907519531249999956e-01 -7.948344726562499574e-01 -4.638671875000000000e-02 -2.692871093750000000e+00 3.586425781250000000e+00 1.647949218750000000e+00 1.193847656250000000e+00
3.058251953124999645e-01 7.408447265625000000e-01 6.770019531250000000e-01 3.254882812499999833e-02 1.015751953125000107e+00 -1.003084472656250004e+00 -3.796386718750000000e+00 -1.442871093750000000e+00 -2.663574218750000000e+00 -4.602050781250000000e+00 4.438476562500000000e-01
4.958251953125000222e-01 9.908447265625000000e-01 8.570019531250000488e-01 5.254882812500000222e-02 9.157519531250000178e-01 -1.836084472656249966e+00 1.203613281250000000e+00 3.557128906250000000e+00 2.336425781250000000e+00 3.979492187500000000e-01 1.443847656250000000e+00
4.008251953124999933e-01 6.158447265625000000e-01 7.670019531250000799e-01 4.254882812500000028e-02 9.657519531250000622e-01 -5.865844726562501332e-01 3.703613281250000000e+00 -3.942871093750000000e+00 -1.635742187500000000e-01 2.897949218750000000e+00 9.438476562500000000e-01
2.108251953124999911e-01 8.658447265625000000e-01 5.870019531250000311e-01 6.254882812500001110e-02 1.065751953125000151e+00 -1.419584472656250096e+00 -1.296386718750000000e+00 1.057128906250000000e+00 4.836425781250000000e+00 -2.102050781250000000e+00 1.943847656250000000e+00
1.870751953124999978e-01 6.470947265625000000e-01 7.895019531250000444e-01 5.004882812500000000e-02 1.028251953125000062e+00 -1.523709472656249897e+00 -3.171386718750000000e+00 -4.567871093750000000e+00 -3.288574218750000000e+00 4.772949218750000000e+00 1.818847656250000000e+00
3.770751953125000000e-01 8.970947265625000000e-01 6.095019531249999956e-01 3.004882812499999958e-02 9.282519531249999734e-01 -6.907094726562501563e-01 1.828613281250000000e+00 4.321289062500000000e-01 1.711425781250000000e+00 -2.270507812500000000e-01 8.188476562500000000e-01
4.720751953124999734e-01 5.220947265625000000e-01 6.995019531250000755e-01 6.004882812500000888e-02 8.782519531250000400e-01 -1.940209472656249989e+00 4.328613281250000000e+00 -2.067871093750000000e+00 -7.885742187500000000e-01 -2.727050781250000000e+00 1.318847656250000000e+00
2.820751953125000266e-01 7.720947265625000000e-01 8.795019531250000133e-01 4.004882812500000500e-02 9.782519531250000178e-01 -1.107209472656250027e+00 -6.713867187500000000e-01 2.932128906250000000e+00 4.211425781250000000e+00 2.272949218750000000e+00 3.188476562500000000e-01
2.345751953124999845e-01 5.845947265625000000e-01 5.645019531250000666e-01 5.504882812500000444e-02 9.032519531250000622e-01 -8.989594726562499805e-01 -4.421386718750000000e+00 1.682128906250000000e+00 -4.538574218750000000e+00 -3.977050781250000000e+00 1.068847656250000000e+00
4.245751953124999867e-01 8.345947265625000000e-01 7.445019531250000044e-01 3.504882812500000056e-02 1.003251953124999929e+00 -1.731959472656249943e+00 5.786132812500000000e-01 -3.317871093750000000e+00 4.614257812500000000e-01 1.022949218750000000e+00 6.884765625000000000e-02
3.295751953125000133e-01 7.095947265625000000e-01 8.345019531249999734e-01 6.504882812500001332e-02 1.053251953124999973e+00 -4.824594726562501101e-01 3.078613281250000000e+00 4.182128906250000000e+00 -2.038574218750000000e+00 3.522949218750000000e+00 1.568847656250000000e+00
1.395751953125000111e-01 9.595947265625000000e-01 6.545019531250000355e-01 4.504882812500000250e-02 9.532519531249999956e-01 -1.315459472656250073e+00 -1.921386718750000000e+00 -8.178710937500000000e-01 2.961425781250000000e+00 -1.477050781250000000e+00 5.688476562500000000e-01
1.336376953124999989e-01 5.767822265625000000e-01 8.176269531250000000e-01 6.192382812500000361e-02 1.000126953125000107e+00 -1.133240722656250199e+00 4.484863281250000000e+00 5.883789062500000000e-01 -2.194824218750000000e+00 5.541992187500000000e-01 3.759765625000000000e-02
3.236376953124999734e-01 8.267822265625000000e-01 6.376269531250000622e-01 4.192382812499999972e-02 9.001269531250000178e-01 -1.966240722656249940e+00 -5.151367187500000000e-01 -4.411621093750000000e+00 2.805175781250000000e+00 -4.445800781250000000e+00 1.037597656250000000e+00
4.186376953125000022e-01 7.017822265625000000e-01 7.276269531250000311e-01 5.192382812500000167e-02 9.501269531250000622e-01 -7.167407226562501066e-01 -3.015136718750000000e+00 3.088378906250000000e+00 -4.694824218750000000e+00 -1.945800781250000000e+00 5.375976562500000000e-01
2.286376953125000000e-01 9.517822265625000000e-01 9.076269531250000799e-01 3.192382812499999778e-02 1.050126953125000151e+00 -1.549740722656250069e+00 1.984863281250000000e+00 -1.911621093750000000e+00 3.051757812500000000e-01 3.054199218750000000e+00 1.537597656250000000e+00
2.761376953124999867e-01 6.392822265625000000e-01 5.926269531250000222e-01 6.692382812500000111e-02 9.251269531250000400e-01 -1.341490722656250023e+00 3.234863281250000000e+00 -3.161621093750000000e+00 -9.448242187500000000e-01 -6.958007812500000000e-01 7.875976562500000000e-01
4.661376953124999889e-01 8.892822265625000000e-01 7.726269531250000711e-01 4.692382812499999722e-02 1.025126953125000018e+00 -5.084907226562500604e-01 -1.765136718750000000e+00 1.838378906250000000e+00 4.055175781250000000e+00 4.304199218750000000e+00 1.787597656250000000e+00
3.711376953125000155e-01 5.142822265625000000e-01 8.626269531250000400e-01 5.692382812500000611e-02 9.751269531249999734e-01 -1.757990722656249893e+00 -4.265136718750000000e+00 -6.616210937500000000e-01 -3.444824218750000000e+00 1.804199218750000000e+00 2.875976562500000000e-01
1.811376953125000133e-01 7.642822265625000000e-01 6.826269531249999911e-01 3.692382812500000222e-02 8.751269531249999956e-01 -9.249907226562501528e-01 7.348632812500000000e-01 4.338378906250000000e+00 1.555175781250000000e+00 -3.195800781250000000e+00 1.287597656250000000e+00
2.048876953125000067e-01 7.330322265625000000e-01 8.851269531250000044e-01 4.942382812499999944e-02 9.126269531249999734e-01 -8.208657226562501297e-01 3.859863281250000000e+00 -3.662109375000000000e-02 -3.198242187500000000e-01 1.179199218750000000e+00 1.412597656250000000e+00
3.948876953125000089e-01 9.830322265625000000e-01 7.051269531250000666e-01 6.942382812500000333e-02 1.012626953125000062e+00 -1.653865722656250092e+00 -1.140136718750000000e+00 4.963378906250000000e+00 4.680175781250000000e+00 -3.820800781250000000e+00 4.125976562500000000e-01
4.898876953124999822e-01 6.080322265625000000e-01 6.151269531250000977e-01 3.942382812500000444e-02 1.062626953125000107e+00 -4.043657226562500373e-01 -3.640136718750000000e+00 -2.536621093750000000e+00 -2.819824218750000000e+00 -1.320800781250000000e+00 1.912597656250000000e+00
2.998876953125000355e-01 8.580322265625000000e-01 7.951269531250000355e-01 5.942382812500000833e-02 9.626269531250000178e-01 -1.237365722656250000e+00 1.359863281250000000e+00 2.463378906250000000e+00 2.180175781250000000e+00 3.679199218750000000e+00 9.125976562500000000e-01
2.523876953124999933e-01 5.455322265625000000e-01 6.601269531250000266e-01 4.442382812500000194e-02 1.037626953124999973e+00 -1.445615722656250046e+00 2.609863281250000000e+00 3.713378906250000000e+00 -1.569824218750000000e+00 -7.080078125000000000e-02 1.662597656250000000e+00
4.423876953124999956e-01 7.955322265625000000e-01 8.401269531249999645e-01 6.442382812499999889e-02 9.376269531249999956e-01 -6.126157226562500835e-01 -2.390136718750000000e+00 -1.286621093750000000e+00 3.430175781250000000e+00 4.929199218750000000e+00 6.625976562500000000e-01
3.473876953125000222e-01 6.705322265625000000e-01 7.501269531249999956e-01 3.442382812500000000e-02 8.876269531249999512e-01 -1.862115722656249917e+00 -4.890136718750000000e+00 1.213378906250000000e+00 -4.069824218750000000e+00 2.429199218750000000e+00 1.162597656250000000e+00
1.573876953124999922e-01 9.205322265625000000e-01 5.701269531250000577e-01 5.442382812500000389e-02 9.876269531250000400e-01 -1.029115722656249954e+00 1.098632812500000000e-01 -3.786621093750000000e+00 9.301757812500000000e-01 -2.570800781250000000e+00 1.625976562500000000e-01
1.455126953124999956e-01 6.861572265625000000e-01 6.938769531249999734e-01 5.567382812500000500e-02 1.056376953125000018e+00 -5.605532226562499609e-01 -2.026367187500000000e-01 -1.599121093750000000e+00 6.176757812500000000e-01 3.991699218750000000e+00 8.500976562500000000e-01
3.355126953124999978e-01 9.361572265625000000e-01 8.738769531250000222e-01 3.567382812500000111e-02 9.563769531250000400e-01 -1.393553222656250146e+00 4.797363281250000000e+00 3.400878906250000000e+00 -4.382324218750000000e+00 -1.008300781250000000e+00 1.850097656250000000e+00
4.305126953125000266e-01 5.611572265625000000e-01 7.838769531250000533e-01 6.567382812500000000e-02 9.063769531249999956e-01 -9.770532226562500533e-01 2.297363281250000000e+00 -4.099121093750000000e+00 3.117675781250000000e+00 -3.508300781250000000e+00 3.500976562500000000e-01
2.405126953124999967e-01 8.111572265625000000e-01 6.038769531250000044e-01 4.567382812500000305e-02 1.006376953124999973e+00 -1.810053222656250016e+00 -2.702636718750000000e+00 9.008789062500000000e-01 -1.882324218750000000e+00 1.491699218750000000e+00 1.350097656250000000e+00
2.880126953125000111e-01 6.236572265625000000e-01 8.288769531249999822e-01 5.067382812500000056e-02 8.813769531249999734e-01 -1.601803222656249970e+00 -1.452636718750000000e+00 4.650878906250000000e+00 1.867675781250000000e+00 -4.758300781250000000e+00 1.000976562500000000e-01
4.780126953125000133e-01 8.736572265625000000e-01 6.488769531250000444e-01 3.067382812500000014e-02 9.813769531250000622e-01 -7.688032226562500071e-01 3.547363281250000000e+00 -3.491210937500000000e-01 -3.132324218750000000e+00 2.416992187500000000e-01 1.100097656250000000e+00
3.830126953124999845e-01 7.486572265625000000e-01 5.588769531250000755e-01 6.067382812500000944e-02 1.031376953125000107e+00 -1.185303222656250099e+00 1.047363281250000000e+00 2.150878906250000000e+00 4.367675781250000000e+00 2.741699218750000000e+00 6.000976562500000000e-01
1.930126953124999822e-01 9.986572265625000000e-01 7.388769531250000133e-01 4.067382812499999861e-02 9.313769531250000178e-01 -3.523032226562501368e-01 -3.952636718750000000e+00 -2.849121093750000000e+00 -6.323242187500000000e-01 -2.258300781250000000e+00 1.600097656250000000e+00
1.692626953124999889e-01 5.299072265625000000e-01 6.263769531250000799e-01 3.317382812499999889e-02 9.688769531249999956e-01 -4.564282226562501599e-01 -8.276367187500000000e-01 1.525878906250000000e+00 2.492675781250000000e+00 4.616699218750000000e+00 1.725097656250000000e+00
3.592626953124999911e-01 7.799072265625000000e-01 8.063769531250000178e-01 5.317382812500000278e-02 1.068876953124999973e+00 -1.289428222656249901e+00 4.172363281250000000e+00 -3.474121093750000000e+00 -2.507324218750000000e+00 -3.833007812500000000e-01 7.250976562500000000e-01
4.542626953125000200e-01 6.549072265625000000e-01 8.963769531250000977e-01 4.317382812500000083e-02 1.018876953124999929e+00 -8.729282226562500302e-01 1.672363281250000000e+00 4.025878906250000000e+00 4.992675781250000000e+00 -2.883300781250000000e+00 1.225097656250000000e+00
2.642626953125000178e-01 9.049072265625000000e-01 7.163769531250000488e-01 6.317382812499999778e-02 9.188769531250000622e-01 -1.705928222656249993e+00 -3.327636718750000000e+00 -9.741210937500000000e-01 -7.324218750000000000e-03 2.116699218750000000e+00 2.250976562500000000e-01
2.167626953125000033e-01 7.174072265625000000e-01 7.613769531250000888e-01 3.817382812500000333e-02 9.938769531250000178e-01 -1.914178222656250039e+00 -2.077636718750000000e+00 -4.724121093750000000e+00 1.242675781250000000e+00 -4.133300781250000000e+00 1.475097656250000000e+00
4.067626953124999778e-01 9.674072265625000000e-01 5.813769531250000400e-01 5.817382812500000722e-02 8.938769531250000400e-01 -1.081178222656250076e+00 2.922363281250000000e+00 2.758789062500000000e-01 -3.757324218750000000e+00 8.666992187500000000e-01 4.750976562500000000e-01
3.117626953125000044e-01 5.924072265625000000e-01 6.713769531250000089e-01 4.817382812499999833e-02 9.438769531249999734e-01 -1.497678222656249947e+00 4.223632812500000000e-01 -2.224121093750000000e+00 3.742675781250000000e+00 3.366699218750000000e+00 1.975097656250000000e+00
1.217626953125000022e-01 8.424072265625000000e-01 8.513769531250000577e-01 6.817382812500000222e-02 1.043876953125000062e+00 -6.646782226562499840e-01 -4.577636718750000000e+00 2.775878906250000000e+00 -1.257324218750000000e+00 -1.633300781250000000e+00 9.750976562500000000e-01
1.225048828124999933e-01 5.933837890625000000e-01 6.383300781250000888e-01 3.747070312499999750e-02 9.747363281249999956e-01 -1.286174316406250018e+00 -1.862792968750000000e+00 2.170410156250000000e+00 -3.347167968750000000e+00 -1.027832031250000000e+00 1.385253906250000000e+00
3.125048828124999956e-01 8.433837890625000000e-01 8.183300781250000266e-01 5.747070312500000833e-02 8.747363281250000178e-01 -4.531743164062500551e-01 3.137207031250000000e+00 -2.829589843750000000e+00 1.652832031250000000e+00 3.972167968750000000e+00 3.852539062500000000e-01
4.075048828125000244e-01 7.183837890625000000e-01 9.083300781250001066e-01 4.747070312499999944e-02 9.247363281250000622e-01 -1.702674316406250110e+00 6.372070312500000000e-01 4.670410156250000000e+00 -8.471679687500000000e-01 1.472167968750000000e+00 1.885253906250000000e+00
2.175048828124999944e-01 9.683837890625000000e-01 7.283300781250000577e-01 6.747070312500000333e-02 1.024736328124999929e+00 -8.696743164062501474e-01 -4.362792968750000000e+00 -3.295898437500000000e-01 4.152832031250000000e+00 -3.527832031250000000e+00 8.852539062500000000e-01
2.650048828125000089e-01 6.558837890625000000e-01 7.733300781250000977e-01 3.247070312500000000e-02 9.497363281249999734e-01 -1.077924316406249972e+00 -6.127929687500000000e-01 -4.079589843750000000e+00 -4.597167968750000000e+00 2.221679687500000000e-01 1.635253906250000000e+00
4.550048828125000111e-01 9.058837890625000000e-01 5.933300781250000488e-01 5.247070312500000389e-02 1.049736328125000062e+00 -1.910924316406249934e+00 4.387207031250000000e+00 9.204101562500000000e-01 4.028320312500000000e-01 -4.777832031250000000e+00 6.352539062500000000e-01
3.600048828124999822e-01 5.308837890625000000e-01 6.833300781250000178e-01 4.247070312500000194e-02 9.997363281250000178e-01 -6.614243164062501013e-01 1.887207031250000000e+00 -1.579589843750000000e+00 -2.097167968750000000e+00 -2.277832031250000000e+00 1.135253906250000000e+00
1.700048828124999800e-01 7.808837890625000000e-01 8.633300781249999556e-01 6.247070312500000583e-02 8.997363281250000400e-01 -1.494424316406250064e+00 -3.112792968750000000e+00 3.420410156250000000e+00 2.902832031250000000e+00 2.722167968750000000e+00 1.352539062500000000e-01
1.937548828125000011e-01 7.496337890625000000e-01 7.058300781249999822e-01 5.497070312500000611e-02 8.872363281249999734e-01 -1.390299316406250041e+00 -2.487792968750000000e+00 -2.204589843750000000e+00 -3.972167968750000000e+00 -4.028320312500000000e-01 1.025390625000000000e-02
3.837548828124999756e-01 9.996337890625000000e-01 8.858300781250000311e-01 3.497070312500000222e-02 9.872363281250000622e-01 -5.572993164062500782e-01 2.512207031250000000e+00 2.795410156250000000e+00 1.027832031250000000e+00 4.597167968750000000e+00 1.010253906250000000e+00
4.787548828125000044e-01 6.246337890625000000e-01 7.958300781250000622e-01 6.497070312500000111e-02 1.037236328125000107e+00 -1.806799316406249911e+00 1.220703125000000000e-02 -4.704589843750000000e+00 -1.472167968750000000e+00 2.097167968750000000e+00 5.102539062500000000e-01
2.887548828125000022e-01 8.746337890625000000e-01 6.158300781250000133e-01 4.497070312500000416e-02 9.372363281250000178e-01 -9.737993164062499485e-01 -4.987792968750000000e+00 2.954101562500000000e-01 3.527832031250000000e+00 -2.902832031250000000e+00 1.510253906250000000e+00
2.412548828125000155e-01 5.621337890625000000e-01 8.408300781249999911e-01 5.997070312500000361e-02 1.062236328125000018e+00 -7.655493164062501243e-01 -1.237792968750000000e+00 4.045410156250000000e+00 -2.722167968750000000e+00 8.471679687500000000e-01 7.602539062500000000e-01
4.312548828125000178e-01 8.121337890625000000e-01 6.608300781250000533e-01 3.997070312499999972e-02 9.622363281250000400e-01 -1.598549316406250087e+00 3.762207031250000000e+00 -9.545898437500000000e-01 2.277832031250000000e+00 -4.152832031250000000e+00 1.760253906250000000e+00
3.362548828124999889e-01 6.871337890625000000e-01 5.708300781250000844e-01 6.997070312500000555e-02 9.122363281249999956e-01 -3.490493164062500320e-01 1.262207031250000000e+00 1.545410156250000000e+00 -2.221679687500000000e-01 -1.652832031250000000e+00 2.602539062500000000e-01
1.462548828124999867e-01 9.371337890625000000e-01 7.508300781250000222e-01 4.997070312500000167e-02 1.012236328124999973e+00 -1.182049316406249995e+00 -3.737792968750000000e+00 -3.454589843750000000e+00 4.777832031250000000e+00 3.347167968750000000e+00 1.260253906250000000e+00
1.581298828125000111e-01 6.715087890625000000e-01 8.745800781250000488e-01 4.122070312500000083e-02 1.030986328125000018e+00 -1.650611816406249988e+00 3.449707031250000000e+00 -6.420898437500000000e-01 3.840332031250000000e+00 -4.465332031250000000e+00 1.697753906250000000e+00
3.481298828125000133e-01 9.215087890625000000e-01 6.945800781250000000e-01 6.122070312500000472e-02 9.309863281250000400e-01 -8.176118164062500249e-01 -1.550292968750000000e+00 4.357910156250000000e+00 -1.159667968750000000e+00 5.346679687500000000e-01 6.977539062500000000e-01
4.431298828124999867e-01 5.465087890625000000e-01 6.045800781250000311e-01 3.122070312499999889e-02 8.809863281249999956e-01 -1.234111816406250117e+00 -4.050292968750000000e+00 -3.142089843750000000e+00 1.340332031250000000e+00 3.034667968750000000e+00 1.197753906250000000e+00
2.531298828124999845e-01 7.965087890625000000e-01 7.845800781250000799e-01 5.122070312500000278e-02 9.809863281249999734e-01 -4.011118164062501545e-01 9.497070312500000000e-01 1.857910156250000000e+00 -3.659667968750000000e+00 -1.965332031250000000e+00 1.977539062500000000e-01
3.006298828125000266e-01 6.090087890625000000e-01 6.495800781250000711e-01 4.622070312499999833e-02 9.059863281250000178e-01 -6.093618164062499787e-01 4.699707031250000000e+00 3.107910156250000000e+00 2.590332031250000000e+00 4.284667968750000000e+00 1.447753906250000000e+00
4.906298828124999734e-01 8.590087890625000000e-01 8.295800781250000089e-01 6.622070312500000222e-02 1.005986328125000107e+00 -1.442361816406250163e+00 -3.002929687500000000e-01 -1.892089843750000000e+00 -2.409667968750000000e+00 -7.153320312500000000e-01 4.477539062500000000e-01
3.956298828125000000e-01 7.340087890625000000e-01 7.395800781250000400e-01 3.622070312500000333e-02 1.055986328125000151e+00 -1.025861816406250071e+00 -2.800292968750000000e+00 6.079101562500000000e-01 9.033203125000000000e-02 -3.215332031250000000e+00 1.947753906250000000e+00
2.056298828124999978e-01 9.840087890625000000e-01 5.595800781249999911e-01 5.622070312500000722e-02 9.559863281250000622e-01 -1.858861816406250034e+00 2.199707031250000000e+00 -4.392089843750000000e+00 -4.909667968750000000e+00 1.784667968750000000e+00 9.477539062500000000e-01
1.818798828125000044e-01 5.152587890625000000e-01 8.070800781250000444e-01 6.872070312500000444e-02 9.434863281249999956e-01 -1.962986816406250057e+00 2.824707031250000000e+00 1.232910156250000000e+00 3.215332031250000000e+00 -3.840332031250000000e+00 8.227539062500000000e-01
3.718798828125000067e-01 7.652587890625000000e-01 6.270800781249999956e-01 4.872070312500000056e-02 1.043486328124999973e+00 -1.129986816406250094e+00 -2.175292968750000000e+00 -3.767089843750000000e+00 -1.784667968750000000e+00 1.159667968750000000e+00 1.822753906250000000e+00
4.668798828124999800e-01 6.402587890625000000e-01 7.170800781250000755e-01 5.872070312500000944e-02 9.934863281250000400e-01 -1.546486816406249964e+00 -4.675292968750000000e+00 3.732910156250000000e+00 7.153320312500000000e-01 3.659667968750000000e+00 3.227539062500000000e-01
2.768798828124999778e-01 8.902587890625000000e-01 8.970800781250000133e-01 3.872070312499999861e-02 8.934863281249999512e-01 -7.134868164062500018e-01 3.247070312500000000e-01 -1.267089843750000000e+00 -4.284667968750000000e+00 -1.340332031250000000e+00 1.322753906250000000e+00
2.293798828124999911e-01 7.027587890625000000e-01 5.820800781250000666e-01 6.372070312500000000e-02 1.018486328125000062e+00 -5.052368164062501776e-01 4.074707031250000000e+00 -2.517089843750000000e+00 4.465332031250000000e+00 4.909667968750000000e+00 7.275390625000000000e-02
4.193798828124999933e-01 9.527587890625000000e-01 7.620800781250000044e-01 4.372070312500000305e-02 9.184863281249999734e-01 -1.338236816406249918e+00 -9.252929687500000000e-01 2.482910156250000000e+00 -5.346679687500000000e-01 -9.033203125000000000e-02 1.072753906250000000e+00
3.243798828124999645e-01 5.777587890625000000e-01 8.520800781249999734e-01 5.372070312500000500e-02 9.684863281250000178e-01 -9.217368164062500480e-01 -3.425292968750000000e+00 -1.708984375000000000e-02 1.965332031250000000e+00 -2.590332031250000000e+00 5.727539062500000000e-01
1.343798828124999900e-01 8.277587890625000000e-01 6.720800781250000355e-01 3.372070312500000111e-02 1.068486328125000107e+00 -1.754736816406250011e+00 1.574707031250000000e+00 4.982910156250000000e+00 -3.034667968750000000e+00 2.409667968750000000e+00 1.572753906250000000e+00
1.403173828125000022e-01 7.105712890625000000e-01 7.789550781250000888e-01 5.934570312500000305e-02 9.091113281250000622e-01 -6.874555664062500515e-01 -4.206542968750000000e+00 -3.923339843750000000e+00 2.434082031250000000e+00 -8.715820312500000000e-01 1.041503906250000000e+00
3.303173828125000044e-01 9.605712890625000000e-01 5.989550781250000400e-01 3.934570312499999917e-02 1.009111328124999929e+00 -1.520455566406250014e+00 7.934570312500000000e-01 1.076660156250000000e+00 -2.565917968750000000e+00 4.128417968750000000e+00 4.150390625000000000e-02
4.253173828124999778e-01 5.855712890625000000e-01 6.889550781250000089e-01 6.934570312500000500e-02 1.059111328124999973e+00 -1.103955566406249922e+00 3.293457031250000000e+00 -1.423339843750000000e+00 4.934082031250000000e+00 1.628417968750000000e+00 1.541503906250000000e+00
2.353173828125000033e-01 8.355712890625000000e-01 8.689550781250000577e-01 4.934570312500000111e-02 9.591113281249999956e-01 -1.936955566406250107e+00 -1.706542968750000000e+00 3.576660156250000000e+00 -6.591796875000000000e-02 -3.371582031250000000e+00 5.415039062500000000e-01
2.828173828125000178e-01 5.230712890625000000e-01 5.539550781250000000e-01 5.434570312500000555e-02 1.034111328125000062e+00 -1.728705566406250060e+00 -2.956542968750000000e+00 2.326660156250000000e+00 1.184082031250000000e+00 3.784179687500000000e-01 1.791503906250000000e+00
4.728173828125000200e-01 7.730712890625000000e-01 7.339550781250000488e-01 3.434570312500000167e-02 9.341113281249999734e-01 -8.957055664062500977e-01 2.043457031250000000e+00 -2.673339843750000000e+00 -3.815917968750000000e+00 -4.621582031250000000e+00 7.915039062500000000e-01
3.778173828124999911e-01 6.480712890625000000e-01 8.239550781250000178e-01 6.434570312500001443e-02 8.841113281250000400e-01 -1.312205566406249968e+00 4.543457031250000000e+00 4.826660156250000000e+00 3.684082031250000000e+00 -2.121582031250000000e+00 1.291503906250000000e+00
1.878173828124999889e-01 8.980712890625000000e-01 6.439550781250000799e-01 4.434570312500000361e-02 9.841113281250000178e-01 -4.792055664062500053e-01 -4.565429687500000000e-01 -1.733398437500000000e-01 -1.315917968750000000e+00 2.878417968750000000e+00 2.915039062500000000e-01
2.115673828124999822e-01 6.168212890625000000e-01 8.914550781250000222e-01 3.184570312499999944e-02 9.966113281249999734e-01 -3.750805664062499822e-01 -4.831542968750000000e+00 4.201660156250000000e+00 5.590820312500000000e-01 -2.465820312500000000e-01 4.165039062500000000e-01
4.015673828124999845e-01 8.668212890625000000e-01 7.114550781249999734e-01 5.184570312500000333e-02 8.966113281249999956e-01 -1.208080566406250167e+00 1.684570312500000000e-01 -7.983398437500000000e-01 -4.440917968750000000e+00 4.753417968750000000e+00 1.416503906250000000e+00
4.965673828125000133e-01 7.418212890625000000e-01 6.214550781250000044e-01 4.184570312500000139e-02 9.466113281250000400e-01 -7.915805664062500746e-01 2.668457031250000000e+00 1.701660156250000000e+00 3.059082031250000000e+00 2.253417968750000000e+00 9.165039062500000000e-01
3.065673828125000111e-01 9.918212890625000000e-01 8.014550781250000533e-01 6.184570312500000527e-02 1.046611328125000018e+00 -1.624580566406250037e+00 -2.331542968750000000e+00 -3.298339843750000000e+00 -1.940917968750000000e+00 -2.746582031250000000e+00 1.916503906250000000e+00
2.590673828124999689e-01 6.793212890625000000e-01 6.664550781250000444e-01 3.684570312500000389e-02 9.216113281250000178e-01 -1.832830566406250083e+00 -3.581542968750000000e+00 -2.048339843750000000e+00 1.809082031250000000e+00 1.003417968750000000e+00 6.665039062500000000e-01
4.490673828125000266e-01 9.293212890625000000e-01 8.464550781249999822e-01 5.684570312500000777e-02 1.021611328125000107e+00 -9.998305664062501208e-01 1.418457031250000000e+00 2.951660156250000000e+00 -3.190917968750000000e+00 -3.996582031250000000e+00 1.666503906250000000e+00
3.540673828124999978e-01 5.543212890625000000e-01 7.564550781250000133e-01 4.684570312499999889e-02 9.716113281250000622e-01 -1.416330566406249991e+00 3.918457031250000000e+00 -4.548339843750000000e+00 4.309082031250000000e+00 -1.496582031250000000e+00 1.665039062500000000e-01
1.640673828124999956e-01 8.043212890625000000e-01 5.764550781250000755e-01 6.684570312500000278e-02 8.716113281249999734e-01 -5.833305664062500284e-01 -1.081542968750000000e+00 4.516601562500000000e-01 -6.909179687500000000e-01 3.503417968750000000e+00 1.166503906250000000e+00
1.521923828124999989e-01 5.386962890625000000e-01 7.227050781250000666e-01 6.309570312500001332e-02 9.653613281249999734e-01 -1.051893066406250021e+00 1.105957031250000000e+00 2.639160156250000000e+00 -3.784179687500000000e-01 -4.934082031250000000e+00 1.854003906250000000e+00
3.421923828124999734e-01 7.886962890625000000e-01 9.027050781250000044e-01 4.309570312500000250e-02 1.065361328125000062e+00 -1.884893066406249984e+00 -3.894042968750000000e+00 -2.360839843750000000e+00 4.621582031250000000e+00 6.591796875000000000e-02 8.540039062500000000e-01
4.371923828125000022e-01 6.636962890625000000e-01 8.127050781250000355e-01 5.309570312500000444e-02 1.015361328125000018e+00 -6.353930664062501510e-01 -1.394042968750000000e+00 1.391601562500000000e-01 -2.878417968750000000e+00 2.565917968750000000e+00 1.354003906250000000e+00
2.471923828125000000e-01 9.136962890625000000e-01 6.327050781250000977e-01 3.309570312500000056e-02 9.153613281250000400e-01 -1.468393066406250114e+00 3.605957031250000000e+00 -4.860839843750000000e+00 2.121582031250000000e+00 -2.434082031250000000e+00 3.540039062500000000e-01
2.946923828124999867e-01 7.261962890625000000e-01 8.577050781249999645e-01 6.809570312500000389e-02 9.903613281249999956e-01 -1.260143066406250068e+00 2.355957031250000000e+00 -1.110839843750000000e+00 -1.628417968750000000e+00 3.815917968750000000e+00 1.104003906250000000e+00
4.846923828124999889e-01 9.761962890625000000e-01 6.777050781250000266e-01 4.809570312500000000e-02 8.903613281250000178e-01 -4.271430664062501048e-01 -2.644042968750000000e+00 3.889160156250000000e+00 3.371582031250000000e+00 -1.184082031250000000e+00 1.040039062500000000e-01
3.896923828125000155e-01 6.011962890625000000e-01 5.877050781250000577e-01 5.809570312500000888e-02 9.403613281250000622e-01 -1.676643066406249938e+00 -1.440429687500000000e-01 -3.610839843750000000e+00 -4.128417968750000000e+00 -3.684082031250000000e+00 1.604003906250000000e+00
1.996923828125000133e-01 8.511962890625000000e-01 7.677050781249999956e-01 3.809570312499999806e-02 1.040361328124999929e+00 -8.436430664062499751e-01 4.855957031250000000e+00 1.389160156250000000e+00 8.715820312500000000e-01 1.315917968750000000e+00 6.040039062500000000e-01
1.759423828124999922e-01 6.324462890625000000e-01 6.102050781250000222e-01 4.559570312499999778e-02 1.052861328125000107e+00 -9.477680664062499982e-01 4.809570312500000000e-01 -2.985839843750000000e+00 -2.253417968750000000e+00 -4.309082031250000000e+00 7.290039062500000000e-01
3.659423828125000222e-01 8.824462890625000000e-01 7.902050781250000711e-01 6.559570312500001554e-02 9.528613281250000178e-01 -1.780768066406249961e+00 -4.519042968750000000e+00 2.014160156250000000e+00 2.746582031250000000e+00 6.909179687500000000e-01 1.729003906250000000e+00
4.609423828124999956e-01 5.074462890625000000e-01 8.802050781250000400e-01 3.559570312500000278e-02 9.028613281249999734e-01 -5.312680664062501279e-01 -2.019042968750000000e+00 -4.858398437500000000e-01 -4.753417968750000000e+00 3.190917968750000000e+00 2.290039062500000000e-01
2.709423828124999933e-01 7.574462890625000000e-01 7.002050781249999911e-01 5.559570312500000666e-02 1.002861328125000062e+00 -1.364268066406249869e+00 2.980957031250000000e+00 4.514160156250000000e+00 2.465820312500000000e-01 -1.809082031250000000e+00 1.229003906250000000e+00
2.234423828125000067e-01 5.699462890625000000e-01 7.452050781250000311e-01 4.059570312500000028e-02 8.778613281249999512e-01 -1.572518066406249915e+00 1.730957031250000000e+00 7.641601562500000000e-01 -1.003417968750000000e+00 4.440917968750000000e+00 4.790039062500000000e-01
4.134423828125000089e-01 8.199462890625000000e-01 5.652050781250000933e-01 6.059570312500000416e-02 9.778613281250000400e-01 -7.395180664062499520e-01 -3.269042968750000000e+00 -4.235839843750000000e+00 3.996582031250000000e+00 -5.590820312500000000e-01 1.479003906250000000e+00
3.184423828125000355e-01 6.949462890625000000e-01 6.552050781250000622e-01 3.059570312499999833e-02 1.027861328124999973e+00 -1.989018066406250007e+00 -7.690429687500000000e-01 3.264160156250000000e+00 -3.503417968750000000e+00 -3.059082031250000000e+00 9.790039062500000000e-01
1.284423828125000056e-01 9.449462890625000000e-01 8.352050781250000000e-01 5.059570312500000222e-02 9.278613281249999956e-01 -1.156018066406250044e+00 4.230957031250000000e+00 -1.735839843750000000e+00 1.496582031250000000e+00 1.940917968750000000e+00 1.979003906250000000e+00
1.314111328124999978e-01 6.441650390625000000e-01 6.580175781250000577e-01 6.528320312500000833e-02 1.007548828125000018e+00 -8.306274414062500000e-01 -2.878417968750000000e+00 -4.782714843750000000e+00 -4.206542968750000000e+00 -2.668457031250000000e+00 2.446289062500000000e-01
3.214111328125000000e-01 8.941650390625000000e-01 8.380175781250001066e-01 4.528320312500000444e-02 9.075488281250000400e-01 -1.663627441406249963e+00 2.121582031250000000e+00 2.172851562500000000e-01 7.934570312500000000e-01 2.331542968750000000e+00 1.244628906250000000e+00
4.164111328124999734e-01 5.191650390625000000e-01 7.480175781250000266e-01 5.528320312499999944e-02 9.575488281249999734e-01 -4.141274414062501297e-01 4.621582031250000000e+00 -2.282714843750000000e+00 -1.706542968750000000e+00 4.831542968750000000e+00 7.446289062500000000e-01
2.264111328124999989e-01 7.691650390625000000e-01 5.680175781250000888e-01 3.528320312500000250e-02 1.057548828125000062e+00 -1.247127441406250092e+00 -3.784179687500000000e-01 2.717285156250000000e+00 3.293457031250000000e+00 -1.684570312500000000e-01 1.744628906250000000e+00
2.739111328125000133e-01 5.816650390625000000e-01 8.830175781250000355e-01 6.028320312500000389e-02 9.325488281250000622e-01 -1.455377441406250139e+00 -4.128417968750000000e+00 1.467285156250000000e+00 -2.956542968750000000e+00 3.581542968750000000e+00 9.946289062500000000e-01
4.639111328125000155e-01 8.316650390625000000e-01 7.030175781250000977e-01 4.028320312500000000e-02 1.032548828124999929e+00 -6.223774414062499538e-01 8.715820312500000000e-01 -3.532714843750000000e+00 2.043457031250000000e+00 -1.418457031250000000e+00 1.994628906250000000e+00
3.689111328124999867e-01 7.066650390625000000e-01 6.130175781250000178e-01 5.028320312500000194e-02 9.825488281249999956e-01 -1.871877441406250009e+00 3.371582031250000000e+00 3.967285156250000000e+00 -4.565429687500000000e-01 -3.918457031250000000e+00 4.946289062500000000e-01
1.789111328124999845e-01 9.566650390625000000e-01 7.930175781250000666e-01 3.028320312499999806e-02 8.825488281250000178e-01 -1.038877441406250046e+00 -1.628417968750000000e+00 -1.032714843750000000e+00 4.543457031250000000e+00 1.081542968750000000e+00 1.494628906250000000e+00
2.026611328124999778e-01 5.504150390625000000e-01 5.905175781250000533e-01 4.278320312500000222e-02 8.950488281249999734e-01 -1.143002441406250069e+00 -3.503417968750000000e+00 4.592285156250000000e+00 -3.581542968750000000e+00 -3.293457031250000000e+00 1.369628906250000000e+00
3.926611328124999800e-01 8.004150390625000000e-01 7.705175781249999911e-01 6.278320312500000611e-02 9.950488281250000622e-01 -1.976002441406250032e+00 1.496582031250000000e+00 -4.077148437500000000e-01 1.418457031250000000e+00 1.706542968750000000e+00 3.696289062500000000e-01
4.876611328125000089e-01 6.754150390625000000e-01 8.605175781250000711e-01 3.278320312500000028e-02 1.045048828125000107e+00 -7.265024414062499769e-01 3.996582031250000000e+00 2.092285156250000000e+00 -1.081542968750000000e+00 4.206542968750000000e+00 1.869628906250000000e+00
2.976611328125000067e-01 9.254150390625000000e-01 6.805175781250000222e-01 5.278320312500000416e-02 9.450488281250000178e-01 -1.559502441406249940e+00 -1.003417968750000000e+00 -2.907714843750000000e+00 3.918457031250000000e+00 -7.934570312500000000e-01 8.696289062500000000e-01
2.501611328124999645e-01 7.379150390625000000e-01 8.155175781250000311e-01 4.778320312500000666e-02 1.020048828124999973e+00 -1.351252441406249893e+00 -4.753417968750000000e+00 -1.657714843750000000e+00 -4.831542968750000000e+00 2.956542968750000000e+00 1.619628906250000000e+00
4.401611328125000222e-01 9.879150390625000000e-01 6.355175781249999822e-01 6.778320312499999667e-02 9.200488281249999956e-01 -5.182524414062501528e-01 2.465820312500000000e-01 3.342285156250000000e+00 1.684570312500000000e-01 -2.043457031250000000e+00 6.196289062500000000e-01
3.451611328124999933e-01 6.129150390625000000e-01 7.255175781250000622e-01 3.778320312499999778e-02 8.700488281249999512e-01 -1.767752441406249986e+00 2.746582031250000000e+00 -4.157714843750000000e+00 -2.331542968750000000e+00 -4.543457031250000000e+00 1.119628906250000000e+00
1.551611328124999911e-01 8.629150390625000000e-01 9.055175781250000000e-01 5.778320312500000167e-02 9.700488281250000400e-01 -9.347524414062500231e-01 -2.253417968750000000e+00 8.422851562500000000e-01 2.668457031250000000e+00 4.565429687500000000e-01 1.196289062500000000e-01
1.670361328124999878e-01 5.972900390625000000e-01 7.592675781250000089e-01 5.153320312500000305e-02 1.063798828125000151e+00 -4.661899414062500302e-01 2.434082031250000000e+00 3.654785156250000000e+00 3.605957031250000000e+00 -1.730957031250000000e+00 9.321289062500000000e-01
3.570361328125000178e-01 8.472900390625000000e-01 5.792675781250000711e-01 3.153320312499999917e-02 9.637988281250000622e-01 -1.299189941406249993e+00 -2.565917968750000000e+00 -1.345214843750000000e+00 -1.394042968750000000e+00 3.269042968750000000e+00 1.932128906250000000e+00
4.520361328124999911e-01 7.222900390625000000e-01 6.692675781250000400e-01 6.153320312500000500e-02 9.137988281250000178e-01 -8.826899414062501226e-01 -6.591796875000000000e-02 1.154785156250000000e+00 1.105957031250000000e+00 7.690429687500000000e-01 4.321289062500000000e-01
2.620361328124999889e-01 9.722900390625000000e-01 8.492675781250000888e-01 4.153320312500000111e-02 1.013798828125000107e+00 -1.715689941406250085e+00 4.934082031250000000e+00 -3.845214843750000000e+00 -3.894042968750000000e+00 -4.230957031250000000e+00 1.432128906250000000e+00
3.095361328125000311e-01 6.597900390625000000e-01 6.242675781250000000e-01 5.653320312500000056e-02 8.887988281249999956e-01 -1.923939941406249909e+00 1.184082031250000000e+00 -9.521484375000000000e-02 4.855957031250000000e+00 2.019042968750000000e+00 1.821289062500000000e-01
4.995361328124999778e-01 9.097900390625000000e-01 8.042675781250000488e-01 3.653320312499999667e-02 9.887988281249999734e-01 -1.090939941406249947e+00 -3.815917968750000000e+00 4.904785156250000000e+00 -1.440429687500000000e-01 -2.980957031250000000e+00 1.182128906250000000e+00
4.045361328125000044e-01 5.347900390625000000e-01 8.942675781250000178e-01 6.653320312500000944e-02 1.038798828125000018e+00 -1.507439941406250039e+00 -1.315917968750000000e+00 -2.595214843750000000e+00 2.355957031250000000e+00 -4.809570312500000000e-01 6.821289062500000000e-01
2.145361328125000022e-01 7.847900390625000000e-01 7.142675781250000799e-01 4.653320312500000555e-02 9.387988281250000400e-01 -6.744399414062500764e-01 3.684082031250000000e+00 2.404785156250000000e+00 -2.644042968750000000e+00 4.519042968750000000e+00 1.682128906250000000e+00
1.907861328125000089e-01 6.910400390625000000e-01 8.267675781250000133e-01 3.903320312499999889e-02 9.512988281249999956e-01 -5.703149414062500533e-01 1.809082031250000000e+00 -3.220214843750000000e+00 4.230957031250000000e+00 -2.355957031250000000e+00 1.557128906250000000e+00
3.807861328125000111e-01 9.410400390625000000e-01 6.467675781250000755e-01 5.903320312500000278e-02 1.051298828124999973e+00 -1.403314941406250016e+00 -3.190917968750000000e+00 1.779785156250000000e+00 -7.690429687500000000e-01 2.644042968750000000e+00 5.571289062500000000e-01
4.757861328124999845e-01 5.660400390625000000e-01 5.567675781249999956e-01 4.903320312500000777e-02 1.001298828124999929e+00 -9.868149414062501457e-01 -6.909179687500000000e-01 -7.202148437500000000e-01 1.730957031250000000e+00 1.440429687500000000e-01 1.057128906250000000e+00
2.857861328124999822e-01 8.160400390625000000e-01 7.367675781250000444e-01 6.903320312499999778e-02 9.012988281250000622e-01 -1.819814941406249886e+00 4.309082031250000000e+00 4.279785156250000000e+00 -3.269042968750000000e+00 -4.855957031250000000e+00 5.712890625000000000e-02
2.382861328124999956e-01 5.035400390625000000e-01 6.917675781250000044e-01 3.403320312500000139e-02 9.762988281250000178e-01 -1.611564941406250062e+00 5.590820312500000000e-01 5.297851562500000000e-01 2.980957031250000000e+00 1.394042968750000000e+00 1.307128906250000000e+00
4.282861328124999978e-01 7.535400390625000000e-01 8.717675781250000533e-01 5.403320312500000527e-02 8.762988281250000400e-01 -7.785649414062500995e-01 -4.440917968750000000e+00 -4.470214843750000000e+00 -2.019042968750000000e+00 -3.605957031250000000e+00 3.071289062500000000e-01
3.332861328124999689e-01 6.285400390625000000e-01 7.817675781249999734e-01 4.403320312500000333e-02 9.262988281249999734e-01 -1.195064941406250192e+00 -1.940917968750000000e+00 3.029785156250000000e+00 4.809570312500000000e-01 -1.105957031250000000e+00 1.807128906250000000e+00
1.432861328124999944e-01 8.785400390625000000e-01 6.017675781250000355e-01 6.403320312500000722e-02 1.026298828125000062e+00 -3.620649414062500071e-01 3.059082031250000000e+00 -1.970214843750000000e+00 -4.519042968750000000e+00 3.894042968750000000e+00 8.071289062500000000e-01
1.373486328124999822e-01 5.269775390625000000e-01 8.436425781250000977e-01 4.840820312500000722e-02 8.731738281249999956e-01 -1.845846191406250059e+00 -5.346679687500000000e-01 1.623535156250000000e+00 1.220703125000000000e-02 -2.824707031250000000e+00 3.383789062500000000e-01
3.273486328124999845e-01 7.769775390625000000e-01 6.636425781250000488e-01 6.840820312500001110e-02 9.731738281249999734e-01 -1.012846191406250096e+00 4.465332031250000000e+00 -3.376464843750000000e+00 -4.987792968750000000e+00 2.175292968750000000e+00 1.338378906250000000e+00
4.223486328125000133e-01 6.519775390625000000e-01 5.736425781250000799e-01 3.840820312499999833e-02 1.023173828125000018e+00 -1.429346191406250188e+00 1.965332031250000000e+00 4.123535156250000000e+00 2.512207031250000000e+00 4.675292968750000000e+00 8.383789062500000000e-01
2.323486328125000111e-01 9.019775390625000000e-01 7.536425781250000178e-01 5.840820312500000222e-02 9.231738281250000400e-01 -5.963461914062500036e-01 -3.034667968750000000e+00 -8.764648437500000000e-01 -2.487792968750000000e+00 -3.247070312500000000e-01 1.838378906250000000e+00
2.798486328124999978e-01 7.144775390625000000e-01 7.086425781250000888e-01 4.340820312500000278e-02 1.048173828125000151e+00 -3.880961914062501794e-01 -1.784667968750000000e+00 -4.626464843750000000e+00 1.262207031250000000e+00 3.425292968750000000e+00 5.883789062500000000e-01
4.698486328125000000e-01 9.644775390625000000e-01 8.886425781250000266e-01 6.340820312500000666e-02 9.481738281250000622e-01 -1.221096191406250142e+00 3.215332031250000000e+00 3.735351562500000000e-01 -3.737792968750000000e+00 -1.574707031250000000e+00 1.588378906250000000e+00
3.748486328124999711e-01 5.894775390625000000e-01 7.986425781250000577e-01 3.340820312500000083e-02 8.981738281250000178e-01 -8.045961914062500497e-01 7.153320312500000000e-01 -2.126464843750000000e+00 3.762207031250000000e+00 -4.074707031250000000e+00 8.837890625000000000e-02
1.848486328124999967e-01 8.394775390625000000e-01 6.186425781250000089e-01 5.340820312500000472e-02 9.981738281250001066e-01 -1.637596191406250012e+00 -4.284667968750000000e+00 2.873535156250000000e+00 -1.237792968750000000e+00 9.252929687500000000e-01 1.088378906250000000e+00
2.085986328124999900e-01 6.832275390625000000e-01 7.311425781250000533e-01 6.090820312500000444e-02 9.856738281250000400e-01 -1.741721191406250036e+00 -1.159667968750000000e+00 -1.501464843750000000e+00 1.887207031250000000e+00 -3.449707031250000000e+00 1.213378906250000000e+00
3.985986328125000200e-01 9.332275390625000000e-01 5.511425781250000044e-01 4.090820312500000056e-02 8.856738281249999512e-01 -9.087211914062500728e-01 3.840332031250000000e+00 3.498535156250000000e+00 -3.112792968750000000e+00 1.550292968750000000e+00 2.133789062500000000e-01
4.935986328124999933e-01 5.582275390625000000e-01 6.411425781250000844e-01 5.090820312500000250e-02 9.356738281249999956e-01 -1.325221191406249943e+00 1.340332031250000000e+00 -4.001464843750000000e+00 4.387207031250000000e+00 4.050292968750000000e+00 1.713378906250000000e+00
3.035986328124999911e-01 8.082275390625000000e-01 8.211425781250000222e-01 3.090820312499999861e-02 1.035673828124999973e+00 -4.922211914062499805e-01 -3.659667968750000000e+00 9.985351562500000000e-01 -6.127929687500000000e-01 -9.497070312500000000e-01 7.133789062500000000e-01
2.560986328125000044e-01 6.207275390625000000e-01 5.961425781250000444e-01 6.590820312500000888e-02 9.606738281250000178e-01 -7.004711914062500266e-01 -2.409667968750000000e+00 4.748535156250000000e+00 6.372070312500000000e-01 2.800292968750000000e+00 1.963378906250000000e+00
4.460986328125000067e-01 8.707275390625000000e-01 7.761425781249999822e-01 4.590820312500000500e-02 1.060673828125000107e+00 -1.533471191406249989e+00 2.590332031250000000e+00 -2.514648437500000000e-01 -4.362792968750000000e+00 -2.199707031250000000e+00 9.633789062500000000e-01
3.510986328124999778e-01 7.457275390625000000e-01 8.661425781250000622e-01 5.590820312500000000e-02 1.010673828125000062e+00 -1.116971191406249897e+00 9.033203125000000000e-02 2.248535156250000000e+00 3.137207031250000000e+00 -4.699707031250000000e+00 1.463378906250000000e+00
1.610986328125000033e-01 9.957275390625000000e-01 6.861425781250000133e-01 3.590820312500000305e-02 9.106738281249999734e-01 -1.949971191406250082e+00 -4.909667968750000000e+00 -2.751464843750000000e+00 -1.862792968750000000e+00 3.002929687500000000e-01 4.633789062500000000e-01
1.492236328125000067e-01 7.301025390625000000e-01 5.623925781250000977e-01 3.465820312500000194e-02 9.294238281250000178e-01 -1.481408691406250089e+00 4.777832031250000000e+00 -5.639648437500000000e-01 -2.175292968750000000e+00 -1.262207031250000000e+00 5.258789062500000000e-01
3.392236328125000089e-01 9.801025390625000000e-01 7.423925781250000355e-01 5.465820312499999889e-02 1.029423828125000107e+00 -6.484086914062501261e-01 -2.221679687500000000e-01 4.436035156250000000e+00 2.824707031250000000e+00 3.737792968750000000e+00 1.525878906250000000e+00
4.342236328124999822e-01 6.051025390625000000e-01 8.323925781250001155e-01 4.465820312500000389e-02 9.794238281250000622e-01 -1.897908691406249959e+00 -2.722167968750000000e+00 -3.063964843750000000e+00 -4.675292968750000000e+00 1.237792968750000000e+00 2.587890625000000000e-02
2.442236328124999800e-01 8.551025390625000000e-01 6.523925781250000666e-01 6.465820312500000777e-02 8.794238281249999734e-01 -1.064908691406249996e+00 2.277832031250000000e+00 1.936035156250000000e+00 3.247070312500000000e-01 -3.762207031250000000e+00 1.025878906250000000e+00
2.917236328125000222e-01 5.426025390625000000e-01 7.873925781250000755e-01 3.965820312499999944e-02 1.004423828124999973e+00 -8.566586914062499503e-01 3.527832031250000000e+00 3.186035156250000000e+00 -9.252929687500000000e-01 2.487792968750000000e+00 2.758789062500000000e-01
4.817236328125000244e-01 7.926025390625000000e-01 6.073925781250000266e-01 5.965820312500000333e-02 9.044238281249999956e-01 -1.689658691406250135e+00 -1.472167968750000000e+00 -1.813964843750000000e+00 4.074707031250000000e+00 -2.512207031250000000e+00 1.275878906250000000e+00
3.867236328124999956e-01 6.676025390625000000e-01 6.973925781250001066e-01 4.965820312500000139e-02 9.544238281250000400e-01 -4.401586914062500799e-01 -3.972167968750000000e+00 6.860351562500000000e-01 -3.425292968750000000e+00 -1.220703125000000000e-02 7.758789062500000000e-01
1.967236328124999933e-01 9.176025390625000000e-01 8.773925781250000444e-01 6.965820312500001221e-02 1.054423828125000018e+00 -1.273158691406250043e+00 1.027832031250000000e+00 -4.313964843750000000e+00 1.574707031250000000e+00 4.987792968750000000e+00 1.775878906250000000e+00
1.729736328125000000e-01 5.738525390625000000e-01 6.748925781250000311e-01 5.715820312500000111e-02 1.041923828125000062e+00 -1.169033691406250020e+00 4.152832031250000000e+00 6.103515625000000000e-02 -3.002929687500000000e-01 -1.887207031250000000e+00 1.900878906250000000e+00
3.629736328125000022e-01 8.238525390625000000e-01 8.548925781250000799e-01 3.715820312499999722e-02 9.419238281249999734e-01 -3.360336914062500568e-01 -8.471679687500000000e-01 -4.938964843750000000e+00 4.699707031250000000e+00 3.112792968750000000e+00 9.008789062500000000e-01
4.579736328124999756e-01 6.988525390625000000e-01 7.648925781250000000e-01 6.715820312500000999e-02 8.919238281250000400e-01 -1.585533691406249890e+00 -3.347167968750000000e+00 2.561035156250000000e+00 -2.800292968750000000e+00 6.127929687500000000e-01 1.400878906250000000e+00
2.679736328124999734e-01 9.488525390625000000e-01 5.848925781250000622e-01 4.715820312500000611e-02 9.919238281250000178e-01 -7.525336914062501492e-01 1.652832031250000000e+00 -2.438964843750000000e+00 2.199707031250000000e+00 -4.387207031250000000e+00 4.008789062500000000e-01
2.204736328124999867e-01 6.363525390625000000e-01 8.998925781250000089e-01 5.215820312500000361e-02 9.169238281250000622e-01 -9.607836914062499734e-01 2.902832031250000000e+00 -3.688964843750000000e+00 -1.550292968750000000e+00 1.862792968750000000e+00 1.150878906250000000e+00
4.104736328124999889e-01 8.863525390625000000e-01 7.198925781250000711e-01 3.215820312499999972e-02 1.016923828124999929e+00 -1.793783691406249936e+00 -2.097167968750000000e+00 1.311035156250000000e+00 3.449707031250000000e+00 -3.137207031250000000e+00 1.508789062500000000e-01
3.154736328124999600e-01 5.113525390625000000e-01 6.298925781249999911e-01 6.215820312500000555e-02 1.066923828124999973e+00 -5.442836914062501030e-01 -4.597167968750000000e+00 -1.188964843750000000e+00 -4.050292968750000000e+00 -6.372070312500000000e-01 1.650878906250000000e+00
1.254736328124999856e-01 7.613525390625000000e-01 8.098925781250000400e-01 4.215820312500000167e-02 9.669238281249999956e-01 -1.377283691406250066e+00 4.028320312500000000e-01 3.811035156250000000e+00 9.497070312500000000e-01 4.362792968750000000e+00 6.508789062500000000e-01
1.239892578124999895e-01 7.398681640625000000e-01 8.984863281249999556e-01 6.481445312500000444e-02 1.058330078125000018e+00 -1.956479003906250069e+00 -3.464355468750000000e+00 2.912597656250000000e+00 6.762695312500000000e-01 4.636230468750000000e+00 2.524414062500000000e-01
3.139892578124999778e-01 9.898681640625000000e-01 7.184863281250000178e-01 4.481445312500000056e-02 9.583300781250000400e-01 -1.123479003906250107e+00 1.535644531250000000e+00 -2.087402343750000000e+00 -4.323730468750000000e+00 -3.637695312500000000e-01 1.252441406250000000e+00
4.089892578125000067e-01 6.148681640625000000e-01 6.284863281250000488e-01 5.481445312500000250e-02 9.083300781249999956e-01 -1.539979003906249977e+00 4.035644531250000000e+00 4.125976562500000000e-01 3.176269531250000000e+00 -2.863769531250000000e+00 7.524414062500000000e-01
2.189892578125000044e-01 8.648681640625000000e-01 8.084863281250000977e-01 3.481445312499999861e-02 1.008330078124999973e+00 -7.069790039062500142e-01 -9.643554687500000000e-01 -4.587402343750000000e+00 -1.823730468750000000e+00 2.136230468750000000e+00 1.752441406250000000e+00
2.664892578124999911e-01 5.523681640625000000e-01 6.734863281250000888e-01 6.981445312500000888e-02 8.833300781249999734e-01 -4.987290039062499680e-01 -4.714355468750000000e+00 -8.374023437500000000e-01 1.926269531250000000e+00 -4.113769531250000000e+00 5.024414062500000000e-01
4.564892578124999933e-01 8.023681640625000000e-01 8.534863281250000266e-01 4.981445312500000500e-02 9.833300781250000622e-01 -1.331729003906250153e+00 2.856445312500000000e-01 4.162597656250000000e+00 -3.073730468750000000e+00 8.862304687500000000e-01 1.502441406250000000e+00
3.614892578124999645e-01 6.773681640625000000e-01 7.634863281250000577e-01 5.981445312500000000e-02 1.033330078125000107e+00 -9.152290039062500604e-01 2.785644531250000000e+00 -3.337402343750000000e+00 4.426269531250000000e+00 3.386230468750000000e+00 2.441406250000000000e-03
1.714892578124999900e-01 9.273681640625000000e-01 5.834863281250000089e-01 3.981445312500000305e-02 9.333300781250000178e-01 -1.748229003906250023e+00 -2.214355468750000000e+00 1.662597656250000000e+00 -5.737304687500000000e-01 -1.613769531250000000e+00 1.002441406250000000e+00
1.952392578125000111e-01 5.836181640625000000e-01 7.859863281250000222e-01 4.731445312500000278e-02 9.458300781249999734e-01 -1.644104003906250000e+00 -2.839355468750000000e+00 -2.712402343750000000e+00 1.301269531250000000e+00 4.011230468750000000e+00 1.127441406250000000e+00
3.852392578125000133e-01 8.336181640625000000e-01 6.059863281250000844e-01 6.731445312500000666e-02 1.045830078125000062e+00 -8.111040039062500373e-01 2.160644531250000000e+00 2.287597656250000000e+00 -3.698730468750000000e+00 -9.887695312500000000e-01 1.274414062500000000e-01
4.802392578124999867e-01 7.086181640625000000e-01 6.959863281250000533e-01 3.731445312500000083e-02 9.958300781250000178e-01 -1.227604003906249908e+00 4.660644531250000000e+00 -2.124023437500000000e-01 3.801269531250000000e+00 -3.488769531250000000e+00 1.627441406250000000e+00
2.902392578124999845e-01 9.586181640625000000e-01 8.759863281249999911e-01 5.731445312500000472e-02 8.958300781250000400e-01 -3.946040039062501670e-01 -3.393554687500000000e-01 4.787597656250000000e+00 -1.198730468750000000e+00 1.511230468750000000e+00 6.274414062500000000e-01
2.427392578124999978e-01 6.461181640625000000e-01 5.609863281250000444e-01 4.231445312499999833e-02 9.708300781249999956e-01 -6.028540039062499911e-01 -4.089355468750000000e+00 1.037597656250000000e+00 5.126953125000000000e-02 -4.738769531250000000e+00 1.877441406250000000e+00
4.327392578125000000e-01 8.961181640625000000e-01 7.409863281249999822e-01 6.231445312500000222e-02 8.708300781250000178e-01 -1.435854003906249954e+00 9.106445312500000000e-01 -3.962402343750000000e+00 -4.948730468750000000e+00 2.612304687500000000e-01 8.774414062500000000e-01
3.377392578125000266e-01 5.211181640625000000e-01 8.309863281250000622e-01 3.231445312499999639e-02 9.208300781250000622e-01 -1.019354003906250083e+00 3.410644531250000000e+00 3.537597656250000000e+00 2.551269531250000000e+00 2.761230468750000000e+00 1.377441406250000000e+00
1.477392578124999967e-01 7.711181640625000000e-01 6.509863281250000133e-01 5.231445312500000722e-02 1.020830078124999929e+00 -1.852354003906250046e+00 -1.589355468750000000e+00 -1.462402343750000000e+00 -2.448730468750000000e+00 -2.238769531250000000e+00 3.774414062500000000e-01
1.596142578124999933e-01 5.054931640625000000e-01 6.172363281250000666e-01 5.856445312500000583e-02 1.014580078125000062e+00 -1.383791503906250053e+00 1.848144531250000000e+00 -4.274902343750000000e+00 -1.511230468750000000e+00 1.198730468750000000e+00 5.649414062500000000e-01
3.496142578124999956e-01 7.554931640625000000e-01 7.972363281250000044e-01 3.856445312500000194e-02 9.145800781249999734e-01 -5.507915039062500906e-01 -3.151855468750000000e+00 7.250976562500000000e-01 3.488769531250000000e+00 -3.801269531250000000e+00 1.564941406250000000e+00
4.446142578125000244e-01 6.304931640625000000e-01 8.872363281249999734e-01 6.856445312500000777e-02 9.645800781250000178e-01 -1.800291503906249924e+00 -6.518554687500000000e-01 -1.774902343750000000e+00 -4.011230468750000000e+00 -1.301269531250000000e+00 6.494140625000000000e-02
2.546142578125000222e-01 8.804931640625000000e-01 7.072363281250000355e-01 4.856445312500000389e-02 1.064580078125000107e+00 -9.672915039062499609e-01 4.348144531250000000e+00 3.225097656250000000e+00 9.887695312500000000e-01 3.698730468750000000e+00 1.064941406250000000e+00
3.021142578125000089e-01 6.929931640625000000e-01 7.522363281250000755e-01 5.356445312500000833e-02 9.395800781249999956e-01 -7.590415039062501368e-01 5.981445312500000000e-01 1.975097656250000000e+00 -2.612304687500000000e-01 -5.126953125000000000e-02 3.149414062500000000e-01
4.921142578125000111e-01 9.429931640625000000e-01 5.722363281250000266e-01 3.356445312499999750e-02 1.039580078124999973e+00 -1.592041503906250099e+00 -4.401855468750000000e+00 -3.024902343750000000e+00 4.738769531250000000e+00 4.948730468750000000e+00 1.314941406250000000e+00
3.971142578124999822e-01 5.679931640625000000e-01 6.622363281249999956e-01 6.356445312500000333e-02 9.895800781250000400e-01 -3.425415039062500444e-01 -1.901855468750000000e+00 4.475097656250000000e+00 -2.761230468750000000e+00 2.448730468750000000e+00 8.149414062500000000e-01
2.071142578124999800e-01 8.179931640625000000e-01 8.422363281250000444e-01 4.356445312499999944e-02 8.895800781249999512e-01 -1.175541503906250007e+00 3.098144531250000000e+00 -5.249023437500000000e-01 2.238769531250000000e+00 -2.551269531250000000e+00 1.814941406250000000e+00
1.833642578124999867e-01 6.617431640625000000e-01 7.297363281250000000e-01 3.106445312499999875e-02 9.020800781250000178e-01 -1.279666503906250030e+00 2.473144531250000000e+00 3.850097656250000000e+00 -8.862304687500000000e-01 5.737304687500000000e-01 1.939941406250000000e+00
3.733642578124999889e-01 9.117431640625000000e-01 9.097363281250000488e-01 5.106445312500000611e-02 1.002080078125000107e+00 -4.466665039062500675e-01 -2.526855468750000000e+00 -1.149902343750000000e+00 4.113769531250000000e+00 -4.426269531250000000e+00 9.399414062500000000e-01
4.683642578125000178e-01 5.367431640625000000e-01 8.197363281250000799e-01 4.106445312499999722e-02 1.052080078125000151e+00 -1.696166503906249901e+00 -2.685546875000000000e-02 1.350097656250000000e+00 -3.386230468750000000e+00 -1.926269531250000000e+00 1.439941406250000000e+00
2.783642578124999600e-01 7.867431640625000000e-01 6.397363281250000311e-01 6.106445312500000111e-02 9.520800781250000622e-01 -8.631665039062501599e-01 4.973144531250000000e+00 -3.649902343750000000e+00 1.613769531250000000e+00 3.073730468750000000e+00 4.399414062500000000e-01
2.308642578125000011e-01 5.992431640625000000e-01 8.647363281250000089e-01 3.606445312499999972e-02 1.027080078125000018e+00 -1.071416503906250206e+00 1.223144531250000000e+00 -2.399902343750000000e+00 -2.136230468750000000e+00 -6.762695312500000000e-01 1.189941406250000000e+00
4.208642578124999756e-01 8.492431640625000000e-01 6.847363281250000711e-01 5.606445312500000361e-02 9.270800781250000400e-01 -1.904416503906249947e+00 -3.776855468750000000e+00 2.600097656250000000e+00 2.863769531250000000e+00 4.323730468750000000e+00 1.899414062500000000e-01
3.258642578125000022e-01 7.242431640625000000e-01 5.947363281249999911e-01 4.606445312500000167e-02 8.770800781249999956e-01 -6.549165039062501137e-01 -1.276855468750000000e+00 -4.899902343750000000e+00 -4.636230468750000000e+00 1.823730468750000000e+00 1.689941406250000000e+00
1.358642578125000000e-01 9.742431640625000000e-01 7.747363281250000400e-01 6.606445312500000555e-02 9.770800781249999734e-01 -1.487916503906250076e+00 3.723144531250000000e+00 1.000976562500000000e-01 3.637695312500000000e-01 -3.176269531250000000e+00 6.899414062500000000e-01
1.418017578124999845e-01 6.226806640625000000e-01 7.016113281250000444e-01 4.168945312499999778e-02 9.239550781249999956e-01 -9.412602539062500107e-01 -1.120605468750000000e+00 -9.936523437500000000e-01 -4.792480468750000000e+00 4.792480468750000000e+00 1.586914062500000000e-01
3.318017578124999867e-01 8.726806640625000000e-01 8.816113281249999822e-01 6.168945312500000167e-02 1.023955078124999973e+00 -1.774260253906249973e+00 3.879394531250000000e+00 4.006347656250000000e+00 2.075195312500000000e-01 -2.075195312500000000e-01 1.158691406250000000e+00
4.268017578125000155e-01 7.476806640625000000e-01 7.916113281250000133e-01 3.168945312500000278e-02 9.739550781250000400e-01 -5.247602539062501403e-01 1.379394531250000000e+00 -3.493652343750000000e+00 -2.292480468750000000e+00 -2.707519531250000000e+00 6.586914062500000000e-01
2.368017578125000133e-01 9.976806640625000000e-01 6.116113281250000755e-01 5.168945312500000666e-02 8.739550781249999512e-01 -1.357760253906250103e+00 -3.620605468750000000e+00 1.506347656250000000e+00 2.707519531250000000e+00 2.292480468750000000e+00 1.658691406250000000e+00
2.843017578125000000e-01 6.851806640625000000e-01 8.366113281250000533e-01 4.668945312500000222e-02 9.989550781250000622e-01 -1.566010253906250149e+00 -2.370605468750000000e+00 2.756347656250000000e+00 -3.542480468750000000e+00 -3.957519531250000000e+00 9.086914062500000000e-01
4.743017578125000022e-01 9.351806640625000000e-01 6.566113281250000044e-01 6.668945312500000611e-02 8.989550781249999734e-01 -7.330102539062499645e-01 2.629394531250000000e+00 -2.243652343750000000e+00 1.457519531250000000e+00 1.042480468750000000e+00 1.908691406250000000e+00
3.793017578124999734e-01 5.601806640625000000e-01 5.666113281250000355e-01 3.668945312500000028e-02 9.489550781250000178e-01 -1.982510253906250020e+00 1.293945312500000000e-01 2.563476562500000000e-01 -1.042480468750000000e+00 3.542480468750000000e+00 4.086914062500000000e-01
1.893017578124999989e-01 8.101806640625000000e-01 7.466113281249999734e-01 5.668945312500000416e-02 1.048955078125000107e+00 -1.149510253906250057e+00 -4.870605468750000000e+00 -4.743652343750000000e+00 3.957519531250000000e+00 -1.457519531250000000e+00 1.408691406250000000e+00
2.130517578124999922e-01 7.164306640625000000e-01 6.341113281250000400e-01 6.918945312500000833e-02 1.036455078124999929e+00 -1.045385253906250034e+00 -4.956054687500000000e-01 8.813476562500000000e-01 -2.917480468750000000e+00 4.167480468750000000e+00 1.283691406250000000e+00
4.030517578125000222e-01 9.664306640625000000e-01 8.141113281250000888e-01 4.918945312500000444e-02 9.364550781250000622e-01 -1.878385253906249996e+00 4.504394531250000000e+00 -4.118652343750000000e+00 2.082519531250000000e+00 -8.325195312500000000e-01 2.836914062500000000e-01
4.980517578124999956e-01 5.914306640625000000e-01 9.041113281250000577e-01 5.918945312499999944e-02 8.864550781250000178e-01 -6.288852539062501634e-01 2.004394531250000000e+00 3.381347656250000000e+00 -4.174804687500000000e-01 -3.332519531250000000e+00 1.783691406250000000e+00
3.080517578124999933e-01 8.414306640625000000e-01 7.241113281250000089e-01 3.918945312500000250e-02 9.864550781249999956e-01 -1.461885253906249904e+00 -2.995605468750000000e+00 -1.618652343750000000e+00 4.582519531250000000e+00 1.667480468750000000e+00 7.836914062500000000e-01
2.605517578125000067e-01 5.289306640625000000e-01 7.691113281250000488e-01 6.418945312500000389e-02 9.114550781250000400e-01 -1.253635253906250080e+00 -1.745605468750000000e+00 -2.868652343750000000e+00 -4.167480468750000000e+00 -4.582519531250000000e+00 1.533691406250000000e+00
4.505517578125000089e-01 7.789306640625000000e-01 5.891113281250000000e-01 4.418945312500000000e-02 1.011455078125000018e+00 -4.206352539062501172e-01 3.254394531250000000e+00 2.131347656250000000e+00 8.325195312500000000e-01 4.174804687500000000e-01 5.336914062500000000e-01
3.555517578125000355e-01 6.539306640625000000e-01 6.791113281250000799e-01 5.418945312500000194e-02 1.061455078125000062e+00 -1.670135253906249950e+00 7.543945312500000000e-01 -3.686523437500000000e-01 -1.667480468750000000e+00 2.917480468750000000e+00 1.033691406250000000e+00
1.655517578125000056e-01 9.039306640625000000e-01 8.591113281250000178e-01 3.418945312499999806e-02 9.614550781249999734e-01 -8.371352539062499876e-01 -4.245605468750000000e+00 4.631347656250000000e+00 3.332519531250000000e+00 -2.082519531250000000e+00 3.369140625000000000e-02
1.536767578125000089e-01 6.383056640625000000e-01 8.028613281250001066e-01 3.543945312499999917e-02 8.802050781250000400e-01 -3.685727539062499947e-01 4.191894531250000000e+00 2.443847656250000000e+00 3.020019531250000000e+00 7.299804687500000000e-01 9.711914062500000000e-01
3.436767578125000111e-01 8.883056640625000000e-01 6.228613281250000577e-01 5.543945312500000305e-02 9.802050781250000178e-01 -1.201572753906249957e+00 -8.081054687500000000e-01 -2.556152343750000000e+00 -1.979980468750000000e+00 -4.270019531250000000e+00 1.971191406250000000e+00
4.386767578124999845e-01 5.133056640625000000e-01 7.128613281250000266e-01 4.543945312500000111e-02 1.030205078125000062e+00 -7.850727539062500870e-01 -3.308105468750000000e+00 4.943847656250000000e+00 5.200195312500000000e-01 -1.770019531250000000e+00 4.711914062500000000e-01
2.486767578125000100e-01 7.633056640625000000e-01 8.928613281249999645e-01 6.543945312500000500e-02 9.302050781249999734e-01 -1.618072753906250050e+00 1.691894531250000000e+00 -5.615234375000000000e-02 -4.479980468750000000e+00 3.229980468750000000e+00 1.471191406250000000e+00
2.961767578124999689e-01 5.758056640625000000e-01 5.778613281250000178e-01 3.043945312499999820e-02 1.055205078124999973e+00 -1.826322753906250096e+00 2.941894531250000000e+00 -3.806152343750000000e+00 4.270019531250000000e+00 -5.200195312500000000e-01 2.211914062500000000e-01
4.861767578125000266e-01 8.258056640625000000e-01 7.578613281250000666e-01 5.043945312500000555e-02 9.552050781249999956e-01 -9.933227539062501332e-01 -2.058105468750000000e+00 1.193847656250000000e+00 -7.299804687500000000e-01 4.479980468750000000e+00 1.221191406250000000e+00
3.911767578124999978e-01 7.008056640625000000e-01 8.478613281250000355e-01 4.043945312499999667e-02 9.052050781250000622e-01 -1.409822753906250004e+00 -4.558105468750000000e+00 -1.306152343750000000e+00 1.770019531250000000e+00 1.979980468750000000e+00 7.211914062500000000e-01
2.011767578124999956e-01 9.508056640625000000e-01 6.678613281250000977e-01 6.043945312500000056e-02 1.005205078124999929e+00 -5.768227539062500409e-01 4.418945312500000000e-01 3.693847656250000000e+00 -3.229980468750000000e+00 -3.020019531250000000e+00 1.721191406250000000e+00
1.774267578125000022e-01 5.445556640625000000e-01 8.703613281250000000e-01 5.293945312500000777e-02 9.927050781250000844e-01 -6.809477539062500639e-01 4.816894531250000000e+00 -1.931152343750000000e+00 4.895019531250000000e+00 1.049804687500000000e-01 1.596191406250000000e+00
3.674267578125000044e-01 7.945556640625000000e-01 6.903613281250000622e-01 3.293945312499999695e-02 8.927050781249999956e-01 -1.513947753906250027e+00 -1.831054687500000000e-01 3.068847656250000000e+00 -1.049804687500000000e-01 -4.895019531250000000e+00 5.961914062500000000e-01
4.624267578124999778e-01 6.695556640625000000e-01 6.003613281250000933e-01 6.293945312500000278e-02 9.427050781250000400e-01 -1.097447753906250156e+00 -2.683105468750000000e+00 -4.431152343750000000e+00 2.395019531250000000e+00 -2.395019531250000000e+00 1.096191406250000000e+00
2.724267578125000311e-01 9.195556640625000000e-01 7.803613281250000311e-01 4.293945312499999889e-02 1.042705078125000018e+00 -1.930447753906249897e+00 2.316894531250000000e+00 5.688476562500000000e-01 -2.604980468750000000e+00 2.604980468750000000e+00 9.619140625000000000e-02
2.249267578124999889e-01 7.320556640625000000e-01 6.453613281250000222e-01 5.793945312500000527e-02 9.677050781250000622e-01 -1.722197753906250073e+00 3.566894531250000000e+00 4.318847656250000000e+00 3.645019531250000000e+00 -1.145019531250000000e+00 1.346191406250000000e+00
4.149267578124999911e-01 9.820556640625000000e-01 8.253613281250000711e-01 3.793945312500000139e-02 1.067705078125000151e+00 -8.891977539062501101e-01 -1.433105468750000000e+00 -6.811523437500000000e-01 -1.354980468750000000e+00 3.854980468750000000e+00 3.461914062500000000e-01
3.199267578125000178e-01 6.070556640625000000e-01 7.353613281249999911e-01 6.793945312500000722e-02 1.017705078125000107e+00 -1.305697753906249980e+00 -3.933105468750000000e+00 1.818847656250000000e+00 1.145019531250000000e+00 1.354980468750000000e+00 1.846191406250000000e+00
1.299267578124999878e-01 8.570556640625000000e-01 5.553613281250000533e-01 4.793945312500000333e-02 9.177050781250000178e-01 -4.726977539062500178e-01 1.066894531250000000e+00 -3.181152343750000000e+00 -3.854980468750000000e+00 -3.645019531250000000e+00 8.461914062500000000e-01
1.269580078124999956e-01 5.562744140625000000e-01 7.381738281250000977e-01 3.262695312499999667e-02 1.025517578125000107e+00 -5.898383789062500160e-01 -2.448730468750000000e+00 -2.905273437500000000e-01 1.848144531250000000e+00 1.589355468750000000e+00 1.111816406250000000e+00
3.169580078124999978e-01 8.062744140625000000e-01 5.581738281250000488e-01 5.262695312500000056e-02 9.255175781250000178e-01 -1.422838378906249979e+00 2.551269531250000000e+00 4.709472656250000000e+00 -3.151855468750000000e+00 -3.410644531250000000e+00 1.118164062500000000e-01
4.119580078125000266e-01 6.812744140625000000e-01 6.481738281250000178e-01 4.262695312500000555e-02 8.755175781249999734e-01 -1.006338378906249886e+00 5.126953125000000000e-02 -2.790527343750000000e+00 4.348144531250000000e+00 -9.106445312500000000e-01 1.611816406250000000e+00
2.219580078124999967e-01 9.312744140625000000e-01 8.281738281249999556e-01 6.262695312499999556e-02 9.755175781250000622e-01 -1.839338378906250071e+00 -4.948730468750000000e+00 2.209472656250000000e+00 -6.518554687500000000e-01 4.089355468750000000e+00 6.118164062500000000e-01
2.694580078125000111e-01 7.437744140625000000e-01 6.031738281250000888e-01 3.762695312500000111e-02 9.005175781249999956e-01 -1.631088378906250025e+00 -1.198730468750000000e+00 3.459472656250000000e+00 5.981445312500000000e-01 -2.160644531250000000e+00 1.861816406250000000e+00
4.594580078125000133e-01 9.937744140625000000e-01 7.831738281250000266e-01 5.762695312500000500e-02 1.000517578124999973e+00 -7.980883789062500622e-01 3.801269531250000000e+00 -1.540527343750000000e+00 -4.401855468750000000e+00 2.839355468750000000e+00 8.618164062500000000e-01
3.644580078125000400e-01 6.187744140625000000e-01 8.731738281250001066e-01 4.762695312500000305e-02 1.050517578125000018e+00 -1.214588378906249932e+00 1.301269531250000000e+00 9.594726562500000000e-01 3.098144531250000000e+00 3.393554687500000000e-01 1.361816406250000000e+00
1.744580078124999822e-01 8.687744140625000000e-01 6.931738281250000577e-01 6.762695312500000000e-02 9.505175781250000400e-01 -3.815883789062499698e-01 -3.698730468750000000e+00 -4.040527343750000000e+00 -1.901855468750000000e+00 -4.660644531250000000e+00 3.618164062500000000e-01
1.982080078125000033e-01 6.500244140625000000e-01 8.506738281250000311e-01 5.512695312500000278e-02 9.380175781249999734e-01 -4.857133789062499929e-01 -1.823730468750000000e+00 3.344726562500000000e-01 1.223144531250000000e+00 2.214355468750000000e+00 4.868164062500000000e-01
3.882080078124999778e-01 9.000244140625000000e-01 6.706738281249999822e-01 3.512695312499999889e-02 1.038017578125000062e+00 -1.318713378906250178e+00 3.176269531250000000e+00 -4.665527343750000000e+00 -3.776855468750000000e+00 -2.785644531250000000e+00 1.486816406250000000e+00
4.832080078125000067e-01 5.250244140625000000e-01 5.806738281250000133e-01 6.512695312499999778e-02 9.880175781250000178e-01 -9.022133789062500853e-01 6.762695312500000000e-01 2.834472656250000000e+00 3.723144531250000000e+00 -2.856445312500000000e-01 9.868164062500000000e-01
2.932080078125000044e-01 7.750244140625000000e-01 7.606738281250000622e-01 4.512695312500000083e-02 8.880175781250000400e-01 -1.735213378906250048e+00 -4.323730468750000000e+00 -2.165527343750000000e+00 -1.276855468750000000e+00 4.714355468750000000e+00 1.986816406250000000e+00
2.457080078124999900e-01 5.875244140625000000e-01 7.156738281250000222e-01 5.012695312499999833e-02 1.013017578124999929e+00 -1.943463378906250094e+00 -5.737304687500000000e-01 -3.415527343750000000e+00 2.473144531250000000e+00 -1.535644531250000000e+00 7.368164062500000000e-01
4.357080078125000200e-01 8.375244140625000000e-01 8.956738281250000711e-01 3.012695312499999792e-02 9.130175781250000622e-01 -1.110463378906250131e+00 4.426269531250000000e+00 1.584472656250000000e+00 -2.526855468750000000e+00 3.464355468750000000e+00 1.736816406250000000e+00
3.407080078124999911e-01 7.125244140625000000e-01 8.056738281249999911e-01 6.012695312500000722e-02 9.630175781249999956e-01 -1.526963378906250002e+00 1.926269531250000000e+00 -9.155273437500000000e-01 4.973144531250000000e+00 9.643554687500000000e-01 2.368164062500000000e-01
1.507080078124999889e-01 9.625244140625000000e-01 6.256738281250000533e-01 4.012695312500000333e-02 1.063017578124999973e+00 -6.939633789062500391e-01 -3.073730468750000000e+00 4.084472656250000000e+00 -2.685546875000000000e-02 -4.035644531250000000e+00 1.236816406250000000e+00
1.625830078125000133e-01 6.968994140625000000e-01 6.819238281250000755e-01 4.887695312500000416e-02 9.817675781250000400e-01 -1.162525878906250032e+00 2.863769531250000000e+00 1.271972656250000000e+00 -9.643554687500000000e-01 2.526855468750000000e+00 1.799316406250000000e+00
3.525830078124999600e-01 9.468994140625000000e-01 8.619238281250000133e-01 6.887695312500000111e-02 8.817675781249999512e-01 -1.995525878906249995e+00 -2.136230468750000000e+00 -3.728027343750000000e+00 4.035644531250000000e+00 -2.473144531250000000e+00 7.993164062500000000e-01
4.475830078124999889e-01 5.718994140625000000e-01 7.719238281250000444e-01 3.887695312500000222e-02 9.317675781249999956e-01 -7.460258789062501616e-01 -4.636230468750000000e+00 3.771972656250000000e+00 -3.464355468750000000e+00 -4.973144531250000000e+00 1.299316406250000000e+00
2.575830078124999867e-01 8.218994140625000000e-01 5.919238281249999956e-01 5.887695312500000611e-02 1.031767578124999973e+00 -1.579025878906250124e+00 3.637695312500000000e-01 -1.228027343750000000e+00 1.535644531250000000e+00 2.685546875000000000e-02 2.993164062500000000e-01
3.050830078124999734e-01 5.093994140625000000e-01 9.069238281250000533e-01 4.387695312499999972e-02 9.567675781250000178e-01 -1.370775878906250078e+00 4.113769531250000000e+00 -4.978027343750000000e+00 -2.214355468750000000e+00 -3.723144531250000000e+00 1.049316406250000000e+00
4.950830078124999756e-01 7.593994140625000000e-01 7.269238281250000044e-01 6.387695312499999667e-02 1.056767578125000107e+00 -5.377758789062501155e-01 -8.862304687500000000e-01 2.197265625000000000e-02 2.785644531250000000e+00 1.276855468750000000e+00 4.931640625000000000e-02
4.000830078125000022e-01 6.343994140625000000e-01 6.369238281250000355e-01 3.387695312499999778e-02 1.006767578125000062e+00 -1.787275878906249948e+00 -3.386230468750000000e+00 -2.478027343750000000e+00 -4.714355468750000000e+00 3.776855468750000000e+00 1.549316406250000000e+00
2.100830078125000000e-01 8.843994140625000000e-01 8.169238281249999734e-01 5.387695312500000167e-02 9.067675781249999734e-01 -9.542758789062499858e-01 1.613769531250000000e+00 2.521972656250000000e+00 2.856445312500000000e-01 -1.223144531250000000e+00 5.493164062500000000e-01
1.863330078125000067e-01 6.031494140625000000e-01 5.694238281250000311e-01 6.137695312500000833e-02 8.942675781250000178e-01 -8.501508789062499627e-01 3.488769531250000000e+00 -1.853027343750000000e+00 -1.589355468750000000e+00 3.151855468750000000e+00 6.743164062500000000e-01
3.763330078125000089e-01 8.531494140625000000e-01 7.494238281250000799e-01 4.137695312500000444e-02 9.942675781249999956e-01 -1.683150878906249925e+00 -1.511230468750000000e+00 3.146972656250000000e+00 3.410644531250000000e+00 -1.848144531250000000e+00 1.674316406250000000e+00
4.713330078124999822e-01 7.281494140625000000e-01 8.394238281250000488e-01 5.137695312499999944e-02 1.044267578124999929e+00 -4.336508789062500924e-01 -4.011230468750000000e+00 -4.353027343750000000e+00 -4.089355468750000000e+00 -4.348144531250000000e+00 1.743164062500000000e-01
2.813330078125000355e-01 9.781494140625000000e-01 6.594238281250000000e-01 3.137695312500000250e-02 9.442675781250000622e-01 -1.266650878906250055e+00 9.887695312500000000e-01 6.469726562500000000e-01 9.106445312500000000e-01 6.518554687500000000e-01 1.174316406250000000e+00
2.338330078124999933e-01 6.656494140625000000e-01 7.944238281250000089e-01 6.637695312499999889e-02 1.069267578125000062e+00 -1.474900878906249879e+00 4.738769531250000000e+00 4.396972656250000000e+00 -3.393554687500000000e-01 -3.098144531250000000e+00 4.243164062500000000e-01
4.238330078124999956e-01 9.156494140625000000e-01 6.144238281250000711e-01 4.637695312500000194e-02 9.692675781249999734e-01 -6.419008789062501386e-01 -2.612304687500000000e-01 -6.030273437500000000e-01 4.660644531250000000e+00 1.901855468750000000e+00 1.424316406250000000e+00
3.288330078125000222e-01 5.406494140625000000e-01 7.044238281250000400e-01 5.637695312500000389e-02 9.192675781250000400e-01 -1.891400878906249972e+00 -2.761230468750000000e+00 1.896972656250000000e+00 -2.839355468750000000e+00 4.401855468750000000e+00 9.243164062500000000e-01
1.388330078124999922e-01 7.906494140625000000e-01 8.844238281250000888e-01 3.637695312500000000e-02 1.019267578125000018e+00 -1.058400878906250009e+00 2.238769531250000000e+00 -3.103027343750000000e+00 2.160644531250000000e+00 -5.981445312500000000e-01 1.924316406250000000e+00
1.328955078125000078e-01 6.734619140625000000e-01 5.862988281250000044e-01 5.075195312499999889e-02 9.598925781250000622e-01 -1.188557128906249982e+00 -4.792480468750000000e+00 3.303222656250000000e+00 -2.683105468750000000e+00 1.433105468750000000e+00 1.455566406250000000e+00
3.228955078124999822e-01 9.234619140625000000e-01 7.662988281250000533e-01 3.075195312499999847e-02 1.059892578125000151e+00 -3.555571289062500195e-01 2.075195312500000000e-01 -1.696777343750000000e+00 2.316894531250000000e+00 -3.566894531250000000e+00 4.555664062500000000e-01
4.178955078125000111e-01 5.484619140625000000e-01 8.562988281250000222e-01 6.075195312500000777e-02 1.009892578125000107e+00 -1.605057128906250075e+00 2.707519531250000000e+00 8.032226562500000000e-01 -1.831054687500000000e-01 -1.066894531250000000e+00 1.955566406250000000e+00
2.278955078125000089e-01 7.984619140625000000e-01 6.762988281249999734e-01 4.075195312500000389e-02 9.098925781250000178e-01 -7.720571289062501119e-01 -2.292480468750000000e+00 -4.196777343750000000e+00 4.816894531250000000e+00 3.933105468750000000e+00 9.555664062500000000e-01
2.753955078124999956e-01 6.109619140625000000e-01 8.112988281249999822e-01 5.575195312500000333e-02 9.848925781249999734e-01 -9.803071289062499361e-01 -3.542480468750000000e+00 -4.467773437500000000e-01 -3.933105468750000000e+00 -2.316894531250000000e+00 1.705566406250000000e+00
4.653955078124999978e-01 8.609619140625000000e-01 6.312988281250000444e-01 3.575195312499999944e-02 8.848925781249999956e-01 -1.813307128906250121e+00 1.457519531250000000e+00 4.553222656250000000e+00 1.066894531250000000e+00 2.683105468750000000e+00 7.055664062500000000e-01
3.703955078125000244e-01 7.359619140625000000e-01 7.212988281250000133e-01 6.575195312500001221e-02 9.348925781250000400e-01 -5.638071289062500657e-01 3.957519531250000000e+00 -2.946777343750000000e+00 -1.433105468750000000e+00 1.831054687500000000e-01 1.205566406250000000e+00
1.803955078124999944e-01 9.859619140625000000e-01 9.012988281250000622e-01 4.575195312500000139e-02 1.034892578125000018e+00 -1.396807128906250028e+00 -1.042480468750000000e+00 2.053222656250000000e+00 3.566894531250000000e+00 -4.816894531250000000e+00 2.055664062500000000e-01
2.041455078125000155e-01 5.172119140625000000e-01 6.537988281250000089e-01 3.825195312500000167e-02 1.047392578124999973e+00 -1.500932128906250052e+00 -4.167480468750000000e+00 -3.571777343750000000e+00 -4.558105468750000000e+00 2.058105468750000000e+00 8.056640625000000000e-02
3.941455078125000178e-01 7.672119140625000000e-01 8.337988281250000577e-01 5.825195312500000555e-02 9.473925781249999956e-01 -6.679321289062500888e-01 8.325195312500000000e-01 1.428222656250000000e+00 4.418945312500000000e-01 -2.941894531250000000e+00 1.080566406250000000e+00
4.891455078124999911e-01 6.422119140625000000e-01 7.437988281250000888e-01 4.825195312500000361e-02 8.973925781249999512e-01 -1.917432128906249922e+00 3.332519531250000000e+00 -1.071777343750000000e+00 -2.058105468750000000e+00 -4.418945312500000000e-01 5.805664062500000000e-01
2.991455078124999889e-01 8.922119140625000000e-01 5.637988281250000400e-01 6.825195312500001443e-02 9.973925781250000400e-01 -1.084432128906250181e+00 -1.667480468750000000e+00 3.928222656250000000e+00 2.941894531250000000e+00 4.558105468750000000e+00 1.580566406250000000e+00
2.516455078125000022e-01 7.047119140625000000e-01 8.787988281250000977e-01 3.325195312499999722e-02 8.723925781250000400e-01 -8.761821289062501350e-01 -2.917480468750000000e+00 1.782226562500000000e-01 -3.308105468750000000e+00 -1.691894531250000000e+00 8.305664062500000000e-01
4.416455078125000044e-01 9.547119140625000000e-01 6.987988281250000488e-01 5.325195312500000111e-02 9.723925781250000178e-01 -1.709182128906249876e+00 2.082519531250000000e+00 -4.821777343750000000e+00 1.691894531250000000e+00 3.308105468750000000e+00 1.830566406250000000e+00
3.466455078125000311e-01 5.797119140625000000e-01 6.087988281250000799e-01 4.325195312499999917e-02 1.022392578125000062e+00 -4.596821289062500426e-01 4.582519531250000000e+00 2.678222656250000000e+00 -8.081054687500000000e-01 8.081054687500000000e-01 3.305664062500000000e-01
1.566455078125000011e-01 8.297119140625000000e-01 7.887988281250000178e-01 6.325195312500000999e-02 9.223925781249999734e-01 -1.292682128906250005e+00 -4.174804687500000000e-01 -2.321777343750000000e+00 4.191894531250000000e+00 -4.191894531250000000e+00 1.330566406250000000e+00
1.447705078125000044e-01 5.640869140625000000e-01 8.225488281249999645e-01 6.700195312500001332e-02 9.161425781249999956e-01 -1.761244628906249998e+00 5.200195312500000000e-01 -4.509277343750000000e+00 4.504394531250000000e+00 2.995605468750000000e+00 1.643066406250000000e+00
3.347705078125000067e-01 8.140869140625000000e-01 6.425488281250000266e-01 4.700195312500000250e-02 1.016142578124999973e+00 -9.282446289062500355e-01 -4.479980468750000000e+00 4.907226562500000000e-01 -4.956054687500000000e-01 -2.004394531250000000e+00 6.430664062500000000e-01
4.297705078124999800e-01 6.890869140625000000e-01 5.525488281250000577e-01 5.700195312500000444e-02 1.066142578125000018e+00 -1.344744628906250128e+00 -1.979980468750000000e+00 -2.009277343750000000e+00 2.004394531250000000e+00 -4.504394531250000000e+00 1.143066406250000000e+00
2.397705078124999778e-01 9.390869140625000000e-01 7.325488281250001066e-01 3.700195312500000056e-02 9.661425781250000400e-01 -5.117446289062501652e-01 3.020019531250000000e+00 2.990722656250000000e+00 -2.995605468750000000e+00 4.956054687500000000e-01 1.430664062500000000e-01
2.872705078124999645e-01 6.265869140625000000e-01 6.875488281250000666e-01 6.200195312500000194e-02 1.041142578125000107e+00 -7.199946289062499893e-01 1.770019531250000000e+00 1.740722656250000000e+00 3.254394531250000000e+00 -3.254394531250000000e+00 1.393066406250000000e+00
4.772705078125000222e-01 8.765869140625000000e-01 8.675488281250001155e-01 4.200195312500000500e-02 9.411425781250000178e-01 -1.552994628906249952e+00 -3.229980468750000000e+00 -3.259277343750000000e+00 -1.745605468750000000e+00 1.745605468750000000e+00 3.930664062500000000e-01
3.822705078124999933e-01 5.015869140625000000e-01 7.775488281250000355e-01 5.200195312500000000e-02 8.911425781249999734e-01 -1.136494628906250082e+00 -7.299804687500000000e-01 4.240722656250000000e+00 7.543945312500000000e-01 4.245605468750000000e+00 1.893066406250000000e+00
1.922705078124999911e-01 7.515869140625000000e-01 5.975488281250000977e-01 3.200195312499999611e-02 9.911425781250000622e-01 -1.969494628906250044e+00 4.270019531250000000e+00 -7.592773437500000000e-01 -4.245605468750000000e+00 -7.543945312500000000e-01 8.930664062500000000e-01
1.685205078124999978e-01 7.203369140625000000e-01 7.550488281250000711e-01 4.450195312500000028e-02 1.003642578125000018e+00 -1.865369628906250021e+00 1.145019531250000000e+00 4.865722656250000000e+00 2.629394531250000000e+00 3.620605468750000000e+00 7.680664062500000000e-01
3.585205078125000000e-01 9.703369140625000000e-01 5.750488281250000222e-01 6.450195312500001110e-02 9.036425781250000400e-01 -1.032369628906250059e+00 -3.854980468750000000e+00 -1.342773437500000000e-01 -2.370605468750000000e+00 -1.379394531250000000e+00 1.768066406250000000e+00
4.535205078124999734e-01 5.953369140625000000e-01 6.650488281249999911e-01 3.450195312499999833e-02 9.536425781249999734e-01 -1.448869628906249929e+00 -1.354980468750000000e+00 2.365722656250000000e+00 1.293945312500000000e-01 -3.879394531250000000e+00 2.680664062500000000e-01
2.635205078125000266e-01 8.453369140625000000e-01 8.450488281250000400e-01 5.450195312500000222e-02 1.053642578125000062e+00 -6.158696289062499662e-01 3.645019531250000000e+00 -2.634277343750000000e+00 -4.870605468750000000e+00 1.120605468750000000e+00 1.268066406250000000e+00
2.160205078124999845e-01 5.328369140625000000e-01 6.200488281250000622e-01 4.950195312499999778e-02 9.286425781250000622e-01 -4.076196289062501421e-01 2.395019531250000000e+00 -1.384277343750000000e+00 3.879394531250000000e+00 -2.629394531250000000e+00 1.806640625000000000e-02
4.060205078124999867e-01 7.828369140625000000e-01 8.000488281250000000e-01 6.950195312500001554e-02 1.028642578124999929e+00 -1.240619628906249883e+00 -2.604980468750000000e+00 3.615722656250000000e+00 -1.120605468750000000e+00 2.370605468750000000e+00 1.018066406250000000e+00
3.110205078125000133e-01 6.578369140625000000e-01 8.900488281250000799e-01 3.950195312500000278e-02 9.786425781249999956e-01 -8.241196289062500124e-01 -1.049804687500000000e-01 -3.884277343750000000e+00 1.379394531250000000e+00 4.870605468750000000e+00 5.180664062500000000e-01
1.210205078124999972e-01 9.078369140625000000e-01 7.100488281250000311e-01 5.950195312500000666e-02 8.786425781250000178e-01 -1.657119628906249975e+00 4.895019531250000000e+00 1.115722656250000000e+00 -3.620605468750000000e+00 -1.293945312500000000e-01 1.518066406250000000e+00
1.213916015624999928e-01 5.313720703125000000e-01 8.278222656250000533e-01 4.024414062500000083e-02 1.012822265625000107e+00 -5.133715820312501066e-01 -4.372558593750000000e+00 3.173828125000000000e-02 2.932128906250000000e+00 3.962402343750000000e+00 1.789550781250000000e+00
3.113916015625000089e-01 7.813720703125000000e-01 6.478222656250000044e-01 6.024414062500000472e-02 9.128222656250000178e-01 -1.346371582031250069e+00 6.274414062500000000e-01 -4.968261718750000000e+00 -2.067871093750000000e+00 -1.037597656250000000e+00 7.895507812500000000e-01
4.063916015624999822e-01 6.563720703125000000e-01 5.578222656250000355e-01 3.024414062499999889e-02 9.628222656250000622e-01 -9.298715820312499769e-01 3.127441406250000000e+00 2.531738281250000000e+00 4.321289062500000000e-01 -3.537597656250000000e+00 1.289550781250000000e+00
2.163916015624999800e-01 9.063720703125000000e-01 7.378222656249999734e-01 5.024414062500000278e-02 1.062822265625000151e+00 -1.762871582031249940e+00 -1.872558593750000000e+00 -2.468261718750000000e+00 -4.567871093750000000e+00 1.462402343750000000e+00 2.895507812500000000e-01
2.638916015625000222e-01 7.188720703125000000e-01 6.928222656250000444e-01 4.524414062499999833e-02 9.378222656250000400e-01 -1.971121582031249986e+00 -3.122558593750000000e+00 -3.718261718750000000e+00 4.182128906250000000e+00 -4.787597656250000000e+00 1.039550781250000000e+00
4.538916015625000244e-01 9.688720703125000000e-01 8.728222656249999822e-01 6.524414062500000222e-02 1.037822265625000018e+00 -1.138121582031250023e+00 1.877441406250000000e+00 1.281738281250000000e+00 -8.178710937500000000e-01 2.124023437500000000e-01 3.955078125000000000e-02
3.588916015624999956e-01 5.938720703125000000e-01 7.828222656250000133e-01 3.524414062500000333e-02 9.878222656249999734e-01 -1.554621582031249893e+00 4.377441406250000000e+00 -1.218261718750000000e+00 1.682128906250000000e+00 2.712402343750000000e+00 1.539550781250000000e+00
1.688916015624999933e-01 8.438720703125000000e-01 6.028222656250000755e-01 5.524414062500000722e-02 8.878222656249999956e-01 -7.216215820312501528e-01 -6.225585937500000000e-01 3.781738281250000000e+00 -3.317871093750000000e+00 -2.287597656250000000e+00 5.395507812500000000e-01
1.926416015624999867e-01 6.251220703125000000e-01 7.603222656250000488e-01 6.774414062500000444e-02 9.003222656250000622e-01 -6.174965820312501297e-01 -4.997558593750000000e+00 -5.932617187500000000e-01 4.807128906250000000e+00 4.587402343750000000e+00 6.645507812500000000e-01
3.826416015624999889e-01 8.751220703125000000e-01 5.803222656250000000e-01 4.774414062500000056e-02 1.000322265624999929e+00 -1.450496582031250092e+00 2.441406250000000000e-03 4.406738281250000000e+00 -1.928710937500000000e-01 -4.125976562500000000e-01 1.664550781250000000e+00
4.776416015625000178e-01 5.001220703125000000e-01 6.703222656250000799e-01 5.774414062500000944e-02 1.050322265624999973e+00 -1.033996582031250000e+00 2.502441406250000000e+00 -3.093261718750000000e+00 2.307128906250000000e+00 -2.912597656250000000e+00 1.645507812500000000e-01
2.876416015624999600e-01 7.501220703125000000e-01 8.503222656250000178e-01 3.774414062499999861e-02 9.503222656249999956e-01 -1.866996582031249963e+00 -2.497558593750000000e+00 1.906738281250000000e+00 -2.692871093750000000e+00 2.087402343750000000e+00 1.164550781250000000e+00
2.401416015625000011e-01 5.626220703125000000e-01 6.253222656250000400e-01 6.274414062500000000e-02 1.025322265625000062e+00 -1.658746582031250139e+00 -3.747558593750000000e+00 3.156738281250000000e+00 3.557128906250000000e+00 -4.162597656250000000e+00 4.145507812500000000e-01
4.301416015624999756e-01 8.126220703125000000e-01 8.053222656250000888e-01 4.274414062500000305e-02 9.253222656249999734e-01 -8.257465820312499538e-01 1.252441406250000000e+00 -1.843261718750000000e+00 -1.442871093750000000e+00 8.374023437500000000e-01 1.414550781250000000e+00
3.351416015625000022e-01 6.876220703125000000e-01 8.953222656250000577e-01 5.274414062500000500e-02 8.753222656250000400e-01 -1.242246582031250046e+00 3.752441406250000000e+00 6.567382812500000000e-01 1.057128906250000000e+00 3.337402343750000000e+00 9.145507812500000000e-01
1.451416015625000000e-01 9.376220703125000000e-01 7.153222656250000089e-01 3.274414062500000111e-02 9.753222656250000178e-01 -4.092465820312500835e-01 -1.247558593750000000e+00 -4.343261718750000000e+00 -3.942871093750000000e+00 -1.662597656250000000e+00 1.914550781250000000e+00
1.570166015624999967e-01 7.032470703125000000e-01 5.915722656250000933e-01 3.649414062499999750e-02 1.069072265625000018e+00 -7.736840820312500533e-01 9.399414062500000000e-01 -1.530761718750000000e+00 -4.880371093750000000e+00 5.249023437500000000e-01 1.102050781250000000e+00
3.470166015625000266e-01 9.532470703125000000e-01 7.715722656250000311e-01 5.649414062500000833e-02 9.690722656250000400e-01 -1.606684082031250016e+00 -4.060058593750000000e+00 3.469238281250000000e+00 1.196289062500000000e-01 -4.475097656250000000e+00 1.020507812500000000e-01
4.420166015625000000e-01 5.782470703125000000e-01 8.615722656250000000e-01 4.649414062499999944e-02 9.190722656249999956e-01 -3.571840820312501830e-01 -1.560058593750000000e+00 -4.030761718750000000e+00 -2.380371093750000000e+00 -1.975097656250000000e+00 1.602050781250000000e+00
2.520166015624999978e-01 8.282470703125000000e-01 6.815722656250000622e-01 6.649414062500000333e-02 1.019072265624999973e+00 -1.190184082031250146e+00 3.439941406250000000e+00 9.692382812500000000e-01 2.619628906250000000e+00 3.024902343750000000e+00 6.020507812500000000e-01
2.995166015624999845e-01 5.157470703125000000e-01 8.165722656250000711e-01 3.149414062500000000e-02 8.940722656249999734e-01 -1.398434082031250192e+00 2.189941406250000000e+00 4.719238281250000000e+00 -3.630371093750000000e+00 -7.250976562500000000e-01 1.852050781250000000e+00
4.895166015624999867e-01 7.657470703125000000e-01 6.365722656250000222e-01 5.149414062500000389e-02 9.940722656250000622e-01 -5.654340820312500071e-01 -2.810058593750000000e+00 -2.807617187500000000e-01 1.369628906250000000e+00 4.274902343750000000e+00 8.520507812500000000e-01
3.945166015625000133e-01 6.407470703125000000e-01 7.265722656249999911e-01 4.149414062500000194e-02 1.044072265625000107e+00 -1.814934082031250062e+00 -3.100585937500000000e-01 2.219238281250000000e+00 -1.130371093750000000e+00 1.774902343750000000e+00 1.352050781250000000e+00
2.045166015625000111e-01 8.907470703125000000e-01 9.065722656250000400e-01 6.149414062500000583e-02 9.440722656250000178e-01 -9.819340820312500995e-01 4.689941406250000000e+00 -2.780761718750000000e+00 3.869628906250000000e+00 -3.225097656250000000e+00 3.520507812500000000e-01
1.807666015624999900e-01 6.094970703125000000e-01 6.590722656250000977e-01 5.399414062500000611e-02 9.565722656249999734e-01 -1.086059082031249901e+00 3.149414062500000000e-01 1.594238281250000000e+00 -3.005371093750000000e+00 1.149902343750000000e+00 4.770507812500000000e-01
3.707666015625000200e-01 8.594970703125000000e-01 8.390722656250000355e-01 3.399414062500000222e-02 1.056572265625000062e+00 -1.919059082031250085e+00 -4.685058593750000000e+00 -3.405761718750000000e+00 1.994628906250000000e+00 -3.850097656250000000e+00 1.477050781250000000e+00
4.657666015624999933e-01 7.344970703125000000e-01 7.490722656250000666e-01 6.399414062500000111e-02 1.006572265625000018e+00 -6.695590820312500302e-01 -2.185058593750000000e+00 4.094238281250000000e+00 -5.053710937500000000e-01 -1.350097656250000000e+00 9.770507812500000000e-01
2.757666015624999911e-01 9.844970703125000000e-01 5.690722656250000178e-01 4.399414062500000416e-02 9.065722656250000400e-01 -1.502559082031249993e+00 2.814941406250000000e+00 -9.057617187500000000e-01 4.494628906250000000e+00 3.649902343750000000e+00 1.977050781250000000e+00
2.282666015625000044e-01 6.719970703125000000e-01 8.840722656249999645e-01 5.899414062500000361e-02 9.815722656249999956e-01 -1.294309082031249947e+00 1.564941406250000000e+00 -4.655761718750000000e+00 -4.255371093750000000e+00 -1.000976562500000000e-01 7.270507812500000000e-01
4.182666015625000067e-01 9.219970703125000000e-01 7.040722656250000266e-01 3.899414062499999972e-02 8.815722656250000178e-01 -4.613090820312499840e-01 -3.435058593750000000e+00 3.442382812500000000e-01 7.446289062500000000e-01 4.899902343750000000e+00 1.727050781250000000e+00
3.232666015624999778e-01 5.469970703125000000e-01 6.140722656250000577e-01 6.899414062500000555e-02 9.315722656250000622e-01 -1.710809082031250039e+00 -9.350585937500000000e-01 -2.155761718750000000e+00 -1.755371093750000000e+00 2.399902343750000000e+00 2.270507812500000000e-01
1.332666015625000033e-01 7.969970703125000000e-01 7.940722656249999956e-01 4.899414062500000167e-02 1.031572265624999929e+00 -8.778090820312500764e-01 4.064941406250000000e+00 2.844238281250000000e+00 3.244628906250000000e+00 -2.600097656250000000e+00 1.227050781250000000e+00
1.392041015624999878e-01 6.641845703125000000e-01 6.759472656250000711e-01 6.336914062500001443e-02 8.721972656249999956e-01 -1.580652832031250066e+00 -1.716308593750000000e+00 -3.249511718750000000e+00 -1.286621093750000000e+00 4.118652343750000000e+00 1.633300781250000000e+00
3.292041015625000178e-01 9.141845703125000000e-01 8.559472656250000089e-01 4.336914062500000361e-02 9.721972656249999734e-01 -7.476528320312501030e-01 3.283691406250000000e+00 1.750488281250000000e+00 3.713378906250000000e+00 -8.813476562500000000e-01 6.333007812500000000e-01
4.242041015624999911e-01 5.391845703125000000e-01 7.659472656250000400e-01 5.336914062500000555e-02 1.022197265625000018e+00 -1.997152832031249936e+00 7.836914062500000000e-01 -7.495117187500000000e-01 -3.786621093750000000e+00 -3.381347656250000000e+00 1.133300781250000000e+00
2.342041015624999889e-01 7.891845703125000000e-01 5.859472656249999911e-01 3.336914062500000167e-02 9.221972656250000400e-01 -1.164152832031250195e+00 -4.216308593750000000e+00 4.250488281250000000e+00 1.213378906250000000e+00 1.618652343750000000e+00 1.333007812500000000e-01
2.817041015625000311e-01 6.016845703125000000e-01 9.009472656250000488e-01 6.836914062500000500e-02 1.047197265625000151e+00 -9.559028320312501492e-01 -4.663085937500000000e-01 5.004882812500000000e-01 -3.662109375000000000e-02 -4.631347656250000000e+00 1.383300781250000000e+00
4.717041015624999778e-01 8.516845703125000000e-01 7.209472656250000000e-01 4.836914062500000111e-02 9.471972656250000622e-01 -1.788902832031249890e+00 4.533691406250000000e+00 -4.499511718750000000e+00 4.963378906250000000e+00 3.686523437500000000e-01 3.833007812500000000e-01
3.767041015625000044e-01 7.266845703125000000e-01 6.309472656250000311e-01 5.836914062500000305e-02 8.971972656250000178e-01 -5.394028320312500568e-01 2.033691406250000000e+00 3.000488281250000000e+00 -2.536621093750000000e+00 2.868652343750000000e+00 1.883300781250000000e+00
1.867041015625000022e-01 9.766845703125000000e-01 8.109472656250000799e-01 3.836914062499999917e-02 9.971972656250001066e-01 -1.372402832031250020e+00 -2.966308593750000000e+00 -1.999511718750000000e+00 2.463378906250000000e+00 -2.131347656250000000e+00 8.833007812500000000e-01
2.104541015624999956e-01 5.079345703125000000e-01 5.634472656250000266e-01 4.586914062499999889e-02 9.846972656250000400e-01 -1.268277832031249996e+00 -2.341308593750000000e+00 3.625488281250000000e+00 -6.616210937500000000e-01 4.743652343750000000e+00 7.583007812500000000e-01
4.004541015624999978e-01 7.579345703125000000e-01 7.434472656250000755e-01 6.586914062500000278e-02 8.846972656249999512e-01 -4.352778320312500338e-01 2.658691406250000000e+00 -1.374511718750000000e+00 4.338378906250000000e+00 -2.563476562500000000e-01 1.758300781250000000e+00
4.954541015625000266e-01 6.329345703125000000e-01 8.334472656250000444e-01 3.586914062500000389e-02 9.346972656249999956e-01 -1.684777832031250089e+00 1.586914062500000000e-01 1.125488281250000000e+00 -3.161621093750000000e+00 -2.756347656250000000e+00 2.583007812500000000e-01
3.054541015624999689e-01 8.829345703125000000e-01 6.534472656249999956e-01 5.586914062500000777e-02 1.034697265624999973e+00 -8.517778320312501261e-01 -4.841308593750000000e+00 -3.874511718750000000e+00 1.838378906250000000e+00 2.243652343750000000e+00 1.258300781250000000e+00
2.579541015624999822e-01 6.954345703125000000e-01 7.884472656250000044e-01 4.086914062500000139e-02 9.596972656250000178e-01 -1.060027832031249950e+00 -1.091308593750000000e+00 -1.245117187500000000e-01 -1.911621093750000000e+00 -4.006347656250000000e+00 8.300781250000000000e-03
4.479541015624999845e-01 9.454345703125000000e-01 6.084472656250000666e-01 6.086914062500000527e-02 1.059697265625000107e+00 -1.893027832031249913e+00 3.908691406250000000e+00 4.875488281250000000e+00 3.088378906250000000e+00 9.936523437500000000e-01 1.008300781250000000e+00
3.529541015625000111e-01 5.704345703125000000e-01 6.984472656250000355e-01 3.086914062499999944e-02 1.009697265625000062e+00 -6.435278320312500799e-01 1.408691406250000000e+00 -2.624511718750000000e+00 -4.411621093750000000e+00 3.493652343750000000e+00 5.083007812500000000e-01
1.629541015625000089e-01 8.204345703125000000e-01 8.784472656249999734e-01 5.086914062500000333e-02 9.096972656249999734e-01 -1.476527832031250043e+00 -3.591308593750000000e+00 2.375488281250000000e+00 5.883789062500000000e-01 -1.506347656250000000e+00 1.508300781250000000e+00
1.510791015624999845e-01 5.860595703125000000e-01 7.321972656249999822e-01 5.961914062500000416e-02 9.284472656250000178e-01 -1.840965332031250012e+00 3.596191406250000000e+00 4.562988281250000000e+00 9.008789062500000000e-01 5.615234375000000000e-02 1.445800781250000000e+00
3.410791015624999867e-01 8.360595703125000000e-01 5.521972656250000444e-01 3.961914062500000028e-02 1.028447265625000107e+00 -1.007965332031250050e+00 -1.403808593750000000e+00 -4.370117187500000000e-01 -4.099121093750000000e+00 -4.943847656250000000e+00 4.458007812500000000e-01
4.360791015625000155e-01 7.110595703125000000e-01 6.421972656250000133e-01 6.961914062500000611e-02 9.784472656250000622e-01 -1.424465332031250142e+00 -3.903808593750000000e+00 2.062988281250000000e+00 3.400878906250000000e+00 -2.443847656250000000e+00 1.945800781250000000e+00
2.460791015624999856e-01 9.610595703125000000e-01 8.221972656250000622e-01 4.961914062500000222e-02 8.784472656249999734e-01 -5.914653320312499574e-01 1.096191406250000000e+00 -2.937011718750000000e+00 -1.599121093750000000e+00 2.556152343750000000e+00 9.458007812500000000e-01
2.935791015625000000e-01 6.485595703125000000e-01 5.971972656250000844e-01 5.461914062500000666e-02 1.003447265624999973e+00 -3.832153320312501332e-01 4.846191406250000000e+00 -1.687011718750000000e+00 2.150878906250000000e+00 -1.193847656250000000e+00 1.695800781250000000e+00
4.835791015625000022e-01 8.985595703125000000e-01 7.771972656250000222e-01 3.461914062500000278e-02 9.034472656249999956e-01 -1.216215332031250096e+00 -1.538085937500000000e-01 3.312988281250000000e+00 -2.849121093750000000e+00 3.806152343750000000e+00 6.958007812500000000e-01
3.885791015624999734e-01 5.235595703125000000e-01 8.671972656249999911e-01 6.461914062500001554e-02 9.534472656250000400e-01 -7.997153320312500036e-01 -2.653808593750000000e+00 -4.187011718750000000e+00 4.650878906250000000e+00 1.306152343750000000e+00 1.195800781250000000e+00
1.985791015624999989e-01 7.735595703125000000e-01 6.871972656250000533e-01 4.461914062499999778e-02 1.053447265625000018e+00 -1.632715332031249966e+00 2.346191406250000000e+00 8.129882812500000000e-01 -3.491210937500000000e-01 -3.693847656250000000e+00 1.958007812500000000e-01
1.748291015625000056e-01 7.423095703125000000e-01 8.446972656250000266e-01 3.211914062500000056e-02 1.040947265625000062e+00 -1.736840332031249989e+00 2.971191406250000000e+00 -4.812011718750000000e+00 1.525878906250000000e+00 6.811523437500000000e-01 7.080078125000000000e-02
3.648291015625000355e-01 9.923095703125000000e-01 6.646972656250000888e-01 5.211914062500000444e-02 9.409472656249999734e-01 -9.038403320312500266e-01 -2.028808593750000000e+00 1.879882812500000000e-01 -3.474121093750000000e+00 -4.318847656250000000e+00 1.070800781250000000e+00
4.598291015625000089e-01 6.173095703125000000e-01 5.746972656250000089e-01 4.211914062500000250e-02 8.909472656250000400e-01 -1.320340332031249897e+00 -4.528808593750000000e+00 -2.312011718750000000e+00 4.025878906250000000e+00 -1.818847656250000000e+00 5.708007812500000000e-01
2.698291015625000067e-01 8.673095703125000000e-01 7.546972656250000577e-01 6.211914062500000638e-02 9.909472656250000178e-01 -4.873403320312501563e-01 4.711914062500000000e-01 2.687988281250000000e+00 -9.741210937500000000e-01 3.181152343750000000e+00 1.570800781250000000e+00
2.223291015624999922e-01 5.548095703125000000e-01 7.096972656250000178e-01 3.711914062499999806e-02 9.159472656250000622e-01 -6.955903320312499805e-01 4.221191406250000000e+00 1.437988281250000000e+00 2.758789062500000000e-01 -5.688476562500000000e-01 8.208007812500000000e-01
4.123291015625000222e-01 8.048095703125000000e-01 8.896972656249999556e-01 5.711914062500000888e-02 1.015947265624999929e+00 -1.528590332031249943e+00 -7.788085937500000000e-01 -3.562011718750000000e+00 -4.724121093750000000e+00 4.431152343750000000e+00 1.820800781250000000e+00
3.173291015624999933e-01 6.798095703125000000e-01 7.996972656250000977e-01 4.711914062500000000e-02 1.065947265624999973e+00 -1.112090332031250073e+00 -3.278808593750000000e+00 3.937988281250000000e+00 2.775878906250000000e+00 1.931152343750000000e+00 3.208007812500000000e-01
1.273291015624999911e-01 9.298095703125000000e-01 6.196972656250000488e-01 6.711914062500000389e-02 9.659472656249999956e-01 -1.945090332031250036e+00 1.721191406250000000e+00 -1.062011718750000000e+00 -2.224121093750000000e+00 -3.068847656250000000e+00 1.320800781250000000e+00
1.302978515624999833e-01 7.305908203125000000e-01 8.081347656249999734e-01 5.243164062500000472e-02 9.706347656250000622e-01 -1.619699707031249991e+00 -3.881835937500000000e-01 -3.015136718750000000e+00 4.572753906250000000e+00 2.321777343750000000e+00 5.864257812500000000e-01
3.202978515625000133e-01 9.805908203125000000e-01 6.281347656250000355e-01 3.243164062500000083e-02 8.706347656249999734e-01 -7.866997070312500284e-01 4.611816406250000000e+00 1.984863281250000000e+00 -4.272460937500000000e-01 -2.678222656250000000e+00 1.586425781250000000e+00
4.152978515624999867e-01 6.055908203125000000e-01 7.181347656250000044e-01 6.243164062500000666e-02 9.206347656250000178e-01 -1.203199707031250121e+00 2.111816406250000000e+00 -5.151367187500000000e-01 2.072753906250000000e+00 -1.782226562500000000e-01 8.642578125000000000e-02
2.252978515624999845e-01 8.555908203125000000e-01 8.981347656250000533e-01 4.243164062500000278e-02 1.020634765625000107e+00 -3.701997070312501581e-01 -2.888183593750000000e+00 4.484863281250000000e+00 -2.927246093750000000e+00 4.821777343750000000e+00 1.086425781250000000e+00
2.727978515625000266e-01 5.430908203125000000e-01 5.831347656249999956e-01 5.743164062500000222e-02 9.456347656250000400e-01 -5.784497070312499822e-01 -1.638183593750000000e+00 7.348632812500000000e-01 3.322753906250000000e+00 -1.428222656250000000e+00 3.364257812500000000e-01
4.627978515624999734e-01 7.930908203125000000e-01 7.631347656250000444e-01 3.743164062499999833e-02 1.045634765625000018e+00 -1.411449707031250167e+00 3.361816406250000000e+00 -4.265136718750000000e+00 -1.677246093750000000e+00 3.571777343750000000e+00 1.336425781250000000e+00
3.677978515625000000e-01 6.680908203125000000e-01 8.531347656250000133e-01 6.743164062500001110e-02 9.956347656249999734e-01 -9.949497070312500746e-01 8.618164062500000000e-01 3.234863281250000000e+00 8.227539062500000000e-01 1.071777343750000000e+00 8.364257812500000000e-01
1.777978515624999978e-01 9.180908203125000000e-01 6.731347656250000755e-01 4.743164062500000722e-02 8.956347656249999956e-01 -1.827949707031250037e+00 -4.138183593750000000e+00 -1.765136718750000000e+00 -4.177246093750000000e+00 -3.928222656250000000e+00 1.836425781250000000e+00
2.015478515624999911e-01 5.743408203125000000e-01 8.756347656250000888e-01 3.993164062500000056e-02 8.831347656250000400e-01 -1.932074707031250060e+00 -1.013183593750000000e+00 2.609863281250000000e+00 2.697753906250000000e+00 1.696777343750000000e+00 1.961425781250000000e+00
3.915478515624999933e-01 8.243408203125000000e-01 6.956347656250000400e-01 5.993164062500000444e-02 9.831347656250000178e-01 -1.099074707031249876e+00 3.986816406250000000e+00 -2.390136718750000000e+00 -2.302246093750000000e+00 -3.303222656250000000e+00 9.614257812500000000e-01
4.865478515625000222e-01 6.993408203125000000e-01 6.056347656250000711e-01 4.993164062500000250e-02 1.033134765625000062e+00 -1.515574707031249968e+00 1.486816406250000000e+00 1.098632812500000000e-01 1.977539062500000000e-01 -8.032226562500000000e-01 1.461425781250000000e+00
2.965478515624999645e-01 9.493408203125000000e-01 7.856347656250000089e-01 6.993164062500001332e-02 9.331347656249999734e-01 -6.825747070312500053e-01 -3.513183593750000000e+00 -4.890136718750000000e+00 -4.802246093750000000e+00 4.196777343750000000e+00 4.614257812500000000e-01
2.490478515625000056e-01 6.368408203125000000e-01 6.506347656250000000e-01 3.493164062499999611e-02 1.058134765624999973e+00 -4.743247070312499591e-01 -2.263183593750000000e+00 -1.140136718750000000e+00 3.947753906250000000e+00 -2.053222656250000000e+00 1.211425781250000000e+00
4.390478515624999800e-01 8.868408203125000000e-01 8.306347656250000488e-01 5.493164062500000000e-02 9.581347656249999956e-01 -1.307324707031249922e+00 2.736816406250000000e+00 3.859863281250000000e+00 -1.052246093750000000e+00 2.946777343750000000e+00 2.114257812500000000e-01
3.440478515625000067e-01 5.118408203125000000e-01 7.406347656250000799e-01 4.493164062500000500e-02 9.081347656250000622e-01 -8.908247070312500515e-01 2.368164062500000000e-01 -3.640136718750000000e+00 1.447753906250000000e+00 4.467773437500000000e-01 1.711425781250000000e+00
1.540478515625000044e-01 7.618408203125000000e-01 5.606347656250000311e-01 6.493164062500000888e-02 1.008134765624999929e+00 -1.723824707031250014e+00 -4.763183593750000000e+00 1.359863281250000000e+00 -3.552246093750000000e+00 -4.553222656250000000e+00 7.114257812500000000e-01
1.659228515625000011e-01 5.274658203125000000e-01 7.068847656250000222e-01 6.618164062500000999e-02 1.026884765624999973e+00 -1.359387207031250044e+00 4.924316406250000000e+00 4.172363281250000000e+00 -2.614746093750000000e+00 3.259277343750000000e+00 2.739257812500000000e-01
3.559228515625000311e-01 7.774658203125000000e-01 8.868847656250000711e-01 4.618164062500000611e-02 9.268847656249999956e-01 -5.263872070312500817e-01 -7.568359375000000000e-02 -8.276367187500000000e-01 2.385253906250000000e+00 -1.740722656250000000e+00 1.273925781250000000e+00
4.509228515625000044e-01 6.524658203125000000e-01 7.968847656249999911e-01 5.618164062500000111e-02 8.768847656249999512e-01 -1.775887207031249915e+00 -2.575683593750000000e+00 1.672363281250000000e+00 -1.147460937500000000e-01 -4.240722656250000000e+00 7.739257812500000000e-01
2.609228515625000022e-01 9.024658203125000000e-01 6.168847656250000533e-01 3.618164062499999722e-02 9.768847656250000400e-01 -9.428872070312499520e-01 2.424316406250000000e+00 -3.327636718750000000e+00 4.885253906250000000e+00 7.592773437500000000e-01 1.773925781250000000e+00
3.084228515624999889e-01 7.149658203125000000e-01 8.418847656250000311e-01 6.118164062500000555e-02 9.018847656249999734e-01 -1.151137207031249998e+00 3.674316406250000000e+00 -2.077636718750000000e+00 -3.864746093750000000e+00 -2.990722656250000000e+00 5.239257812500000000e-01
4.984228515624999911e-01 9.649658203125000000e-01 6.618847656249999822e-01 4.118164062500000167e-02 1.001884765625000062e+00 -1.984137207031249961e+00 -1.325683593750000000e+00 2.922363281250000000e+00 1.135253906250000000e+00 2.009277343750000000e+00 1.523925781250000000e+00
4.034228515625000178e-01 5.899658203125000000e-01 5.718847656250000133e-01 5.118164062500000361e-02 1.051884765625000107e+00 -7.346372070312501279e-01 -3.825683593750000000e+00 -4.577636718750000000e+00 -1.364746093750000000e+00 4.509277343750000000e+00 2.392578125000000000e-02
2.134228515625000155e-01 8.399658203125000000e-01 7.518847656250000622e-01 3.118164062499999972e-02 9.518847656250000178e-01 -1.567637207031250091e+00 1.174316406250000000e+00 4.223632812500000000e-01 3.635253906250000000e+00 -4.907226562500000000e-01 1.023925781250000000e+00
1.896728515624999944e-01 6.837158203125000000e-01 6.393847656250000178e-01 4.368164062500000389e-02 9.393847656250000622e-01 -1.463512207031250068e+00 4.299316406250000000e+00 -3.952636718750000000e+00 -4.489746093750000000e+00 2.634277343750000000e+00 1.148925781250000000e+00
3.796728515625000244e-01 9.337158203125000000e-01 8.193847656249999556e-01 6.368164062500000777e-02 1.039384765624999929e+00 -6.305122070312501048e-01 -7.006835937500000000e-01 1.047363281250000000e+00 5.102539062500000000e-01 -2.365722656250000000e+00 1.489257812500000000e-01
4.746728515624999978e-01 5.587158203125000000e-01 9.093847656250000355e-01 3.368164062500000194e-02 9.893847656249999956e-01 -1.880012207031249938e+00 -3.200683593750000000e+00 -1.452636718750000000e+00 -1.989746093750000000e+00 -4.865722656250000000e+00 1.648925781250000000e+00
2.846728515624999956e-01 8.087158203125000000e-01 7.293847656250000977e-01 5.368164062499999889e-02 8.893847656250000178e-01 -1.047012207031249975e+00 1.799316406250000000e+00 3.547363281250000000e+00 3.010253906250000000e+00 1.342773437500000000e-01 6.489257812500000000e-01
2.371728515625000089e-01 6.212158203125000000e-01 7.743847656250000266e-01 4.868164062500000139e-02 1.014384765625000018e+00 -8.387622070312501510e-01 3.049316406250000000e+00 2.297363281250000000e+00 -3.239746093750000000e+00 -3.615722656250000000e+00 1.898925781250000000e+00
4.271728515625000111e-01 8.712158203125000000e-01 5.943847656250000888e-01 6.868164062500001221e-02 9.143847656250000400e-01 -1.671762207031250114e+00 -1.950683593750000000e+00 -2.702636718750000000e+00 1.760253906250000000e+00 1.384277343750000000e+00 8.989257812500000000e-01
3.321728515624999822e-01 7.462158203125000000e-01 6.843847656250000577e-01 3.868164062499999944e-02 9.643847656249999734e-01 -4.222622070312500586e-01 -4.450683593750000000e+00 4.797363281250000000e+00 -7.397460937500000000e-01 3.884277343750000000e+00 1.398925781250000000e+00
1.421728515625000078e-01 9.962158203125000000e-01 8.643847656250001066e-01 5.868164062500000333e-02 1.064384765625000062e+00 -1.255262207031250021e+00 5.493164062500000000e-01 -2.026367187500000000e-01 4.260253906250000000e+00 -1.115722656250000000e+00 3.989257812500000000e-01
1.362353515624999956e-01 5.977783203125000000e-01 6.112597656250000622e-01 3.430664062500000250e-02 9.112597656249999956e-01 -9.689184570312501243e-01 -3.044433593750000000e+00 1.203613281250000000e+00 -1.208496093750000000e+00 2.165527343750000000e+00 9.926757812500000000e-01
3.262353515624999978e-01 8.477783203125000000e-01 7.912597656250000000e-01 5.430664062499999944e-02 1.011259765624999973e+00 -1.801918457031250087e+00 1.955566406250000000e+00 -3.796386718750000000e+00 3.791503906250000000e+00 -2.834472656250000000e+00 1.992675781250000000e+00
4.212353515625000266e-01 7.227783203125000000e-01 8.812597656250000799e-01 4.430664062500000444e-02 1.061259765625000018e+00 -5.524184570312500320e-01 4.455566406250000000e+00 3.703613281250000000e+00 -3.708496093750000000e+00 -3.344726562500000000e-01 4.926757812500000000e-01
2.312353515624999967e-01 9.727783203125000000e-01 7.012597656250000311e-01 6.430664062500000833e-02 9.612597656250000400e-01 -1.385418457031249995e+00 -5.444335937500000000e-01 -1.296386718750000000e+00 1.291503906250000000e+00 4.665527343750000000e+00 1.492675781250000000e+00
2.787353515625000111e-01 6.602783203125000000e-01 7.462597656250000711e-01 3.930664062500000000e-02 1.036259765625000107e+00 -1.177168457031250171e+00 -4.294433593750000000e+00 -2.546386718750000000e+00 -2.458496093750000000e+00 -1.584472656250000000e+00 2.426757812500000000e-01
4.687353515625000133e-01 9.102783203125000000e-01 5.662597656250000222e-01 5.930664062500000389e-02 9.362597656250000178e-01 -3.441684570312499858e-01 7.055664062500000000e-01 2.453613281250000000e+00 2.541503906250000000e+00 3.415527343750000000e+00 1.242675781250000000e+00
3.737353515624999845e-01 5.352783203125000000e-01 6.562597656249999911e-01 4.930664062500000194e-02 8.862597656249999734e-01 -1.593668457031250041e+00 3.205566406250000000e+00 -4.638671875000000000e-02 -4.958496093750000000e+00 9.155273437500000000e-01 7.426757812500000000e-01
1.837353515624999822e-01 7.852783203125000000e-01 8.362597656250000400e-01 6.930664062499999889e-02 9.862597656250000622e-01 -7.606684570312500782e-01 -1.794433593750000000e+00 4.953613281250000000e+00 4.150390625000000000e-02 -4.084472656250000000e+00 1.742675781250000000e+00
2.074853515625000033e-01 6.915283203125000000e-01 7.237597656250001066e-01 5.680664062500000167e-02 9.987597656250000178e-01 -8.647934570312501013e-01 -3.669433593750000000e+00 -6.713867187500000000e-01 -1.833496093750000000e+00 1.540527343750000000e+00 1.617675781250000000e+00
3.974853515624999778e-01 9.415283203125000000e-01 9.037597656250000444e-01 3.680664062499999778e-02 8.987597656250000400e-01 -1.697793457031250064e+00 1.330566406250000000e+00 4.328613281250000000e+00 3.166503906250000000e+00 -3.459472656250000000e+00 6.176757812500000000e-01
4.924853515625000067e-01 5.665283203125000000e-01 8.137597656249999645e-01 6.680664062499999667e-02 9.487597656249999734e-01 -4.482934570312500089e-01 3.830566406250000000e+00 -3.171386718750000000e+00 -4.333496093750000000e+00 -9.594726562500000000e-01 1.117675781250000000e+00
3.024853515625000044e-01 8.165283203125000000e-01 6.337597656250000266e-01 4.680664062500000666e-02 1.048759765625000062e+00 -1.281293457031249972e+00 -1.169433593750000000e+00 1.828613281250000000e+00 6.665039062500000000e-01 4.040527343750000000e+00 1.176757812500000000e-01
2.549853515625000178e-01 5.040283203125000000e-01 8.587597656250001155e-01 5.180664062500000416e-02 9.237597656250000622e-01 -1.489543457031250018e+00 -4.919433593750000000e+00 3.078613281250000000e+00 -5.834960937500000000e-01 -2.209472656250000000e+00 1.367675781250000000e+00
4.449853515625000200e-01 7.540283203125000000e-01 6.787597656250000666e-01 3.180664062500000028e-02 1.023759765624999929e+00 -6.565434570312500551e-01 8.056640625000000000e-02 -1.921386718750000000e+00 4.416503906250000000e+00 2.790527343750000000e+00 3.676757812500000000e-01
3.499853515624999911e-01 6.290283203125000000e-01 5.887597656250000977e-01 6.180664062500000611e-02 9.737597656249999956e-01 -1.906043457031250110e+00 2.580566406250000000e+00 5.786132812500000000e-01 -3.083496093750000000e+00 2.905273437500000000e-01 1.867675781250000000e+00
1.599853515624999889e-01 8.790283203125000000e-01 7.687597656250000355e-01 4.180664062500000222e-02 8.737597656250000178e-01 -1.073043457031249925e+00 -2.419433593750000000e+00 -4.421386718750000000e+00 1.916503906250000000e+00 -4.709472656250000000e+00 8.676757812500000000e-01
1.481103515624999922e-01 6.446533203125000000e-01 8.925097656250000622e-01 4.805664062500000083e-02 9.675097656250000178e-01 -7.086059570312499556e-01 2.268066406250000000e+00 -2.233886718750000000e+00 1.604003906250000000e+00 3.728027343750000000e+00 1.801757812500000000e-01
3.381103515625000222e-01 8.946533203125000000e-01 7.125097656250000133e-01 6.805664062499999778e-02 1.067509765625000107e+00 -1.541605957031249918e+00 -2.731933593750000000e+00 2.766113281250000000e+00 -3.395996093750000000e+00 -1.271972656250000000e+00 1.180175781250000000e+00
4.331103515624999956e-01 5.196533203125000000e-01 6.225097656250000444e-01 3.805664062499999889e-02 1.017509765625000062e+00 -1.125105957031250048e+00 -2.319335937500000000e-01 -4.733886718750000000e+00 4.104003906250000000e+00 -3.771972656250000000e+00 6.801757812500000000e-01
2.431103515624999933e-01 7.696533203125000000e-01 8.025097656249999822e-01 5.805664062500000278e-02 9.175097656249999734e-01 -1.958105957031250011e+00 4.768066406250000000e+00 2.661132812500000000e-01 -8.959960937500000000e-01 1.228027343750000000e+00 1.680175781250000000e+00
2.906103515625000355e-01 5.821533203125000000e-01 6.675097656250000844e-01 4.305664062500000333e-02 9.925097656250000400e-01 -1.749855957031249964e+00 1.018066406250000000e+00 4.016113281250000000e+00 3.540039062500000000e-01 -2.521972656250000000e+00 9.301757812500000000e-01
4.806103515624999822e-01 8.321533203125000000e-01 8.475097656250000222e-01 6.305664062500000722e-02 8.925097656249999512e-01 -9.168559570312500018e-01 -3.981933593750000000e+00 -9.838867187500000000e-01 -4.645996093750000000e+00 2.478027343750000000e+00 1.930175781250000000e+00
3.856103515625000089e-01 7.071533203125000000e-01 7.575097656250000533e-01 3.305664062500000139e-02 9.425097656249999956e-01 -1.333355957031249872e+00 -1.481933593750000000e+00 1.516113281250000000e+00 2.854003906250000000e+00 4.978027343750000000e+00 4.301757812500000000e-01
1.956103515625000067e-01 9.571533203125000000e-01 5.775097656250000044e-01 5.305664062499999833e-02 1.042509765624999973e+00 -5.003559570312501315e-01 3.518066406250000000e+00 -3.483886718750000000e+00 -2.145996093750000000e+00 -2.197265625000000000e-02 1.430175781250000000e+00
1.718603515625000133e-01 5.509033203125000000e-01 7.800097656250000178e-01 6.055664062500000500e-02 1.055009765625000151e+00 -3.962309570312501084e-01 1.643066406250000000e+00 2.141113281250000000e+00 9.790039062500000000e-01 3.103027343750000000e+00 1.305175781250000000e+00
3.618603515624999600e-01 8.009033203125000000e-01 6.000097656250000799e-01 4.055664062500000111e-02 9.550097656250000622e-01 -1.229230957031250071e+00 -3.356933593750000000e+00 -2.858886718750000000e+00 -4.020996093750000000e+00 -1.896972656250000000e+00 3.051757812500000000e-01
4.568603515624999889e-01 6.759033203125000000e-01 6.900097656250000488e-01 5.055664062500000305e-02 9.050097656250000178e-01 -8.127309570312499787e-01 -8.569335937500000000e-01 4.641113281250000000e+00 3.479003906250000000e+00 -4.396972656250000000e+00 1.805175781250000000e+00
2.668603515624999867e-01 9.259033203125000000e-01 8.700097656250000977e-01 3.055664062499999917e-02 1.005009765625000107e+00 -1.645730957031249941e+00 4.143066406250000000e+00 -3.588867187500000000e-01 -1.520996093750000000e+00 6.030273437500000000e-01 8.051757812500000000e-01
2.193603515625000000e-01 7.384033203125000000e-01 5.550097656250000400e-01 6.555664062499999556e-02 8.800097656249999956e-01 -1.853980957031249988e+00 3.930664062500000000e-01 -4.108886718750000000e+00 2.229003906250000000e+00 -3.146972656250000000e+00 1.555175781250000000e+00
4.093603515625000022e-01 9.884033203125000000e-01 7.350097656250000888e-01 4.555664062500000555e-02 9.800097656249999734e-01 -1.020980957031250025e+00 -4.606933593750000000e+00 8.911132812500000000e-01 -2.770996093750000000e+00 1.853027343750000000e+00 5.551757812500000000e-01
3.143603515624999734e-01 6.134033203125000000e-01 8.250097656250000577e-01 5.555664062500000056e-02 1.030009765625000018e+00 -1.437480957031250117e+00 -2.106933593750000000e+00 -1.608886718750000000e+00 4.729003906250000000e+00 4.353027343750000000e+00 1.055175781250000000e+00
1.243603515624999989e-01 8.634033203125000000e-01 6.450097656250000089e-01 3.555664062499999667e-02 9.300097656250000400e-01 -6.044809570312501545e-01 2.893066406250000000e+00 3.391113281250000000e+00 -2.709960937500000000e-01 -6.469726562500000000e-01 5.517578125000000000e-02
1.258447265625000089e-01 6.348876953125000000e-01 5.676660156250000755e-01 5.758789062500000583e-02 1.021416015625000062e+00 -1.066535644531250160e+00 -9.741210937500000000e-01 4.914550781250000000e+00 -6.225585937500000000e-01 -3.735351562500000000e-01 9.067382812500000000e-01
3.158447265625000111e-01 8.848876953125000000e-01 7.476660156250000133e-01 3.758789062500000194e-02 9.214160156249999734e-01 -1.899535644531249901e+00 4.025878906250000000e+00 -8.544921875000000000e-02 4.377441406250000000e+00 4.626464843750000000e+00 1.906738281250000000e+00
4.108447265624999845e-01 5.098876953125000000e-01 8.376660156249999822e-01 6.758789062500000777e-02 8.714160156250000400e-01 -6.500356445312500675e-01 1.525878906250000000e+00 2.414550781250000000e+00 -3.122558593750000000e+00 2.126464843750000000e+00 4.067382812500000000e-01
2.208447265624999822e-01 7.598876953125000000e-01 6.576660156250000444e-01 4.758789062500000389e-02 9.714160156250000178e-01 -1.483035644531250030e+00 -3.474121093750000000e+00 -2.585449218750000000e+00 1.877441406250000000e+00 -2.873535156250000000e+00 1.406738281250000000e+00
2.683447265624999689e-01 5.723876953125000000e-01 7.926660156250000533e-01 5.258789062500000833e-02 8.964160156249999512e-01 -1.274785644531249984e+00 -2.224121093750000000e+00 -1.335449218750000000e+00 -1.872558593750000000e+00 8.764648437500000000e-01 1.567382812500000000e-01
4.583447265625000266e-01 8.223876953125000000e-01 6.126660156250000044e-01 3.258789062499999750e-02 9.964160156250000400e-01 -4.417856445312500213e-01 2.775878906250000000e+00 3.664550781250000000e+00 3.127441406250000000e+00 -4.123535156250000000e+00 1.156738281250000000e+00
3.633447265624999978e-01 6.973876953125000000e-01 7.026660156249999734e-01 6.258789062500000333e-02 1.046416015624999973e+00 -1.691285644531250076e+00 2.758789062500000000e-01 -3.835449218750000000e+00 -4.372558593750000000e+00 -1.623535156250000000e+00 6.567382812500000000e-01
1.733447265624999956e-01 9.473876953125000000e-01 8.826660156250000222e-01 4.258789062499999944e-02 9.464160156249999956e-01 -8.582856445312501137e-01 -4.724121093750000000e+00 1.164550781250000000e+00 6.274414062500000000e-01 3.376464843750000000e+00 1.656738281250000000e+00
1.970947265624999889e-01 5.411376953125000000e-01 6.801660156250000089e-01 3.008789062499999875e-02 9.339160156250000400e-01 -7.541606445312500906e-01 -3.491210937500000000e-01 -4.460449218750000000e+00 -2.497558593750000000e+00 -9.985351562500000000e-01 1.531738281250000000e+00
3.870947265624999911e-01 7.911376953125000000e-01 8.601660156250000577e-01 5.008789062500000611e-02 1.033916015625000018e+00 -1.587160644531250053e+00 4.650878906250000000e+00 5.395507812500000000e-01 2.502441406250000000e+00 4.001464843750000000e+00 5.317382812500000000e-01
4.820947265625000200e-01 6.661376953125000000e-01 7.701660156250000888e-01 4.008789062499999722e-02 9.839160156249999734e-01 -3.376606445312499982e-01 2.150878906250000000e+00 -1.960449218750000000e+00 -4.997558593750000000e+00 1.501464843750000000e+00 1.031738281250000000e+00
2.920947265625000178e-01 9.161376953125000000e-01 5.901660156250000400e-01 6.008789062500000111e-02 8.839160156249999956e-01 -1.170660644531249961e+00 -2.849121093750000000e+00 3.039550781250000000e+00 2.441406250000000000e-03 -3.498535156250000000e+00 3.173828125000000000e-02
2.445947265625000033e-01 7.286376953125000000e-01 9.051660156250000977e-01 3.508789062499999972e-02 1.008916015625000107e+00 -1.378910644531250007e+00 -1.599121093750000000e+00 1.789550781250000000e+00 -1.247558593750000000e+00 2.514648437500000000e-01 1.281738281250000000e+00
