# cosmological_parameters--omega_m cosmological_parameters--s_8 cosmological_parameters--h0 cosmological_parameters--omega_b cosmological_parameters--n_s cosmological_parameters--w intrinsic_alignment_parameters--a1 intrinsic_alignment_parameters--alpha1 intrinsic_alignment_parameters--a2 intrinsic_alignment_parameters--alpha2 intrinsic_alignment_parameters--bias_ta
4.558398437499999734e-01 7.709960937500000000e-01 5.756640625000000178e-01 3.988281250000000333e-02 9.010546875000000622e-01 -1.149103515625000016e+00 9.082031250000000000e-01 -8.496093750000000000e-01 4.775390625000000000e+00 -4.785156250000000000e-01 2.910156250000000000e-01
3.608398437500000000e-01 6.459960937500000000e-01 6.656640625000000977e-01 6.988281250000000222e-02 9.510546874999999956e-01 -1.565603515624999886e+00 3.408203125000000000e+00 1.650390625000000000e+00 -2.724609375000000000e+00 -2.978515625000000000e+00 1.791015625000000000e+00
1.708398437499999978e-01 8.959960937500000000e-01 8.456640625000000355e-01 4.988281249999999833e-02 1.051054687499999973e+00 -7.326035156250001457e-01 -1.591796875000000000e+00 -3.349609375000000000e+00 2.275390625000000000e+00 2.021484375000000000e+00 7.910156250000000000e-01
1.945898437499999911e-01 6.147460937500000000e-01 6.881640625000000622e-01 3.738281250000000111e-02 1.038554687500000018e+00 -6.284785156250001226e-01 -3.466796875000000000e+00 2.275390625000000000e+00 -8.496093750000000000e-01 -4.853515625000000000e+00 9.160156250000000000e-01
3.845898437499999933e-01 8.647460937500000000e-01 8.681640625000000000e-01 5.738281250000000500e-02 9.385546875000000400e-01 -1.461478515625000085e+00 1.533203125000000000e+00 -2.724609375000000000e+00 4.150390625000000000e+00 1.464843750000000000e-01 1.916015625000000000e+00
4.795898437500000222e-01 7.397460937500000000e-01 7.781640625000000311e-01 4.738281250000000305e-02 8.885546874999999956e-01 -1.044978515624999993e+00 4.033203125000000000e+00 4.775390625000000000e+00 -3.349609375000000000e+00 2.646484375000000000e+00 4.160156250000000000e-01
2.895898437499999645e-01 9.897460937500000000e-01 5.981640625000000933e-01 6.738281250000000000e-02 9.885546874999999734e-01 -1.877978515624999956e+00 -9.667968750000000000e-01 -2.246093750000000000e-01 1.650390625000000000e+00 -2.353515625000000000e+00 1.416015625000000000e+00
2.420898437499999778e-01 6.772460937500000000e-01 8.231640625000000711e-01 3.238281249999999667e-02 9.135546875000000178e-01 -1.669728515625000131e+00 -4.716796875000000000e+00 -3.974609375000000000e+00 -2.099609375000000000e+00 3.896484375000000000e+00 1.660156250000000000e-01
4.320898437499999800e-01 9.272460937500000000e-01 6.431640625000000222e-01 5.238281250000000056e-02 1.013554687500000107e+00 -8.367285156249999467e-01 2.832031250000000000e-01 1.025390625000000000e+00 2.900390625000000000e+00 -1.103515625000000000e+00 1.166015625000000000e+00
3.370898437500000067e-01 5.522460937500000000e-01 5.531640625000000533e-01 4.238281250000000555e-02 1.063554687500000151e+00 -1.253228515625000039e+00 2.783203125000000000e+00 -1.474609375000000000e+00 -4.599609375000000000e+00 -3.603515625000000000e+00 6.660156250000000000e-01
1.470898437500000044e-01 8.022460937500000000e-01 7.331640624999999911e-01 6.238281250000000250e-02 9.635546875000000622e-01 -4.202285156250000764e-01 -2.216796875000000000e+00 3.525390625000000000e+00 4.003906250000000000e-01 1.396484375000000000e+00 1.666015625000000000e+00
1.589648437500000011e-01 5.366210937500000000e-01 8.794140624999999822e-01 6.863281250000000111e-02 8.823046875000000178e-01 -7.846660156250000462e-01 2.470703125000000000e+00 7.128906250000000000e-01 7.128906250000000000e-01 -1.660156250000000000e-01 1.353515625000000000e+00
3.489648437500000311e-01 7.866210937500000000e-01 6.994140625000000444e-01 4.863281250000000416e-02 9.823046874999999956e-01 -1.617666015625000009e+00 -2.529296875000000000e+00 -4.287109375000000000e+00 -4.287109375000000000e+00 4.833984375000000000e+00 3.535156250000000000e-01
4.439648437500000044e-01 6.616210937500000000e-01 6.094140625000000755e-01 5.863281250000000611e-02 1.032304687499999929e+00 -3.681660156250001759e-01 -2.929687500000000000e-02 3.212890625000000000e+00 3.212890625000000000e+00 2.333984375000000000e+00 1.853515625000000000e+00
2.539648437500000022e-01 9.116210937500000000e-01 7.894140625000000133e-01 3.863281250000000222e-02 9.323046875000000622e-01 -1.201166015625000139e+00 4.970703125000000000e+00 -1.787109375000000000e+00 -1.787109375000000000e+00 -2.666015625000000000e+00 8.535156250000000000e-01
3.014648437499999889e-01 7.241210937500000000e-01 6.544140625000000044e-01 6.363281249999999667e-02 1.057304687500000062e+00 -1.409416015625000185e+00 1.220703125000000000e+00 -3.037109375000000000e+00 1.962890625000000000e+00 1.083984375000000000e+00 1.603515625000000000e+00
4.914648437499999911e-01 9.741210937500000000e-01 8.344140625000000533e-01 4.363281249999999972e-02 9.573046874999999734e-01 -5.764160156250000000e-01 -3.779296875000000000e+00 1.962890625000000000e+00 -3.037109375000000000e+00 -3.916015625000000000e+00 6.035156250000000000e-01
3.964648437500000178e-01 5.991210937500000000e-01 7.444140624999999734e-01 5.363281250000000167e-02 9.073046875000000400e-01 -1.825916015625000055e+00 -1.279296875000000000e+00 -5.371093750000000000e-01 4.462890625000000000e+00 -1.416015625000000000e+00 1.103515625000000000e+00
2.064648437500000155e-01 8.491210937500000000e-01 5.644140625000000355e-01 3.363281249999999778e-02 1.007304687500000018e+00 -9.929160156250000924e-01 3.720703125000000000e+00 4.462890625000000000e+00 -5.371093750000000000e-01 3.583984375000000000e+00 1.035156250000000000e-01
1.827148437499999944e-01 6.303710937500000000e-01 8.119140625000000888e-01 4.113281250000000444e-02 9.948046875000000622e-01 -1.097041015624999893e+00 1.845703125000000000e+00 -1.162109375000000000e+00 1.337890625000000000e+00 -7.910156250000000000e-01 2.285156250000000000e-01
3.727148437500000244e-01 8.803710937500000000e-01 6.319140625000000400e-01 6.113281250000000833e-02 8.948046874999999734e-01 -1.930041015625000078e+00 -3.154296875000000000e+00 3.837890625000000000e+00 -3.662109375000000000e+00 4.208984375000000000e+00 1.228515625000000000e+00
4.677148437499999978e-01 5.053710937500000000e-01 7.219140625000000089e-01 3.113281249999999903e-02 9.448046875000000178e-01 -6.805410156250000231e-01 -6.542968750000000000e-01 -3.662109375000000000e+00 3.837890625000000000e+00 1.708984375000000000e+00 7.285156250000000000e-01
2.777148437499999956e-01 7.553710937500000000e-01 9.019140625000000577e-01 5.113281249999999944e-02 1.044804687500000107e+00 -1.513541015624999986e+00 4.345703125000000000e+00 1.337890625000000000e+00 -1.162109375000000000e+00 -3.291015625000000000e+00 1.728515625000000000e+00
2.302148437500000089e-01 5.678710937500000000e-01 5.869140625000000000e-01 4.613281250000000194e-02 9.698046875000000400e-01 -1.305291015624999940e+00 5.957031250000000000e-01 2.587890625000000000e+00 8.789062500000000000e-02 4.589843750000000000e-01 9.785156250000000000e-01
4.202148437500000111e-01 8.178710937500000000e-01 7.669140625000000488e-01 6.613281249999999889e-02 1.069804687500000018e+00 -4.722910156249999769e-01 -4.404296875000000000e+00 -2.412109375000000000e+00 -4.912109375000000000e+00 -4.541015625000000000e+00 1.978515625000000000e+00
3.252148437499999822e-01 6.928710937500000000e-01 8.569140625000000178e-01 3.613281250000000000e-02 1.019804687499999973e+00 -1.721791015625000032e+00 -1.904296875000000000e+00 8.789062500000000000e-02 2.587890625000000000e+00 -2.041015625000000000e+00 4.785156250000000000e-01
1.352148437500000078e-01 9.428710937500000000e-01 6.769140625000000799e-01 5.613281250000000389e-02 9.198046874999999956e-01 -8.887910156250000693e-01 3.095703125000000000e+00 -4.912109375000000000e+00 -2.412109375000000000e+00 2.958984375000000000e+00 1.478515625000000000e+00
1.411523437499999922e-01 5.913085937500000000e-01 7.950390625000000044e-01 3.175781249999999611e-02 1.060429687500000107e+00 -1.539572265624999936e+00 -4.980468750000000000e-01 3.994140625000000000e+00 3.056640625000000000e+00 -3.759765625000000000e+00 1.884765625000000000e+00
3.311523437500000222e-01 8.413085937500000000e-01 6.150390625000000666e-01 5.175781250000000000e-02 9.604296875000000178e-01 -7.065722656249999734e-01 4.501953125000000000e+00 -1.005859375000000000e+00 -1.943359375000000000e+00 1.240234375000000000e+00 8.847656250000000000e-01
4.261523437499999956e-01 7.163085937500000000e-01 7.050390625000000355e-01 4.175781250000000500e-02 9.104296874999999734e-01 -1.956072265625000028e+00 2.001953125000000000e+00 1.494140625000000000e+00 5.566406250000000000e-01 3.740234375000000000e+00 1.384765625000000000e+00
2.361523437499999933e-01 9.663085937500000000e-01 8.850390624999999734e-01 6.175781250000000194e-02 1.010429687500000062e+00 -1.123072265625000066e+00 -2.998046875000000000e+00 -3.505859375000000000e+00 -4.443359375000000000e+00 -1.259765625000000000e+00 3.847656250000000000e-01
2.836523437500000355e-01 6.538085937500000000e-01 5.700390625000000266e-01 3.675781250000000056e-02 8.854296874999999512e-01 -9.148222656250000195e-01 -1.748046875000000000e+00 -2.255859375000000000e+00 4.306640625000000000e+00 4.990234375000000000e+00 1.134765625000000000e+00
4.736523437499999822e-01 9.038085937500000000e-01 7.500390625000000755e-01 5.675781250000000444e-02 9.854296875000000400e-01 -1.747822265624999982e+00 3.251953125000000000e+00 2.744140625000000000e+00 -6.933593750000000000e-01 -9.765625000000000000e-03 1.347656250000000000e-01
3.786523437500000089e-01 5.288085937500000000e-01 8.400390625000000444e-01 4.675781250000000250e-02 1.035429687499999973e+00 -4.983222656250001492e-01 7.519531250000000000e-01 -4.755859375000000000e+00 1.806640625000000000e+00 -2.509765625000000000e+00 1.634765625000000000e+00
1.886523437500000067e-01 7.788085937500000000e-01 6.600390624999999956e-01 6.675781250000001332e-02 9.354296874999999956e-01 -1.331322265624999890e+00 -4.248046875000000000e+00 2.441406250000000000e-01 -3.193359375000000000e+00 2.490234375000000000e+00 6.347656250000000000e-01
2.124023437500000000e-01 7.475585937500000000e-01 9.075390625000000488e-01 5.925781250000000666e-02 9.479296875000000622e-01 -1.227197265625000089e+00 -1.123046875000000000e+00 -4.130859375000000000e+00 4.931640625000000000e+00 -4.384765625000000000e+00 5.097656250000000000e-01
4.024023437500000022e-01 9.975585937500000000e-01 7.275390625000000000e-01 3.925781250000000278e-02 1.047929687500000151e+00 -3.941972656250001261e-01 3.876953125000000000e+00 8.691406250000000000e-01 -6.835937500000000000e-02 6.152343750000000000e-01 1.509765625000000000e+00
4.974023437499999756e-01 6.225585937500000000e-01 6.375390625000000311e-01 6.925781250000001554e-02 9.979296875000001066e-01 -1.643697265624999959e+00 1.376953125000000000e+00 -1.630859375000000000e+00 2.431640625000000000e+00 3.115234375000000000e+00 9.765625000000000000e-03
3.074023437499999734e-01 8.725585937500000000e-01 8.175390625000000799e-01 4.925781249999999778e-02 8.979296875000000178e-01 -8.106972656249999964e-01 -3.623046875000000000e+00 3.369140625000000000e+00 -2.568359375000000000e+00 -1.884765625000000000e+00 1.009765625000000000e+00
2.599023437499999867e-01 5.600585937500000000e-01 6.825390625000000711e-01 5.425781250000000222e-02 9.729296874999999734e-01 -1.018947265625000043e+00 -2.373046875000000000e+00 2.119140625000000000e+00 3.681640625000000000e+00 4.365234375000000000e+00 2.597656250000000000e-01
4.499023437499999889e-01 8.100585937500000000e-01 8.625390625000000089e-01 3.425781249999999833e-02 8.729296874999999956e-01 -1.851947265625000005e+00 2.626953125000000000e+00 -2.880859375000000000e+00 -1.318359375000000000e+00 -6.347656250000000000e-01 1.259765625000000000e+00
3.549023437499999600e-01 6.850585937500000000e-01 7.725390625000000400e-01 6.425781250000001110e-02 9.229296875000000400e-01 -6.024472656250001723e-01 1.269531250000000000e-01 4.619140625000000000e+00 1.181640625000000000e+00 -3.134765625000000000e+00 7.597656250000000000e-01
1.649023437500000133e-01 9.350585937500000000e-01 5.925390624999999911e-01 4.425781250000000028e-02 1.022929687500000018e+00 -1.435447265625000135e+00 -4.873046875000000000e+00 -3.808593750000000000e-01 -3.818359375000000000e+00 1.865234375000000000e+00 1.759765625000000000e+00
1.530273437499999889e-01 6.694335937500000000e-01 7.162890625000000178e-01 4.550781250000000139e-02 1.016679687499999929e+00 -1.799884765625000105e+00 4.814453125000000000e+00 -2.568359375000000000e+00 -4.755859375000000000e+00 -3.222656250000000000e-01 1.197265625000000000e+00
3.430273437499999911e-01 9.194335937500000000e-01 8.962890624999999556e-01 6.550781250000001221e-02 9.166796875000000622e-01 -9.668847656250001421e-01 -1.855468750000000000e-01 2.431640625000000000e+00 2.441406250000000000e-01 4.677734375000000000e+00 1.972656250000000000e-01
4.380273437500000200e-01 5.444335937500000000e-01 8.062890625000000977e-01 3.550781249999999944e-02 9.666796874999999956e-01 -1.383384765625000012e+00 -2.685546875000000000e+00 -6.835937500000000000e-02 -2.255859375000000000e+00 2.177734375000000000e+00 1.697265625000000000e+00
2.480273437499999900e-01 7.944335937500000000e-01 6.262890625000000488e-01 5.550781250000000333e-02 1.066679687499999973e+00 -5.503847656250000497e-01 2.314453125000000000e+00 4.931640625000000000e+00 2.744140625000000000e+00 -2.822265625000000000e+00 6.972656250000000000e-01
2.955273437500000044e-01 6.069335937500000000e-01 8.512890625000000266e-01 4.050781250000000389e-02 9.416796874999999734e-01 -3.421347656250000036e-01 3.564453125000000000e+00 1.181640625000000000e+00 -3.505859375000000000e+00 9.277343750000000000e-01 1.947265625000000000e+00
4.855273437500000067e-01 8.569335937500000000e-01 6.712890625000000888e-01 6.050781250000000777e-02 1.041679687500000062e+00 -1.175134765625000188e+00 -1.435546875000000000e+00 -3.818359375000000000e+00 1.494140625000000000e+00 -4.072265625000000000e+00 9.472656250000000000e-01
3.905273437499999778e-01 7.319335937500000000e-01 5.812890625000000089e-01 3.050781249999999847e-02 9.916796875000000178e-01 -7.586347656250000959e-01 -3.935546875000000000e+00 3.681640625000000000e+00 -1.005859375000000000e+00 -1.572265625000000000e+00 1.447265625000000000e+00
2.005273437500000033e-01 9.819335937500000000e-01 7.612890625000000577e-01 5.050781249999999889e-02 8.916796875000000400e-01 -1.591634765625000059e+00 1.064453125000000000e+00 -1.318359375000000000e+00 3.994140625000000000e+00 3.427734375000000000e+00 4.472656250000000000e-01
1.767773437499999822e-01 5.131835937500000000e-01 6.037890625000000844e-01 6.300781250000000999e-02 9.041796874999999956e-01 -1.695759765625000082e+00 4.189453125000000000e+00 3.056640625000000000e+00 -2.880859375000000000e+00 -9.472656250000000000e-01 3.222656250000000000e-01
3.667773437500000400e-01 7.631835937500000000e-01 7.837890625000000222e-01 4.300781249999999917e-02 1.004179687499999973e+00 -8.627597656250001190e-01 -8.105468750000000000e-01 -1.943359375000000000e+00 2.119140625000000000e+00 4.052734375000000000e+00 1.322265625000000000e+00
4.617773437500000133e-01 6.381835937500000000e-01 8.737890624999999911e-01 5.300781250000000111e-02 1.054179687500000018e+00 -1.279259765624999989e+00 -3.310546875000000000e+00 5.566406250000000000e-01 -3.808593750000000000e-01 1.552734375000000000e+00 8.222656250000000000e-01
2.717773437500000111e-01 8.881835937500000000e-01 6.937890625000000533e-01 3.300781249999999722e-02 9.541796875000000400e-01 -4.462597656250000266e-01 1.689453125000000000e+00 -4.443359375000000000e+00 4.619140625000000000e+00 -3.447265625000000000e+00 1.822265625000000000e+00
2.242773437499999967e-01 7.006835937500000000e-01 7.387890624999999822e-01 6.800781250000001443e-02 1.029179687500000107e+00 -6.545097656250000728e-01 2.939453125000000000e+00 -6.933593750000000000e-01 -4.130859375000000000e+00 3.027343750000000000e-01 5.722656250000000000e-01
4.142773437500000266e-01 9.506835937500000000e-01 5.587890625000000444e-01 4.800781250000000361e-02 9.291796875000000178e-01 -1.487509765625000036e+00 -2.060546875000000000e+00 4.306640625000000000e+00 8.691406250000000000e-01 -4.697265625000000000e+00 1.572265625000000000e+00
3.192773437499999978e-01 5.756835937500000000e-01 6.487890625000000133e-01 5.800781250000000555e-02 8.791796874999999734e-01 -1.071009765624999943e+00 -4.560546875000000000e+00 -3.193359375000000000e+00 -1.630859375000000000e+00 -2.197265625000000000e+00 7.226562500000000000e-02
1.292773437499999956e-01 8.256835937500000000e-01 8.287890625000000622e-01 3.800781250000000167e-02 9.791796875000000622e-01 -1.904009765624999906e+00 4.394531250000000000e-01 1.806640625000000000e+00 3.369140625000000000e+00 2.802734375000000000e+00 1.072265625000000000e+00
1.263085937500000033e-01 5.249023437500000000e-01 6.403515625000000266e-01 4.269531249999999889e-02 9.588671874999999956e-01 -1.604650390625000034e+00 -1.826171875000000000e+00 4.697265625000000000e+00 -1.083984375000000000e+00 -1.962890625000000000e+00 8.378906250000000000e-01
3.163085937499999778e-01 7.749023437500000000e-01 8.203515624999999645e-01 6.269531250000000278e-02 1.058867187499999973e+00 -7.716503906250000711e-01 3.173828125000000000e+00 -3.027343750000000000e-01 3.916015625000000000e+00 3.037109375000000000e+00 1.837890625000000000e+00
4.113085937500000067e-01 6.499023437500000000e-01 7.303515625000001066e-01 3.269531249999999695e-02 1.008867187499999929e+00 -1.188150390625000163e+00 6.738281250000000000e-01 2.197265625000000000e+00 -3.583984375000000000e+00 5.371093750000000000e-01 3.378906250000000000e-01
2.213085937500000044e-01 8.999023437500000000e-01 5.503515625000000577e-01 5.269531250000000777e-02 9.088671875000000622e-01 -3.551503906249999787e-01 -4.326171875000000000e+00 -2.802734375000000000e+00 1.416015625000000000e+00 -4.462890625000000000e+00 1.337890625000000000e+00
2.688085937499999911e-01 7.124023437500000000e-01 8.653515625000001155e-01 4.769531250000000333e-02 9.838671875000000178e-01 -5.634003906250000249e-01 -5.761718750000000000e-01 -1.552734375000000000e+00 -2.333984375000000000e+00 1.787109375000000000e+00 8.789062500000000000e-02
4.588085937499999933e-01 9.624023437500000000e-01 6.853515625000000666e-01 6.769531250000000722e-02 8.838671875000000400e-01 -1.396400390624999988e+00 4.423828125000000000e+00 3.447265625000000000e+00 2.666015625000000000e+00 -3.212890625000000000e+00 1.087890625000000000e+00
3.638085937499999645e-01 5.874023437500000000e-01 5.953515625000000977e-01 3.769531250000000139e-02 9.338671874999999734e-01 -9.799003906250001172e-01 1.923828125000000000e+00 -4.052734375000000000e+00 -4.833984375000000000e+00 -7.128906250000000000e-01 5.878906250000000000e-01
1.738085937499999900e-01 8.374023437500000000e-01 7.753515625000000355e-01 5.769531250000000527e-02 1.033867187500000062e+00 -1.812900390625000080e+00 -3.076171875000000000e+00 9.472656250000000000e-01 1.660156250000000000e-01 4.287109375000000000e+00 1.587890625000000000e+00
1.975585937500000111e-01 6.811523437500000000e-01 5.728515625000000222e-01 6.519531250000000500e-02 1.046367187500000018e+00 -1.917025390625000103e+00 -2.451171875000000000e+00 -4.677734375000000000e+00 -1.708984375000000000e+00 -1.337890625000000000e+00 1.712890625000000000e+00
3.875585937500000133e-01 9.311523437500000000e-01 7.528515625000000711e-01 4.519531250000000111e-02 9.463671875000000400e-01 -1.084025390624999918e+00 2.548828125000000000e+00 3.222656250000000000e-01 3.291015625000000000e+00 3.662109375000000000e+00 7.128906250000000000e-01
4.825585937499999867e-01 5.561523437500000000e-01 8.428515625000000400e-01 5.519531250000000305e-02 8.963671874999999956e-01 -1.500525390625000011e+00 4.882812500000000000e-02 -2.177734375000000000e+00 -4.208984375000000000e+00 1.162109375000000000e+00 1.212890625000000000e+00
2.925585937499999845e-01 8.061523437500000000e-01 6.628515624999999911e-01 3.519531249999999917e-02 9.963671874999999734e-01 -6.675253906250000480e-01 -4.951171875000000000e+00 2.822265625000000000e+00 7.910156250000000000e-01 -3.837890625000000000e+00 2.128906250000000000e-01
2.450585937499999978e-01 6.186523437500000000e-01 7.978515625000000000e-01 6.019531250000000056e-02 8.713671874999999734e-01 -4.592753906250000018e-01 -1.201171875000000000e+00 1.572265625000000000e+00 -4.589843750000000000e-01 2.412109375000000000e+00 1.462890625000000000e+00
4.350585937500000000e-01 8.686523437500000000e-01 6.178515625000000622e-01 4.019531249999999667e-02 9.713671875000000622e-01 -1.292275390624999964e+00 3.798828125000000000e+00 -3.427734375000000000e+00 4.541015625000000000e+00 -2.587890625000000000e+00 4.628906250000000000e-01
3.400585937500000266e-01 7.436523437500000000e-01 7.078515625000000311e-01 5.019531250000000555e-02 1.021367187500000107e+00 -8.757753906250000941e-01 1.298828125000000000e+00 4.072265625000000000e+00 -2.958984375000000000e+00 -8.789062500000000000e-02 1.962890625000000000e+00
1.500585937499999967e-01 9.936523437500000000e-01 8.878515625000000799e-01 3.019531249999999820e-02 9.213671875000000178e-01 -1.708775390625000057e+00 -3.701171875000000000e+00 -9.277343750000000000e-01 2.041015625000000000e+00 4.912109375000000000e+00 9.628906250000000000e-01
1.619335937499999933e-01 7.280273437500000000e-01 7.641015625000000533e-01 3.894531250000000250e-02 9.151171875000000400e-01 -1.344337890624999865e+00 3.486328125000000000e+00 -3.740234375000000000e+00 1.728515625000000000e+00 -3.525390625000000000e+00 2.539062500000000000e-02
3.519335937499999956e-01 9.780273437500000000e-01 5.841015625000000044e-01 5.894531249999999944e-02 1.015117187500000018e+00 -5.113378906250001243e-01 -1.513671875000000000e+00 1.259765625000000000e+00 -3.271484375000000000e+00 1.474609375000000000e+00 1.025390625000000000e+00
4.469335937500000244e-01 6.030273437500000000e-01 6.741015625000000844e-01 4.894531250000000444e-02 1.065117187500000062e+00 -1.760837890624999957e+00 -4.013671875000000000e+00 -1.240234375000000000e+00 4.228515625000000000e+00 3.974609375000000000e+00 5.253906250000000000e-01
2.569335937500000222e-01 8.530273437500000000e-01 8.541015625000000222e-01 6.894531250000000833e-02 9.651171874999999734e-01 -9.278378906249999947e-01 9.863281250000000000e-01 3.759765625000000000e+00 -7.714843750000000000e-01 -1.025390625000000000e+00 1.525390625000000000e+00
3.044335937500000089e-01 5.405273437500000000e-01 6.291015625000000444e-01 3.394531249999999806e-02 1.040117187499999929e+00 -1.136087890625000041e+00 4.736328125000000000e+00 9.765625000000000000e-03 4.785156250000000000e-01 2.724609375000000000e+00 7.753906250000000000e-01
4.944335937500000111e-01 7.905273437500000000e-01 8.091015624999999822e-01 5.394531250000000194e-02 9.401171875000000622e-01 -1.969087890625000004e+00 -2.636718750000000000e-01 -4.990234375000000000e+00 -4.521484375000000000e+00 -2.275390625000000000e+00 1.775390625000000000e+00
3.994335937499999822e-01 6.655273437500000000e-01 8.991015625000000622e-01 4.394531250000000000e-02 8.901171875000000178e-01 -7.195878906249999485e-01 -2.763671875000000000e+00 2.509765625000000000e+00 2.978515625000000000e+00 -4.775390625000000000e+00 2.753906250000000000e-01
2.094335937499999800e-01 9.155273437500000000e-01 7.191015625000000133e-01 6.394531250000000389e-02 9.901171874999999956e-01 -1.552587890624999911e+00 2.236328125000000000e+00 -2.490234375000000000e+00 -2.021484375000000000e+00 2.246093750000000000e-01 1.275390625000000000e+00
1.856835937499999867e-01 5.717773437500000000e-01 8.316015625000000577e-01 5.144531250000000666e-02 1.002617187500000062e+00 -1.448462890625000110e+00 2.861328125000000000e+00 3.134765625000000000e+00 1.103515625000000000e+00 -2.900390625000000000e+00 1.400390625000000000e+00
3.756835937499999889e-01 8.217773437500000000e-01 6.516015625000000089e-01 3.144531249999999584e-02 9.026171874999999734e-01 -6.154628906250001474e-01 -2.138671875000000000e+00 -1.865234375000000000e+00 -3.896484375000000000e+00 2.099609375000000000e+00 4.003906250000000000e-01
4.706835937500000178e-01 6.967773437500000000e-01 5.616015625000000400e-01 6.144531250000000167e-02 9.526171875000000178e-01 -1.864962890624999980e+00 -4.638671875000000000e+00 6.347656250000000000e-01 3.603515625000000000e+00 4.599609375000000000e+00 1.900390625000000000e+00
2.806835937499999600e-01 9.467773437500000000e-01 7.416015625000000888e-01 4.144531249999999778e-02 1.052617187500000107e+00 -1.031962890625000018e+00 3.613281250000000000e-01 -4.365234375000000000e+00 -1.396484375000000000e+00 -4.003906250000000000e-01 9.003906250000000000e-01
2.331835937500000011e-01 6.342773437500000000e-01 6.966015625000000488e-01 5.644531250000000416e-02 9.276171874999999956e-01 -8.237128906249999716e-01 4.111328125000000000e+00 -6.152343750000000000e-01 2.353515625000000000e+00 3.349609375000000000e+00 1.650390625000000000e+00
4.231835937499999756e-01 8.842773437500000000e-01 8.766015625000000977e-01 3.644531250000000028e-02 1.027617187499999973e+00 -1.656712890624999934e+00 -8.886718750000000000e-01 4.384765625000000000e+00 -2.646484375000000000e+00 -1.650390625000000000e+00 6.503906250000000000e-01
3.281835937500000022e-01 5.092773437500000000e-01 7.866015625000000178e-01 6.644531250000000611e-02 9.776171875000000400e-01 -4.072128906250001013e-01 -3.388671875000000000e+00 -3.115234375000000000e+00 4.853515625000000000e+00 -4.150390625000000000e+00 1.150390625000000000e+00
1.381835937500000000e-01 7.592773437500000000e-01 6.066015625000000799e-01 4.644531250000000222e-02 8.776171874999999512e-01 -1.240212890625000064e+00 1.611328125000000000e+00 1.884765625000000000e+00 -1.464843750000000000e-01 8.496093750000000000e-01 1.503906250000000000e-01
1.322460937499999878e-01 6.420898437500000000e-01 8.597265625000000133e-01 6.082031250000000111e-02 1.024492187499999929e+00 -1.005931640625000068e+00 -4.169921875000000000e+00 -1.708984375000000000e+00 4.384765625000000000e+00 -2.431640625000000000e+00 7.441406250000000000e-01
3.222460937500000178e-01 8.920898437500000000e-01 6.797265625000000755e-01 4.082031249999999722e-02 9.244921875000000622e-01 -1.838931640625000030e+00 8.300781250000000000e-01 3.291015625000000000e+00 -6.152343750000000000e-01 2.568359375000000000e+00 1.744140625000000000e+00
4.172460937499999911e-01 5.170898437500000000e-01 5.897265624999999956e-01 5.082031250000000611e-02 8.744921875000000178e-01 -5.894316406249999751e-01 3.330078125000000000e+00 -4.208984375000000000e+00 1.884765625000000000e+00 6.835937500000000000e-02 2.441406250000000000e-01
2.272460937499999889e-01 7.670898437500000000e-01 7.697265625000000444e-01 3.082031249999999875e-02 9.744921874999999956e-01 -1.422431640625000160e+00 -1.669921875000000000e+00 7.910156250000000000e-01 -3.115234375000000000e+00 -4.931640625000000000e+00 1.244140625000000000e+00
2.747460937500000311e-01 5.795898437500000000e-01 7.247265625000000044e-01 6.582031250000000555e-02 8.994921875000000400e-01 -1.214181640625000114e+00 -2.919921875000000000e+00 4.541015625000000000e+00 3.134765625000000000e+00 1.318359375000000000e+00 4.941406250000000000e-01
4.647460937499999778e-01 8.295898437500000000e-01 9.047265625000000533e-01 4.582031250000000167e-02 9.994921875000000178e-01 -3.811816406250001510e-01 2.080078125000000000e+00 -4.589843750000000000e-01 -1.865234375000000000e+00 -3.681640625000000000e+00 1.494140625000000000e+00
3.697460937500000044e-01 7.045898437500000000e-01 8.147265624999999734e-01 5.582031250000000361e-02 1.049492187500000062e+00 -1.630681640624999984e+00 4.580078125000000000e+00 2.041015625000000000e+00 6.347656250000000000e-01 -1.181640625000000000e+00 9.941406250000000000e-01
1.797460937500000022e-01 9.545898437500000000e-01 6.347265625000000355e-01 3.582031249999999972e-02 9.494921874999999734e-01 -7.976816406250000213e-01 -4.199218750000000000e-01 -2.958984375000000000e+00 -4.365234375000000000e+00 3.818359375000000000e+00 1.994140625000000000e+00
2.034960937499999956e-01 5.483398437500000000e-01 7.472265625000000799e-01 4.832031250000000389e-02 9.369921875000000178e-01 -9.018066406250000444e-01 -4.794921875000000000e+00 1.416015625000000000e+00 2.509765625000000000e+00 -1.806640625000000000e+00 1.869140625000000000e+00
3.934960937499999978e-01 7.983398437500000000e-01 5.672265625000000311e-01 6.832031250000000777e-02 1.036992187500000107e+00 -1.734806640625000007e+00 2.050781250000000000e-01 -3.583984375000000000e+00 -2.490234375000000000e+00 3.193359375000000000e+00 8.691406250000000000e-01
4.884960937500000266e-01 6.733398437500000000e-01 6.572265625000000000e-01 3.832031250000000194e-02 9.869921875000000622e-01 -4.853066406250001741e-01 2.705078125000000000e+00 3.916015625000000000e+00 9.765625000000000000e-03 6.933593750000000000e-01 1.369140625000000000e+00
2.984960937499999689e-01 9.233398437500000000e-01 8.372265625000000488e-01 5.832031250000000583e-02 8.869921874999999734e-01 -1.318306640624999915e+00 -2.294921875000000000e+00 -1.083984375000000000e+00 -4.990234375000000000e+00 -4.306640625000000000e+00 3.691406250000000000e-01
2.509960937499999822e-01 7.358398437500000000e-01 6.122265625000000711e-01 4.332031249999999944e-02 1.011992187499999973e+00 -1.526556640624999961e+00 -3.544921875000000000e+00 -4.833984375000000000e+00 3.759765625000000000e+00 1.943359375000000000e+00 1.119140625000000000e+00
4.409960937499999845e-01 9.858398437500000000e-01 7.922265625000000089e-01 6.332031250000000333e-02 9.119921874999999956e-01 -6.935566406249999982e-01 1.455078125000000000e+00 1.660156250000000000e-01 -1.240234375000000000e+00 -3.056640625000000000e+00 1.191406250000000000e-01
3.459960937500000111e-01 6.108398437500000000e-01 8.822265625000000888e-01 3.332031249999999750e-02 9.619921875000000400e-01 -1.943056640625000053e+00 3.955078125000000000e+00 -2.333984375000000000e+00 1.259765625000000000e+00 -5.566406250000000000e-01 1.619140625000000000e+00
1.559960937500000089e-01 8.608398437500000000e-01 7.022265625000000400e-01 5.332031250000000833e-02 1.061992187500000018e+00 -1.110056640625000091e+00 -1.044921875000000000e+00 2.666015625000000000e+00 -3.740234375000000000e+00 4.443359375000000000e+00 6.191406250000000000e-01
1.441210937499999845e-01 5.952148437500000000e-01 5.559765625000000488e-01 5.707031250000000472e-02 9.807421874999999734e-01 -7.456191406250001208e-01 1.142578125000000000e+00 4.785156250000000000e-01 -2.802734375000000000e+00 -3.369140625000000000e+00 4.316406250000000000e-01
3.341210937499999867e-01 8.452148437500000000e-01 7.359765625000000977e-01 3.707031250000000083e-02 8.807421874999999956e-01 -1.578619140625000083e+00 -3.857421875000000000e+00 -4.521484375000000000e+00 2.197265625000000000e+00 1.630859375000000000e+00 1.431640625000000000e+00
4.291210937500000155e-01 7.202148437500000000e-01 8.259765624999999556e-01 6.707031250000000666e-02 9.307421875000000400e-01 -1.162119140624999991e+00 -1.357421875000000000e+00 2.978515625000000000e+00 -3.027343750000000000e-01 4.130859375000000000e+00 9.316406250000000000e-01
2.391210937500000133e-01 9.702148437500000000e-01 6.459765625000000178e-01 4.707031250000000278e-02 1.030742187500000018e+00 -1.995119140624999954e+00 3.642578125000000000e+00 -2.021484375000000000e+00 4.697265625000000000e+00 -8.691406250000000000e-01 1.931640625000000000e+00
2.866210937500000000e-01 6.577148437500000000e-01 7.809765625000000266e-01 5.207031250000000722e-02 9.557421875000000622e-01 -1.786869140624999908e+00 2.392578125000000000e+00 -3.271484375000000000e+00 -4.052734375000000000e+00 2.880859375000000000e+00 6.816406250000000000e-01
4.766210937500000022e-01 9.077148437500000000e-01 6.009765625000000888e-01 3.207031249999999639e-02 1.055742187500000151e+00 -9.538691406249999449e-01 -2.607421875000000000e+00 1.728515625000000000e+00 9.472656250000000000e-01 -2.119140625000000000e+00 1.681640625000000000e+00
3.816210937499999734e-01 5.327148437500000000e-01 6.909765625000000577e-01 6.207031250000000222e-02 1.005742187500000107e+00 -1.370369140625000037e+00 -1.074218750000000000e-01 -7.714843750000000000e-01 -1.552734375000000000e+00 -4.619140625000000000e+00 1.816406250000000000e-01
1.916210937499999989e-01 7.827148437500000000e-01 8.709765625000001066e-01 4.207031249999999833e-02 9.057421875000000178e-01 -5.373691406250000746e-01 4.892578125000000000e+00 4.228515625000000000e+00 3.447265625000000000e+00 3.808593750000000000e-01 1.181640625000000000e+00
1.678710937500000056e-01 6.889648437500000000e-01 6.684765624999999822e-01 3.457031249999999861e-02 8.932421874999999512e-01 -4.332441406250000515e-01 5.175781250000000000e-01 -1.464843750000000000e-01 -4.677734375000000000e+00 -2.744140625000000000e+00 1.056640625000000000e+00
3.578710937500000355e-01 9.389648437500000000e-01 8.484765625000000311e-01 5.457031250000000250e-02 9.932421875000000400e-01 -1.266244140625000014e+00 -4.482421875000000000e+00 4.853515625000000000e+00 3.222656250000000000e-01 2.255859375000000000e+00 5.664062500000000000e-02
4.528710937500000089e-01 5.639648437500000000e-01 7.584765625000000622e-01 4.457031250000000056e-02 1.043242187499999973e+00 -8.497441406250001439e-01 -1.982421875000000000e+00 -2.646484375000000000e+00 -2.177734375000000000e+00 4.755859375000000000e+00 1.556640625000000000e+00
2.628710937500000067e-01 8.139648437500000000e-01 5.784765625000000133e-01 6.457031250000000444e-02 9.432421874999999956e-01 -1.682744140625000107e+00 3.017578125000000000e+00 2.353515625000000000e+00 2.822265625000000000e+00 -2.441406250000000000e-01 5.566406250000000000e-01
2.153710937499999922e-01 5.014648437500000000e-01 8.934765625000000711e-01 3.957031250000000305e-02 1.068242187500000107e+00 -1.890994140624999931e+00 1.767578125000000000e+00 3.603515625000000000e+00 -3.427734375000000000e+00 3.505859375000000000e+00 1.806640625000000000e+00
4.053710937500000222e-01 7.514648437500000000e-01 7.134765625000000222e-01 5.957031250000000000e-02 9.682421875000000178e-01 -1.057994140624999968e+00 -3.232421875000000000e+00 -1.396484375000000000e+00 1.572265625000000000e+00 -1.494140625000000000e+00 8.066406250000000000e-01
3.103710937499999933e-01 6.264648437500000000e-01 6.234765625000000533e-01 4.957031250000000500e-02 9.182421874999999734e-01 -1.474494140625000060e+00 -7.324218750000000000e-01 1.103515625000000000e+00 -9.277343750000000000e-01 -3.994140625000000000e+00 1.306640625000000000e+00
1.203710937499999911e-01 8.764648437500000000e-01 8.034765624999999911e-01 6.957031250000000888e-02 1.018242187500000062e+00 -6.414941406250000977e-01 4.267578125000000000e+00 -3.896484375000000000e+00 4.072265625000000000e+00 1.005859375000000000e+00 3.066406250000000000e-01
1.205566406249999889e-01 6.882324218750000000e-01 8.461914062500000000e-01 5.619140625000000611e-02 9.923632812500000622e-01 -7.968681640625001616e-01 3.422851562500000000e+00 3.295898437500000000e+00 -1.879882812500000000e+00 4.213867187500000000e+00 1.881835937500000000e+00
3.105566406249999911e-01 9.382324218750000000e-01 6.661914062500000622e-01 3.619140625000000222e-02 8.923632812499999734e-01 -1.629868164062500124e+00 -1.577148437500000000e+00 -1.704101562500000000e+00 3.120117187500000000e+00 -7.861328125000000000e-01 8.818359375000000000e-01
4.055566406250000200e-01 5.632324218750000000e-01 5.761914062500000933e-01 6.619140625000000111e-02 9.423632812500000178e-01 -3.803681640625000693e-01 -4.077148437500000000e+00 7.958984375000000000e-01 -4.379882812500000000e+00 -3.286132812500000000e+00 1.381835937500000000e+00
2.155566406249999900e-01 8.132324218750000000e-01 7.561914062500000311e-01 4.619140624999999722e-02 1.042363281250000107e+00 -1.213368164062500032e+00 9.228515625000000000e-01 -4.204101562500000000e+00 6.201171875000000000e-01 1.713867187500000000e+00 3.818359375000000000e-01
2.630566406250000044e-01 5.007324218750000000e-01 7.111914062499999911e-01 5.119140625000000167e-02 9.673632812500000400e-01 -1.421618164062500078e+00 4.672851562500000000e+00 -4.541015625000000000e-01 -6.298828125000000000e-01 -4.536132812500000000e+00 1.131835937500000000e+00
4.530566406250000067e-01 7.507324218750000000e-01 8.911914062500000400e-01 3.119140624999999778e-02 1.067363281250000018e+00 -5.886181640625001155e-01 -3.271484375000000000e-01 4.545898437500000000e+00 4.370117187500000000e+00 4.638671875000000000e-01 1.318359375000000000e-01
3.580566406249999778e-01 6.257324218750000000e-01 8.011914062500000711e-01 6.119140625000000361e-02 1.017363281249999973e+00 -1.838118164062499948e+00 -2.827148437500000000e+00 -2.954101562500000000e+00 -3.129882812500000000e+00 2.963867187500000000e+00 1.631835937500000000e+00
1.680566406250000033e-01 8.757324218750000000e-01 6.211914062500000222e-01 4.119140624999999972e-02 9.173632812499999956e-01 -1.005118164062499986e+00 2.172851562500000000e+00 2.045898437500000000e+00 1.870117187500000000e+00 -2.036132812500000000e+00 6.318359375000000000e-01
1.918066406249999967e-01 5.944824218750000000e-01 7.336914062500000666e-01 3.369140625000000000e-02 8.798632812500000178e-01 -1.109243164062500009e+00 2.797851562500000000e+00 -3.579101562500000000e+00 -4.882812500000000000e-03 4.838867187500000000e+00 5.068359375000000000e-01
3.818066406249999711e-01 8.444824218750000000e-01 5.536914062500000178e-01 5.369140625000000389e-02 9.798632812499999956e-01 -1.942243164062499972e+00 -2.202148437500000000e+00 1.420898437500000000e+00 4.995117187500000000e+00 -1.611328125000000000e-01 1.506835937500000000e+00
4.768066406250000000e-01 7.194824218750000000e-01 6.436914062500000977e-01 4.369140625000000194e-02 1.029863281249999929e+00 -6.927431640625001386e-01 -4.702148437500000000e+00 -1.079101562500000000e+00 -2.504882812500000000e+00 -2.661132812500000000e+00 6.835937500000000000e-03
2.868066406249999978e-01 9.694824218750000000e-01 8.236914062500000355e-01 6.369140624999999889e-02 9.298632812500000622e-01 -1.525743164062500101e+00 2.978515625000000000e-01 3.920898437500000000e+00 2.495117187500000000e+00 2.338867187500000000e+00 1.006835937500000000e+00
2.393066406250000111e-01 6.569824218750000000e-01 5.986914062500000577e-01 3.869140625000000444e-02 1.054863281250000062e+00 -1.317493164062500055e+00 4.047851562500000000e+00 1.708984375000000000e-01 -1.254882812500000000e+00 -3.911132812500000000e+00 2.568359375000000000e-01
4.293066406250000133e-01 9.069824218750000000e-01 7.786914062499999956e-01 5.869140625000000833e-02 9.548632812499999734e-01 -4.844931640625000924e-01 -9.521484375000000000e-01 -4.829101562500000000e+00 3.745117187500000000e+00 1.088867187500000000e+00 1.256835937500000000e+00
3.343066406249999845e-01 5.319824218750000000e-01 8.686914062499999645e-01 4.869140624999999944e-02 9.048632812500000400e-01 -1.733993164062499925e+00 -3.452148437500000000e+00 2.670898437500000000e+00 -3.754882812500000000e+00 3.588867187500000000e+00 7.568359375000000000e-01
1.443066406249999822e-01 7.819824218750000000e-01 6.886914062500000266e-01 6.869140625000000333e-02 1.004863281250000018e+00 -9.009931640624999627e-01 1.547851562500000000e+00 -2.329101562500000000e+00 1.245117187500000000e+00 -1.411132812500000000e+00 1.756835937500000000e+00
1.561816406250000067e-01 5.476074218750000000e-01 5.649414062500000000e-01 6.244140625000000472e-02 1.036113281250000018e+00 -5.365556640624999929e-01 -1.264648437500000000e+00 -4.516601562500000000e+00 3.076171875000000000e-01 1.513671875000000000e-01 1.194335937500000000e+00
3.461816406250000089e-01 7.976074218750000000e-01 7.449414062500000488e-01 4.244140625000000083e-02 9.361132812500000400e-01 -1.369555664062500178e+00 3.735351562500000000e+00 4.833984375000000000e-01 -4.692382812500000000e+00 -4.848632812500000000e+00 1.943359375000000000e-01
4.411816406249999822e-01 6.726074218750000000e-01 8.349414062500000178e-01 5.244140625000000278e-02 8.861132812499999956e-01 -9.530556640625000853e-01 1.235351562500000000e+00 -2.016601562500000000e+00 2.807617187500000000e+00 -2.348632812500000000e+00 1.694335937500000000e+00
2.511816406250000355e-01 9.226074218750000000e-01 6.549414062500000799e-01 3.244140624999999889e-02 9.861132812499999734e-01 -1.786055664062500048e+00 -3.764648437500000000e+00 2.983398437500000000e+00 -2.192382812500000000e+00 2.651367187500000000e+00 6.943359375000000000e-01
2.986816406250000222e-01 7.351074218750000000e-01 7.899414062500000888e-01 6.744140625000000222e-02 9.111132812500000178e-01 -1.994305664062500094e+00 -1.464843750000000000e-02 1.733398437500000000e+00 1.557617187500000000e+00 -1.098632812500000000e+00 1.944335937500000000e+00
4.886816406250000244e-01 9.851074218750000000e-01 6.099414062500000400e-01 4.744140624999999833e-02 1.011113281250000107e+00 -1.161305664062500131e+00 4.985351562500000000e+00 -3.266601562500000000e+00 -3.442382812500000000e+00 3.901367187500000000e+00 9.443359375000000000e-01
3.936816406249999956e-01 6.101074218750000000e-01 6.999414062500000089e-01 5.744140625000000722e-02 1.061113281250000151e+00 -1.577805664062500002e+00 2.485351562500000000e+00 4.233398437500000000e+00 4.057617187500000000e+00 1.401367187500000000e+00 1.444335937500000000e+00
2.036816406249999933e-01 8.601074218750000000e-01 8.799414062500000577e-01 3.744140625000000333e-02 9.611132812500000622e-01 -7.448056640625000391e-01 -2.514648437500000000e+00 -7.666015625000000000e-01 -9.423828125000000000e-01 -3.598632812500000000e+00 4.443359375000000000e-01
1.799316406250000000e-01 6.413574218750000000e-01 6.774414062500000444e-01 4.994140625000000056e-02 9.236132812499999734e-01 -6.406806640625000160e-01 -1.889648437500000000e+00 4.858398437500000000e+00 2.182617187500000000e+00 7.763671875000000000e-01 3.193359375000000000e-01
3.699316406250000022e-01 8.913574218750000000e-01 8.574414062499999822e-01 6.994140625000000444e-02 1.023613281250000062e+00 -1.473680664062499979e+00 3.110351562500000000e+00 -1.416015625000000000e-01 -2.817382812500000000e+00 -4.223632812500000000e+00 1.319335937500000000e+00
4.649316406249999756e-01 5.163574218750000000e-01 7.674414062500000133e-01 3.994140624999999861e-02 9.736132812500000178e-01 -1.057180664062499886e+00 6.103515625000000000e-01 2.358398437500000000e+00 4.682617187500000000e+00 -1.723632812500000000e+00 8.193359375000000000e-01
2.749316406249999734e-01 7.663574218750000000e-01 5.874414062500000755e-01 5.994140625000000944e-02 8.736132812500000400e-01 -1.890180664062500071e+00 -4.389648437500000000e+00 -2.641601562500000000e+00 -3.173828125000000000e-01 3.276367187500000000e+00 1.819335937500000000e+00
2.274316406249999867e-01 5.788574218750000000e-01 9.024414062500000222e-01 4.494140625000000305e-02 9.986132812500000400e-01 -1.681930664062500025e+00 -6.396484375000000000e-01 -1.391601562500000000e+00 9.326171875000000000e-01 -4.736328125000000000e-01 5.693359375000000000e-01
4.174316406249999889e-01 8.288574218750000000e-01 7.224414062499999734e-01 6.494140625000000000e-02 8.986132812500000622e-01 -8.489306640625000622e-01 4.360351562500000000e+00 3.608398437500000000e+00 -4.067382812500000000e+00 4.526367187500000000e+00 1.569335937500000000e+00
3.224316406249999600e-01 7.038574218750000000e-01 6.324414062500000044e-01 3.494140625000000111e-02 9.486132812499999956e-01 -1.265430664062499932e+00 1.860351562500000000e+00 -3.891601562500000000e+00 3.432617187500000000e+00 2.026367187500000000e+00 6.933593750000000000e-02
1.324316406249999856e-01 9.538574218750000000e-01 8.124414062500000533e-01 5.494140625000000500e-02 1.048613281249999973e+00 -4.324306640624999698e-01 -3.139648437500000000e+00 1.108398437500000000e+00 -1.567382812500000000e+00 -2.973632812500000000e+00 1.069335937500000000e+00
1.383691406249999978e-01 5.710449218750000000e-01 6.605664062500000711e-01 3.806640625000000389e-02 9.017382812499999956e-01 -1.812086914062499998e+00 7.666015625000000000e-01 -2.978515625000000000e-01 3.588867187500000000e+00 4.057617187500000000e+00 1.538085937500000000e+00
3.283691406250000000e-01 8.210449218750000000e-01 8.405664062500000089e-01 5.806640625000000777e-02 1.001738281249999973e+00 -9.790869140625000355e-01 -4.233398437500000000e+00 4.702148437500000000e+00 -1.411132812500000000e+00 -9.423828125000000000e-01 5.380859375000000000e-01
4.233691406249999734e-01 6.960449218750000000e-01 7.505664062500000400e-01 4.806640624999999889e-02 1.051738281250000018e+00 -1.395586914062500128e+00 -1.733398437500000000e+00 -2.797851562500000000e+00 1.088867187500000000e+00 -3.442382812500000000e+00 1.038085937500000000e+00
2.333691406249999989e-01 9.460449218750000000e-01 5.705664062499999911e-01 6.806640625000001665e-02 9.517382812500000400e-01 -5.625869140625001652e-01 3.266601562500000000e+00 2.202148437500000000e+00 -3.911132812500000000e+00 1.557617187500000000e+00 3.808593750000000000e-02
2.808691406250000133e-01 6.335449218750000000e-01 8.855664062500000488e-01 3.306640624999999944e-02 1.026738281250000107e+00 -3.543369140625001190e-01 2.016601562500000000e+00 3.452148437500000000e+00 4.838867187500000000e+00 -4.692382812500000000e+00 1.288085937500000000e+00
4.708691406250000155e-01 8.835449218750000000e-01 7.055664062500000000e-01 5.306640625000000333e-02 9.267382812500000178e-01 -1.187336914062500082e+00 -2.983398437500000000e+00 -1.547851562500000000e+00 -1.611328125000000000e-01 3.076171875000000000e-01 2.880859375000000000e-01
3.758691406249999867e-01 5.085449218750000000e-01 6.155664062500000311e-01 4.306640625000000139e-02 8.767382812499999734e-01 -7.708369140624999893e-01 -4.833984375000000000e-01 9.521484375000000000e-01 2.338867187500000000e+00 2.807617187500000000e+00 1.788085937500000000e+00
1.858691406249999845e-01 7.585449218750000000e-01 7.955664062500000799e-01 6.306640625000001221e-02 9.767382812500000622e-01 -1.603836914062499952e+00 4.516601562500000000e+00 -4.047851562500000000e+00 -2.661132812500000000e+00 -2.192382812500000000e+00 7.880859375000000000e-01
2.096191406249999778e-01 7.272949218750000000e-01 5.930664062500000666e-01 5.056640625000000111e-02 1.014238281249999929e+00 -1.707961914062499975e+00 1.416015625000000000e-01 3.271484375000000000e-01 4.213867187500000000e+00 4.682617187500000000e+00 9.130859375000000000e-01
3.996191406249999800e-01 9.772949218750000000e-01 7.730664062500000044e-01 3.056640624999999722e-02 9.142382812500000622e-01 -8.749619140625000124e-01 -4.858398437500000000e+00 -4.672851562500000000e+00 -7.861328125000000000e-01 -3.173828125000000000e-01 1.913085937500000000e+00
4.946191406250000089e-01 6.022949218750000000e-01 8.630664062499999734e-01 6.056640625000000999e-02 9.642382812499999956e-01 -1.291461914062499883e+00 -2.358398437500000000e+00 2.827148437500000000e+00 1.713867187500000000e+00 -2.817382812500000000e+00 4.130859375000000000e-01
3.046191406250000067e-01 8.522949218750000000e-01 6.830664062500000355e-01 4.056640624999999917e-02 1.064238281249999973e+00 -4.584619140625001421e-01 2.641601562500000000e+00 -2.172851562500000000e+00 -3.286132812500000000e+00 2.182617187500000000e+00 1.413085937500000000e+00
2.571191406249999645e-01 5.397949218750000000e-01 8.180664062500000444e-01 5.556640625000000555e-02 9.392382812499999734e-01 -6.667119140624999662e-01 1.391601562500000000e+00 -3.422851562500000000e+00 2.963867187500000000e+00 -4.067382812500000000e+00 1.630859375000000000e-01
4.471191406250000222e-01 7.897949218750000000e-01 6.380664062499999956e-01 3.556640625000000167e-02 1.039238281250000062e+00 -1.499711914062499929e+00 -3.608398437500000000e+00 1.577148437500000000e+00 -2.036132812500000000e+00 9.326171875000000000e-01 1.163085937500000000e+00
3.521191406249999933e-01 6.647949218750000000e-01 7.280664062500000755e-01 6.556640625000001443e-02 9.892382812500000178e-01 -1.083211914062500059e+00 -1.108398437500000000e+00 -9.228515625000000000e-01 4.638671875000000000e-01 3.432617187500000000e+00 6.630859375000000000e-01
1.621191406249999911e-01 9.147949218750000000e-01 9.080664062500000133e-01 4.556640625000000361e-02 8.892382812500000400e-01 -1.916211914062500021e+00 3.891601562500000000e+00 4.077148437500000000e+00 -4.536132812500000000e+00 -1.567382812500000000e+00 1.663085937500000000e+00
1.502441406249999944e-01 6.804199218750000000e-01 7.618164062500000222e-01 4.431640625000000250e-02 9.454882812500000622e-01 -1.551774414062500052e+00 -3.920898437500000000e+00 1.264648437500000000e+00 -4.223632812500000000e+00 6.201171875000000000e-01 1.350585937500000000e+00
3.402441406249999689e-01 9.304199218750000000e-01 5.818164062500000844e-01 6.431640625000001332e-02 1.045488281250000151e+00 -7.187744140625000888e-01 1.079101562500000000e+00 -3.735351562500000000e+00 7.763671875000000000e-01 -4.379882812500000000e+00 3.505859375000000000e-01
4.352441406249999978e-01 5.554199218750000000e-01 6.718164062500000533e-01 3.431640625000000056e-02 9.954882812500001066e-01 -1.968274414062499922e+00 3.579101562500000000e+00 3.764648437500000000e+00 -1.723632812500000000e+00 -1.879882812500000000e+00 1.850585937500000000e+00
2.452441406249999956e-01 8.054199218750000000e-01 8.518164062499999911e-01 5.431640625000000444e-02 8.954882812500000178e-01 -1.135274414062500181e+00 -1.420898437500000000e+00 -1.235351562500000000e+00 3.276367187500000000e+00 3.120117187500000000e+00 8.505859375000000000e-01
2.927441406249999822e-01 6.179199218750000000e-01 6.268164062500000133e-01 4.931640625000000000e-02 9.704882812499999734e-01 -9.270244140625001350e-01 -2.670898437500000000e+00 -4.985351562500000000e+00 -2.973632812500000000e+00 -6.298828125000000000e-01 1.600585937500000000e+00
4.827441406249999845e-01 8.679199218750000000e-01 8.068164062500000622e-01 6.931640625000000389e-02 8.704882812499999956e-01 -1.760024414062500098e+00 2.329101562500000000e+00 1.464843750000000000e-02 2.026367187500000000e+00 4.370117187500000000e+00 6.005859375000000000e-01
3.877441406250000111e-01 7.429199218750000000e-01 8.968164062500000311e-01 3.931640625000000500e-02 9.204882812500000400e-01 -5.105244140625000426e-01 4.829101562500000000e+00 -2.485351562500000000e+00 -4.736328125000000000e-01 1.870117187500000000e+00 1.100585937500000000e+00
1.977441406250000089e-01 9.929199218750000000e-01 7.168164062499999822e-01 5.931640625000000888e-02 1.020488281250000018e+00 -1.343524414062500005e+00 -1.708984375000000000e-01 2.514648437500000000e+00 4.526367187500000000e+00 -3.129882812500000000e+00 1.005859375000000000e-01
1.739941406249999878e-01 5.241699218750000000e-01 8.293164062500000266e-01 6.681640625000001554e-02 1.057988281250000107e+00 -1.239399414062499982e+00 -4.545898437500000000e+00 -1.860351562500000000e+00 -3.598632812500000000e+00 1.245117187500000000e+00 2.255859375000000000e-01
3.639941406250000178e-01 7.741699218750000000e-01 6.493164062500000888e-01 4.681640624999999778e-02 9.579882812500000178e-01 -4.063994140625000195e-01 4.541015625000000000e-01 3.139648437500000000e+00 1.401367187500000000e+00 -3.754882812500000000e+00 1.225585937500000000e+00
4.589941406249999911e-01 6.491699218750000000e-01 5.593164062500000089e-01 5.681640625000000666e-02 9.079882812499999734e-01 -1.655899414062500075e+00 2.954101562500000000e+00 -4.360351562500000000e+00 -1.098632812500000000e+00 -1.254882812500000000e+00 7.255859375000000000e-01
2.689941406249999889e-01 8.991699218750000000e-01 7.393164062500000577e-01 3.681640625000000278e-02 1.007988281250000062e+00 -8.228994140625001119e-01 -2.045898437500000000e+00 6.396484375000000000e-01 3.901367187500000000e+00 3.745117187500000000e+00 1.725585937500000000e+00
2.214941406250000022e-01 7.116699218750000000e-01 6.943164062500000178e-01 6.181640625000000416e-02 8.829882812499999512e-01 -1.031149414062499936e+00 -3.295898437500000000e+00 4.389648437500000000e+00 -4.848632812500000000e+00 -4.882812500000000000e-03 9.755859375000000000e-01
4.114941406250000044e-01 9.616699218750000000e-01 8.743164062499999556e-01 4.181640625000000028e-02 9.829882812500000400e-01 -1.864149414062500121e+00 1.704101562500000000e+00 -6.103515625000000000e-01 1.513671875000000000e-01 4.995117187500000000e+00 1.975585937500000000e+00
3.164941406250000311e-01 5.866699218750000000e-01 7.843164062500000977e-01 5.181640625000000222e-02 1.032988281249999973e+00 -6.146494140625000657e-01 4.204101562500000000e+00 1.889648437500000000e+00 -2.348632812500000000e+00 2.495117187500000000e+00 4.755859375000000000e-01
1.264941406250000011e-01 8.366699218750000000e-01 6.043164062500000488e-01 3.181640624999999833e-02 9.329882812499999956e-01 -1.447649414062500028e+00 -7.958984375000000000e-01 -3.110351562500000000e+00 2.651367187500000000e+00 -2.504882812500000000e+00 1.475585937500000000e+00
1.294628906249999933e-01 5.124511718750000000e-01 7.758789062500000000e-01 4.650390625000000444e-02 1.003300781250000107e+00 -1.330508789062500030e+00 1.938476562500000000e+00 -1.000976562500000000e+00 -5.517578125000000000e-01 2.104492187500000000e+00 7.412109375000000000e-01
3.194628906249999956e-01 7.624511718750000000e-01 5.958789062500000622e-01 6.650390625000000833e-02 9.033007812500000178e-01 -4.975087890625000675e-01 -3.061523437500000000e+00 3.999023437500000000e+00 4.448242187500000000e+00 -2.895507812500000000e+00 1.741210937500000000e+00
4.144628906250000244e-01 6.374511718750000000e-01 6.858789062500000311e-01 3.650390625000000250e-02 9.533007812500000622e-01 -1.747008789062499901e+00 -5.615234375000000000e-01 -3.500976562500000000e+00 -3.051757812500000000e+00 -3.955078125000000000e-01 2.412109375000000000e-01
2.244628906249999944e-01 8.874511718750000000e-01 8.658789062500000799e-01 5.650390624999999944e-02 1.053300781250000151e+00 -9.140087890624999378e-01 4.438476562500000000e+00 1.499023437500000000e+00 1.948242187500000000e+00 4.604492187500000000e+00 1.241210937500000000e+00
2.719628906250000089e-01 6.999511718750000000e-01 5.508789062500000222e-01 4.150390625000000000e-02 9.283007812500000400e-01 -1.122258789062499984e+00 6.884765625000000000e-01 2.749023437500000000e+00 -1.801757812500000000e+00 -1.645507812500000000e+00 4.912109375000000000e-01
4.619628906250000111e-01 9.499511718750000000e-01 7.308789062500000711e-01 6.150390625000000389e-02 1.028300781250000018e+00 -1.955258789062499947e+00 -4.311523437500000000e+00 -2.250976562500000000e+00 3.198242187500000000e+00 3.354492187500000000e+00 1.491210937500000000e+00
3.669628906249999822e-01 5.749511718750000000e-01 8.208789062500000400e-01 3.150390624999999806e-02 9.783007812499999734e-01 -7.057587890625001137e-01 -1.811523437500000000e+00 2.490234375000000000e-01 -4.301757812500000000e+00 8.544921875000000000e-01 9.912109375000000000e-01
1.769628906249999800e-01 8.249511718750000000e-01 6.408789062499999911e-01 5.150390625000000194e-02 8.783007812499999956e-01 -1.538758789062500076e+00 3.188476562500000000e+00 -4.750976562500000000e+00 6.982421875000000000e-01 -4.145507812500000000e+00 1.991210937500000000e+00
2.007128906250000011e-01 6.687011718750000000e-01 8.883789062500000444e-01 6.400390625000000611e-02 9.158007812499999734e-01 -1.434633789062500053e+00 1.313476562500000000e+00 8.740234375000000000e-01 -2.426757812500000000e+00 1.479492187500000000e+00 1.866210937500000000e+00
3.907128906249999756e-01 9.187011718750000000e-01 7.083789062500001066e-01 4.400390625000000222e-02 1.015800781250000062e+00 -6.016337890625000906e-01 -3.686523437500000000e+00 -4.125976562500000000e+00 2.573242187500000000e+00 -3.520507812500000000e+00 8.662109375000000000e-01
4.857128906250000044e-01 5.437011718750000000e-01 6.183789062500000266e-01 5.400390625000000416e-02 1.065800781250000107e+00 -1.851133789062499924e+00 -1.186523437500000000e+00 3.374023437500000000e+00 -4.926757812500000000e+00 -1.020507812500000000e+00 1.366210937500000000e+00
2.957128906250000022e-01 7.937011718750000000e-01 7.983789062500000755e-01 3.400390625000000028e-02 9.658007812500000178e-01 -1.018133789062499961e+00 3.813476562500000000e+00 -1.625976562500000000e+00 7.324218750000000000e-02 3.979492187500000000e+00 3.662109375000000000e-01
2.482128906249999878e-01 6.062011718750000000e-01 6.633789062500000666e-01 6.900390624999999667e-02 1.040800781249999973e+00 -8.098837890625001368e-01 6.347656250000000000e-02 -2.875976562500000000e+00 -1.176757812500000000e+00 -2.270507812500000000e+00 1.116210937500000000e+00
4.382128906250000178e-01 8.562011718750000000e-01 8.433789062500001155e-01 4.900390625000000666e-02 9.408007812499999956e-01 -1.642883789062500099e+00 -4.936523437500000000e+00 2.124023437500000000e+00 3.823242187500000000e+00 2.729492187500000000e+00 1.162109375000000000e-01
3.432128906249999889e-01 7.312011718750000000e-01 7.533789062500000355e-01 5.900390625000000167e-02 8.908007812499999512e-01 -3.933837890625000444e-01 -2.436523437500000000e+00 -3.759765625000000000e-01 -3.676757812500000000e+00 2.294921875000000000e-01 1.616210937500000000e+00
1.532128906249999867e-01 9.812011718750000000e-01 5.733789062500000977e-01 3.900390624999999778e-02 9.908007812500000400e-01 -1.226383789062500007e+00 2.563476562500000000e+00 4.624023437500000000e+00 1.323242187500000000e+00 -4.770507812500000000e+00 6.162109375000000000e-01
1.650878906250000111e-01 7.468261718750000000e-01 7.196289062500000888e-01 3.025390625000000042e-02 1.047050781250000062e+00 -1.590821289062499977e+00 -2.749023437500000000e+00 2.436523437500000000e+00 2.260742187500000000e+00 3.666992187500000000e+00 4.287109375000000000e-01
3.550878906250000133e-01 9.968261718750000000e-01 8.996289062500000266e-01 5.025390625000000777e-02 9.470507812499999734e-01 -7.578212890625000142e-01 2.250976562500000000e+00 -2.563476562500000000e+00 -2.739257812500000000e+00 -1.333007812500000000e+00 1.428710937500000000e+00
4.500878906249999867e-01 6.218261718750000000e-01 8.096289062500000577e-01 4.025390624999999889e-02 8.970507812500000400e-01 -1.174321289062500107e+00 4.750976562500000000e+00 4.936523437500000000e+00 4.760742187500000000e+00 -3.833007812500000000e+00 9.287109375000000000e-01
2.600878906249999845e-01 8.718261718750000000e-01 6.296289062500000089e-01 6.025390625000000278e-02 9.970507812500000178e-01 -3.413212890625001439e-01 -2.490234375000000000e-01 -6.347656250000000000e-02 -2.392578125000000000e-01 1.166992187500000000e+00 1.928710937500000000e+00
3.075878906250000266e-01 5.593261718750000000e-01 8.546289062500000977e-01 3.525390625000000139e-02 8.720507812500000178e-01 -5.495712890624999680e-01 -3.999023437500000000e+00 -3.813476562500000000e+00 1.010742187500000000e+00 -2.583007812500000000e+00 6.787109375000000000e-01
4.975878906249999734e-01 8.093261718750000000e-01 6.746289062500000488e-01 5.525390625000000527e-02 9.720507812499999956e-01 -1.382571289062500153e+00 1.000976562500000000e+00 1.186523437500000000e+00 -3.989257812500000000e+00 2.416992187500000000e+00 1.678710937500000000e+00
4.025878906250000000e-01 6.843261718750000000e-01 5.846289062500000799e-01 4.525390625000000333e-02 1.022050781249999929e+00 -9.660712890625000604e-01 3.500976562500000000e+00 -1.313476562500000000e+00 3.510742187500000000e+00 4.916992187500000000e+00 1.787109375000000000e-01
2.125878906249999978e-01 9.343261718750000000e-01 7.646289062500000178e-01 6.525390625000000722e-02 9.220507812500000622e-01 -1.799071289062500023e+00 -1.499023437500000000e+00 3.686523437500000000e+00 -1.489257812500000000e+00 -8.300781250000000000e-02 1.178710937500000000e+00
1.888378906250000044e-01 5.905761718750000000e-01 6.071289062500000444e-01 5.775390625000000056e-02 9.595507812500000400e-01 -1.903196289062500046e+00 -3.374023437500000000e+00 -1.938476562500000000e+00 3.857421875000000000e-01 3.041992187500000000e+00 1.053710937500000000e+00
3.788378906250000067e-01 8.405761718750000000e-01 7.871289062499999822e-01 3.775390624999999667e-02 1.059550781250000018e+00 -1.070196289062500083e+00 1.625976562500000000e+00 3.061523437500000000e+00 -4.614257812500000000e+00 -1.958007812500000000e+00 5.371093750000000000e-02
4.738378906249999800e-01 7.155761718750000000e-01 8.771289062500000622e-01 6.775390625000000944e-02 1.009550781249999973e+00 -1.486696289062499954e+00 4.125976562500000000e+00 -4.438476562500000000e+00 2.885742187500000000e+00 -4.458007812500000000e+00 1.553710937500000000e+00
2.838378906249999778e-01 9.655761718750000000e-01 6.971289062500000133e-01 4.775390625000000555e-02 9.095507812499999956e-01 -6.536962890624999911e-01 -8.740234375000000000e-01 5.615234375000000000e-01 -2.114257812500000000e+00 5.419921875000000000e-01 5.537109375000000000e-01
2.363378906249999911e-01 6.530761718750000000e-01 7.421289062500000533e-01 5.275390625000000305e-02 9.845507812500000622e-01 -4.454462890625001670e-01 -4.624023437500000000e+00 4.311523437500000000e+00 1.635742187500000000e+00 -3.208007812500000000e+00 1.803710937500000000e+00
4.263378906249999933e-01 9.030761718750000000e-01 5.621289062500000044e-01 3.275390624999999917e-02 8.845507812499999734e-01 -1.278446289062499908e+00 3.759765625000000000e-01 -6.884765625000000000e-01 -3.364257812500000000e+00 1.791992187500000000e+00 8.037109375000000000e-01
3.313378906249999645e-01 5.280761718750000000e-01 6.521289062500000844e-01 6.275390625000000500e-02 9.345507812500000178e-01 -8.619462890625000373e-01 2.875976562500000000e+00 1.811523437500000000e+00 4.135742187500000000e+00 4.291992187500000000e+00 1.303710937500000000e+00
1.413378906249999900e-01 7.780761718750000000e-01 8.321289062500000222e-01 4.275390625000000111e-02 1.034550781250000107e+00 -1.694946289062500000e+00 -2.124023437500000000e+00 -3.188476562500000000e+00 -8.642578125000000000e-01 -7.080078125000000000e-01 3.037109375000000000e-01
1.354003906250000056e-01 6.296386718750000000e-01 6.352539062500000000e-01 6.962890625000001110e-02 8.939257812499999956e-01 -7.317900390625000639e-01 4.594726562500000000e+00 2.905273437500000000e+00 3.979492187500000000e+00 2.260742187500000000e+00 8.349609375000000000e-01
3.254003906250000355e-01 8.796386718750000000e-01 8.152539062500000488e-01 4.962890625000000722e-02 9.939257812500000844e-01 -1.564790039062500027e+00 -4.052734375000000000e-01 -2.094726562500000000e+00 -1.020507812500000000e+00 -2.739257812500000000e+00 1.834960937500000000e+00
4.204003906250000089e-01 5.046386718750000000e-01 9.052539062500000178e-01 5.962890625000000222e-02 1.043925781250000018e+00 -1.148290039062500156e+00 -2.905273437500000000e+00 4.052734375000000000e-01 1.479492187500000000e+00 -2.392578125000000000e-01 3.349609375000000000e-01
2.304003906250000067e-01 7.546386718750000000e-01 7.252539062500000799e-01 3.962890624999999833e-02 9.439257812500000400e-01 -1.981290039062499897e+00 2.094726562500000000e+00 -4.594726562500000000e+00 -3.520507812500000000e+00 4.760742187500000000e+00 1.334960937500000000e+00
2.779003906249999933e-01 5.671386718750000000e-01 7.702539062500000089e-01 6.462890625000000666e-02 1.068925781250000151e+00 -1.773040039062500073e+00 3.344726562500000000e+00 -8.447265625000000000e-01 2.729492187500000000e+00 -1.489257812500000000e+00 8.496093750000000000e-02
4.679003906249999956e-01 8.171386718750000000e-01 5.902539062500000711e-01 4.462890625000000278e-02 9.689257812500000622e-01 -9.400400390625001101e-01 -1.655273437500000000e+00 4.155273437500000000e+00 -2.270507812500000000e+00 3.510742187500000000e+00 1.084960937500000000e+00
3.729003906250000222e-01 6.921386718750000000e-01 6.802539062500000400e-01 5.462890625000000472e-02 9.189257812500000178e-01 -1.356540039062499980e+00 -4.155273437500000000e+00 -3.344726562500000000e+00 2.294921875000000000e-01 1.010742187500000000e+00 5.849609375000000000e-01
1.829003906249999922e-01 9.421386718750000000e-01 8.602539062500000888e-01 3.462890625000000083e-02 1.018925781250000107e+00 -5.235400390625000178e-01 8.447265625000000000e-01 1.655273437500000000e+00 -4.770507812500000000e+00 -3.989257812500000000e+00 1.584960937500000000e+00
2.066503906250000133e-01 5.358886718750000000e-01 7.027539062500000044e-01 4.212890625000000056e-02 9.814257812500000178e-01 -4.194150390624999947e-01 3.969726562500000000e+00 -2.719726562500000000e+00 3.354492187500000000e+00 1.635742187500000000e+00 1.709960937500000000e+00
3.966503906250000155e-01 7.858886718750000000e-01 8.827539062500000533e-01 6.212890625000000444e-02 8.814257812500000400e-01 -1.252415039062499957e+00 -1.030273437500000000e+00 2.280273437500000000e+00 -1.645507812500000000e+00 -3.364257812500000000e+00 7.099609375000000000e-01
4.916503906249999889e-01 6.608886718750000000e-01 7.927539062499999734e-01 3.212890624999999861e-02 9.314257812499999734e-01 -8.359150390625000870e-01 -3.530273437500000000e+00 -2.197265625000000000e-01 8.544921875000000000e-01 -8.642578125000000000e-01 1.209960937500000000e+00
3.016503906249999867e-01 9.108886718750000000e-01 6.127539062500000355e-01 5.212890625000000250e-02 1.031425781250000062e+00 -1.668915039062500050e+00 1.469726562500000000e+00 4.780273437500000000e+00 -4.145507812500000000e+00 4.135742187500000000e+00 2.099609375000000000e-01
2.541503906250000000e-01 7.233886718750000000e-01 8.377539062500000133e-01 4.712890625000000500e-02 9.564257812499999956e-01 -1.877165039062500096e+00 2.719726562500000000e+00 1.030273437500000000e+00 4.604492187500000000e+00 -2.114257812500000000e+00 1.459960937500000000e+00
4.441503906250000022e-01 9.733886718750000000e-01 6.577539062500000755e-01 6.712890625000000888e-02 1.056425781249999973e+00 -1.044165039062499911e+00 -2.280273437500000000e+00 -3.969726562500000000e+00 -3.955078125000000000e-01 2.885742187500000000e+00 4.599609375000000000e-01
3.491503906249999734e-01 5.983886718750000000e-01 5.677539062499999956e-01 3.712890625000000305e-02 1.006425781249999929e+00 -1.460665039062500004e+00 -4.780273437500000000e+00 3.530273437500000000e+00 2.104492187500000000e+00 3.857421875000000000e-01 1.959960937500000000e+00
1.591503906249999989e-01 8.483886718750000000e-01 7.477539062500000444e-01 5.712890625000000000e-02 9.064257812500000622e-01 -6.276650390625000409e-01 2.197265625000000000e-01 -1.469726562500000000e+00 -2.895507812500000000e+00 -4.614257812500000000e+00 9.599609375000000000e-01
1.472753906250000022e-01 6.140136718750000000e-01 8.715039062500000711e-01 5.337890625000000361e-02 9.376757812500000622e-01 -9.921025390625000107e-01 -9.277343750000000000e-02 -4.282226562500000000e+00 -3.208007812500000000e+00 3.198242187500000000e+00 2.246093750000000000e-02
3.372753906250000044e-01 8.640136718750000000e-01 6.915039062500000222e-01 3.337890624999999972e-02 1.037675781249999929e+00 -1.825102539062499973e+00 4.907226562500000000e+00 7.177734375000000000e-01 1.791992187500000000e+00 -1.801757812500000000e+00 1.022460937500000000e+00
4.322753906249999778e-01 7.390136718750000000e-01 6.015039062500000533e-01 6.337890625000000555e-02 9.876757812499999956e-01 -5.756025390625001403e-01 2.407226562500000000e+00 -1.782226562500000000e+00 -7.080078125000000000e-01 -4.301757812500000000e+00 5.224609375000000000e-01
2.422753906250000033e-01 9.890136718750000000e-01 7.815039062499999911e-01 4.337890625000000167e-02 8.876757812500000178e-01 -1.408602539062500103e+00 -2.592773437500000000e+00 3.217773437500000000e+00 4.291992187500000000e+00 6.982421875000000000e-01 1.522460937500000000e+00
2.897753906250000178e-01 6.765136718750000000e-01 6.465039062499999822e-01 5.837890625000000111e-02 1.012675781250000018e+00 -1.200352539062500057e+00 -1.342773437500000000e+00 1.967773437500000000e+00 -4.458007812500000000e+00 -3.051757812500000000e+00 7.724609375000000000e-01
4.797753906250000200e-01 9.265136718750000000e-01 8.265039062500000311e-01 3.837890624999999722e-02 9.126757812500000400e-01 -3.673525390625000941e-01 3.657226562500000000e+00 -3.032226562500000000e+00 5.419921875000000000e-01 1.948242187500000000e+00 1.772460937500000000e+00
3.847753906249999911e-01 5.515136718750000000e-01 7.365039062500000622e-01 6.837890625000000999e-02 9.626757812499999734e-01 -1.616852539062500149e+00 1.157226562500000000e+00 4.467773437500000000e+00 -1.958007812500000000e+00 4.448242187500000000e+00 2.724609375000000000e-01
1.947753906249999889e-01 8.015136718750000000e-01 5.565039062500000133e-01 4.837890625000000611e-02 1.062675781250000062e+00 -7.838525390624999645e-01 -3.842773437500000000e+00 -5.322265625000000000e-01 3.041992187500000000e+00 -5.517578125000000000e-01 1.272460937500000000e+00
1.710253906249999956e-01 7.077636718750000000e-01 8.040039062499999556e-01 3.587890625000000194e-02 1.025175781249999973e+00 -8.879775390624999876e-01 -7.177734375000000000e-01 3.842773437500000000e+00 -3.833007812500000000e+00 2.573242187500000000e+00 1.397460937500000000e+00
3.610253906249999978e-01 9.577636718750000000e-01 6.240039062500000178e-01 5.587890624999999889e-02 9.251757812499999956e-01 -1.720977539062499950e+00 4.282226562500000000e+00 -1.157226562500000000e+00 1.166992187500000000e+00 -2.426757812500000000e+00 3.974609375000000000e-01
4.560253906250000266e-01 5.827636718750000000e-01 7.140039062500000977e-01 4.587890625000000389e-02 8.751757812499999512e-01 -4.714775390625001172e-01 1.782226562500000000e+00 1.342773437500000000e+00 -1.333007812500000000e+00 -4.926757812500000000e+00 1.897460937500000000e+00
2.660253906249999689e-01 8.327636718750000000e-01 8.940039062500000355e-01 6.587890625000000777e-02 9.751757812500000400e-01 -1.304477539062500080e+00 -3.217773437500000000e+00 -3.657226562500000000e+00 3.666992187500000000e+00 7.324218750000000000e-02 8.974609375000000000e-01
2.185253906249999822e-01 5.202636718750000000e-01 5.790039062500000888e-01 3.087890624999999750e-02 9.001757812499999734e-01 -1.512727539062499904e+00 -1.967773437500000000e+00 -2.407226562500000000e+00 -2.583007812500000000e+00 -3.676757812500000000e+00 1.647460937500000000e+00
4.085253906249999845e-01 7.702636718750000000e-01 7.590039062500000266e-01 5.087890625000000139e-02 1.000175781250000062e+00 -6.797275390625001634e-01 3.032226562500000000e+00 2.592773437500000000e+00 2.416992187500000000e+00 1.323242187500000000e+00 6.474609375000000000e-01
3.135253906250000111e-01 6.452636718750000000e-01 8.490039062500001066e-01 4.087890624999999944e-02 1.050175781250000107e+00 -1.929227539062499996e+00 5.322265625000000000e-01 -4.907226562500000000e+00 -8.300781250000000000e-02 3.823242187500000000e+00 1.147460937500000000e+00
1.235253906249999950e-01 8.952636718750000000e-01 6.690039062500000577e-01 6.087890625000000333e-02 9.501757812500000178e-01 -1.096227539062500034e+00 -4.467773437500000000e+00 9.277343750000000000e-02 4.916992187500000000e+00 -1.176757812500000000e+00 1.474609375000000000e-01
1.250097656249999911e-01 6.042480468750000000e-01 5.888476562500000178e-01 4.353515624999999833e-02 1.054082031250000107e+00 -6.211572265625000533e-01 1.274414062500000000e+00 1.616210937500000000e+00 4.565429687500000000e+00 -2.783203125000000000e-01 7.646484375000000000e-01
3.150097656249999933e-01 8.542480468750000000e-01 7.688476562500000666e-01 6.353515625000000222e-02 9.540820312500000178e-01 -1.454157226562500016e+00 -3.725585937500000000e+00 -3.383789062500000000e+00 -4.345703125000000000e-01 4.721679687500000000e+00 1.764648437500000000e+00
4.100097656250000222e-01 7.292480468750000000e-01 8.588476562500000355e-01 3.353515624999999639e-02 9.040820312499999734e-01 -1.037657226562500146e+00 -1.225585937500000000e+00 4.116210937500000000e+00 2.065429687500000000e+00 2.221679687500000000e+00 2.646484375000000000e-01
2.200097656249999922e-01 9.792480468750000000e-01 6.788476562500000977e-01 5.353515625000000722e-02 1.004082031250000062e+00 -1.870657226562499886e+00 3.774414062500000000e+00 -8.837890625000000000e-01 -2.934570312500000000e+00 -2.778320312500000000e+00 1.264648437500000000e+00
2.675097656250000067e-01 6.667480468750000000e-01 8.138476562500001066e-01 4.853515625000000278e-02 8.790820312499999512e-01 -1.662407226562500062e+00 2.441406250000000000e-02 -4.633789062500000000e+00 3.315429687500000000e+00 9.716796875000000000e-01 1.464843750000000000e-02
4.575097656250000089e-01 9.167480468750000000e-01 6.338476562500000577e-01 6.853515625000000666e-02 9.790820312500000400e-01 -8.294072265625000995e-01 -4.975585937500000000e+00 3.662109375000000000e-01 -1.684570312500000000e+00 -4.028320312500000000e+00 1.014648437500000000e+00
3.625097656250000355e-01 5.417480468750000000e-01 7.238476562500000266e-01 3.853515625000000083e-02 1.029082031249999973e+00 -1.245907226562500192e+00 -2.475585937500000000e+00 -2.133789062500000000e+00 8.154296875000000000e-01 -1.528320312500000000e+00 5.146484375000000000e-01
1.725097656250000056e-01 7.917480468750000000e-01 9.038476562499999645e-01 5.853515625000000472e-02 9.290820312499999956e-01 -4.129072265625000071e-01 2.524414062500000000e+00 2.866210937500000000e+00 -4.184570312500000000e+00 3.471679687500000000e+00 1.514648437500000000e+00
1.962597656249999989e-01 6.979980468750000000e-01 6.563476562500000222e-01 6.603515625000000444e-02 9.665820312499999734e-01 -5.170322265625000302e-01 1.899414062500000000e+00 -1.508789062500000000e+00 2.690429687500000000e+00 -9.033203125000000000e-01 1.639648437500000000e+00
3.862597656249999734e-01 9.479980468750000000e-01 8.363476562500000711e-01 4.603515625000000056e-02 1.066582031250000062e+00 -1.350032226562499993e+00 -3.100585937500000000e+00 3.491210937500000000e+00 -2.309570312500000000e+00 4.096679687500000000e+00 6.396484375000000000e-01
4.812597656250000022e-01 5.729980468750000000e-01 7.463476562499999911e-01 5.603515625000000250e-02 1.016582031250000018e+00 -9.335322265625001226e-01 -6.005859375000000000e-01 -4.008789062500000000e+00 1.904296875000000000e-01 1.596679687500000000e+00 1.139648437500000000e+00
2.912597656250000000e-01 8.229980468750000000e-01 5.663476562500000533e-01 3.603515624999999861e-02 9.165820312500000400e-01 -1.766532226562500085e+00 4.399414062500000000e+00 9.912109375000000000e-01 -4.809570312500000000e+00 -3.403320312500000000e+00 1.396484375000000000e-01
2.437597656250000133e-01 5.104980468750000000e-01 8.813476562500000000e-01 6.103515625000000000e-02 9.915820312499999956e-01 -1.974782226562499909e+00 6.494140625000000000e-01 4.741210937500000000e+00 3.940429687500000000e+00 3.466796875000000000e-01 1.389648437500000000e+00
4.337597656250000155e-01 7.604980468750000000e-01 7.013476562500000622e-01 4.103515625000000305e-02 8.915820312500000178e-01 -1.141782226562499947e+00 -4.350585937500000000e+00 -2.587890625000000000e-01 -1.059570312500000000e+00 -4.653320312500000000e+00 3.896484375000000000e-01
3.387597656249999867e-01 6.354980468750000000e-01 6.113476562500000933e-01 5.103515625000000500e-02 9.415820312500000622e-01 -1.558282226562500039e+00 -1.850585937500000000e+00 2.241210937500000000e+00 1.440429687500000000e+00 -2.153320312500000000e+00 1.889648437500000000e+00
1.487597656249999845e-01 8.854980468750000000e-01 7.913476562500000311e-01 3.103515624999999764e-02 1.041582031249999929e+00 -7.252822265625000764e-01 3.149414062500000000e+00 -2.758789062500000000e+00 -3.559570312500000000e+00 2.846679687500000000e+00 8.896484375000000000e-01
1.606347656250000089e-01 6.511230468750000000e-01 8.250976562500000888e-01 3.978515625000000194e-02 9.978320312499999734e-01 -1.089719726562500046e+00 -3.413085937500000000e+00 -5.712890625000000000e-01 -2.622070312500000000e+00 -4.340820312500000000e+00 7.714843750000000000e-02
3.506347656250000111e-01 9.011230468750000000e-01 6.450976562500000400e-01 5.978515625000000583e-02 8.978320312499999956e-01 -1.922719726562500009e+00 1.586914062500000000e+00 4.428710937500000000e+00 2.377929687500000000e+00 6.591796875000000000e-01 1.077148437500000000e+00
4.456347656249999845e-01 5.261230468750000000e-01 5.550976562500000711e-01 4.978515625000000389e-02 9.478320312500000400e-01 -6.732197265624999538e-01 4.086914062500000000e+00 -3.071289062500000000e+00 -1.220703125000000000e-01 3.159179687500000000e+00 5.771484375000000000e-01
2.556347656249999822e-01 7.761230468750000000e-01 7.350976562500000089e-01 6.978515625000000777e-02 1.047832031250000018e+00 -1.506219726562500139e+00 -9.130859375000000000e-01 1.928710937500000000e+00 4.877929687500000000e+00 -1.840820312500000000e+00 1.577148437500000000e+00
3.031347656249999689e-01 5.886230468750000000e-01 6.900976562500000799e-01 3.478515624999999750e-02 9.228320312500000178e-01 -1.297969726562500092e+00 -4.663085937500000000e+00 3.178710937500000000e+00 -3.872070312500000000e+00 4.409179687500000000e+00 8.271484375000000000e-01
4.931347656250000266e-01 8.386230468750000000e-01 8.700976562500000178e-01 5.478515625000000833e-02 1.022832031250000107e+00 -4.649697265625001297e-01 3.369140625000000000e-01 -1.821289062500000000e+00 1.127929687500000000e+00 -5.908203125000000000e-01 1.827148437500000000e+00
3.981347656249999978e-01 7.136230468750000000e-01 7.800976562500000488e-01 4.478515624999999944e-02 9.728320312500000622e-01 -1.714469726562499963e+00 2.836914062500000000e+00 6.787109375000000000e-01 -1.372070312500000000e+00 -3.090820312500000000e+00 3.271484375000000000e-01
2.081347656249999956e-01 9.636230468750000000e-01 6.000976562500000000e-01 6.478515625000000333e-02 8.728320312499999734e-01 -8.814697265625000000e-01 -2.163085937500000000e+00 -4.321289062500000000e+00 3.627929687500000000e+00 1.909179687500000000e+00 1.327148437500000000e+00
1.843847656250000022e-01 5.573730468750000000e-01 7.575976562499999734e-01 5.228515625000000611e-02 9.103320312500000622e-01 -7.773447265624999769e-01 -2.788085937500000000e+00 5.371093750000000000e-02 -4.497070312500000000e+00 -4.965820312500000000e+00 1.452148437500000000e+00
3.743847656250000044e-01 8.073730468750000000e-01 5.775976562500000355e-01 3.228515625000000222e-02 1.010332031249999929e+00 -1.610344726562499940e+00 2.211914062500000000e+00 -4.946289062500000000e+00 5.029296875000000000e-01 3.417968750000000000e-02 4.521484375000000000e-01
4.693847656249999778e-01 6.823730468750000000e-01 6.675976562500000044e-01 6.228515625000000805e-02 1.060332031249999973e+00 -3.608447265625001066e-01 4.711914062500000000e+00 2.553710937500000000e+00 -1.997070312500000000e+00 2.534179687500000000e+00 1.952148437500000000e+00
2.793847656250000311e-01 9.323730468750000000e-01 8.475976562500000533e-01 4.228515624999999722e-02 9.603320312499999956e-01 -1.193844726562500069e+00 -2.880859375000000000e-01 -2.446289062500000000e+00 3.002929687500000000e+00 -2.465820312500000000e+00 9.521484375000000000e-01
2.318847656249999889e-01 7.448730468750000000e-01 6.225976562500000755e-01 5.728515625000000361e-02 1.035332031250000062e+00 -1.402094726562499893e+00 -4.038085937500000000e+00 -3.696289062500000000e+00 -3.247070312500000000e+00 3.784179687500000000e+00 1.702148437500000000e+00
4.218847656249999911e-01 9.948730468750000000e-01 8.025976562500000133e-01 3.728515624999999972e-02 9.353320312499999734e-01 -5.690947265625001528e-01 9.619140625000000000e-01 1.303710937500000000e+00 1.752929687500000000e+00 -1.215820312500000000e+00 7.021484375000000000e-01
3.268847656250000178e-01 6.198730468750000000e-01 8.925976562499999822e-01 6.728515625000000555e-02 8.853320312500000400e-01 -1.818594726562499986e+00 3.461914062500000000e+00 -1.196289062500000000e+00 -7.470703125000000000e-01 -3.715820312500000000e+00 1.202148437500000000e+00
1.368847656249999878e-01 8.698730468750000000e-01 7.125976562500000444e-01 4.728515625000000167e-02 9.853320312500000178e-01 -9.855947265625000231e-01 -1.538085937500000000e+00 3.803710937500000000e+00 4.252929687500000000e+00 1.284179687500000000e+00 2.021484375000000000e-01
1.428222656250000000e-01 7.214355468750000000e-01 7.407226562500000000e-01 6.041015625000000638e-02 9.447070312499999956e-01 -1.219875976562500020e+00 3.930664062500000000e+00 -4.790039062500000000e+00 -1.215820312500000000e+00 -4.345703125000000000e-01 6.708984375000000000e-01
3.328222656250000022e-01 9.714355468750000000e-01 5.607226562500000622e-01 4.041015625000000250e-02 1.044707031249999973e+00 -3.868759765625000568e-01 -1.069335937500000000e+00 2.099609375000000000e-01 3.784179687500000000e+00 4.565429687500000000e+00 1.670898437500000000e+00
4.278222656249999756e-01 5.964355468750000000e-01 6.507226562500000311e-01 5.041015625000000444e-02 9.947070312500000400e-01 -1.636375976562499890e+00 -3.569335937500000000e+00 -2.290039062500000000e+00 -3.715820312500000000e+00 2.065429687500000000e+00 1.708984375000000000e-01
2.378222656250000011e-01 8.464355468750000000e-01 8.307226562500000799e-01 3.041015625000000056e-02 8.947070312499999512e-01 -8.033759765625001492e-01 1.430664062500000000e+00 2.709960937500000000e+00 1.284179687500000000e+00 -2.934570312500000000e+00 1.170898437500000000e+00
2.853222656249999600e-01 5.339355468750000000e-01 6.057226562499999911e-01 6.541015625000000389e-02 1.019707031250000062e+00 -1.011625976562500195e+00 2.680664062500000000e+00 1.459960937500000000e+00 -2.465820312500000000e+00 8.154296875000000000e-01 4.208984375000000000e-01
4.753222656250000178e-01 7.839355468750000000e-01 7.857226562500000400e-01 4.541015625000000000e-02 9.197070312499999734e-01 -1.844625976562499936e+00 -2.319335937500000000e+00 -3.540039062500000000e+00 2.534179687500000000e+00 -4.184570312500000000e+00 1.420898437500000000e+00
3.803222656249999889e-01 6.589355468750000000e-01 8.757226562500000089e-01 5.541015625000000888e-02 9.697070312500000178e-01 -5.951259765625001030e-01 -4.819335937500000000e+00 3.959960937500000000e+00 -4.965820312500000000e+00 -1.684570312500000000e+00 9.208984375000000000e-01
1.903222656249999867e-01 9.089355468750000000e-01 6.957226562500000711e-01 3.541015624999999806e-02 1.069707031250000107e+00 -1.428125976562500066e+00 1.806640625000000000e-01 -1.040039062500000000e+00 3.417968750000000000e-02 3.315429687500000000e+00 1.920898437500000000e+00
2.140722656249999800e-01 5.651855468750000000e-01 8.532226562500000444e-01 4.791015625000000222e-02 1.032207031250000018e+00 -1.532250976562500089e+00 4.555664062500000000e+00 4.584960937500000000e+00 -1.840820312500000000e+00 -1.059570312500000000e+00 1.795898437500000000e+00
4.040722656249999822e-01 8.151855468750000000e-01 6.732226562499999956e-01 6.791015625000000611e-02 9.322070312500000400e-01 -6.992509765625001261e-01 -4.443359375000000000e-01 -4.150390625000000000e-01 3.159179687500000000e+00 3.940429687500000000e+00 7.958984375000000000e-01
4.990722656250000111e-01 6.901855468750000000e-01 5.832226562500000266e-01 3.791015625000000028e-02 8.822070312499999956e-01 -1.948750976562499959e+00 -2.944335937500000000e+00 2.084960937500000000e+00 -4.340820312500000000e+00 1.440429687500000000e+00 1.295898437500000000e+00
3.090722656250000089e-01 9.401855468750000000e-01 7.632226562500000755e-01 5.791015625000000416e-02 9.822070312499999734e-01 -1.115750976562499996e+00 2.055664062500000000e+00 -2.915039062500000000e+00 6.591796875000000000e-01 -3.559570312500000000e+00 2.958984375000000000e-01
2.615722656250000222e-01 6.276855468750000000e-01 7.182226562500000355e-01 4.291015624999999778e-02 9.072070312500000178e-01 -9.075009765624999503e-01 3.305664062500000000e+00 -1.665039062500000000e+00 -5.908203125000000000e-01 1.904296875000000000e-01 1.045898437500000000e+00
4.515722656250000244e-01 8.776855468750000000e-01 8.982226562499999734e-01 6.291015625000001554e-02 1.007207031250000107e+00 -1.740500976562500135e+00 -1.694335937500000000e+00 3.334960937500000000e+00 4.409179687500000000e+00 -4.809570312500000000e+00 4.589843750000000000e-02
3.565722656249999956e-01 5.026855468750000000e-01 8.082226562500001155e-01 3.291015625000000278e-02 1.057207031250000151e+00 -4.910009765625000799e-01 -4.194335937500000000e+00 -4.165039062500000000e+00 -3.090820312500000000e+00 -2.309570312500000000e+00 1.545898437500000000e+00
1.665722656249999933e-01 7.526855468750000000e-01 6.282226562500000666e-01 5.291015625000000666e-02 9.572070312500000622e-01 -1.324000976562500043e+00 8.056640625000000000e-01 8.349609375000000000e-01 1.909179687500000000e+00 2.690429687500000000e+00 5.458984375000000000e-01
1.546972656249999967e-01 5.183105468750000000e-01 6.844726562500000888e-01 5.666015625000000305e-02 8.884570312499999734e-01 -1.688438476562500012e+00 -7.568359375000000000e-01 3.647460937500000000e+00 1.596679687500000000e+00 -3.872070312500000000e+00 4.833984375000000000e-01
3.446972656250000266e-01 7.683105468750000000e-01 8.644726562500000266e-01 3.666015624999999917e-02 9.884570312500000622e-01 -8.554384765625000497e-01 4.243164062500000000e+00 -1.352539062500000000e+00 -3.403320312500000000e+00 1.127929687500000000e+00 1.483398437500000000e+00
4.396972656250000000e-01 6.433105468750000000e-01 7.744726562500000577e-01 6.666015625000000500e-02 1.038457031250000107e+00 -1.271938476562500142e+00 1.743164062500000000e+00 1.147460937500000000e+00 4.096679687500000000e+00 3.627929687500000000e+00 9.833984375000000000e-01
2.496972656249999978e-01 8.933105468750000000e-01 5.944726562500000089e-01 4.666015625000000111e-02 9.384570312500000178e-01 -4.389384765625001794e-01 -3.256835937500000000e+00 -3.852539062500000000e+00 -9.033203125000000000e-01 -1.372070312500000000e+00 1.983398437500000000e+00
2.971972656249999845e-01 7.058105468750000000e-01 9.094726562499999556e-01 5.166015625000000555e-02 1.063457031250000018e+00 -6.471884765625000036e-01 -2.006835937500000000e+00 -1.025390625000000000e-01 3.466796875000000000e-01 4.877929687500000000e+00 7.333984375000000000e-01
4.871972656249999867e-01 9.558105468750000000e-01 7.294726562500000178e-01 3.166015625000000167e-02 9.634570312500000400e-01 -1.480188476562500188e+00 2.993164062500000000e+00 4.897460937500000000e+00 -4.653320312500000000e+00 -1.220703125000000000e-01 1.733398437500000000e+00
3.921972656250000133e-01 5.808105468750000000e-01 6.394726562500000488e-01 6.166015625000000749e-02 9.134570312499999956e-01 -1.063688476562500096e+00 4.931640625000000000e-01 -2.602539062500000000e+00 2.846679687500000000e+00 -2.622070312500000000e+00 2.333984375000000000e-01
2.021972656250000111e-01 8.308105468750000000e-01 8.194726562500000977e-01 4.166015625000000361e-02 1.013457031249999973e+00 -1.896688476562500059e+00 -4.506835937500000000e+00 2.397460937500000000e+00 -2.153320312500000000e+00 2.377929687500000000e+00 1.233398437500000000e+00
1.784472656249999900e-01 6.745605468750000000e-01 5.719726562500000444e-01 3.416015624999999695e-02 9.759570312499999956e-01 -1.792563476562500036e+00 -1.318359375000000000e-01 -3.227539062500000000e+00 9.716796875000000000e-01 -4.497070312500000000e+00 1.108398437500000000e+00
3.684472656249999645e-01 9.245605468750000000e-01 7.519726562499999822e-01 5.416015625000000777e-02 8.759570312500000178e-01 -9.595634765625000728e-01 4.868164062500000000e+00 1.772460937500000000e+00 -4.028320312500000000e+00 5.029296875000000000e-01 1.083984375000000000e-01
4.634472656249999933e-01 5.495605468750000000e-01 8.419726562500000622e-01 4.416015624999999889e-02 9.259570312500000622e-01 -1.376063476562499943e+00 2.368164062500000000e+00 -7.275390625000000000e-01 3.471679687500000000e+00 3.002929687500000000e+00 1.608398437500000000e+00
2.734472656249999911e-01 7.995605468750000000e-01 6.619726562500000133e-01 6.416015625000000278e-02 1.025957031249999929e+00 -5.430634765624999805e-01 -2.631835937500000000e+00 4.272460937500000000e+00 -1.528320312500000000e+00 -1.997070312500000000e+00 6.083984375000000000e-01
2.259472656250000044e-01 6.120605468750000000e-01 7.969726562500000222e-01 3.916015625000000139e-02 9.509570312499999734e-01 -3.348134765625001563e-01 -1.381835937500000000e+00 5.224609375000000000e-01 2.221679687500000000e+00 4.252929687500000000e+00 1.858398437500000000e+00
4.159472656250000067e-01 8.620605468750000000e-01 6.169726562500000844e-01 5.916015625000000527e-02 1.050957031250000062e+00 -1.167813476562499897e+00 3.618164062500000000e+00 -4.477539062500000000e+00 -2.778320312500000000e+00 -7.470703125000000000e-01 8.583984375000000000e-01
3.209472656249999778e-01 7.370605468750000000e-01 7.069726562500000533e-01 4.916015625000000333e-02 1.000957031250000018e+00 -7.513134765625000266e-01 1.118164062500000000e+00 3.022460937500000000e+00 4.721679687500000000e+00 -3.247070312500000000e+00 1.358398437500000000e+00
1.309472656250000033e-01 9.870605468750000000e-01 8.869726562499999911e-01 6.916015625000000722e-02 9.009570312500000400e-01 -1.584313476562499989e+00 -3.881835937500000000e+00 -1.977539062500000000e+00 -2.783203125000000000e-01 1.752929687500000000e+00 3.583984375000000000e-01
1.279785156249999833e-01 6.628417968750000000e-01 6.985351562500000666e-01 5.384765625000000056e-02 1.043144531250000062e+00 -1.909704101562500034e+00 2.758789062500000000e+00 -3.930664062500000000e+00 2.924804687500000000e+00 -3.481445312500000000e+00 1.624023437500000000e+00
3.179785156250000133e-01 9.128417968750000000e-01 8.785351562500001155e-01 3.384765624999999667e-02 9.431445312499999734e-01 -1.076704101562500071e+00 -2.241210937500000000e+00 1.069335937500000000e+00 -2.075195312500000000e+00 1.518554687500000000e+00 6.240234375000000000e-01
4.129785156249999867e-01 5.378417968750000000e-01 7.885351562500000355e-01 6.384765624999999556e-02 8.931445312500000400e-01 -1.493204101562500163e+00 -4.741210937500000000e+00 -1.430664062500000000e+00 4.248046875000000000e-01 4.018554687500000000e+00 1.124023437500000000e+00
2.229785156249999845e-01 7.878417968750000000e-01 6.085351562500000977e-01 4.384765625000000555e-02 9.931445312500000178e-01 -6.602041015624999787e-01 2.587890625000000000e-01 3.569335937500000000e+00 -4.575195312500000000e+00 -9.814453125000000000e-01 1.240234375000000000e-01
2.704785156250000266e-01 6.003417968750000000e-01 8.335351562499999645e-01 5.884765625000000500e-02 9.181445312500000622e-01 -4.519541015625001545e-01 4.008789062500000000e+00 2.319335937500000000e+00 4.174804687500000000e+00 2.768554687500000000e+00 1.374023437500000000e+00
4.604785156249999734e-01 8.503417968750000000e-01 6.535351562500000266e-01 3.884765625000000111e-02 1.018144531249999929e+00 -1.284954101562500117e+00 -9.912109375000000000e-01 -2.680664062500000000e+00 -8.251953125000000000e-01 -2.231445312500000000e+00 3.740234375000000000e-01
3.654785156250000000e-01 7.253417968750000000e-01 5.635351562500000577e-01 6.884765625000000000e-02 1.068144531249999973e+00 -8.684541015625000249e-01 -3.491210937500000000e+00 4.819335937500000000e+00 1.674804687500000000e+00 -4.731445312500000000e+00 1.874023437500000000e+00
1.754785156249999978e-01 9.753417968750000000e-01 7.435351562500001066e-01 4.884765625000000305e-02 9.681445312499999956e-01 -1.701454101562499988e+00 1.508789062500000000e+00 -1.806640625000000000e-01 -3.325195312500000000e+00 2.685546875000000000e-01 8.740234375000000000e-01
1.992285156249999911e-01 5.065917968750000000e-01 6.310351562500000622e-01 3.634765624999999889e-02 9.306445312500000178e-01 -1.597329101562499964e+00 3.383789062500000000e+00 4.194335937500000000e+00 4.799804687500000000e+00 -2.856445312500000000e+00 9.990234375000000000e-01
3.892285156249999933e-01 7.565917968750000000e-01 8.110351562500000000e-01 5.634765625000000278e-02 1.030644531250000107e+00 -7.643291015625000018e-01 -1.616210937500000000e+00 -8.056640625000000000e-01 -2.001953125000000000e-01 2.143554687500000000e+00 1.999023437500000000e+00
4.842285156250000222e-01 6.315917968750000000e-01 9.010351562500000799e-01 4.634765625000000083e-02 9.806445312500000622e-01 -1.180829101562499872e+00 -4.116210937500000000e+00 1.694335937500000000e+00 2.299804687500000000e+00 4.643554687500000000e+00 4.990234375000000000e-01
2.942285156249999645e-01 8.815917968750000000e-01 7.210351562500000311e-01 6.634765624999999778e-02 8.806445312499999734e-01 -3.478291015625001315e-01 8.837890625000000000e-01 -3.305664062500000000e+00 -2.700195312500000000e+00 -3.564453125000000000e-01 1.499023437500000000e+00
2.467285156250000056e-01 6.940917968750000000e-01 7.660351562500000711e-01 3.134765625000000139e-02 1.005644531249999973e+00 -5.560791015624999556e-01 4.633789062500000000e+00 -2.055664062500000000e+00 3.549804687500000000e+00 3.393554687500000000e+00 2.490234375000000000e-01
4.367285156249999800e-01 9.440917968750000000e-01 5.860351562500000222e-01 5.134765624999999833e-02 9.056445312499999956e-01 -1.389079101562499918e+00 -3.662109375000000000e-01 2.944335937500000000e+00 -1.450195312500000000e+00 -1.606445312500000000e+00 1.249023437500000000e+00
3.417285156250000067e-01 5.690917968750000000e-01 6.760351562499999911e-01 4.134765625000000333e-02 9.556445312500000400e-01 -9.725791015625000480e-01 -2.866210937500000000e+00 -4.555664062500000000e+00 1.049804687500000000e+00 -4.106445312500000000e+00 7.490234375000000000e-01
1.517285156250000044e-01 8.190917968750000000e-01 8.560351562500000400e-01 6.134765625000000722e-02 1.055644531250000018e+00 -1.805579101562500011e+00 2.133789062500000000e+00 4.443359375000000000e-01 -3.950195312500000000e+00 8.935546875000000000e-01 1.749023437500000000e+00
1.636035156250000011e-01 5.847167968750000000e-01 7.997851562500000178e-01 6.759765624999999889e-02 9.868945312500000400e-01 -1.441141601562500041e+00 -1.928710937500000000e+00 2.631835937500000000e+00 -4.887695312500000000e+00 -1.918945312500000000e+00 1.311523437500000000e+00
3.536035156250000311e-01 8.347167968750000000e-01 6.197851562500000799e-01 4.759765625000000194e-02 8.868945312499999512e-01 -6.081416015625000782e-01 3.071289062500000000e+00 -2.368164062500000000e+00 1.123046875000000000e-01 3.081054687500000000e+00 3.115234375000000000e-01
4.486035156250000044e-01 7.097167968750000000e-01 7.097851562500000488e-01 5.759765625000000389e-02 9.368945312499999956e-01 -1.857641601562499911e+00 5.712890625000000000e-01 1.318359375000000000e-01 -2.387695312500000000e+00 5.810546875000000000e-01 1.811523437500000000e+00
2.586035156250000022e-01 9.597167968750000000e-01 8.897851562500000977e-01 3.759765625000000000e-02 1.036894531249999973e+00 -1.024641601562500171e+00 -4.428710937500000000e+00 -4.868164062500000000e+00 2.612304687500000000e+00 -4.418945312500000000e+00 8.115234375000000000e-01
3.061035156249999889e-01 6.472167968750000000e-01 5.747851562500000400e-01 6.259765625000000833e-02 9.618945312500000178e-01 -8.163916015625001243e-01 -6.787109375000000000e-01 -1.118164062500000000e+00 -3.637695312500000000e+00 1.831054687500000000e+00 1.561523437500000000e+00
4.961035156249999911e-01 8.972167968750000000e-01 7.547851562500000888e-01 4.259765625000000444e-02 1.061894531250000107e+00 -1.649391601562500087e+00 4.321289062500000000e+00 3.881835937500000000e+00 1.362304687500000000e+00 -3.168945312500000000e+00 5.615234375000000000e-01
4.011035156250000178e-01 5.222167968750000000e-01 8.447851562500000577e-01 5.259765624999999944e-02 1.011894531250000062e+00 -3.998916015625000320e-01 1.821289062500000000e+00 -3.618164062500000000e+00 -1.137695312500000000e+00 -6.689453125000000000e-01 1.061523437500000000e+00
2.111035156250000155e-01 7.722167968750000000e-01 6.647851562500000089e-01 3.259765625000000250e-02 9.118945312499999734e-01 -1.232891601562499995e+00 -3.178710937500000000e+00 1.381835937500000000e+00 3.862304687500000000e+00 4.331054687500000000e+00 6.152343750000000000e-02
1.873535156249999944e-01 7.409667968750000000e-01 8.672851562500000222e-01 4.009765625000000222e-02 8.743945312499999956e-01 -1.337016601562500018e+00 -1.303710937500000000e+00 -2.993164062500000000e+00 -3.012695312500000000e+00 -1.293945312500000000e+00 1.865234375000000000e-01
3.773535156250000244e-01 9.909667968750000000e-01 6.872851562499999734e-01 6.009765625000000611e-02 9.743945312499999734e-01 -5.040166015625000551e-01 3.696289062500000000e+00 2.006835937500000000e+00 1.987304687500000000e+00 3.706054687500000000e+00 1.186523437500000000e+00
4.723535156249999978e-01 6.159667968750000000e-01 5.972851562500000044e-01 3.009765625000000028e-02 1.024394531250000018e+00 -1.753516601562500110e+00 1.196289062500000000e+00 -4.931640625000000000e-01 -5.126953125000000000e-01 1.206054687500000000e+00 6.865234375000000000e-01
2.823535156249999956e-01 8.659667968750000000e-01 7.772851562500000533e-01 5.009765625000000416e-02 9.243945312500000400e-01 -9.205166015625001474e-01 -3.803710937500000000e+00 4.506835937500000000e+00 4.487304687500000000e+00 -3.793945312500000000e+00 1.686523437500000000e+00
2.348535156250000089e-01 5.534667968750000000e-01 6.422851562500000444e-01 4.509765624999999972e-02 1.049394531250000151e+00 -1.128766601562499972e+00 -5.371093750000000000e-02 7.568359375000000000e-01 -4.262695312500000000e+00 2.456054687500000000e+00 9.365234375000000000e-01
4.248535156250000111e-01 8.034667968750000000e-01 8.222851562499999822e-01 6.509765624999999667e-02 9.493945312500000622e-01 -1.961766601562499934e+00 4.946289062500000000e+00 -4.243164062500000000e+00 7.373046875000000000e-01 -2.543945312500000000e+00 1.936523437500000000e+00
3.298535156249999822e-01 6.784667968750000000e-01 7.322851562500000133e-01 3.509765624999999778e-02 8.993945312500000178e-01 -7.122666015625001013e-01 2.446289062500000000e+00 3.256835937500000000e+00 -1.762695312500000000e+00 -4.394531250000000000e-02 4.365234375000000000e-01
1.398535156250000078e-01 9.284667968750000000e-01 5.522851562500000755e-01 5.509765625000000167e-02 9.993945312500001066e-01 -1.545266601562500064e+00 -2.553710937500000000e+00 -1.743164062500000000e+00 3.237304687500000000e+00 4.956054687500000000e+00 1.436523437500000000e+00
1.339160156249999956e-01 5.456542968750000000e-01 8.954101562500000888e-01 3.197265625000000194e-02 9.525195312499999956e-01 -8.944853515624999751e-01 1.025390625000000000e-01 2.163085937500000000e+00 -1.293945312500000000e+00 -3.325195312500000000e+00 1.967773437500000000e+00
3.239160156249999978e-01 7.956542968750000000e-01 7.154101562500000400e-01 5.197265624999999889e-02 1.052519531249999973e+00 -1.727485351562499938e+00 -4.897460937500000000e+00 -2.836914062500000000e+00 3.706054687500000000e+00 1.674804687500000000e+00 9.677734375000000000e-01
4.189160156250000266e-01 6.706542968750000000e-01 6.254101562500000711e-01 4.197265625000000389e-02 1.002519531249999929e+00 -4.779853515625001048e-01 -2.397460937500000000e+00 4.663085937500000000e+00 -3.793945312500000000e+00 4.174804687500000000e+00 1.467773437500000000e+00
2.289160156249999967e-01 9.206542968750000000e-01 8.054101562500000089e-01 6.197265625000000777e-02 9.025195312500000622e-01 -1.310985351562500068e+00 2.602539062500000000e+00 -3.369140625000000000e-01 1.206054687500000000e+00 -8.251953125000000000e-01 4.677734375000000000e-01
2.764160156250000111e-01 7.331542968750000000e-01 6.704101562500000000e-01 3.697265624999999944e-02 9.775195312500000178e-01 -1.519235351562500114e+00 1.352539062500000000e+00 -4.086914062500000000e+00 -4.394531250000000000e-02 2.924804687500000000e+00 1.217773437500000000e+00
4.664160156250000133e-01 9.831542968750000000e-01 8.504101562500000488e-01 5.697265625000000333e-02 8.775195312500000400e-01 -6.862353515625001510e-01 -3.647460937500000000e+00 9.130859375000000000e-01 4.956054687500000000e+00 -2.075195312500000000e+00 2.177734375000000000e-01
3.714160156249999845e-01 6.081542968750000000e-01 7.604101562500000799e-01 4.697265625000000139e-02 9.275195312499999734e-01 -1.935735351562499984e+00 -1.147460937500000000e+00 -1.586914062500000000e+00 -2.543945312500000000e+00 -4.575195312500000000e+00 1.717773437500000000e+00
1.814160156249999822e-01 8.581542968750000000e-01 5.804101562500000311e-01 6.697265625000001221e-02 1.027519531250000062e+00 -1.102735351562500021e+00 3.852539062500000000e+00 3.413085937500000000e+00 2.456054687500000000e+00 4.248046875000000000e-01 7.177734375000000000e-01
2.051660156250000033e-01 6.394042968750000000e-01 7.829101562500000444e-01 5.947265625000000555e-02 1.065019531250000151e+00 -9.986103515624999982e-01 7.275390625000000000e-01 -2.211914062500000000e+00 -6.689453125000000000e-01 -2.700195312500000000e+00 5.927734375000000000e-01
3.951660156249999778e-01 8.894042968750000000e-01 6.029101562499999956e-01 3.947265625000000167e-02 9.650195312500000622e-01 -1.831610351562499961e+00 -4.272460937500000000e+00 2.788085937500000000e+00 4.331054687500000000e+00 2.299804687500000000e+00 1.592773437500000000e+00
4.901660156250000067e-01 5.144042968750000000e-01 6.929101562500000755e-01 6.947265625000001443e-02 9.150195312500000178e-01 -5.821103515625001279e-01 -1.772460937500000000e+00 -4.711914062500000000e+00 -3.168945312500000000e+00 4.799804687500000000e+00 9.277343750000000000e-02
3.001660156250000044e-01 7.644042968750000000e-01 8.729101562500000133e-01 4.947265625000000361e-02 1.015019531250000107e+00 -1.415110351562499869e+00 3.227539062500000000e+00 2.880859375000000000e-01 1.831054687500000000e+00 -2.001953125000000000e-01 1.092773437500000000e+00
2.526660156250000178e-01 5.769042968750000000e-01 5.579101562500000666e-01 5.447265625000000111e-02 8.900195312499999956e-01 -1.206860351562500044e+00 1.977539062500000000e+00 4.038085937500000000e+00 -1.918945312500000000e+00 3.549804687500000000e+00 3.427734375000000000e-01
4.426660156250000200e-01 8.269042968750000000e-01 7.379101562500000044e-01 3.447265624999999722e-02 9.900195312499999734e-01 -3.738603515625000817e-01 -3.022460937500000000e+00 -9.619140625000000000e-01 3.081054687500000000e+00 -1.450195312500000000e+00 1.342773437500000000e+00
3.476660156249999911e-01 7.019042968750000000e-01 8.279101562499999734e-01 6.447265625000000999e-02 1.040019531250000018e+00 -1.623360351562499915e+00 -5.224609375000000000e-01 1.538085937500000000e+00 -4.418945312500000000e+00 -3.950195312500000000e+00 8.427734375000000000e-01
1.576660156249999889e-01 9.519042968750000000e-01 6.479101562500000355e-01 4.447265624999999917e-02 9.400195312500000400e-01 -7.903603515624999520e-01 4.477539062500000000e+00 -3.461914062500000000e+00 5.810546875000000000e-01 1.049804687500000000e+00 1.842773437500000000e+00
1.457910156249999922e-01 7.175292968750000000e-01 6.141601562500000888e-01 4.572265625000000028e-02 8.962695312499999734e-01 -4.259228515624999822e-01 -4.584960937500000000e+00 -6.494140625000000000e-01 8.935546875000000000e-01 -2.387695312500000000e+00 1.155273437500000000e+00
3.357910156250000222e-01 9.675292968750000000e-01 7.941601562500000266e-01 6.572265625000001110e-02 9.962695312500000622e-01 -1.258922851562500167e+00 4.150390625000000000e-01 4.350585937500000000e+00 -4.106445312500000000e+00 2.612304687500000000e+00 1.552734375000000000e-01
4.307910156249999956e-01 5.925292968750000000e-01 8.841601562500001066e-01 3.572265624999999833e-02 1.046269531250000107e+00 -8.424228515625000746e-01 2.915039062500000000e+00 -3.149414062500000000e+00 3.393554687500000000e+00 1.123046875000000000e-01 1.655273437500000000e+00
2.407910156249999933e-01 8.425292968750000000e-01 7.041601562500000577e-01 5.572265625000000222e-02 9.462695312500000178e-01 -1.675422851562500037e+00 -2.084960937500000000e+00 1.850585937500000000e+00 -1.606445312500000000e+00 -4.887695312500000000e+00 6.552734375000000000e-01
2.882910156250000355e-01 5.300292968750000000e-01 7.491601562500000977e-01 4.072265625000000278e-02 1.021269531249999973e+00 -1.883672851562500083e+00 -3.334960937500000000e+00 3.100585937500000000e+00 2.143554687500000000e+00 1.362304687500000000e+00 1.905273437500000000e+00
4.782910156249999822e-01 7.800292968750000000e-01 5.691601562500000488e-01 6.072265625000000666e-02 9.212695312499999956e-01 -1.050672851562500121e+00 1.665039062500000000e+00 -1.899414062500000000e+00 -2.856445312500000000e+00 -3.637695312500000000e+00 9.052734375000000000e-01
3.832910156250000089e-01 6.550292968750000000e-01 6.591601562500000178e-01 3.072265624999999736e-02 8.712695312499999512e-01 -1.467172851562499991e+00 4.165039062500000000e+00 6.005859375000000000e-01 4.643554687500000000e+00 -1.137695312500000000e+00 1.405273437500000000e+00
1.932910156250000067e-01 9.050292968750000000e-01 8.391601562499999556e-01 5.072265624999999778e-02 9.712695312500000400e-01 -6.341728515625000284e-01 -8.349609375000000000e-01 -4.399414062500000000e+00 -3.564453125000000000e-01 3.862304687500000000e+00 4.052734375000000000e-01
1.695410156250000133e-01 6.237792968750000000e-01 7.266601562500000222e-01 6.322265625000000888e-02 1.008769531250000018e+00 -7.382978515625000515e-01 -3.959960937500000000e+00 1.225585937500000000e+00 1.518554687500000000e+00 -1.762695312500000000e+00 2.802734375000000000e-01
3.595410156249999600e-01 8.737792968750000000e-01 9.066601562500000711e-01 4.322265625000000500e-02 9.087695312500000400e-01 -1.571297851562500014e+00 1.040039062500000000e+00 -3.774414062500000000e+00 -3.481445312500000000e+00 3.237304687500000000e+00 1.280273437500000000e+00
4.545410156249999889e-01 7.487792968750000000e-01 8.166601562499999911e-01 5.322265625000000000e-02 9.587695312499999734e-01 -1.154797851562499922e+00 3.540039062500000000e+00 3.725585937500000000e+00 4.018554687500000000e+00 7.373046875000000000e-01 7.802734375000000000e-01
2.645410156249999867e-01 9.987792968750000000e-01 6.366601562500000533e-01 3.322265624999999611e-02 1.058769531250000062e+00 -1.987797851562500107e+00 -1.459960937500000000e+00 -1.274414062500000000e+00 -9.814453125000000000e-01 -4.262695312500000000e+00 1.780273437500000000e+00
2.170410156250000000e-01 6.862792968750000000e-01 8.616601562500000311e-01 6.822265625000001332e-02 9.337695312500000622e-01 -1.779547851562500060e+00 -2.709960937500000000e+00 -2.524414062500000000e+00 2.685546875000000000e-01 1.987304687500000000e+00 5.302734375000000000e-01
4.070410156250000022e-01 9.362792968750000000e-01 6.816601562499999822e-01 4.822265625000000250e-02 1.033769531249999929e+00 -9.465478515625000977e-01 2.290039062500000000e+00 2.475585937500000000e+00 -4.731445312500000000e+00 -3.012695312500000000e+00 1.530273437500000000e+00
3.120410156249999734e-01 5.612792968750000000e-01 5.916601562500000133e-01 5.822265625000000444e-02 9.837695312499999956e-01 -1.363047851562499968e+00 4.790039062500000000e+00 -2.441406250000000000e-02 2.768554687500000000e+00 -5.126953125000000000e-01 3.027343750000000000e-02
1.220410156249999989e-01 8.112792968750000000e-01 7.716601562500000622e-01 3.822265625000000056e-02 8.837695312500000178e-01 -5.300478515625000053e-01 -2.099609375000000000e-01 4.975585937500000000e+00 -2.231445312500000000e+00 4.487304687500000000e+00 1.030273437500000000e+00
1.227832031249999900e-01 5.622558593750000000e-01 7.147070312500000133e-01 6.736328125000000389e-02 9.271289062499999956e-01 -1.574551757812499897e+00 -3.745117187500000000e+00 6.201171875000000000e-01 -2.993164062500000000e+00 2.553710937500000000e+00 6.123046875000000000e-01
3.127832031249999645e-01 8.122558593750000000e-01 8.947070312500000622e-01 4.736328125000000000e-02 1.027128906249999973e+00 -7.415517578125001563e-01 1.254882812500000000e+00 -4.379882812500000000e+00 2.006835937500000000e+00 -2.446289062500000000e+00 1.612304687500000000e+00
4.077832031249999933e-01 6.872558593750000000e-01 8.047070312499999822e-01 5.736328125000000888e-02 9.771289062500000400e-01 -1.991051757812499989e+00 3.754882812500000000e+00 3.120117187500000000e+00 -4.931640625000000000e-01 -4.946289062500000000e+00 1.123046875000000000e-01
2.177832031249999911e-01 9.372558593750000000e-01 6.247070312500000444e-01 3.736328124999999806e-02 8.771289062499999512e-01 -1.158051757812500027e+00 -1.245117187500000000e+00 -1.879882812500000000e+00 4.506835937500000000e+00 5.371093750000000000e-02 1.112304687500000000e+00
2.652832031249999778e-01 7.497558593750000000e-01 8.497070312500000222e-01 6.236328125000000638e-02 1.002128906250000062e+00 -9.498017578124999805e-01 -4.995117187500000000e+00 -3.129882812500000000e+00 -4.243164062500000000e+00 -3.696289062500000000e+00 3.623046875000000000e-01
4.552832031249999800e-01 9.997558593750000000e-01 6.697070312500000844e-01 4.236328125000000250e-02 9.021289062499999734e-01 -1.782801757812499943e+00 4.882812500000000000e-03 1.870117187500000000e+00 7.568359375000000000e-01 1.303710937500000000e+00 1.362304687500000000e+00
3.602832031250000067e-01 6.247558593750000000e-01 5.797070312500000044e-01 5.236328125000000444e-02 9.521289062500000178e-01 -5.333017578125001101e-01 2.504882812500000000e+00 -6.298828125000000000e-01 -1.743164062500000000e+00 3.803710937500000000e+00 8.623046875000000000e-01
1.702832031250000044e-01 8.747558593750000000e-01 7.597070312500000533e-01 3.236328125000000056e-02 1.052128906250000107e+00 -1.366301757812500073e+00 -2.495117187500000000e+00 4.370117187500000000e+00 3.256835937500000000e+00 -1.196289062500000000e+00 1.862304687500000000e+00
1.940332031249999978e-01 6.560058593750000000e-01 6.022070312500000799e-01 4.486328124999999778e-02 1.039628906249999929e+00 -1.262176757812500050e+00 -3.120117187500000000e+00 -4.882812500000000000e-03 -4.868164062500000000e+00 3.178710937500000000e+00 1.987304687500000000e+00
3.840332031250000000e-01 9.060058593750000000e-01 7.822070312500000178e-01 6.486328125000001554e-02 9.396289062500000622e-01 -4.291767578125000870e-01 1.879882812500000000e+00 4.995117187500000000e+00 1.318359375000000000e-01 -1.821289062500000000e+00 9.873046875000000000e-01
4.790332031249999734e-01 5.310058593750000000e-01 8.722070312500000977e-01 3.486328125000000278e-02 8.896289062500000178e-01 -1.678676757812500142e+00 4.379882812500000000e+00 -2.504882812500000000e+00 -2.368164062500000000e+00 -4.321289062500000000e+00 1.487304687500000000e+00
2.890332031250000266e-01 7.810058593750000000e-01 6.922070312500000488e-01 5.486328125000000666e-02 9.896289062499999956e-01 -8.456767578124999574e-01 -6.201171875000000000e-01 2.495117187500000000e+00 2.631835937500000000e+00 6.787109375000000000e-01 4.873046875000000000e-01
2.415332031249999845e-01 5.935058593750000000e-01 7.372070312500000888e-01 4.986328125000000222e-02 9.146289062500000400e-01 -1.053926757812500004e+00 -4.370117187500000000e+00 3.745117187500000000e+00 -3.618164062500000000e+00 -3.071289062500000000e+00 1.237304687500000000e+00
4.315332031249999867e-01 8.435058593750000000e-01 5.572070312500000400e-01 6.986328125000000611e-02 1.014628906250000018e+00 -1.886926757812499966e+00 6.298828125000000000e-01 -1.254882812500000000e+00 1.381835937500000000e+00 1.928710937500000000e+00 2.373046875000000000e-01
3.365332031250000133e-01 7.185058593750000000e-01 6.472070312500000089e-01 3.986328125000000028e-02 1.064628906250000062e+00 -6.374267578125001332e-01 3.129882812500000000e+00 1.245117187500000000e+00 -1.118164062500000000e+00 4.428710937500000000e+00 1.737304687500000000e+00
1.465332031250000111e-01 9.685058593750000000e-01 8.272070312500000577e-01 5.986328125000000416e-02 9.646289062499999734e-01 -1.470426757812500096e+00 -1.870117187500000000e+00 -3.754882812500000000e+00 3.881835937500000000e+00 -5.712890625000000000e-01 7.373046875000000000e-01
1.584082031249999800e-01 7.028808593750000000e-01 7.934570312500000000e-01 5.111328125000000333e-02 8.708789062499999734e-01 -1.834864257812500066e+00 1.567382812500000000e+00 -1.567382812500000000e+00 4.819335937500000000e+00 1.616210937500000000e+00 2.998046875000000000e-01
3.484082031249999822e-01 9.528808593750000000e-01 6.134570312500000622e-01 3.111328124999999944e-02 9.708789062500000622e-01 -1.001864257812500103e+00 -3.432617187500000000e+00 3.432617187500000000e+00 -1.806640625000000000e-01 -3.383789062500000000e+00 1.299804687500000000e+00
4.434082031250000111e-01 5.778808593750000000e-01 7.034570312500000311e-01 6.111328125000000527e-02 1.020878906250000107e+00 -1.418364257812499973e+00 -9.326171875000000000e-01 -4.067382812500000000e+00 2.319335937500000000e+00 -8.837890625000000000e-01 7.998046875000000000e-01
2.534082031250000089e-01 8.278808593750000000e-01 8.834570312500000799e-01 4.111328125000000139e-02 9.208789062500000178e-01 -5.853642578125000107e-01 4.067382812500000000e+00 9.326171875000000000e-01 -2.680664062500000000e+00 4.116210937500000000e+00 1.799804687500000000e+00
3.009082031249999956e-01 5.153808593750000000e-01 5.684570312500000222e-01 5.611328125000000777e-02 1.045878906250000018e+00 -3.771142578124999645e-01 3.173828125000000000e-01 4.682617187500000000e+00 3.569335937500000000e+00 -2.133789062500000000e+00 5.498046875000000000e-01
4.909082031249999978e-01 7.653808593750000000e-01 7.484570312500000711e-01 3.611328125000000389e-02 9.458789062500000400e-01 -1.210114257812500149e+00 -4.682617187500000000e+00 -3.173828125000000000e-01 -1.430664062500000000e+00 2.866210937500000000e+00 1.549804687500000000e+00
3.959082031250000244e-01 6.403808593750000000e-01 8.384570312500000400e-01 6.611328125000000278e-02 8.958789062499999956e-01 -7.936142578125000568e-01 -2.182617187500000000e+00 2.182617187500000000e+00 1.069335937500000000e+00 3.662109375000000000e-01 4.980468750000000000e-02
2.059082031249999944e-01 8.903808593750000000e-01 6.584570312499999911e-01 4.611328124999999889e-02 9.958789062499999734e-01 -1.626614257812500020e+00 2.817382812500000000e+00 -2.817382812500000000e+00 -3.930664062500000000e+00 -4.633789062500000000e+00 1.049804687500000000e+00
1.821582031250000011e-01 6.091308593750000000e-01 9.059570312500000444e-01 3.861328124999999917e-02 9.833789062500000178e-01 -1.730739257812500043e+00 2.192382812500000000e+00 1.557617187500000000e+00 2.944335937500000000e+00 2.241210937500000000e+00 1.174804687500000000e+00
3.721582031249999756e-01 8.591308593750000000e-01 7.259570312500001066e-01 5.861328125000000305e-02 8.833789062500000400e-01 -8.977392578125000799e-01 -2.807617187500000000e+00 -3.442382812500000000e+00 -2.055664062500000000e+00 -2.758789062500000000e+00 1.748046875000000000e-01
4.671582031250000044e-01 7.341308593750000000e-01 6.359570312500000266e-01 4.861328125000000111e-02 9.333789062499999734e-01 -1.314239257812499950e+00 -3.076171875000000000e-01 4.057617187500000000e+00 4.443359375000000000e-01 -2.587890625000000000e-01 1.674804687500000000e+00
2.771582031250000022e-01 9.841308593750000000e-01 8.159570312499999645e-01 6.861328125000000500e-02 1.033378906250000062e+00 -4.812392578124999876e-01 4.692382812500000000e+00 -9.423828125000000000e-01 -4.555664062500000000e+00 4.741210937500000000e+00 6.748046875000000000e-01
2.296582031250000155e-01 6.716308593750000000e-01 6.809570312500000666e-01 3.361328125000000167e-02 9.583789062499999956e-01 -6.894892578125000338e-01 9.423828125000000000e-01 -4.692382812500000000e+00 4.194335937500000000e+00 -1.508789062500000000e+00 1.924804687500000000e+00
4.196582031250000178e-01 9.216308593750000000e-01 8.609570312500001155e-01 5.361328125000000555e-02 1.058378906249999973e+00 -1.522489257812499996e+00 -4.057617187500000000e+00 3.076171875000000000e-01 -8.056640625000000000e-01 3.491210937500000000e+00 9.248046875000000000e-01
3.246582031249999889e-01 5.466308593750000000e-01 7.709570312500000355e-01 4.361328125000000361e-02 1.008378906249999929e+00 -1.105989257812499904e+00 -1.557617187500000000e+00 -2.192382812500000000e+00 1.694335937500000000e+00 9.912109375000000000e-01 1.424804687500000000e+00
1.346582031249999867e-01 7.966308593750000000e-01 5.909570312500000977e-01 6.361328125000001443e-02 9.083789062500000622e-01 -1.938989257812500089e+00 3.442382812500000000e+00 2.807617187500000000e+00 -3.305664062500000000e+00 -4.008789062500000000e+00 4.248046875000000000e-01
1.405957031249999989e-01 6.794433593750000000e-01 8.778320312500000888e-01 4.923828125000000167e-02 1.067753906250000107e+00 -5.072705078125001599e-01 -1.088867187500000000e+00 -3.598632812500000000e+00 1.538085937500000000e+00 3.022460937500000000e+00 9.560546875000000000e-01
3.305957031249999734e-01 9.294433593750000000e-01 6.978320312500000400e-01 6.923828125000000555e-02 9.677539062500000178e-01 -1.340270507812499901e+00 3.911132812500000000e+00 1.401367187500000000e+00 -3.461914062500000000e+00 -1.977539062500000000e+00 1.956054687500000000e+00
4.255957031250000022e-01 5.544433593750000000e-01 6.078320312500000711e-01 3.923828124999999972e-02 9.177539062499999734e-01 -9.237705078125000302e-01 1.411132812500000000e+00 -1.098632812500000000e+00 4.038085937500000000e+00 -4.477539062500000000e+00 4.560546875000000000e-01
2.355957031250000000e-01 8.044433593750000000e-01 7.878320312500000089e-01 5.923828125000000361e-02 1.017753906250000062e+00 -1.756770507812499993e+00 -3.588867187500000000e+00 3.901367187500000000e+00 -9.619140625000000000e-01 5.224609375000000000e-01 1.456054687500000000e+00
2.830957031249999867e-01 6.169433593750000000e-01 6.528320312500000000e-01 4.423828125000000416e-02 8.927539062499999512e-01 -1.965020507812500039e+00 -2.338867187500000000e+00 1.513671875000000000e-01 2.880859375000000000e-01 -3.227539062500000000e+00 2.060546875000000000e-01
4.730957031249999889e-01 8.669433593750000000e-01 8.328320312500000488e-01 6.423828125000000111e-02 9.927539062500000400e-01 -1.132020507812500076e+00 2.661132812500000000e+00 -4.848632812500000000e+00 -4.711914062500000000e+00 1.772460937500000000e+00 1.206054687500000000e+00
3.780957031250000155e-01 7.419433593750000000e-01 7.428320312500000799e-01 3.423828125000000222e-02 1.042753906249999973e+00 -1.548520507812499947e+00 1.611328125000000000e-01 2.651367187500000000e+00 2.788085937500000000e+00 4.272460937500000000e+00 7.060546875000000000e-01
1.880957031250000133e-01 9.919433593750000000e-01 5.628320312500000311e-01 5.423828125000000611e-02 9.427539062499999956e-01 -7.155205078124999840e-01 -4.838867187500000000e+00 -2.348632812500000000e+00 -2.211914062500000000e+00 -7.275390625000000000e-01 1.706054687500000000e+00
2.118457031250000067e-01 5.231933593750000000e-01 8.103320312499999734e-01 6.173828125000000583e-02 9.552539062500000622e-01 -6.113955078124999609e-01 -4.638671875000000000e-01 3.276367187500000000e+00 9.130859375000000000e-01 3.647460937500000000e+00 1.581054687500000000e+00
4.018457031250000089e-01 7.731933593750000000e-01 6.303320312500000355e-01 4.173828125000000194e-02 1.055253906250000151e+00 -1.444395507812500146e+00 4.536132812500000000e+00 -1.723632812500000000e+00 -4.086914062500000000e+00 -1.352539062500000000e+00 5.810546875000000000e-01
4.968457031249999822e-01 6.481933593750000000e-01 7.203320312500000044e-01 5.173828125000000389e-02 1.005253906250000107e+00 -1.027895507812500053e+00 2.036132812500000000e+00 7.763671875000000000e-01 3.413085937500000000e+00 -3.852539062500000000e+00 1.081054687500000000e+00
3.068457031250000355e-01 8.981933593750000000e-01 9.003320312500000533e-01 3.173828125000000000e-02 9.052539062500000178e-01 -1.860895507812500016e+00 -2.963867187500000000e+00 -4.223632812500000000e+00 -1.586914062500000000e+00 1.147460937500000000e+00 8.105468750000000000e-02
2.593457031249999933e-01 7.106933593750000000e-01 5.853320312499999956e-01 6.673828125000000333e-02 9.802539062499999734e-01 -1.652645507812499970e+00 -1.713867187500000000e+00 -4.736328125000000000e-01 2.163085937500000000e+00 -2.602539062500000000e+00 1.331054687500000000e+00
4.493457031249999956e-01 9.606933593750000000e-01 7.653320312500000444e-01 4.673828124999999944e-02 8.802539062499999956e-01 -8.196455078125000071e-01 3.286132812500000000e+00 4.526367187500000000e+00 -2.836914062500000000e+00 2.397460937500000000e+00 3.310546875000000000e-01
3.543457031250000222e-01 5.856933593750000000e-01 8.553320312500000133e-01 5.673828125000000833e-02 9.302539062500000400e-01 -1.236145507812500099e+00 7.861328125000000000e-01 -2.973632812500000000e+00 4.663085937500000000e+00 4.897460937500000000e+00 1.831054687500000000e+00
1.643457031249999922e-01 8.356933593750000000e-01 6.753320312500000755e-01 3.673828124999999750e-02 1.030253906250000018e+00 -4.031455078125001368e-01 -4.213867187500000000e+00 2.026367187500000000e+00 -3.369140625000000000e-01 -1.025390625000000000e-01 8.310546875000000000e-01
1.524707031249999956e-01 5.700683593750000000e-01 6.190820312500000533e-01 3.298828125000000111e-02 1.011503906249999973e+00 -7.675830078125001066e-01 4.223632812500000000e+00 4.838867187500000000e+00 -6.494140625000000000e-01 1.459960937500000000e+00 1.435546875000000000e-01
3.424707031249999978e-01 8.200683593750000000e-01 7.990820312499999911e-01 5.298828125000000500e-02 9.115039062499999956e-01 -1.600583007812500069e+00 -7.763671875000000000e-01 -1.611328125000000000e-01 4.350585937500000000e+00 -3.540039062500000000e+00 1.143554687500000000e+00
4.374707031250000266e-01 6.950683593750000000e-01 8.890820312500000711e-01 4.298828125000000305e-02 9.615039062500000400e-01 -3.510830078125000142e-01 -3.276367187500000000e+00 2.338867187500000000e+00 -3.149414062500000000e+00 -1.040039062500000000e+00 6.435546875000000000e-01
2.474707031249999967e-01 9.450683593750000000e-01 7.090820312500000222e-01 6.298828125000000000e-02 1.061503906250000018e+00 -1.184083007812500199e+00 1.723632812500000000e+00 -2.661132812500000000e+00 1.850585937500000000e+00 3.959960937500000000e+00 1.643554687500000000e+00
2.949707031250000111e-01 6.325683593750000000e-01 7.540820312500000622e-01 3.798828124999999861e-02 9.365039062500000178e-01 -1.392333007812500023e+00 2.973632812500000000e+00 -1.411132812500000000e+00 -1.899414062500000000e+00 -2.290039062500000000e+00 8.935546875000000000e-01
4.849707031250000133e-01 8.825683593750000000e-01 5.740820312500000133e-01 5.798828125000000944e-02 1.036503906250000107e+00 -5.593330078125000604e-01 -2.026367187500000000e+00 3.588867187500000000e+00 3.100585937500000000e+00 2.709960937500000000e+00 1.893554687500000000e+00
3.899707031249999845e-01 5.075683593750000000e-01 6.640820312499999822e-01 4.798828125000000056e-02 9.865039062500000622e-01 -1.808833007812499893e+00 -4.526367187500000000e+00 -3.911132812500000000e+00 -4.399414062500000000e+00 2.099609375000000000e-01 3.935546875000000000e-01
1.999707031249999822e-01 7.575683593750000000e-01 8.440820312500000311e-01 6.798828125000000444e-02 8.865039062499999734e-01 -9.758330078125001528e-01 4.736328125000000000e-01 1.088867187500000000e+00 6.005859375000000000e-01 -4.790039062500000000e+00 1.393554687500000000e+00
1.762207031249999889e-01 7.263183593750000000e-01 6.865820312500000577e-01 5.548828125000000722e-02 8.990039062500000400e-01 -1.079958007812499954e+00 4.848632812500000000e+00 -4.536132812500000000e+00 -1.274414062500000000e+00 2.084960937500000000e+00 1.268554687500000000e+00
3.662207031249999911e-01 9.763183593750000000e-01 8.665820312500001066e-01 3.548828125000000333e-02 9.990039062500000178e-01 -1.912958007812499917e+00 -1.513671875000000000e-01 4.638671875000000000e-01 3.725585937500000000e+00 -2.915039062500000000e+00 2.685546875000000000e-01
4.612207031250000200e-01 6.013183593750000000e-01 7.765820312500000266e-01 6.548828125000000222e-02 1.049003906250000062e+00 -6.634580078125000835e-01 -2.651367187500000000e+00 -2.036132812500000000e+00 -3.774414062500000000e+00 -4.150390625000000000e-01 1.768554687500000000e+00
2.712207031250000178e-01 8.513183593750000000e-01 5.965820312500000888e-01 4.548828124999999833e-02 9.490039062499999734e-01 -1.496458007812500046e+00 2.348632812500000000e+00 2.963867187500000000e+00 1.225585937500000000e+00 4.584960937500000000e+00 7.685546875000000000e-01
2.237207031250000033e-01 5.388183593750000000e-01 8.215820312499999556e-01 5.048828125000000278e-02 1.024003906249999929e+00 -1.288208007812500000e+00 3.598632812500000000e+00 1.713867187500000000e+00 -2.441406250000000000e-02 -1.665039062500000000e+00 1.518554687500000000e+00
4.137207031249999778e-01 7.888183593750000000e-01 6.415820312500000178e-01 3.048828124999999889e-02 9.240039062500000622e-01 -4.552080078125000373e-01 -1.401367187500000000e+00 -3.286132812500000000e+00 4.975585937500000000e+00 3.334960937500000000e+00 5.185546875000000000e-01
3.187207031250000044e-01 6.638183593750000000e-01 5.515820312500000488e-01 6.048828125000000472e-02 8.740039062500000178e-01 -1.704708007812500092e+00 -3.901367187500000000e+00 4.213867187500000000e+00 -2.524414062500000000e+00 8.349609375000000000e-01 1.018554687500000000e+00
1.287207031250000022e-01 9.138183593750000000e-01 7.315820312500000977e-01 4.048828125000000083e-02 9.740039062499999956e-01 -8.717080078125001297e-01 1.098632812500000000e+00 -7.861328125000000000e-01 2.475585937500000000e+00 -4.165039062500000000e+00 1.855468750000000000e-02
1.316894531249999944e-01 7.380371093750000000e-01 5.600195312500000355e-01 3.517578124999999611e-02 9.693164062500000400e-01 -9.628173828124999556e-01 -2.260742187500000000e+00 -2.583007812500000000e+00 -4.477539062500000000e+00 1.225585937500000000e+00 1.752929687500000000e+00
3.216894531249999689e-01 9.880371093750000000e-01 7.400195312499999734e-01 5.517578125000000000e-02 1.069316406250000018e+00 -1.795817382812499918e+00 2.739257812500000000e+00 2.416992187500000000e+00 5.224609375000000000e-01 -3.774414062500000000e+00 7.529296875000000000e-01
4.166894531249999978e-01 6.130371093750000000e-01 8.300195312500000533e-01 4.517578125000000500e-02 1.019316406249999973e+00 -5.463173828125000853e-01 2.392578125000000000e-01 -8.300781250000000000e-02 -1.977539062500000000e+00 -1.274414062500000000e+00 1.252929687500000000e+00
2.266894531249999956e-01 8.630371093750000000e-01 6.500195312500000044e-01 6.517578125000000888e-02 9.193164062499999956e-01 -1.379317382812500048e+00 -4.760742187500000000e+00 4.916992187500000000e+00 3.022460937500000000e+00 3.725585937500000000e+00 2.529296875000000000e-01
2.741894531249999822e-01 5.505371093750000000e-01 7.850195312500000133e-01 3.017578124999999861e-02 9.943164062500000622e-01 -1.171067382812500002e+00 -1.010742187500000000e+00 1.166992187500000000e+00 -3.227539062500000000e+00 -2.441406250000000000e-02 1.002929687500000000e+00
4.641894531249999845e-01 8.005371093750000000e-01 6.050195312500000755e-01 5.017578125000000250e-02 8.943164062499999734e-01 -3.380673828125000391e-01 3.989257812500000000e+00 -3.833007812500000000e+00 1.772460937500000000e+00 4.975585937500000000e+00 2.929687500000000000e-03
3.691894531250000111e-01 6.755371093750000000e-01 6.950195312500000444e-01 4.017578125000000056e-02 9.443164062500000178e-01 -1.587567382812500094e+00 1.489257812500000000e+00 3.666992187500000000e+00 -7.275390625000000000e-01 2.475585937500000000e+00 1.502929687500000000e+00
1.791894531250000089e-01 9.255371093750000000e-01 8.750195312499999822e-01 6.017578125000000444e-02 1.044316406250000107e+00 -7.545673828125001315e-01 -3.510742187500000000e+00 -1.333007812500000000e+00 4.272460937500000000e+00 -2.524414062500000000e+00 5.029296875000000000e-01
2.029394531250000022e-01 5.817871093750000000e-01 6.725195312500000799e-01 5.267578125000000472e-02 1.056816406250000062e+00 -8.586923828125001545e-01 -1.635742187500000000e+00 3.041992187500000000e+00 -2.602539062500000000e+00 6.005859375000000000e-01 6.279296875000000000e-01
3.929394531250000044e-01 8.317871093750000000e-01 8.525195312500000178e-01 3.267578125000000083e-02 9.568164062499999734e-01 -1.691692382812500117e+00 3.364257812500000000e+00 -1.958007812500000000e+00 2.397460937500000000e+00 -4.399414062500000000e+00 1.627929687500000000e+00
4.879394531249999778e-01 7.067871093750000000e-01 7.625195312500000488e-01 6.267578125000000666e-02 9.068164062500000400e-01 -4.421923828125000622e-01 8.642578125000000000e-01 5.419921875000000000e-01 -1.025390625000000000e-01 -1.899414062500000000e+00 1.279296875000000000e-01
2.979394531250000311e-01 9.567871093750000000e-01 5.825195312500000000e-01 4.267578125000000278e-02 1.006816406250000018e+00 -1.275192382812500025e+00 -4.135742187500000000e+00 -4.458007812500000000e+00 4.897460937500000000e+00 3.100585937500000000e+00 1.127929687500000000e+00
2.504394531249999889e-01 6.442871093750000000e-01 8.975195312500000577e-01 5.767578125000000222e-02 8.818164062500000178e-01 -1.483442382812500071e+00 -3.857421875000000000e-01 -7.080078125000000000e-01 -3.852539062500000000e+00 -6.494140625000000000e-01 3.779296875000000000e-01
4.404394531249999911e-01 8.942871093750000000e-01 7.175195312500000089e-01 3.767578124999999833e-02 9.818164062499999956e-01 -6.504423828125001084e-01 4.614257812500000000e+00 4.291992187500000000e+00 1.147460937500000000e+00 4.350585937500000000e+00 1.377929687500000000e+00
3.454394531250000178e-01 5.192871093750000000e-01 6.275195312500000400e-01 6.767578125000001110e-02 1.031816406249999929e+00 -1.899942382812499941e+00 2.114257812500000000e+00 -3.208007812500000000e+00 -1.352539062500000000e+00 1.850585937500000000e+00 8.779296875000000000e-01
1.554394531249999878e-01 7.692871093750000000e-01 8.075195312500000888e-01 4.767578125000000722e-02 9.318164062500000622e-01 -1.066942382812499979e+00 -2.885742187500000000e+00 1.791992187500000000e+00 3.647460937500000000e+00 -3.149414062500000000e+00 1.877929687500000000e+00
1.673144531249999845e-01 5.036621093750000000e-01 8.637695312500000000e-01 4.142578125000000167e-02 9.130664062500000178e-01 -7.025048828125000089e-01 3.051757812500000000e+00 3.979492187500000000e+00 2.709960937500000000e+00 4.663085937500000000e+00 1.065429687500000000e+00
3.573144531249999867e-01 7.536621093750000000e-01 6.837695312500000622e-01 6.142578125000000555e-02 1.013066406250000107e+00 -1.535504882812499972e+00 -1.948242187500000000e+00 -1.020507812500000000e+00 -2.290039062500000000e+00 -3.369140625000000000e-01 6.542968750000000000e-02
4.523144531250000155e-01 6.286621093750000000e-01 5.937695312500000933e-01 3.142578124999999972e-02 1.063066406250000151e+00 -1.119004882812499879e+00 -4.448242187500000000e+00 1.479492187500000000e+00 2.099609375000000000e-01 -2.836914062500000000e+00 1.565429687500000000e+00
2.623144531250000133e-01 8.786621093750000000e-01 7.737695312500000311e-01 5.142578125000000361e-02 9.630664062500000622e-01 -1.952004882812500064e+00 5.517578125000000000e-01 -3.520507812500000000e+00 -4.790039062500000000e+00 2.163085937500000000e+00 5.654296875000000000e-01
3.098144531250000000e-01 6.911621093750000000e-01 7.287695312499999911e-01 4.642578125000000611e-02 1.038066406250000018e+00 -1.743754882812500018e+00 4.301757812500000000e+00 -2.270507812500000000e+00 3.959960937500000000e+00 -4.086914062500000000e+00 1.815429687500000000e+00
4.998144531250000022e-01 9.411621093750000000e-01 9.087695312500000400e-01 6.642578125000000999e-02 9.380664062500000400e-01 -9.107548828125000551e-01 -6.982421875000000000e-01 2.729492187500000000e+00 -1.040039062500000000e+00 9.130859375000000000e-01 8.154296875000000000e-01
4.048144531249999734e-01 5.661621093750000000e-01 8.187695312500000711e-01 3.642578124999999722e-02 8.880664062499999956e-01 -1.327254882812499925e+00 -3.198242187500000000e+00 -4.770507812500000000e+00 1.459960937500000000e+00 3.413085937500000000e+00 1.315429687500000000e+00
2.148144531249999989e-01 8.161621093750000000e-01 6.387695312500000222e-01 5.642578125000000111e-02 9.880664062499999734e-01 -4.942548828124999627e-01 1.801757812500000000e+00 2.294921875000000000e-01 -3.540039062500000000e+00 -1.586914062500000000e+00 3.154296875000000000e-01
1.910644531249999778e-01 6.599121093750000000e-01 7.512695312500000666e-01 6.892578125000001221e-02 1.000566406249999929e+00 -3.901298828125001616e-01 3.676757812500000000e+00 -4.145507812500000000e+00 4.584960937500000000e+00 4.038085937500000000e+00 4.404296875000000000e-01
3.810644531249999800e-01 9.099121093750000000e-01 5.712695312500000178e-01 4.892578125000000139e-02 9.005664062500000622e-01 -1.223129882812500124e+00 -1.323242187500000000e+00 8.544921875000000000e-01 -4.150390625000000000e-01 -9.619140625000000000e-01 1.440429687500000000e+00
4.760644531250000089e-01 5.349121093750000000e-01 6.612695312500000977e-01 5.892578125000000333e-02 9.505664062499999956e-01 -8.066298828125000320e-01 -3.823242187500000000e+00 -1.645507812500000000e+00 2.084960937500000000e+00 -3.461914062500000000e+00 9.404296875000000000e-01
2.860644531250000067e-01 7.849121093750000000e-01 8.412695312500000355e-01 3.892578124999999944e-02 1.050566406249999973e+00 -1.639629882812499995e+00 1.176757812500000000e+00 3.354492187500000000e+00 -2.915039062500000000e+00 1.538085937500000000e+00 1.940429687500000000e+00
2.385644531249999922e-01 5.974121093750000000e-01 6.162695312500000577e-01 6.392578125000000777e-02 9.255664062499999734e-01 -1.847879882812500041e+00 4.926757812500000000e+00 2.104492187500000000e+00 3.334960937500000000e+00 -4.711914062500000000e+00 6.904296875000000000e-01
4.285644531250000222e-01 8.474121093750000000e-01 7.962695312499999956e-01 4.392578125000000389e-02 1.025566406250000062e+00 -1.014879882812500078e+00 -7.324218750000000000e-02 -2.895507812500000000e+00 -1.665039062500000000e+00 2.880859375000000000e-01 1.690429687500000000e+00
3.335644531249999933e-01 7.224121093750000000e-01 8.862695312499999645e-01 5.392578124999999889e-02 9.755664062500000178e-01 -1.431379882812500171e+00 -2.573242187500000000e+00 4.604492187500000000e+00 8.349609375000000000e-01 2.788085937500000000e+00 1.904296875000000000e-01
1.435644531249999911e-01 9.724121093750000000e-01 7.062695312500000266e-01 3.392578125000000194e-02 8.755664062500000400e-01 -5.983798828124999858e-01 2.426757812500000000e+00 -3.955078125000000000e-01 -4.165039062500000000e+00 -2.211914062500000000e+00 1.190429687500000000e+00
1.376269531250000067e-01 6.208496093750000000e-01 7.681445312500000400e-01 5.830078125000000278e-02 1.028691406250000107e+00 -1.613598632812500044e+00 -4.916992187500000000e+00 6.982421875000000000e-01 9.912109375000000000e-01 7.568359375000000000e-01 1.659179687500000000e+00
3.276269531250000089e-01 8.708496093750000000e-01 5.881445312499999911e-01 3.830078124999999889e-02 9.286914062500000178e-01 -7.805986328125000817e-01 8.300781250000000000e-02 -4.301757812500000000e+00 -4.008789062500000000e+00 -4.243164062500000000e+00 6.591796875000000000e-01
4.226269531249999822e-01 7.458496093750000000e-01 6.781445312500000711e-01 6.830078124999999778e-02 8.786914062499999734e-01 -1.197098632812500174e+00 2.583007812500000000e+00 3.198242187500000000e+00 3.491210937500000000e+00 -1.743164062500000000e+00 1.159179687500000000e+00
2.326269531249999800e-01 9.958496093750000000e-01 8.581445312500000089e-01 4.830078125000000083e-02 9.786914062500000622e-01 -3.640986328124999893e-01 -2.416992187500000000e+00 -1.801757812500000000e+00 -1.508789062500000000e+00 3.256835937500000000e+00 1.591796875000000000e-01
2.801269531250000222e-01 6.833496093750000000e-01 6.331445312500000311e-01 5.330078124999999833e-02 9.036914062499999956e-01 -5.723486328125000355e-01 -3.666992187500000000e+00 -3.051757812500000000e+00 2.241210937500000000e+00 -4.931640625000000000e-01 1.409179687500000000e+00
4.701269531250000244e-01 9.333496093750000000e-01 8.131445312500000799e-01 3.330078125000000139e-02 1.003691406249999973e+00 -1.405348632812499998e+00 1.333007812500000000e+00 1.948242187500000000e+00 -2.758789062500000000e+00 4.506835937500000000e+00 4.091796875000000000e-01
3.751269531249999956e-01 5.583496093750000000e-01 9.031445312500000488e-01 6.330078125000000722e-02 1.053691406250000018e+00 -9.888486328125001279e-01 3.833007812500000000e+00 -5.517578125000000000e-01 4.741210937500000000e+00 2.006835937500000000e+00 1.909179687500000000e+00
1.851269531249999933e-01 8.083496093750000000e-01 7.231445312500000000e-01 4.330078125000000333e-02 9.536914062500000400e-01 -1.821848632812500091e+00 -1.166992187500000000e+00 4.448242187500000000e+00 -2.587890625000000000e-01 -2.993164062500000000e+00 9.091796875000000000e-01
2.088769531249999867e-01 7.145996093750000000e-01 8.356445312500000444e-01 3.080078124999999917e-02 9.411914062499999734e-01 -1.925973632812500114e+00 -4.291992187500000000e+00 -1.176757812500000000e+00 1.616210937500000000e+00 1.318359375000000000e-01 7.841796875000000000e-01
3.988769531249999889e-01 9.645996093750000000e-01 6.556445312499999956e-01 5.080078125000000305e-02 1.041191406250000062e+00 -1.092973632812499929e+00 7.080078125000000000e-01 3.823242187500000000e+00 -3.383789062500000000e+00 -4.868164062500000000e+00 1.784179687500000000e+00
4.938769531250000178e-01 5.895996093750000000e-01 5.656445312500000266e-01 4.080078125000000111e-02 9.911914062500000178e-01 -1.509473632812500021e+00 3.208007812500000000e+00 -3.676757812500000000e+00 4.116210937500000000e+00 -2.368164062500000000e+00 2.841796875000000000e-01
3.038769531249999600e-01 8.395996093750000000e-01 7.456445312500000755e-01 6.080078125000000500e-02 8.911914062500000400e-01 -6.764736328125000586e-01 -1.791992187500000000e+00 1.323242187500000000e+00 -8.837890625000000000e-01 2.631835937500000000e+00 1.284179687500000000e+00
2.563769531249999734e-01 5.270996093750000000e-01 7.006445312500000355e-01 3.580078124999999667e-02 1.016191406249999929e+00 -4.682236328125000124e-01 -3.041992187500000000e+00 2.573242187500000000e+00 3.662109375000000000e-01 -1.118164062500000000e+00 3.417968750000000000e-02
4.463769531249999756e-01 7.770996093750000000e-01 8.806445312499999734e-01 5.580078125000000056e-02 9.161914062500000622e-01 -1.301223632812499975e+00 1.958007812500000000e+00 -2.426757812500000000e+00 -4.633789062500000000e+00 3.881835937500000000e+00 1.034179687500000000e+00
3.513769531250000022e-01 6.520996093750000000e-01 7.906445312500000044e-01 4.580078125000000555e-02 9.661914062499999956e-01 -8.847236328125001048e-01 4.458007812500000000e+00 7.324218750000000000e-02 2.866210937500000000e+00 1.381835937500000000e+00 5.341796875000000000e-01
1.613769531250000000e-01 9.020996093750000000e-01 6.106445312500000666e-01 6.580078124999999556e-02 1.066191406249999973e+00 -1.717723632812500068e+00 -5.419921875000000000e-01 -4.926757812500000000e+00 -2.133789062500000000e+00 -3.618164062500000000e+00 1.534179687500000000e+00
1.495019531250000033e-01 6.364746093750000000e-01 6.443945312500000133e-01 6.455078125000000833e-02 9.724414062499999734e-01 -1.353286132812499876e+00 3.955078125000000000e-01 -2.114257812500000000e+00 -1.821289062500000000e+00 4.819335937500000000e+00 1.471679687500000000e+00
3.395019531249999778e-01 8.864746093750000000e-01 8.243945312500000622e-01 4.455078125000000444e-02 8.724414062499999956e-01 -5.202861328125001350e-01 -4.604492187500000000e+00 2.885742187500000000e+00 3.178710937500000000e+00 -1.806640625000000000e-01 4.716796875000000000e-01
4.345019531250000067e-01 5.114746093750000000e-01 7.343945312499999822e-01 5.455078124999999944e-02 9.224414062500000400e-01 -1.769786132812499968e+00 -2.104492187500000000e+00 -4.614257812500000000e+00 -4.321289062500000000e+00 -2.680664062500000000e+00 1.971679687500000000e+00
2.445019531250000044e-01 7.614746093750000000e-01 5.543945312500000444e-01 3.455078125000000250e-02 1.022441406250000018e+00 -9.367861328125000053e-01 2.895507812500000000e+00 3.857421875000000000e-01 6.787109375000000000e-01 2.319335937500000000e+00 9.716796875000000000e-01
2.920019531249999911e-01 5.739746093750000000e-01 8.693945312499999911e-01 6.955078124999999889e-02 9.474414062500000622e-01 -1.145036132812500052e+00 1.645507812500000000e+00 4.135742187500000000e+00 -5.712890625000000000e-01 -3.930664062500000000e+00 1.721679687500000000e+00
4.820019531249999933e-01 8.239746093750000000e-01 6.893945312500000533e-01 4.955078125000000194e-02 1.047441406250000151e+00 -1.978036132812500014e+00 -3.354492187500000000e+00 -8.642578125000000000e-01 4.428710937500000000e+00 1.069335937500000000e+00 7.216796875000000000e-01
3.870019531250000200e-01 6.989746093750000000e-01 5.993945312500000844e-01 5.955078125000000389e-02 9.974414062500001066e-01 -7.285361328124999591e-01 -8.544921875000000000e-01 1.635742187500000000e+00 -3.071289062500000000e+00 3.569335937500000000e+00 1.221679687500000000e+00
1.970019531249999900e-01 9.489746093750000000e-01 7.793945312500000222e-01 3.955078125000000000e-02 8.974414062500000178e-01 -1.561536132812499922e+00 4.145507812500000000e+00 -3.364257812500000000e+00 1.928710937500000000e+00 -1.430664062500000000e+00 2.216796875000000000e-01
1.732519531249999967e-01 5.427246093750000000e-01 5.768945312500000089e-01 4.705078125000000666e-02 8.849414062499999512e-01 -1.457411132812500121e+00 1.020507812500000000e+00 2.260742187500000000e+00 -1.196289062500000000e+00 4.194335937500000000e+00 9.667968750000000000e-02
3.632519531250000266e-01 7.927246093750000000e-01 7.568945312500000577e-01 6.705078124999999667e-02 9.849414062500000400e-01 -6.244111328125001581e-01 -3.979492187500000000e+00 -2.739257812500000000e+00 3.803710937500000000e+00 -8.056640625000000000e-01 1.096679687500000000e+00
4.582519531250000000e-01 6.677246093750000000e-01 8.468945312500000266e-01 3.705078124999999778e-02 1.034941406249999973e+00 -1.873911132812499991e+00 -1.479492187500000000e+00 4.760742187500000000e+00 -3.696289062500000000e+00 -3.305664062500000000e+00 5.966796875000000000e-01
2.682519531249999978e-01 9.177246093750000000e-01 6.668945312500000888e-01 5.705078125000000167e-02 9.349414062499999956e-01 -1.040911132812500028e+00 3.520507812500000000e+00 -2.392578125000000000e-01 1.303710937500000000e+00 1.694335937500000000e+00 1.596679687500000000e+00
2.207519531250000111e-01 7.302246093750000000e-01 8.018945312500000977e-01 4.205078125000000222e-02 1.059941406250000107e+00 -8.326611328124999822e-01 2.270507812500000000e+00 -3.989257812500000000e+00 -2.446289062500000000e+00 -4.555664062500000000e+00 8.466796875000000000e-01
4.107519531250000133e-01 9.802246093750000000e-01 6.218945312500000488e-01 6.205078125000000611e-02 9.599414062500000178e-01 -1.665661132812499945e+00 -2.729492187500000000e+00 1.010742187500000000e+00 2.553710937500000000e+00 4.443359375000000000e-01 1.846679687500000000e+00
3.157519531249999845e-01 6.052246093750000000e-01 7.118945312500000178e-01 3.205078125000000028e-02 9.099414062499999734e-01 -4.161611328125001119e-01 -2.294921875000000000e-01 -1.489257812500000000e+00 -4.946289062500000000e+00 2.944335937500000000e+00 3.466796875000000000e-01
1.257519531249999822e-01 8.552246093750000000e-01 8.918945312499999556e-01 5.205078125000000416e-02 1.009941406250000062e+00 -1.249161132812500075e+00 4.770507812500000000e+00 3.510742187500000000e+00 5.371093750000000000e-02 -2.055664062500000000e+00 1.346679687500000000e+00
1.242675781250000000e-01 6.462402343750000000e-01 8.145507812500000222e-01 3.470703124999999917e-02 9.185351562500000400e-01 -1.724231445312500055e+00 -1.596679687500000000e+00 4.487304687500000000e+00 3.271484375000000000e-01 -1.782226562500000000e+00 1.745117187500000000e+00
3.142675781250000022e-01 8.962402343750000000e-01 6.345507812500000844e-01 5.470703125000000305e-02 1.018535156250000018e+00 -8.912314453125000924e-01 3.403320312500000000e+00 -5.126953125000000000e-01 -4.672851562500000000e+00 3.217773437500000000e+00 7.451171875000000000e-01
4.092675781249999756e-01 5.212402343750000000e-01 7.245507812500000533e-01 4.470703125000000111e-02 1.068535156250000062e+00 -1.307731445312500185e+00 9.033203125000000000e-01 1.987304687500000000e+00 2.827148437500000000e+00 7.177734375000000000e-01 1.245117187500000000e+00
2.192675781250000011e-01 7.712402343750000000e-01 9.045507812499999911e-01 6.470703125000000500e-02 9.685351562499999734e-01 -4.747314453125000000e-01 -4.096679687500000000e+00 -3.012695312500000000e+00 -2.172851562500000000e+00 -4.282226562500000000e+00 2.451171875000000000e-01
2.667675781249999600e-01 5.837402343750000000e-01 5.895507812500000444e-01 3.970703124999999667e-02 1.043535156249999929e+00 -6.829814453125000462e-01 -3.466796875000000000e-01 -1.762695312500000000e+00 1.577148437500000000e+00 1.967773437500000000e+00 1.495117187500000000e+00
4.567675781250000178e-01 8.337402343750000000e-01 7.695507812499999822e-01 5.970703125000000056e-02 9.435351562500000622e-01 -1.515981445312500009e+00 4.653320312500000000e+00 3.237304687500000000e+00 -3.422851562500000000e+00 -3.032226562500000000e+00 4.951171875000000000e-01
3.617675781249999889e-01 7.087402343750000000e-01 8.595507812500000622e-01 4.970703125000000555e-02 8.935351562500000178e-01 -1.099481445312500139e+00 2.153320312500000000e+00 -4.262695312500000000e+00 4.077148437500000000e+00 -5.322265625000000000e-01 1.995117187500000000e+00
1.717675781249999867e-01 9.587402343750000000e-01 6.795507812500000133e-01 6.970703125000000944e-02 9.935351562499999956e-01 -1.932481445312500101e+00 -2.846679687500000000e+00 7.373046875000000000e-01 -9.228515625000000000e-01 4.467773437500000000e+00 9.951171875000000000e-01
1.955175781249999800e-01 5.524902343750000000e-01 8.820507812500000266e-01 5.720703125000000527e-02 1.006035156250000062e+00 -1.828356445312500078e+00 -2.221679687500000000e+00 -4.887695312500000000e+00 2.202148437500000000e+00 -2.407226562500000000e+00 8.701171875000000000e-01
3.855175781249999822e-01 8.024902343750000000e-01 7.020507812500000888e-01 3.720703125000000139e-02 9.060351562499999734e-01 -9.953564453125001155e-01 2.778320312500000000e+00 1.123046875000000000e-01 -2.797851562500000000e+00 2.592773437500000000e+00 1.870117187500000000e+00
4.805175781250000111e-01 6.774902343750000000e-01 6.120507812500000089e-01 6.720703125000000722e-02 9.560351562500000178e-01 -1.411856445312499986e+00 2.783203125000000000e-01 -2.387695312500000000e+00 4.702148437500000000e+00 9.277343750000000000e-02 3.701171875000000000e-01
2.905175781250000089e-01 9.274902343750000000e-01 7.920507812500000577e-01 4.720703125000000333e-02 1.056035156250000107e+00 -5.788564453125000231e-01 -4.721679687500000000e+00 2.612304687500000000e+00 -2.978515625000000000e-01 -4.907226562500000000e+00 1.370117187500000000e+00
2.430175781249999944e-01 7.399902343750000000e-01 6.570507812500000488e-01 5.220703125000000777e-02 9.310351562499999956e-01 -3.706064453124999769e-01 -9.716796875000000000e-01 1.362304687500000000e+00 9.521484375000000000e-01 1.342773437500000000e+00 1.201171875000000000e-01
4.330175781250000244e-01 9.899902343750000000e-01 8.370507812500000977e-01 3.220703124999999695e-02 1.031035156249999973e+00 -1.203606445312499940e+00 4.028320312500000000e+00 -3.637695312500000000e+00 -4.047851562500000000e+00 -3.657226562500000000e+00 1.120117187500000000e+00
3.380175781249999956e-01 6.149902343750000000e-01 7.470507812500000178e-01 6.220703125000000278e-02 9.810351562500000400e-01 -7.871064453125000693e-01 1.528320312500000000e+00 3.862304687500000000e+00 3.452148437500000000e+00 -1.157226562500000000e+00 6.201171875000000000e-01
1.480175781249999933e-01 8.649902343750000000e-01 5.670507812500000799e-01 4.220703124999999889e-02 8.810351562499999512e-01 -1.620106445312500032e+00 -3.471679687500000000e+00 -1.137695312500000000e+00 -1.547851562500000000e+00 3.842773437500000000e+00 1.620117187500000000e+00
1.598925781249999900e-01 5.993652343750000000e-01 6.908007812500001066e-01 4.845703125000000444e-02 9.622851562499999956e-01 -1.255668945312500062e+00 3.715820312500000000e+00 -3.325195312500000000e+00 -2.485351562500000000e+00 -2.719726562500000000e+00 1.432617187500000000e+00
3.498925781249999645e-01 8.493652343750000000e-01 8.708007812500000444e-01 6.845703125000000833e-02 1.062285156249999973e+00 -4.226689453125000995e-01 -1.284179687500000000e+00 1.674804687500000000e+00 2.514648437500000000e+00 2.280273437500000000e+00 4.326171875000000000e-01
4.448925781249999933e-01 7.243652343750000000e-01 7.808007812500000755e-01 3.845703125000000250e-02 1.012285156249999929e+00 -1.672168945312499932e+00 -3.784179687500000000e+00 -8.251953125000000000e-01 -4.985351562500000000e+00 4.780273437500000000e+00 1.932617187500000000e+00
2.548925781249999911e-01 9.743652343750000000e-01 6.008007812500000266e-01 5.845703124999999944e-02 9.122851562500000622e-01 -8.391689453124999698e-01 1.215820312500000000e+00 4.174804687500000000e+00 1.464843750000000000e-02 -2.197265625000000000e-01 9.326171875000000000e-01
3.023925781249999778e-01 6.618652343750000000e-01 8.258007812500001155e-01 4.345703125000000000e-02 9.872851562500000178e-01 -1.047418945312500016e+00 4.965820312500000000e+00 4.248046875000000000e-01 -1.235351562500000000e+00 3.530273437500000000e+00 1.682617187500000000e+00
4.923925781249999800e-01 9.118652343750000000e-01 6.458007812500000666e-01 6.345703125000000389e-02 8.872851562500000400e-01 -1.880418945312499979e+00 -3.417968750000000000e-02 -4.575195312500000000e+00 3.764648437500000000e+00 -1.469726562500000000e+00 6.826171875000000000e-01
3.973925781250000067e-01 5.368652343750000000e-01 5.558007812500000977e-01 3.345703124999999806e-02 9.372851562499999734e-01 -6.309189453125001457e-01 -2.534179687500000000e+00 2.924804687500000000e+00 -3.735351562500000000e+00 -3.969726562500000000e+00 1.182617187500000000e+00
2.073925781250000044e-01 7.868652343750000000e-01 7.358007812500000355e-01 5.345703125000000194e-02 1.037285156250000062e+00 -1.463918945312499886e+00 2.465820312500000000e+00 -2.075195312500000000e+00 1.264648437500000000e+00 1.030273437500000000e+00 1.826171875000000000e-01
1.836425781250000111e-01 6.931152343750000000e-01 6.233007812499999911e-01 6.095703125000000167e-02 1.049785156250000018e+00 -1.568043945312500131e+00 3.090820312500000000e+00 3.549804687500000000e+00 -6.103515625000000000e-01 -3.344726562500000000e+00 5.761718750000000000e-02
3.736425781250000133e-01 9.431152343750000000e-01 8.033007812500000400e-01 4.095703124999999778e-02 9.497851562500000400e-01 -7.350439453124999467e-01 -1.909179687500000000e+00 -1.450195312500000000e+00 4.389648437500000000e+00 1.655273437500000000e+00 1.057617187500000000e+00
4.686425781249999867e-01 5.681152343750000000e-01 8.933007812500000089e-01 5.095703125000000666e-02 8.997851562499999956e-01 -1.984543945312500002e+00 -4.409179687500000000e+00 1.049804687500000000e+00 -3.110351562500000000e+00 4.155273437500000000e+00 5.576171875000000000e-01
2.786425781249999845e-01 8.181152343750000000e-01 7.133007812500000711e-01 3.095703124999999931e-02 9.997851562499999734e-01 -1.151543945312500039e+00 5.908203125000000000e-01 -3.950195312500000000e+00 1.889648437500000000e+00 -8.447265625000000000e-01 1.557617187500000000e+00
2.311425781249999978e-01 5.056152343750000000e-01 7.583007812500000000e-01 6.595703125000000611e-02 8.747851562499999734e-01 -9.432939453124999929e-01 4.340820312500000000e+00 -2.001953125000000000e-01 -1.860351562500000000e+00 2.905273437500000000e+00 8.076171875000000000e-01
4.211425781250000000e-01 7.556152343750000000e-01 5.783007812500000622e-01 4.595703125000000222e-02 9.747851562500000622e-01 -1.776293945312499956e+00 -6.591796875000000000e-01 4.799804687500000000e+00 3.139648437500000000e+00 -2.094726562500000000e+00 1.807617187500000000e+00
3.261425781250000266e-01 6.306152343750000000e-01 6.683007812500000311e-01 5.595703125000000416e-02 1.024785156250000107e+00 -5.267939453125001226e-01 -3.159179687500000000e+00 -2.700195312500000000e+00 -4.360351562500000000e+00 -4.594726562500000000e+00 3.076171875000000000e-01
1.361425781249999967e-01 8.806152343750000000e-01 8.483007812500000799e-01 3.595703125000000028e-02 9.247851562500000178e-01 -1.359793945312500085e+00 1.840820312500000000e+00 2.299804687500000000e+00 6.396484375000000000e-01 4.052734375000000000e-01 1.307617187500000000e+00
1.420800781250000089e-01 5.290527343750000000e-01 5.951757812500000355e-01 5.158203125000000722e-02 9.779101562499999956e-01 -1.073450195312500188e+00 -4.252929687500000000e+00 -1.293945312500000000e+00 -3.891601562500000000e+00 -1.313476562500000000e+00 1.838867187500000000e+00
3.320800781250000111e-01 7.790527343750000000e-01 7.751757812499999734e-01 3.158203124999999639e-02 8.779101562500000178e-01 -1.906450195312499929e+00 7.470703125000000000e-01 3.706054687500000000e+00 1.108398437500000000e+00 3.686523437500000000e+00 8.388671875000000000e-01
4.270800781249999845e-01 6.540527343750000000e-01 8.651757812500000533e-01 6.158203125000000222e-02 9.279101562500000622e-01 -6.569501953125000959e-01 3.247070312500000000e+00 -3.793945312500000000e+00 -1.391601562500000000e+00 1.186523437500000000e+00 1.338867187500000000e+00
2.370800781249999822e-01 9.040527343750000000e-01 6.851757812500000044e-01 4.158203124999999833e-02 1.027910156249999929e+00 -1.489950195312500059e+00 -1.752929687500000000e+00 1.206054687500000000e+00 3.608398437500000000e+00 -3.813476562500000000e+00 3.388671875000000000e-01
2.845800781249999689e-01 7.165527343750000000e-01 7.301757812500000444e-01 5.658203125000000472e-02 9.529101562499999734e-01 -1.281700195312500012e+00 -3.002929687500000000e+00 4.956054687500000000e+00 -2.641601562500000000e+00 2.436523437500000000e+00 1.088867187500000000e+00
4.745800781250000266e-01 9.665527343750000000e-01 5.501757812499999956e-01 3.658203125000000083e-02 1.052910156250000062e+00 -4.487001953125000497e-01 1.997070312500000000e+00 -4.394531250000000000e-02 2.358398437500000000e+00 -2.563476562500000000e+00 8.886718750000000000e-02
3.795800781249999978e-01 5.915527343750000000e-01 6.401757812500000755e-01 6.658203125000000666e-02 1.002910156250000018e+00 -1.698200195312499883e+00 4.497070312500000000e+00 2.456054687500000000e+00 -1.416015625000000000e-01 -6.347656250000000000e-02 1.588867187500000000e+00
1.895800781249999956e-01 8.415527343750000000e-01 8.201757812500000133e-01 4.658203125000000278e-02 9.029101562500000400e-01 -8.652001953125001421e-01 -5.029296875000000000e-01 -2.543945312500000000e+00 4.858398437500000000e+00 4.936523437500000000e+00 5.888671875000000000e-01
2.133300781249999889e-01 6.853027343750000000e-01 7.076757812500000799e-01 3.908203125000000305e-02 8.904101562499999734e-01 -7.610751953125001190e-01 -4.877929687500000000e+00 1.831054687500000000e+00 -3.266601562500000000e+00 -1.938476562500000000e+00 7.138671875000000000e-01
4.033300781249999911e-01 9.353027343750000000e-01 8.876757812500000178e-01 5.908203125000000000e-02 9.904101562500000622e-01 -1.594075195312500082e+00 1.220703125000000000e-01 -3.168945312500000000e+00 1.733398437500000000e+00 3.061523437500000000e+00 1.713867187500000000e+00
4.983300781250000200e-01 5.603027343750000000e-01 7.976757812500000488e-01 4.908203125000000500e-02 1.040410156250000107e+00 -3.445751953125000266e-01 2.622070312500000000e+00 4.331054687500000000e+00 -7.666015625000000000e-01 5.615234375000000000e-01 2.138671875000000000e-01
3.083300781250000178e-01 8.103027343750000000e-01 6.176757812500000000e-01 6.908203125000000888e-02 9.404101562500000178e-01 -1.177575195312499989e+00 -2.377929687500000000e+00 -6.689453125000000000e-01 4.233398437500000000e+00 -4.438476562500000000e+00 1.213867187500000000e+00
2.608300781250000311e-01 6.228027343750000000e-01 8.426757812500000888e-01 3.408203124999999861e-02 1.065410156250000018e+00 -1.385825195312500036e+00 -3.627929687500000000e+00 -4.418945312500000000e+00 -4.516601562500000000e+00 1.811523437500000000e+00 4.638671875000000000e-01
4.508300781249999778e-01 8.728027343750000000e-01 6.626757812500000400e-01 5.408203125000000250e-02 9.654101562500000400e-01 -5.528251953125000728e-01 1.372070312500000000e+00 5.810546875000000000e-01 4.833984375000000000e-01 -3.188476562500000000e+00 1.463867187500000000e+00
3.558300781250000044e-01 7.478027343750000000e-01 5.726757812500000711e-01 4.408203125000000056e-02 9.154101562499999956e-01 -1.802325195312500128e+00 3.872070312500000000e+00 -1.918945312500000000e+00 -2.016601562500000000e+00 -6.884765625000000000e-01 9.638671875000000000e-01
1.658300781250000022e-01 9.978027343750000000e-01 7.526757812500000089e-01 6.408203125000000444e-02 1.015410156249999973e+00 -9.693251953124999432e-01 -1.127929687500000000e+00 3.081054687500000000e+00 2.983398437500000000e+00 4.311523437500000000e+00 1.963867187500000000e+00
1.539550781250000056e-01 7.321777343750000000e-01 8.989257812500000000e-01 6.533203125000000555e-02 1.021660156250000062e+00 -6.048876953124999734e-01 1.059570312500000000e+00 2.685546875000000000e-01 3.295898437500000000e+00 -2.875976562500000000e+00 1.026367187500000000e+00
3.439550781250000355e-01 9.821777343750000000e-01 7.189257812500000622e-01 4.533203125000000167e-02 9.216601562499999734e-01 -1.437887695312499936e+00 -3.940429687500000000e+00 -4.731445312500000000e+00 -1.704101562500000000e+00 2.124023437500000000e+00 2.636718750000000000e-02
4.389550781250000089e-01 6.071777343750000000e-01 6.289257812499999822e-01 5.533203125000000361e-02 8.716601562500000400e-01 -1.021387695312500066e+00 -1.440429687500000000e+00 2.768554687500000000e+00 7.958984375000000000e-01 4.624023437500000000e+00 1.526367187500000000e+00
2.489550781250000067e-01 8.571777343750000000e-01 8.089257812500000311e-01 3.533203124999999972e-02 9.716601562500000178e-01 -1.854387695312500028e+00 3.559570312500000000e+00 -2.231445312500000000e+00 -4.204101562500000000e+00 -3.759765625000000000e-01 5.263671875000000000e-01
2.964550781249999933e-01 5.446777343750000000e-01 6.739257812500000222e-01 6.033203125000000111e-02 8.966601562499999512e-01 -1.646137695312499982e+00 2.309570312500000000e+00 -3.481445312500000000e+00 4.545898437500000000e+00 3.374023437500000000e+00 1.776367187500000000e+00
4.864550781249999956e-01 7.946777343750000000e-01 8.539257812500000711e-01 4.033203124999999722e-02 9.966601562500000400e-01 -8.131376953125000195e-01 -2.690429687500000000e+00 1.518554687500000000e+00 -4.541015625000000000e-01 -1.625976562500000000e+00 7.763671875000000000e-01
3.914550781250000222e-01 6.696777343750000000e-01 7.639257812499999911e-01 5.033203125000000611e-02 1.046660156249999973e+00 -1.229637695312499890e+00 -1.904296875000000000e-01 -9.814453125000000000e-01 2.045898437500000000e+00 -4.125976562500000000e+00 1.276367187500000000e+00
2.014550781249999922e-01 9.196777343750000000e-01 5.839257812500000533e-01 3.033203124999999875e-02 9.466601562499999956e-01 -3.966376953125001492e-01 4.809570312500000000e+00 4.018554687500000000e+00 -2.954101562500000000e+00 8.740234375000000000e-01 2.763671875000000000e-01
1.777050781249999989e-01 5.759277343750000000e-01 7.864257812500000666e-01 4.283203124999999944e-02 9.341601562500000400e-01 -5.007626953125001723e-01 4.345703125000000000e-01 -3.564453125000000000e-01 3.920898437500000000e+00 -3.500976562500000000e+00 4.013671875000000000e-01
3.677050781249999734e-01 8.259277343750000000e-01 6.064257812500000178e-01 6.283203125000000333e-02 1.034160156250000018e+00 -1.333762695312500135e+00 -4.565429687500000000e+00 4.643554687500000000e+00 -1.079101562500000000e+00 1.499023437500000000e+00 1.401367187500000000e+00
4.627050781250000022e-01 7.009277343750000000e-01 6.964257812500000977e-01 3.283203124999999750e-02 9.841601562499999734e-01 -9.172626953125000426e-01 -2.065429687500000000e+00 -2.856445312500000000e+00 1.420898437500000000e+00 3.999023437500000000e+00 9.013671875000000000e-01
2.727050781250000000e-01 9.509277343750000000e-01 8.764257812500000355e-01 5.283203125000000833e-02 8.841601562499999956e-01 -1.750262695312500005e+00 2.934570312500000000e+00 2.143554687500000000e+00 -3.579101562500000000e+00 -1.000976562500000000e+00 1.901367187500000000e+00
2.252050781250000133e-01 6.384277343750000000e-01 5.614257812500000888e-01 4.783203125000000389e-02 1.009160156250000107e+00 -1.958512695312500052e+00 1.684570312500000000e+00 3.393554687500000000e+00 2.670898437500000000e+00 2.749023437500000000e+00 6.513671875000000000e-01
4.152050781250000155e-01 8.884277343750000000e-01 7.414257812500000266e-01 6.783203125000000777e-02 9.091601562500000178e-01 -1.125512695312500089e+00 -3.315429687500000000e+00 -1.606445312500000000e+00 -2.329101562500000000e+00 -2.250976562500000000e+00 1.651367187500000000e+00
3.202050781249999867e-01 5.134277343750000000e-01 8.314257812500001066e-01 3.783203125000000194e-02 9.591601562500000622e-01 -1.542012695312499959e+00 -8.154296875000000000e-01 8.935546875000000000e-01 1.708984375000000000e-01 -4.750976562500000000e+00 1.513671875000000000e-01
1.302050781249999845e-01 7.634277343750000000e-01 6.514257812500000577e-01 5.783203125000000583e-02 1.059160156250000151e+00 -7.090126953124999964e-01 4.184570312500000000e+00 -4.106445312500000000e+00 -4.829101562500000000e+00 2.490234375000000000e-01 1.151367187500000000e+00
1.272363281249999922e-01 5.876464843750000000e-01 8.398632812499999822e-01 6.251953125000000999e-02 8.763476562499999956e-01 -4.096533203125001243e-01 -3.081054687500000000e+00 -2.465820312500000000e+00 2.124023437500000000e+00 -4.516601562500000000e+00 8.857421875000000000e-01
3.172363281250000222e-01 8.376464843750000000e-01 6.598632812500000444e-01 4.251953124999999917e-02 9.763476562499999734e-01 -1.242653320312500087e+00 1.918945312500000000e+00 2.534179687500000000e+00 -2.875976562500000000e+00 4.833984375000000000e-01 1.885742187500000000e+00
4.122363281249999956e-01 7.126464843750000000e-01 5.698632812500000755e-01 5.251953125000000111e-02 1.026347656250000018e+00 -8.261533203124999947e-01 4.418945312500000000e+00 -4.965820312500000000e+00 4.624023437500000000e+00 2.983398437500000000e+00 3.857421875000000000e-01
2.222363281249999933e-01 9.626464843750000000e-01 7.498632812500000133e-01 3.251953124999999722e-02 9.263476562500000400e-01 -1.659153320312499957e+00 -5.810546875000000000e-01 3.417968750000000000e-02 -3.759765625000000000e-01 -2.016601562500000000e+00 1.385742187500000000e+00
2.697363281250000355e-01 6.501464843750000000e-01 7.048632812499999734e-01 6.751953125000001443e-02 1.051347656250000151e+00 -1.867403320312500004e+00 -4.331054687500000000e+00 3.784179687500000000e+00 8.740234375000000000e-01 4.233398437500000000e+00 1.357421875000000000e-01
4.597363281249999822e-01 9.001464843750000000e-01 8.848632812500000222e-01 4.751953125000000361e-02 9.513476562500000622e-01 -1.034403320312500041e+00 6.689453125000000000e-01 -1.215820312500000000e+00 -4.125976562500000000e+00 -7.666015625000000000e-01 1.135742187500000000e+00
3.647363281250000089e-01 5.251464843750000000e-01 7.948632812500000533e-01 5.751953125000000555e-02 9.013476562500000178e-01 -1.450903320312499911e+00 3.168945312500000000e+00 1.284179687500000000e+00 3.374023437500000000e+00 -3.266601562500000000e+00 6.357421875000000000e-01
1.747363281250000067e-01 7.751464843750000000e-01 6.148632812500000044e-01 3.751953125000000167e-02 1.001347656250000107e+00 -6.179033203125001705e-01 -1.831054687500000000e+00 -3.715820312500000000e+00 -1.625976562500000000e+00 1.733398437500000000e+00 1.635742187500000000e+00
1.984863281250000000e-01 7.438964843750000000e-01 7.723632812500000888e-01 4.501953125000000139e-02 9.888476562500000400e-01 -7.220283203124999716e-01 -3.706054687500000000e+00 1.909179687500000000e+00 2.490234375000000000e-01 -3.891601562500000000e+00 1.510742187500000000e+00
3.884863281250000022e-01 9.938964843750000000e-01 5.923632812500000400e-01 6.501953125000001221e-02 8.888476562499999512e-01 -1.555028320312500156e+00 1.293945312500000000e+00 -3.090820312500000000e+00 -4.750976562500000000e+00 1.108398437500000000e+00 5.107421875000000000e-01
4.834863281249999756e-01 6.188964843750000000e-01 6.823632812500000089e-01 3.501953124999999944e-02 9.388476562499999956e-01 -1.138528320312500064e+00 3.793945312500000000e+00 4.409179687500000000e+00 2.749023437500000000e+00 3.608398437500000000e+00 1.010742187500000000e+00
2.934863281249999734e-01 8.688964843750000000e-01 8.623632812500000577e-01 5.501953125000000333e-02 1.038847656249999973e+00 -1.971528320312500027e+00 -1.206054687500000000e+00 -5.908203125000000000e-01 -2.250976562500000000e+00 -1.391601562500000000e+00 1.074218750000000000e-02
2.459863281249999867e-01 5.563964843750000000e-01 6.373632812500000799e-01 4.001953125000000389e-02 9.638476562500000178e-01 -1.763278320312499980e+00 -4.956054687500000000e+00 -4.340820312500000000e+00 1.499023437500000000e+00 4.858398437500000000e+00 1.260742187500000000e+00
4.359863281249999889e-01 8.063964843750000000e-01 8.173632812500000178e-01 6.001953125000000777e-02 1.063847656250000107e+00 -9.302783203125000178e-01 4.394531250000000000e-02 6.591796875000000000e-01 -3.500976562500000000e+00 -1.416015625000000000e-01 2.607421875000000000e-01
3.409863281249999600e-01 6.813964843750000000e-01 9.073632812500000977e-01 3.001953124999999847e-02 1.013847656250000062e+00 -1.346778320312500110e+00 2.543945312500000000e+00 -1.840820312500000000e+00 3.999023437500000000e+00 -2.641601562500000000e+00 1.760742187500000000e+00
1.509863281249999856e-01 9.313964843750000000e-01 7.273632812500000488e-01 5.001953124999999889e-02 9.138476562499999734e-01 -5.137783203125001474e-01 -2.456054687500000000e+00 3.159179687500000000e+00 -1.000976562500000000e+00 2.358398437500000000e+00 7.607421875000000000e-01
1.628613281249999822e-01 6.657714843750000000e-01 5.811132812500000577e-01 5.876953125000000666e-02 9.200976562500000622e-01 -8.782158203125001172e-01 2.231445312500000000e+00 9.716796875000000000e-01 -6.347656250000000000e-02 -1.079101562500000000e+00 1.982421875000000000e-01
3.528613281249999845e-01 9.157714843750000000e-01 7.611132812499999956e-01 3.876953125000000278e-02 1.020097656249999929e+00 -1.711215820312500080e+00 -2.768554687500000000e+00 -4.028320312500000000e+00 4.936523437500000000e+00 3.920898437500000000e+00 1.198242187500000000e+00
4.478613281250000133e-01 5.407714843750000000e-01 8.511132812499999645e-01 6.876953125000001554e-02 9.700976562499999956e-01 -4.617158203125000249e-01 -2.685546875000000000e-01 3.471679687500000000e+00 -2.563476562500000000e+00 1.420898437500000000e+00 6.982421875000000000e-01
2.578613281249999556e-01 7.907714843750000000e-01 6.711132812500000266e-01 4.876953124999999778e-02 8.700976562500000178e-01 -1.294715820312499988e+00 4.731445312500000000e+00 -1.528320312500000000e+00 2.436523437500000000e+00 -3.579101562500000000e+00 1.698242187500000000e+00
3.053613281249999978e-01 6.032714843750000000e-01 8.061132812500000355e-01 5.376953125000000222e-02 9.950976562500000178e-01 -1.502965820312500034e+00 9.814453125000000000e-01 -2.778320312500000000e+00 -1.313476562500000000e+00 1.708984375000000000e-01 9.482421875000000000e-01
4.953613281250000000e-01 8.532714843750000000e-01 6.261132812500000977e-01 3.376953124999999833e-02 8.950976562500000400e-01 -6.699658203125000711e-01 -4.018554687500000000e+00 2.221679687500000000e+00 3.686523437500000000e+00 -4.829101562500000000e+00 1.948242187500000000e+00
4.003613281249999711e-01 7.282714843750000000e-01 7.161132812500000666e-01 6.376953125000001110e-02 9.450976562499999734e-01 -1.919465820312499904e+00 -1.518554687500000000e+00 -2.783203125000000000e-01 -3.813476562500000000e+00 -2.329101562500000000e+00 4.482421875000000000e-01
2.103613281249999967e-01 9.782714843750000000e-01 8.961132812500000044e-01 4.376953125000000028e-02 1.045097656250000062e+00 -1.086465820312500163e+00 3.481445312500000000e+00 4.721679687500000000e+00 1.186523437500000000e+00 2.670898437500000000e+00 1.448242187500000000e+00
1.866113281249999756e-01 5.095214843750000000e-01 6.486132812500000622e-01 3.126953124999999611e-02 1.032597656250000107e+00 -9.823408203125001403e-01 1.606445312500000000e+00 -9.033203125000000000e-01 -1.938476562500000000e+00 -4.541015625000000000e-01 1.323242187500000000e+00
3.766113281249999778e-01 7.595214843750000000e-01 8.286132812500000000e-01 5.126953125000000000e-02 9.325976562500000178e-01 -1.815340820312500103e+00 -3.393554687500000000e+00 4.096679687500000000e+00 3.061523437500000000e+00 4.545898437500000000e+00 3.232421875000000000e-01
4.716113281250000067e-01 6.345214843750000000e-01 7.386132812500000311e-01 4.126953125000000500e-02 8.825976562499999734e-01 -5.658408203125000480e-01 -8.935546875000000000e-01 -3.403320312500000000e+00 -4.438476562500000000e+00 2.045898437500000000e+00 1.823242187500000000e+00
2.816113281250000044e-01 8.845214843750000000e-01 5.586132812500000933e-01 6.126953125000000194e-02 9.825976562500000622e-01 -1.398840820312500011e+00 4.106445312500000000e+00 1.596679687500000000e+00 5.615234375000000000e-01 -2.954101562500000000e+00 8.232421875000000000e-01
2.341113281249999900e-01 6.970214843750000000e-01 8.736132812500000400e-01 3.626953125000000056e-02 9.075976562499999956e-01 -1.190590820312499964e+00 3.564453125000000000e-01 2.846679687500000000e+00 -6.884765625000000000e-01 7.958984375000000000e-01 1.573242187500000000e+00
4.241113281250000200e-01 9.470214843750000000e-01 6.936132812499999911e-01 5.626953125000000444e-02 1.007597656249999973e+00 -3.575908203125000018e-01 -4.643554687500000000e+00 -2.153320312500000000e+00 4.311523437500000000e+00 -4.204101562500000000e+00 5.732421875000000000e-01
3.291113281249999911e-01 5.720214843750000000e-01 6.036132812500000222e-01 4.626953125000000250e-02 1.057597656250000018e+00 -1.607090820312500057e+00 -2.143554687500000000e+00 3.466796875000000000e-01 -3.188476562500000000e+00 -1.704101562500000000e+00 1.073242187500000000e+00
1.391113281249999889e-01 8.220214843750000000e-01 7.836132812500000711e-01 6.626953125000001332e-02 9.575976562500000400e-01 -7.740908203125000941e-01 2.856445312500000000e+00 -4.653320312500000000e+00 1.811523437500000000e+00 3.295898437500000000e+00 7.324218750000000000e-02
1.331738281250000044e-01 7.048339843750000000e-01 6.654882812500000355e-01 4.064453125000000444e-02 1.016972656250000107e+00 -1.476934570312499861e+00 -4.248046875000000000e-01 4.252929687500000000e+00 -3.657226562500000000e+00 -4.985351562500000000e+00 5.419921875000000000e-01
3.231738281250000067e-01 9.548339843750000000e-01 8.454882812499999734e-01 6.064453125000000833e-02 9.169726562500000178e-01 -6.439345703125001208e-01 4.575195312500000000e+00 -7.470703125000000000e-01 1.342773437500000000e+00 1.464843750000000000e-02 1.541992187500000000e+00
4.181738281249999800e-01 5.798339843750000000e-01 7.554882812500000044e-01 3.064453124999999903e-02 9.669726562500000622e-01 -1.893434570312499954e+00 2.075195312500000000e+00 1.752929687500000000e+00 -1.157226562500000000e+00 2.514648437500000000e+00 4.199218750000000000e-02
2.281738281249999778e-01 8.298339843750000000e-01 5.754882812500000666e-01 5.064453124999999944e-02 1.066972656250000151e+00 -1.060434570312499991e+00 -2.924804687500000000e+00 -3.247070312500000000e+00 3.842773437500000000e+00 -2.485351562500000000e+00 1.041992187500000000e+00
2.756738281249999645e-01 5.173339843750000000e-01 8.904882812500000133e-01 4.564453125000000194e-02 9.419726562500000400e-01 -8.521845703124999449e-01 -1.674804687500000000e+00 -1.997070312500000000e+00 -4.907226562500000000e+00 3.764648437500000000e+00 2.919921875000000000e-01
4.656738281250000222e-01 7.673339843750000000e-01 7.104882812500000755e-01 6.564453124999999889e-02 1.041972656250000018e+00 -1.685184570312499908e+00 3.325195312500000000e+00 3.002929687500000000e+00 9.277343750000000000e-02 -1.235351562500000000e+00 1.291992187500000000e+00
3.706738281249999933e-01 6.423339843750000000e-01 6.204882812499999956e-01 3.564453125000000000e-02 9.919726562500000844e-01 -4.356845703125000746e-01 8.251953125000000000e-01 -4.497070312500000000e+00 -2.407226562500000000e+00 -3.735351562500000000e+00 7.919921875000000000e-01
1.806738281249999911e-01 8.923339843750000000e-01 8.004882812500000444e-01 5.564453125000000389e-02 8.919726562499999956e-01 -1.268684570312500037e+00 -4.174804687500000000e+00 5.029296875000000000e-01 2.592773437500000000e+00 1.264648437500000000e+00 1.791992187500000000e+00
2.044238281249999845e-01 6.110839843750000000e-01 5.529882812499999911e-01 6.814453125000000111e-02 9.044726562500000622e-01 -1.372809570312500060e+00 -1.049804687500000000e+00 -3.872070312500000000e+00 -4.282226562500000000e+00 -4.360351562500000000e+00 1.916992187500000000e+00
3.944238281249999867e-01 8.610839843750000000e-01 7.329882812500000400e-01 4.814453124999999722e-02 1.004472656249999929e+00 -5.398095703125000977e-01 3.950195312500000000e+00 1.127929687500000000e+00 7.177734375000000000e-01 6.396484375000000000e-01 9.169921875000000000e-01
4.894238281250000155e-01 7.360839843750000000e-01 8.229882812500000089e-01 5.814453125000000611e-02 1.054472656249999973e+00 -1.789309570312499931e+00 1.450195312500000000e+00 -1.372070312500000000e+00 -1.782226562500000000e+00 3.139648437500000000e+00 1.416992187500000000e+00
2.994238281250000133e-01 9.860839843750000000e-01 6.429882812500000711e-01 3.814453125000000222e-02 9.544726562499999956e-01 -9.563095703124999680e-01 -3.549804687500000000e+00 3.627929687500000000e+00 3.217773437500000000e+00 -1.860351562500000000e+00 4.169921875000000000e-01
2.519238281250000266e-01 6.735839843750000000e-01 7.779882812500000799e-01 6.314453124999999667e-02 1.029472656250000062e+00 -1.164559570312500014e+00 -2.299804687500000000e+00 2.377929687500000000e+00 -3.032226562500000000e+00 4.389648437500000000e+00 1.166992187500000000e+00
4.419238281249999734e-01 9.235839843750000000e-01 5.979882812500000311e-01 4.314453124999999972e-02 9.294726562499999734e-01 -1.997559570312499977e+00 2.700195312500000000e+00 -2.622070312500000000e+00 1.967773437500000000e+00 -6.103515625000000000e-01 1.669921875000000000e-01
3.469238281250000000e-01 5.485839843750000000e-01 6.879882812500000000e-01 5.314453125000000167e-02 8.794726562500000400e-01 -7.480595703125001439e-01 2.001953125000000000e-01 4.877929687500000000e+00 -5.322265625000000000e-01 -3.110351562500000000e+00 1.666992187500000000e+00
1.569238281249999978e-01 7.985839843750000000e-01 8.679882812500000488e-01 3.314453124999999778e-02 9.794726562500000178e-01 -1.581059570312500107e+00 -4.799804687500000000e+00 -1.220703125000000000e-01 4.467773437500000000e+00 1.889648437500000000e+00 6.669921875000000000e-01
1.450488281250000011e-01 5.329589843750000000e-01 7.442382812500000222e-01 3.689453125000000111e-02 1.060722656250000062e+00 -1.945497070312500076e+00 4.887695312500000000e+00 -2.934570312500000000e+00 4.155273437500000000e+00 -9.228515625000000000e-01 3.544921875000000000e-01
3.350488281250000311e-01 7.829589843750000000e-01 5.642382812500000844e-01 5.689453125000000500e-02 9.607226562499999734e-01 -1.112497070312500114e+00 -1.123046875000000000e-01 2.065429687500000000e+00 -8.447265625000000000e-01 4.077148437500000000e+00 1.354492187500000000e+00
4.300488281250000044e-01 6.579589843750000000e-01 6.542382812500000533e-01 4.689453125000000305e-02 9.107226562500000400e-01 -1.528997070312499984e+00 -2.612304687500000000e+00 -4.345703125000000000e-01 1.655273437500000000e+00 1.577148437500000000e+00 8.544921875000000000e-01
2.400488281250000022e-01 9.079589843750000000e-01 8.342382812499999911e-01 6.689453125000000000e-02 1.010722656250000018e+00 -6.959970703125000213e-01 2.387695312500000000e+00 4.565429687500000000e+00 -3.344726562500000000e+00 -3.422851562500000000e+00 1.854492187500000000e+00
2.875488281249999889e-01 7.204589843750000000e-01 6.092382812500000133e-01 3.189453124999999667e-02 8.857226562500000178e-01 -4.877470703124999751e-01 3.637695312500000000e+00 8.154296875000000000e-01 2.905273437500000000e+00 3.271484375000000000e-01 6.044921875000000000e-01
4.775488281249999911e-01 9.704589843750000000e-01 7.892382812500000622e-01 5.189453125000000056e-02 9.857226562499999956e-01 -1.320747070312500160e+00 -1.362304687500000000e+00 -4.184570312500000000e+00 -2.094726562500000000e+00 -4.672851562500000000e+00 1.604492187500000000e+00
3.825488281250000178e-01 5.954589843750000000e-01 8.792382812500000311e-01 4.189453124999999861e-02 1.035722656249999929e+00 -9.042470703125000675e-01 -3.862304687500000000e+00 3.315429687500000000e+00 4.052734375000000000e-01 -2.172851562500000000e+00 1.044921875000000000e-01
1.925488281250000155e-01 8.454589843750000000e-01 6.992382812499999822e-01 6.189453125000000250e-02 9.357226562500000622e-01 -1.737247070312500030e+00 1.137695312500000000e+00 -1.684570312500000000e+00 -4.594726562500000000e+00 2.827148437500000000e+00 1.104492187500000000e+00
1.687988281249999944e-01 6.267089843750000000e-01 8.567382812499999556e-01 5.439453125000000278e-02 9.482226562500000178e-01 -1.633122070312500007e+00 4.262695312500000000e+00 2.690429687500000000e+00 3.530273437500000000e+00 -2.978515625000000000e-01 1.229492187500000000e+00
3.587988281249999689e-01 8.767089843750000000e-01 6.767382812500000178e-01 3.439453124999999889e-02 1.048222656250000107e+00 -8.001220703125000444e-01 -7.373046875000000000e-01 -2.309570312500000000e+00 -1.469726562500000000e+00 4.702148437500000000e+00 2.294921875000000000e-01
4.537988281249999978e-01 5.017089843750000000e-01 5.867382812500000488e-01 6.439453124999999778e-02 9.982226562500000622e-01 -1.216622070312499915e+00 -3.237304687500000000e+00 1.904296875000000000e-01 1.030273437500000000e+00 2.202148437500000000e+00 1.729492187500000000e+00
2.637988281249999956e-01 7.517089843750000000e-01 7.667382812500000977e-01 4.439453125000000083e-02 8.982226562499999734e-01 -3.836220703125001741e-01 1.762695312500000000e+00 -4.809570312500000000e+00 -3.969726562500000000e+00 -2.797851562500000000e+00 7.294921875000000000e-01
2.162988281250000089e-01 5.642089843750000000e-01 7.217382812500000577e-01 5.939453125000000722e-02 9.732226562500000400e-01 -5.918720703124999982e-01 3.012695312500000000e+00 -1.059570312500000000e+00 4.780273437500000000e+00 9.521484375000000000e-01 1.979492187500000000e+00
4.062988281250000111e-01 8.142089843750000000e-01 9.017382812500001066e-01 3.939453125000000333e-02 8.732226562499999512e-01 -1.424872070312499961e+00 -1.987304687500000000e+00 3.940429687500000000e+00 -2.197265625000000000e-01 -4.047851562500000000e+00 9.794921875000000000e-01
3.112988281249999822e-01 6.892089843750000000e-01 8.117382812500000266e-01 6.939453125000000222e-02 9.232226562499999956e-01 -1.008372070312500091e+00 -4.487304687500000000e+00 -3.559570312500000000e+00 2.280273437500000000e+00 -1.547851562500000000e+00 1.479492187500000000e+00
1.212988281249999939e-01 9.392089843750000000e-01 6.317382812500000888e-01 4.939453124999999833e-02 1.023222656249999973e+00 -1.841372070312500053e+00 5.126953125000000000e-01 1.440429687500000000e+00 -2.719726562500000000e+00 3.452148437500000000e+00 4.794921875000000000e-01
1.209277343749999983e-01 5.627441406250000000e-01 7.502148437500000266e-01 5.021484375000000167e-02 9.652148437499999956e-01 -6.943701171875000799e-01 -1.235351562500000000e+00 2.211914062500000000e+00 3.208007812500000000e+00 -2.436523437500000000e+00 2.041015625000000000e-01
3.109277343749999867e-01 8.127441406250000000e-01 5.702148437500000888e-01 3.021484374999999778e-02 1.065214843749999973e+00 -1.527370117187500043e+00 3.764648437500000000e+00 -2.788085937500000000e+00 -1.791992187500000000e+00 2.563476562500000000e+00 1.204101562500000000e+00
4.059277343750000155e-01 6.877441406250000000e-01 6.602148437500000577e-01 6.021484375000000361e-02 1.015214843749999929e+00 -1.110870117187499950e+00 1.264648437500000000e+00 4.711914062500000000e+00 7.080078125000000000e-01 6.347656250000000000e-02 7.041015625000000000e-01
2.159277343750000133e-01 9.377441406250000000e-01 8.402148437500001066e-01 4.021484374999999972e-02 9.152148437500000622e-01 -1.943870117187499913e+00 -3.735351562500000000e+00 -2.880859375000000000e-01 -4.291992187500000000e+00 -4.936523437500000000e+00 1.704101562500000000e+00
2.634277343750000000e-01 6.252441406250000000e-01 6.152148437500000178e-01 5.521484375000000611e-02 9.902148437500000178e-01 -1.735620117187500089e+00 -2.485351562500000000e+00 -4.038085937500000000e+00 4.458007812500000000e+00 1.313476562500000000e+00 9.541015625000000000e-01
4.534277343750000022e-01 8.752441406250000000e-01 7.952148437500000666e-01 3.521484375000000222e-02 8.902148437500000400e-01 -9.026201171875001261e-01 2.514648437500000000e+00 9.619140625000000000e-01 -5.419921875000000000e-01 -3.686523437500000000e+00 1.954101562500000000e+00
3.584277343749999734e-01 5.002441406250000000e-01 8.852148437500000355e-01 6.521484375000000111e-02 9.402148437499999734e-01 -1.319120117187499996e+00 1.464843750000000000e-02 -1.538085937500000000e+00 1.958007812500000000e+00 -1.186523437500000000e+00 4.541015625000000000e-01
1.684277343749999989e-01 7.502441406250000000e-01 7.052148437500000977e-01 4.521484375000000416e-02 1.040214843750000062e+00 -4.861201171875000338e-01 -4.985351562500000000e+00 3.461914062500000000e+00 -3.041992187500000000e+00 3.813476562500000000e+00 1.454101562500000000e+00
1.921777343749999922e-01 7.189941406250000000e-01 8.627148437500000711e-01 3.771484374999999750e-02 1.052714843750000018e+00 -3.819951171875000107e-01 -6.103515625000000000e-01 -2.163085937500000000e+00 3.833007812500000000e+00 -1.811523437500000000e+00 1.329101562500000000e+00
3.821777343750000222e-01 9.689941406250000000e-01 6.827148437500000222e-01 5.771484375000000833e-02 9.527148437500000400e-01 -1.214995117187500195e+00 4.389648437500000000e+00 2.836914062500000000e+00 -1.166992187500000000e+00 3.188476562500000000e+00 3.291015625000000000e-01
4.771777343749999956e-01 5.939941406250000000e-01 5.927148437500000533e-01 4.771484374999999944e-02 9.027148437499999956e-01 -7.984951171875001030e-01 1.889648437500000000e+00 -4.663085937500000000e+00 1.333007812500000000e+00 6.884765625000000000e-01 1.829101562500000000e+00
2.871777343749999933e-01 8.439941406250000000e-01 7.727148437499999911e-01 6.771484375000000333e-02 1.002714843749999973e+00 -1.631495117187500066e+00 -3.110351562500000000e+00 3.369140625000000000e-01 -3.666992187500000000e+00 -4.311523437500000000e+00 8.291015625000000000e-01
2.396777343750000067e-01 5.314941406250000000e-01 7.277148437500000622e-01 3.271484375000000000e-02 8.777148437499999734e-01 -1.839745117187499890e+00 -1.860351562500000000e+00 4.086914062500000000e+00 2.583007812500000000e+00 1.938476562500000000e+00 1.579101562500000000e+00
4.296777343750000089e-01 7.814941406250000000e-01 9.077148437500000000e-01 5.271484375000000389e-02 9.777148437500000622e-01 -1.006745117187500149e+00 3.139648437500000000e+00 -9.130859375000000000e-01 -2.416992187500000000e+00 -3.061523437500000000e+00 5.791015625000000000e-01
3.346777343750000355e-01 6.564941406250000000e-01 8.177148437500000311e-01 4.271484375000000194e-02 1.027714843750000107e+00 -1.423245117187500020e+00 6.396484375000000000e-01 1.586914062500000000e+00 8.300781250000000000e-02 -5.615234375000000000e-01 1.079101562500000000e+00
1.446777343750000056e-01 9.064941406250000000e-01 6.377148437499999822e-01 6.271484374999999889e-02 9.277148437500000178e-01 -5.902451171875000568e-01 -4.360351562500000000e+00 -3.413085937500000000e+00 -4.916992187500000000e+00 4.438476562500000000e+00 7.910156250000000000e-02
1.565527343750000022e-01 6.721191406250000000e-01 6.714648437500000400e-01 6.646484375000000222e-02 9.089648437499999734e-01 -1.058807617187500050e+00 4.077148437500000000e+00 -1.225585937500000000e+00 -3.979492187500000000e+00 -3.374023437500000000e+00 8.916015625000000000e-01
3.465527343750000044e-01 9.221191406250000000e-01 8.514648437500000888e-01 4.646484374999999833e-02 1.008964843750000062e+00 -1.891807617187500012e+00 -9.228515625000000000e-01 3.774414062500000000e+00 1.020507812500000000e+00 1.625976562500000000e+00 1.891601562500000000e+00
4.415527343749999778e-01 5.471191406250000000e-01 7.614648437500000089e-01 5.646484375000000722e-02 1.058964843750000107e+00 -6.423076171874999574e-01 -3.422851562500000000e+00 -3.725585937500000000e+00 -1.479492187500000000e+00 4.125976562500000000e+00 3.916015625000000000e-01
2.515527343750000311e-01 7.971191406250000000e-01 5.814648437500000711e-01 3.646484375000000333e-02 9.589648437500000178e-01 -1.475307617187500142e+00 1.577148437500000000e+00 1.274414062500000000e+00 3.520507812500000000e+00 -8.740234375000000000e-01 1.391601562500000000e+00
2.990527343750000178e-01 6.096191406250000000e-01 8.964648437500000178e-01 6.146484375000000472e-02 1.033964843749999973e+00 -1.267057617187500096e+00 2.827148437500000000e+00 2.524414062500000000e+00 -2.729492187500000000e+00 2.875976562500000000e+00 1.416015625000000000e-01
4.890527343750000200e-01 8.596191406250000000e-01 7.164648437500000799e-01 4.146484375000000083e-02 9.339648437499999956e-01 -4.340576171875001332e-01 -2.172851562500000000e+00 -2.475585937500000000e+00 2.270507812500000000e+00 -2.124023437500000000e+00 1.141601562500000000e+00
3.940527343749999911e-01 7.346191406250000000e-01 6.264648437500000000e-01 5.146484375000000278e-02 8.839648437499999512e-01 -1.683557617187499966e+00 -4.672851562500000000e+00 2.441406250000000000e-02 -2.294921875000000000e-01 -4.624023437500000000e+00 6.416015625000000000e-01
2.040527343749999889e-01 9.846191406250000000e-01 8.064648437500000488e-01 3.146484374999999889e-02 9.839648437500000400e-01 -8.505576171875000036e-01 3.271484375000000000e-01 -4.975585937500000000e+00 4.770507812500000000e+00 3.759765625000000000e-01 1.641601562500000000e+00
1.803027343749999956e-01 5.158691406250000000e-01 5.589648437499999956e-01 4.396484375000000305e-02 9.964648437500001066e-01 -9.546826171875000266e-01 4.702148437500000000e+00 6.494140625000000000e-01 -3.354492187500000000e+00 -2.749023437500000000e+00 1.516601562500000000e+00
3.703027343749999978e-01 7.658691406250000000e-01 7.389648437500000444e-01 6.396484375000000000e-02 8.964648437500000178e-01 -1.787682617187499989e+00 -2.978515625000000000e-01 -4.350585937500000000e+00 1.645507812500000000e+00 2.250976562500000000e+00 5.166015625000000000e-01
4.653027343750000266e-01 6.408691406250000000e-01 8.289648437500000133e-01 3.396484375000000111e-02 9.464648437500000622e-01 -5.381826171875001563e-01 -2.797851562500000000e+00 3.149414062500000000e+00 -8.544921875000000000e-01 4.750976562500000000e+00 1.016601562500000000e+00
2.753027343749999689e-01 8.908691406250000000e-01 6.489648437500000755e-01 5.396484375000000500e-02 1.046464843750000151e+00 -1.371182617187499897e+00 2.202148437500000000e+00 -1.850585937500000000e+00 4.145507812500000000e+00 -2.490234375000000000e-01 1.660156250000000000e-02
2.278027343749999822e-01 7.033691406250000000e-01 7.839648437499999734e-01 4.896484375000000056e-02 9.214648437500000400e-01 -1.579432617187499943e+00 3.452148437500000000e+00 -3.100585937500000000e+00 -4.604492187500000000e+00 3.500976562500000000e+00 1.266601562500000000e+00
4.178027343749999845e-01 9.533691406250000000e-01 6.039648437500000355e-01 6.896484375000000444e-02 1.021464843750000018e+00 -7.464326171874999805e-01 -1.547851562500000000e+00 1.899414062500000000e+00 3.955078125000000000e-01 -1.499023437500000000e+00 2.666015625000000000e-01
3.228027343750000111e-01 5.783691406250000000e-01 6.939648437500000044e-01 3.896484374999999861e-02 9.714648437499999734e-01 -1.995932617187500036e+00 -4.047851562500000000e+00 -6.005859375000000000e-01 -2.104492187500000000e+00 -3.999023437500000000e+00 1.766601562500000000e+00
1.328027343750000089e-01 8.283691406250000000e-01 8.739648437500000533e-01 5.896484375000000944e-02 8.714648437499999956e-01 -1.162932617187500073e+00 9.521484375000000000e-01 4.399414062500000000e+00 2.895507812500000000e+00 1.000976562500000000e+00 7.666015625000000000e-01
1.387402343749999933e-01 6.955566406250000000e-01 5.758398437500000799e-01 3.333984375000000056e-02 1.030839843749999929e+00 -1.293088867187500046e+00 -3.579101562500000000e+00 -4.194335937500000000e+00 -2.260742187500000000e+00 -1.967773437500000000e+00 3.603515625000000000e-01
3.287402343749999956e-01 9.455566406250000000e-01 7.558398437500000178e-01 5.333984375000000444e-02 9.308398437500000622e-01 -4.600888671875000835e-01 1.420898437500000000e+00 8.056640625000000000e-01 2.739257812500000000e+00 3.032226562500000000e+00 1.360351562500000000e+00
4.237402343750000244e-01 5.705566406250000000e-01 8.458398437500000977e-01 4.333984375000000250e-02 8.808398437500000178e-01 -1.709588867187500139e+00 3.920898437500000000e+00 -1.694335937500000000e+00 -4.760742187500000000e+00 5.322265625000000000e-01 8.603515625000000000e-01
2.337402343749999944e-01 8.205566406250000000e-01 6.658398437500000488e-01 6.333984375000001332e-02 9.808398437499999956e-01 -8.765888671874999538e-01 -1.079101562500000000e+00 3.305664062500000000e+00 2.392578125000000000e-01 -4.467773437500000000e+00 1.860351562500000000e+00
2.812402343750000089e-01 5.080566406250000000e-01 8.008398437500000577e-01 3.833984374999999806e-02 9.058398437500000400e-01 -1.084838867187500000e+00 -4.829101562500000000e+00 2.055664062500000000e+00 -1.010742187500000000e+00 1.782226562500000000e+00 6.103515625000000000e-01
4.712402343750000111e-01 7.580566406250000000e-01 6.208398437500000089e-01 5.833984375000000888e-02 1.005839843750000018e+00 -1.917838867187499963e+00 1.708984375000000000e-01 -2.944335937500000000e+00 3.989257812500000000e+00 -3.217773437500000000e+00 1.610351562500000000e+00
3.762402343749999822e-01 6.330566406250000000e-01 7.108398437500000888e-01 4.833984375000000000e-02 1.055839843750000062e+00 -6.683388671875001297e-01 2.670898437500000000e+00 4.555664062500000000e+00 -3.510742187500000000e+00 -7.177734375000000000e-01 1.103515625000000000e-01
1.862402343749999800e-01 8.830566406250000000e-01 8.908398437500000266e-01 6.833984375000000389e-02 9.558398437499999734e-01 -1.501338867187500092e+00 -2.329101562500000000e+00 -4.443359375000000000e-01 1.489257812500000000e+00 4.282226562500000000e+00 1.110351562500000000e+00
2.099902343750000011e-01 6.018066406250000000e-01 6.433398437500000844e-01 5.583984375000000666e-02 9.433398437500000178e-01 -1.397213867187500069e+00 -2.954101562500000000e+00 3.930664062500000000e+00 -3.857421875000000000e-01 -1.342773437500000000e+00 1.235351562500000000e+00
3.999902343749999756e-01 8.518066406250000000e-01 8.233398437500000222e-01 3.583984375000000278e-02 1.043339843750000107e+00 -5.642138671875001066e-01 2.045898437500000000e+00 -1.069335937500000000e+00 4.614257812500000000e+00 3.657226562500000000e+00 2.353515625000000000e-01
4.949902343750000044e-01 7.268066406250000000e-01 7.333398437500000533e-01 6.583984375000001554e-02 9.933398437500000622e-01 -1.813713867187499940e+00 4.545898437500000000e+00 1.430664062500000000e+00 -2.885742187500000000e+00 1.157226562500000000e+00 1.735351562500000000e+00
3.049902343750000022e-01 9.768066406250000000e-01 5.533398437500000044e-01 4.583984374999999778e-02 8.933398437499999734e-01 -9.807138671874999769e-01 -4.541015625000000000e-01 -3.569335937500000000e+00 2.114257812500000000e+00 -3.842773437500000000e+00 7.353515625000000000e-01
2.574902343749999600e-01 6.643066406250000000e-01 8.683398437500000622e-01 5.083984375000000222e-02 1.018339843749999973e+00 -7.724638671875001528e-01 -4.204101562500000000e+00 -2.319335937500000000e+00 -1.635742187500000000e+00 2.407226562500000000e+00 1.985351562500000000e+00
4.474902343750000178e-01 9.143066406250000000e-01 6.883398437500000133e-01 3.083984374999999833e-02 9.183398437499999956e-01 -1.605463867187499893e+00 7.958984375000000000e-01 2.680664062500000000e+00 3.364257812500000000e+00 -2.592773437500000000e+00 9.853515625000000000e-01
3.524902343749999889e-01 5.393066406250000000e-01 5.983398437500000444e-01 6.083984375000000416e-02 9.683398437500000400e-01 -3.559638671875000604e-01 3.295898437500000000e+00 -4.819335937500000000e+00 -4.135742187500000000e+00 -9.277343750000000000e-02 1.485351562500000000e+00
1.624902343749999867e-01 7.893066406250000000e-01 7.783398437499999822e-01 4.083984375000000028e-02 1.068339843750000018e+00 -1.188963867187500023e+00 -1.704101562500000000e+00 1.806640625000000000e-01 8.642578125000000000e-01 4.907226562500000000e+00 4.853515625000000000e-01
1.506152343749999900e-01 5.549316406250000000e-01 8.345898437500001155e-01 4.958984375000000111e-02 9.745898437500000178e-01 -1.657526367187500016e+00 1.733398437500000000e+00 2.993164062500000000e+00 5.517578125000000000e-01 -3.530273437500000000e+00 5.478515625000000000e-01
3.406152343749999645e-01 8.049316406250000000e-01 6.545898437500000666e-01 6.958984375000000500e-02 8.745898437500000400e-01 -8.245263671875000533e-01 -3.266601562500000000e+00 -2.006835937500000000e+00 -4.448242187500000000e+00 1.469726562500000000e+00 1.547851562500000000e+00
4.356152343749999933e-01 6.799316406250000000e-01 5.645898437500000977e-01 3.958984374999999917e-02 9.245898437499999734e-01 -1.241026367187500146e+00 -7.666015625000000000e-01 4.931640625000000000e-01 3.051757812500000000e+00 3.969726562500000000e+00 4.785156250000000000e-02
2.456152343749999911e-01 9.299316406250000000e-01 7.445898437500000355e-01 5.958984375000000305e-02 1.024589843750000062e+00 -4.080263671874999609e-01 4.233398437500000000e+00 -4.506835937500000000e+00 -1.948242187500000000e+00 -1.030273437500000000e+00 1.047851562500000000e+00
2.931152343749999778e-01 7.424316406250000000e-01 6.995898437500001066e-01 4.458984375000000361e-02 9.495898437499999956e-01 -6.162763671875000071e-01 4.833984375000000000e-01 -7.568359375000000000e-01 1.801757812500000000e+00 2.719726562500000000e+00 2.978515625000000000e-01
4.831152343749999800e-01 9.924316406250000000e-01 8.795898437500000444e-01 6.458984375000001443e-02 1.049589843749999973e+00 -1.449276367187499970e+00 -4.516601562500000000e+00 4.243164062500000000e+00 -3.198242187500000000e+00 -2.280273437500000000e+00 1.297851562500000000e+00
3.881152343750000067e-01 6.174316406250000000e-01 7.895898437500000755e-01 3.458984375000000167e-02 9.995898437500000400e-01 -1.032776367187500099e+00 -2.016601562500000000e+00 -3.256835937500000000e+00 4.301757812500000000e+00 -4.780273437500000000e+00 7.978515625000000000e-01
1.981152343750000044e-01 8.674316406250000000e-01 6.095898437500000266e-01 5.458984375000000555e-02 8.995898437500000622e-01 -1.865776367187500062e+00 2.983398437500000000e+00 1.743164062500000000e+00 -6.982421875000000000e-01 2.197265625000000000e-01 1.797851562500000000e+00
1.743652343750000111e-01 6.486816406250000000e-01 7.670898437500000000e-01 6.208984375000000527e-02 8.870898437499999956e-01 -1.969901367187500085e+00 2.358398437500000000e+00 -2.631835937500000000e+00 2.426757812500000000e+00 -2.905273437500000000e+00 1.922851562500000000e+00
3.643652343750000133e-01 8.986816406250000000e-01 5.870898437500000622e-01 4.208984375000000139e-02 9.870898437499999734e-01 -1.136901367187499901e+00 -2.641601562500000000e+00 2.368164062500000000e+00 -2.573242187500000000e+00 2.094726562500000000e+00 9.228515625000000000e-01
4.593652343749999867e-01 5.236816406250000000e-01 6.770898437500000311e-01 5.208984375000000333e-02 1.037089843750000018e+00 -1.553401367187499993e+00 -1.416015625000000000e-01 -1.318359375000000000e-01 4.926757812500000000e+00 4.594726562500000000e+00 1.422851562500000000e+00
2.693652343749999845e-01 7.736816406250000000e-01 8.570898437500000799e-01 3.208984374999999944e-02 9.370898437500000400e-01 -7.204013671875000302e-01 4.858398437500000000e+00 4.868164062500000000e+00 -7.324218750000000000e-02 -4.052734375000000000e-01 4.228515625000000000e-01
2.218652343749999978e-01 5.861816406250000000e-01 6.320898437499999911e-01 6.708984375000000278e-02 1.062089843750000151e+00 -5.121513671874999840e-01 1.108398437500000000e+00 1.118164062500000000e+00 1.176757812500000000e+00 3.344726562500000000e+00 1.172851562500000000e+00
4.118652343750000000e-01 8.361816406250000000e-01 8.120898437500000400e-01 4.708984374999999889e-02 9.620898437500000622e-01 -1.345151367187499947e+00 -3.891601562500000000e+00 -3.881835937500000000e+00 -3.823242187500000000e+00 -1.655273437500000000e+00 1.728515625000000000e-01
3.168652343750000266e-01 7.111816406250000000e-01 9.020898437500000089e-01 5.708984375000000777e-02 9.120898437500000178e-01 -9.286513671875000764e-01 -1.391601562500000000e+00 3.618164062500000000e+00 3.676757812500000000e+00 -4.155273437500000000e+00 1.672851562500000000e+00
1.268652343749999967e-01 9.611816406250000000e-01 7.220898437500000711e-01 3.708984375000000389e-02 1.012089843750000107e+00 -1.761651367187500039e+00 3.608398437500000000e+00 -1.381835937500000000e+00 -1.323242187500000000e+00 8.447265625000000000e-01 6.728515625000000000e-01
1.298339843749999889e-01 6.369628906250000000e-01 9.049023437500000044e-01 4.240234375000000167e-02 9.324023437499999734e-01 -1.852760742187500087e+00 -4.750976562500000000e+00 -4.584960937500000000e+00 4.223632812500000000e+00 -3.764648437500000000e+00 1.407226562500000000e+00
3.198339843749999911e-01 8.869628906250000000e-01 7.249023437500000666e-01 6.240234375000000555e-02 1.032402343750000062e+00 -1.019760742187500124e+00 2.490234375000000000e-01 4.150390625000000000e-01 -7.763671875000000000e-01 1.235351562500000000e+00 4.072265625000000000e-01
4.148339843750000200e-01 5.119628906250000000e-01 6.349023437500000977e-01 3.240234374999999972e-02 9.824023437500000178e-01 -1.436260742187499995e+00 2.749023437500000000e+00 -2.084960937500000000e+00 1.723632812500000000e+00 3.735351562500000000e+00 1.907226562500000000e+00
2.248339843749999900e-01 7.619628906250000000e-01 8.149023437500000355e-01 5.240234375000000361e-02 8.824023437500000400e-01 -6.032607421875000320e-01 -2.250976562500000000e+00 2.915039062500000000e+00 -3.276367187500000000e+00 -1.264648437500000000e+00 9.072265625000000000e-01
2.723339843750000044e-01 5.744628906250000000e-01 6.799023437500000266e-01 4.740234375000000611e-02 1.007402343749999929e+00 -3.950107421874999858e-01 -3.500976562500000000e+00 1.665039062500000000e+00 2.973632812500000000e+00 4.985351562500000000e+00 1.657226562500000000e+00
4.623339843750000067e-01 8.244628906250000000e-01 8.599023437499999645e-01 6.740234375000000999e-02 9.074023437500000622e-01 -1.228010742187500171e+00 1.499023437500000000e+00 -3.334960937500000000e+00 -2.026367187500000000e+00 -1.464843750000000000e-02 6.572265625000000000e-01
3.673339843749999778e-01 6.994628906250000000e-01 7.699023437499999956e-01 3.740234374999999722e-02 9.574023437499999956e-01 -8.115107421875000782e-01 3.999023437500000000e+00 4.165039062500000000e+00 4.736328125000000000e-01 -2.514648437500000000e+00 1.157226562500000000e+00
1.773339843750000033e-01 9.494628906250000000e-01 5.899023437500000577e-01 5.740234375000000111e-02 1.057402343749999973e+00 -1.644510742187500041e+00 -1.000976562500000000e+00 -8.349609375000000000e-01 -4.526367187500000000e+00 2.485351562500000000e+00 1.572265625000000000e-01
2.010839843749999967e-01 5.432128906250000000e-01 7.924023437500000711e-01 6.990234375000001221e-02 1.044902343750000018e+00 -1.748635742187500064e+00 -4.125976562500000000e+00 4.790039062500000000e+00 3.598632812500000000e+00 -4.389648437500000000e+00 3.222656250000000000e-02
3.910839843749999711e-01 7.932128906250000000e-01 6.124023437500000222e-01 4.990234375000000139e-02 9.449023437500000400e-01 -9.156357421875001013e-01 8.740234375000000000e-01 -2.099609375000000000e-01 -1.401367187500000000e+00 6.103515625000000000e-01 1.032226562500000000e+00
4.860839843750000000e-01 6.682128906250000000e-01 7.024023437499999911e-01 5.990234375000000333e-02 8.949023437499999956e-01 -1.332135742187499972e+00 3.374023437500000000e+00 2.290039062500000000e+00 1.098632812500000000e+00 3.110351562500000000e+00 5.322265625000000000e-01
2.960839843749999978e-01 9.182128906250000000e-01 8.824023437500000400e-01 3.990234374999999944e-02 9.949023437500000844e-01 -4.991357421875000089e-01 -1.625976562500000000e+00 -2.709960937500000000e+00 -3.901367187500000000e+00 -1.889648437500000000e+00 1.532226562500000000e+00
2.485839843749999833e-01 7.307128906250000000e-01 5.674023437500000933e-01 6.490234375000000777e-02 9.199023437500000178e-01 -7.073857421875000551e-01 -2.875976562500000000e+00 -1.459960937500000000e+00 4.848632812500000000e+00 4.360351562500000000e+00 7.822265625000000000e-01
4.385839843750000133e-01 9.807128906250000000e-01 7.474023437500000311e-01 4.490234375000000389e-02 1.019902343750000107e+00 -1.540385742187500018e+00 2.124023437500000000e+00 3.540039062500000000e+00 -1.513671875000000000e-01 -6.396484375000000000e-01 1.782226562500000000e+00
3.435839843749999845e-01 6.057128906250000000e-01 8.374023437500000000e-01 5.490234374999999889e-02 1.069902343750000151e+00 -1.123885742187499925e+00 4.624023437500000000e+00 -3.959960937500000000e+00 2.348632812500000000e+00 -3.139648437500000000e+00 2.822265625000000000e-01
1.535839843749999822e-01 8.557128906250000000e-01 6.574023437500000622e-01 3.490234375000000194e-02 9.699023437500000622e-01 -1.956885742187500110e+00 -3.759765625000000000e-01 1.040039062500000000e+00 -2.651367187500000000e+00 1.860351562500000000e+00 1.282226562500000000e+00
1.654589843750000067e-01 6.213378906250000000e-01 6.011523437500000400e-01 3.615234375000000305e-02 8.761523437499999512e-01 -1.488323242187500117e+00 5.615234375000000000e-01 3.227539062500000000e+00 -3.588867187500000000e+00 -3.271484375000000000e-01 1.719726562500000000e+00
3.554589843750000089e-01 8.713378906250000000e-01 7.811523437500000888e-01 5.615234375000000000e-02 9.761523437500000400e-01 -6.553232421875001545e-01 -4.438476562500000000e+00 -1.772460937500000000e+00 1.411132812500000000e+00 4.672851562500000000e+00 7.197265625000000000e-01
4.504589843749999822e-01 7.463378906250000000e-01 8.711523437500000577e-01 4.615234375000000500e-02 1.026152343749999973e+00 -1.904823242187499988e+00 -1.938476562500000000e+00 7.275390625000000000e-01 -1.088867187500000000e+00 2.172851562500000000e+00 1.219726562500000000e+00
2.604589843750000355e-01 9.963378906250000000e-01 6.911523437500000089e-01 6.615234375000000888e-02 9.261523437499999956e-01 -1.071823242187500025e+00 3.061523437500000000e+00 -4.272460937500000000e+00 3.911132812500000000e+00 -2.827148437500000000e+00 2.197265625000000000e-01
3.079589843750000222e-01 6.838378906250000000e-01 7.361523437500000488e-01 3.115234374999999861e-02 1.051152343750000107e+00 -8.635732421874999787e-01 1.811523437500000000e+00 -5.224609375000000000e-01 -4.838867187500000000e+00 9.228515625000000000e-01 1.469726562500000000e+00
4.979589843750000244e-01 9.338378906250000000e-01 5.561523437500000000e-01 5.115234375000000250e-02 9.511523437500000178e-01 -1.696573242187499941e+00 -3.188476562500000000e+00 4.477539062500000000e+00 1.611328125000000000e-01 -4.077148437500000000e+00 4.697265625000000000e-01
4.029589843749999956e-01 5.588378906250000000e-01 6.461523437500000799e-01 4.115234375000000056e-02 9.011523437499999734e-01 -4.470732421875001084e-01 -6.884765625000000000e-01 -3.022460937500000000e+00 -2.338867187500000000e+00 -1.577148437500000000e+00 1.969726562500000000e+00
2.129589843749999933e-01 8.088378906250000000e-01 8.261523437500000178e-01 6.115234375000000444e-02 1.001152343750000062e+00 -1.280073242187500071e+00 4.311523437500000000e+00 1.977539062500000000e+00 2.661132812500000000e+00 3.422851562500000000e+00 9.697265625000000000e-01
1.892089843750000000e-01 7.150878906250000000e-01 7.136523437499999734e-01 5.365234375000000472e-02 9.886523437499999956e-01 -1.175948242187500048e+00 1.186523437500000000e+00 -3.647460937500000000e+00 -4.213867187500000000e+00 -9.521484375000000000e-01 8.447265625000000000e-01
3.792089843750000022e-01 9.650878906250000000e-01 8.936523437500000222e-01 3.365234375000000083e-02 8.886523437500000178e-01 -3.429482421875000853e-01 -3.813476562500000000e+00 1.352539062500000000e+00 7.861328125000000000e-01 4.047851562500000000e+00 1.844726562500000000e+00
4.742089843749999756e-01 5.900878906250000000e-01 8.036523437500000533e-01 6.365234375000000666e-02 9.386523437500000622e-01 -1.592448242187499918e+00 -1.313476562500000000e+00 -1.147460937500000000e+00 -1.713867187500000000e+00 1.547851562500000000e+00 3.447265625000000000e-01
2.842089843749999734e-01 8.400878906250000000e-01 6.236523437500000044e-01 4.365234375000000278e-02 1.038652343749999929e+00 -7.594482421874999556e-01 3.686523437500000000e+00 3.852539062500000000e+00 3.286132812500000000e+00 -3.452148437500000000e+00 1.344726562500000000e+00
2.367089843749999867e-01 5.275878906250000000e-01 8.486523437499999822e-01 5.865234375000000222e-02 9.636523437499999734e-01 -9.676982421875000018e-01 2.436523437500000000e+00 1.025390625000000000e-01 -2.963867187500000000e+00 2.978515625000000000e-01 9.472656250000000000e-02
4.267089843749999889e-01 7.775878906250000000e-01 6.686523437500000444e-01 3.865234374999999833e-02 1.063652343750000062e+00 -1.800698242187499964e+00 -2.563476562500000000e+00 -4.897460937500000000e+00 2.036132812500000000e+00 -4.702148437500000000e+00 1.094726562500000000e+00
3.317089843749999600e-01 6.525878906250000000e-01 5.786523437500000755e-01 6.865234375000001110e-02 1.013652343750000018e+00 -5.511982421875001315e-01 -6.347656250000000000e-02 2.602539062500000000e+00 -4.638671875000000000e-01 -2.202148437500000000e+00 5.947265625000000000e-01
1.417089843749999856e-01 9.025878906250000000e-01 7.586523437500000133e-01 4.865234375000000722e-02 9.136523437500000400e-01 -1.384198242187499872e+00 4.936523437500000000e+00 -2.397460937500000000e+00 4.536132812500000000e+00 2.797851562500000000e+00 1.594726562500000000e+00
1.357714843750000011e-01 5.041503906250000000e-01 6.855273437500000178e-01 6.427734375000000722e-02 1.066777343750000107e+00 -8.375419921875000284e-01 -2.407226562500000000e+00 1.508789062500000000e+00 -3.076171875000000000e-01 -4.233398437500000000e+00 1.000976562500000000e+00
3.257714843750000311e-01 7.541503906250000000e-01 8.655273437499999556e-01 4.427734375000000333e-02 9.667773437500000178e-01 -1.670541992187499991e+00 2.592773437500000000e+00 -3.491210937500000000e+00 4.692382812500000000e+00 7.666015625000000000e-01 9.765625000000000000e-04
4.207714843750000044e-01 6.291503906250000000e-01 7.755273437500000977e-01 5.427734375000000527e-02 9.167773437499999734e-01 -4.210419921875001581e-01 9.277343750000000000e-02 4.008789062500000000e+00 -2.807617187500000000e+00 3.266601562500000000e+00 1.500976562500000000e+00
2.307714843750000022e-01 8.791503906250000000e-01 5.955273437500000488e-01 3.427734375000000139e-02 1.016777343750000062e+00 -1.254041992187500121e+00 -4.907226562500000000e+00 -9.912109375000000000e-01 2.192382812500000000e+00 -1.733398437500000000e+00 5.009765625000000000e-01
2.782714843749999889e-01 6.916503906250000000e-01 8.205273437500000266e-01 6.927734374999999778e-02 8.917773437499999512e-01 -1.462291992187500167e+00 -1.157226562500000000e+00 -4.741210937500000000e+00 -1.557617187500000000e+00 4.516601562500000000e+00 1.750976562500000000e+00
4.682714843749999911e-01 9.416503906250000000e-01 6.405273437500000888e-01 4.927734375000000777e-02 9.917773437500000400e-01 -6.292919921874999822e-01 3.842773437500000000e+00 2.587890625000000000e-01 3.442382812500000000e+00 -4.833984375000000000e-01 7.509765625000000000e-01
3.732714843750000178e-01 5.666503906250000000e-01 5.505273437500000089e-01 5.927734375000000278e-02 1.041777343749999973e+00 -1.878791992187500037e+00 1.342773437500000000e+00 -2.241210937500000000e+00 -4.057617187500000000e+00 -2.983398437500000000e+00 1.250976562500000000e+00
1.832714843750000155e-01 8.166503906250000000e-01 7.305273437500000577e-01 3.927734374999999889e-02 9.417773437499999956e-01 -1.045791992187500075e+00 -3.657226562500000000e+00 2.758789062500000000e+00 9.423828125000000000e-01 2.016601562500000000e+00 2.509765625000000000e-01
2.070214843750000089e-01 6.604003906250000000e-01 6.180273437500000133e-01 4.677734375000000555e-02 9.542773437500000622e-01 -1.149916992187499876e+00 -1.782226562500000000e+00 -1.616210937500000000e+00 -2.182617187500000000e+00 -4.858398437500000000e+00 3.759765625000000000e-01
3.970214843750000111e-01 9.104003906250000000e-01 7.980273437500000622e-01 6.677734375000000944e-02 1.054277343750000151e+00 -1.982916992187500060e+00 3.217773437500000000e+00 3.383789062500000000e+00 2.817382812500000000e+00 1.416015625000000000e-01 1.375976562500000000e+00
4.920214843749999845e-01 5.354003906250000000e-01 8.880273437500000311e-01 3.677734374999999667e-02 1.004277343750000107e+00 -7.334169921875000053e-01 7.177734375000000000e-01 -4.116210937500000000e+00 -4.682617187500000000e+00 2.641601562500000000e+00 8.759765625000000000e-01
3.020214843749999822e-01 7.854003906250000000e-01 7.080273437499999822e-01 5.677734375000000056e-02 9.042773437500000178e-01 -1.566416992187499968e+00 -4.282226562500000000e+00 8.837890625000000000e-01 3.173828125000000000e-01 -2.358398437500000000e+00 1.875976562500000000e+00
2.545214843749999956e-01 5.979003906250000000e-01 7.530273437500000222e-01 4.177734375000000111e-02 9.792773437499999734e-01 -1.358166992187499922e+00 -5.322265625000000000e-01 4.633789062500000000e+00 -9.326171875000000000e-01 3.891601562500000000e+00 6.259765625000000000e-01
4.445214843749999978e-01 8.479003906250000000e-01 5.730273437500000844e-01 6.177734375000000500e-02 8.792773437499999956e-01 -5.251669921874999591e-01 4.467773437500000000e+00 -3.662109375000000000e-01 4.067382812500000000e+00 -1.108398437500000000e+00 1.625976562500000000e+00
3.495214843749999689e-01 7.229003906250000000e-01 6.630273437500000533e-01 3.177734374999999917e-02 9.292773437500000400e-01 -1.774666992187500014e+00 1.967773437500000000e+00 2.133789062500000000e+00 -3.432617187500000000e+00 -3.608398437500000000e+00 1.259765625000000000e-01
1.595214843749999944e-01 9.729003906250000000e-01 8.430273437499999911e-01 5.177734375000000305e-02 1.029277343750000018e+00 -9.416669921875000515e-01 -3.032226562500000000e+00 -2.866210937500000000e+00 1.567382812500000000e+00 1.391601562500000000e+00 1.125976562500000000e+00
1.476464843749999978e-01 7.385253906250000000e-01 8.092773437500000444e-01 5.802734375000000167e-02 1.010527343749999973e+00 -4.731044921875000586e-01 2.905273437500000000e+00 -5.371093750000000000e-02 1.879882812500000000e+00 -1.708984375000000000e-01 1.813476562500000000e+00
3.376464843750000000e-01 9.885253906250000000e-01 6.292773437499999956e-01 3.802734374999999778e-02 9.105273437499999956e-01 -1.306104492187500021e+00 -2.094726562500000000e+00 4.946289062500000000e+00 -3.120117187500000000e+00 4.829101562500000000e+00 8.134765625000000000e-01
4.326464843749999734e-01 6.135253906250000000e-01 7.192773437500000755e-01 6.802734374999999667e-02 9.605273437500000400e-01 -8.896044921875001510e-01 -4.594726562500000000e+00 -2.553710937500000000e+00 4.379882812500000000e+00 2.329101562500000000e+00 1.313476562500000000e+00
2.426464843749999989e-01 8.635253906250000000e-01 8.992773437500000133e-01 4.802734375000000666e-02 1.060527343750000018e+00 -1.722604492187500114e+00 4.052734375000000000e-01 2.446289062500000000e+00 -6.201171875000000000e-01 -2.670898437500000000e+00 3.134765625000000000e-01
2.901464843750000133e-01 5.510253906250000000e-01 5.842773437500000666e-01 5.302734375000000416e-02 9.355273437500000178e-01 -1.930854492187499938e+00 4.155273437500000000e+00 3.696289062500000000e+00 6.298828125000000000e-01 1.079101562500000000e+00 1.063476562500000000e+00
4.801464843750000155e-01 8.010253906250000000e-01 7.642773437500000044e-01 3.302734375000000028e-02 1.035527343750000107e+00 -1.097854492187499975e+00 -8.447265625000000000e-01 -1.303710937500000000e+00 -4.370117187500000000e+00 -3.920898437500000000e+00 6.347656250000000000e-02
3.851464843749999867e-01 6.760253906250000000e-01 8.542773437499999734e-01 6.302734375000000611e-02 9.855273437500000622e-01 -1.514354492187500068e+00 -3.344726562500000000e+00 1.196289062500000000e+00 3.129882812500000000e+00 -1.420898437500000000e+00 1.563476562500000000e+00
1.951464843749999845e-01 9.260253906250000000e-01 6.742773437500000355e-01 4.302734375000000222e-02 8.855273437499999734e-01 -6.813544921875001048e-01 1.655273437500000000e+00 -3.803710937500000000e+00 -1.870117187500000000e+00 3.579101562500000000e+00 5.634765625000000000e-01
1.713964843749999911e-01 5.822753906250000000e-01 8.767773437500000488e-01 3.052734374999999806e-02 8.980273437500000400e-01 -5.772294921875000817e-01 3.530273437500000000e+00 5.712890625000000000e-01 4.882812500000000000e-03 -7.958984375000000000e-01 6.884765625000000000e-01
3.613964843749999933e-01 8.322753906250000000e-01 6.967773437500000000e-01 5.052734375000000194e-02 9.980273437500000178e-01 -1.410229492187500044e+00 -1.469726562500000000e+00 -4.428710937500000000e+00 -4.995117187500000000e+00 4.204101562500000000e+00 1.688476562500000000e+00
4.563964843750000222e-01 7.072753906250000000e-01 6.067773437500000311e-01 4.052734375000000000e-02 1.048027343750000062e+00 -9.937294921874999520e-01 -3.969726562500000000e+00 3.071289062500000000e+00 2.504882812500000000e+00 1.704101562500000000e+00 1.884765625000000000e-01
2.663964843749999645e-01 9.572753906250000000e-01 7.867773437500000799e-01 6.052734375000000389e-02 9.480273437499999734e-01 -1.826729492187499915e+00 1.030273437500000000e+00 -1.928710937500000000e+00 -2.495117187500000000e+00 -3.295898437500000000e+00 1.188476562500000000e+00
2.188964843749999778e-01 6.447753906250000000e-01 6.517773437500000711e-01 3.552734375000000250e-02 1.023027343749999929e+00 -1.618479492187500091e+00 4.780273437500000000e+00 -3.178710937500000000e+00 1.254882812500000000e+00 4.541015625000000000e-01 4.384765625000000000e-01
4.088964843749999800e-01 8.947753906250000000e-01 8.317773437500000089e-01 5.552734374999999944e-02 9.230273437500000622e-01 -7.854794921875001279e-01 -2.197265625000000000e-01 1.821289062500000000e+00 -3.745117187500000000e+00 -4.545898437500000000e+00 1.438476562500000000e+00
3.138964843750000067e-01 5.197753906250000000e-01 7.417773437500000400e-01 4.552734375000000444e-02 8.730273437500000178e-01 -1.201979492187499998e+00 -2.719726562500000000e+00 -6.787109375000000000e-01 3.754882812500000000e+00 -2.045898437500000000e+00 9.384765625000000000e-01
1.238964843749999906e-01 7.697753906250000000e-01 5.617773437499999911e-01 6.552734375000000833e-02 9.730273437499999956e-01 -3.689794921875000355e-01 2.280273437500000000e+00 4.321289062500000000e+00 -1.245117187500000000e+00 2.954101562500000000e+00 1.938476562500000000e+00
1.253808593749999867e-01 7.287597656250000000e-01 6.503710937500000178e-01 4.755859375000000278e-02 8.816210937499999734e-01 -9.351591796875000639e-01 -4.086914062500000000e+00 2.719726562500000000e+00 -8.935546875000000000e-01 3.227539062500000000e+00 1.086914062500000000e+00
3.153808593749999889e-01 9.787597656250000000e-01 8.303710937499999556e-01 6.755859375000000666e-02 9.816210937500000622e-01 -1.768159179687500027e+00 9.130859375000000000e-01 -2.280273437500000000e+00 4.106445312500000000e+00 -1.772460937500000000e+00 8.691406250000000000e-02
4.103808593750000178e-01 6.037597656250000000e-01 7.403710937500000977e-01 3.755859375000000083e-02 1.031621093750000107e+00 -5.186591796874999716e-01 3.413085937500000000e+00 2.197265625000000000e-01 -3.393554687500000000e+00 -4.272460937500000000e+00 1.586914062500000000e+00
2.203808593750000155e-01 8.537597656250000000e-01 5.603710937500000488e-01 5.755859375000000472e-02 9.316210937500000178e-01 -1.351659179687500156e+00 -1.586914062500000000e+00 -4.780273437500000000e+00 1.606445312500000000e+00 7.275390625000000000e-01 5.869140625000000000e-01
2.678808593750000022e-01 5.412597656250000000e-01 8.753710937500001066e-01 4.255859374999999833e-02 1.056621093750000018e+00 -1.559909179687499980e+00 -2.836914062500000000e+00 -1.030273437500000000e+00 -2.143554687500000000e+00 -3.022460937500000000e+00 1.836914062500000000e+00
4.578808593750000044e-01 7.912597656250000000e-01 6.953710937500000577e-01 6.255859375000000222e-02 9.566210937500000400e-01 -7.269091796875000178e-01 2.163085937500000000e+00 3.969726562500000000e+00 2.856445312500000000e+00 1.977539062500000000e+00 8.369140625000000000e-01
3.628808593750000311e-01 6.662597656250000000e-01 6.053710937500000888e-01 3.255859374999999639e-02 9.066210937499999956e-01 -1.976409179687500073e+00 4.663085937500000000e+00 -3.530273437500000000e+00 -4.643554687500000000e+00 4.477539062500000000e+00 1.336914062500000000e+00
1.728808593750000011e-01 9.162597656250000000e-01 7.853710937500000266e-01 5.255859375000000722e-02 1.006621093749999973e+00 -1.143409179687500110e+00 -3.369140625000000000e-01 1.469726562500000000e+00 3.564453125000000000e-01 -5.224609375000000000e-01 3.369140625000000000e-01
1.966308593749999944e-01 5.725097656250000000e-01 5.828710937500000133e-01 6.005859375000000000e-02 9.941210937500000178e-01 -1.039284179687500087e+00 -4.711914062500000000e+00 -2.905273437500000000e+00 -1.518554687500000000e+00 2.602539062500000000e+00 4.619140625000000000e-01
3.866308593750000244e-01 8.225097656250000000e-01 7.628710937500000622e-01 4.005859375000000305e-02 8.941210937500000400e-01 -1.872284179687500050e+00 2.880859375000000000e-01 2.094726562500000000e+00 3.481445312500000000e+00 -2.397460937500000000e+00 1.461914062500000000e+00
4.816308593749999978e-01 6.975097656250000000e-01 8.528710937500000311e-01 5.005859375000000500e-02 9.441210937499999734e-01 -6.227841796874999947e-01 2.788085937500000000e+00 -4.052734375000000000e-01 -4.018554687500000000e+00 -4.897460937500000000e+00 9.619140625000000000e-01
2.916308593749999956e-01 9.475097656250000000e-01 6.728710937499999822e-01 3.005859374999999764e-02 1.044121093750000062e+00 -1.455784179687499957e+00 -2.211914062500000000e+00 4.594726562500000000e+00 9.814453125000000000e-01 1.025390625000000000e-01 1.961914062500000000e+00
2.441308593750000089e-01 6.350097656250000000e-01 8.078710937499999911e-01 6.505859375000000444e-02 9.691210937499999956e-01 -1.247534179687499911e+00 -3.461914062500000000e+00 8.447265625000000000e-01 -2.685546875000000000e-01 -3.647460937500000000e+00 7.119140625000000000e-01
4.341308593750000111e-01 8.850097656250000000e-01 6.278710937500000533e-01 4.505859375000000056e-02 1.069121093749999973e+00 -4.145341796875001705e-01 1.538085937500000000e+00 -4.155273437500000000e+00 4.731445312500000000e+00 1.352539062500000000e+00 1.711914062500000000e+00
3.391308593749999822e-01 5.100097656250000000e-01 7.178710937500000222e-01 5.505859375000000250e-02 1.019121093749999929e+00 -1.664034179687500004e+00 4.038085937500000000e+00 3.344726562500000000e+00 -2.768554687500000000e+00 3.852539062500000000e+00 2.119140625000000000e-01
1.491308593750000078e-01 7.600097656250000000e-01 8.978710937500000711e-01 3.505859374999999861e-02 9.191210937500000622e-01 -8.310341796875000409e-01 -9.619140625000000000e-01 -1.655273437500000000e+00 2.231445312500000000e+00 -1.147460937500000000e+00 1.211914062500000000e+00
1.610058593750000044e-01 5.256347656250000000e-01 7.741210937500000444e-01 3.380859374999999750e-02 9.253710937500000400e-01 -3.624716796875000480e-01 1.225585937500000000e+00 -3.842773437500000000e+00 1.293945312500000000e+00 2.290039062500000000e+00 1.774414062500000000e+00
3.510058593750000067e-01 7.756347656250000000e-01 5.941210937499999956e-01 5.380859375000000833e-02 1.025371093750000018e+00 -1.195471679687500011e+00 -3.774414062500000000e+00 1.157226562500000000e+00 -3.706054687500000000e+00 -2.709960937500000000e+00 7.744140625000000000e-01
4.460058593749999800e-01 6.506347656250000000e-01 6.841210937500000755e-01 4.380859374999999944e-02 9.753710937499999734e-01 -7.789716796875001403e-01 -1.274414062500000000e+00 -1.342773437500000000e+00 3.793945312500000000e+00 -2.099609375000000000e-01 1.274414062500000000e+00
2.560058593749999778e-01 9.006347656250000000e-01 8.641210937500000133e-01 6.380859375000000333e-02 8.753710937499999956e-01 -1.611971679687500103e+00 3.725585937500000000e+00 3.657226562500000000e+00 -1.206054687500000000e+00 4.790039062500000000e+00 2.744140625000000000e-01
3.035058593749999645e-01 7.131347656250000000e-01 6.391210937500000355e-01 3.880859375000000194e-02 1.000371093750000107e+00 -1.820221679687499927e+00 2.475585937500000000e+00 2.407226562500000000e+00 4.394531250000000000e-02 -1.459960937500000000e+00 1.024414062500000000e+00
4.935058593750000222e-01 9.631347656250000000e-01 8.191210937499999734e-01 5.880859375000000583e-02 9.003710937500000178e-01 -9.872216796874999645e-01 -2.524414062500000000e+00 -2.592773437500000000e+00 -4.956054687500000000e+00 3.540039062500000000e+00 2.441406250000000000e-02
3.985058593749999933e-01 5.881347656250000000e-01 9.091210937500000533e-01 4.880859375000000389e-02 9.503710937500000622e-01 -1.403721679687500057e+00 -2.441406250000000000e-02 4.907226562500000000e+00 2.543945312500000000e+00 1.040039062500000000e+00 1.524414062500000000e+00
2.085058593749999911e-01 8.381347656250000000e-01 7.291210937500000044e-01 6.880859375000000777e-02 1.050371093750000151e+00 -5.707216796875000941e-01 4.975585937500000000e+00 -9.277343750000000000e-02 -2.456054687500000000e+00 -3.959960937500000000e+00 5.244140625000000000e-01
1.847558593749999978e-01 6.818847656250000000e-01 8.416210937500000488e-01 5.630859375000000361e-02 1.037871093749999973e+00 -6.748466796875001172e-01 6.005859375000000000e-01 4.282226562500000000e+00 6.689453125000000000e-01 1.665039062500000000e+00 6.494140625000000000e-01
3.747558593750000000e-01 9.318847656250000000e-01 6.616210937500000000e-01 3.630859374999999972e-02 9.378710937499999956e-01 -1.507846679687500080e+00 -4.399414062500000000e+00 -7.177734375000000000e-01 -4.331054687500000000e+00 -3.334960937500000000e+00 1.649414062500000000e+00
4.697558593749999734e-01 5.568847656250000000e-01 5.716210937500000311e-01 6.630859375000000555e-02 8.878710937499999512e-01 -1.091346679687499988e+00 -1.899414062500000000e+00 1.782226562500000000e+00 3.168945312500000000e+00 -8.349609375000000000e-01 1.494140625000000000e-01
2.797558593750000266e-01 8.068847656250000000e-01 7.516210937500000799e-01 4.630859375000000167e-02 9.878710937500000400e-01 -1.924346679687499950e+00 3.100585937500000000e+00 -3.217773437500000000e+00 -1.831054687500000000e+00 4.165039062500000000e+00 1.149414062500000000e+00
2.322558593749999845e-01 6.193847656250000000e-01 7.066210937500000400e-01 5.130859375000000611e-02 9.128710937499999734e-01 -1.716096679687499904e+00 1.850585937500000000e+00 -1.967773437500000000e+00 1.918945312500000000e+00 -2.084960937500000000e+00 3.994140625000000000e-01
4.222558593749999867e-01 8.693847656250000000e-01 8.866210937500000888e-01 3.130859375000000222e-02 1.012871093750000062e+00 -8.830966796874999414e-01 -3.149414062500000000e+00 3.032226562500000000e+00 -3.081054687500000000e+00 2.915039062500000000e+00 1.399414062500000000e+00
3.272558593750000133e-01 7.443847656250000000e-01 7.966210937500000089e-01 6.130859375000000805e-02 1.062871093750000107e+00 -1.299596679687500034e+00 -6.494140625000000000e-01 -4.467773437500000000e+00 4.418945312500000000e+00 4.150390625000000000e-01 8.994140625000000000e-01
1.372558593750000111e-01 9.943847656250000000e-01 6.166210937500000711e-01 4.130859374999999722e-02 9.628710937500000178e-01 -4.665966796875000711e-01 4.350585937500000000e+00 5.322265625000000000e-01 -5.810546875000000000e-01 -4.584960937500000000e+00 1.899414062500000000e+00
1.431933593749999956e-01 5.959472656250000000e-01 8.584960937500000222e-01 6.568359375000000500e-02 1.015996093750000107e+00 -1.950377929687499901e+00 -1.743164062500000000e+00 -8.740234375000000000e-01 4.887695312500000000e+00 3.696289062500000000e+00 1.493164062500000000e+00
3.331933593749999978e-01 8.459472656250000000e-01 6.784960937499999734e-01 4.568359375000000111e-02 9.159960937500000178e-01 -1.117377929687500160e+00 3.256835937500000000e+00 4.125976562500000000e+00 -1.123046875000000000e-01 -1.303710937500000000e+00 4.931640625000000000e-01
4.281933593750000266e-01 7.209472656250000000e-01 5.884960937500000044e-01 5.568359375000000305e-02 9.659960937500000622e-01 -1.533877929687500030e+00 7.568359375000000000e-01 -3.374023437500000000e+00 2.387695312500000000e+00 -3.803710937500000000e+00 1.993164062500000000e+00
2.381933593749999967e-01 9.709472656250000000e-01 7.684960937500000533e-01 3.568359374999999917e-02 1.065996093750000151e+00 -7.008779296875000675e-01 -4.243164062500000000e+00 1.625976562500000000e+00 -2.612304687500000000e+00 1.196289062500000000e+00 9.931640625000000000e-01
2.856933593750000111e-01 6.584472656250000000e-01 7.234960937500000133e-01 6.068359375000000056e-02 9.409960937500000400e-01 -4.926279296875000213e-01 -4.931640625000000000e-01 2.875976562500000000e+00 3.637695312500000000e+00 -2.553710937500000000e+00 1.743164062500000000e+00
4.756933593750000133e-01 9.084472656250000000e-01 9.034960937500000622e-01 4.068359374999999667e-02 1.040996093750000018e+00 -1.325627929687499984e+00 4.506835937500000000e+00 -2.124023437500000000e+00 -1.362304687500000000e+00 2.446289062500000000e+00 7.431640625000000000e-01
3.806933593749999845e-01 5.334472656250000000e-01 8.134960937499999822e-01 5.068359375000000555e-02 9.909960937500000844e-01 -9.091279296875001137e-01 2.006835937500000000e+00 3.759765625000000000e-01 1.137695312500000000e+00 4.946289062500000000e+00 1.243164062500000000e+00
1.906933593749999822e-01 7.834472656250000000e-01 6.334960937500000444e-01 3.068359374999999820e-02 8.909960937499999956e-01 -1.742127929687500076e+00 -2.993164062500000000e+00 -4.624023437500000000e+00 -3.862304687500000000e+00 -5.371093750000000000e-02 2.431640625000000000e-01
2.144433593750000033e-01 6.896972656250000000e-01 7.459960937500000888e-01 4.318359374999999889e-02 9.034960937500000622e-01 -1.638002929687500053e+00 -2.368164062500000000e+00 1.000976562500000000e+00 3.012695312500000000e+00 3.071289062500000000e+00 1.181640625000000000e-01
4.044433593749999778e-01 9.396972656250000000e-01 5.659960937500000400e-01 6.318359375000000278e-02 1.003496093749999929e+00 -8.050029296875000906e-01 2.631835937500000000e+00 -3.999023437500000000e+00 -1.987304687500000000e+00 -1.928710937500000000e+00 1.118164062500000000e+00
4.994433593750000067e-01 5.646972656250000000e-01 6.559960937500000089e-01 3.318359374999999695e-02 1.053496093749999973e+00 -1.221502929687499961e+00 1.318359375000000000e-01 3.500976562500000000e+00 5.126953125000000000e-01 -4.428710937500000000e+00 6.181640625000000000e-01
3.094433593750000044e-01 8.146972656250000000e-01 8.359960937500000577e-01 5.318359375000000777e-02 9.534960937499999956e-01 -3.885029296874999982e-01 -4.868164062500000000e+00 -1.499023437500000000e+00 -4.487304687500000000e+00 5.712890625000000000e-01 1.618164062500000000e+00
2.619433593750000178e-01 5.021972656250000000e-01 6.109960937500000799e-01 4.818359375000000333e-02 1.028496093750000062e+00 -5.967529296875000444e-01 -1.118164062500000000e+00 -2.749023437500000000e+00 4.262695312500000000e+00 -3.178710937500000000e+00 8.681640625000000000e-01
4.519433593750000200e-01 7.521972656250000000e-01 7.909960937500000178e-01 6.818359375000000722e-02 9.284960937499999734e-01 -1.429752929687500007e+00 3.881835937500000000e+00 2.250976562500000000e+00 -7.373046875000000000e-01 1.821289062500000000e+00 1.868164062500000000e+00
3.569433593749999911e-01 6.271972656250000000e-01 8.809960937500000977e-01 3.818359375000000139e-02 8.784960937500000400e-01 -1.013252929687499915e+00 1.381835937500000000e+00 -2.490234375000000000e-01 1.762695312500000000e+00 4.321289062500000000e+00 3.681640625000000000e-01
1.669433593749999889e-01 8.771972656250000000e-01 7.009960937500000488e-01 5.818359375000000527e-02 9.784960937500000178e-01 -1.846252929687500099e+00 -3.618164062500000000e+00 4.750976562500000000e+00 -3.237304687500000000e+00 -6.787109375000000000e-01 1.368164062500000000e+00
1.550683593749999922e-01 6.428222656250000000e-01 5.547460937500000577e-01 5.193359375000000666e-02 1.059746093750000062e+00 -1.377690429687500107e+00 3.569335937500000000e+00 1.938476562500000000e+00 -2.924804687500000000e+00 2.133789062500000000e+00 1.680664062500000000e+00
3.450683593750000222e-01 8.928222656250000000e-01 7.347460937500001066e-01 3.193359375000000278e-02 9.597460937499999734e-01 -5.446904296875001439e-01 -1.430664062500000000e+00 -3.061523437500000000e+00 2.075195312500000000e+00 -2.866210937500000000e+00 6.806640625000000000e-01
4.400683593749999956e-01 5.178222656250000000e-01 8.247460937499999645e-01 6.193359375000000167e-02 9.097460937500000400e-01 -1.794190429687499977e+00 -3.930664062500000000e+00 4.438476562500000000e+00 -4.248046875000000000e-01 -3.662109375000000000e-01 1.180664062500000000e+00
2.500683593749999933e-01 7.678222656250000000e-01 6.447460937500000266e-01 4.193359374999999778e-02 1.009746093750000018e+00 -9.611904296875000142e-01 1.069335937500000000e+00 -5.615234375000000000e-01 4.575195312500000000e+00 4.633789062500000000e+00 1.806640625000000000e-01
2.975683593750000355e-01 5.803222656250000000e-01 7.797460937500000355e-01 5.693359375000000416e-02 8.847460937500000178e-01 -7.529404296874999680e-01 4.819335937500000000e+00 -4.311523437500000000e+00 -4.174804687500000000e+00 -1.616210937500000000e+00 1.430664062500000000e+00
4.875683593749999822e-01 8.303222656250000000e-01 5.997460937500000977e-01 3.693359375000000028e-02 9.847460937499999956e-01 -1.585940429687500153e+00 -1.806640625000000000e-01 6.884765625000000000e-01 8.251953125000000000e-01 3.383789062500000000e+00 4.306640625000000000e-01
3.925683593750000089e-01 7.053222656250000000e-01 6.897460937500000666e-01 6.693359375000000611e-02 1.034746093749999929e+00 -3.364404296875000977e-01 -2.680664062500000000e+00 -1.811523437500000000e+00 -1.674804687500000000e+00 8.837890625000000000e-01 1.930664062500000000e+00
2.025683593750000067e-01 9.553222656250000000e-01 8.697460937500001155e-01 4.693359375000000222e-02 9.347460937500000622e-01 -1.169440429687500060e+00 2.319335937500000000e+00 3.188476562500000000e+00 3.325195312500000000e+00 -4.116210937500000000e+00 9.306640625000000000e-01
1.788183593750000133e-01 5.490722656250000000e-01 6.672460937499999911e-01 3.943359375000000250e-02 9.472460937500000178e-01 -1.273565429687500083e+00 2.944335937500000000e+00 -2.436523437500000000e+00 -4.799804687500000000e+00 1.508789062500000000e+00 8.056640625000000000e-01
3.688183593749999600e-01 7.990722656250000000e-01 8.472460937500000400e-01 5.943359374999999944e-02 1.047246093750000107e+00 -4.405654296875001208e-01 -2.055664062500000000e+00 2.563476562500000000e+00 2.001953125000000000e-01 -3.491210937500000000e+00 1.805664062500000000e+00
4.638183593749999889e-01 6.740722656250000000e-01 7.572460937500000711e-01 4.943359375000000444e-02 9.972460937500000622e-01 -1.690065429687499954e+00 -4.555664062500000000e+00 -4.936523437500000000e+00 -2.299804687500000000e+00 -9.912109375000000000e-01 3.056640625000000000e-01
2.738183593749999867e-01 9.240722656250000000e-01 5.772460937500000222e-01 6.943359375000000833e-02 8.972460937499999734e-01 -8.570654296874999911e-01 4.443359375000000000e-01 6.347656250000000000e-02 2.700195312500000000e+00 4.008789062500000000e+00 1.305664062500000000e+00
2.263183593750000000e-01 7.365722656250000000e-01 8.922460937500000799e-01 3.443359374999999806e-02 9.722460937500000400e-01 -1.065315429687500037e+00 4.194335937500000000e+00 3.813476562500000000e+00 -3.549804687500000000e+00 -2.241210937500000000e+00 5.566406250000000000e-02
4.163183593750000022e-01 9.865722656250000000e-01 7.122460937500000311e-01 5.443359375000000194e-02 8.722460937499999512e-01 -1.898315429687500000e+00 -8.056640625000000000e-01 -1.186523437500000000e+00 1.450195312500000000e+00 2.758789062500000000e+00 1.055664062500000000e+00
3.213183593749999734e-01 6.115722656250000000e-01 6.222460937500000622e-01 4.443359375000000000e-02 9.222460937499999956e-01 -6.488154296875001670e-01 -3.305664062500000000e+00 1.313476562500000000e+00 -1.049804687500000000e+00 2.587890625000000000e-01 5.556640625000000000e-01
1.313183593749999989e-01 8.615722656250000000e-01 8.022460937500000000e-01 6.443359375000000389e-02 1.022246093749999973e+00 -1.481815429687499908e+00 1.694335937500000000e+00 -3.686523437500000000e+00 3.950195312500000000e+00 -4.741210937500000000e+00 1.555664062500000000e+00
1.283496093750000067e-01 5.373535156250000000e-01 6.250585937500000577e-01 5.974609375000000666e-02 9.144335937499999956e-01 -1.182456054687500036e+00 -5.712890625000000000e-01 -3.271484375000000000e-01 -1.596679687500000000e+00 4.931640625000000000e-01 2.900390625000000000e-01
3.183496093750000089e-01 7.873535156250000000e-01 8.050585937500001066e-01 3.974609375000000278e-02 1.014433593749999973e+00 -3.494560546875000728e-01 4.428710937500000000e+00 4.672851562500000000e+00 3.403320312500000000e+00 -4.506835937500000000e+00 1.290039062500000000e+00
4.133496093749999822e-01 6.623535156250000000e-01 8.950585937499999645e-01 6.974609375000001554e-02 1.064433593750000018e+00 -1.598956054687500128e+00 1.928710937500000000e+00 -2.827148437500000000e+00 -4.096679687500000000e+00 -2.006835937500000000e+00 7.900390625000000000e-01
2.233496093749999800e-01 9.123535156250000000e-01 7.150585937500000266e-01 4.974609374999999778e-02 9.644335937500000400e-01 -7.659560546875001652e-01 -3.071289062500000000e+00 2.172851562500000000e+00 9.033203125000000000e-01 2.993164062500000000e+00 1.790039062500000000e+00
2.708496093750000222e-01 7.248535156250000000e-01 7.600585937500000666e-01 5.474609375000000222e-02 1.039433593750000107e+00 -9.742060546874999893e-01 -1.821289062500000000e+00 3.422851562500000000e+00 -3.466796875000000000e-01 -7.568359375000000000e-01 5.400390625000000000e-01
4.608496093750000244e-01 9.748535156250000000e-01 5.800585937500000178e-01 3.474609374999999833e-02 9.394335937500000178e-01 -1.807206054687499952e+00 3.178710937500000000e+00 -1.577148437500000000e+00 4.653320312500000000e+00 4.243164062500000000e+00 1.540039062500000000e+00
3.658496093749999956e-01 5.998535156250000000e-01 6.700585937500000977e-01 6.474609375000001110e-02 8.894335937499999734e-01 -5.577060546875001190e-01 6.787109375000000000e-01 9.228515625000000000e-01 -2.846679687500000000e+00 1.743164062500000000e+00 4.003906250000000000e-02
1.758496093749999933e-01 8.498535156250000000e-01 8.500585937500000355e-01 4.474609375000000028e-02 9.894335937500000622e-01 -1.390706054687500082e+00 -4.321289062500000000e+00 -4.077148437500000000e+00 2.153320312500000000e+00 -3.256835937500000000e+00 1.040039062500000000e+00
1.995996093749999867e-01 6.311035156250000000e-01 6.925585937500000622e-01 3.224609374999999611e-02 1.001933593750000018e+00 -1.494831054687499883e+00 -1.196289062500000000e+00 2.978515625000000000e-01 -9.716796875000000000e-01 1.118164062500000000e+00 1.165039062500000000e+00
3.895996093749999889e-01 8.811035156250000000e-01 8.725585937500000000e-01 5.224609375000000000e-02 9.019335937500000400e-01 -6.618310546875001421e-01 3.803710937500000000e+00 -4.702148437500000000e+00 4.028320312500000000e+00 -3.881835937500000000e+00 1.650390625000000000e-01
4.845996093750000178e-01 5.061035156250000000e-01 7.825585937500000311e-01 4.224609375000000500e-02 9.519335937499999734e-01 -1.911331054687499975e+00 1.303710937500000000e+00 2.797851562500000000e+00 -3.471679687500000000e+00 -1.381835937500000000e+00 1.665039062500000000e+00
2.945996093749999600e-01 7.561035156250000000e-01 6.025585937500000933e-01 6.224609375000000194e-02 1.051933593750000062e+00 -1.078331054687500012e+00 -3.696289062500000000e+00 -2.202148437500000000e+00 1.528320312500000000e+00 3.618164062500000000e+00 6.650390625000000000e-01
2.470996093750000011e-01 5.686035156250000000e-01 8.275585937500000711e-01 3.724609375000000056e-02 9.269335937500000622e-01 -8.700810546874999662e-01 -2.446289062500000000e+00 -3.452148437500000000e+00 -2.221679687500000000e+00 -1.318359375000000000e-01 1.915039062500000000e+00
4.370996093749999756e-01 8.186035156250000000e-01 6.475585937500000222e-01 5.724609375000000444e-02 1.026933593749999929e+00 -1.703081054687499929e+00 2.553710937500000000e+00 1.547851562500000000e+00 2.778320312500000000e+00 4.868164062500000000e+00 9.150390625000000000e-01
3.420996093750000022e-01 6.936035156250000000e-01 5.575585937500000533e-01 4.724609375000000250e-02 9.769335937499999956e-01 -4.535810546875000959e-01 5.371093750000000000e-02 -9.521484375000000000e-01 -4.721679687500000000e+00 2.368164062500000000e+00 1.415039062500000000e+00
1.520996093750000000e-01 9.436035156250000000e-01 7.375585937499999911e-01 6.724609375000001332e-02 8.769335937500000178e-01 -1.286581054687500059e+00 -4.946289062500000000e+00 4.047851562500000000e+00 2.783203125000000000e-01 -2.631835937500000000e+00 4.150390625000000000e-01
1.639746093749999967e-01 7.092285156250000000e-01 8.838085937499999822e-01 6.349609375000000999e-02 9.581835937500000622e-01 -1.755143554687500052e+00 4.741210937500000000e+00 1.860351562500000000e+00 1.215820312500000000e+00 3.930664062500000000e+00 6.025390625000000000e-01
3.539746093750000266e-01 9.592285156250000000e-01 7.038085937500000444e-01 4.349609374999999917e-02 1.058183593750000151e+00 -9.221435546875000888e-01 -2.587890625000000000e-01 -3.139648437500000000e+00 -3.784179687500000000e+00 -1.069335937500000000e+00 1.602539062500000000e+00
4.489746093750000000e-01 5.842285156250000000e-01 6.138085937500000755e-01 5.349609375000000111e-02 1.008183593750000107e+00 -1.338643554687500181e+00 -2.758789062500000000e+00 4.360351562500000000e+00 3.715820312500000000e+00 -3.569335937500000000e+00 1.025390625000000000e-01
2.589746093749999978e-01 8.342285156250000000e-01 7.938085937500000133e-01 3.349609374999999722e-02 9.081835937500000178e-01 -5.056435546874999964e-01 2.241210937500000000e+00 -6.396484375000000000e-01 -1.284179687500000000e+00 1.430664062500000000e+00 1.102539062500000000e+00
3.064746093749999845e-01 5.217285156250000000e-01 6.588085937500000044e-01 6.849609375000001443e-02 9.831835937499999734e-01 -7.138935546875000426e-01 3.491210937500000000e+00 -4.389648437500000000e+00 2.465820312500000000e+00 -4.819335937500000000e+00 3.525390625000000000e-01
4.964746093749999867e-01 7.717285156250000000e-01 8.388085937500000533e-01 4.849609375000000361e-02 8.831835937499999956e-01 -1.546893554687500005e+00 -1.508789062500000000e+00 6.103515625000000000e-01 -2.534179687500000000e+00 1.806640625000000000e-01 1.352539062500000000e+00
4.014746093750000133e-01 6.467285156250000000e-01 7.488085937499999734e-01 5.849609375000000555e-02 9.331835937500000400e-01 -1.130393554687500135e+00 -4.008789062500000000e+00 -1.889648437500000000e+00 4.965820312500000000e+00 2.680664062500000000e+00 8.525390625000000000e-01
2.114746093750000111e-01 8.967285156250000000e-01 5.688085937500000355e-01 3.849609375000000167e-02 1.033183593750000018e+00 -1.963393554687500098e+00 9.912109375000000000e-01 3.110351562500000000e+00 -3.417968750000000000e-02 -2.319335937500000000e+00 1.852539062500000000e+00
1.877246093749999900e-01 6.154785156250000000e-01 8.163085937500000888e-01 4.599609375000000139e-02 1.045683593749999973e+00 -1.859268554687500075e+00 4.116210937500000000e+00 -1.264648437500000000e+00 1.840820312500000000e+00 4.555664062500000000e+00 1.977539062500000000e+00
3.777246093750000200e-01 8.654785156250000000e-01 6.363085937500000400e-01 6.599609375000001221e-02 9.456835937499999956e-01 -1.026268554687499890e+00 -8.837890625000000000e-01 3.735351562500000000e+00 -3.159179687500000000e+00 -4.443359375000000000e-01 9.775390625000000000e-01
4.727246093749999933e-01 7.404785156250000000e-01 7.263085937500000089e-01 3.599609374999999944e-02 8.956835937499999512e-01 -1.442768554687499982e+00 -3.383789062500000000e+00 -3.764648437500000000e+00 4.340820312500000000e+00 -2.944335937500000000e+00 1.477539062500000000e+00
2.827246093749999911e-01 9.904785156250000000e-01 9.063085937500000577e-01 5.599609375000000333e-02 9.956835937500000400e-01 -6.097685546875000195e-01 1.616210937500000000e+00 1.235351562500000000e+00 -6.591796875000000000e-01 2.055664062500000000e+00 4.775390625000000000e-01
2.352246093750000044e-01 6.779785156250000000e-01 5.913085937500000000e-01 4.099609375000000389e-02 8.706835937500000400e-01 -4.015185546874999734e-01 2.866210937500000000e+00 4.985351562500000000e+00 5.908203125000000000e-01 -4.194335937500000000e+00 1.227539062500000000e+00
4.252246093750000067e-01 9.279785156250000000e-01 7.713085937500000488e-01 6.099609375000000777e-02 9.706835937500000178e-01 -1.234518554687499936e+00 -2.133789062500000000e+00 -1.464843750000000000e-02 -4.409179687500000000e+00 8.056640625000000000e-01 2.275390625000000000e-01
3.302246093749999778e-01 5.529785156250000000e-01 8.613085937500000178e-01 3.099609374999999847e-02 1.020683593750000062e+00 -8.180185546875000657e-01 -4.633789062500000000e+00 2.485351562500000000e+00 3.090820312500000000e+00 3.305664062500000000e+00 1.727539062500000000e+00
1.402246093750000033e-01 8.029785156250000000e-01 6.813085937500000799e-01 5.099609374999999889e-02 9.206835937499999734e-01 -1.651018554687500028e+00 3.662109375000000000e-01 -2.514648437500000000e+00 -1.909179687500000000e+00 -1.694335937500000000e+00 7.275390625000000000e-01
1.342871093749999911e-01 6.701660156250000000e-01 7.881835937500000222e-01 3.662109375000000000e-02 9.800585937500000400e-01 -5.837373046875000693e-01 -2.915039062500000000e+00 3.579101562500000000e+00 2.622070312500000000e+00 2.441406250000000000e-02 1.337890625000000000e-01
3.242871093749999933e-01 9.201660156250000000e-01 6.081835937500000844e-01 5.662109375000000389e-02 8.800585937499999512e-01 -1.416737304687500032e+00 2.084960937500000000e+00 -1.420898437500000000e+00 -2.377929687500000000e+00 -4.975585937500000000e+00 1.133789062500000000e+00
4.192871093750000222e-01 5.451660156250000000e-01 6.981835937500000533e-01 4.662109375000000194e-02 9.300585937499999956e-01 -1.000237304687499940e+00 4.584960937500000000e+00 1.079101562500000000e+00 1.220703125000000000e-01 -2.475585937500000000e+00 6.337890625000000000e-01
2.292871093749999922e-01 7.951660156250000000e-01 8.781835937499999911e-01 6.662109374999999889e-02 1.030058593749999973e+00 -1.833237304687500124e+00 -4.150390625000000000e-01 -3.920898437500000000e+00 -4.877929687500000000e+00 2.524414062500000000e+00 1.633789062500000000e+00
2.767871093750000067e-01 6.076660156250000000e-01 5.631835937500000444e-01 3.162109375000000250e-02 9.550585937500000178e-01 -1.624987304687500078e+00 -4.165039062500000000e+00 -1.708984375000000000e-01 3.872070312500000000e+00 -1.225585937500000000e+00 8.837890625000000000e-01
4.667871093750000089e-01 8.576660156250000000e-01 7.431835937499999822e-01 5.162109374999999944e-02 1.055058593750000107e+00 -7.919873046875001155e-01 8.349609375000000000e-01 4.829101562500000000e+00 -1.127929687500000000e+00 3.774414062500000000e+00 1.883789062500000000e+00
3.717871093749999800e-01 7.326660156250000000e-01 8.331835937500000622e-01 4.162109375000000444e-02 1.005058593750000062e+00 -1.208487304687499986e+00 3.334960937500000000e+00 -2.670898437500000000e+00 1.372070312500000000e+00 1.274414062500000000e+00 3.837890625000000000e-01
1.817871093750000056e-01 9.826660156250000000e-01 6.531835937500000133e-01 6.162109375000000833e-02 9.050585937499999734e-01 -3.754873046875000231e-01 -1.665039062500000000e+00 2.329101562500000000e+00 -3.627929687500000000e+00 -3.725585937500000000e+00 1.383789062500000000e+00
2.055371093749999989e-01 5.139160156250000000e-01 9.006835937499999556e-01 5.412109375000000167e-02 8.925585937500000178e-01 -4.796123046875000462e-01 -3.540039062500000000e+00 -3.295898437500000000e+00 4.497070312500000000e+00 6.494140625000000000e-01 1.258789062500000000e+00
3.955371093749999734e-01 7.639160156250000000e-01 7.206835937500000178e-01 3.412109374999999778e-02 9.925585937499999956e-01 -1.312612304687500009e+00 1.459960937500000000e+00 1.704101562500000000e+00 -5.029296875000000000e-01 -4.350585937500000000e+00 2.587890625000000000e-01
4.905371093750000022e-01 6.389160156250000000e-01 6.306835937500000488e-01 6.412109374999999667e-02 1.042558593749999929e+00 -8.961123046875001386e-01 3.959960937500000000e+00 -7.958984375000000000e-01 1.997070312500000000e+00 -1.850585937500000000e+00 1.758789062500000000e+00
3.005371093750000000e-01 8.889160156250000000e-01 8.106835937500000977e-01 4.412109374999999972e-02 9.425585937500000622e-01 -1.729112304687499879e+00 -1.040039062500000000e+00 4.204101562500000000e+00 -3.002929687500000000e+00 3.149414062500000000e+00 7.587890625000000000e-01
2.530371093750000133e-01 7.014160156250000000e-01 6.756835937500000888e-01 5.912109375000000611e-02 1.067558593750000062e+00 -1.937362304687499925e+00 -4.790039062500000000e+00 4.541015625000000000e-01 3.247070312500000000e+00 -6.005859375000000000e-01 1.508789062500000000e+00
4.430371093750000155e-01 9.514160156250000000e-01 8.556835937500000266e-01 3.912109375000000222e-02 9.675585937499999734e-01 -1.104362304687500185e+00 2.099609375000000000e-01 -4.545898437500000000e+00 -1.752929687500000000e+00 4.399414062500000000e+00 5.087890625000000000e-01
3.480371093749999867e-01 5.764160156250000000e-01 7.656835937500000577e-01 6.912109375000000111e-02 9.175585937500000400e-01 -1.520862304687500055e+00 2.709960937500000000e+00 2.954101562500000000e+00 7.470703125000000000e-01 1.899414062500000000e+00 1.008789062500000000e+00
1.580371093749999845e-01 8.264160156250000000e-01 5.856835937500000089e-01 4.912109375000000416e-02 1.017558593750000018e+00 -6.878623046875000924e-01 -2.290039062500000000e+00 -2.045898437500000000e+00 -4.252929687500000000e+00 -3.100585937500000000e+00 8.789062500000000000e-03
1.461621093749999878e-01 5.920410156250000000e-01 7.094335937500000355e-01 4.037109375000000333e-02 1.023808593750000107e+00 -1.156424804687500085e+00 2.397460937500000000e+00 -4.858398437500000000e+00 -4.565429687500000000e+00 4.086914062500000000e+00 9.462890625000000000e-01
3.361621093750000178e-01 8.420410156250000000e-01 8.894335937499999734e-01 6.037109375000000722e-02 9.238085937500000178e-01 -1.989424804687500048e+00 -2.602539062500000000e+00 1.416015625000000000e-01 4.345703125000000000e-01 -9.130859375000000000e-01 1.946289062500000000e+00
4.311621093749999911e-01 7.170410156250000000e-01 7.994335937500000044e-01 3.037109374999999792e-02 8.738085937499999734e-01 -7.399248046874999929e-01 -1.025390625000000000e-01 -2.358398437500000000e+00 -2.065429687500000000e+00 -3.413085937500000000e+00 4.462890625000000000e-01
2.411621093749999889e-01 9.670410156250000000e-01 6.194335937500000666e-01 5.037109374999999833e-02 9.738085937500000622e-01 -1.572924804687499956e+00 4.897460937500000000e+00 2.641601562500000000e+00 2.934570312500000000e+00 1.586914062500000000e+00 1.446289062500000000e+00
2.886621093750000311e-01 6.545410156250000000e-01 8.444335937500000444e-01 4.537109375000000083e-02 8.988085937499999956e-01 -1.364674804687500131e+00 1.147460937500000000e+00 1.391601562500000000e+00 -3.315429687500000000e+00 -4.663085937500000000e+00 1.962890625000000000e-01
4.786621093749999778e-01 9.045410156250000000e-01 6.644335937499999956e-01 6.537109374999999778e-02 9.988085937499999734e-01 -5.316748046875001688e-01 -3.852539062500000000e+00 -3.608398437500000000e+00 1.684570312500000000e+00 3.369140625000000000e-01 1.196289062500000000e+00
3.836621093750000044e-01 5.295410156250000000e-01 5.744335937500000266e-01 3.537109374999999889e-02 1.048808593750000018e+00 -1.781174804687500002e+00 -1.352539062500000000e+00 3.891601562500000000e+00 -8.154296875000000000e-01 2.836914062500000000e+00 6.962890625000000000e-01
1.936621093750000022e-01 7.795410156250000000e-01 7.544335937500000755e-01 5.537109375000000278e-02 9.488085937500000400e-01 -9.481748046875000391e-01 3.647460937500000000e+00 -1.108398437500000000e+00 4.184570312500000000e+00 -2.163085937500000000e+00 1.696289062500000000e+00
1.699121093750000089e-01 7.482910156250000000e-01 5.969335937499999911e-01 6.787109375000000000e-02 9.363085937499999734e-01 -8.440498046875000160e-01 1.772460937500000000e+00 4.516601562500000000e+00 -2.690429687500000000e+00 4.711914062500000000e+00 1.571289062500000000e+00
3.599121093750000111e-01 9.982910156250000000e-01 7.769335937500000400e-01 4.787109375000000305e-02 1.036308593750000062e+00 -1.677049804687499979e+00 -3.227539062500000000e+00 -4.833984375000000000e-01 2.309570312500000000e+00 -2.880859375000000000e-01 5.712890625000000000e-01
4.549121093749999845e-01 6.232910156250000000e-01 8.669335937500000089e-01 5.787109375000000500e-02 9.863085937500000178e-01 -4.275498046875001457e-01 -7.275390625000000000e-01 2.016601562500000000e+00 -1.904296875000000000e-01 -2.788085937500000000e+00 1.071289062500000000e+00
2.649121093749999822e-01 8.732910156250000000e-01 6.869335937500000711e-01 3.787109375000000111e-02 8.863085937500000400e-01 -1.260549804687499886e+00 4.272460937500000000e+00 -2.983398437500000000e+00 4.809570312500000000e+00 2.211914062500000000e+00 7.128906250000000000e-02
2.174121093749999956e-01 5.607910156250000000e-01 7.319335937500000000e-01 6.287109374999999556e-02 1.011308593749999929e+00 -1.468799804687499932e+00 5.224609375000000000e-01 -1.733398437500000000e+00 -3.940429687500000000e+00 -4.038085937500000000e+00 1.321289062500000000e+00
4.074121093749999978e-01 8.107910156250000000e-01 5.519335937500000622e-01 4.287109375000000555e-02 9.113085937500000622e-01 -6.357998046874999698e-01 -4.477539062500000000e+00 3.266601562500000000e+00 1.059570312500000000e+00 9.619140625000000000e-01 3.212890625000000000e-01
3.124121093749999689e-01 6.857910156250000000e-01 6.419335937500000311e-01 5.287109375000000056e-02 9.613085937499999956e-01 -1.885299804687500025e+00 -1.977539062500000000e+00 -4.233398437500000000e+00 -1.440429687500000000e+00 3.461914062500000000e+00 1.821289062500000000e+00
1.224121093749999944e-01 9.357910156250000000e-01 8.219335937500000799e-01 3.287109374999999667e-02 1.061308593749999973e+00 -1.052299804687500062e+00 3.022460937500000000e+00 7.666015625000000000e-01 3.559570312500000000e+00 -1.538085937500000000e+00 8.212890625000000000e-01
1.216699218749999895e-01 6.867675781250000000e-01 6.088867187500000000e-01 6.154296875000000305e-02 1.004667968749999973e+00 -1.680303710937500083e+00 9.326171875000000000e-01 3.872070312500000000e+00 1.821289062500000000e+00 -8.154296875000000000e-01 1.286132812500000000e+00
3.116699218749999778e-01 9.367675781250000000e-01 7.888867187500000488e-01 4.154296874999999917e-02 9.046679687499999956e-01 -8.473037109375001208e-01 -4.067382812500000000e+00 -1.127929687500000000e+00 -3.178710937500000000e+00 4.184570312500000000e+00 2.861328125000000000e-01
4.066699218750000067e-01 5.617675781250000000e-01 8.788867187500000178e-01 5.154296875000000111e-02 9.546679687500000400e-01 -1.263803710937499991e+00 -1.567382812500000000e+00 1.372070312500000000e+00 4.321289062500000000e+00 1.684570312500000000e+00 1.786132812500000000e+00
2.166699218750000044e-01 8.117675781250000000e-01 6.988867187500000799e-01 3.154296874999999722e-02 1.054667968750000018e+00 -4.308037109375000284e-01 3.432617187500000000e+00 -3.627929687500000000e+00 -6.787109375000000000e-01 -3.315429687500000000e+00 7.861328125000000000e-01
2.641699218749999911e-01 6.242675781250000000e-01 7.438867187500000089e-01 6.654296875000001443e-02 9.296679687500000178e-01 -6.390537109375000746e-01 2.182617187500000000e+00 -2.377929687500000000e+00 5.712890625000000000e-01 4.345703125000000000e-01 1.536132812500000000e+00
4.541699218749999933e-01 8.742675781250000000e-01 5.638867187500000711e-01 4.654296875000000361e-02 1.029667968750000107e+00 -1.472053710937500037e+00 -2.817382812500000000e+00 2.622070312500000000e+00 -4.428710937500000000e+00 -4.565429687500000000e+00 5.361328125000000000e-01
3.591699218749999645e-01 7.492675781250000000e-01 6.538867187500000400e-01 5.654296875000000555e-02 9.796679687500000622e-01 -1.055553710937500167e+00 -3.173828125000000000e-01 -4.877929687500000000e+00 3.071289062500000000e+00 -2.065429687500000000e+00 1.036132812500000000e+00
1.691699218749999900e-01 9.992675781250000000e-01 8.338867187500000888e-01 3.654296875000000167e-02 8.796679687499999734e-01 -1.888553710937499908e+00 4.682617187500000000e+00 1.220703125000000000e-01 -1.928710937500000000e+00 2.934570312500000000e+00 3.613281250000000000e-02
1.929199218750000111e-01 5.305175781250000000e-01 7.213867187500000444e-01 4.904296874999999889e-02 9.171679687500000622e-01 -1.992678710937499931e+00 3.076171875000000000e-01 -4.252929687500000000e+00 1.196289062500000000e+00 -1.904296875000000000e-01 1.611328125000000000e-01
